match_id,rating_medio_lineup_a,rating_medio_lineup_b,roster_estabilidade_a,roster_estabilidade_b,rating_medio_lineup_a_tinha_dados,rating_medio_lineup_b_tinha_dados,roster_estabilidade_a_tinha_dados,roster_estabilidade_b_tinha_dados
630,1.0,1.0,0.5,0.5,0,0,0,0
1006,1.242,1.0,1.0,0.5,1,0,1,0
919,1.0,1.0,0.5,0.5,0,0,0,0
1008,1.0939999999999999,1.0,1.0,0.5,1,0,1,0
2930,1.168,1.0,1.0,0.5,1,0,1,0
1010,1.0973333333333333,1.056,1.0,1.0,1,1,1,1
2823,1.144,1.21,1.0,1.0,1,1,1,1
798,1.1335000000000002,0.9560000000000001,1.0,1.0,1,1,1,1
1009,1.1480000000000001,0.873,1.0,1.0,1,1,1,1
1007,1.1496666666666666,1.433,1.0,1.0,1,1,1,1
127,1.1705714285714286,1.0,1.0,0.5,1,0,1,0
219,0.916,1.0,1.0,0.5,1,0,1,0
1934,1.0,1.018,0.5,1.0,0,1,0,1
1184,1.0,1.0,0.5,0.5,0,0,0,0
2801,1.0,1.0,0.5,0.5,0,0,0,0
2154,1.0,1.0,0.5,0.5,0,0,0,0
2265,1.0,1.0,0.5,0.5,0,0,0,0
2581,1.0,1.0,0.5,0.5,0,0,0,0
760,1.0,1.0,0.5,0.5,0,0,0,0
1657,1.0,1.224,0.5,1.0,0,1,0,1
1190,1.1059999999999999,1.166,1.0,1.0,1,1,1,1
2785,1.092,0.954,1.0,1.0,1,1,1,1
2304,1.222,1.126,1.0,1.0,1,1,1,1
785,0.9620000000000001,0.99,1.0,1.0,1,1,1,1
2117,1.274,1.098,1.0,1.0,1,1,1,1
2444,0.8959999999999999,0.984,1.0,1.0,1,1,1,1
3024,1.001,1.028,1.0,1.0,1,1,1,1
1875,1.096,0.99,1.0,1.0,1,1,1,1
759,1.03,1.074,1.0,1.0,1,1,1,1
2296,1.107,1.126,1.0,1.0,1,1,1,1
2802,1.1620000000000001,1.0726666666666667,1.0,1.0,1,1,1,1
1118,1.2129999999999999,1.324,1.0,1.0,1,1,1,1
761,1.2286666666666666,1.1033333333333333,1.0,1.0,1,1,1,1
2126,1.139,1.192,1.0,1.0,1,1,1,1
2996,1.0,1.0,0.5,0.5,0,0,0,0
1134,1.215,1.1179999999999999,1.0,1.0,1,1,1,1
2138,1.1233333333333335,1.2075,1.0,1.0,1,1,1,1
1005,1.16725,1.252,1.0,1.0,1,1,1,1
2305,1.1972,1.196,1.0,1.0,1,1,1,1
1725,1.3108,1.241,1.0,1.0,1,1,1,1
2315,1.2933333333333334,1.235,1.0,1.0,1,1,1,1
940,1.008,1.0,1.0,0.5,1,0,1,0
20,1.0,1.205,0.5,1.0,0,1,0,1
2932,0.8644999999999999,1.052,1.0,1.0,1,1,1,1
884,1.0,0.9349999999999999,0.5,1.0,0,1,0,1
2820,0.9259999999999999,1.2484,1.0,1.0,1,1,1,1
416,1.0,1.0,0.5,0.5,0,0,0,0
2378,1.194,1.0,1.0,0.5,1,0,1,0
25,0.9279999999999999,0.708,1.0,1.0,1,1,1,1
19,1.0,0.836,0.5,1.0,0,1,0,1
1603,1.0,1.044,0.5,1.0,0,1,0,1
2921,1.0048,1.0273333333333334,1.0,1.0,1,1,1,1
2266,0.967,1.1646666666666667,1.0,0.8,1,1,1,1
2400,0.9626666666666667,1.0559999999999998,1.0,1.0,1,1,1,1
2876,1.232,1.066,1.0,1.0,1,1,1,1
1607,1.482,1.157,1.0,1.0,1,1,1,1
2855,0.9810000000000001,1.1602857142857144,1.0,1.0,1,1,1,1
346,0.9460000000000001,1.036,1.0,1.0,1,1,1,1
218,1.1546666666666667,1.366,1.0,1.0,1,1,1,1
1604,1.242,0.9743999999999999,1.0,1.0,1,1,1,1
2348,1.1118333333333332,1.1533333333333333,1.0,1.0,1,1,1,1
23,1.0690000000000002,0.916,1.0,1.0,1,1,1,1
745,1.1766666666666667,1.083,1.0,1.0,1,1,1,1
2745,0.9640000000000001,0.9976666666666667,1.0,1.0,1,1,1,1
774,1.094,1.2645714285714287,1.0,1.0,1,1,1,1
2264,0.9963333333333333,1.0835000000000001,1.0,1.0,1,1,1,1
2321,1.2145714285714286,1.11925,1.0,1.0,1,1,1,1
885,1.042,1.0210000000000001,1.0,1.0,1,1,1,1
2933,0.9482857142857144,1.1453333333333333,1.0,1.0,1,1,1,1
28,1.006,0.799,1.0,1.0,1,1,1,1
112,1.0633333333333332,0.9940000000000001,1.0,1.0,1,1,1,1
892,1.208,1.0476,1.0,1.0,1,1,1,1
784,1.0845714285714287,0.9872500000000001,1.0,1.0,1,1,1,1
2910,1.165,1.208,1.0,1.0,1,1,1,1
1744,1.129111111111111,1.1400000000000001,1.0,0.8,1,1,1,1
2859,1.1868571428571428,1.0253333333333334,1.0,1.0,1,1,1,1
2967,1.0310000000000001,1.0926666666666667,1.0,1.0,1,1,1,1
1681,1.18375,0.985,1.0,1.0,1,1,1,1
918,1.0676666666666668,1.0244444444444443,1.0,1.0,1,1,1,1
2911,1.113,1.15825,1.0,1.0,1,1,1,1
723,1.15175,1.0774285714285714,1.0,1.0,1,1,1,1
2401,1.0604,1.0888,1.0,1.0,1,1,1,1
7,0.8260000000000001,1.2715,0.8,1.0,1,1,1,1
182,1.1478,1.0030000000000001,1.0,1.0,1,1,1,1
764,1.1113333333333333,1.1582222222222223,1.0,1.0,1,1,1,1
778,1.1547272727272726,1.1221999999999999,1.0,1.0,1,1,1,1
2386,1.0745,1.1542857142857144,1.0,1.0,1,1,1,1
2441,1.1104,1.1653333333333333,1.0,1.0,1,1,1,1
1727,1.1426,1.266,1.0,1.0,1,1,1,1
2097,1.0,0.9029999999999999,0.5,1.0,0,1,0,1
2387,1.0776,1.1475,1.0,1.0,1,1,1,1
2434,1.273111111111111,1.116,1.0,1.0,1,1,1,1
765,1.1404444444444444,1.1283636363636362,1.0,1.0,1,1,1,1
2372,1.2614,1.1418,1.0,1.0,1,1,1,1
729,1.1199999999999999,1.1312,1.0,1.0,1,1,1,1
2065,0.9824999999999999,0.9099999999999999,0.8,1.0,1,1,1,1
2728,0.975,0.966,1.0,1.0,1,1,1,1
2133,1.0028000000000001,1.1193333333333333,1.0,1.0,1,1,1,1
2095,0.9195,0.931,1.0,1.0,1,1,1,1
796,1.0478125,1.2625,0.8,0.8,1,1,1,1
10,0.8983333333333333,1.1332727272727272,0.8,1.0,1,1,1,1
2851,1.1404999999999998,1.0198,1.0,1.0,1,1,1,1
1627,1.1425,1.2563636363636363,1.0,1.0,1,1,1,1
1728,1.2365,1.0933333333333333,1.0,1.0,1,1,1,1
1779,0.9475999999999999,1.068285714285714,1.0,1.0,1,1,1,1
1596,1.1324,0.9436666666666668,1.0,1.0,1,1,1,1
347,1.0655555555555556,0.958,0.8,1.0,1,1,1,1
1719,1.228,1.1024,1.0,1.0,1,1,1,1
2139,1.2355384615384615,1.0291428571428571,1.0,1.0,1,1,1,1
1729,1.1365555555555555,1.2304285714285714,1.0,1.0,1,1,1,1
2922,1.1396000000000002,1.0123636363636364,1.0,1.0,1,1,1,1
189,0.951111111111111,1.0016666666666667,0.8,0.8,1,1,1,1
920,1.0133333333333334,1.0619999999999998,0.8,1.0,1,1,1,1
414,1.1221818181818182,0.944,1.0,1.0,1,1,1,1
2929,0.9962,1.106,1.0,1.0,1,1,1,1
21,0.9075,1.1512307692307693,0.8,1.0,1,1,1,1
928,1.175,1.091,1.0,1.0,1,1,1,1
900,1.1363636363636362,1.0353333333333334,1.0,1.0,1,1,1,1
943,1.181,1.139,1.0,1.0,1,1,1,1
1169,0.9405454545454546,1.074,1.0,1.0,1,1,1,1
898,1.1066666666666667,0.9913333333333334,1.0,1.0,1,1,1,1
2836,1.1472857142857142,1.068,1.0,1.0,1,1,1,1
418,0.9490000000000001,1.064,1.0,1.0,1,1,1,1
2931,1.0038846153846155,1.0115512820512822,1.0,0.8,1,1,1,1
901,1.04925,1.0892967032967031,1.0,1.0,1,1,1,1
1181,1.0943333333333334,1.0230000000000001,1.0,1.0,1,1,1,1
2943,1.0,1.0235714285714286,0.5,1.0,0,1,0,1
2949,1.0637777777777777,1.046,1.0,1.0,1,1,1,1
27,0.92875,0.958,1.0,1.0,1,1,1,1
942,1.1996666666666669,1.0802,1.0,1.0,1,1,1,1
423,1.0048,1.0310000000000001,1.0,1.0,1,1,1,1
2916,1.1305,0.9882857142857142,1.0,1.0,1,1,1,1
29,0.9667777777777777,1.0350095238095238,1.0,1.0,1,1,1,1
349,1.2453,1.0693333333333332,1.0,1.0,1,1,1,1
912,1.0838214285714285,0.9984999999999999,1.0,1.0,1,1,1,1
22,0.975,1.1552,1.0,1.0,1,1,1,1
1626,1.016888888888889,1.2216,0.8,1.0,1,1,1,1
1834,1.0899999999999999,1.0074999999999998,1.0,0.8,1,1,1,1
2890,1.0916666666666668,0.9207142857142857,0.6,0.8,1,1,1,1
2312,1.1700000000000002,1.1195555555555556,1.0,1.0,1,1,1,1
1587,0.9989428571428572,1.032,1.0,1.0,1,1,1,1
2433,1.2185000000000001,1.085,1.0,1.0,1,1,1,1
2708,0.9988571428571429,1.1273333333333333,1.0,1.0,1,1,1,1
2342,0.9954166666666666,1.124,1.0,1.0,1,1,1,1
753,1.1158461538461537,0.9433333333333334,1.0,1.0,1,1,1,1
2172,1.1301666666666665,1.1343636363636365,0.5,1.0,1,1,0,1
2994,1.030888888888889,1.0074999999999998,1.0,1.0,1,1,1,1
2439,1.0765,1.0722222222222222,1.0,1.0,1,1,1,1
2407,1.1411666666666667,1.0470000000000002,1.0,1.0,1,1,1,1
1826,1.1003636363636364,1.1096,1.0,1.0,1,1,1,1
2253,0.994,1.110923076923077,1.0,1.0,1,1,1,1
372,1.058,0.916,1.0,1.0,1,1,1,1
2424,1.0123333333333333,1.1296923076923078,1.0,1.0,1,1,1,1
2446,1.0942222222222222,1.1032,1.0,1.0,1,1,1,1
2316,1.1066666666666667,1.2163529411764706,1.0,1.0,1,1,1,1
762,1.1291428571428572,1.1322857142857141,1.0,1.0,1,1,1,1
421,1.052,1.088,1.0,1.0,1,1,1,1
2786,1.0942,1.2212222222222224,1.0,1.0,1,1,1,1
345,1.1345333333333332,1.0853333333333333,1.0,1.0,1,1,1,1
2148,1.0,1.054375,0.5,0.6,0,1,0,1
2935,1.0037142857142858,1.276,1.0,1.0,1,1,1,1
1801,1.03125,1.1228,1.0,1.0,1,1,1,1
123,1.2239333333333333,0.9833333333333334,1.0,0.8,1,1,1,1
2334,1.0605454545454545,1.0952307692307692,1.0,1.0,1,1,1,1
2968,1.036110294117647,1.0768333333333333,1.0,1.0,1,1,1,1
1680,1.0792857142857142,1.1091363636363636,1.0,1.0,1,1,1,1
2160,1.0005,0.9259999999999999,1.0,1.0,1,1,1,1
1768,1.111,1.0446153846153847,1.0,1.0,1,1,1,1
2159,1.0632679738562092,1.0250666666666668,1.0,1.0,1,1,1,1
2934,1.0574285714285714,1.1600000000000001,1.0,1.0,1,1,1,1
118,1.0652000000000001,1.0129,1.0,1.0,1,1,1,1
2969,1.0639298245614035,1.0943999999999998,1.0,1.0,1,1,1,1
2451,0.99,1.0923636363636364,1.0,1.0,1,1,1,1
1178,1.0506666666666666,1.080857142857143,1.0,1.0,1,1,1,1
851,1.1031,1.07625,1.0,0.8,1,1,1,1
2928,0.982,1.004857142857143,1.0,0.8,1,1,1,1
941,1.1896666666666667,1.1233846153846154,1.0,1.0,1,1,1,1
2368,1.1169333333333333,1.2385714285714287,1.0,0.6,1,1,1,1
124,0.9359999999999999,1.142,1.0,1.0,1,1,1,1
2825,1.163875,1.10025,1.0,1.0,1,1,1,1
894,1.1407142857142856,1.132566844919786,1.0,1.0,1,1,1,1
1191,0.9558,1.03025,1.0,1.0,1,1,1,1
2251,1.100857142857143,1.0549947368421053,1.0,1.0,1,1,1,1
2380,1.1590588235294117,1.1251250000000002,1.0,1.0,1,1,1,1
2094,0.9373333333333334,0.8265,1.0,0.8,1,1,1,1
2445,1.1225,1.091846153846154,1.0,1.0,1,1,1,1
2721,1.0916470588235294,1.009,1.0,1.0,1,1,1,1
895,1.1160555555555556,1.1502666666666665,1.0,1.0,1,1,1,1
1139,1.0996923076923077,1.062,1.0,1.0,1,1,1,1
2826,1.1454444444444445,1.1019999999999999,1.0,1.0,1,1,1,1
2942,1.045885714285714,1.012,1.0,1.0,1,1,1,1
1137,1.0878,1.1228235294117648,1.0,1.0,1,1,1,1
2654,1.0,0.9262857142857144,0.5,1.0,0,1,0,1
2835,1.152842105263158,1.1051428571428572,1.0,1.0,1,1,1,1
2381,1.1705,1.129111111111111,1.0,1.0,1,1,1,1
2078,1.0256666666666667,1.44,1.0,1.0,1,1,1,1
2233,1.0755000000000001,1.110933333333333,1.0,1.0,1,1,1,1
191,0.9467619047619047,1.0185,1.0,0.8,1,1,1,1
26,1.056,0.9489090909090908,1.0,1.0,1,1,1,1
2123,1.0295497835497835,1.083,1.0,1.0,1,1,1,1
1925,1.0776666666666668,1.0863030303030303,1.0,1.0,1,1,1,1
2767,0.9822222222222223,1.1889554655870445,0.8,0.8,1,1,1,1
11,0.9775,1.0518181818181818,1.0,0.8,1,1,1,1
1701,0.946,1.085826923076923,1.0,0.8,1,1,1,1
893,1.1057165991902835,1.153,1.0,1.0,1,1,1,1
24,1.0284102564102564,1.148705882352941,1.0,1.0,1,1,1,1
1818,1.0447857142857144,1.0125,1.0,1.0,1,1,1,1
2447,1.0870666666666666,1.113,1.0,1.0,1,1,1,1
1761,0.9647,1.0244155844155844,1.0,1.0,1,1,1,1
2541,1.1885285714285714,1.0206666666666666,1.0,1.0,1,1,1,1
1692,1.0406,1.0707499999999999,1.0,1.0,1,1,1,1
1841,1.03,1.04935,1.0,1.0,1,1,1,1
3025,1.0372294372294373,0.9315909090909091,1.0,0.8,1,1,1,1
2308,1.0694666666666666,1.25,1.0,1.0,1,1,1,1
763,1.1345,1.1199999999999999,1.0,1.0,1,1,1,1
2679,1.044106719367589,1.1966666666666668,1.0,1.0,1,1,1,1
2345,1.067,0.9841666666666666,1.0,1.0,1,1,1,1
1726,1.0595352564102565,1.1863619047619047,1.0,1.0,1,1,1,1
1926,1.1259423076923076,1.0753333333333335,1.0,1.0,1,1,1,1
2309,1.1125,1.0965882352941176,1.0,1.0,1,1,1,1
2787,1.1286825396825395,1.181306818181818,1.0,1.0,1,1,1,1
2361,1.1265,1.1484,1.0,1.0,1,1,1,1
791,1.1170588235294117,1.054268115942029,1.0,1.0,1,1,1,1
2422,1.05603,1.1285714285714286,1.0,1.0,1,1,1,1
2871,0.9726666666666667,1.0535227272727272,1.0,0.4,1,1,1,1
1057,1.0,1.1514912280701752,0.5,0.5,0,1,0,0
1623,0.9708409090909091,1.0253333333333334,1.0,1.0,1,1,1,1
2998,1.0082142857142857,1.0817333333333334,0.8,1.0,1,1,1,1
1406,1.0346666666666666,1.1296190476190477,0.5,0.8,1,1,0,1
2875,1.0552857142857142,1.2557275132275132,1.0,1.0,1,1,1,1
1762,1.07759243697479,1.1653391941391942,1.0,1.0,1,1,1,1
1387,1.1264285714285713,1.1238333333333335,1.0,0.5,1,1,1,0
1018,1.0455333333333334,0.8964935064935066,1.0,0.5,1,1,1,0
1164,1.1564444444444444,1.0568636363636363,1.0,0.8,1,1,1,1
935,1.1409166666666668,1.0609714285714287,1.0,1.0,1,1,1,1
164,1.143181818181818,0.93725,1.0,1.0,1,1,1,1
2176,1.056941176470588,1.121875,1.0,1.0,1,1,1,1
2999,1.058,1.061125,1.0,1.0,1,1,1,1
1407,1.0529117647058823,1.1208204022988506,1.0,1.0,1,1,1,1
1019,0.8123333333333334,1.1205,1.0,1.0,1,1,1,1
1395,1.097,1.087090909090909,1.0,1.0,1,1,1,1
1831,1.0861590909090908,1.1458260869565218,1.0,1.0,1,1,1,1
1138,1.0606923076923076,1.0671111111111111,1.0,1.0,1,1,1,1
360,1.0828000000000002,1.0938,1.0,1.0,1,1,1,1
899,1.0265833333333334,1.0999857142857141,1.0,1.0,1,1,1,1
1022,0.9183589743589744,1.0401111111111112,1.0,1.0,1,1,1,1
122,0.92675,1.0989111111111112,1.0,1.0,1,1,1,1
1747,1.119704347826087,1.0745219298245616,1.0,1.0,1,1,1,1
937,1.1137647058823528,1.0554545454545454,1.0,1.0,1,1,1,1
1014,1.0626344537815124,0.9760571428571427,1.0,1.0,1,1,1,1
1058,1.516,0.7035,1.0,1.0,1,1,1,1
2096,0.9195,1.0154285714285716,1.0,1.0,1,1,1,1
1015,1.1047777777777779,0.9789666666666668,1.0,1.0,1,1,1,1
1612,1.0055,0.9646666666666667,1.0,1.0,1,1,1,1
1828,1.093611111111111,1.0871111111111111,1.0,1.0,1,1,1,1
527,1.0245432692307692,1.0867333333333336,0.5,1.0,1,1,0,1
1845,1.097688888888889,1.1047076923076922,1.0,1.0,1,1,1,1
1606,0.9234153846153846,1.0788421052631578,1.0,1.0,1,1,1,1
2737,1.1322307692307692,1.1362,1.0,1.0,1,1,1,1
2803,0.9121258741258741,1.1705728900255754,0.8,1.0,1,1,1,1
2484,1.0633333333333332,0.8978285714285714,0.6,1.0,1,1,1,1
2394,1.1366666666666667,1.1477894736842107,1.0,1.0,1,1,1,1
2440,1.0818947368421052,1.101872549019608,1.0,1.0,1,1,1,1
2522,0.9254761904761905,1.0055151515151515,1.0,1.0,1,1,1,1
2761,0.9169371428571429,1.163861111111111,1.0,1.0,1,1,1,1
2350,1.1362400000000001,1.1109,1.0,1.0,1,1,1,1
2864,1.1412,1.0528191756272403,1.0,1.0,1,1,1,1
2079,0.9862500000000001,1.0936666666666668,1.0,1.0,1,1,1,1
574,1.1213977272727274,0.8539047619047618,1.0,1.0,1,1,1,1
2080,1.093142857142857,0.9827222222222224,1.0,1.0,1,1,1,1
1613,1.0666,0.9607402597402597,1.0,1.0,1,1,1,1
2804,1.179995789473684,0.9185948717948719,1.0,1.0,1,1,1,1
2442,1.1025714285714288,1.1397142857142857,1.0,1.0,1,1,1,1
2738,1.1545714285714286,1.1258431372549018,1.0,1.0,1,1,1,1
2081,1.10425,0.974,1.0,1.0,1,1,1,1
1846,1.0808571428571427,1.111064935064935,1.0,1.0,1,1,1,1
2477,1.1872384615384615,1.0652857142857142,1.0,1.0,1,1,1,1
2395,1.1424545454545454,1.1313076923076923,1.0,1.0,1,1,1,1
2098,0.9293333333333333,1.0150000000000001,1.0,1.0,1,1,1,1
2655,0.9728,1.0644444444444443,1.0,1.0,1,1,1,1
2718,1.1368166666666668,1.122608695652174,1.0,1.0,1,1,1,1
934,1.0675454545454546,1.0,1.0,0.5,1,0,1,0
2455,1.0542500000000001,1.0519666666666665,1.0,1.0,1,1,1,1
2711,1.1319027777777777,1.0557716073271413,1.0,1.0,1,1,1,1
353,1.0468021978021977,1.1043636363636362,1.0,1.0,1,1,1,1
2146,0.9980730158730159,1.117,0.4,1.0,1,1,1,1
1412,0.858,1.0949090909090908,1.0,1.0,1,1,1,1
2852,1.1441410256410256,0.9114769230769231,0.6,0.8,1,1,1,1
1094,0.9104642857142856,1.4212500000000001,1.0,0.8,1,1,1,1
2641,1.0894736842105264,1.0988,1.0,1.0,1,1,1,1
2863,1.1166399999999999,1.050065367965368,1.0,1.0,1,1,1,1
355,1.158,0.9550000000000001,1.0,1.0,1,1,1,1
2628,1.1811585185185185,1.0967272727272728,1.0,1.0,1,1,1,1
2426,0.9236156862745097,1.1368148148148147,1.0,1.0,1,1,1,1
1140,1.0071238095238093,1.092521739130435,1.0,1.0,1,1,1,1
2970,1.0874000000000001,0.893048433048433,1.0,1.0,1,1,1,1
2135,0.9998000000000001,1.1290941176470588,1.0,1.0,1,1,1,1
2130,1.0911666666666666,1.0498181818181818,1.0,1.0,1,1,1,1
2349,1.1288571428571428,1.1019999999999999,1.0,1.0,1,1,1,1
1033,0.9293333333333333,1.1686666666666667,1.0,1.0,1,1,1,1
2923,1.1114615384615383,0.9640291005291006,1.0,1.0,1,1,1,1
335,1.1556923076923078,0.8782666666666668,1.0,1.0,1,1,1,1
2568,1.0581167993513194,1.0742564102564103,1.0,1.0,1,1,1,1
135,1.0424444444444445,0.9966444444444444,1.0,1.0,1,1,1,1
1413,0.9884999999999999,1.1908359788359788,1.0,1.0,1,1,1,1
1889,1.1298333333333335,1.1848604395604396,1.0,1.0,1,1,1,1
2344,0.9664753694581281,1.0612,1.0,1.0,1,1,1,1
2157,1.1375811965811966,1.0735539215686276,1.0,1.0,1,1,1,1
1693,1.078686507936508,1.1108,1.0,1.0,1,1,1,1
794,0.9309861111111111,1.1165555555555557,1.0,1.0,1,1,1,1
2322,1.1967003367003368,1.067047619047619,1.0,1.0,1,1,1,1
1935,1.110375,0.9727379310344828,1.0,1.0,1,1,1,1
457,0.9652,0.8776265151515151,1.0,1.0,1,1,1,1
403,1.1975844155844155,1.1700000000000002,1.0,1.0,1,1,1,1
3006,1.0,0.9808749999999999,0.5,1.0,0,1,0,1
597,0.875,1.0036749999999999,0.5,1.0,1,1,0,1
2891,1.1193684210526316,1.0475454545454546,1.0,1.0,1,1,1,1
766,1.1063846153846153,1.098,1.0,1.0,1,1,1,1
1802,0.9606687306501549,1.0873583200425305,1.0,1.0,1,1,1,1
2127,1.0915714285714286,1.0821282051282053,1.0,1.0,1,1,1,1
498,1.0561818181818183,0.9362352941176472,1.0,1.0,1,1,1,1
365,1.114033613445378,1.1404,1.0,1.0,1,1,1,1
768,1.0967,1.0780242424242423,1.0,1.0,1,1,1,1
2895,0.9580222222222222,1.0483292615596964,1.0,1.0,1,1,1,1
2757,1.2024142857142857,1.2023418290854573,1.0,1.0,1,1,1,1
475,0.9490185592185592,1.1322666666666668,1.0,1.0,1,1,1,1
2569,1.056095823095823,1.0947916666666666,1.0,1.0,1,1,1,1
1673,1.091206015037594,1.0995347826086956,1.0,1.0,1,1,1,1
598,1.0673333333333335,0.9986802413273,1.0,1.0,1,1,1,1
2543,1.104099547511312,1.1898166666666667,1.0,1.0,1,1,1,1
2166,1.0916842105263158,1.0785714285714287,1.0,0.4,1,1,1,1
487,1.0674030303030304,0.9970745614035088,1.0,1.0,1,1,1,1
1730,1.1918193548387097,1.1221969696969698,1.0,1.0,1,1,1,1
545,1.0045682539682539,1.2074277402241806,1.0,1.0,1,1,1,1
2758,1.216557142857143,1.1924855769230769,1.0,1.0,1,1,1,1
2252,0.9795311827956988,1.0973,1.0,1.0,1,1,1,1
686,1.0,0.992570564516129,0.5,1.0,0,1,0,1
939,1.177993265993266,1.0875128205128206,1.0,1.0,1,1,1,1
163,1.1195172413793104,1.0218363636363637,1.0,1.0,1,1,1,1
1402,1.1145855263157896,1.0407842105263156,1.0,1.0,1,1,1,1
358,1.113625,0.9548,1.0,1.0,1,1,1,1
490,1.088095238095238,0.9840059523809523,1.0,1.0,1,1,1,1
1130,0.9979250000000001,1.0285,1.0,1.0,1,1,1,1
121,0.9914545454545454,1.0720769230769231,1.0,1.0,1,1,1,1
1388,1.0819142857142858,0.957451923076923,1.0,1.0,1,1,1,1
534,1.180861344537815,0.9969738562091504,1.0,1.0,1,1,1,1
1404,1.0831818181818182,1.022190909090909,1.0,1.0,1,1,1,1
388,1.0953650793650793,1.116235294117647,1.0,1.0,1,1,1,1
2263,1.1302666666666668,1.1655555555555555,1.0,1.0,1,1,1,1
932,1.107,1.0298571428571428,1.0,1.0,1,1,1,1
334,1.103222222222222,0.9904420289855074,1.0,1.0,1,1,1,1
1392,1.0413333333333334,1.0895,1.0,1.0,1,1,1,1
2542,1.102680701754386,1.1813221674876846,1.0,1.0,1,1,1,1
141,0.9629579831932773,0.9594358974358975,1.0,1.0,1,1,1,1
1830,1.1163588235294117,1.1431612903225807,1.0,1.0,1,1,1,1
3007,1.286,0.9651932773109243,1.0,1.0,1,1,1,1
456,0.9832147282542019,1.0673174603174602,1.0,1.0,1,1,1,1
1405,1.0362557442557443,1.0551363636363635,1.0,1.0,1,1,1,1
402,1.1128421052631579,1.1752777777777776,1.0,1.0,1,1,1,1
936,1.0770434782608695,1.0964833333333335,1.0,1.0,1,1,1,1
1121,1.1078412698412698,0.9806985294117647,1.0,1.0,1,1,1,1
931,1.1026838235294119,1.0818999999999999,1.0,1.0,1,1,1,1
158,0.9999450549450548,1.0426,1.0,1.0,1,1,1,1
724,1.1150714285714285,1.0796190476190475,0.8,1.0,1,1,1,1
350,1.0935,0.9776928104575162,1.0,1.0,1,1,1,1
725,1.0913636363636363,0.9852954545454544,1.0,1.0,1,1,1,1
3013,1.1094000000000002,0.9536741854636592,1.0,1.0,1,1,1,1
1384,1.1102054545454547,0.9119999999999999,1.0,0.5,1,1,1,0
2140,1.2288950146627566,1.0592916666666667,1.0,1.0,1,1,1,1
595,1.045,1.0954347826086956,1.0,0.8,1,1,1,1
100,1.0266666666666666,0.9833276515151516,0.5,1.0,1,1,0,1
1020,1.001126984126984,1.0473824256292905,1.0,1.0,1,1,1,1
1385,0.9710000000000001,1.0335874125874127,1.0,1.0,1,1,1,1
60,0.977419298245614,0.9475,1.0,1.0,1,1,1,1
2450,1.1052592592592592,0.9987605466428995,1.0,1.0,1,1,1,1
606,1.1136187290969901,1.0752000000000002,1.0,1.0,1,1,1,1
2894,1.142577380952381,1.0531794871794873,1.0,1.0,1,1,1,1
2702,1.2459007352941176,1.1085050505050504,1.0,1.0,1,1,1,1
51,1.0285,1.0784,1.0,1.0,1,1,1,1
792,1.0921485507246378,0.9980470588235294,0.8,1.0,1,1,1,1
2163,0.9369272727272728,1.0468674948240166,1.0,1.0,1,1,1,1
2712,1.0996842105263158,1.035807619047619,1.0,1.0,1,1,1,1
2449,1.1054285714285714,1.1599251336898395,1.0,1.0,1,1,1,1
1746,1.1189087301587302,1.2427063916475682,1.0,1.0,1,1,1,1
620,1.0238857142857143,1.0055665223665224,1.0,1.0,1,1,1,1
772,1.0814133333333333,1.0853384615384616,1.0,1.0,1,1,1,1
101,0.9422194616977226,1.0836666666666668,1.0,1.0,1,1,1,1
2158,1.0476719298245614,1.1459420289855073,1.0,1.0,1,1,1,1
1013,0.9166666666666666,0.9731194444444444,1.0,1.0,1,1,1,1
2814,1.232549019607843,1.0460510408290897,1.0,1.0,1,1,1,1
2136,1.028655,1.0914761904761905,1.0,1.0,1,1,1,1
604,1.0215,0.9795,1.0,1.0,1,1,1,1
2896,0.9535151515151515,1.0443721036307243,1.0,1.0,1,1,1,1
2955,1.233,1.0843809523809524,1.0,1.0,1,1,1,1
938,1.0805515151515153,1.0927843137254902,1.0,1.0,1,1,1,1
1102,0.9343999999999999,0.9604035087719298,1.0,1.0,1,1,1,1
2286,0.9518678260869565,1.0015128205128205,1.0,1.0,1,1,1,1
1386,0.9639871794871795,0.9816666666666667,1.0,1.0,1,1,1,1
944,1.0942163742690059,0.9712799999999999,1.0,1.0,1,1,1,1
678,1.3199999999999998,0.9897142857142857,1.0,1.0,1,1,1,1
2653,1.0666153846153845,0.9496363636363636,1.0,1.0,1,1,1,1
1016,0.9721703081232492,0.9875714285714284,1.0,1.0,1,1,1,1
1408,0.8987499999999999,1.0455232919254658,0.8,1.0,1,1,1,1
607,1.0699166666666666,1.0662222222222222,1.0,1.0,1,1,1,1
1396,1.171604938271605,1.0804141414141415,0.6,1.0,1,1,1,1
1012,0.9644526315789473,0.9797070707070707,1.0,1.0,1,1,1,1
1316,1.0,1.0,0.5,0.5,0,0,0,0
2499,1.0946363636363636,1.0178977777777778,1.0,1.0,1,1,1,1
756,1.07336,1.0115384615384615,1.0,0.6,1,1,1,1
596,0.9693333333333334,1.05215,1.0,1.0,1,1,1,1
1017,0.9741769641495042,0.9925833333333334,1.0,1.0,1,1,1,1
2035,1.13,1.49,1.0,1.0,1,1,1,1
608,1.022125,1.0895959595959597,1.0,1.0,1,1,1,1
1011,0.9725987179487181,0.9744428571428572,1.0,1.0,1,1,1,1
599,0.9907180952380952,1.0894,1.0,1.0,1,1,1,1
2335,1.0958260869565217,1.058695652173913,1.0,1.0,1,1,1,1
1357,0.636,1.0990588235294116,1.0,1.0,1,1,1,1
600,0.9624458874458874,1.0718041958041957,1.0,1.0,1,1,1,1
2167,1.0787692307692307,1.0167529411764706,1.0,1.0,1,1,1,1
2298,1.0465833333333332,1.001334065934066,1.0,1.0,1,1,1,1
114,0.9867857142857143,1.0276,0.8,1.0,1,1,1,1
933,1.0955736842105264,1.0694611111111112,1.0,1.0,1,1,1,1
432,0.9840071428571429,1.137,0.8,1.0,1,1,1,1
170,1.0463,0.9940656565656566,1.0,1.0,1,1,1,1
85,1.0535999999999999,1.0446428571428572,1.0,1.0,1,1,1,1
789,1.205,1.0443586206896551,1.0,0.6,1,1,1,1
2924,1.2004285714285714,0.9723901098901099,1.0,1.0,1,1,1,1
169,1.0688970588235294,1.1124137931034483,1.0,1.0,1,1,1,1
90,1.0648,1.049453117060778,1.0,1.0,1,1,1,1
671,1.1333333333333333,1.095169230769231,1.0,1.0,1,1,1,1
2821,1.2273103448275862,1.229175127006706,1.0,1.0,1,1,1,1
46,1.0265277777777777,1.075437908496732,0.8,1.0,1,1,1,1
681,1.1934999999999998,1.2337204678362572,1.0,1.0,1,1,1,1
1021,1.0398013449287087,1.0059104895104896,1.0,1.0,1,1,1,1
1410,1.0115225225225226,1.0748250000000001,1.0,1.0,1,1,1,1
680,1.0344748976513682,1.1248,1.0,1.0,1,1,1,1
677,1.0706666666666667,1.0062743558776168,1.0,1.0,1,1,1,1
2142,1.0471346801346804,1.0438760233918127,1.0,1.0,1,1,1,1
2423,1.1413125000000002,1.0199617025932817,1.0,1.0,1,1,1,1
685,1.0192296124927704,1.116,1.0,1.0,1,1,1,1
2390,1.1412121212121211,1.0560752433167582,1.0,1.0,1,1,1,1
682,1.056902944156386,1.1400000000000001,1.0,1.0,1,1,1,1
392,1.1151428571428572,1.0927142857142857,1.0,1.0,1,1,1,1
612,1.0466666666666666,1.1048666666666667,1.0,1.0,1,1,1,1
2051,1.0092769230769232,1.161,1.0,1.0,1,1,1,1
2156,1.1452,1.0368849297155935,1.0,1.0,1,1,1,1
2882,1.0656719696969696,0.9353333333333333,1.0,1.0,1,1,1,1
134,1.079157894736842,1.0642998765939944,1.0,1.0,1,1,1,1
1400,0.9704393358876118,1.0527238095238096,1.0,1.0,1,1,1,1
1351,1.1029166666666668,0.978,1.0,1.0,1,1,1,1
614,1.0411589743589744,1.0752000000000002,1.0,1.0,1,1,1,1
369,1.1826666666666668,1.1231818181818183,1.0,1.0,1,1,1,1
2889,1.0728224246220228,1.1396666666666666,1.0,1.0,1,1,1,1
1397,1.0080817073170731,1.0468496503496503,1.0,1.0,1,1,1,1
1327,1.0206666666666666,1.106774193548387,1.0,1.0,1,1,1,1
1403,1.0488333333333333,1.0346862068965517,1.0,1.0,1,1,1,1
199,0.9769476190476191,1.0901789473684211,1.0,1.0,1,1,1,1
2944,1.1008,0.9326153846153847,1.0,1.0,1,1,1,1
3004,1.1197142857142857,1.0107287012365922,1.0,1.0,1,1,1,1
1944,1.049,1.037495238095238,1.0,1.0,1,1,1,1
618,0.9431428571428571,1.048892857142857,1.0,1.0,1,1,1,1
1369,0.9768587319243605,1.0095,1.0,1.0,1,1,1,1
410,1.1386956521739129,1.0721968211068211,1.0,1.0,1,1,1,1
1394,1.066625,1.044357142857143,1.0,1.0,1,1,1,1
168,1.1078125,1.091252380952381,1.0,1.0,1,1,1,1
1409,1.0427495662232504,1.095923076923077,1.0,1.0,1,1,1,1
429,0.9892749999999999,1.1288333333333334,1.0,1.0,1,1,1,1
2652,0.9423999999999999,1.0705882352941178,1.0,1.0,1,1,1,1
1368,1.0106485788113695,0.9496,1.0,1.0,1,1,1,1
147,1.1496,1.0810216450216452,1.0,1.0,1,1,1,1
2152,1.0987407407407406,1.0284789081885857,1.0,1.0,1,1,1,1
619,1.0594196078431373,1.1395,1.0,1.0,1,1,1,1
1335,1.0143333333333335,1.0770000000000002,1.0,1.0,1,1,1,1
3005,1.1175555555555556,0.988613880742913,1.0,1.0,1,1,1,1
192,1.0995000000000001,1.0704426877470357,1.0,1.0,1,1,1,1
1855,1.116913875598086,1.0854736842105264,1.0,1.0,1,1,1,1
605,1.1178838095238095,1.0757916666666667,1.0,1.0,1,1,1,1
2413,1.1388823529411765,1.1428,1.0,1.0,1,1,1,1
426,1.1635482456140351,1.12576,1.0,1.0,1,1,1,1
1952,1.051076923076923,1.1663333333333334,1.0,1.0,1,1,1,1
2768,1.180111595466434,1.0791254901960783,1.0,1.0,1,1,1,1
2582,1.108875,1.1031034482758622,1.0,1.0,1,1,1,1
2438,1.2394402534402533,1.109939393939394,1.0,1.0,1,1,1,1
359,1.122099801061008,1.126923076923077,1.0,1.0,1,1,1,1
2664,1.15218,1.0734,1.0,1.0,1,1,1,1
1954,1.1311428571428572,1.1222857142857143,1.0,1.0,1,1,1,1
2324,1.0574814814814815,1.0801268191268192,1.0,1.0,1,1,1,1
611,1.1008235294117648,1.0654303405572754,1.0,1.0,1,1,1,1
1842,1.1206782608695653,1.1289915966386554,1.0,1.0,1,1,1,1
2776,1.174592105263158,1.0834666666666668,1.0,1.0,1,1,1,1
2839,1.2407155502392344,1.1510909090909092,1.0,1.0,1,1,1,1
2432,1.1112571428571427,1.122040404040404,1.0,1.0,1,1,1,1
2385,1.0778390360072088,1.134,1.0,1.0,1,1,1,1
401,1.1195555555555556,1.1758741258741259,1.0,1.0,1,1,1,1
3003,1.1011666666666666,1.1543846153846153,1.0,1.0,1,1,1,1
1679,1.0603571428571428,1.123190413943355,1.0,1.0,1,1,1,1
1970,1.09325,1.0714285714285716,1.0,1.0,1,1,1,1
1888,1.2501032166843407,1.1190833333333334,1.0,1.0,1,1,1,1
617,1.0463111111111112,1.0778064516129031,1.0,1.0,1,1,1,1
383,1.134642857142857,1.137837837837838,1.0,1.0,1,1,1,1
2783,1.0864615384615386,1.1614735294117646,1.0,1.0,1,1,1,1
613,1.114787185354691,1.058736842105263,1.0,1.0,1,1,1,1
2343,1.0450344827586207,1.1554040404040404,1.0,1.0,1,1,1,1
1997,1.0933333333333333,1.0708099357733505,1.0,1.0,1,1,1,1
1835,1.1133888888888888,1.1100872727272728,1.0,1.0,1,1,1,1
2317,1.1628641114982579,1.044,1.0,1.0,1,1,1,1
2355,1.1231333333333333,1.1310526315789473,1.0,1.0,1,1,1,1
1812,1.1065999999999998,1.0902709030100335,1.0,1.0,1,1,1,1
673,1.015616368286445,1.0926666666666667,1.0,1.0,1,1,1,1
2448,1.1265405405405404,1.155534161490683,1.0,1.0,1,1,1,1
2756,1.163190476190476,1.2500690476190477,1.0,1.0,1,1,1,1
364,1.090962962962963,1.14,1.0,1.0,1,1,1,1
1702,1.1323809523809525,1.1410568356374808,1.0,1.0,1,1,1,1
2788,1.167264367816092,1.1612633563796355,1.0,1.0,1,1,1,1
1843,1.0957428571428571,1.1383426573426574,1.0,1.0,1,1,1,1
1876,1.0987639257294428,1.1621866028708134,1.0,1.0,1,1,1,1
674,1.09215,1.0802,0.8,1.0,1,1,1,1
922,1.090765933014354,1.0043807722265494,1.0,1.0,1,1,1,1
795,0.8968387096774194,0.9961948529411765,0.6,0.6,1,1,1,1
2656,0.938875,1.0681818181818181,1.0,1.0,1,1,1,1
793,1.0059747474747476,0.9496500000000001,1.0,1.0,1,1,1,1
672,1.0683636363636364,0.9947575757575757,1.0,1.0,1,1,1,1
2028,1.1238636363636365,1.0857777777777777,0.8,1.0,1,1,1,1
2492,1.0694556650246305,0.9695873015873016,1.0,1.0,1,1,1,1
2945,1.0696249999999998,0.9365882352941177,1.0,1.0,1,1,1,1
1428,1.0111428571428571,1.1149473684210527,0.5,1.0,1,1,0,1
2452,0.9820286472148541,1.1293558776167472,1.0,1.0,1,1,1,1
1769,1.1313132940108894,1.0732121212121213,1.0,1.0,1,1,1,1
676,1.0861666666666667,1.0756666666666665,1.0,1.0,1,1,1,1
57,1.1007512820512821,1.06225,1.0,0.6,1,1,1,1
675,1.0629230769230769,1.109836385836386,1.0,1.0,1,1,1,1
1426,1.09275,1.1232820512820514,1.0,1.0,1,1,1,1
2690,1.0695677257525085,1.1517948717948718,0.8,1.0,1,1,1,1
797,1.1156233766233767,1.0938744588744589,1.0,1.0,1,1,1,1
2877,1.0675882352941177,1.065991810496178,1.0,1.0,1,1,1,1
2591,0.9362222222222222,1.1205,1.0,1.0,1,1,1,1
1166,0.9183992094861659,1.1727333333333334,0.8,1.0,1,1,1,1
1411,0.9958688750862663,1.0359413793103447,1.0,1.0,1,1,1,1
2041,1.0747142857142857,1.0731666666666668,1.0,1.0,1,1,1,1
152,1.0466666666666666,1.0629420289855074,0.8,1.0,1,1,1,1
815,1.1259004497751124,1.033,1.0,1.0,1,1,1,1
2435,1.1073846153846154,1.1435217391304349,1.0,1.0,1,1,1,1
2365,1.1248,1.0872009803921567,1.0,1.0,1,1,1,1
1694,0.9958199134199134,1.1330939393939394,1.0,1.0,1,1,1,1
1436,1.035888888888889,1.142418266735859,1.0,1.0,1,1,1,1
2570,1.0660798624126298,1.1236413793103448,1.0,1.0,1,1,1,1
81,0.9823993506493507,1.0223672504025765,1.0,1.0,1,1,1,1
803,1.0541340579710146,1.1096583333333334,1.0,1.0,1,1,1,1
2983,1.085157894736842,1.0817333333333334,1.0,1.0,1,1,1,1
125,1.0805138339920948,1.0597066666666666,1.0,1.0,1,1,1,1
1398,1.0716858974358974,0.9986028929442435,0.8,1.0,1,1,1,1
1103,1.0886071428571429,1.0720333333333332,1.0,1.0,1,1,1,1
923,1.094232258064516,0.992377428307123,1.0,1.0,1,1,1,1
2042,1.067625,1.0822307692307693,1.0,1.0,1,1,1,1
804,1.1117067307692308,1.052816923076923,1.0,1.0,1,1,1,1
2029,1.0942,1.0985714285714285,1.0,1.0,1,1,1,1
2356,1.1239794871794873,1.1180487804878048,1.0,1.0,1,1,1,1
2475,0.9820881720430107,1.1445416666666666,1.0,1.0,1,1,1,1
814,1.1225940102782208,1.0924156862745098,1.0,1.0,1,1,1,1
1704,1.1409830125598626,1.1232568697729988,1.0,1.0,1,1,1,1
2691,1.1433393450403417,1.0993066666666667,1.0,1.0,1,1,1,1
92,1.125741935483871,1.0045,1.0,1.0,1,1,1,1
802,1.126301680672269,1.0306301994301994,1.0,1.0,1,1,1,1
63,1.0233174603174604,1.0780581196581198,1.0,1.0,1,1,1,1
1731,1.1407693181818181,1.1435927272727273,1.0,1.0,1,1,1,1
1127,1.015283251231527,1.1432142857142857,1.0,1.0,1,1,1,1
58,1.1001389610389611,1.1280453201970444,1.0,1.0,1,1,1,1
2040,1.0575294117647058,1.0993333333333335,1.0,1.0,1,1,1,1
2982,1.0717777777777777,1.0918095238095238,1.0,1.0,1,1,1,1
751,1.07905,1.004079831932773,1.0,1.0,1,1,1,1
704,1.0,0.9511844155844156,0.5,1.0,0,1,0,1
1399,1.0760662393162392,0.9834574829931972,1.0,1.0,1,1,1,1
684,1.0567368421052632,1.062142857142857,1.0,0.8,1,1,1,1
1189,0.9881640816326531,1.029396551724138,1.0,1.0,1,1,1,1
98,1.0706939393939394,1.1028181818181817,1.0,1.0,1,1,1,1
1328,0.9845480769230768,0.9667857142857142,1.0,0.8,1,1,1,1
2026,1.0822745098039215,1.115217391304348,1.0,1.0,1,1,1,1
1059,1.0026850012732367,1.1953888888888888,1.0,0.8,1,1,1,1
2981,1.13875,1.058,1.0,1.0,1,1,1,1
698,1.091625,1.0,0.8,1.0,1,1,1,1
354,1.1364666666666667,1.0426114695340503,1.0,1.0,1,1,1,1
683,1.0795714285714286,1.1338666666666666,0.8,1.0,1,1,1,1
1391,1.074688633348076,1.0213192640692639,1.0,1.0,1,1,1,1
2024,1.0406666666666666,1.1476,1.0,1.0,1,1,1,1
1141,1.058048780487805,1.034758064516129,1.0,1.0,1,1,1,1
343,1.062,1.1398064516129032,1.0,1.0,1,1,1,1
56,1.0005857142857144,1.0596730769230769,1.0,1.0,1,1,1,1
2039,1.0388815789473684,1.0437142857142858,1.0,1.0,1,1,1,1
1029,1.1052,0.881,1.0,1.0,1,1,1,1
2950,1.126,1.1404615384615384,1.0,1.0,1,1,1,1
1060,1.0247098039215685,1.1278275862068967,1.0,1.0,1,1,1,1
2027,1.143925925925926,1.0461555555555555,1.0,1.0,1,1,1,1
2037,1.0380909090909092,1.0367904761904763,1.0,1.0,1,1,1,1
99,1.1442142857142856,1.088349062702004,1.0,1.0,1,1,1,1
699,0.9780000000000001,1.1225238095238095,1.0,1.0,1,1,1,1
2925,0.9874183006535948,1.089575,0.8,1.0,1,1,1,1
344,1.0675,1.1445,1.0,1.0,1,1,1,1
2025,1.0310000000000001,1.1451724137931034,1.0,1.0,1,1,1,1
2038,1.0492173913043479,1.034644927536232,1.0,1.0,1,1,1,1
635,1.0529272727272727,1.0997999999999999,0.5,1.0,1,1,0,1
151,1.0609753846153847,1.065655172413793,1.0,1.0,1,1,1,1
631,1.0585548654244306,1.1404,1.0,1.0,1,1,1,1
399,1.1350909090909092,1.0926527991065196,1.0,1.0,1,1,1,1
2784,1.0449166666666667,1.1441986928104575,1.0,1.0,1,1,1,1
1023,1.0286287878787879,1.1828761904761904,1.0,1.0,1,1,1,1
521,1.0149589743589744,1.075391304347826,0.8,1.0,1,1,1,1
165,1.136138095238095,1.063025641025641,0.8,1.0,1,1,1,1
425,1.0352000000000001,1.1288823529411764,1.0,1.0,1,1,1,1
2692,1.0939592592592593,1.1475284280936455,1.0,1.0,1,1,1,1
2527,1.1170357142857141,1.0794166666666665,1.0,1.0,1,1,1,1
1185,1.1577066666666667,1.0293663101604278,1.0,1.0,1,1,1,1
2374,1.1353545093590471,1.1440120433560819,1.0,1.0,1,1,1,1
921,1.1415484848484847,0.9853354449472096,1.0,1.0,1,1,1,1
442,1.021847963800905,1.0134296267270406,1.0,1.0,1,1,1,1
1064,1.1117450365726227,1.1625725806451612,1.0,1.0,1,1,1,1
197,1.062,1.0321538461538462,1.0,1.0,1,1,1,1
404,1.1309714285714285,1.148949074074074,1.0,1.0,1,1,1,1
1024,1.1633472222222223,1.0352650793650793,1.0,1.0,1,1,1,1
515,1.1087411764705881,1.0128042260382413,1.0,1.0,1,1,1,1
2203,1.0367333333333335,1.0973655913978493,1.0,1.0,1,1,1,1
106,1.127888888888889,1.0613743842364534,1.0,1.0,1,1,1,1
2993,0.9881983408748114,1.1394,1.0,1.0,1,1,1,1
633,1.075713768115942,1.0534318181818183,1.0,1.0,1,1,1,1
913,1.1373392214093476,1.1593548387096775,1.0,1.0,1,1,1,1
2666,1.08688,1.1640694789081887,1.0,1.0,1,1,1,1
166,1.0753563218390805,1.1267034632034632,1.0,1.0,1,1,1,1
1065,1.144139393939394,1.114294930875576,1.0,1.0,1,1,1,1
1126,1.0221612903225805,1.039737237237237,1.0,1.0,1,1,1,1
2161,1.0183066937119676,1.0350990990990991,1.0,0.8,1,1,1,1
55,1.0838976190476193,1.153,1.0,1.0,1,1,1,1
634,1.0494886956521738,1.087175125313283,1.0,1.0,1,1,1,1
2501,1.0412162162162164,1.007211090225564,1.0,1.0,1,1,1,1
696,1.15,1.0341,1.0,1.0,1,1,1,1
1414,1.0210000000000001,1.1134148148148149,1.0,1.0,1,1,1,1
1803,1.060745060850324,1.1351811594202899,1.0,1.0,1,1,1,1
767,1.0144941176470588,1.0022222222222221,1.0,1.0,1,1,1,1
1907,1.093090909090909,1.120373271889401,1.0,1.0,1,1,1,1
2325,1.0635751102646351,1.0418064516129033,1.0,1.0,1,1,1,1
754,1.0116901098901099,0.9885891891891893,1.0,1.0,1,1,1,1
1444,0.9883636363636364,1.058254616913423,1.0,1.0,1,1,1,1
636,1.0386282051282052,1.0902267379679143,1.0,1.0,1,1,1,1
2162,1.0138291517323776,1.0351160218633901,1.0,1.0,1,1,1,1
2861,1.0615501599221249,1.0863529411764705,1.0,1.0,1,1,1,1
679,1.0426428571428572,1.0902315389924087,0.8,1.0,1,1,1,1
929,1.03313353485064,1.0776266666666667,1.0,1.0,1,1,1,1
2153,1.0147388996138997,1.0248947368421053,1.0,1.0,1,1,1,1
1104,1.0883131313131313,1.0381039930142097,1.0,1.0,1,1,1,1
1695,1.0211299871299873,1.1365482246952836,1.0,1.0,1,1,1,1
786,1.052051282051282,0.9882787081339712,1.0,1.0,1,1,1,1
632,1.158,1.0364296296296298,1.0,1.0,1,1,1,1
1827,1.124864224137931,1.051375,1.0,1.0,1,1,1,1
692,1.0707415384615384,1.1373333333333333,1.0,1.0,1,1,1,1
1105,1.0308547008547009,0.9851904761904763,1.0,1.0,1,1,1,1
2574,1.1198888888888887,1.1061142857142856,1.0,1.0,1,1,1,1
775,1.1499688311688312,0.9944914529914529,1.0,1.0,1,1,1,1
2425,1.0502942645074225,1.1261333333333332,1.0,1.0,1,1,1,1
1429,1.0149234449760764,1.0133653846153847,1.0,1.0,1,1,1,1
2182,1.021939393939394,1.1289058149058149,1.0,1.0,1,1,1,1
2364,1.074923076923077,1.1243715415019764,1.0,1.0,1,1,1,1
1877,1.1523357142857145,1.1192060606060605,1.0,1.0,1,1,1,1
2292,1.1231706855791963,1.0563636363636362,1.0,1.0,1,1,1,1
1706,1.1327244582043343,1.1402751879699249,1.0,1.0,1,1,1,1
2469,1.024303678929766,1.1138436520376174,1.0,1.0,1,1,1,1
2790,1.1721597222222222,1.1510753353973169,1.0,1.0,1,1,1,1
2736,1.176603896103896,1.121764953886693,1.0,1.0,1,1,1,1
1685,1.1454871794871795,1.0707647058823528,1.0,1.0,1,1,1,1
930,1.065900284900285,1.027463029525032,1.0,1.0,1,1,1,1
1785,1.1548876876876877,1.1803833671399595,1.0,1.0,1,1,1,1
2060,0.9556388888888889,1.0890625,1.0,0.8,1,1,1,1
1119,1.1609532367504127,1.0322753774680604,1.0,1.0,1,1,1,1
505,1.0067245087133851,1.111981884057971,1.0,1.0,1,1,1,1
881,1.132438596491228,1.2445573227453204,1.0,1.0,1,1,1,1
2886,1.0742836035875505,1.1620000000000001,0.8,1.0,1,1,1,1
443,1.0289933554817277,0.992697850877193,1.0,1.0,1,1,1,1
116,1.0722989247311827,1.122344055944056,1.0,1.0,1,1,1,1
1688,1.162428192497158,1.11973599652627,1.0,1.0,1,1,1,1
2815,1.113711834493578,1.2485014985014984,1.0,1.0,1,1,1,1
914,1.1159452488687784,1.1511515151515153,1.0,1.0,1,1,1,1
107,1.1154054054054054,1.0748931451612904,1.0,1.0,1,1,1,1
3010,1.0323703703703704,0.9547836257309943,1.0,1.0,1,1,1,1
117,1.069034090909091,1.1115015614918053,1.0,1.0,1,1,1,1
506,1.0086164298067524,1.1105516666666666,1.0,1.0,1,1,1,1
2118,1.0085629984051037,1.0868910847606499,1.0,0.8,1,1,1,1
2887,1.0945688095238095,1.152294117647059,1.0,1.0,1,1,1,1
640,1.0422912087912088,1.0574933738348373,1.0,0.8,1,1,1,1
637,1.0072971342383108,1.0385236270753513,1.0,1.0,1,1,1,1
2285,1.0065619047619045,1.0985964912280701,1.0,1.0,1,1,1,1
546,1.2477333333333334,1.0138788515406163,1.0,1.0,1,1,1,1
687,1.1423999999999999,1.039391798941799,1.0,0.6,1,1,1,1
2119,1.0133677419354838,1.0847461538461538,1.0,1.0,1,1,1,1
1763,1.0944414265706282,1.1686627906976743,1.0,1.0,1,1,1,1
1389,1.1060504347826086,1.01688,1.0,1.0,1,1,1,1
88,1.0775940058479532,1.0149404761904761,1.0,1.0,1,1,1,1
79,1.0509230769230768,1.0769617647058822,1.0,1.0,1,1,1,1
1393,1.0194567627494455,1.1072530802530802,1.0,1.0,1,1,1,1
1748,1.2558252399774141,1.1687311351119376,1.0,1.0,1,1,1,1
1390,1.1051824242424242,1.056888888888889,1.0,1.0,1,1,1,1
2717,1.0824444444444443,1.113515338393422,1.0,1.0,1,1,1,1
1179,1.1438857142857142,1.0219556025369978,1.0,1.0,1,1,1,1
688,1.1569090909090909,1.0314608915054668,1.0,1.0,1,1,1,1
2917,1.0773621621621623,1.1297222222222223,1.0,1.0,1,1,1,1
1150,1.1183017857142858,1.0348971453667106,1.0,1.0,1,1,1,1
1180,1.0345074879227052,1.1298378378378378,1.0,1.0,1,1,1,1
2125,1.0161559959349593,1.02406513776079,1.0,1.0,1,1,1,1
867,1.1211037296037296,1.1114206349206348,1.0,1.0,1,1,1,1
352,1.038412987974098,1.1201578947368422,1.0,1.0,1,1,1,1
1401,1.112847587195413,1.06653548531257,1.0,1.0,1,1,1,1
2470,1.1356229170346817,1.0260945305770888,1.0,1.0,1,1,1,1
430,1.1293846153846154,1.1148329004329005,1.0,1.0,1,1,1,1
2022,1.1276842105263158,1.0422857142857143,1.0,1.0,1,1,1,1
3008,1.0429285714285714,0.9423,1.0,1.0,1,1,1,1
385,1.0425402597402598,1.1334,1.0,1.0,1,1,1,1
790,1.169352380952381,1.033753037766831,1.0,1.0,1,1,1,1
514,1.0846432234432233,1.0014497835497835,0.8,1.0,1,1,1,1
2300,1.0593714285714286,1.0429229590333038,1.0,1.0,1,1,1,1
1808,0.9441471861471861,1.1742438492063492,1.0,1.0,1,1,1,1
1906,1.0697942583732059,1.117956356736243,1.0,1.0,1,1,1,1
1074,1.1300748663101605,1.1488832891246683,1.0,1.0,1,1,1,1
1440,1.2452095214803944,1.0001111111111112,1.0,1.0,1,1,1,1
2388,1.1060528211284513,1.059274065934066,1.0,0.8,1,1,1,1
2597,1.0897611111111112,1.169094982078853,1.0,1.0,1,1,1,1
433,1.0345986496624158,1.0011444669821952,1.0,1.0,1,1,1,1
2526,0.9688181818181818,1.0505011272141707,1.0,1.0,1,1,1,1
1683,1.0536666666666668,1.1701599411710635,1.0,1.0,1,1,1,1
639,1.0769629629629631,1.0349809523809523,1.0,1.0,1,1,1,1
1890,1.255448913043478,1.1188285714285715,1.0,1.0,1,1,1,1
1078,1.1056095238095238,1.052350861556744,1.0,1.0,1,1,1,1
2373,1.1505289414774544,1.1109169230769231,1.0,1.0,1,1,1,1
1447,1.07375641025641,0.9595333333333332,1.0,1.0,1,1,1,1
511,1.0117649935649937,1.048254877929209,1.0,1.0,1,1,1,1
1705,1.1753938445784504,1.0802814765985498,1.0,1.0,1,1,1,1
857,1.0912857142857142,1.09713309781313,1.0,1.0,1,1,1,1
1902,1.0565706596378237,1.1133939393939394,1.0,1.0,1,1,1,1
2393,1.082746153846154,1.1086666666666667,1.0,1.0,1,1,1,1
2759,1.2533294580701189,1.150537037037037,1.0,1.0,1,1,1,1
3020,1.1713429054054054,0.9717591973244147,1.0,1.0,1,1,1,1
2860,1.0960871080139374,1.0590637399168388,1.0,1.0,1,1,1,1
2453,1.0890411027568923,1.0524173850574712,1.0,1.0,1,1,1,1
159,1.078003663003663,1.0676541889483064,1.0,1.0,1,1,1,1
2892,1.0659864760843023,1.1696379585326953,1.0,1.0,1,1,1,1
2544,1.0918729874776385,1.1467076005961252,1.0,1.0,1,1,1,1
2841,1.180870286576169,1.2518933333333333,1.0,1.0,1,1,1,1
2614,1.1088175324675325,0.9763928571428572,1.0,1.0,1,1,1,1
2598,1.180107142857143,1.1122070460704607,1.0,1.0,1,1,1,1
840,1.0126302521008403,1.0967306220095694,1.0,1.0,1,1,1,1
2710,1.1189857142857143,1.0853632262474366,1.0,0.8,1,1,1,1
380,1.0489729729729729,1.1332682926829267,1.0,1.0,1,1,1,1
700,1.1480000000000001,1.0901379310344828,1.0,1.0,1,1,1,1
2912,1.0308,1.083247619047619,1.0,1.0,1,1,1,1
1597,1.0358946608946609,1.040861111111111,0.6,0.4,1,1,1,1
1131,1.0292635706492088,1.0816047138047138,1.0,1.0,1,1,1,1
701,1.1336923076923076,1.1265968169761273,1.0,1.0,1,1,1,1
2330,1.050842105263158,1.0916075581395348,1.0,1.0,1,1,1,1
2129,1.0917333333333334,1.0253250928278288,1.0,1.0,1,1,1,1
1175,1.0339337679516252,1.021650406504065,1.0,1.0,1,1,1,1
1638,1.071050499724922,1.052764861583293,1.0,1.0,1,1,1,1
379,1.130095238095238,1.0709200310559006,1.0,1.0,1,1,1,1
695,1.138,0.9969064039408867,1.0,1.0,1,1,1,1
1165,1.0236787755102041,1.0847967914438503,1.0,1.0,1,1,1,1
2635,1.0481095004460304,1.096258064516129,1.0,1.0,1,1,1,1
417,1.120372093023256,1.054,1.0,1.0,1,1,1,1
2262,1.0854367816091952,1.0567179487179488,1.0,1.0,1,1,1,1
1621,1.1196932432432434,1.1107537815126052,1.0,1.0,1,1,1,1
413,1.0880888888888889,1.1157727272727271,1.0,1.0,1,1,1,1
702,1.1053333333333333,1.0472508041478281,1.0,1.0,1,1,1,1
2134,1.0264777777777776,1.1160746614766657,1.0,1.0,1,1,1,1
1135,1.04905,1.024832373225152,1.0,1.0,1,1,1,1
2281,1.1015644444444443,1.0566453488372094,1.0,1.0,1,1,1,1
1618,1.0986875,1.115702473237357,1.0,1.0,1,1,1,1
351,1.1182666666666665,1.0289764705882354,1.0,1.0,1,1,1,1
2141,1.0493933468756338,1.0205795079792275,1.0,1.0,1,1,1,1
2615,1.1083636363636364,1.1251643772893771,1.0,1.0,1,1,1,1
2336,1.0471707317073171,1.0646919191919193,1.0,1.0,1,1,1,1
2277,1.0831990846681923,1.0993284576204778,1.0,1.0,1,1,1,1
693,1.08825,1.0668540669856459,1.0,1.0,1,1,1,1
3000,1.135846153846154,0.9709333333333333,1.0,1.0,1,1,1,1
1149,1.0325358631022052,1.1299958773784353,1.0,1.0,1,1,1,1
638,1.0246499999999998,1.0222536151279198,1.0,1.0,1,1,1,1
1605,1.1030666666666666,1.0735680281071587,1.0,1.0,1,1,1,1
2616,1.130618429633494,1.1016470588235294,1.0,1.0,1,1,1,1
740,1.0297866568914955,1.1027487684729063,1.0,1.0,1,1,1,1
1650,1.0736330227743272,1.0786888888888888,1.0,1.0,1,1,1,1
3009,1.0454482758620691,0.9975769230769231,1.0,1.0,1,1,1,1
841,1.0347777777777778,1.0928752136752136,1.0,1.0,1,1,1,1
115,1.0648302521008404,1.026501388888889,1.0,1.0,1,1,1,1
757,1.0402810810810812,1.0240353406184608,1.0,1.0,1,1,1,1
1619,1.0765514825599931,1.0997714285714286,1.0,1.0,1,1,1,1
727,1.0340267477203646,1.0878505434782608,1.0,1.0,1,1,1,1
741,1.0429396825396826,1.1065561904761905,1.0,1.0,1,1,1,1
119,1.0803507729081159,1.0692793650793653,1.0,1.0,1,1,1,1
726,1.078780462184874,1.0388190537476252,1.0,1.0,1,1,1,1
154,1.0722417417417418,1.0287751196172248,1.0,1.0,1,1,1,1
2045,1.0562,1.0100689655172412,1.0,1.0,1,1,1,1
179,1.0704381223328592,1.1382983870967742,1.0,1.0,1,1,1,1
1868,1.1287333333333334,1.108503974562798,1.0,1.0,1,1,1,1
2414,1.173589430894309,1.101962962962963,1.0,1.0,1,1,1,1
2554,1.2498688202553747,1.0831481923873227,1.0,0.6,1,1,1,1
176,1.0619001349527666,1.1234604538815862,1.0,1.0,1,1,1,1
1878,1.1423174603174604,1.1087924812030074,1.0,1.0,1,1,1,1
2599,1.1675392535392537,1.1223352763375858,1.0,0.8,1,1,1,1
2379,1.256014932126697,1.103089536878216,1.0,1.0,1,1,1,1
437,1.0818118652112008,1.0099424448217318,1.0,1.0,1,1,1,1
2155,1.0264688829787234,1.1269500000000001,1.0,1.0,1,1,1,1
697,1.0294615384615384,1.0856470588235294,1.0,1.0,1,1,1,1
856,1.0840850505050503,1.1039999999999999,1.0,1.0,1,1,1,1
2791,1.138092672413793,1.1708555691554468,1.0,1.0,1,1,1,1
2122,1.0435238095238095,1.04256351981352,1.0,1.0,1,1,1,1
2367,1.1326596267447333,1.1009695767195766,1.0,1.0,1,1,1,1
1656,1.0543363393852525,0.9895119825708061,1.0,1.0,1,1,1,1
1592,1.0602178760393046,1.0282666666666667,1.0,1.0,1,1,1,1
2338,1.0413023255813953,1.120780487804878,1.0,1.0,1,1,1,1
522,1.0070432259182258,1.0997837837837836,1.0,1.0,1,1,1,1
2842,1.2523500660641615,1.1775221445221447,1.0,1.0,1,1,1,1
2282,1.0965714285714285,1.0528387096774192,1.0,1.0,1,1,1,1
1833,1.1019234449760766,1.111042735042735,1.0,1.0,1,1,1,1
2058,1.031963133640553,0.9882142857142858,1.0,1.0,1,1,1,1
846,1.043,1.087150044161809,1.0,1.0,1,1,1,1
488,1.0143480684033315,1.0411761704681874,1.0,1.0,1,1,1,1
500,1.0552444444444444,1.0220230001944492,1.0,1.0,1,1,1,1
1892,1.2516096866096866,1.1101054054054054,1.0,1.0,1,1,1,1
1602,1.0637521428571428,1.0971122994652407,1.0,1.0,1,1,1,1
2289,0.9988275862068965,1.1044376811594203,1.0,1.0,1,1,1,1
694,1.171174603174603,1.0813333333333333,1.0,1.0,1,1,1,1
2529,1.0953684210526315,1.1996724859065284,1.0,0.6,1,1,1,1
1438,0.9598636363636365,1.1340464146023468,1.0,1.0,1,1,1,1
1092,1.023707264957265,1.1728777777777777,0.8,1.0,1,1,1,1
1913,1.073040579710145,1.1042759948652119,0.8,1.0,1,1,1,1
2293,1.0585652173913043,1.097185960591133,1.0,1.0,1,1,1,1
2837,1.250608168374206,1.1162380952380953,1.0,1.0,1,1,1,1
30,1.05175,1.0,1.0,0.5,1,0,1,0
1453,1.0683610157858614,0.9629117647058824,1.0,1.0,1,1,1,1
2659,1.1085581395348838,1.0928205128205128,1.0,1.0,1,1,1,1
1053,1.0511489361702127,0.9457953667953667,1.0,1.0,1,1,1,1
703,1.0727368421052632,1.0762500000000002,1.0,1.0,1,1,1,1
1071,1.0213508771929825,1.1045500000000001,1.0,1.0,1,1,1,1
2642,1.105658536585366,1.0785145330859618,1.0,1.0,1,1,1,1
2558,1.2558940406571986,1.1962365794143746,1.0,1.0,1,1,1,1
2415,1.1783605514316013,1.1029479631281593,1.0,1.0,1,1,1,1
1772,1.174269397614118,1.0817858823529414,1.0,1.0,1,1,1,1
1881,1.112084249084249,1.1344787878787879,1.0,1.0,1,1,1,1
37,1.0976379928315412,0.998,1.0,1.0,1,1,1,1
2357,1.105683908045977,1.200820170791721,1.0,1.0,1,1,1,1
1660,1.1138220930232559,1.175911489361702,1.0,1.0,1,1,1,1
2043,1.05171875,1.0329375,0.8,1.0,1,1,1,1
1849,1.1996358823529412,1.1191008869179602,1.0,1.0,1,1,1,1
2131,1.1003333333333334,1.0343471080139373,1.0,1.0,1,1,1,1
839,1.077855659214927,1.0277586367880487,1.0,1.0,1,1,1,1
858,1.1064651162790697,1.0766855654715952,1.0,1.0,1,1,1,1
374,1.115391304347826,1.0309307692307692,1.0,1.0,1,1,1,1
2115,1.0353333945752552,1.0315261324041811,1.0,1.0,1,1,1,1
396,1.112681818181818,1.1148936170212767,1.0,1.0,1,1,1,1
842,1.0692481481481482,1.0325714285714285,1.0,1.0,1,1,1,1
160,1.0537951219512194,1.096050135135135,1.0,1.0,1,1,1,1
2195,1.0373488372093023,1.1191555555555557,1.0,1.0,1,1,1,1
36,1.1022291743344375,1.02,1.0,1.0,1,1,1,1
2986,1.098090909090909,0.9968484848484849,1.0,1.0,1,1,1,1
2048,1.037212121212121,1.0468235294117647,1.0,1.0,1,1,1,1
2326,1.0758521505376344,1.0505833333333334,0.8,1.0,1,1,1,1
3012,1.1693596757852078,1.0784385265896894,1.0,0.8,1,1,1,1
528,1.0192172413793104,1.1266333333333334,1.0,1.0,1,1,1,1
2987,1.0950666666666666,1.059257142857143,1.0,1.0,1,1,1,1
2049,1.0444705882352943,1.0973333333333333,1.0,1.0,1,1,1,1
2813,1.2463125996810207,1.0383601558541162,1.0,1.0,1,1,1,1
2739,1.1274550997656587,1.1759738372093023,1.0,1.0,1,1,1,1
585,1.06192987012987,1.0181879372282094,1.0,1.0,1,1,1,1
1614,1.0558345697574907,1.1914723427832672,1.0,1.0,1,1,1,1
1908,1.049595744680851,1.123279365079365,0.8,1.0,1,1,1,1
2352,1.1168835034013604,1.1015426507363155,0.6,1.0,1,1,1,1
2547,1.190878426060313,1.1314421335943234,1.0,1.0,1,1,1,1
1838,1.0613329032258063,1.1313417593528816,1.0,1.0,1,1,1,1
2396,1.041625,1.0981817204301074,1.0,1.0,1,1,1,1
2327,1.05,1.0069934541265186,1.0,1.0,1,1,1,1
529,1.1247906382978723,1.029785727495405,1.0,1.0,1,1,1,1
1629,1.0474153846153846,1.1275303605313094,1.0,1.0,1,1,1,1
1909,1.1284516441005803,1.0484597402597404,1.0,1.0,1,1,1,1
2033,1.0596675324675324,1.087913043478261,1.0,1.0,1,1,1,1
2323,1.05316,1.2474721674876847,1.0,1.0,1,1,1,1
2740,1.1256043758967,1.175343228200371,1.0,1.0,1,1,1,1
1615,1.0486702377930874,1.1895650555047133,1.0,1.0,1,1,1,1
1839,1.1369333333333334,1.073109068627451,1.0,1.0,1,1,1,1
2169,1.0475748663101605,1.0938952572481984,1.0,1.0,1,1,1,1
1622,1.0406324233716475,1.1196679748822607,1.0,1.0,1,1,1,1
1829,1.0536078431372549,1.1337630878438332,1.0,1.0,1,1,1,1
1449,0.9474957264957264,1.0498923320158102,1.0,1.0,1,1,1,1
175,1.1096521739130434,1.0497909407665504,1.0,1.0,1,1,1,1
2259,1.0486666666666666,1.0119,1.0,1.0,1,1,1,1
2885,1.0790212765957448,1.0684946031746032,1.0,0.8,1,1,1,1
337,1.0313383550931594,1.1107916666666666,1.0,1.0,1,1,1,1
2956,1.081027027027027,1.076638655462185,1.0,1.0,1,1,1,1
1962,1.0899444444444444,1.108962037962038,1.0,1.0,1,1,1,1
186,1.0580797342192692,1.0493529411764706,1.0,1.0,1,1,1,1
1433,0.9550000000000001,1.102340425531915,1.0,1.0,1,1,1,1
2503,1.1181176470588237,1.0911452991452992,1.0,1.0,1,1,1,1
2219,1.0435354691075514,1.0611135324766654,1.0,0.8,1,1,1,1
381,1.109673469387755,1.048846153846154,1.0,1.0,1,1,1,1
3001,1.08425,1.030663594470046,1.0,1.0,1,1,1,1
2036,1.08395841995842,1.0405263157894737,1.0,1.0,1,1,1,1
2878,1.0707251148105628,1.0880346761856194,1.0,1.0,1,1,1,1
559,1.0306753319144621,1.0514553846153847,1.0,1.0,1,1,1,1
395,1.10844,1.1101666666666667,1.0,1.0,1,1,1,1
2023,1.0879097744360902,1.0773061224489795,1.0,1.0,1,1,1,1
2473,1.120731216931217,1.127175983436853,1.0,1.0,1,1,1,1
2291,1.0506415094339623,1.093160031225605,1.0,1.0,1,1,1,1
172,1.0574186046511627,1.190582854182854,1.0,1.0,1,1,1,1
2753,1.0504090909090908,1.121778429135586,1.0,1.0,1,1,1,1
2626,1.1094285714285714,1.2442400876105104,1.0,1.0,1,1,1,1
1813,1.1045641025641024,1.1363429787234043,1.0,1.0,1,1,1,1
460,1.0315217494089834,1.1694640092879258,1.0,1.0,1,1,1,1
2959,1.0894561403508773,1.1776711111111111,1.0,1.0,1,1,1,1
174,1.1127600000000002,1.059030303030303,1.0,1.0,1,1,1,1
1867,1.126410972469796,1.1418039215686275,1.0,1.0,1,1,1,1
2553,1.2341827586206897,1.1846051662174304,1.0,1.0,1,1,1,1
2059,1.0383320158102767,1.093575,1.0,1.0,1,1,1,1
502,1.0292230205019441,1.0888578629032257,1.0,1.0,1,1,1,1
2500,1.125668686868687,1.081349184149184,1.0,1.0,1,1,1,1
2789,1.1849906223358908,1.1257241071428572,1.0,1.0,1,1,1,1
111,1.0602782608695651,1.0632,1.0,1.0,1,1,1,1
1682,1.0554074074074073,1.169763997906855,1.0,1.0,1,1,1,1
1971,1.0964476327116213,1.1107058823529412,1.0,1.0,1,1,1,1
2538,1.1217121989121988,1.1980601630338472,1.0,1.0,1,1,1,1
2299,1.1579502457002457,1.0519636363636364,1.0,1.0,1,1,1,1
535,1.033922227046847,1.1238201516793067,1.0,1.0,1,1,1,1
1964,1.0994920634920635,1.2090997501249376,1.0,1.0,1,1,1,1
144,1.143184458398744,1.0651674375578168,1.0,1.0,1,1,1,1
2474,1.1748640350877193,1.126489898989899,1.0,1.0,1,1,1,1
1783,1.183013093289689,1.1714164150943396,1.0,1.0,1,1,1,1
178,1.0603652482269503,1.1263835616438356,1.0,1.0,1,1,1,1
1703,1.2214972934235062,1.167606302141453,1.0,1.0,1,1,1,1
198,1.0605246598639455,1.181487421383648,1.0,1.0,1,1,1,1
1658,1.168465934065934,1.1464067924528303,1.0,1.0,1,1,1,1
1927,1.1460283224400871,1.187339380196523,1.0,1.0,1,1,1,1
690,1.048857142857143,1.0774423005565863,1.0,0.8,1,1,1,1
226,0.888,1.0445454545454544,0.5,1.0,1,1,0,1
440,0.9981282051282051,1.0295187816886655,1.0,1.0,1,1,1,1
592,1.0364215686274512,1.0309360069386606,1.0,1.0,1,1,1,1
1123,1.0307907058001398,1.0869449204406365,1.0,1.0,1,1,1,1
499,1.0470357142857143,1.0298782905982906,1.0,1.0,1,1,1,1
1988,1.0893818181818182,1.1246565977742446,1.0,1.0,1,1,1,1
2397,1.0484831018038565,1.08464126984127,1.0,1.0,1,1,1,1
444,1.0311919191919192,1.0366085219321526,1.0,1.0,1,1,1,1
2062,1.0401371428571429,1.0854857142857144,1.0,1.0,1,1,1,1
348,1.0764617733990147,1.1061568627450982,1.0,1.0,1,1,1,1
504,1.0402035802518417,1.0865899621212123,1.0,1.0,1,1,1,1
593,1.044926770399412,1.0370299145299144,1.0,1.0,1,1,1,1
903,1.0724142857142858,1.0667448916408668,1.0,1.0,1,1,1,1
222,1.293625,1.1163846153846153,1.0,1.0,1,1,1,1
2168,1.0852714285714284,1.038523404255319,1.0,1.0,1,1,1,1
305,1.160764705882353,1.0639607182940516,1.0,1.0,1,1,1,1
492,1.0574215533758724,1.0443988095238095,1.0,1.0,1,1,1,1
481,1.0867430830039526,1.0587922807017542,1.0,1.0,1,1,1,1
2221,1.0747300612525916,1.0450927643784786,1.0,1.0,1,1,1,1
420,1.1183396226415094,1.0770397946084724,1.0,1.0,1,1,1,1
2274,1.0771194087273464,1.0845183627698345,1.0,1.0,1,1,1,1
339,1.0571875092565761,1.1155925925925927,1.0,1.0,1,1,1,1
549,1.2216916843826129,1.053774198264211,1.0,1.0,1,1,1,1
2404,1.0781461412151068,1.0835141216991964,1.0,1.0,1,1,1,1
556,1.0841040737176684,1.0526923762325981,1.0,1.0,1,1,1,1
1998,1.0902608695652174,1.0959098972922503,1.0,1.0,1,1,1,1
362,1.1172,1.1653196107315238,1.0,1.0,1,1,1,1
509,1.080638146167558,1.0483824776429667,1.0,1.0,1,1,1,1
411,1.1100714285714286,1.0897655736105067,1.0,1.0,1,1,1,1
2829,1.2237970674486802,1.0795348837209302,1.0,1.0,1,1,1,1
1669,1.0926666666666667,1.1704881268828635,1.0,1.0,1,1,1,1
419,1.072009090909091,1.110842105263158,1.0,1.0,1,1,1,1
691,1.040794098143236,1.0317391304347825,0.8,1.0,1,1,1,1
1956,1.081923426346528,1.0885681632653061,1.0,1.0,1,1,1,1
1752,1.2314088992974237,1.1725074886799025,1.0,1.0,1,1,1,1
370,1.1118620689655172,1.08872,1.0,1.0,1,1,1,1
363,1.1161694915254237,1.16952955574271,1.0,1.0,1,1,1,1
408,1.1153333333333335,1.229671283309958,1.0,1.0,1,1,1,1
356,0.9391333333333334,1.111311475409836,1.0,1.0,1,1,1,1
39,1.1273414492753624,1.154,1.0,1.0,1,1,1,1
2997,1.0699999999999998,1.0210850850850852,1.0,1.0,1,1,1,1
989,1.1205882352941177,1.2285052555010003,0.5,1.0,1,1,0,1
2192,1.0370782608695652,1.1083076923076924,1.0,1.0,1,1,1,1
1437,0.9383750000000001,1.1270631578947368,1.0,1.0,1,1,1,1
32,1.1140322580645161,1.1115,1.0,1.0,1,1,1,1
1588,1.0335558441558441,1.1424475524475524,1.0,1.0,1,1,1,1
2834,1.2286856060606062,1.0710196078431373,1.0,1.0,1,1,1,1
1003,0.9581111111111111,1.0207556390977444,1.0,1.0,1,1,1,1
2183,1.0402352941176471,1.2120509545049063,1.0,1.0,1,1,1,1
41,1.0224,1.0851223769408356,1.0,1.0,1,1,1,1
1628,1.0325046483402747,1.1284038778123284,1.0,1.0,1,1,1,1
2627,1.104754716981132,1.2247707209634715,1.0,1.0,1,1,1,1
2258,1.0375692307692308,1.022525198938992,1.0,1.0,1,1,1,1
40,1.0396666666666667,1.1348824786324787,1.0,1.0,1,1,1,1
2217,1.2233116934046344,1.0425936139332366,1.0,1.0,1,1,1,1
2685,1.0168666666666666,1.1024444444444446,1.0,1.0,1,1,1,1
34,1.0002857142857144,0.9368877005347593,1.0,1.0,1,1,1,1
978,1.0252631578947367,1.0347407407407407,1.0,1.0,1,1,1,1
1637,1.0844735395046354,1.0164335703388907,1.0,1.0,1,1,1,1
366,1.121746031746032,1.1430822102425877,1.0,1.0,1,1,1,1
2193,1.0397103896103896,1.1019272727272726,1.0,1.0,1,1,1,1
42,1.03225,1.0850259961321462,1.0,1.0,1,1,1,1
2594,1.0726153846153845,1.214441431491064,1.0,1.0,1,1,1,1
2269,1.0787377091377093,1.114580100785187,1.0,1.0,1,1,1,1
2124,1.1629522546419098,1.0302474948090639,1.0,1.0,1,1,1,1
2920,1.0352087912087913,1.0442296296296294,1.0,1.0,1,1,1,1
1052,1.041122807017544,1.0137970588235294,1.0,1.0,1,1,1,1
2392,1.0989955357142858,1.0798546218487395,0.5,1.0,1,1,0,1
560,1.0705420765027323,1.0457335168671573,1.0,1.0,1,1,1,1
2313,1.0410344827586209,1.1093402181576875,1.0,1.0,1,1,1,1
1050,1.023190243902439,1.0861539068977772,1.0,1.0,1,1,1,1
1782,1.0499500000000002,1.168081448301605,1.0,1.0,1,1,1,1
2351,1.1760409200968522,1.0860004082465808,1.0,1.0,1,1,1,1
2960,1.0705596072931276,1.18816,1.0,1.0,1,1,1,1
2145,0.7615909090909091,1.022722792022792,1.0,1.0,1,1,1,1
2276,1.0828044871794873,1.0404279220779222,1.0,1.0,1,1,1,1
1686,1.0424406779661015,1.1646823063877898,1.0,1.0,1,1,1,1
2900,0.9326601307189544,1.0635197568389056,1.0,1.0,1,1,1,1
503,1.082452380952381,1.0443480093676816,1.0,1.0,1,1,1,1
2329,1.0494148797450014,1.0466333333333333,1.0,1.0,1,1,1,1
2402,1.0631458333333332,1.0831024503183486,1.0,1.0,1,1,1,1
558,0.953904761904762,1.043309481008023,1.0,1.0,1,1,1,1
1678,1.075788383838384,1.1580394550384399,1.0,1.0,1,1,1,1
2314,1.0394426229508196,1.1056864681295715,1.0,1.0,1,1,1,1
1090,1.0378045112781955,1.0572303523035231,1.0,1.0,1,1,1,1
1687,1.0413548387096774,1.1607184126984127,1.0,1.0,1,1,1,1
2901,0.9952222222222222,1.0604916797488226,1.0,1.0,1,1,1,1
2513,1.1921281512605042,1.187581152993348,1.0,1.0,1,1,1,1
2389,1.087792178932179,1.0846463963963964,1.0,1.0,1,1,1,1
2640,1.0719228070175437,1.1063214285714287,1.0,1.0,1,1,1,1
2824,1.06308,1.228592892315914,1.0,1.0,1,1,1,1
2318,1.0425714285714285,1.1387196115831455,1.0,1.0,1,1,1,1
394,1.11696875,1.1070175438596492,1.0,1.0,1,1,1,1
2884,1.0907133217659533,1.068188679245283,1.0,1.0,1,1,1,1
2840,1.2260325791855204,1.0551238095238094,1.0,1.0,1,1,1,1
2302,1.043875,1.1745550351288057,1.0,1.0,1,1,1,1
689,1.034578431372549,1.019863166023166,0.8,0.4,1,1,1,1
1089,1.0742962962962963,1.0517990033222593,1.0,1.0,1,1,1,1
427,1.1909804318488528,1.116523076923077,1.0,1.0,1,1,1,1
1891,1.2317354870266168,1.1480487329434699,1.0,1.0,1,1,1,1
2454,1.2159753402893343,1.181705247578863,1.0,1.0,1,1,1,1
422,1.0765454545454545,1.1171515151515152,1.0,1.0,1,1,1,1
1844,1.1492200626959248,1.2216660522273426,1.0,1.0,1,1,1,1
367,1.1167164179104478,1.1516422518159806,1.0,1.0,1,1,1,1
2002,0.9443783783783783,1.080618736383442,0.8,1.0,1,1,1,1
782,1.031820654234766,1.068519466073415,1.0,1.0,1,1,1,1
476,1.0406258304913476,1.1516929824561404,1.0,1.0,1,1,1,1
2548,1.212846905367574,1.137112837837838,1.0,1.0,1,1,1,1
2741,1.0672744279529993,1.1872303188028628,0.8,1.0,1,1,1,1
2485,1.157517316017316,1.227505291005291,1.0,1.0,1,1,1,1
758,1.0334490093240094,1.0361440886699507,1.0,1.0,1,1,1,1
536,1.0381226678562085,1.1343091358024693,1.0,1.0,1,1,1,1
1847,1.2123509201819687,1.1529638213680045,1.0,1.0,1,1,1,1
843,1.037940350877193,1.067493175980276,1.0,0.8,1,1,1,1
2700,1.0588740144478845,1.2250358760282742,1.0,1.0,1,1,1,1
2514,1.157919115497076,1.1919591964846201,1.0,1.0,1,1,1,1
2231,1.0,1.0454304783092325,0.5,1.0,0,1,0,1
2555,1.2228295795795794,1.2081522291328741,1.0,1.0,1,1,1,1
2478,1.137400513478819,1.149364966555184,1.0,1.0,1,1,1,1
2260,1.014210857592447,1.049645127118644,1.0,1.0,1,1,1,1
33,1.0288773491214669,1.018,1.0,1.0,1,1,1,1
104,1.0847777777777776,1.0537004081632653,1.0,1.0,1,1,1,1
1128,1.0511212121212121,1.0518479949874686,1.0,0.8,1,1,1,1
190,0.8859999999999999,1.0509960784313725,1.0,1.0,1,1,1,1
2600,1.2057106654228855,1.1903151515151515,1.0,1.0,1,1,1,1
279,1.0753421052631578,1.0464946962391515,1.0,1.0,1,1,1,1
206,1.0133452380952381,1.0559668174962293,1.0,1.0,1,1,1,1
1879,1.141063057424503,1.1536424275560415,1.0,1.0,1,1,1,1
2003,0.9962368421052631,1.0834010989010987,0.8,1.0,1,1,1,1
157,1.0575558780841798,1.0444331797235022,1.0,1.0,1,1,1,1
1848,1.1596523809523809,1.205636688421324,1.0,1.0,1,1,1,1
1106,0.9373478260869564,1.0355171405525305,1.0,0.8,1,1,1,1
966,1.0240833333333332,1.0398820346320345,0.8,1.0,1,1,1,1
2906,1.034646934460888,0.9895311355311355,1.0,1.0,1,1,1,1
136,1.06061285814116,0.9724166666666667,1.0,1.0,1,1,1,1
1081,1.0716203389830508,1.0516929292929293,1.0,1.0,1,1,1,1
967,0.9586190476190476,1.0406521739130434,1.0,1.0,1,1,1,1
129,1.0595616161616161,1.02790670857883,1.0,1.0,1,1,1,1
975,1.0375272727272726,0.9789,1.0,1.0,1,1,1,1
185,1.0608292207792207,1.076326406926407,1.0,1.0,1,1,1,1
1448,0.9995018315018316,1.0766504777768036,1.0,1.0,1,1,1,1
1666,1.0852049446974625,1.1581441859530697,1.0,1.0,1,1,1,1
2777,1.136558608058608,1.06203219198127,1.0,1.0,1,1,1,1
2301,1.0410461538461537,1.1307235505420736,1.0,1.0,1,1,1,1
1923,1.1562085040983607,1.0341212121212122,1.0,1.0,1,1,1,1
3021,1.0107653276955602,1.1868138173302107,1.0,1.0,1,1,1,1
2571,1.2053231031543052,1.0841419494099735,1.0,1.0,1,1,1,1
2362,1.1050344827586207,1.0818586301369861,1.0,1.0,1,1,1,1
398,1.0588441224765768,1.1138235294117647,1.0,1.0,1,1,1,1
1770,1.1563369727047146,1.0661380090497738,1.0,1.0,1,1,1,1
1987,1.083688888888889,1.1330945644080417,1.0,1.0,1,1,1,1
2340,1.0375454545454545,1.0201675213675214,1.0,1.0,1,1,1,1
1836,1.1627146401985111,1.1375326398311474,1.0,1.0,1,1,1,1
2430,1.0021657754010695,1.0802510668563299,1.0,1.0,1,1,1,1
2665,1.1057627118644067,1.1914419920769665,1.0,1.0,1,1,1,1
389,1.1121449275362318,1.2022068415685547,1.0,1.0,1,1,1,1
2709,1.0892322976229007,1.0585898160220193,1.0,1.0,1,1,1,1
2030,1.0805302052785923,1.0855357142857143,1.0,0.8,1,1,1,1
2476,1.1304506251012991,1.1341093023255815,1.0,1.0,1,1,1,1
1684,1.042955223880597,1.15171856026573,1.0,1.0,1,1,1,1
2366,1.0563400305966344,1.0854469264069264,1.0,1.0,1,1,1,1
393,1.113457142857143,1.1037666666666666,1.0,1.0,1,1,1,1
2893,1.1917985769020252,1.0920696327218682,1.0,1.0,1,1,1,1
1912,1.070301886792453,1.1611601731601733,1.0,1.0,1,1,1,1
2363,1.109311475409836,1.0866072874493926,1.0,1.0,1,1,1,1
1732,1.1356372924648788,1.151608899944721,1.0,1.0,1,1,1,1
2902,0.9530877192982457,0.9790785714285715,1.0,1.0,1,1,1,1
1832,1.0915587703435805,1.1570256529850746,1.0,1.0,1,1,1,1
1784,1.186407309322034,1.154400287947347,1.0,1.0,1,1,1,1
1903,1.0929334980744545,1.155385067873303,1.0,1.0,1,1,1,1
1771,1.0744391534391533,1.155077969132317,1.0,1.0,1,1,1,1
1659,1.158827097594733,1.1582266139657444,1.0,1.0,1,1,1,1
962,0.9725073170731708,1.0,1.0,0.5,1,0,1,0
43,1.0196,0.874,1.0,1.0,1,1,1,1
260,1.0448908626494833,1.1,0.6,1.0,1,1,1,1
289,1.0928571428571427,1.103483870967742,1.0,1.0,1,1,1,1
31,1.0483636363636364,1.0340162907268171,1.0,0.8,1,1,1,1
2229,1.0425952380952381,0.8720000000000001,1.0,1.0,1,1,1,1
2903,1.0239655172413793,0.9798035714285716,1.0,1.0,1,1,1,1
2164,0.9906539682539682,1.0240760869565217,1.0,0.6,1,1,1,1
2143,1.1053794202683669,1.0866741460142566,1.0,1.0,1,1,1,1
44,1.0615,0.95,1.0,1.0,1,1,1,1
2904,1.0136024844720497,0.9587558761348092,1.0,1.0,1,1,1,1
2031,1.0888392857142857,1.0926666666666667,1.0,1.0,1,1,1,1
2165,1.0409547619047619,0.9876980676328502,1.0,1.0,1,1,1,1
153,1.1294107683000605,1.040872466216216,1.0,1.0,1,1,1,1
963,0.9759040404040406,1.034,1.0,1.0,1,1,1,1
2278,0.9364000000000001,1.071898617102441,1.0,0.8,1,1,1,1
2132,1.0694436995728522,1.1053650793650793,1.0,1.0,1,1,1,1
2230,1.0444534412955466,0.9613333333333334,1.0,1.0,1,1,1,1
304,1.056025974025974,1.0873816967403842,1.0,1.0,1,1,1,1
965,1.111,1.0612666666666666,1.0,1.0,1,1,1,1
2144,1.0961698395721924,1.0892897163684752,1.0,1.0,1,1,1,1
45,1.03,1.0786153846153845,1.0,1.0,1,1,1,1
2032,1.0936299840510366,1.0636262295081966,1.0,1.0,1,1,1,1
491,1.0405268065268065,0.9548472551771059,1.0,0.8,1,1,1,1
507,1.0911046725694749,1.0904224358974361,1.0,1.0,1,1,1,1
2290,0.9880195514663599,1.067730244116916,1.0,1.0,1,1,1,1
2268,1.10128125,1.0708055555555556,1.0,1.0,1,1,1,1
1652,1.0087290780141844,0.9467793986461668,1.0,1.0,1,1,1,1
1639,1.0841361142644224,1.0493000000000001,1.0,1.0,1,1,1,1
956,1.0368051257253386,1.0626666666666666,1.0,1.0,1,1,1,1
964,1.2045,1.072646002805049,1.0,1.0,1,1,1,1
220,1.108225352112676,1.0360978260869564,1.0,1.0,1,1,1,1
108,1.0732384570426652,1.111997566266045,1.0,1.0,1,1,1,1
750,1.0929513184584176,1.0342235972376372,1.0,1.0,1,1,1,1
102,1.0718813559322034,1.0418611111111111,1.0,1.0,1,1,1,1
1653,1.0079166666666668,1.0783576632838927,1.0,1.0,1,1,1,1
788,1.0636451612903226,1.030521385648639,1.0,1.0,1,1,1,1
957,1.1572,1.0176383333333334,1.0,1.0,1,1,1,1
336,1.1070277777777777,1.0767615361934246,1.0,1.0,1,1,1,1
2273,1.0865184854631509,1.0663248758963044,1.0,1.0,1,1,1,1
2662,1.0131836734693878,1.1036000000000001,1.0,1.0,1,1,1,1
221,1.03628,1.1120547945205481,1.0,1.0,1,1,1,1
959,1.0433902985074626,1.1686666666666667,1.0,1.0,1,1,1,1
113,1.0319759291846637,1.073274863387978,1.0,1.0,1,1,1,1
271,1.037923076923077,1.0944280871670702,1.0,1.0,1,1,1,1
103,1.0600185185185187,1.074464939185616,1.0,1.0,1,1,1,1
1869,1.0556883648100215,1.1586878464818764,1.0,1.0,1,1,1,1
1734,1.1318957871396897,1.1564087078250436,1.0,1.0,1,1,1,1
2456,1.1964641627543036,1.123258695652174,1.0,1.0,1,1,1,1
2843,1.2194478442682049,1.2072916666666667,1.0,0.8,1,1,1,1
1880,1.1313648301069448,1.15503314001657,1.0,1.0,1,1,1,1
1720,1.0613098428453267,1.1553718373863915,1.0,1.0,1,1,1,1
2515,1.090983606557377,1.114397086834734,1.0,1.0,1,1,1,1
2556,1.2180159660568008,1.1970071282243664,1.0,1.0,1,1,1,1
1786,1.1231935483870967,1.1532240052185256,1.0,1.0,1,1,1,1
2762,1.2152869616259447,1.1334809523809524,1.0,1.0,1,1,1,1
2601,1.1963307658415445,1.1280317460317462,1.0,1.0,1,1,1,1
2701,1.0628777777777778,1.214135762483131,1.0,1.0,1,1,1,1
2194,1.0456470588235294,1.1056363636363638,1.0,1.0,1,1,1,1
2557,1.2167416153052177,1.195125771402831,1.0,1.0,1,1,1,1
2637,1.0899566744746494,1.1063880597014926,1.0,1.0,1,1,1,1
984,0.9894202898550726,1.1131234610459964,0.8,1.0,1,1,1,1
960,1.0422941176470588,1.1300000000000001,1.0,1.0,1,1,1,1
2907,0.9744532613585246,0.9849166666666667,1.0,1.0,1,1,1,1
976,1.0891555555555557,1.0200238095238094,1.0,1.0,1,1,1,1
1080,0.9740875776397516,1.0076766091051805,1.0,1.0,1,1,1,1
2985,1.065238095238095,1.0072222222222222,1.0,1.0,1,1,1,1
961,1.1108374122687084,1.0925,1.0,1.0,1,1,1,1
2047,1.0881151971643777,1.0103859649122806,1.0,1.0,1,1,1,1
1004,1.0358699999999998,0.9878419675562533,1.0,1.0,1,1,1,1
2339,1.06021875,1.046463768115942,1.0,1.0,1,1,1,1
2061,1.0935857385398982,0.98316,1.0,1.0,1,1,1,1
1054,1.0163204232804233,1.045542857142857,1.0,1.0,1,1,1,1
2504,1.0698340588988475,1.1210031890990795,1.0,1.0,1,1,1,1
958,1.0101473389355742,1.0353333333333334,1.0,1.0,1,1,1,1
2905,0.9698739614994933,1.002676923076923,1.0,1.0,1,1,1,1
2975,0.9737627929220469,1.0678809523809523,1.0,1.0,1,1,1,1
1083,1.012646220159151,1.0687450132179763,1.0,1.0,1,1,1,1
1824,1.150909420289855,1.0641603091060987,1.0,1.0,1,1,1,1
3014,1.17575,1.043183085919928,0.8,0.8,1,1,1,1
1767,1.0092500000000002,1.1483518817824983,1.0,1.0,1,1,1,1
2436,1.1318544279250162,1.1037030411449016,1.0,0.4,1,1,1,1
1186,1.1753752913752913,1.025931192387749,1.0,1.0,1,1,1,1
35,1.15459770609319,1.0844285714285715,1.0,1.0,1,1,1,1
2443,0.9793333333333333,1.0308501683501683,1.0,1.0,1,1,1,1
537,1.1315793731041457,1.0465447103912833,1.0,1.0,1,1,1,1
38,1.0590666666666668,1.098556307435255,1.0,1.0,1,1,1,1
1132,1.0623376062623606,1.0189137452711223,1.0,1.0,1,1,1,1
109,1.076138248847926,1.0310165652614807,1.0,1.0,1,1,1,1
1661,1.1519882583170253,1.1598763575605682,1.0,1.0,1,1,1,1
2793,1.132145346681498,1.18003618272275,1.0,1.0,1,1,1,1
1170,0.959,1.0192308831306187,1.0,1.0,1,1,1,1
145,1.097876488095238,1.148406547392463,1.0,1.0,1,1,1,1
2271,1.064569532705006,1.130983075435203,1.0,1.0,1,1,1,1
586,1.0159024974253992,1.0006888198757764,1.0,1.0,1,1,1,1
2437,1.131041040804258,1.1582459770114943,1.0,1.0,1,1,1,1
130,1.0716485576923076,1.0231325165786218,1.0,1.0,1,1,1,1
1192,1.0239429563492064,1.0410299898682878,1.0,1.0,1,1,1,1
301,1.2127064929693963,1.0401043956043956,1.0,1.0,1,1,1,1
1213,1.0924213158305984,1.0,1.0,0.5,1,0,1,0
1225,1.098,1.218954479494564,1.0,1.0,1,1,1,1
375,1.1114864864864864,1.0451325051759834,1.0,1.0,1,1,1,1
2865,1.0825192184971626,1.0768174603174603,1.0,1.0,1,1,1,1
1230,1.08155,1.103,1.0,1.0,1,1,1,1
2185,1.1951362462462463,1.0453594684385383,1.0,1.0,1,1,1,1
293,1.0637041449997462,1.0194827586206896,0.8,1.0,1,1,1,1
1226,1.0866666666666667,1.0780140433460823,1.0,1.0,1,1,1,1
400,1.1106666666666667,1.0665654288240496,1.0,1.0,1,1,1,1
2559,1.1923232359716531,1.2177330792682928,1.0,1.0,1,1,1,1
1219,1.067945115910946,1.0345,1.0,1.0,1,1,1,1
755,1.0285831949058692,1.106718954248366,1.0,1.0,1,1,1,1
2408,1.0920310975609755,1.0635931623931625,1.0,1.0,1,1,1,1
2971,1.0291666666666668,1.0702497670083875,1.0,1.0,1,1,1,1
2431,1.1212966565349543,1.1237389477251545,1.0,1.0,1,1,1,1
1425,1.0494647887323945,1.0058653198653198,1.0,1.0,1,1,1,1
1229,1.0851036437246964,1.0548,1.0,1.0,1,1,1,1
979,1.061585170206515,1.0622564102564103,1.0,1.0,1,1,1,1
2046,1.1042051282051282,1.0056244384546271,1.0,1.0,1,1,1,1
2267,1.0595981103552532,1.096483284457478,1.0,1.0,1,1,1,1
1450,1.086965552965553,1.0199037267080746,1.0,1.0,1,1,1,1
1212,1.0466111111111112,1.0213333333333332,1.0,1.0,1,1,1,1
2660,1.0775515151515151,1.1140294117647058,1.0,1.0,1,1,1,1
983,1.1246780586080587,1.0525968253968254,1.0,1.0,1,1,1,1
2957,1.0689202259887005,1.0007979797979798,1.0,1.0,1,1,1,1
2052,1.107675,1.049287327104755,1.0,1.0,1,1,1,1
2398,1.0886312658039565,1.080406289978678,1.0,1.0,1,1,1,1
1233,1.0697449118046134,1.0379999999999998,1.0,1.0,1,1,1,1
995,1.0688842105263157,1.0427987012987012,1.0,1.0,1,1,1,1
1961,1.1013800835551613,1.1049043151969982,1.0,1.0,1,1,1,1
1430,1.1252562724014337,1.0311666666666668,1.0,1.0,1,1,1,1
2341,1.0010007905138338,1.046082191780822,1.0,1.0,1,1,1,1
2680,1.0487739393939395,1.1159710144927535,1.0,1.0,1,1,1,1
2913,1.0810307475387126,1.0705075580157548,1.0,1.0,1,1,1,1
1417,1.1043333333333334,1.0172933333333334,1.0,1.0,1,1,1,1
2297,1.049,1.0943997835497836,1.0,1.0,1,1,1,1
1235,1.0725,1.0137319504643962,1.0,1.0,1,1,1,1
981,1.0878048780487806,1.037785440613027,1.0,1.0,1,1,1,1
2331,1.072584679089027,1.0508000000000002,1.0,1.0,1,1,1,1
1455,1.0610588235294118,1.0101861042183624,1.0,1.0,1,1,1,1
972,1.06,1.0585948717948717,1.0,1.0,1,1,1,1
1837,1.1539,1.1385958631885356,1.0,1.0,1,1,1,1
2528,1.1925221161010635,1.121457142857143,1.0,1.0,1,1,1,1
2827,1.2143805581299556,1.0749545078577336,1.0,1.0,1,1,1,1
3011,1.1780996488147497,1.0290648351648353,1.0,1.0,1,1,1,1
1667,1.1607476307476308,1.1063616799722318,1.0,1.0,1,1,1,1
988,1.1336277777777777,1.0625043988269796,1.0,1.0,1,1,1,1
2862,1.0809080205980404,1.0744929803879542,1.0,1.0,1,1,1,1
2240,1.0723567447045708,1.0478008962868117,1.0,1.0,1,1,1,1
2961,1.1799940323955669,1.0778834639340968,1.0,1.0,1,1,1,1
2521,1.1346305490729804,1.0194924378556454,1.0,1.0,1,1,1,1
990,1.2092651779115193,1.0494291666666666,1.0,1.0,1,1,1,1
1712,1.161465641025641,1.1212112676056338,1.0,1.0,1,1,1,1
1921,1.1536254506128336,1.0729142857142857,1.0,1.0,1,1,1,1
2575,1.1886739077976287,1.070202784891165,1.0,1.0,1,1,1,1
1945,1.1027192513368984,1.0471277777777777,1.0,1.0,1,1,1,1
2769,1.1349473207205167,1.0839916494133885,1.0,1.0,1,1,1,1
1893,1.152211302211302,1.2111877889080465,1.0,1.0,1,1,1,1
2502,1.07688125,1.1338872673119882,1.0,1.0,1,1,1,1
2184,1.1894438229991195,1.0480946992257296,1.0,1.0,1,1,1,1
1733,1.15845532271415,1.133665039929015,1.0,1.0,1,1,1,1
1001,1.0303808275058275,1.0108552669552668,1.0,1.0,1,1,1,1
2991,1.0711079812206572,1.1799478260869567,1.0,1.0,1,1,1,1
2005,1.0647222222222221,1.1015555555555554,1.0,1.0,1,1,1,1
2636,1.084374826938126,1.12075,1.0,1.0,1,1,1,1
2545,1.1338370804822417,1.1883155478839023,1.0,1.0,1,1,1,1
1674,1.0463691776883266,1.1547719325450667,1.0,1.0,1,1,1,1
1936,1.1456389743589743,1.0340876993321522,1.0,1.0,1,1,1,1
2509,1.1325835102364583,1.0617916666666667,1.0,1.0,1,1,1,1
2812,1.0813941679971792,1.216408475017914,1.0,1.0,1,1,1,1
2012,1.104695652173913,1.076450522317189,1.0,1.0,1,1,1,1
1780,1.154211803809843,1.052696212731668,1.0,1.0,1,1,1,1
1904,1.1465552964690207,1.0779660378544929,1.0,1.0,1,1,1,1
2778,1.07690022172949,1.1301182978723405,1.0,1.0,1,1,1,1
1713,1.1216712328767122,1.1564208894317893,1.0,1.0,1,1,1,1
2483,1.137807745917961,1.217702842696299,1.0,1.0,1,1,1,1
2572,1.191942982782113,1.078568685340621,1.0,1.0,1,1,1,1
2792,1.1304644085461177,1.182389939637827,1.0,1.0,1,1,1,1
1745,1.2171914225309575,1.157373752151463,1.0,1.0,1,1,1,1
2546,1.132405637254902,1.191982249918558,1.0,1.0,1,1,1,1
2760,1.2179536810167475,1.1328551696526874,1.0,1.0,1,1,1,1
1456,1.04483167989418,1.0488438438438439,0.8,1.0,1,1,1,1
2220,1.0317173076923076,1.0462866666666666,0.0,1.0,1,1,1,1
2272,1.0906226215644819,1.2177333333333333,0.6,1.0,1,1,1,1
987,1.021546218487395,1.0603495222749886,1.0,0.8,1,1,1,1
187,1.0722230494341871,1.0379675602175602,0.6,0.8,1,1,1,1
489,1.1399307927008155,1.1077027748455586,1.0,0.2,1,1,1,1
2294,1.1184574060949681,1.018859649122807,0.6,0.6,1,1,1,1
1075,1.1319551350904733,0.9646130718954249,0.8,0.8,1,1,1,1
2053,1.0742240410548398,1.0217373566748567,0.8,0.6,1,1,1,1
1120,1.1533530069304718,1.065091072556035,1.0,0.6,1,1,1,1
287,1.012,1.1899575115094525,0.8,0.8,1,1,1,1
2493,1.0411729055258467,1.1650089281356568,1.0,0.8,1,1,1,1
1989,1.0765285947712417,1.1324727272727273,1.0,1.0,1,1,1,1
1441,1.0581082251082252,1.2203011736608782,1.0,1.0,1,1,1,1
1870,1.0656718344336473,1.1447931818181818,1.0,1.0,1,1,1,1
338,1.1384473684210525,1.1081009916289224,0.8,1.0,1,1,1,1
1176,1.075143319546844,1.0668403263403263,1.0,1.0,1,1,1,1
2417,1.1807672745876971,1.1200534514581026,0.8,1.0,1,1,1,1
2576,1.1875393206058724,1.1270681426106959,1.0,1.0,1,1,1,1
945,1.0,0.9655541721687732,0.5,1.0,0,1,0,1
946,0.9663763157894737,1.24,1.0,1.0,1,1,1,1
2816,1.043596600331675,1.2247271314793053,0.8,1.0,1,1,1,1
1144,1.0275474156477693,1.1939470087221882,0.6,1.0,1,1,1,1
428,1.1363376623376624,1.1809573168080019,1.0,1.0,1,1,1,1
1814,1.145474833808167,1.0772085235920854,1.0,1.0,1,1,1,1
391,1.1368034188034188,1.1993553859761894,1.0,1.0,1,1,1,1
1896,1.228096183386506,1.1454732942266133,1.0,1.0,1,1,1,1
407,1.1374443704197201,1.2268221675836215,1.0,1.0,1,1,1,1
1423,1.0425812485913906,1.0439108485499464,1.0,1.0,1,1,1,1
1959,1.1130449687436983,1.0744771550497867,1.0,1.0,1,1,1,1
203,0.9801542288557215,1.0156861346915675,1.0,1.0,1,1,1,1
2734,1.0614069871222747,1.04304,1.0,1.0,1,1,1,1
994,1.0121587301587303,1.0328603846153848,1.0,1.0,1,1,1,1
382,1.13335,1.0327272727272727,1.0,1.0,1,1,1,1
2496,1.1595642719595767,1.0338240454076366,1.0,0.8,1,1,1,1
283,0.9999606569900686,1.0332137096774194,1.0,1.0,1,1,1,1
167,1.103821727329867,0.9990542740841247,1.0,1.0,1,1,1,1
2055,1.0477692307692308,1.0851215686274511,1.0,1.0,1,1,1,1
1434,1.030352380952381,1.0597014693503104,1.0,1.0,1,1,1,1
2243,1.0447787012987013,1.049242105263158,1.0,1.0,1,1,1,1
412,1.1320211640211642,1.0429872909698996,1.0,1.0,1,1,1,1
2303,1.1555970473970474,1.0460256410256412,1.0,1.0,1,1,1,1
997,1.0221644736842106,1.073467787114846,1.0,1.0,1,1,1,1
2867,1.0415714285714286,1.0399976727533118,1.0,1.0,1,1,1,1
2412,1.1090822795073698,1.044025974025974,1.0,1.0,1,1,1,1
985,1.1538433571004159,1.0251033386327504,1.0,1.0,1,1,1,1
1982,1.0595657794808064,1.0827356853672643,1.0,1.0,1,1,1,1
2247,1.048948717948718,1.178845731490084,1.0,1.0,1,1,1,1
340,1.1305033259423503,1.1068082065128457,1.0,1.0,1,1,1,1
2773,1.0987981818181818,1.130790595065312,1.0,1.0,1,1,1,1
2358,1.109072804972805,1.1954652602142577,1.0,1.0,1,1,1,1
1804,1.0747281866281866,1.192648224533716,1.0,0.8,1,1,1,1
1915,1.0743989769820972,1.143553012048193,1.0,1.0,1,1,1,1
2703,1.0606133551748458,1.2278964155256176,1.0,1.0,1,1,1,1
2462,1.1185405405405404,1.1681144067295626,1.0,1.0,1,1,1,1
516,1.1920835645868924,1.102829258035793,1.0,1.0,1,1,1,1
384,1.1086436610531627,1.1329282346778418,1.0,1.0,1,1,1,1
2795,1.1792771878420476,1.1321592591768346,1.0,1.0,1,1,1,1
2227,1.0762978129713425,1.0467112950340798,1.0,1.0,1,1,1,1
1697,1.1645093997671665,1.1157551595358817,1.0,1.0,1,1,1,1
2681,1.0766655462184873,1.11704,1.0,1.0,1,1,1,1
2722,1.0558308367431655,1.0691129568106312,1.0,1.0,1,1,1,1
1897,1.229986497545008,1.1487663139329807,1.0,1.0,1,1,1,1
376,1.0507448113207547,1.1270595238095238,1.0,1.0,1,1,1,1
2550,1.1924227504427463,1.130629302832244,1.0,1.0,1,1,1,1
2487,1.1642905335704081,1.2274138642966546,1.0,1.0,1,1,1,1
2746,1.0560360697909945,1.0631227422003284,1.0,1.0,1,1,1,1
2419,1.1090837398373983,1.1790837816764133,1.0,1.0,1,1,1,1
405,1.1263717647058824,1.131416164955074,1.0,1.0,1,1,1,1
1857,1.148261692969871,1.1199473684210528,1.0,1.0,1,1,1,1
2853,1.2269130102040817,1.1130625018999847,1.0,1.0,1,1,1,1
139,0.9734271099744245,1.0193482927012156,1.0,0.5,1,1,1,0
1096,1.0675992528470581,1.0115,0.6,0.6,1,1,1,1
949,1.232679330943847,1.214,1.0,1.0,1,1,1,1
241,1.1279738562091504,1.056268382352941,0.5,1.0,1,1,0,1
2908,1.0064684065934066,0.9876465201465202,0.6,0.8,1,1,1,1
126,0.9382609969740404,1.162,1.0,1.0,1,1,1,1
242,1.0398181818181818,1.0148426356589149,1.0,1.0,1,1,1,1
950,1.1229381266076919,1.2565,1.0,1.0,1,1,1,1
1097,1.0318181818181817,1.0664581572925753,1.0,1.0,1,1,1,1
397,1.1246368515205725,1.116961038961039,1.0,1.0,1,1,1,1
2384,1.0958430816495333,1.227754937693082,0.8,1.0,1,1,1,1
1294,1.2096762328513164,1.0910186935993387,1.0,1.0,1,1,1,1
1228,1.0373333333333332,1.0382631668800681,1.0,1.0,1,1,1,1
954,1.2832000000000001,1.0510823453042364,1.0,1.0,1,1,1,1
2669,1.1172564102564102,1.1800311757291477,1.0,1.0,1,1,1,1
1898,1.1494550294200057,1.2276709407665505,1.0,1.0,1,1,1,1
2004,1.0149579145159207,1.0799296740994855,1.0,1.0,1,1,1,1
1283,1.03993538647343,1.1557234848484848,1.0,1.0,1,1,1,1
952,1.2833333333333332,1.0529224082453494,1.0,1.0,1,1,1,1
2050,0.9900446428571429,1.090341137123746,0.8,1.0,1,1,1,1
2847,1.180755710955711,1.2269109200076636,1.0,1.0,1,1,1,1
1275,1.1464816382119754,1.054816513904357,1.0,1.0,1,1,1,1
2988,1.0292028070175439,1.0416643356643358,1.0,1.0,1,1,1,1
1171,0.9503636363636364,1.0636414408055712,1.0,1.0,1,1,1,1
1473,1.0558561844863732,1.119784515923993,1.0,0.8,1,1,1,1
445,1.0679252416756175,1.1018085243048945,1.0,1.0,1,1,1,1
1470,1.0776138278388279,1.0549834587834588,0.8,1.0,1,1,1,1
2224,1.0328799885156474,1.0316121407467098,0.8,1.0,1,1,1,1
623,1.0483333333333333,1.0208991228070174,0.5,0.4,1,1,0,1
2868,1.0286285885885884,1.0586960688758935,1.0,1.0,1,1,1,1
1152,1.0622966924840027,1.0551072615647263,1.0,1.0,1,1,1,1
951,1.238,1.0548585245164195,1.0,1.0,1,1,1,1
1766,1.0498076373491008,1.1888271371003278,1.0,0.8,1,1,1,1
2174,1.0372787139689579,1.1008498117591379,1.0,0.8,1,1,1,1
180,1.1301954801296266,0.9274338028169014,1.0,1.0,1,1,1,1
458,1.0312111436950147,1.1062770926657883,1.0,1.0,1,1,1,1
2311,1.0218481012658227,1.114911392405063,1.0,1.0,1,1,1,1
1979,1.085936996547756,1.0609038022270867,1.0,1.0,1,1,1,1
999,1.0007243107769423,1.0401838194826638,1.0,1.0,1,1,1,1
316,0.9323333333333335,1.0011331269349846,1.0,1.0,1,1,1,1
948,1.208,1.0573806594408097,1.0,1.0,1,1,1,1
1209,1.0426461538461538,1.1247109021047197,1.0,1.0,1,1,1,1
1451,1.0459399598393575,1.0204577702702704,1.0,1.0,1,1,1,1
1676,1.0387068177471792,1.1907779679144386,1.0,1.0,1,1,1,1
986,1.0220300576616366,1.11635,1.0,1.0,1,1,1,1
2295,1.0977925380222495,0.9961,1.0,1.0,1,1,1,1
230,1.029442857142857,1.1880000000000002,1.0,1.0,1,1,1,1
406,1.1224546615581097,1.1294504039323316,1.0,1.0,1,1,1,1
177,0.9295840375586855,1.0593170490048283,1.0,1.0,1,1,1,1
482,1.1081873820977677,1.0896221428571429,1.0,1.0,1,1,1,1
2241,1.0330083333333333,1.0356234063419418,1.0,1.0,1,1,1,1
415,1.119331168831169,1.0636495784916837,1.0,1.0,1,1,1,1
982,1.0994246650906225,1.0199282608695652,1.0,1.0,1,1,1,1
532,1.1058692072355403,1.0629659845521915,1.0,1.0,1,1,1,1
1740,1.1293009883198564,1.1908822990330346,1.0,1.0,1,1,1,1
137,1.0115652067231014,0.9295496031746031,1.0,1.0,1,1,1,1
1975,1.0875798970360373,1.116,1.0,1.0,1,1,1,1
470,1.1870618320066595,1.1076033830048486,1.0,1.0,1,1,1,1
993,1.0224970963995355,1.058768192374401,1.0,1.0,1,1,1,1
2730,1.0604377644631198,1.0341145679012347,1.0,1.0,1,1,1,1
377,1.0366688101506194,1.1175048430840762,1.0,1.0,1,1,1,1
1957,1.0985867826221762,1.0825952403202193,1.0,1.0,1,1,1,1
161,0.9924395061728395,0.9501387122416535,1.0,1.0,1,1,1,1
2719,1.063089806757426,1.063196903403086,1.0,1.0,1,1,1,1
155,0.9581083483483483,1.03589846932072,1.0,1.0,1,1,1,1
1691,1.1838496203796205,1.0962206925873796,1.0,1.0,1,1,1,1
2714,1.0341685829959515,1.0642421311738253,1.0,1.0,1,1,1,1
1670,1.1888977099455273,1.0836287231249453,1.0,1.0,1,1,1,1
2618,1.1168780487804877,1.057492196617193,1.0,1.0,1,1,1,1
341,1.1095615719866543,1.1178666666666666,1.0,1.0,1,1,1,1
181,1.1308226731599098,0.9692954385964911,1.0,1.0,1,1,1,1
1722,1.188390419168645,1.0592078644983511,1.0,1.0,1,1,1,1
72,0.999811507936508,1.039777711442786,0.2,1.0,1,1,1,1
539,1.1121079593691179,1.1314235232784804,1.0,1.0,1,1,1,1
2695,1.054301262315271,1.1288861147407947,1.0,1.0,1,1,1,1
253,1.020217893937236,1.0300793650793652,1.0,1.0,1,1,1,1
471,1.1136976671356373,1.1912835695956265,1.0,1.0,1,1,1,1
1242,1.0211251393534002,1.1203078431372548,1.0,1.0,1,1,1,1
1243,1.1167137973137973,1.018114022555099,1.0,1.0,1,1,1,1
1034,1.0073426406926407,1.0141695755225166,0.8,1.0,1,1,1,1
184,1.0175704032809296,1.0519442495126705,0.6,1.0,1,1,1,1
2066,0.856423076923077,1.0348992728125732,1.0,1.0,1,1,1,1
2937,0.9207692307692307,1.0380542079871349,1.0,0.8,1,1,1,1
373,1.1135384615384614,0.9824761904761905,1.0,1.0,1,1,1,1
193,1.0437838827838828,1.0680135988343857,1.0,1.0,1,1,1,1
2995,1.0429865426618756,1.0837668859649123,1.0,1.0,1,1,1,1
1044,1.017179381090297,1.08039934318555,1.0,1.0,1,1,1,1
2222,1.0466277056277056,1.031421564828614,1.0,1.0,1,1,1,1
2110,1.0839103949190907,1.0036439393939394,1.0,1.0,1,1,1,1
128,0.9899041633472013,1.0214351712942231,1.0,1.0,1,1,1,1
2951,1.0416477832512316,1.0665277777777777,1.0,1.0,1,1,1,1
1418,1.0095785714285714,1.0744540662166506,1.0,1.0,1,1,1,1
2872,1.0472260268467166,0.9195714285714285,1.0,1.0,1,1,1,1
2106,1.0419556502905079,1.0046986714975845,1.0,1.0,1,1,1,1
357,1.010255758807588,1.109953804347826,1.0,1.0,1,1,1,1
1049,1.0211667969302458,1.0325369592563374,1.0,1.0,1,1,1,1
1419,1.0003737603149367,0.9899833333333333,1.0,1.0,1,1,1,1
2009,0.9368000000000001,1.0743158289572392,1.0,1.0,1,1,1,1
1085,1.0655493304602124,1.0123537360890302,1.0,1.0,1,1,1,1
2992,1.1809585690851514,1.0476139534883722,1.0,1.0,1,1,1,1
2091,1.0105454545454546,1.2243070588235294,1.0,1.0,1,1,1,1
1198,1.0044004038568328,1.0104761904761905,1.0,1.0,1,1,1,1
82,1.1280284705666606,1.1366329365079364,1.0,1.0,1,1,1,1
2684,1.1146265060240963,1.077027456940223,1.0,1.0,1,1,1,1
378,1.113468230694037,1.0376195360195362,1.0,1.0,1,1,1,1
146,1.0926841175931021,1.147735632183908,1.0,1.0,1,1,1,1
1777,1.0692672672672674,1.1901218675707887,1.0,1.0,1,1,1,1
1969,1.0749823139025725,1.1869086457856364,1.0,1.0,1,1,1,1
513,1.1602527270482326,1.1125598187839123,1.0,1.0,1,1,1,1
1817,1.143077807486631,0.9920167727009833,1.0,1.0,1,1,1,1
424,1.0479363591604516,1.1108660826032541,1.0,1.0,1,1,1,1
2057,1.074185410727484,1.0725378787878788,1.0,1.0,1,1,1,1
2537,1.1885449605949605,1.114904761904762,1.0,1.0,1,1,1,1
1475,1.060999671592775,0.9973145743145743,1.0,1.0,1,1,1,1
66,1.0818055555555555,1.0098666666666667,1.0,1.0,1,1,1,1
474,1.111231386126117,1.1889501765125017,1.0,1.0,1,1,1,1
2250,1.0402433456873317,1.181315054249548,1.0,1.0,1,1,1,1
2507,1.1598820543859363,1.068755457875458,1.0,1.0,1,1,1,1
183,1.225711072032389,1.1353074074074074,1.0,1.0,1,1,1,1
1467,1.0030835371819962,1.131811915069058,1.0,1.0,1,1,1,1
497,1.108355174862686,1.037718865353648,1.0,1.0,1,1,1,1
2112,0.9833796296296298,1.070007295671892,1.0,1.0,1,1,1,1
2147,1.052588946845504,1.124794099378882,1.0,1.0,1,1,1,1
173,1.1841996578987561,1.0940479373682626,1.0,1.0,1,1,1,1
2634,1.1149882352941176,1.2251521449366867,1.0,1.0,1,1,1,1
1816,1.0812113579744778,1.145028481839561,1.0,1.0,1,1,1,1
1798,1.1893416083387203,1.1828791297935104,1.0,1.0,1,1,1,1
947,1.00225,1.1898,1.0,1.0,1,1,1,1
2954,1.0453146994134896,1.066641876430206,1.0,1.0,1,1,1,1
387,1.159431087302088,1.1126105263157895,1.0,1.0,1,1,1,1
204,1.0681673246949992,1.062996345607571,1.0,1.0,1,1,1,1
2201,1.0461540566959922,1.1128372093023255,1.0,1.0,1,1,1,1
1199,1.008300959258854,1.0249897292250234,1.0,1.0,1,1,1,1
1700,1.160036973448234,1.1840944431174267,1.0,1.0,1,1,1,1
371,1.0762669552669553,1.1105,1.0,1.0,1,1,1,1
1852,1.1464038314176244,1.187625179192278,1.0,1.0,1,1,1,1
569,1.073954754922497,1.1022726753246754,1.0,1.0,1,1,1,1
1173,0.93825,1.0570293993498432,1.0,1.0,1,1,1,1
980,1.0213736796536796,0.9920325203252032,1.0,1.0,1,1,1,1
91,1.068803765227021,1.0451723720418271,1.0,1.0,1,1,1,1
2181,1.0440204826929185,1.153571771918546,1.0,1.0,1,1,1,1
1111,1.0314285714285714,1.059783278860293,0.5,1.0,1,1,0,1
342,1.1026728384228384,1.1151719141822234,1.0,1.0,1,1,1,1
2612,1.0785141835873104,1.1830061209640736,1.0,1.0,1,1,1,1
1231,1.0247055555555555,1.0499410951364558,1.0,1.0,1,1,1,1
73,1.1135,1.0733454545454546,1.0,1.0,1,1,1,1
409,1.114187969924812,1.223979364547962,1.0,1.0,1,1,1,1
1711,1.1835001357119328,1.187300542196977,1.0,1.0,1,1,1,1
75,1.1847777777777777,1.0566402722880983,1.0,1.0,1,1,1,1
1285,1.05110756302521,1.1471543133195308,1.0,1.0,1,1,1,1
2519,1.1565845163180763,1.184828792849332,1.0,1.0,1,1,1,1
1864,1.1479605394605394,1.11383908045977,1.0,1.0,1,1,1,1
95,0.9349411764705883,1.0784191750278707,1.0,1.0,1,1,1,1
1760,1.1864042256191492,1.2237467343976778,1.0,1.0,1,1,1,1
74,1.1014666666666666,1.1111111433247605,1.0,1.0,1,1,1,1
2678,1.11625,1.1841439471566009,1.0,1.0,1,1,1,1
68,1.176046742490291,1.1120800366300365,1.0,1.0,1,1,1,1
1799,1.1854820289952166,1.187970858804677,1.0,1.0,1,1,1,1
59,1.1105183862433863,1.1552727272727272,1.0,1.0,1,1,1,1
461,1.0999386942674676,1.1824976520923278,1.0,1.0,1,1,1,1
2742,1.0555652315005255,1.1894109028226676,1.0,1.0,1,1,1,1
2375,1.1271567398119122,1.0895969827137353,1.0,1.0,1,1,1,1
2596,1.0095331564986736,1.1796992953695713,1.0,1.0,1,1,1,1
386,1.1091670551670552,1.1540967256084875,1.0,1.0,1,1,1,1
1072,1.111191011235955,1.0082818735363,1.0,1.0,1,1,1,1
1914,1.073064375340971,1.1442269174401565,1.0,1.0,1,1,1,1
2693,1.0530097193261168,1.122619158484327,1.0,1.0,1,1,1,1
1750,1.1820640970129823,1.2214619422650925,1.0,1.0,1,1,1,1
2418,1.1027160631994735,1.1905279974031395,1.0,1.0,1,1,1,1
2512,1.1503091073352336,1.000629001883239,1.0,1.0,1,1,1,1
1084,0.9965064791838986,1.0727792138574284,1.0,1.0,1,1,1,1
390,1.11157,1.17965646255981,1.0,1.0,1,1,1,1
1856,1.1436752688172043,1.115111111111111,1.0,1.0,1,1,1,1
508,1.0977129257925793,1.0978474320786535,1.0,1.0,1,1,1,1
2763,1.1246066249663706,1.2186367575122292,1.0,1.0,1,1,1,1
2461,1.1521920575129339,1.1140439560439561,1.0,1.0,1,1,1,1
1066,0.9997401043901044,1.177850162778079,1.0,1.0,1,1,1,1
1788,1.1824320160037982,1.1921017613139884,1.0,1.0,1,1,1,1
2382,1.218891422390522,1.0976265240641712,1.0,1.0,1,1,1,1
368,1.1114170490219752,1.1436513911620296,1.0,1.0,1,1,1,1
2531,1.1761655349223947,1.115021739130435,1.0,1.0,1,1,1,1
315,1.0446848016848018,0.9214444444444444,1.0,1.0,1,1,1,1
64,1.058315372997495,1.1165855462184875,1.0,1.0,1,1,1,1
1707,1.1795166664492438,1.180423455654856,1.0,1.0,1,1,1,1
1895,1.2192288098375055,1.139033638443936,1.0,1.0,1,1,1,1
361,1.1835372693542805,1.1160392156862744,1.0,1.0,1,1,1,1
243,1.0624462242562929,1.1555719173821077,1.0,1.0,1,1,1,1
2844,1.2202811909275362,1.1912341170323928,1.0,1.0,1,1,1,1
1789,1.1830608820489512,1.1909256894790603,1.0,1.0,1,1,1,1
968,1.0007546820557491,0.975678195189823,1.0,0.8,1,1,1,1
2333,0.9950843373493976,0.9125263157894737,1.0,1.0,1,1,1,1
627,1.3855384615384616,1.0935440055361685,1.0,1.0,1,1,1,1
2198,1.1121505376344085,1.0409371517027863,1.0,1.0,1,1,1,1
2610,1.0739196581196582,1.1714267017532318,1.0,1.0,1,1,1,1
501,1.0382142857142855,1.097068100167063,1.0,1.0,1,1,1,1
834,1.114965003386769,1.0830543596121953,0.0,0.8,1,1,1,1
1330,1.1236101029142476,1.0504196898563096,0.8,0.4,1,1,1,1
2696,1.1216427570347403,1.049129374178822,1.0,1.0,1,1,1,1
1482,1.0645454545454545,1.0724583333333333,1.0,1.0,1,1,1,1
590,1.094373571980917,1.0719608262692553,1.0,1.0,1,1,1,1
628,1.1703687669469318,1.2924285714285713,1.0,1.0,1,1,1,1
809,1.1145052447552448,1.0030944444444443,1.0,1.0,1,1,1,1
2354,1.1226364443084456,1.0912986998573015,1.0,1.0,1,1,1,1
2204,1.051270386476269,1.042805316091954,1.0,1.0,1,1,1,1
1479,1.1104468085106383,1.0224666666666669,1.0,1.0,1,1,1,1
1991,1.0079308080458975,1.1193099160945843,1.0,1.0,1,1,1,1
2337,1.0473228758169935,1.0738559246531756,1.0,1.0,1,1,1,1
1370,1.086375797046605,0.9984109589041095,1.0,1.0,1,1,1,1
1480,1.0351282051282051,1.0480253465137888,1.0,1.0,1,1,1,1
2405,1.0982945497508605,1.071998506719761,1.0,1.0,1,1,1,1
629,1.1577333333333333,1.1191275277317352,1.0,1.0,1,1,1,1
2306,1.0626697674418604,1.171588432007107,1.0,1.0,1,1,1,1
483,1.0903549051839365,0.9965828104623411,1.0,1.0,1,1,1,1
844,1.115936507936508,1.0459718429395173,1.0,1.0,1,1,1,1
2465,1.1159400224506482,1.1086736842105265,1.0,1.0,1,1,1,1
1337,1.045941411543362,1.0035746460746462,1.0,1.0,1,1,1,1
2428,1.0997613269952893,1.089309637010499,1.0,1.0,1,1,1,1
2319,1.0589341692789969,1.1219283463430476,1.0,1.0,1,1,1,1
431,1.064125,1.090101118741344,1.0,1.0,1,1,1,1
817,1.1157949138638228,1.0508571428571427,1.0,1.0,1,1,1,1
2646,1.1096666666666666,1.0698936351466473,1.0,1.0,1,1,1,1
2369,1.095867008643103,1.046698635631158,1.0,1.0,1,1,1,1
1481,1.1212796374927312,1.0368833333333334,1.0,1.0,1,1,1,1
524,1.094906598256648,1.1102474226804122,1.0,1.0,1,1,1,1
591,1.0912987318795326,1.0955464455753705,1.0,1.0,1,1,1,1
2212,1.0468200344926704,1.1215549252779298,1.0,1.0,1,1,1,1
847,1.0555530303030303,1.1163595148140784,1.0,1.0,1,1,1,1
2360,1.0955138559994568,1.1714751220356963,1.0,1.0,1,1,1,1
1110,1.0601126568345183,1.0196541752500372,1.0,1.0,1,1,1,1
540,1.0963359139998676,1.12333081244044,1.0,1.0,1,1,1,1
2307,1.1722489148523567,1.0556490924805533,1.0,1.0,1,1,1,1
2320,1.1212031746031745,1.05044126984127,1.0,1.0,1,1,1,1
519,1.0978016891112008,1.1724882983435203,1.0,1.0,1,1,1,1
1282,1.03917688172043,1.14710661268556,1.0,1.0,1,1,1,1
131,1.0469380697392745,1.0649863306849725,1.0,1.0,1,1,1,1
89,1.0445492811409287,1.1113743520396664,1.0,1.0,1,1,1,1
2941,0.9095000000000001,1.0858226753099758,1.0,1.0,1,1,1,1
953,1.040108170445455,1.1225,1.0,1.0,1,1,1,1
105,1.0248169467787114,1.0744145299145298,1.0,1.0,1,1,1,1
1274,1.0436582504580278,1.1341083333333333,1.0,1.0,1,1,1,1
1172,1.0717165854978354,0.9292380952380952,1.0,1.0,1,1,1,1
240,1.074,1.1081872936048947,1.0,1.0,1,1,1,1
955,1.0915384615384616,1.078679360249847,1.0,1.0,1,1,1,1
1474,1.0528144751510884,1.009441928626271,1.0,1.0,1,1,1,1
2873,0.9523636363636363,1.0415910185185184,1.0,1.0,1,1,1,1
205,1.090221817116806,1.0207121572820523,1.0,1.0,1,1,1,1
252,1.0694187276138496,1.0145197606315253,1.0,1.0,1,1,1,1
2909,1.0543426197458454,0.9555652173913044,1.0,1.0,1,1,1,1
2720,1.0459180528631284,1.0460265947995586,1.0,1.0,1,1,1,1
624,0.9852301587301587,0.9676,1.0,1.0,1,1,1,1
297,1.0486744564708474,1.0697513227513227,1.0,1.0,1,1,1,1
2310,1.0447443223443222,1.1092244897959183,1.0,1.0,1,1,1,1
1990,0.961823727690749,1.1213281273725082,0.8,1.0,1,1,1,1
2254,1.0846947914110578,1.0449521443947674,1.0,1.0,1,1,1,1
1765,1.179524757546039,1.0389187541045126,1.0,1.0,1,1,1,1
2353,1.091833862465149,1.1131927615078259,1.0,1.0,1,1,1,1
1458,1.0119225146198831,1.1920909150447188,0.8,1.0,1,1,1,1
1922,1.0382867519496732,1.1354952956989246,1.0,1.0,1,1,1,1
110,1.031159796845763,1.1529102292508144,1.0,0.8,1,1,1,1
1805,1.0873935727296382,1.1794913933823596,1.0,1.0,1,1,1,1
1953,0.8945085989621943,1.0385054347826086,1.0,1.0,1,1,1,1
2622,1.121227192622951,1.1091515151515152,1.0,1.0,1,1,1,1
2228,1.0357488810741688,1.043584295183385,1.0,1.0,1,1,1,1
2517,1.112972857258801,1.1920347419518151,1.0,1.0,1,1,1,1
1427,1.092111589367563,1.0040755735492577,1.0,1.0,1,1,1,1
477,1.1530027510105405,1.1349302478613732,1.0,1.0,1,1,1,1
196,1.016151582566488,1.0359388480392158,1.0,1.0,1,1,1,1
2209,1.0447232564955338,1.1204616418533515,1.0,1.0,1,1,1,1
2346,1.0848302511620482,1.0441049968374447,1.0,1.0,1,1,1,1
1415,1.1312818474758324,1.04855,1.0,1.0,1,1,1,1
2510,1.0382329670329669,1.1104980255155836,1.0,1.0,1,1,1,1
2805,1.0950939375639375,1.120942524205712,1.0,1.0,1,1,1,1
1714,1.10872,1.1790995791047352,1.0,1.0,1,1,1,1
577,1.1544027386078848,1.192228665443953,1.0,1.0,1,1,1,1
1840,1.1102279632132572,1.1313125,1.0,1.0,1,1,1,1
1472,1.0419885155494912,1.0154038609357883,1.0,1.0,1,1,1,1
970,1.0685537196356276,1.0042727272727272,1.0,0.8,1,1,1,1
587,1.0932456176183925,1.1524893645002394,1.0,1.0,1,1,1,1
2463,1.1066930693069306,1.1097827098078867,1.0,1.0,1,1,1,1
308,1.0497866498674437,1.0729969332992588,1.0,1.0,1,1,1,1
1183,1.0820528125155797,0.973352380952381,1.0,1.0,1,1,1,1
463,1.1547972787981504,1.1792595550437655,1.0,1.0,1,1,1,1
992,0.980502380952381,1.0406428571428572,1.0,1.0,1,1,1,1
2670,1.1070980392156862,1.1924714950911641,1.0,1.0,1,1,1,1
236,1.0836710578463615,1.0835864308105687,1.0,1.0,1,1,1,1
578,1.1556576351981964,1.1965503480733406,1.0,1.0,1,1,1,1
1159,1.044433355871084,1.081644985313086,1.0,1.0,1,1,1,1
309,1.0950666666666666,1.0466897967735176,1.0,1.0,1,1,1,1
1442,1.0412845528455283,1.2181630837247859,1.0,1.0,1,1,1,1
1668,1.0678532464508836,1.1764612201636284,0.6,1.0,1,1,1,1
1000,0.9762086356821589,1.1956593840103693,1.0,1.0,1,1,1,1
538,1.1549937172260059,1.1209145980878974,1.0,1.0,1,1,1,1
977,1.0584289914808978,0.9721984724495363,1.0,1.0,1,1,1,1
1790,1.1824830869777974,1.197036842105263,1.0,1.0,1,1,1,1
1439,1.0327900432900434,1.1196751304251304,1.0,1.0,1,1,1,1
311,1.0874051542777,1.038095557191949,1.0,1.0,1,1,1,1
547,1.1548368044162522,1.2180788982741473,1.0,1.0,1,1,1,1
1736,1.1200736250074004,1.1799515563249652,1.0,1.0,1,1,1,1
991,0.9852879330943847,1.215783051378446,1.0,1.0,1,1,1,1
312,1.0770045369211514,1.0445526709463127,1.0,1.0,1,1,1,1
462,1.1840529306584293,1.155299451187482,1.0,1.0,1,1,1,1
2845,1.2196310365207872,1.1970886278270598,1.0,1.0,1,1,1,1
2099,0.9582894736842105,1.0022424242424244,0.8,1.0,1,1,1,1
2869,1.052202993579611,1.048241032991033,1.0,1.0,1,1,1,1
575,1.1567048094634282,1.1968989205198337,1.0,1.0,1,1,1,1
625,1.0039325757575759,0.9612222222222222,1.0,1.0,1,1,1,1
1420,1.0343466127401417,1.027728494623656,1.0,1.0,1,1,1,1
896,1.1149953703703703,1.0470953985420173,1.0,1.0,1,1,1,1
721,1.0438897297471,1.0,0.8,0.5,1,0,1,0
2595,1.0714482382696668,1.0369888010540185,0.6,1.0,1,1,1,1
2647,1.0766087301587302,1.101883495145631,0.6,1.0,1,1,1,1
621,1.032280303030303,0.9430977443609022,1.0,1.0,1,1,1,1
1608,1.088254036343027,1.0485299911923636,1.0,0.2,1,1,1,1
1042,1.011100442086649,1.1305911340206185,1.0,1.0,1,1,1,1
2854,1.0814502463054187,1.2176020284701903,1.0,1.0,1,1,1,1
659,1.0,0.9498186792630314,0.5,0.8,0,1,0,1
2661,1.0377512958312187,1.1026923076923079,1.0,1.0,1,1,1,1
1056,1.0852656318233804,1.0090791402396053,1.0,1.0,1,1,1,1
1980,1.046631712987157,0.9856547641362076,1.0,1.0,1,1,1,1
2973,1.078290798048079,1.080352103960396,1.0,1.0,1,1,1,1
1910,1.0526090015594967,1.1316071933723983,1.0,1.0,1,1,1,1
1421,1.0254005341880341,1.0473866666666667,1.0,1.0,1,1,1,1
1634,1.048279893936921,1.2169178203439075,1.0,1.0,1,1,1,1
641,1.1123845721774948,0.746,1.0,1.0,1,1,1,1
720,1.0616963078930202,0.772,1.0,1.0,1,1,1,1
2399,1.087178243382354,1.050770243407708,1.0,1.0,1,1,1,1
2952,1.0749303167420814,1.033233647322311,1.0,1.0,1,1,1,1
719,0.9880000000000001,1.0631500584795321,1.0,0.8,1,1,1,1
821,1.1131563636363637,1.042840096325397,1.0,1.0,1,1,1,1
669,0.882,1.0764374806185875,1.0,1.0,1,1,1,1
1067,1.0085207253554132,1.066694303626601,1.0,1.0,1,1,1,1
1860,1.1316613190730838,1.1047238095238094,1.0,1.0,1,1,1,1
2704,1.21928178842782,1.0481746758050372,1.0,1.0,1,1,1,1
722,1.044,1.0702942041776993,1.0,1.0,1,1,1,1
656,1.0546666666666666,1.039947341023366,1.0,1.0,1,1,1,1
2370,1.0457836632579667,1.0910085630743525,1.0,1.0,1,1,1,1
2577,1.064113366882339,1.0440728641399852,1.0,1.0,1,1,1,1
2034,1.0306476559291204,1.0616244556132632,1.0,1.0,1,1,1,1
828,1.1144091149973503,1.130728349514563,1.0,1.0,1,1,1,1
1616,1.0888416712641142,1.045761486764858,1.0,1.0,1,1,1,1
718,0.9970000000000001,1.1126895604395606,1.0,1.0,1,1,1,1
2410,1.0341595238095238,1.0890612711619854,1.0,1.0,1,1,1,1
974,1.0098358974358974,0.9748163265306122,1.0,1.0,1,1,1,1
862,1.1129053264317916,1.1044528301886793,1.0,1.0,1,1,1,1
1873,1.1312890327494287,1.0474669309600864,1.0,1.0,1,1,1,1
2100,1.031670960618329,0.9074,1.0,1.0,1,1,1,1
2953,1.0337716092886207,1.0823912169919632,1.0,1.0,1,1,1,1
1635,1.0477953903108017,1.2198803148576007,1.0,1.0,1,1,1,1
869,1.050929078436065,1.113497076023392,1.0,1.0,1,1,1,1
149,1.1280775166525943,1.0153232039496083,1.0,1.0,1,1,1,1
2830,1.2195365237620472,1.1286033613445379,1.0,1.0,1,1,1,1
626,1.0485531590413943,0.9456,1.0,1.0,1,1,1,1
905,1.108785770750988,1.1078599945310363,1.0,1.0,1,1,1,1
2705,1.220067059673103,1.0556637088878105,1.0,1.0,1,1,1,1
2150,1.1395863660477454,0.9749166666666665,1.0,1.0,1,1,1,1
2479,1.1091310774714702,1.1090703485253375,0.6,1.0,1,1,1,1
2255,1.0635868006642109,1.043112254901961,0.8,1.0,1,1,1,1
1367,1.0242274436090226,1.1974794289679784,1.0,1.0,1,1,1,1
2592,0.9464761904761906,1.1230431725872865,1.0,0.8,1,1,1,1
2644,1.1031108144192256,1.1031588785046729,1.0,1.0,1,1,1,1
887,1.0568715034965035,1.1097832512315269,1.0,1.0,1,1,1,1
1322,1.0258390628978864,1.0425988443850478,1.0,1.0,1,1,1,1
1698,1.1099957786260115,1.1808584186341402,1.0,1.0,1,1,1,1
3016,1.0662747275910593,1.1971953535353534,1.0,1.0,1,1,1,1
557,1.0646731528770856,1.154643581131512,1.0,1.0,1,1,1,1
2946,1.0932085289514866,0.9463636363636365,1.0,1.0,1,1,1,1
2532,1.123748976948977,1.1043148148148147,1.0,1.0,1,1,1,1
2770,1.1100937850490964,1.0594977203889686,1.0,1.0,1,1,1,1
848,1.107493477282951,1.1037667279917058,1.0,1.0,1,1,1,1
2972,1.1044966870540265,1.0617314574314576,1.0,1.0,1,1,1,1
2187,1.043866466866467,1.1220660385903098,1.0,1.0,1,1,1,1
888,1.0622124542124542,1.1079818819403857,1.0,1.0,1,1,1,1
464,1.1569943690733164,1.1846673414304993,1.0,1.0,1,1,1,1
2671,1.196941468026502,1.1054678899082568,1.0,1.0,1,1,1,1
2609,1.1229486728184095,1.065407040403079,1.0,1.0,1,1,1,1
860,1.1050363636363636,1.1090645207235437,1.0,1.0,1,1,1,1
588,1.1544549357837193,1.0672015893971272,1.0,1.0,1,1,1,1
1715,1.107027027027027,1.1848330841843002,1.0,1.0,1,1,1,1
579,1.195904136857935,1.1548597887400955,1.0,1.0,1,1,1,1
1792,1.184054989357455,1.195350635615627,1.0,1.0,1,1,1,1
86,1.1070561853351326,1.0198079196217495,1.0,0.8,1,1,1,1
328,1.0685656565656565,0.9731565856416055,1.0,1.0,1,1,1,1
1174,0.96616,1.0799403425330634,1.0,1.0,1,1,1,1
1356,1.0315679181929183,0.9409565217391304,1.0,1.0,1,1,1,1
48,1.068798192961395,1.1124173285758991,1.0,1.0,1,1,1,1
998,0.9541666666666668,0.9729334169278996,1.0,1.0,1,1,1,1
1107,1.0824630651638814,1.0434707357859532,1.0,1.0,1,1,1,1
2939,0.9813655913978494,0.9586923076923076,1.0,1.0,1,1,1,1
1101,1.0273104694909276,1.0790553767046724,1.0,1.0,1,1,1,1
80,1.062729761904762,1.104625462962963,1.0,1.0,1,1,1,1
2936,0.9631599999999999,0.967925925925926,1.0,1.0,1,1,1,1
1445,1.062258510279744,1.0590323089046494,1.0,1.0,1,1,1,1
231,1.0701742857142857,0.976835294117647,1.0,1.0,1,1,1,1
2073,1.000084210526316,1.051797109021247,1.0,1.0,1,1,1,1
971,1.0831484713016661,0.9695304147465438,1.0,1.0,1,1,1,1
1452,0.9734285714285715,1.059122619047619,1.0,1.0,1,1,1,1
973,1.0120416666666667,0.9719288522012579,1.0,1.0,1,1,1,1
1422,1.058102311006659,1.060461134924189,1.0,1.0,1,1,1,1
224,1.1542794921899544,1.0819626517273577,1.0,1.0,1,1,1,1
2772,1.128587167856044,1.0654117460569072,0.8,1.0,1,1,1,1
87,1.0882363945729778,1.1194900432900432,1.0,1.0,1,1,1,1
1129,1.0824234217713191,1.0431783718768792,1.0,1.0,1,1,1,1
2948,1.0986570361145704,0.955010989010989,1.0,1.0,1,1,1,1
2010,1.0603202515965469,0.976344827586207,1.0,1.0,1,1,1,1
1361,1.0268231292517007,1.0327033509700176,1.0,1.0,1,1,1,1
1046,1.007327614379085,1.069831777023203,1.0,1.0,1,1,1,1
2019,1.062225314701496,1.10990990990991,1.0,1.0,1,1,1,1
285,1.0929138686193034,1.0823830088830089,1.0,1.0,1,1,1,1
1323,1.0459927857935627,1.046088913525499,1.0,1.0,1,1,1,1
2089,1.0728910897435897,1.1448752039652939,1.0,1.0,1,1,1,1
1160,1.0581244991912404,1.0793688594765591,1.0,1.0,1,1,1,1
571,1.1518135230956548,0.9440092592592592,1.0,1.0,1,1,1,1
61,1.0058126972454575,1.106739254990534,1.0,1.0,1,1,1,1
2938,1.0261389620962733,0.9727333333333334,1.0,1.0,1,1,1,1
2101,0.9537222222222222,1.0596674159174158,1.0,1.0,1,1,1,1
2232,0.9765806451612903,1.0432261614519844,1.0,1.0,1,1,1,1
1087,1.012343923410757,1.1035378571428571,1.0,1.0,1,1,1,1
310,1.0729290186088682,1.0588384322009037,1.0,1.0,1,1,1,1
1345,1.0544546509017436,1.147365705649849,1.0,1.0,1,1,1,1
1960,1.0950340247912975,1.0611373534028998,1.0,1.0,1,1,1,1
50,1.0962306020806492,1.149788892121719,1.0,1.0,1,1,1,1
1182,1.0259187223587223,1.0777670657767673,1.0,1.0,1,1,1,1
1082,1.0086499999999998,0.9765,1.0,1.0,1,1,1,1
2092,1.0512871759198876,1.0570139184397163,1.0,1.0,1,1,1,1
2021,0.9726275862068965,1.060321160939025,1.0,1.0,1,1,1,1
572,1.1514639823769097,1.0256552695269527,1.0,1.0,1,1,1,1
321,1.076150997150997,1.0995086166744295,1.0,1.0,1,1,1,1
2215,1.1400808961470235,1.044542151675485,1.0,1.0,1,1,1,1
2874,1.0583606361579079,0.9936969696969697,1.0,1.0,1,1,1,1
322,0.9563878787878789,1.0680836363636363,1.0,1.0,1,1,1,1
2781,1.0260380042177055,1.1335240520997496,1.0,1.0,1,1,1,1
1365,1.194954300839081,1.0573454045954045,1.0,1.0,1,1,1,1
1689,1.1815449676491732,1.0945994268476622,1.0,1.0,1,1,1,1
1995,1.0687975977286026,1.219897267759563,1.0,1.0,1,1,1,1
2186,1.1212655782626286,1.0465020690263755,1.0,1.0,1,1,1,1
875,1.1336073322626026,1.1069333333333333,1.0,1.0,1,1,1,1
2643,1.106142857142857,1.1023378901799954,1.0,1.0,1,1,1,1
1911,1.1283081232492997,0.9997058823529412,1.0,1.0,1,1,1,1
2508,0.9690967741935484,1.1027728852224523,1.0,1.0,1,1,1,1
902,1.1088432461726054,1.1052120401337793,1.0,1.0,1,1,1,1
1325,1.0691251004749727,1.095204171543341,1.0,1.0,1,1,1,1
1819,1.1302306283202053,1.050269465741755,1.0,1.0,1,1,1,1
2833,0.983985576923077,1.2215921175646232,1.0,1.0,1,1,1,1
1735,1.1796945811478938,1.1294469859923213,1.0,1.0,1,1,1,1
2940,1.191316657308628,0.9960000000000001,1.0,1.0,1,1,1,1
2460,1.1050619469026548,1.100148392670706,1.0,1.0,1,1,1,1
1965,1.0635239347860788,1.1191293055395828,1.0,1.0,1,1,1,1
1343,1.131439227291248,1.0648841383422778,1.0,1.0,1,1,1,1
2246,1.1919830696511582,1.0489750092558312,1.0,1.0,1,1,1,1
852,1.1059011105235323,1.1218983408818035,1.0,1.0,1,1,1,1
2657,0.9778051948051948,1.1065614035087719,1.0,1.0,1,1,1,1
1894,1.2212173902198098,1.1298511861969807,1.0,1.0,1,1,1,1
2403,1.0965835314418202,1.1140353557398517,1.0,1.0,1,1,1,1
2008,0.9913888888888888,1.0614563741639214,1.0,1.0,1,1,1,1
1696,1.1776270766095238,1.096169630818098,1.0,1.0,1,1,1,1
1946,1.0449531853281853,1.0644298194932227,1.0,1.0,1,1,1,1
1355,1.0563739910600254,0.9751019607843137,1.0,1.0,1,1,1,1
822,1.1048370112272552,1.1766254684985253,1.0,1.0,1,1,1,1
2620,1.1380849718919883,1.1076173913043479,1.0,1.0,1,1,1,1
1850,1.1240240588752832,1.125668783068783,1.0,1.0,1,1,1,1
2416,1.194538618162074,1.0929067911749288,1.0,1.0,1,1,1,1
1309,1.0721242287124642,1.1782392172230882,1.0,1.0,1,1,1,1
2530,1.1041551724137932,1.121431432344938,1.0,1.0,1,1,1,1
1955,1.089774739262544,1.0668784355179703,1.0,1.0,1,1,1,1
1749,1.2231862818934731,1.1779565048234966,1.0,1.0,1,1,1,1
2013,1.1131198089492207,1.0691734075445718,1.0,1.0,1,1,1,1
1928,1.125148866193526,1.1952472185135736,1.0,1.0,1,1,1,1
2621,1.1450590531080524,1.1045470085470086,1.0,1.0,1,1,1,1
1787,1.1948600067957866,1.177581633921155,1.0,1.0,1,1,1,1
1972,1.0696191330599225,1.1047457627118642,1.0,1.0,1,1,1,1
1647,1.0467308799373087,1.0395266722524785,1.0,1.0,1,1,1,1
2667,1.1960362438182053,1.1063529411764708,1.0,1.0,1,1,1,1
1002,1.079817688323044,0.9499174174174174,0.8,0.6,1,1,1,1
2238,1.0430314111271182,0.9602035714285714,1.0,1.0,1,1,1,1
194,0.9588557768698217,1.109608286252354,0.6,1.0,1,1,1,1
96,1.0955762902862294,0.9521621621621621,0.8,0.8,1,1,1,1
1136,1.0725054680985344,1.0175234929078014,0.8,0.8,1,1,1,1
2074,1.1103990665025338,1.0642701863354036,0.8,0.8,1,1,1,1
2866,1.023191836734694,1.0346444490586932,0.6,1.0,1,1,1,1
2732,1.049906695246501,1.0535693861587112,0.8,1.0,1,1,1,1
996,1.10523697694739,0.8667014354066985,1.0,1.0,1,1,1,1
202,0.9959765424118364,1.0648538221056878,1.0,1.0,1,1,1,1
2020,1.0661983881376,0.9727516339869281,1.0,1.0,1,1,1,1
2411,0.9577884615384615,1.1104161441441442,1.0,1.0,1,1,1,1
1158,1.0769691610449048,0.9744877906976743,1.0,1.0,1,1,1,1
2084,1.0572019259378806,1.035028735632184,1.0,1.0,1,1,1,1
1462,1.0,1.0055263157894738,0.5,1.0,0,1,0,1
2332,1.0381441908938924,1.0164627548252074,1.0,1.0,1,1,1,1
1948,1.0403560193587418,1.062642282613313,1.0,1.0,1,1,1,1
195,1.1149969879518071,0.9716244784201307,1.0,1.0,1,1,1,1
2733,0.9764892103676914,1.0550237843784378,1.0,1.0,1,1,1,1
1167,1.0349335959929142,1.0780308155612504,1.0,1.0,1,1,1,1
2067,1.0407030491247882,1.031401081081081,1.0,1.0,1,1,1,1
162,1.0162398732220161,0.9781893408134643,1.0,1.0,1,1,1,1
2729,1.055636173874085,0.983966966966967,1.0,1.0,1,1,1,1
1193,1.0882366980476401,1.0825435312295715,1.0,1.0,1,1,1,1
148,0.9726665318716108,1.0615449666349497,1.0,0.8,1,1,1,1
1151,1.0873360507690213,1.0572535584005869,1.0,1.0,1,1,1,1
2085,1.0642445256078976,1.0591623720963343,1.0,1.0,1,1,1,1
2347,1.0162170064608431,1.0634320260517514,1.0,1.0,1,1,1,1
2075,1.065377922077922,1.1072671991807475,1.0,1.0,1,1,1,1
296,1.0625860359153043,1.0592272693073153,1.0,1.0,1,1,1,1
1454,1.1110090515545061,1.0858393710691825,1.0,0.8,1,1,1,1
2244,1.016401572327044,1.0390729194607538,1.0,1.0,1,1,1,1
2774,1.0294846560846562,1.1186096612611756,1.0,0.8,1,1,1,1
1642,0.9828529411764706,1.098470082844864,1.0,0.8,1,1,1,1
1963,1.0962282702657036,1.061733063576157,1.0,1.0,1,1,1,1
2429,1.1113584847294546,1.0795217468805705,1.0,1.0,1,1,1,1
2072,1.0128132653061226,1.0571117091860573,1.0,1.0,1,1,1,1
251,1.078890959416576,1.0586396546922863,1.0,1.0,1,1,1,1
1599,1.1008618165460884,1.0419908687655524,1.0,1.0,1,1,1,1
2482,1.0976896756731311,1.1187485892539129,1.0,1.0,1,1,1,1
2888,0.996836390908042,0.980223076923077,1.0,1.0,1,1,1,1
2006,1.0286755709280693,1.0595013750674274,1.0,1.0,1,1,1,1
2725,1.0602952898495728,1.1092599631805031,1.0,1.0,1,1,1,1
1431,1.093088366002592,1.0841645854145854,1.0,1.0,1,1,1,1
2391,1.1095885416666667,0.9951368161996459,1.0,1.0,1,1,1,1
1983,1.0586701108036574,1.0594629122163484,1.0,1.0,1,1,1,1
2068,1.0588306418219462,1.0410046889551128,1.0,1.0,1,1,1,1
2584,1.113471224115679,1.163442766118918,1.0,0.6,1,1,1,1
589,1.079729485858239,1.177132326468894,1.0,0.8,1,1,1,1
2743,1.0596194114513335,1.1979033075033074,1.0,1.0,1,1,1,1
2196,1.041950066983315,1.1042,1.0,1.0,1,1,1,1
820,1.0885049168861092,1.1026101179748378,0.8,1.0,1,1,1,1
1883,1.1227602161728638,1.1064171622769754,1.0,0.8,1,1,1,1
1699,1.093961462599634,1.1749343284637257,1.0,1.0,1,1,1,1
2817,1.0102653270291568,1.2293188557220815,1.0,0.8,1,1,1,1
523,1.2308179733820526,1.104694214876033,1.0,1.0,1,1,1,1
2256,1.0702756870282546,1.0415176239181747,1.0,1.0,1,1,1,1
2603,1.1626019569994486,1.1984352745602744,1.0,1.0,1,1,1,1
2723,1.0582146094688305,1.1113635520949203,1.0,1.0,1,1,1,1
1640,1.0093096320346322,1.0977180878332196,1.0,1.0,1,1,1,1
1662,1.1661776776776775,1.1737836405279503,1.0,1.0,1,1,1,1
2480,1.0934363926622486,1.1208127476449663,1.0,1.0,1,1,1,1
882,1.0888572307692308,1.2297915901709775,1.0,1.0,1,1,1,1
562,1.194249381355365,1.1144738181818181,1.0,1.0,1,1,1,1
2188,1.041985629876637,1.1602222383548653,1.0,1.0,1,1,1,1
876,1.1244815949734481,1.0867967914438503,1.0,1.0,1,1,1,1
1589,1.1065366972477064,1.0980204553123531,1.0,1.0,1,1,1,1
1753,1.2291919313325566,1.1738249842042592,1.0,1.0,1,1,1,1
2672,1.105311475409836,1.1984055189851346,1.0,1.0,1,1,1,1
1884,1.128170211966071,1.0817616519174043,1.0,1.0,1,1,1,1
2585,1.1621300362497773,1.119670905873153,1.0,1.0,1,1,1,1
1858,1.0794366998577525,1.1030569105691057,1.0,1.0,1,1,1,1
1774,1.1718100424693876,1.123855701370662,1.0,1.0,1,1,1,1
969,1.0064356575963718,0.8279402633402633,0.8,0.8,1,1,1,1
1899,1.113423602484472,1.2284123746434585,1.0,1.0,1,1,1,1
1793,1.171786612672768,1.1992327576122996,1.0,1.0,1,1,1,1
1754,1.2287957308697401,1.1719268555712727,1.0,1.0,1,1,1,1
2580,0.9922051282051282,1.1605233235781873,1.0,1.0,1,1,1,1
1153,1.0739703523098014,1.12700920805106,0.8,1.0,1,1,1,1
2409,0.9871383017163506,1.1091868922522878,1.0,1.0,1,1,1,1
1459,1.1014706031939783,1.25,1.0,1.0,1,1,1,1
2914,1.0291901199392164,1.1204783653846153,1.0,1.0,1,1,1,1
78,1.1694008418482105,1.0936494949945486,1.0,0.8,1,1,1,1
132,0.9599262411347518,1.0706957945414086,1.0,1.0,1,1,1,1
1593,1.0597806131965701,1.0984413182952233,1.0,1.0,1,1,1,1
1324,1.0540069059758816,1.071752536341068,0.6,1.0,1,1,1,1
816,1.0743048599199543,1.0984848888653,1.0,0.8,1,1,1,1
2328,1.0118519531953196,1.0149605751391466,1.0,0.8,1,1,1,1
138,0.9714320199537305,1.1219999999999999,1.0,1.0,1,1,1,1
1871,1.098269327164064,1.0538217880444463,1.0,1.0,1,1,1,1
2376,1.1085330817916261,1.1278739269101468,1.0,1.0,1,1,1,1
2560,1.160943208108023,1.2290189069304365,1.0,1.0,1,1,1,1
2505,1.0892366869824852,1.1209148507141777,1.0,1.0,1,1,1,1
1973,1.0621175443794253,1.100983870967742,1.0,1.0,1,1,1,1
1266,1.0461818062104413,1.160354526425955,1.0,0.6,1,1,1,1
263,1.0565343681979609,1.1706596652519352,1.0,1.0,1,1,1,1
47,0.9937713058419245,1.084419568151147,1.0,1.0,1,1,1,1
886,1.0904532112890923,1.1004448529411763,1.0,1.0,1,1,1,1
70,1.0911761636663275,1.2642196757490876,1.0,1.0,1,1,1,1
1366,1.0729253132832082,1.1965715842401035,1.0,1.0,1,1,1,1
1460,1.027259214638914,1.0706666666666667,1.0,1.0,1,1,1,1
2926,1.0691380832284065,1.0289516957552252,1.0,1.0,1,1,1,1
1265,1.0388683982683982,1.1667244444444445,1.0,1.0,1,1,1,1
71,1.0385,1.096779540712858,1.0,1.0,1,1,1,1
1721,1.0592233570342633,1.1703721126867703,1.0,1.0,1,1,1,1
859,1.1015656186303304,1.1015840000000001,1.0,1.0,1,1,1,1
1133,1.0709395543473907,1.0391487917819886,1.0,1.0,1,1,1,1
2516,1.090287426377292,1.1962029012520765,1.0,1.0,1,1,1,1
2383,1.2294472528695295,1.108469538434227,1.0,1.0,1,1,1,1
1751,1.2299362289953832,1.1719850016001265,1.0,1.0,1,1,1,1
2668,1.1016984126984126,1.1953992101780808,1.0,1.0,1,1,1,1
94,1.0988195389191069,1.025470104394917,1.0,1.0,1,1,1,1
2630,1.1025354330708663,1.235003443077195,1.0,1.0,1,1,1,1
603,0.980735294117647,1.135311707486538,0.0,1.0,1,1,1,1
1820,1.0397866674883933,1.089595504789978,1.0,1.0,1,1,1,1
2682,1.0731664983164984,1.099953125,1.0,1.0,1,1,1,1
2083,1.0559236666967522,1.0599642809638579,1.0,1.0,1,1,1,1
2518,1.089410635517513,1.1930584151818049,1.0,1.0,1,1,1,1
2818,1.2363736602748046,1.0186517494929006,1.0,0.8,1,1,1,1
877,1.1270808085939665,1.1019312970494073,1.0,1.0,1,1,1,1
601,1.0691419906354702,0.9735079365079364,1.0,1.0,1,1,1,1
517,1.1561026006542756,1.200473265363573,1.0,1.0,1,1,1,1
1690,1.1690880494547424,1.1047566083154319,1.0,1.0,1,1,1,1
83,1.0437961464325627,1.1004356884057969,1.0,1.0,1,1,1,1
2197,1.0399873505499762,1.1029922480620153,1.0,1.0,1,1,1,1
2109,1.0627782555282557,1.1919631559437112,1.0,1.0,1,1,1,1
1108,1.0689673449438426,1.0064,1.0,1.0,1,1,1,1
889,1.0296198435462842,1.1022930985243522,1.0,1.0,1,1,1,1
465,1.2025782113588717,1.168424262295082,1.0,1.0,1,1,1,1
2673,1.1042153846153846,1.1925170499778859,1.0,1.0,1,1,1,1
438,1.1016365985435752,1.2104167037732663,1.0,1.0,1,1,1,1
580,1.1905804569761789,1.1944329205343474,1.0,1.0,1,1,1,1
861,1.101094340698955,1.1050992366412213,1.0,1.0,1,1,1,1
1563,1.0331419989610038,0.9548749999999999,0.5,0.8,1,1,0,1
1093,1.1874091005864478,1.1893755497963716,1.0,1.0,1,1,1,1
2427,1.1037474932048912,1.060475005807201,1.0,1.0,1,1,1,1
615,1.0817026675895325,0.9655789473684211,0.8,1.0,1,1,1,1
76,1.0175141799408105,1.1028318019614793,1.0,1.0,1,1,1,1
1825,1.0387437055281883,1.0991824430921793,1.0,1.0,1,1,1,1
2457,1.0892389300700067,1.1521890876933287,1.0,1.0,1,1,1,1
1443,1.2339938275836193,1.0614023621144364,1.0,1.0,1,1,1,1
1352,1.1172074441687345,1.0712473652043175,1.0,1.0,1,1,1,1
69,1.1033659731113956,1.1148019607843138,1.0,1.0,1,1,1,1
2239,0.9835263157894737,1.0380364304993774,1.0,1.0,1,1,1,1
275,1.0576776681964652,1.0522460283725628,1.0,1.0,1,1,1,1
609,0.9778,1.035951045941124,1.0,1.0,1,1,1,1
2069,1.0599305790543643,1.0398042542810226,1.0,1.0,1,1,1,1
1055,1.0987284746046355,1.10182649704833,1.0,1.0,1,1,1,1
3015,1.0631019161313446,1.1871170809095717,1.0,1.0,1,1,1,1
2120,1.0464676923076923,1.0774191069751557,1.0,0.6,1,1,1,1
1882,1.1104760683760684,1.0813103545474134,1.0,1.0,1,1,1,1
323,0.9810948717948718,1.0519666666666665,1.0,1.0,1,1,1,1
1598,1.0239904761904763,1.092483561047485,1.0,1.0,1,1,1,1
65,1.0755919255502036,1.1006508212627615,1.0,1.0,1,1,1,1
1299,1.0603156055900622,1.0572204367640472,1.0,1.0,1,1,1,1
1553,1.0843112554112555,1.0211139553429027,1.0,1.0,1,1,1,1
1708,1.1557281636679668,1.1672880634209581,1.0,1.0,1,1,1,1
15,1.0902191142191142,1.098552894643412,0.0,1.0,1,1,1,1
2828,1.1200246349552307,1.2361546409885933,1.0,1.0,1,1,1,1
2102,1.0500910155551584,0.9892333333333333,1.0,1.0,1,1,1,1
2287,1.0541000790345052,1.055014959361988,1.0,1.0,1,1,1,1
2070,1.0444632034632035,1.0535225140712945,1.0,1.0,1,1,1,1
1041,1.0999948717948718,1.1029740860064434,1.0,1.0,1,1,1,1
2486,1.0858726300437531,1.2348476616733648,1.0,1.0,1,1,1,1
1109,1.0822945513643947,0.974,1.0,1.0,1,1,1,1
12,0.8591379777717538,1.1116204962243796,1.0,1.0,1,1,1,1
1432,1.0605526634382567,1.1536055885863057,1.0,1.0,1,1,1,1
2794,1.0810430767063919,1.18955865561137,1.0,1.0,1,1,1,1
1051,1.0810214498510426,1.0567007153405805,1.0,1.0,1,1,1,1
1773,1.120295494417863,1.1671468352304797,1.0,1.0,1,1,1,1
1098,1.08537985646942,1.1331040363145626,1.0,1.0,1,1,1,1
2561,1.2348245254259282,1.1562827652750598,1.0,1.0,1,1,1,1
1039,1.1658871062673453,1.0740184704184705,1.0,1.0,1,1,1,1
2549,1.1626660517210414,1.0773917448664947,1.0,1.0,1,1,1,1
1791,1.1681857979247599,1.1908498146702282,1.0,1.0,1,1,1,1
2583,1.1637893237130275,1.1203880297334246,1.0,1.0,1,1,1,1
2602,1.165447843675319,1.1911340100462124,1.0,1.0,1,1,1,1
602,1.0156340659340661,1.1811380952380952,0.8,1.0,1,1,1,1
188,1.0364075937477142,0.9899563521997518,0.8,1.0,1,1,1,1
2149,1.1758420020639835,0.9822764227642276,1.0,0.8,1,1,1,1
62,1.0957111499089742,1.049235298035298,1.0,1.0,1,1,1,1
93,1.1006483669362228,1.038188932806324,1.0,1.0,1,1,1,1
2111,1.0527501933970937,1.0493370701996576,1.0,1.0,1,1,1,1
2200,1.0458467291869415,1.1076969696969696,1.0,1.0,1,1,1,1
510,1.1069265873015874,1.1912324464985313,0.8,1.0,1,1,1,1
872,1.0417831516405203,1.0984843309756152,0.8,1.0,1,1,1,1
1350,1.0206589743589745,1.0583734115347019,0.8,1.0,1,1,1,1
2593,0.9884101995565411,1.1676031085581084,1.0,1.0,1,1,1,1
2151,0.985404761904762,1.1466447353659812,1.0,1.0,1,1,1,1
1992,1.060993568013907,1.0748977139980698,1.0,1.0,1,1,1,1
54,1.1080224630541873,1.0370220588235295,1.0,0.6,1,1,1,1
2506,1.083871094042736,1.1153082465175639,1.0,1.0,1,1,1,1
1461,1.0330582242141515,0.9825714285714285,1.0,1.0,1,1,1,1
2213,1.0838508216851572,1.0468629709845985,1.0,1.0,1,1,1,1
2658,0.9848902691511388,1.106390977443609,1.0,1.0,1,1,1,1
2279,1.0549344424426441,1.0091441860465116,1.0,1.0,1,1,1,1
2371,1.0414392332104185,0.9856935828877006,1.0,1.0,1,1,1,1
452,1.0681258366436306,1.2217449099882338,1.0,1.0,1,1,1,1
2524,1.0828706763367422,1.0414075857711125,1.0,1.0,1,1,1,1
616,0.9908045454545455,1.0358133177933178,1.0,1.0,1,1,1,1
838,1.0605475715127612,1.099080808080808,1.0,1.0,1,1,1,1
1999,0.9757588067498368,1.0582180807229595,1.0,1.0,1,1,1,1
2589,1.1681339783139697,1.117162962962963,1.0,1.0,1,1,1,1
140,1.0450884830855418,0.9851061636775922,1.0,1.0,1,1,1,1
610,1.0490220926122305,1.0540522176411795,1.0,1.0,1,1,1,1
2082,1.1077910447761194,1.0584518168106403,1.0,1.0,1,1,1,1
2406,0.9814844961240311,1.0852062771297621,1.0,1.0,1,1,1,1
2495,1.08092738469929,0.9940622973203619,1.0,1.0,1,1,1,1
2257,1.045025525773816,1.0451577195886834,1.0,1.0,1,1,1,1
1332,1.0648562884483936,1.1663872087115288,1.0,1.0,1,1,1,1
542,1.2186559995094313,1.0919719374138688,1.0,1.0,1,1,1,1
1981,1.059063815748957,1.0423937484471495,1.0,1.0,1,1,1,1
906,1.0997902476780186,1.1178449197860962,1.0,1.0,1,1,1,1
2175,1.0990742786501486,1.0439705977854985,1.0,1.0,1,1,1,1
2611,1.1686620398082586,1.0474468402132222,1.0,1.0,1,1,1,1
2624,1.0899464351335728,1.1090814814814816,1.0,1.0,1,1,1,1
2076,1.0551696581196581,1.0817094597815293,1.0,1.0,1,1,1,1
2016,1.0593779809310004,1.1159546379956597,1.0,1.0,1,1,1,1
1339,1.056356911764706,1.0418830262171528,1.0,1.0,1,1,1,1
2481,1.0828919084947906,1.0863480713417433,1.0,1.0,1,1,1,1
2747,1.0454496226155927,1.043170183221796,1.0,1.0,1,1,1,1
1958,1.09595026048127,1.0582353923619894,1.0,1.0,1,1,1,1
245,1.048587473846366,1.194189802336029,1.0,1.0,1,1,1,1
77,1.1051762812239534,1.0815918960244648,1.0,1.0,1,1,1,1
1202,1.0401551378446114,1.0078383847525025,1.0,0.2,1,1,1,1
14,0.9197049242424242,1.095823093171695,0.8,1.0,1,1,1,1
2535,1.1103235294117648,1.1693163298596907,1.0,1.0,1,1,1,1
49,1.0427616249142073,1.099955922767574,1.0,1.0,1,1,1,1
13,1.0326193252967013,0.9533977272727274,1.0,1.0,1,1,1,1
850,1.0850894534478641,1.0990036277046844,1.0,1.0,1,1,1,1
1252,1.0818787486039518,1.192613593882753,1.0,1.0,1,1,1,1
2724,1.1170182462182143,1.0450807425094513,1.0,1.0,1,1,1,1
1206,1.0078325945863196,1.1003792057535962,1.0,1.0,1,1,1,1
9,0.9958558139534883,0.9751289592760181,1.0,1.0,1,1,1,1
484,1.0600386887915272,1.223335941635695,1.0,1.0,1,1,1,1
1247,1.0279606701132125,1.174316809116809,1.0,1.0,1,1,1,1
2466,1.1107591240875911,1.0862732575676879,1.0,1.0,1,1,1,1
238,1.0077950872656756,1.0453575036075038,1.0,1.0,1,1,1,1
1590,1.0860628792543356,1.1055749133564383,1.0,1.0,1,1,1,1
566,1.1175206983734278,1.2305299491428716,1.0,1.0,1,1,1,1
259,1.0478635204081632,1.0319784023008605,1.0,1.0,1,1,1,1
262,1.0791595270235264,1.0499257142857144,1.0,1.0,1,1,1,1
2649,1.1123913043478262,1.1167452149791957,1.0,1.0,1,1,1,1
1591,1.0805782045561587,1.1071746010928962,1.0,1.0,1,1,1,1
150,0.9840914493774958,1.113695127118644,1.0,1.0,1,1,1,1
2280,1.0055454545454545,1.0514892922131633,1.0,1.0,1,1,1,1
2121,1.0547154401236352,1.113730968218773,1.0,1.0,1,1,1,1
1508,1.1237431464389034,1.0,1.0,0.5,1,0,1,0
53,1.0949305489031516,1.0673543956043956,1.0,1.0,1,1,1,1
17,0.9962031746031746,1.0883434597125201,1.0,0.8,1,1,1,1
1509,1.1114157651967105,1.092,1.0,1.0,1,1,1,1
1488,0.9692500000000001,1.02925500895005,0.5,0.8,1,1,0,1
18,1.086124994659226,1.028685380116959,1.0,1.0,1,1,1,1
1099,1.0753574474907808,1.1618750733636056,1.0,1.0,1,1,1,1
667,0.9996206896551725,1.1187741806714304,1.0,1.0,1,1,1,1
248,1.0511687462863935,1.0529440935214132,1.0,1.0,1,1,1,1
1561,1.0248204612327563,0.986561934617107,1.0,1.0,1,1,1,1
1048,1.0315250325917826,1.1100124474559259,1.0,1.0,1,1,1,1
67,1.0059529102300444,1.0990982844890513,1.0,1.0,1,1,1,1
225,1.0183160173160173,1.060087193967791,1.0,1.0,1,1,1,1
1496,1.0184444444444445,1.0878057781440227,1.0,0.8,1,1,1,1
2137,1.107721991878242,1.0437775927444148,1.0,1.0,1,1,1,1
1079,0.9880205357142857,1.0352877990430622,1.0,1.0,1,1,1,1
1558,1.0390815412186378,1.1667528594260301,1.0,1.0,1,1,1,1
660,1.0868539325842697,1.1088495804729213,1.0,1.0,1,1,1,1
1486,1.0783999999999998,1.0503937692521335,1.0,1.0,1,1,1,1
288,1.0545862199894853,1.1627359772807062,1.0,1.0,1,1,1,1
2750,1.041874246930192,1.0709992266992265,1.0,1.0,1,1,1,1
1354,1.0441861598440547,1.116939369550637,1.0,1.0,1,1,1,1
2225,0.9972280428117439,1.0411161333279897,1.0,0.8,1,1,1,1
332,1.0627818654775176,1.0711371231496551,1.0,1.0,1,1,1,1
2715,1.0412068886213466,1.0017207419017764,1.0,1.0,1,1,1,1
2116,1.0420875469118767,1.1028334077270248,1.0,1.0,1,1,1,1
1086,1.0247019157088122,1.114881935089921,1.0,1.0,1,1,1,1
1306,1.0514146863774523,1.0471968916968917,1.0,1.0,1,1,1,1
2128,1.09766266090184,1.1594935371519486,1.0,1.0,1,1,1,1
1341,1.0448366243194191,1.0455082900066521,1.0,1.0,1,1,1,1
319,1.1147469201359388,1.061185064935065,1.0,1.0,1,1,1,1
1491,1.2195080609465105,1.0852727272727274,0.8,1.0,1,1,1,1
1806,1.0732417632659765,1.1660725518575912,1.0,1.0,1,1,1,1
530,1.0493830421776305,1.222675553669309,1.0,1.0,1,1,1,1
661,1.1281555555555556,1.1104604316546762,1.0,1.0,1,1,1,1
827,1.1060453445605885,1.0978033444816053,1.0,1.0,1,1,1,1
1565,1.0583482829983513,1.1889916732106598,1.0,1.0,1,1,1,1
2234,1.0425081952029258,1.116327203065134,1.0,1.0,1,1,1,1
6,1.0627406370656372,0.9781295529552955,1.0,1.0,1,1,1,1
478,1.114777966202991,1.2216800611492242,1.0,1.0,1,1,1,1
1489,1.0778333333333334,1.1093714285714285,1.0,1.0,1,1,1,1
1549,1.0625982303410875,1.1698545549442367,1.0,1.0,1,1,1,1
868,1.0483144756923353,1.0974851052888144,1.0,1.0,1,1,1,1
664,1.1276578754578754,1.2187136878178588,1.0,1.0,1,1,1,1
84,1.1066644657375144,1.0573182371965266,1.0,0.8,1,1,1,1
3017,1.0634002141620207,1.1877823572834647,1.0,1.0,1,1,1,1
2586,1.1616977171544947,1.1172098562381496,1.0,1.0,1,1,1,1
2210,1.040441974548791,1.1168694299176696,1.0,0.8,1,1,1,1
8,1.075421052631579,1.0535304983388705,1.0,1.0,1,1,1,1
52,1.0501936285936284,1.1060064141836072,1.0,1.0,1,1,1,1
16,1.0617196207499187,1.0742937062937064,1.0,1.0,1,1,1,1
668,1.1075584415584416,1.191492505356541,1.0,1.0,1,1,1,1
819,1.0549573655531865,1.0987662148070907,1.0,1.0,1,1,1,1
1821,1.1085103194444446,1.041420613831669,1.0,1.0,1,1,1,1
1494,1.0886153846153845,1.1143711680416848,1.0,1.0,1,1,1,1
2694,1.0464570288161097,1.1161109813949466,1.0,1.0,1,1,1,1
2683,1.1078156028368795,1.0539131028470727,1.0,1.0,1,1,1,1
2562,1.1628179405821095,1.2209625985537529,1.0,1.0,1,1,1,1
466,1.1697254739928966,1.2153430323346945,1.0,1.0,1,1,1,1
657,1.0793279569892473,1.1046655398185385,1.0,1.0,1,1,1,1
904,1.098576432429963,1.1193186936936936,1.0,1.0,1,1,1,1
1559,1.0498242413769268,1.1085352112676055,1.0,1.0,1,1,1,1
1675,1.0421958244965759,1.1675371862456216,1.0,1.0,1,1,1,1
1490,1.0547142857142857,1.1178016152170067,1.0,1.0,1,1,1,1
2604,1.1603457937201296,1.1923640053888116,1.0,1.0,1,1,1,1
1859,1.107241429436705,1.1086993006993007,1.0,1.0,1,1,1,1
2189,1.0409809602557174,1.1592907907851373,1.0,1.0,1,1,1,1
878,1.0976322779632701,1.1176733114052761,1.0,1.0,1,1,1,1
493,1.0430987511018182,1.223300976820221,1.0,1.0,1,1,1,1
1663,1.1681826921437368,1.1078474304798256,1.0,1.0,1,1,1,1
2764,1.118301951201761,1.2215738136945797,1.0,1.0,1,1,1,1
2963,1.1919068464528493,1.1203344404876046,1.0,1.0,1,1,1,1
467,1.168507124365745,1.2198915509928667,1.0,1.0,1,1,1,1
1248,1.1847672727272727,1.0486835877274128,1.0,1.0,1,1,1,1
2796,1.1208343221167125,1.1922764735419735,1.0,1.0,1,1,1,1
1244,1.0478666666666667,1.187995889788993,1.0,1.0,1,1,1,1
1737,1.1198545813275742,1.1661312601459681,1.0,1.0,1,1,1,1
581,1.2170297368204603,1.1918684666210981,1.0,1.0,1,1,1,1
2523,1.085189608249877,1.0520400372718122,1.0,1.0,1,1,1,1
1326,1.037619030458393,1.0862564735968658,1.0,1.0,1,1,1,1
1951,1.0578467486343317,1.0795830866967253,1.0,0.8,1,1,1,1
1526,1.0934275623104106,1.0530000000000002,0.8,1.0,1,1,1,1
306,1.0197503895884872,1.0476149617000248,0.8,0.8,1,1,1,1
2980,0.9809345454545454,1.0479275148024458,1.0,1.0,1,1,1,1
1320,1.0424179384951917,1.0523934580283725,1.0,1.0,1,1,1,1
298,1.0472713752772738,1.093493645604053,1.0,1.0,1,1,1,1
1531,1.1066666666666667,1.0203223039215685,1.0,1.0,1,1,1,1
2071,1.083087355912062,1.0527187274795764,1.0,1.0,1,1,1,1
97,1.111588103178574,1.11716389380531,1.0,1.0,1,1,1,1
2236,0.9857076923076923,1.0411585662151661,1.0,1.0,1,1,1,1
2087,1.0505353037766831,1.094106459364727,1.0,1.0,1,1,1,1
1504,1.0635,1.0564343642263165,1.0,1.0,1,1,1,1
2275,1.0235304379156127,1.0827658994345346,1.0,1.0,1,1,1,1
1329,1.0556714472655282,1.0857611623159356,1.0,1.0,1,1,1,1
2650,1.1174514246270135,1.10725,1.0,1.0,1,1,1,1
2173,1.0420362332203807,1.0642553191489361,1.0,1.0,1,1,1,1
1527,1.1236000000000002,1.093528728194237,1.0,1.0,1,1,1,1
830,1.0972317718426152,1.1034665257223397,1.0,1.0,1,1,1,1
2170,1.0797638157894736,1.0424117509332178,1.0,1.0,1,1,1,1
1302,1.0548210955710955,1.1380000000000001,1.0,1.0,1,1,1,1
2177,1.0431387477826157,1.0857873944971774,1.0,1.0,1,1,1,1
1349,1.0252025322347902,1.0572320891147156,1.0,1.0,1,1,1,1
907,1.095814336372847,1.117948715014962,1.0,1.0,1,1,1,1
1862,1.1050558955918226,1.1064965517241379,1.0,1.0,1,1,1,1
2494,1.0843303372273627,1.0223316347369322,1.0,1.0,1,1,1,1
1321,1.0604230026741102,1.0438982148828697,1.0,1.0,1,1,1,1
864,1.105068493150685,1.0930422649487188,1.0,1.0,1,1,1,1
1918,1.1204052734084309,1.1076307584216323,1.0,1.0,1,1,1,1
1331,1.0681869865888955,1.086029938033457,1.0,1.0,1,1,1,1
1551,1.0438232055957362,1.0549744418205464,1.0,1.0,1,1,1,1
1641,1.0774967394797428,1.0028225511695907,1.0,0.8,1,1,1,1
156,0.98415905549831,1.041620179196436,1.0,1.0,1,1,1,1
294,1.056963858197864,1.0440454288058003,0.8,1.0,1,1,1,1
845,1.076069809251781,1.0926058653038582,1.0,1.0,1,1,1,1
1305,1.0388135671169878,1.0671152892022457,1.0,1.0,1,1,1,1
2054,1.0455743297318927,1.0565761888500582,1.0,1.0,1,1,1,1
142,0.9775926224761424,1.0784298328985265,1.0,1.0,1,1,1,1
1157,1.0691075508984764,1.0083411310151038,1.0,1.0,1,1,1,1
849,1.0942821760888264,1.0872439344248144,1.0,1.0,1,1,1,1
277,1.0620557118862204,1.0433698430509568,1.0,1.0,1,1,1,1
1142,1.0679163393699538,1.0855154104181486,1.0,1.0,1,1,1,1
200,1.0481258833216798,0.9800844091562227,1.0,1.0,1,1,1,1
1338,1.0693890325909585,1.0409085437058325,1.0,1.0,1,1,1,1
890,1.0129288697788696,1.0948532661187833,1.0,1.0,1,1,1,1
273,1.0568847293783261,1.0638168992248063,1.0,1.0,1,1,1,1
1544,1.0787181518472617,1.036967074337729,1.0,1.0,1,1,1,1
2205,1.037953449265381,1.042670779144805,1.0,1.0,1,1,1,1
120,1.0939848148810034,0.9855966117216118,1.0,1.0,1,1,1,1
1114,1.0583064740854213,1.0374933636468286,1.0,1.0,1,1,1,1
2288,1.0694280437978503,1.0469523417960769,1.0,1.0,1,1,1,1
246,1.0624471723272413,1.0778082517482517,1.0,1.0,1,1,1,1
1566,1.0501355806298716,1.037052783774938,1.0,1.0,1,1,1,1
870,1.0928279365079363,1.0262382577704825,1.0,0.8,1,1,1,1
227,1.0623346553088489,1.0933262961309318,1.0,1.0,1,1,1,1
2897,1.0109881082392913,1.0485871046394266,1.0,1.0,1,1,1,1
1317,1.058019226915315,1.0763436715226633,1.0,1.0,1,1,1,1
171,0.9901977470233376,1.0896024418006902,1.0,1.0,1,1,1,1
924,1.052954637393351,1.0961102621596301,1.0,1.0,1,1,1,1
133,1.0789736732779416,1.0044822223835752,1.0,1.0,1,1,1,1
201,0.9925389547413216,1.0437113634925055,1.0,1.0,1,1,1,1
810,1.0881271252197657,1.0995896858528358,1.0,1.0,1,1,1,1
485,1.0484971545370936,1.2085055769452417,1.0,1.0,1,1,1,1
2947,0.982964573268921,1.1261916231916231,1.0,1.0,1,1,1,1
1738,1.1659551915085677,1.0918935607017188,1.0,1.0,1,1,1,1
2420,1.193468248935592,1.0559838127123395,1.0,0.8,1,1,1,1
2638,1.0101210889213985,1.081343537414966,1.0,0.8,1,1,1,1
2190,1.0420790788588126,1.1560432664145641,1.0,1.0,1,1,1,1
1872,1.0391088406943674,1.1001270707070705,0.8,1.0,1,1,1,1
1996,1.2149722616934997,1.0563341473341474,1.0,1.0,1,1,1,1
2587,1.156496632276117,1.1304230130722204,1.0,1.0,1,1,1,1
2237,0.9742051671732522,1.0407557684212987,1.0,1.0,1,1,1,1
2377,1.088314353885631,0.9774795285359801,1.0,1.0,1,1,1,1
1794,1.1949001102273067,1.166802357266567,1.0,1.0,1,1,1,1
1905,1.0034560993438648,1.0963090616813527,1.0,1.0,1,1,1,1
2617,1.0396488249535807,0.9899594594594594,1.0,1.0,1,1,1,1
1941,1.0551696576608278,1.0428942795299938,1.0,1.0,1,1,1,1
550,1.2139657926108645,1.2103620863607167,1.0,1.0,1,1,1,1
2979,0.9774956896551725,1.1938811391223156,1.0,1.0,1,1,1,1
2359,1.1547972642972644,1.0406289682539682,1.0,1.0,1,1,1,1
2819,1.007530636030636,1.2109821796202156,1.0,1.0,1,1,1,1
1974,1.0560552032701853,0.998476510067114,1.0,1.0,1,1,1,1
1775,1.129919360051713,1.1662509347644787,1.0,1.0,1,1,1,1
2605,1.071512959032295,1.1951318073378878,0.8,1.0,1,1,1,1
531,1.0411856069245613,1.205480696053196,1.0,1.0,1,1,1,1
2631,1.2122955495911274,1.0411466666666667,1.0,1.0,1,1,1,1
2744,1.0402241741369207,1.1941093347272262,1.0,1.0,1,1,1,1
2645,1.052291390728477,1.1288580120683875,1.0,1.0,1,1,1,1
1795,1.1654050692783198,1.1944005381507152,1.0,1.0,1,1,1,1
563,1.130706249030522,1.2053915456156694,1.0,1.0,1,1,1,1
468,1.1643040346693758,1.2070710213243547,1.0,1.0,1,1,1,1
2964,1.1941605296493703,1.1306523999503706,1.0,1.0,1,1,1,1
1218,1.0096605466860182,1.0498605263157894,1.0,1.0,1,1,1,1
548,1.2094353235001127,1.2088106383966797,1.0,1.0,1,1,1,1
2014,1.130694105691057,1.0552079588987484,1.0,1.0,1,1,1,1
2108,1.041446028185217,1.1929810302721506,1.0,1.0,1,1,1,1
2629,1.2062093183615885,1.060516339869281,1.0,1.0,1,1,1,1
447,1.0151673536040886,1.2052950064902004,1.0,1.0,1,1,1,1
1940,1.0535339254552014,1.040106938940397,1.0,1.0,1,1,1,1
2962,1.1927229392495842,1.1315682260856428,1.0,1.0,1,1,1,1
1207,1.0540046023721008,1.0211211719488635,1.0,1.0,1,1,1,1
2846,1.1908611416752262,1.2054958369951811,1.0,1.0,1,1,1,1
2015,1.0557212289729656,1.1313194201513341,1.0,1.0,1,1,1,1
576,1.1905500194250194,1.2026118910382944,1.0,1.0,1,1,1,1
561,1.1317865420196709,1.1998110182541946,1.0,1.0,1,1,1,1
1485,1.0459802631578947,1.1022857142857143,0.8,1.0,1,1,1,1
1161,1.012380968087003,1.0582019538162366,1.0,1.0,1,1,1,1
1201,1.114,1.0169731084314813,1.0,1.0,1,1,1,1
232,1.0146334022323273,1.0553210702341136,1.0,1.0,1,1,1,1
1300,1.087062754780013,1.0503251303935515,1.0,1.0,1,1,1,1
2780,1.0862772804981433,0.9727387755102039,1.0,1.0,1,1,1,1
1457,0.9843995556031866,1.0524935556811759,0.6,1.0,1,1,1,1
1028,1.1826761904761904,1.017645313167564,1.0,1.0,1,1,1,1
1651,1.0792498425419774,0.9670245161290323,1.0,1.0,1,1,1,1
244,1.0552128922030704,1.1723270217364707,1.0,1.0,1,1,1,1
1630,1.0882409863827227,1.0864905393681625,1.0,1.0,1,1,1,1
2283,1.0613165135315739,0.9838468938488676,1.0,1.0,1,1,1,1
249,1.083737191438586,1.0572820512820513,1.0,1.0,1,1,1,1
1295,1.0413994466140886,1.1606152450090743,1.0,1.0,1,1,1,1
1240,1.078207234081372,1.152719197085949,1.0,1.0,1,1,1,1
2171,1.0668968253968254,1.0396192832003348,1.0,1.0,1,1,1,1
1625,1.0394158400836604,1.0903462965565267,1.0,1.0,1,1,1,1
1221,1.012733038329633,1.0848187174692556,1.0,1.0,1,1,1,1
1261,1.0396675563287536,1.1498887689298931,1.0,1.0,1,1,1,1
800,1.0993576781116587,1.0230645979703357,1.0,1.0,1,1,1,1
1416,1.0963310132226136,1.0575701608397072,1.0,1.0,1,1,1,1
286,1.0849560384870602,1.0637104606152223,1.0,1.0,1,1,1,1
1595,1.045282036163522,1.0918903213782627,1.0,1.0,1,1,1,1
1424,1.0456410533910534,1.037630109910538,1.0,1.0,1,1,1,1
1924,1.100612905452036,0.9798881735911149,1.0,1.0,1,1,1,1
1073,1.038304935288057,1.0175491979422042,1.0,1.0,1,1,1,1
880,1.100546859083192,1.0853630606265494,1.0,1.0,1,1,1,1
284,1.0665238587550054,1.073988432853218,1.0,1.0,1,1,1,1
1268,1.0832811215230271,1.1481549081035922,1.0,1.0,1,1,1,1
1483,1.0391294117647059,1.1446666666666667,1.0,1.0,1,1,1,1
1210,1.015016797137898,1.0397315056609981,1.0,1.0,1,1,1,1
1047,1.0424378407436956,1.0187521447028423,1.0,1.0,1,1,1,1
2284,1.0734287638592648,0.9790151346951506,1.0,1.0,1,1,1,1
807,1.0991669494720964,1.1604125321006677,1.0,1.0,1,1,1,1
1435,1.042537778366914,1.0385794051588726,1.0,1.0,1,1,1,1
1631,1.0888502698442626,1.0945902061382664,1.0,1.0,1,1,1,1
270,1.101490423482715,1.0670304748405386,1.0,1.0,1,1,1,1
1211,1.0085329365079365,1.071806756326111,1.0,1.0,1,1,1,1
1251,1.15899220228632,1.0903001688790348,1.0,1.0,1,1,1,1
874,1.0982686842345388,1.0386439425768785,1.0,1.0,1,1,1,1
1091,0.981649444171086,1.0225036299864771,1.0,1.0,1,1,1,1
2077,1.042015679374389,1.0797764929093787,1.0,1.0,1,1,1,1
280,1.0645508838987099,1.0432329668569227,1.0,1.0,1,1,1,1
1026,1.0133805889558103,1.0194314685314685,1.0,1.0,1,1,1,1
2472,1.0392333228870378,1.080321130228739,1.0,1.0,1,1,1,1
1600,1.0862513632627004,1.0415065493422349,1.0,1.0,1,1,1,1
2663,1.0671688311688312,0.983587445234504,1.0,1.0,1,1,1,1
1253,1.162578311457341,1.1613027910685805,1.0,1.0,1,1,1,1
1216,1.1592662917983918,1.014831331045004,0.8,1.0,1,1,1,1
2488,1.2026283847523953,1.081569559304409,1.0,1.0,1,1,1,1
1947,1.0545015720225197,1.0423635665435262,1.0,1.0,1,1,1,1
2797,1.188954102539126,1.0908184618369492,1.0,1.0,1,1,1,1
223,1.194925205590909,1.0694779134295227,1.0,1.0,1,1,1,1
1916,1.1319987936911848,1.1022242266249564,1.0,1.0,1,1,1,1
1966,1.1606952996062416,1.0560841428025483,1.0,1.0,1,1,1,1
2248,1.1865944833955193,1.0420105597162923,1.0,1.0,1,1,1,1
2765,1.2024011379482,1.094383453326537,1.0,1.0,1,1,1,1
448,1.1934140426728865,1.0160869940115034,1.0,1.0,1,1,1,1
2464,1.0672806451612904,1.0796123190389917,1.0,1.0,1,1,1,1
264,1.1622827185886009,1.0709043442394246,1.0,1.0,1,1,1,1
2958,0.985736857858679,1.1349318546037295,1.0,1.0,1,1,1,1
1257,1.095191330209981,1.1558386448860758,1.0,1.0,1,1,1,1
2623,1.0904893773673618,1.0739914529914532,1.0,1.0,1,1,1,1
329,1.066975896900035,1.1877278833474159,1.0,1.0,1,1,1,1
573,0.9828072673392858,1.194912783767522,1.0,1.0,1,1,1,1
1815,1.0539627891033956,1.100261500658628,1.0,1.0,1,1,1,1
1214,1.0105912280701754,1.0780840076590077,1.0,1.0,1,1,1,1
1755,1.163632783510477,1.2031474154527353,1.0,1.0,1,1,1,1
1263,1.0408508220124042,1.1478830674937233,1.0,1.0,1,1,1,1
2588,1.1620619765095361,1.1372491403245115,1.0,1.0,1,1,1,1
272,1.0514132270733303,1.0603921010496353,1.0,1.0,1,1,1,1
1929,1.1907308512594228,1.102809756909757,1.0,1.0,1,1,1,1
469,1.1619239041180243,1.2031288542587126,1.0,1.0,1,1,1,1
1234,1.0149855598154645,0.9793337337475785,1.0,1.0,1,1,1,1
2211,1.0901523875774943,1.0427320362581018,1.0,1.0,1,1,1,1
2533,1.0799579617834396,1.1605090991635834,1.0,1.0,1,1,1,1
1484,1.1586,1.008279365079365,1.0,0.8,1,1,1,1
266,1.062283306961604,1.1011009595327492,1.0,1.0,1,1,1,1
1220,1.0150772545527076,1.0953989730638491,1.0,1.0,1,1,1,1
518,1.1575347864237056,1.2022816293116643,1.0,1.0,1,1,1,1
1113,1.0606359889217452,1.1640000000000001,1.0,1.0,1,1,1,1
551,1.2041594596921548,1.2017256693701381,1.0,1.0,1,1,1,1
2674,1.0888573072497123,1.1901432866364083,1.0,1.0,1,1,1,1
1739,1.0972050292452864,1.1617977567792765,1.0,1.0,1,1,1,1
1917,1.1374835174656428,1.1006823700825643,1.0,1.0,1,1,1,1
2848,1.1910984576050347,1.2013350618611494,1.0,1.0,1,1,1,1
1885,1.1000633395425323,1.1082796031974114,1.0,1.0,1,1,1,1
2798,1.1039065163131214,1.1910584605363153,1.0,1.0,1,1,1,1
1545,1.0340119970032136,1.0535477342395199,1.0,0.8,1,1,1,1
143,1.0017920196279928,1.0540241857718147,1.0,1.0,1,1,1,1
646,1.0843078286961265,1.0749795932882702,0.8,0.8,1,1,1,1
647,1.1184105263157895,1.0753426270343367,1.0,1.0,1,1,1,1
2810,1.0212782258064517,0.9989036087611,0.5,0.8,1,1,0,1
1095,1.0070096864339815,0.9985370854668784,0.8,1.0,1,1,1,1
1076,1.0071726651296364,1.0401347270615564,1.0,1.0,1,1,1,1
714,1.0504166666666668,1.0988409753754813,0.5,1.0,1,1,0,1
2270,1.0340544147157191,0.9935490688822363,0.8,0.6,1,1,1,1
643,1.0078742424242424,1.0993222743977134,1.0,0.8,1,1,1,1
1236,1.0473090668080594,1.0151205859803671,0.8,1.0,1,1,1,1
2421,1.0181609913793104,1.1937831087941564,1.0,1.0,1,1,1,1
1036,1.0176577030812326,1.0321022192343219,1.0,1.0,1,1,1,1
1611,1.0769155192928779,1.0776741429605234,0.8,1.0,1,1,1,1
1362,1.0171470419138327,1.0773731961402442,0.4,1.0,1,1,1,1
1125,1.0638368049147071,1.0597240403873696,0.8,0.6,1,1,1,1
2000,1.2851365414710485,1.0222467124662775,1.0,0.6,1,1,1,1
1556,1.0782431093771214,1.0346957368718237,1.0,1.0,1,1,1,1
926,1.0733284954039672,1.0488601962805024,1.0,1.0,1,1,1,1
2989,1.027295494628828,0.9791535892483502,1.0,1.0,1,1,1,1
436,1.0121026534441169,1.2011166368526722,0.0,1.0,1,1,1,1
1363,1.0797177022804347,1.0334630566003593,1.0,1.0,1,1,1,1
1276,1.003681728081086,1.1441757666098265,1.0,0.8,1,1,1,1
717,1.14816,1.194980176461291,1.0,1.0,1,1,1,1
1536,1.1688333333333332,1.1339909284324416,1.0,1.0,1,1,1,1
653,0.9898943298969073,1.0288544396447639,1.0,1.0,1,1,1,1
709,1.0203846153846154,1.1556923076923078,1.0,1.0,1,1,1,1
512,1.0808764871845142,1.1762588241158372,1.0,0.8,1,1,1,1
2880,1.0245817577721303,1.1344633081522715,1.0,1.0,1,1,1,1
3018,1.054347727097808,1.1953066063179916,1.0,1.0,1,1,1,1
645,1.0571524163865658,0.9955487117924093,1.0,1.0,1,1,1,1
1279,1.2348746246273596,1.1440444773442875,0.6,1.0,1,1,1,1
1115,1.0563277874902874,1.0295889048188993,1.0,1.0,1,1,1,1
583,1.1163221625774125,1.1948506666009513,1.0,1.0,1,1,1,1
1288,1.13583228659885,1.1440703586113918,1.0,1.0,1,1,1,1
450,1.187029696515016,1.141948495407032,1.0,1.0,1,1,1,1
648,1.05466060776746,1.0138906204906204,1.0,1.0,1,1,1,1
1284,1.0229530040105195,1.1424657203910706,1.0,1.0,1,1,1,1
925,1.0528810188237017,1.1037919585987261,1.0,1.0,1,1,1,1
1985,1.1618842492930268,1.0019642067599515,1.0,1.0,1,1,1,1
300,1.0672166666666667,0.863485119047619,0.8,1.0,1,1,1,1
1301,1.0328732749304455,1.0751494763828815,0.0,1.0,1,1,1,1
649,1.0570647129318456,1.0020582456140352,1.0,1.0,1,1,1,1
1511,1.0422663513000718,1.132857142857143,1.0,1.0,1,1,1,1
1610,1.0750404542733594,1.0796092586071222,1.0,0.8,1,1,1,1
1217,1.015427050457822,1.1553708320563094,1.0,1.0,1,1,1,1
808,1.133124433262573,1.1442117722025613,1.0,1.0,1,1,1,1
274,1.0846121185467976,0.9998612845673506,1.0,1.0,1,1,1,1
1205,1.0673000364219116,1.0084209134893627,1.0,1.0,1,1,1,1
1468,1.0441523737546174,1.0547297667506623,1.0,1.0,1,1,1,1
2458,1.080922271302462,1.1588534891761344,1.0,1.0,1,1,1,1
1304,1.0697443349753695,1.1108,1.0,1.0,1,1,1,1
2699,0.9667418008348241,1.0165658129960646,1.0,1.0,1,1,1,1
2898,1.0504977380597595,1.020897560304141,1.0,1.0,1,1,1,1
1466,1.0510814759423455,1.0663741856079296,1.0,1.0,1,1,1,1
837,1.0839876172167773,1.1026151875145584,1.0,1.0,1,1,1,1
2751,1.0521290109829085,1.0156290810638635,1.0,1.0,1,1,1,1
1513,1.11325,1.0804221531002915,1.0,1.0,1,1,1,1
2536,1.158935668195532,1.0825157232704403,1.0,0.8,1,1,1,1
1258,1.1063229760372617,1.1491170987051365,1.0,1.0,1,1,1,1
1534,1.1161176470588237,1.133962463442609,1.0,1.0,1,1,1,1
2706,1.2322197647909714,1.0249782068171567,1.0,1.0,1,1,1,1
2214,1.046257408767881,1.0976931107392163,1.0,1.0,1,1,1,1
1477,1.0557842985020094,1.192363539411858,1.0,1.0,1,1,1,1
1742,1.022712121212121,1.158677458584283,1.0,1.0,1,1,1,1
439,1.2033119010604174,1.0949777607361963,0.8,1.0,1,1,1,1
1514,1.1301111111111113,1.1579383987599086,1.0,1.0,1,1,1,1
2651,1.131818303186908,1.0915,1.0,1.0,1,1,1,1
1273,1.0260166606782781,1.1431057057057057,1.0,1.0,1,1,1,1
1900,1.1112101142885173,1.2326256014720802,1.0,1.0,1,1,1,1
2249,1.0491902187916293,1.193224722552748,1.0,1.0,1,1,1,1
825,1.1017572337524617,1.1588302538042352,1.0,1.0,1,1,1,1
543,1.009018905472637,1.2017204503113703,1.0,1.0,1,1,1,1
1471,1.0936741541365045,1.0527797271924726,1.0,1.0,1,1,1,1
1919,1.1057017677857064,1.1343236726395365,1.0,1.0,1,1,1,1
1521,1.1190526315789473,1.0343428555272145,1.0,1.0,1,1,1,1
1741,1.09752479290222,1.1579067352256702,1.0,1.0,1,1,1,1
495,1.047452804046839,1.2010682595372504,1.0,1.0,1,1,1,1
2726,1.1361184504413804,1.0434745667999406,1.0,1.0,1,1,1,1
2564,1.2344776924286864,1.158460875875234,1.0,1.0,1,1,1,1
916,1.1072899791566457,1.1943387143178434,1.0,1.0,1,1,1,1
472,1.1583544529652352,1.2028537156427401,1.0,1.0,1,1,1,1
908,1.098391067336832,1.136369109730849,1.0,1.0,1,1,1,1
1546,1.0329733312482081,1.0631626278174493,1.0,1.0,1,1,1,1
1710,1.1577119085042438,1.1576398223246742,1.0,1.0,1,1,1,1
1478,1.0443927594907,1.0476471071618438,1.0,1.0,1,1,1,1
2832,1.2335677528748779,1.1384482461877388,1.0,1.0,1,1,1,1
1797,1.1580953544432115,1.1953039204285183,1.0,1.0,1,1,1,1
1027,1.0076048252975576,1.017132697770716,1.0,1.0,1,1,1,1
2103,0.9623002450980392,1.076335287846482,1.0,0.8,1,1,1,1
1757,1.231220524071702,1.155573381837225,1.0,1.0,1,1,1,1
1654,1.0494220550552187,1.0654917811393187,1.0,1.0,1,1,1,1
2965,1.140244669454839,1.1957134827044027,1.0,1.0,1,1,1,1
1223,1.0144632895449757,1.0039919011082694,1.0,1.0,1,1,1,1
742,1.0496025864574252,0.9642285714285714,0.5,1.0,1,1,0,1
818,1.0876411485971147,1.097,1.0,1.0,1,1,1,1
1874,1.044546745360872,1.1034503401360545,1.0,1.0,1,1,1,1
1254,1.152598334037369,1.13703913170325,1.0,1.0,1,1,1,1
2771,1.0178641729323308,1.0971171480329072,1.0,1.0,1,1,1,1
743,0.8780032163742689,1.0100234496124032,1.0,1.0,1,1,1,1
494,1.047448204340311,1.2014410947833736,1.0,1.0,1,1,1,1
2606,1.1547547139589442,1.1956349439223763,1.0,1.0,1,1,1,1
1976,1.05827950310559,1.0462436301967013,1.0,1.0,1,1,1,1
654,1.0342033654679699,1.0016864568599717,1.0,1.0,1,1,1,1
317,1.0660838744588745,1.1377426089728264,0.8,1.0,1,1,1,1
1664,1.1544071127231568,1.1040160280616589,1.0,1.0,1,1,1,1
2206,1.0406054392502138,1.0462857213188923,1.0,1.0,1,1,1,1
1269,1.1527491412647861,1.1283733528952657,1.0,1.0,1,1,1,1
541,1.200845404643983,1.100269945033499,1.0,1.0,1,1,1,1
835,1.08268658008658,1.0069936030680728,1.0,1.0,1,1,1,1
1533,1.1113333333333333,1.138474761730698,1.0,1.0,1,1,1,1
307,1.0157985383124934,0.9957978142076502,1.0,1.0,1,1,1,1
2675,1.1959278508621105,1.168283950617284,1.0,1.0,1,1,1,1
829,1.1018020218331062,1.089718581696339,1.0,1.0,1,1,1,1
1277,1.1356242625279775,1.0967930565544295,1.0,1.0,1,1,1,1
1519,1.0424146191750956,1.1032727272727274,1.0,1.0,1,1,1,1
290,1.125920245398773,1.0499665169456922,1.0,1.0,1,1,1,1
2223,1.0130857645180527,1.0463377003268408,1.0,1.0,1,1,1,1
1796,1.1970862671071258,1.1546832439399086,1.0,1.0,1,1,1,1
1967,1.0033603775203777,1.1500964807907512,1.0,1.0,1,1,1,1
564,1.2011093527980514,1.1384135975135976,1.0,1.0,1,1,1,1
1498,1.1202608695652174,1.1533728194183617,1.0,1.0,1,1,1,1
2697,1.0370085327257843,1.0962094226464631,1.0,1.0,1,1,1,1
228,1.0847529646589176,1.044077380952381,1.0,1.0,1,1,1,1
1861,1.1044828210974313,1.1163219512195122,1.0,1.0,1,1,1,1
2573,1.0150816300967842,1.150996975741173,1.0,1.0,1,1,1,1
1287,1.1367907799604393,1.1355645920059565,1.0,1.0,1,1,1,1
871,1.0406923802182255,1.086830345093503,1.0,1.0,1,1,1,1
1245,1.1150833333333332,1.1293146332958226,1.0,1.0,1,1,1,1
1851,1.1509203511324695,1.1039781542960352,1.0,1.0,1,1,1,1
710,1.0905925925925926,1.0372612111778787,1.0,1.0,1,1,1,1
449,1.2016475660666586,1.1295754357298473,1.0,1.0,1,1,1,1
1665,1.153490748529825,1.1052469628372006,1.0,1.0,1,1,1,1
915,1.0921385421376477,1.197463394784818,1.0,1.0,1,1,1,1
748,1.0246016042780748,1.0664632102229659,1.0,1.0,1,1,1,1
2648,1.1377272950766641,1.1091212121212122,1.0,1.0,1,1,1,1
1203,0.9964464243139499,1.0385768619358784,0.8,1.0,1,1,1,1
1255,1.1303465965412438,1.1539950915355277,1.0,1.0,1,1,1,1
2676,1.112487091222031,1.1974753002352359,1.0,1.0,1,1,1,1
1116,1.0401888090198514,1.0595561584858764,1.0,1.0,1,1,1,1
1716,1.0934760479041916,1.1529018798309427,1.0,1.0,1,1,1,1
1292,1.1312342536722566,1.199451989777291,1.0,1.0,1,1,1,1
1463,0.9315553866423432,1.0404688973904488,1.0,1.0,1,1,1,1
655,1.04132209772798,1.0008242296918768,1.0,1.0,1,1,1,1
1567,0.9711241134751774,1.0479833067435438,1.0,1.0,1,1,1,1
1464,0.9878998257839721,1.0367000729793834,1.0,1.0,1,1,1,1
1568,1.0075185941043086,1.0515955220490105,1.0,1.0,1,1,1,1
1446,1.0187005150763215,1.0142844162781661,0.8,1.0,1,1,1,1
2807,1.0452246868419892,1.0140308888639606,0.8,1.0,1,1,1,1
773,1.0358329014939307,1.0388307189542485,1.0,1.0,1,1,1,1
1307,1.060296333108403,1.0639533059922532,0.8,1.0,1,1,1,1
1035,1.10672,1.0123388302133631,1.0,1.0,1,1,1,1
1949,1.0483820429050712,1.0100494312433133,0.8,1.0,1,1,1,1
1215,1.022697331732693,1.0808295237825294,0.8,0.8,1,1,1,1
2990,0.989786411077507,1.038455129488052,0.6,1.0,1,1,1,1
2713,1.0155517650371308,1.042346298564247,1.0,1.0,1,1,1,1
777,1.0383369047619049,1.0316902110348334,1.0,1.0,1,1,1,1
1260,1.0142396710526316,1.1281671484955553,1.0,1.0,1,1,1,1
1037,1.060168220190063,1.0070267140628069,1.0,1.0,1,1,1,1
1200,1.1176923076923075,1.0253203633533867,1.0,1.0,1,1,1,1
1333,1.0636099936748893,1.1498333818986493,1.0,1.0,1,1,1,1
779,1.059964762971258,1.0134661293365805,1.0,1.0,1,1,1,1
1522,1.0426885828148005,1.1176296296296298,1.0,1.0,1,1,1,1
1238,1.0680153782858701,1.128580011942081,1.0,1.0,1,1,1,1
1208,1.0121222619834935,1.0235069573006708,1.0,1.0,1,1,1,1
1068,1.0097695940908522,1.147600924037565,1.0,1.0,1,1,1,1
1633,1.057651288997246,1.0389279544282317,1.0,1.0,1,1,1,1
2208,1.0202144375126498,1.0406963801933127,1.0,1.0,1,1,1,1
735,1.1251231471733099,1.0617678571428573,1.0,1.0,1,1,1,1
1227,1.0233880364980366,1.0140413690213717,1.0,1.0,1,1,1,1
1968,1.025161906514538,1.1477370421434498,1.0,1.0,1,1,1,1
1061,1.0801754185992294,1.0093130258428058,1.0,1.0,1,1,1,1
1281,1.0162065941542022,1.1197954534745285,1.0,1.0,1,1,1,1
1617,1.0596728996563163,1.1461249552452561,1.0,1.0,1,1,1,1
2178,1.0808525267207023,1.0178371736860425,1.0,1.0,1,1,1,1
749,1.103949472096531,1.0710395794681509,1.0,1.0,1,1,1,1
1524,1.0473299964784117,1.1187857142857145,1.0,1.0,1,1,1,1
811,1.0686312025498927,1.084986852544486,1.0,1.0,1,1,1,1
2218,1.0849791967664257,1.233535213089802,1.0,1.0,1,1,1,1
2552,1.0954637925403312,1.1465692574495607,1.0,1.0,1,1,1,1
1764,1.152978813645111,1.0204131616385912,1.0,1.0,1,1,1,1
1978,1.0338353461026535,1.081765873015873,1.0,1.0,1,1,1,1
320,1.0479479166666668,1.1359623546961257,1.0,1.0,1,1,1,1
1994,1.0367860472860473,1.0937162404253553,1.0,1.0,1,1,1,1
866,1.0857981699939505,1.0807100591715977,1.0,1.0,1,1,1,1
1854,1.106791788913079,1.14635765772897,1.0,1.0,1,1,1,1
737,1.0609550109793588,1.065633781033781,1.0,1.0,1,1,1,1
1724,1.1551633659832548,1.0555735684528718,1.0,1.0,1,1,1,1
1532,1.0161575175394362,1.1027586206896551,1.0,1.0,1,1,1,1
2235,1.0638443633140588,1.1346749482401655,1.0,1.0,1,1,1,1
303,1.2337573876753294,1.0606251407129457,1.0,1.0,1,1,1,1
836,1.0569918468865815,1.0880326871213601,1.0,1.0,1,1,1,1
776,1.0389961636828644,1.0927285588354112,1.0,1.0,1,1,1,1
1510,1.0757813890878691,1.1155333333333333,1.0,1.0,1,1,1,1
269,1.0510894487039066,1.1054668606233835,1.0,1.0,1,1,1,1
1342,1.0697312499999998,1.0500487189849546,1.0,1.0,1,1,1,1
1718,1.0768288770053476,1.1566078518661205,1.0,1.0,1,1,1,1
2881,1.0105845511567284,1.1334152623211449,1.0,1.0,1,1,1,1
2567,1.2346449320102288,1.1471607845179208,1.0,1.0,1,1,1,1
257,1.0394868514570006,1.1127741935483872,1.0,1.0,1,1,1,1
2202,1.0664013225780644,1.0708216374269006,1.0,1.0,1,1,1,1
1315,1.073134327958172,1.1072204269225832,1.0,1.0,1,1,1,1
2698,1.0493390280467265,1.0921137765695579,1.0,1.0,1,1,1,1
2018,1.0554039771929058,1.133325175253545,1.0,1.0,1,1,1,1
855,1.091561124248263,1.1460762704629748,1.0,1.0,1,1,1,1
1823,1.0667053530377668,1.10631673566879,1.0,1.0,1,1,1,1
1516,1.1455300587761315,1.12625,1.0,1.0,1,1,1,1
2727,1.0502246858500004,1.1346628286926055,1.0,1.0,1,1,1,1
1866,1.1082163445455233,1.0798381037567084,1.0,1.0,1,1,1,1
812,1.0924127574927969,1.0736762762521277,1.0,1.0,1,1,1,1
1502,1.1225454545454547,1.1563151401178877,1.0,1.0,1,1,1,1
1375,1.032960045579268,1.0,1.0,0.5,1,0,1,0
2707,1.2334111195303952,1.0530954851520722,1.0,1.0,1,1,1,1
1503,1.1229411764705883,1.1136523141428802,1.0,1.0,1,1,1,1
873,1.0578082530235762,1.0922807383627609,1.0,1.0,1,1,1,1
1525,1.1154857142857142,1.0544966743789468,1.0,1.0,1,1,1,1
1377,1.3900000000000001,1.0556752349190368,1.0,1.0,1,1,1,1
833,1.1161017117143188,1.0891940464098284,1.0,1.0,1,1,1,1
1379,1.044,1.09870154290989,1.0,0.8,1,1,1,1
544,1.0387797916666668,1.1472973198282936,1.0,0.8,1,1,1,1
268,1.0201794117647058,1.1165281747434452,1.0,1.0,1,1,1,1
879,1.0913872205987363,1.0888457798322206,1.0,1.0,1,1,1,1
2093,1.0737139770381838,1.1318111910282194,1.0,1.0,1,1,1,1
1250,1.0615839961280955,1.1127894307689672,1.0,1.0,1,1,1,1
2491,1.0907890064821713,1.2309583301120792,0.8,1.0,1,1,1,1
1717,1.0793971924029726,1.15555519258935,1.0,1.0,1,1,1,1
3022,1.0282543604651164,1.1992568364512122,0.6,1.0,1,1,1,1
299,1.0311738970197828,1.0153250196607124,1.0,1.0,1,1,1,1
2088,1.0901658635943385,1.1129853842309614,1.0,1.0,1,1,1,1
479,1.1987747836657283,1.1188720538720538,0.8,1.0,1,1,1,1
909,1.0899826804891677,1.1312177024959404,1.0,1.0,1,1,1,1
1609,1.0904506268194591,1.0594149590262005,1.0,1.0,1,1,1,1
1810,1.152421698215308,0.9649249233912155,1.0,1.0,1,1,1,1
1280,1.229879681723228,1.1131517372899364,1.0,1.0,1,1,1,1
2677,1.0855977011494253,1.2002680838323354,1.0,1.0,1,1,1,1
486,1.08715810404285,1.1951867229404198,1.0,1.0,1,1,1,1
2809,1.129390230478156,1.0414073458073458,1.0,1.0,1,1,1,1
2467,1.0908027042481312,1.0841535714285715,1.0,1.0,1,1,1,1
2856,1.0262666666666667,1.22873037722729,1.0,1.0,1,1,1,1
1583,0.9168096416784536,1.0577073494290945,0.5,1.0,1,1,0,1
832,1.0917137024986188,1.1193980021752215,1.0,1.0,1,1,1,1
568,1.1304182571355346,1.2000275372139335,1.0,1.0,1,1,1,1
1293,1.2006950128899039,1.1140711330598831,1.0,1.0,1,1,1,1
2633,1.0831704545454546,1.2291128757928589,1.0,1.0,1,1,1,1
733,1.0577021003690938,1.0382228904428905,0.6,1.0,1,1,1,1
212,1.1339383852841913,1.0271929824561403,0.8,0.5,1,1,1,0
1562,1.0514419099843326,1.0386281762263687,0.4,1.0,1,1,1,1
666,1.0106959890163774,1.0630553011228083,1.0,1.0,1,1,1,1
209,1.1293285714285715,1.059022787388629,1.0,1.0,1,1,1,1
705,1.0966666666666667,1.068357142857143,1.0,1.0,1,1,1,1
650,1.0036661679281818,1.0567929216728325,1.0,1.0,1,1,1,1
216,1.079502892102336,1.2073690476190477,1.0,1.0,1,1,1,1
1381,1.0710000000000002,1.0576280271638843,1.0,1.0,1,1,1,1
865,1.09148160291439,1.0827325800376648,1.0,1.0,1,1,1,1
451,1.1992653030266023,1.1107884077837662,1.0,1.0,1,1,1,1
917,1.0906167427336055,1.201037598260348,1.0,1.0,1,1,1,1
1259,1.1200741033978256,1.1116153542310223,1.0,1.0,1,1,1,1
706,1.1132,1.1111448275862068,1.0,1.0,1,1,1,1
1932,1.122565987460815,1.2026886519883209,1.0,1.0,1,1,1,1
215,1.079600201539273,1.1517676767676768,1.0,1.0,1,1,1,1
2064,1.0068780060519191,1.0447755314532174,1.0,1.0,1,1,1,1
208,1.0888086956521739,1.0591838829649851,1.0,1.0,1,1,1,1
1147,1.0611697653024335,1.1327848945000647,1.0,1.0,1,1,1,1
1372,1.0687190528304054,1.0208420774415223,1.0,1.0,1,1,1,1
1063,1.090701778477174,1.0087615134358627,1.0,1.0,1,1,1,1
739,1.1306666666666667,1.0345310498306726,1.0,1.0,1,1,1,1
1222,1.0887356735026126,1.021133424384017,1.0,1.0,1,1,1,1
801,1.086002499202499,1.0102254202326093,1.0,1.0,1,1,1,1
734,1.023750042591476,1.0402051282051281,1.0,1.0,1,1,1,1
1162,1.0089968795217559,1.0624297319701577,1.0,1.0,1,1,1,1
813,1.0849513610838308,1.1,1.0,1.0,1,1,1,1
281,1.0157875205254516,1.0494419542886493,1.0,1.0,1,1,1,1
730,1.0107216981848561,1.0419927368927369,1.0,1.0,1,1,1,1
1197,1.096,1.0225778113419783,1.0,1.0,1,1,1,1
1547,1.0354299314951445,1.057567919854509,1.0,1.0,1,1,1,1
1032,1.0096245002546473,1.1455555555555557,1.0,1.0,1,1,1,1
282,1.014311139564661,1.0643538540120394,1.0,1.0,1,1,1,1
1145,1.1322080847881872,1.0648090251537403,1.0,1.0,1,1,1,1
731,1.0460781609195402,1.013148946433105,1.0,1.0,1,1,1,1
1655,1.0556425893938752,1.0622577886890245,1.0,1.0,1,1,1,1
1643,1.0611028520491521,1.0069908976660993,1.0,1.0,1,1,1,1
2613,1.0551380445664134,1.1339177421370012,1.0,1.0,1,1,1,1
1163,1.0105864535464535,1.0618445106001473,1.0,1.0,1,1,1,1
1582,1.053682857652574,1.013656346749226,1.0,1.0,1,1,1,1
2731,1.038763791848473,1.0550947236070398,1.0,1.0,1,1,1,1
1469,1.028971738790428,1.0777876995860438,1.0,1.0,1,1,1,1
1194,1.06249974940751,1.054216101910693,1.0,1.0,1,1,1,1
1237,1.0628396058577514,1.110200423269119,1.0,1.0,1,1,1,1
1146,1.1346710208657065,1.0664585232778363,1.0,1.0,1,1,1,1
1528,1.0336240100156218,1.110111111111111,1.0,1.0,1,1,1,1
295,1.0576514860484376,1.0292930711610486,1.0,1.0,1,1,1,1
1476,1.0231666617718442,1.0308706423241527,1.0,1.0,1,1,1,1
1249,1.113899879726354,1.015525180544263,1.0,1.0,1,1,1,1
712,1.0788,1.0788832402234636,1.0,1.0,1,1,1,1
2775,1.0880954016603535,1.080331566898458,1.0,1.0,1,1,1,1
1358,1.0570061849357013,1.0311484941093603,1.0,1.0,1,1,1,1
715,1.0627557603686637,1.0184101415154045,1.0,1.0,1,1,1,1
278,1.0479888998429912,1.0277299847792998,1.0,1.0,1,1,1,1
2619,1.0849777777777778,1.0591347966930196,1.0,1.0,1,1,1,1
1246,1.1143175103494753,1.1233513513513516,1.0,1.0,1,1,1,1
716,1.0423131800766283,1.0911875,1.0,1.0,1,1,1,1
1346,1.0561541475749245,1.021319298245614,1.0,1.0,1,1,1,1
1465,0.9920713820078226,1.0285539426523296,1.0,1.0,1,1,1,1
1264,1.054135319376756,1.10962469372335,1.0,1.0,1,1,1,1
711,1.07410101010101,1.0281206349206349,1.0,1.0,1,1,1,1
247,1.0603108184179022,1.0198042768042768,1.0,1.0,1,1,1,1
2242,1.0503609446109448,1.0594347833239652,1.0,1.0,1,1,1,1
713,1.0580608653846153,1.0753176470588235,1.0,1.0,1,1,1,1
254,1.028855072463768,1.1292631578947367,1.0,1.0,1,1,1,1
1271,1.0823410346559519,1.1073887495999535,1.0,1.0,1,1,1,1
2207,1.0603319221761844,1.065190260391499,1.0,1.0,1,1,1,1
1518,1.084944099378882,1.1313846153846154,1.0,1.0,1,1,1,1
2199,1.058015049643394,1.0841338797814206,1.0,1.0,1,1,1,1
1520,1.0662311902009103,1.13195,1.0,1.0,1,1,1,1
1557,1.030949084298454,1.1495029535587586,1.0,0.8,1,1,1,1
2489,1.0895836371543122,1.2275252924682771,1.0,1.0,1,1,1,1
496,1.0488165396935671,1.1976103899140131,1.0,1.0,1,1,1,1
267,1.025917869269949,1.121083066193165,1.0,1.0,1,1,1,1
1310,1.150772834983196,1.0576801265551266,1.0,1.0,1,1,1,1
1232,0.9716010151288897,1.129141257597008,0.8,1.0,1,1,1,1
642,0.9903426406926407,1.0826600309470933,1.0,1.0,1,1,1,1
2607,1.30066258976446,1.2022596699226407,1.0,1.0,1,1,1,1
2179,1.0884788945699573,1.04094994068932,1.0,1.0,1,1,1,1
553,1.2269964309805395,1.1986143913344183,1.0,1.0,1,1,1,1
237,0.9294905263157895,1.0226628740471042,1.0,1.0,1,1,1,1
1920,1.1299237326270588,1.1241208993777152,1.0,1.0,1,1,1,1
651,0.9920208265947889,1.050825359938496,1.0,1.0,1,1,1,1
826,1.081527448725321,1.152453409134578,1.0,1.0,1,1,1,1
2191,1.0441781018766512,1.206632437539234,1.0,1.0,1,1,1,1
658,0.9916178681131953,1.123586298396264,1.0,1.0,1,1,1,1
229,1.0334295096716148,1.0784019457245262,1.0,1.0,1,1,1,1
2565,1.1815258935049633,1.2237809798045092,1.0,1.0,1,1,1,1
582,1.2000096014492754,1.2014530241082757,1.0,1.0,1,1,1,1
831,1.0811440930199832,1.1250445562574076,1.0,1.0,1,1,1,1
1776,1.1526463481015492,1.1299566392786438,1.0,1.0,1,1,1,1
1758,1.2237752219482965,1.1511794742883246,1.0,1.0,1,1,1,1
1930,1.2000895208717544,1.1275553871644997,1.0,1.0,1,1,1,1
554,1.2246458369944462,1.1992491526805924,1.0,1.0,1,1,1,1
2966,1.2006832374289047,1.1310006218076838,1.0,1.0,1,1,1,1
567,1.1290697840456938,1.1953034458831906,1.0,1.0,1,1,1,1
2849,1.200771983016983,1.2256307070039065,1.0,1.0,1,1,1,1
2870,1.0099703913563554,1.0930379455909942,1.0,1.0,1,1,1,1
746,1.0399676497277677,1.0691741756967612,1.0,0.8,1,1,1,1
1373,1.0491926140715615,1.0429228494623657,1.0,1.0,1,1,1,1
780,1.0142208012250218,1.0448610525856616,1.0,1.0,1,1,1,1
1649,1.0884692366163933,1.0685175356101855,1.0,1.0,1,1,1,1
1224,1.013348199285002,1.0162667295391175,0.8,1.0,1,1,1,1
747,1.072267992152325,1.039879176538485,1.0,1.0,1,1,1,1
781,1.0166086775135585,1.0557683014354067,1.0,1.0,1,1,1,1
210,1.0752969696969696,1.025245523319731,1.0,1.0,1,1,1,1
1374,1.0548756302521007,1.0169860327109568,1.0,1.0,1,1,1,1
1537,1.2015211560295191,1.1245731707317073,1.0,0.8,1,1,1,1
2539,1.1377198153055201,1.065142195705318,0.8,1.0,1,1,1,1
1886,1.120207107373244,1.1248565486993347,0.8,1.0,1,1,1,1
2974,1.1283671143178606,1.0503106539662501,1.0,1.0,1,1,1,1
1523,0.994857142857143,1.0623899812218096,1.0,1.0,1,1,1,1
2608,1.1378704507561104,1.201495970835487,1.0,1.0,1,1,1,1
1204,0.9990986976392758,1.023293906588308,0.8,1.0,1,1,1,1
2779,1.1269727891156465,1.1156933337848256,1.0,1.0,1,1,1,1
1939,1.0517448019232278,1.1259908867876312,1.0,1.0,1,1,1,1
2551,1.1346833717934548,1.1201652877449306,1.0,1.0,1,1,1,1
2749,1.0626334180636452,1.0471182881404624,1.0,1.0,1,1,1,1
1543,1.0733079909739542,1.0256106861939174,1.0,1.0,1,1,1,1
1887,1.1201104208124248,1.1285424986862849,1.0,1.0,1,1,1,1
3019,1.0468585370664718,1.2033444772643638,1.0,1.0,1,1,1,1
1540,1.076,1.0294530181550776,0.5,1.0,1,1,0,1
1933,1.129304514830872,1.2028174788892403,1.0,1.0,1,1,1,1
891,1.0157510835879404,1.07911345661134,1.0,1.0,1,1,1,1
1576,1.104076923076923,1.0923617391304348,1.0,1.0,1,1,1,1
1550,1.1159445190532147,1.0287048906190033,0.6,1.0,1,1,1,1
1296,1.0139331446262716,1.1060204612598192,1.0,1.0,1,1,1,1
787,1.0567680021039714,1.1237750537197773,1.0,1.0,1,1,1,1
1709,1.157959643180797,1.1335049959552894,1.0,1.0,1,1,1,1
2632,1.2225175709746818,1.0944640332640332,1.0,1.0,1,1,1,1
2879,1.0175026718379658,1.1266692024539877,1.0,1.0,1,1,1,1
744,1.0423658805457667,1.0200740740740741,1.0,1.0,1,1,1,1
594,1.1774897597771492,1.0104873366013072,0.8,1.0,1,1,1,1
806,1.0767154333955804,1.1031730414168304,1.0,1.0,1,1,1,1
1560,1.0273570020006855,1.0143991241437367,1.0,1.0,1,1,1,1
2534,1.1318066237070181,1.091205495818399,1.0,1.0,1,1,1,1
434,1.0503199134199135,1.1727381350533523,1.0,1.0,1,1,1,1
1809,1.1583465158715498,1.0385534454693435,1.0,1.0,1,1,1,1
2831,1.1279006170547887,1.2224504216894247,1.0,1.0,1,1,1,1
235,1.0293832306240285,1.065735531135531,1.0,1.0,1,1,1,1
1993,1.1197892138825227,1.016863702036383,1.0,0.8,1,1,1,1
1529,1.0102910994703602,1.1388825865002836,1.0,0.8,1,1,1,1
217,1.0798066666666668,1.046999245139335,1.0,1.0,1,1,1,1
2471,1.0869712845686472,1.062420397727805,1.0,1.0,1,1,1,1
1030,1.014548985975179,1.0571325155598525,1.0,1.0,1,1,1,1
823,1.0801744984222215,1.1522282390468148,1.0,1.0,1,1,1,1
1579,1.0116652506592452,0.9486904761904761,1.0,1.0,1,1,1,1
525,1.0898430099312453,1.172314083767722,1.0,1.0,1,1,1,1
1270,1.1006094341761017,1.1310881706941847,1.0,1.0,1,1,1,1
1564,1.127168401546037,1.0323359591167065,1.0,1.0,1,1,1,1
2755,1.00495145931936,1.1174945983185014,1.0,1.0,1,1,1,1
1505,1.142339826839827,1.023827525217747,1.0,1.0,1,1,1,1
1187,1.068792171325578,1.2041151868855862,1.0,1.0,1,1,1,1
1937,1.0486360233811292,1.1266153979794165,1.0,1.0,1,1,1,1
1340,1.059981504741202,1.0624134123068327,1.0,1.0,1,1,1,1
1062,1.0130712435664182,1.0863898598447514,1.0,1.0,1,1,1,1
1539,1.0273103448275862,1.0303827205163858,1.0,1.0,1,1,1,1
769,1.1309239554033554,1.045039891793968,1.0,1.0,1,1,1,1
863,1.0800624793844418,1.0853407923697724,1.0,1.0,1,1,1,1
255,1.0237190721649485,1.1396010335917313,1.0,1.0,1,1,1,1
2799,1.1153769924031964,1.2024830977356407,1.0,1.0,1,1,1,1
213,1.0632857142857142,1.0605397246162356,1.0,1.0,1,1,1,1
2525,1.0877483475839547,1.0497848775803054,1.0,1.0,1,1,1,1
1124,1.0239831459892386,1.069938439784399,1.0,1.0,1,1,1,1
330,1.0275764676240866,1.2031099269773307,1.0,1.0,1,1,1,1
2748,1.0626910450639442,1.0521656013957013,1.0,1.0,1,1,1,1
1312,1.0637824197943764,1.126286296288118,1.0,1.0,1,1,1,1
824,1.0813030362092861,1.141064210571607,1.0,1.0,1,1,1,1
2563,1.2213883931242948,1.1330416801367507,1.0,1.0,1,1,1,1
1580,1.0290666666666666,1.0391503658067,1.0,1.0,1,1,1,1
565,1.1290118874272739,1.1738318837045492,1.0,1.0,1,1,1,1
2056,1.0551456298228934,1.0150609511148845,1.0,1.0,1,1,1,1
1931,1.124002824858757,1.2029077439877511,1.0,1.0,1,1,1,1
1756,1.2206546023710785,1.1514246414044103,1.0,1.0,1,1,1,1
459,1.1737619910134818,1.0337096774193548,1.0,1.0,1,1,1,1
1371,1.0574606025836095,1.067173009175541,1.0,1.0,1,1,1,1
1122,1.1259682663614687,1.0731646879922305,1.0,1.0,1,1,1,1
1572,0.9909732142857143,1.137241878790699,1.0,1.0,1,1,1,1
552,1.1764794644806553,1.2228347459043598,1.0,1.0,1,1,1,1
1100,1.0635847156107376,1.0704472340118163,1.0,1.0,1,1,1,1
1938,1.1270477537670274,1.0613612715443432,1.0,1.0,1,1,1,1
2245,1.0446607076759553,1.0393500038515113,1.0,1.0,1,1,1,1
1267,1.0688555536215536,1.0984447364157224,0.8,1.0,1,1,1,1
261,1.0248024143877803,1.0653555989623387,1.0,1.0,1,1,1,1
1672,1.1435817164379878,1.05228036577675,1.0,1.0,1,1,1,1
1347,1.0692206291051145,1.0053339875272282,1.0,1.0,1,1,1,1
1045,1.012231396419597,1.010427295326315,1.0,1.0,1,1,1,1
1290,1.0537201018041624,1.09876984106421,1.0,1.0,1,1,1,1
291,1.0831291005291006,1.0263601571503405,1.0,1.0,1,1,1,1
441,1.0133929303640863,1.1754892677660393,1.0,1.0,1,1,1,1
1318,1.0771795617700632,1.0704387113993954,1.0,1.0,1,1,1,1
2180,1.0862330456535334,1.0423947802919433,0.8,1.0,1,1,1,1
1743,1.1412001066335624,0.9848115942028985,1.0,0.8,1,1,1,1
2468,1.0829544991511035,1.0870717082348165,1.0,1.0,1,1,1,1
1040,1.1367616495152633,1.0128847529143385,1.0,1.0,1,1,1,1
1942,1.0092078478226156,1.0679606140367732,1.0,1.0,1,1,1,1
454,1.0719261288099233,1.1756844878066044,1.0,1.0,1,1,1,1
325,1.027601485148515,1.0649577259497656,1.0,1.0,1,1,1,1
1671,1.0142707824892088,1.14321987574746,1.0,1.0,1,1,1,1
1272,1.0938500227711028,1.0825768979057593,1.0,1.0,1,1,1,1
265,1.165171545717768,1.020801568627451,1.0,1.0,1,1,1,1
1336,1.0704930675526023,1.0817888257575758,1.0,1.0,1,1,1,1
473,1.1758011307705338,1.1641572811238317,1.0,1.0,1,1,1,1
1360,1.0717648742446013,1.068190472228001,1.0,1.0,1,1,1,1
707,1.0357766233766235,1.116,1.0,1.0,1,1,1,1
1781,1.1615696693496367,1.0634909007240776,1.0,1.0,1,1,1,1
455,1.0748348661840785,1.1760488148339494,1.0,1.0,1,1,1,1
708,1.047,1.0889090909090908,1.0,1.0,1,1,1,1
1574,0.9711969696969698,1.0381581009908423,1.0,1.0,1,1,1,1
1644,1.0653716383104965,1.00938074029265,1.0,1.0,1,1,1,1
1380,1.0985,1.1145971073054945,1.0,1.0,1,1,1,1
1378,1.0755384615384616,1.0354388928354044,1.0,1.0,1,1,1,1
2899,1.036892255892256,1.0085524410124411,1.0,1.0,1,1,1,1
1578,1.115614805784656,0.9887843137254901,1.0,1.0,1,1,1,1
2806,1.0338690909090908,1.1138151217821224,1.0,1.0,1,1,1,1
1569,0.9977714285714286,1.065263925790197,1.0,1.0,1,1,1,1
1632,1.1146992273501433,1.0582845894584456,1.0,1.0,1,1,1,1
1570,1.0374141414141413,1.0603179391100703,1.0,1.0,1,1,1,1
1088,1.0076080423890426,0.9611235431235432,1.0,1.0,1,1,1,1
276,1.0210455390173159,1.0555646503646503,1.0,1.0,1,1,1,1
2811,1.0601981115870067,1.0062784290874265,1.0,0.8,1,1,1,1
2498,1.0808618989856813,1.086455222642814,1.0,1.0,1,1,1,1
2883,1.009170262722803,0.958984461709212,1.0,1.0,1,1,1,1
214,1.0511428571428572,1.0053954093710409,1.0,1.0,1,1,1,1
2107,1.0550772568376319,1.0467978345070423,1.0,1.0,1,1,1,1
1143,1.0704982982855653,1.0869152261457322,0.8,1.0,1,1,1,1
2511,1.0859246547023038,1.0557716994623132,1.0,1.0,1,1,1,1
211,1.0278095238095237,1.0494434098065677,1.0,1.0,1,1,1,1
1195,1.0711244772268278,1.0611491291522657,1.0,1.0,1,1,1,1
233,1.0115801447509323,1.0231360890067787,1.0,1.0,1,1,1,1
2927,1.081260834147931,1.0589358293980182,1.0,1.0,1,1,1,1
2978,1.0658907055852644,0.9633216931216932,1.0,1.0,1,1,1,1
2497,1.0079262631078314,1.085514282794577,1.0,1.0,1,1,1,1
1077,1.0085432433226145,1.0124588411744133,1.0,1.0,1,1,1,1
2104,0.9560171717171718,1.0482989503647038,1.0,1.0,1,1,1,1
2808,1.0050855979011324,1.0844078469512501,1.0,1.0,1,1,1,1
2752,1.0597336341156567,1.0585634962295667,1.0,1.0,1,1,1,1
258,1.1382687747035574,1.0257376623376624,1.0,1.0,1,1,1,1
1943,1.0121532433084157,1.0726357157700441,1.0,1.0,1,1,1,1
1070,1.1319597744163326,1.0149056521241937,1.0,1.0,1,1,1,1
783,1.0876416550865613,1.0313391472444104,1.0,1.0,1,1,1,1
1156,1.2229453733436708,1.0737568987924149,1.0,1.0,1,1,1,1
1364,1.0764020651525494,1.0748023594867502,1.0,1.0,1,1,1,1
1507,1.1389626477541372,1.0731827351700174,1.0,1.0,1,1,1,1
2754,1.0612386773517752,1.0287404124072226,1.0,1.0,1,1,1,1
770,1.132528718780954,1.0355811802232855,1.0,1.0,1,1,1,1
2007,1.0875122118308767,1.0116557254659664,1.0,1.0,1,1,1,1
1196,1.0707581907174988,1.055603752104445,1.0,1.0,1,1,1,1
234,1.0249300256592078,1.013640049404243,1.0,1.0,1,1,1,1
2838,1.2235171133141896,1.080227006984806,1.0,1.0,1,1,1,1
2086,1.0580789336230765,1.0645497785014375,1.0,1.0,1,1,1,1
738,1.0350079027937238,1.073540395249968,1.0,1.0,1,1,1,1
2919,1.0720869523037675,1.0843325127579857,1.0,1.0,1,1,1,1
1025,1.0724289085886434,1.0147894971511175,1.0,1.0,1,1,1,1
333,1.0247073727933542,1.0549597452623654,1.0,1.0,1,1,1,1
2858,1.2263320370055986,1.0381225858764558,1.0,1.0,1,1,1,1
1517,1.1401739130434783,1.1327026374338547,1.0,1.0,1,1,1,1
327,1.0653040648358307,1.0257328239263723,1.0,1.0,1,1,1,1
1986,1.0131850178526194,1.056869049910945,1.0,1.0,1,1,1,1
732,1.0377499442053244,1.0779028023755708,1.0,1.0,1,1,1,1
2114,1.0273252226314027,1.0710847522847522,1.0,1.0,1,1,1,1
1031,1.072748576984813,1.0095697263405228,1.0,1.0,1,1,1,1
2579,1.0900708718525323,1.1307425021823962,1.0,1.0,1,1,1,1
752,1.0211022931242513,1.03509753572691,1.0,1.0,1,1,1,1
1319,1.0727404137998342,1.066471800156788,1.0,1.0,1,1,1,1
314,1.0877691197691197,1.0280194206222577,1.0,1.0,1,1,1,1
1297,1.0916205251789624,1.03009778357236,1.0,1.0,1,1,1,1
1148,1.0809049070405363,1.079377868938519,1.0,1.0,1,1,1,1
1311,1.076788232904524,1.141044295616664,1.0,0.8,1,1,1,1
1538,1.2000314734088928,1.1467920104211897,1.0,1.0,1,1,1,1
318,1.1283896595948375,1.0328557184750733,1.0,1.0,1,1,1,1
520,1.1755769202635036,1.1308523753173785,1.0,1.0,1,1,1,1
728,1.0780474196223349,1.0357676404322755,1.0,1.0,1,1,1,1
1901,1.127403460837887,1.2292874924117954,1.0,1.0,1,1,1,1
292,1.0297243513851775,1.0797210603829162,1.0,1.0,1,1,1,1
1778,1.130257955865273,1.1433315015532763,1.0,1.0,1,1,1,1
736,1.0908667555831264,1.0300714557960873,1.0,1.0,1,1,1,1
1515,1.1412616666666666,1.1295676207465342,1.0,1.0,1,1,1,1
1314,1.073719730857915,1.1260393281222612,1.0,1.0,1,1,1,1
446,1.080241031159064,1.17583352712809,1.0,1.0,1,1,1,1
3023,1.2008123049358919,1.0384384064737007,1.0,1.0,1,1,1,1
883,1.0802808932829342,1.2287861461870055,1.0,1.0,1,1,1,1
1865,1.1258169092169092,1.0848162393162393,1.0,1.0,1,1,1,1
256,1.0273242481203009,1.1374285714285715,1.0,1.0,1,1,1,1
435,1.1743127634514887,1.0392953405017922,1.0,1.0,1,1,1,1
854,1.0780705516705518,1.1296611069035265,1.0,1.0,1,1,1,1
1800,1.1998725722563157,1.1360422688559382,1.0,1.0,1,1,1,1
1239,1.072004662778967,1.086630031508785,1.0,1.0,1,1,1,1
1177,1.1322131358995677,1.081313617900126,1.0,1.0,1,1,1,1
2857,1.2303661470385254,1.0369185851265963,1.0,1.0,1,1,1,1
1501,1.1306458670008959,1.1372538461538462,1.0,1.0,1,1,1,1
771,1.0824225041367899,1.0387052982926346,1.0,1.0,1,1,1,1
1188,1.201010433496416,1.0786032557797698,1.0,1.0,1,1,1,1
927,1.0348571008832572,1.081965789625079,1.0,1.0,1,1,1,1
1334,1.0728891799272902,1.1282752032211416,1.0,1.0,1,1,1,1
480,1.1732954262184325,1.1264980656294359,1.0,1.0,1,1,1,1
2686,1.082477157360406,1.0281656084656086,1.0,1.0,1,1,1,1
1112,1.1392105068442473,1.0772527621171573,1.0,1.0,1,1,1,1
1853,1.125362830903112,1.1294141817474248,1.0,1.0,1,1,1,1
805,1.084352695189751,1.0783313896224305,1.0,1.0,1,1,1,1
2977,1.1332439217810921,1.0304518212101355,1.0,1.0,1,1,1,1
2566,1.2299332274931725,1.1289518422346798,1.0,1.0,1,1,1,1
584,1.2006278786109825,1.1729286460486836,1.0,1.0,1,1,1,1
911,1.0847881943348796,1.1336734517918727,1.0,1.0,1,1,1,1
555,1.2291588021943884,1.1735535137997235,1.0,1.0,1,1,1,1
570,1.1736406859114241,1.1356517482438957,1.0,1.0,1,1,1,1
1492,1.016346052631579,1.0,0.8,0.5,1,0,1,0
1493,1.052,1.014322933588151,1.0,1.0,1,1,1,1
2090,1.1191763269494228,1.0621567747784386,0.8,1.0,1,1,1,1
1601,1.0100054584768225,1.057837341600595,0.8,0.8,1,1,1,1
1241,1.0902091145875654,1.0772747252747252,0.6,0.8,1,1,1,1
207,1.0686042604507588,1.0186146551724138,0.8,1.0,1,1,1,1
2915,1.0824595734208367,0.9553861003861004,1.0,1.0,1,1,1,1
326,1.0270712881022614,1.0426598946433105,1.0,0.8,1,1,1,1
1376,1.049895238095238,1.0524849669343463,1.0,1.0,1,1,1,1
2782,1.1109389713716191,1.0418185747847097,1.0,1.0,1,1,1,1
2688,1.0585696958952364,0.9572105263157894,0.5,1.0,1,1,0,1
1262,1.1154186733053657,1.0630375916119872,1.0,1.0,1,1,1,1
1168,1.07386526446033,1.0812490470698517,1.0,1.0,1,1,1,1
1620,1.0561952578017604,1.0349095030288538,1.0,1.0,1,1,1,1
1289,0.9606861184792219,1.0500883879444856,1.0,1.0,1,1,1,1
2261,1.0172142809666993,1.0222859265734265,1.0,1.0,1,1,1,1
2918,1.0808536383442267,1.0420018158286262,1.0,1.0,1,1,1,1
250,1.0291769881655937,1.0685666666666667,1.0,1.0,1,1,1,1
324,0.9556389830508474,1.0276142063232616,1.0,1.0,1,1,1,1
1291,1.064535440540345,1.0509144065889078,1.0,1.0,1,1,1,1
1648,1.073372313267449,1.0654236816946494,1.0,1.0,1,1,1,1
1382,1.0258084250258164,1.0811985294117648,1.0,1.0,1,1,1,1
2216,1.0157365459419276,1.1253244067244883,1.0,1.0,1,1,1,1
3002,1.0231527185501066,1.050460038856219,1.0,1.0,1,1,1,1
313,1.0769734719294373,1.0314994239476998,1.0,1.0,1,1,1,1
2113,1.072259027655106,1.0264588205547707,1.0,1.0,1,1,1,1
1286,1.1026729039722434,1.0786679368809804,1.0,1.0,1,1,1,1
1155,1.171631337879936,1.0729266953223588,1.0,1.0,1,1,1,1
1487,1.018562629399586,1.0327567567567568,1.0,1.0,1,1,1,1
1383,1.095437908496732,1.0303761466095562,1.0,1.0,1,1,1,1
1278,1.1186416256206742,1.1598953388347086,1.0,1.0,1,1,1,1
2011,1.011,1.0181301432999235,1.0,1.0,1,1,1,1
2105,0.9547715447154472,1.0640395876247624,1.0,1.0,1,1,1,1
1298,1.034947523921437,1.1108222789115645,1.0,1.0,1,1,1,1
2226,1.006583183330606,1.0326925451559934,1.0,0.6,1,1,1,1
1950,1.0037163667833997,1.018736573997094,1.0,1.0,1,1,1,1
1548,1.0152393197923812,1.0368442451643691,0.8,1.0,1,1,1,1
1554,1.018046311630965,1.0123916666666666,1.0,1.0,1,1,1,1
1645,1.0636784147030416,1.0350758827896647,1.0,1.0,1,1,1,1
1038,1.0093943319838057,1.0640580671526954,1.0,1.0,1,1,1,1
665,1.0151096246748421,1.0374165692399442,0.6,1.0,1,1,1,1
1555,1.024673111441753,1.0335910108327757,1.0,1.0,1,1,1,1
1541,1.025072874493927,1.0557450186475825,1.0,1.0,1,1,1,1
663,1.112801878549585,1.0547877701272488,1.0,1.0,1,1,1,1
670,1.0660925809822364,1.0452746139469107,1.0,0.8,1,1,1,1
1552,1.059710976404015,1.0149291567018548,1.0,1.0,1,1,1,1
1575,1.0212724078023465,1.0293223443223443,1.0,1.0,1,1,1,1
2639,1.0350695804195804,1.075942760942761,1.0,0.6,1,1,1,1
2520,1.1186040379228614,1.199537709137709,0.6,1.0,1,1,1,1
2716,1.034363616768156,1.053720162198357,1.0,1.0,1,1,1,1
1586,1.0733333333333335,1.1349159272326903,0.5,1.0,1,1,0,1
1584,1.14199892631162,1.0465,1.0,1.0,1,1,1,1
2459,1.1226339950351891,1.11128447111902,1.0,0.8,1,1,1,1
1542,1.0186333333333333,1.0409958710066305,1.0,1.0,1,1,1,1
662,1.080648440748441,1.05265511223115,1.0,1.0,1,1,1,1
1646,1.064932290205094,1.0344312355122045,1.0,1.0,1,1,1,1
1594,1.0629861674936028,1.0198046109088248,1.0,1.0,1,1,1,1
1512,1.0245550924419786,1.1170607695073715,1.0,0.8,1,1,1,1
644,1.129879559272891,1.0680900889029448,0.6,1.0,1,1,1,1
1571,1.0707681649922847,1.0247378048780489,1.0,1.0,1,1,1,1
2490,1.1291105396275156,1.2278032308200442,1.0,1.0,1,1,1,1
1677,1.0282238658527953,1.1367445033535613,1.0,0.8,1,1,1,1
2625,1.113829145728643,1.1408160993204919,1.0,1.0,1,1,1,1
1984,1.0200397806345416,1.0535547245095132,1.0,1.0,1,1,1,1
2766,1.2281701383833614,1.1522100602643084,1.0,1.0,1,1,1,1
1723,1.054045522954668,1.140941161690785,1.0,1.0,1,1,1,1
1759,1.2267621378782791,1.1429308984715743,1.0,1.0,1,1,1,1
3,1.1075694444444446,1.0016,0.5,1.0,1,1,0,1
652,1.0481026057030483,1.0279627473375519,1.0,1.0,1,1,1,1
1,1.3059878787878787,1.0544003739756915,1.0,1.0,1,1,1,1
2689,1.043380679132997,1.0517651375826325,1.0,1.0,1,1,1,1
897,1.0780779376777414,1.130105541934777,1.0,1.0,1,1,1,1
1506,1.1142199300699303,1.0594007186641303,1.0,1.0,1,1,1,1
4,1.2253715233420543,1.1734428571428572,1.0,1.0,1,1,1,1
1577,1.0523799999999999,1.032655462184874,1.0,1.0,1,1,1,1
1069,1.1085475549313444,1.0076567318757192,1.0,1.0,1,1,1,1
1308,1.0521441664411266,1.0633345321346293,0.8,1.0,1,1,1,1
239,1.03126547008547,1.0948486608509884,1.0,0.8,1,1,1,1
1154,1.1494605448726722,1.0713603134955476,1.0,1.0,1,1,1,1
2735,1.0498448768453097,1.0521888446928993,1.0,1.0,1,1,1,1
1822,1.0282250217844227,1.1245129679597765,1.0,1.0,1,1,1,1
2063,1.0199866999945004,1.0435945272360114,1.0,1.0,1,1,1,1
5,1.1478149920255183,1.0472691900071776,1.0,1.0,1,1,1,1
2687,1.0473813847494031,1.2236287515609796,1.0,1.0,1,1,1,1
2578,1.079087255376884,1.108640183036235,1.0,1.0,1,1,1,1
799,1.1293662358138892,1.0070792173725365,1.0,1.0,1,1,1,1
533,1.0554898564377284,1.1731780628288204,1.0,1.0,1,1,1,1
1344,1.1487323338092972,1.056354828042328,1.0,1.0,1,1,1,1
1117,1.0706006546182119,1.0531242904521716,1.0,1.0,1,1,1,1
331,1.032368718765221,1.1980303516639133,1.0,1.0,1,1,1,1
1499,1.1156261904761906,1.1416806837315192,1.0,1.0,1,1,1,1
1863,1.124618421081059,1.048646766169154,1.0,1.0,1,1,1,1
2976,1.0514966843501328,1.1338721983954865,1.0,1.0,1,1,1,1
1573,1.024176974544745,1.0269741602067184,1.0,1.0,1,1,1,1
2,1.1296197496529632,1.0795862068965518,1.0,1.0,1,1,1,1
2822,1.0715827580066826,1.2235589150493407,1.0,1.0,1,1,1,1
1977,1.0157721755368816,1.0246732673267327,1.0,1.0,1,1,1,1
1256,1.0853106358332807,1.1388342976560146,1.0,1.0,1,1,1,1
1581,1.0404377990430622,1.047550758455228,1.0,1.0,1,1,1,1
1624,1.0544587678549682,1.0531723386793777,1.0,1.0,1,1,1,1
1359,1.0473937075437874,1.053915023701212,1.0,1.0,1,1,1,1
2540,1.055587600863847,1.1120380377430272,1.0,1.0,1,1,1,1
1497,1.1145415425355842,1.0425888888888888,1.0,1.0,1,1,1,1
910,1.1307734289451719,1.13438397574124,1.0,1.0,1,1,1,1
1807,1.0491067688842097,1.1367183254745103,1.0,1.0,1,1,1,1
526,1.0459192118226601,1.1728666800884862,1.0,1.0,1,1,1,1
1313,1.0569047104247105,1.1257159161272166,1.0,1.0,1,1,1,1
302,1.223288516984568,1.0365574229691876,1.0,1.0,1,1,1,1
2800,1.1955070665046124,1.1441544497428602,1.0,1.0,1,1,1,1
2590,1.112877025916016,1.1353034641881863,1.0,1.0,1,1,1,1
1500,1.1410023131349782,1.1159210441508216,1.0,1.0,1,1,1,1
453,1.0607714501976513,1.1733115589209122,1.0,1.0,1,1,1,1
2850,1.2232579340945977,1.1964611938687393,1.0,1.0,1,1,1,1
1535,1.1193173258003768,1.137653205165615,1.0,1.0,1,1,1,1
1348,1.2243947297000664,1.0624363019109642,1.0,1.0,1,1,1,1
1353,1.06147279215098,1.1369494597880052,1.0,1.0,1,1,1,1
1530,1.1190388379204892,1.2238660081938912,1.0,1.0,1,1,1,1
853,1.1299835815944608,1.1094934558117466,1.0,1.0,1,1,1,1
1585,0.9656666666666667,1.225255569944105,1.0,1.0,1,1,1,1
1043,1.005899307301268,1.123066112713285,1.0,1.0,1,1,1,1
2017,1.010362631659679,1.135712554492462,1.0,1.0,1,1,1,1
1495,1.0234328186152424,1.213811088633133,1.0,0.8,1,1,1,1
1811,1.0472921918804734,1.1352302138491517,1.0,1.0,1,1,1,1
1303,1.113272429210134,1.0627110859728508,1.0,1.0,1,1,1,1
