match_id,data,team_a_nome,team_b_nome,elo_a,elo_b,elo_diferenca,forma_recente_a,forma_recente_b,jogos_historico_a,jogos_historico_b,h2h_winrate_a,h2h_jogos,team_a_venceu,forma_recente_a_tinha_dados,forma_recente_b_tinha_dados,h2h_winrate_a_tinha_dados
630,2023-10-04 16:00:00,Looking4Org,Bad News Eagles,1500.0,1500.0,0.0,0.5,0.5,0,0,0.5,0,1,0,0,0
1006,2023-10-09 13:30:00,Looking4Org,Spirit,1516.0,1500.0,16.0,1.0,0.5,1,0,0.5,0,0,1,0,0
919,2023-10-09 13:30:00,Aurora,Apeks,1500.0,1500.0,0.0,0.5,0.5,0,0,0.5,0,0,0,0,0
1008,2023-10-09 18:00:00,Looking4Org,BIG,1499.263693206478,1500.0,-0.7363067935220897,0.5,0.5,2,0,0.5,0,1,1,0,0
2930,2023-10-09 18:00:00,Apeks,Movistar Riders,1516.0,1500.0,16.0,1.0,0.5,1,0,0.5,0,0,1,0,0
1010,2023-10-10 13:30:00,Looking4Org,Apeks,1515.2976013366472,1499.263693206478,16.033908130169266,0.6666666666666666,0.5,3,2,0.5,0,1,1,1,0
2823,2023-10-10 18:00:00,Spirit,Movistar Riders,1516.736306793522,1516.736306793522,0.0,1.0,1.0,1,1,0.5,0,1,1,1,0
798,2023-10-10 18:00:00,Looking4Org,Aurora,1530.559736329974,1484.0,46.55973632997393,0.75,0.0,4,1,0.5,0,1,1,1,0
1009,2023-10-11 13:30:00,Looking4Org,Movistar Riders,1544.4283250370925,1500.736306793522,43.692018243570374,0.8,0.5,5,2,0.5,0,1,1,1,0
1007,2023-10-11 18:00:00,Looking4Org,Spirit,1558.426773315451,1532.736306793522,25.69046652192901,0.8333333333333334,1.0,6,2,0.0,1,1,1,1,1
127,2023-10-13 17:00:00,Looking4Org,SAW,1573.2458351189664,1500.0,73.2458351189664,0.8571428571428571,0.5,7,0,0.5,0,1,1,0,0
219,2023-10-13 17:00:00,Movistar Riders,1win,1486.7378585151635,1500.0,-13.262141484836548,0.3333333333333333,0.5,3,0,0.5,0,0,1,0,0
1934,2023-10-16 01:30:00,Natus Vincere,Apeks,1500.0,1484.0015582131512,15.998441786848844,0.5,0.3333333333333333,0,3,0.5,0,1,0,1,0
1184,2023-10-16 02:30:00,BetBoom,Vitality,1500.0,1500.0,0.0,0.5,0.5,0,0,0.5,0,1,0,0,0
2801,2023-10-16 02:45:00,FaZe,GamerLegion,1500.0,1500.0,0.0,0.5,0.5,0,0,0.5,0,0,0,0,0
2154,2023-10-16 03:55:00,Lynn Vision,ENCE,1500.0,1500.0,0.0,0.5,0.5,0,0,0.5,0,0,0,0,0
2265,2023-10-16 04:20:00,Cloud9,fnatic,1500.0,1500.0,0.0,0.5,0.5,0,0,0.5,0,0,0,0,0
2581,2023-10-16 05:05:00,Grayhound,G2,1500.0,1500.0,0.0,0.5,0.5,0,0,0.5,0,0,0,0,0
760,2023-10-16 05:45:00,Complexity,Monte,1500.0,1500.0,0.0,0.5,0.5,0,0,0.5,0,1,0,0,0
1657,2023-10-16 07:15:00,MOUZ,Natus Vincere,1500.0,1515.263764812893,-15.263764812892987,0.5,1.0,0,1,0.5,0,1,0,1,0
1190,2023-10-16 08:30:00,BetBoom,GamerLegion,1516.0,1516.0,0.0,1.0,1.0,1,1,0.5,0,1,1,1,0
2785,2023-10-16 10:25:00,Vitality,FaZe,1484.0,1484.0,0.0,0.0,0.0,1,1,0.5,0,0,1,1,0
2304,2023-10-17 02:30:00,Complexity,G2,1516.0,1516.0,0.0,1.0,1.0,1,1,0.5,0,0,1,1,0
785,2023-10-17 02:30:00,Monte,Grayhound,1484.0,1484.0,0.0,0.0,0.0,1,1,0.5,0,1,1,1,0
2117,2023-10-17 05:30:00,ENCE,fnatic,1516.0,1516.0,0.0,1.0,1.0,1,1,0.5,0,1,1,1,0
2444,2023-10-17 05:30:00,Lynn Vision,Cloud9,1484.0,1484.0,0.0,0.0,0.0,1,1,0.5,0,0,1,1,0
3024,2023-10-17 08:30:00,Apeks,GamerLegion,1468.7377934002582,1500.0,-31.26220659974183,0.25,0.5,4,2,0.5,0,0,1,1,0
1875,2023-10-17 09:05:00,FaZe,Natus Vincere,1500.0,1498.5612943491276,1.4387056508724072,0.5,0.5,2,2,0.5,0,1,1,1,0
759,2023-10-18 02:30:00,Monte,fnatic,1500.0,1500.0,0.0,0.5,0.5,2,2,0.5,0,1,1,1,0
2296,2023-10-18 02:30:00,Complexity,Cloud9,1500.0,1500.0,0.0,0.5,0.5,2,2,0.5,0,1,1,1,0
2802,2023-10-18 05:30:00,FaZe,GamerLegion,1515.9337455349962,1514.564195031162,1.3695505038342617,0.6666666666666666,0.6666666666666666,3,3,0.0,1,1,1,1,1
1118,2023-10-18 05:30:00,BetBoom,MOUZ,1532.0,1516.7024704637654,15.297529536234606,1.0,1.0,2,1,0.5,0,0,1,1,0
761,2023-10-18 08:45:00,Complexity,Monte,1516.0,1516.0,0.0,0.6666666666666666,0.6666666666666666,3,3,1.0,1,1,1,1,1
2126,2023-10-18 09:05:00,G2,ENCE,1532.0,1532.0,0.0,1.0,1.0,2,2,0.5,0,1,1,1,0
2996,2023-10-19 23:00:00,MIBR,9z,1500.0,1500.0,0.0,0.5,0.5,0,0,0.5,0,1,0,0,0
1134,2023-10-20 05:30:00,Complexity,BetBoom,1532.0,1515.2959776171526,16.70402238284737,0.75,0.6666666666666666,4,3,0.5,0,1,1,1,0
2138,2023-10-20 08:30:00,ENCE,FaZe,1516.0,1531.8706757301802,-15.87067573018021,0.6666666666666666,0.75,3,4,0.5,0,0,1,1,0
1005,2023-10-20 14:00:00,Looking4Org,Spirit,1585.9218388291433,1517.9172449900068,68.00459383913653,0.875,0.6666666666666666,8,3,0.5,2,0,1,1,1
2305,2023-10-21 05:30:00,Complexity,G2,1547.231343499451,1548.0,-0.7686565005490138,0.8,1.0,5,3,0.0,1,1,1,1,1
1725,2023-10-21 08:30:00,FaZe,MOUZ,1547.1403120283394,1533.4064928466128,13.73381918172663,0.8,1.0,5,2,0.5,0,1,1,1,0
2315,2023-10-22 07:30:00,FaZe,Complexity,1562.508175496104,1563.2667413816944,-0.7585658855903148,0.8333333333333334,0.8333333333333334,6,6,0.5,0,1,1,1,0
940,2023-10-24 12:15:00,BIG,9 Pandas,1483.9660918698307,1500.0,-16.033908130169266,0.0,0.5,1,0,0.5,0,0,1,0,0
20,2023-10-25 09:00:00,9INE,Spirit,1500.0,1537.0095821880918,-37.00958218809183,0.5,0.75,0,4,0.5,0,0,0,1,0
2932,2023-10-25 13:00:00,Movistar Riders,9z,1471.3483062424464,1484.0,-12.65169375755363,0.25,0.0,4,1,0.5,0,1,1,1,0
884,2023-10-25 13:00:00,HEROIC,Aurora,1500.0,1470.1314112928815,29.868588707118533,0.5,0.0,0,2,0.5,0,1,0,1,0
2820,2023-10-25 14:00:00,BIG,Spirit,1468.703956876504,1551.3116452348327,-82.60768835832869,0.0,0.8,2,5,0.5,0,1,1,1,0
416,2023-10-25 16:40:00,Eternal Fire,FURIA,1500.0,1500.0,0.0,0.5,0.5,0,0,0.5,0,0,0,0,0
2378,2023-10-25 17:00:00,Spirit,Virtus.pro,1531.5775223137052,1500.0,31.57752231370523,0.6666666666666666,0.5,6,0,0.5,0,0,1,0,0
25,2023-10-25 17:00:00,Movistar Riders,9INE,1487.9306808814592,1485.6979369532594,2.2327439281998522,0.4,0.0,5,1,0.5,0,1,1,1,0
19,2023-10-26 13:00:00,Astralis,9INE,1500.0,1469.80075719555,30.199242804450023,0.5,0.0,0,2,0.5,0,0,0,1,0
1603,2023-10-26 16:00:00,Ninjas in Pyjamas,fnatic,1500.0,1484.0,16.0,0.5,0.3333333333333333,0,3,0.5,0,1,0,1,0
2921,2023-10-26 16:00:00,Apeks,BIG,1454.1735983690965,1488.4380797976314,-34.264481428534964,0.2,0.3333333333333333,5,3,0.5,0,0,1,1,0
2266,2023-10-27 08:00:00,fnatic,Cloud9,1468.736306793522,1484.0,-15.26369320647791,0.25,0.3333333333333333,4,3,1.0,1,0,1,1,1
2400,2023-10-27 12:00:00,Movistar Riders,Virtus.pro,1503.8278606391686,1517.4502076827682,-13.622347043599575,0.5,1.0,6,1,0.5,0,0,1,1,0
2876,2023-10-27 13:00:00,HEROIC,FURIA,1514.6278792673777,1516.0,-1.3721207326223066,1.0,1.0,1,1,0.5,0,0,1,1,0
1607,2023-10-27 14:30:00,Ninjas in Pyjamas,Virtus.pro,1515.263693206478,1532.8231966840233,-17.559503477545377,1.0,1.0,1,2,0.5,0,0,1,1,0
2855,2023-10-27 16:00:00,9z,Spirit,1467.4176253609871,1514.127314630937,-46.70968926994988,0.0,0.5714285714285714,2,7,0.5,0,1,1,1,0
346,2023-10-27 16:25:00,Aurora,Eternal Fire,1455.5035320255038,1484.0,-28.496467974496227,0.0,0.0,3,1,0.5,0,1,1,1,0
218,2023-10-27 17:15:00,Looking4Org,1win,1566.8295016310583,1515.389552272717,51.43994935834121,0.7777777777777778,1.0,9,1,0.5,0,0,1,1,0
1604,2023-10-28 08:00:00,Ninjas in Pyjamas,fnatic,1500.0716504145748,1453.4387739660467,46.63287644852812,0.5,0.2,2,5,1.0,1,0,1,1,1
2348,2023-10-28 11:00:00,Cloud9,Virtus.pro,1499.2975328274754,1548.0152394759264,-48.717706648450985,0.5,1.0,4,3,0.5,0,1,1,1,0
23,2023-10-28 13:00:00,BIG,9INE,1502.8652380283695,1487.1879918878453,15.677246140524176,0.5,0.3333333333333333,4,3,0.5,0,1,1,1,0
745,2023-10-28 13:00:00,Ninjas in Pyjamas,Monte,1481.9369307593265,1500.0,-18.063069240673485,0.3333333333333333,0.5,3,4,0.5,0,0,1,1,0
2745,2023-10-28 16:35:00,Astralis,Apeks,1482.6127653077046,1439.7464401383584,42.86632516934628,0.0,0.16666666666666666,1,6,0.5,0,0,1,1,0
774,2023-10-28 17:00:00,Monte,FaZe,1515.1689135747176,1578.5431086906003,-63.374195115882685,0.6,0.8571428571428571,5,7,0.5,0,0,1,1,0
2264,2023-10-29 09:00:00,fnatic,Virtus.pro,1471.573493621295,1529.786295472245,-58.21280185094997,0.3333333333333333,0.75,6,4,0.5,0,0,1,1,0
2321,2023-10-29 13:00:00,Complexity,Spirit,1547.231808187198,1495.989120685255,51.24268750194301,0.7142857142857143,0.5,7,8,0.5,0,0,1,1,0
885,2023-10-29 14:00:00,HEROIC,Aurora,1498.691067433761,1472.8129080497474,25.878159384013543,0.5,0.25,2,4,1.0,1,0,1,1,1
2933,2023-10-29 14:00:00,Movistar Riders,9z,1488.4548716379136,1485.555819306669,2.8990523312445475,0.42857142857142855,0.3333333333333333,7,3,1.0,1,1,1,1,1
28,2023-10-29 17:25:00,Apeks,9INE,1457.7105512844319,1471.9094661641382,-14.198914879706308,0.2857142857142857,0.25,7,4,0.5,0,1,1,1,0
112,2023-10-29 18:00:00,Monte,SAW,1502.0554603621433,1487.323996289823,14.73146407232025,0.5,0.0,6,1,0.5,0,1,1,1,0
892,2023-10-30 11:00:00,BIG,Aurora,1518.1437637520767,1490.00244239063,28.14132136144667,0.6,0.4,5,5,0.5,0,0,1,1,0
784,2023-10-30 14:00:00,Monte,Movistar Riders,1517.3774576282046,1504.3213684426391,13.056089185565497,0.5714285714285714,0.5,7,8,0.5,0,1,1,1,0
2910,2023-10-30 15:00:00,BIG,FURIA,1500.8506346549182,1531.9368118336167,-31.086177178698563,0.5,1.0,6,2,0.5,0,1,1,1,0
1744,2023-10-30 18:30:00,Spirit,MOUZ,1514.3319703888644,1518.038629378848,-3.70665898998368,0.5555555555555556,0.6666666666666666,9,3,0.5,0,1,1,1,0
2859,2023-10-31 12:00:00,BIG,HEROIC,1518.2783980846727,1481.5015330928784,36.776864991794355,0.5714285714285714,0.3333333333333333,7,3,0.5,0,0,1,1,0
2967,2023-10-31 14:00:00,Apeks,FURIA,1474.3640716887842,1514.5090484038622,-40.14497671507797,0.375,0.6666666666666666,8,3,0.5,0,0,1,1,0
1681,2023-10-31 15:25:00,Complexity,MOUZ,1528.8889584835888,1501.867937900102,27.02102058348669,0.625,0.5,8,4,0.5,0,0,1,1,0
918,2023-10-31 18:00:00,Aurora,Apeks,1507.2955714877885,1460.2046323599754,47.090939127813044,0.5,0.3333333333333333,6,9,0.0,1,1,1,1,1
2911,2023-10-31 18:10:00,FURIA,BIG,1528.6684877326709,1500.5910582143501,28.07742951832074,0.75,0.5,4,8,0.0,1,0,1,1,1
723,2023-11-01 14:00:00,Monte,Aurora,1532.776485360518,1521.1401364245523,11.63634893596577,0.625,0.5714285714285714,8,7,0.5,0,1,1,1,0
2401,2023-11-01 17:15:00,FURIA,Virtus.pro,1511.3782817878537,1543.130304342049,-31.752022554195264,0.6,0.8,5,5,0.5,0,0,1,1,0
7,2023-11-01 18:00:00,9INE,1win,1455.2559457597858,1533.7412907035812,-78.48534494379533,0.2,1.0,5,2,0.5,0,1,1,1,0
182,2023-11-01 18:00:00,Spirit,SAW,1530.5026618676104,1472.0019990237618,58.50066284384866,0.6,0.0,10,2,0.5,0,1,1,1,0
764,2023-11-02 17:00:00,Virtus.pro,Monte,1557.6721270076725,1548.2408119656484,9.431315042024153,0.8333333333333334,0.6666666666666666,6,9,0.5,0,1,1,1,0
778,2023-11-03 09:00:00,Spirit,Monte,1543.8337813178564,1532.6750334231917,11.158747894664657,0.6,0.6,10,10,0.5,0,0,1,1,0
2386,2023-11-03 12:00:00,HEROIC,Virtus.pro,1499.188872963201,1573.2379055501292,-74.0490325869282,0.5,0.8571428571428571,4,7,0.5,0,0,1,1,0
2441,2023-11-03 15:10:00,Cloud9,BIG,1517.5264768311567,1517.8812641591674,-0.35478732801061597,0.6,0.5555555555555556,5,9,0.5,0,1,1,1,0
1727,2023-11-03 18:00:00,MOUZ,FaZe,1519.1097990523738,1591.6565619031746,-72.54676285080086,0.6,0.875,5,8,0.0,1,0,1,1,1
2097,2023-11-04 11:00:00,TYLOO,Lynn Vision,1500.0,1468.0,32.0,0.5,0.0,0,2,0.5,0,0,0,1,0
2387,2023-11-04 12:00:00,HEROIC,Virtus.pro,1486.5482443834283,1585.878534129902,-99.33028974647368,0.4,0.875,5,8,0.0,1,0,1,1,1
2434,2023-11-04 15:00:00,FaZe,Cloud9,1604.363382452257,1533.5428153857308,70.82056706652611,0.8888888888888888,0.6666666666666666,9,6,0.5,0,1,1,1,0
765,2023-11-04 18:30:00,Virtus.pro,Monte,1597.4248905493816,1549.188736133068,48.23615441631364,0.8888888888888888,0.7,9,10,1.0,1,1,1,1,1
2372,2023-11-05 18:30:00,FaZe,Virtus.pro,1617.1464069079834,1611.2176966558181,5.928710252165274,0.9,0.9,10,10,0.5,0,1,1,1,0
729,2023-11-07 18:00:00,Monte,Looking4Org,1535.3959300266315,1548.4777632001942,-13.0818331735627,0.6,0.7,10,10,0.5,0,0,1,1,0
2065,2023-11-08 04:15:00,ENCE,TYLOO,1500.7303637018408,1482.5304984710244,18.199865230816386,0.5,0.0,4,1,0.5,0,1,1,1,0
2728,2023-11-08 06:35:00,Astralis,Lynn Vision,1464.6486541616312,1485.4695015289756,-20.820847367344413,0.0,0.3333333333333333,2,3,0.5,0,1,1,1,0
2133,2023-11-08 08:35:00,ENCE,Astralis,1515.8929947141855,1481.6063434507885,34.28665126339706,0.6,0.3333333333333333,5,3,0.5,0,0,1,1,0
2095,2023-11-08 12:15:00,Lynn Vision,TYLOO,1468.5118122398183,1467.3678674586797,1.1439447811385435,0.25,0.0,4,2,1.0,1,1,1,1,1
796,2023-11-08 12:30:00,Aurora,9 Pandas,1505.675809819422,1515.2621349933268,-9.586325173904697,0.5,1.0,8,1,0.5,0,0,1,1,0
10,2023-11-08 18:00:00,9INE,Looking4Org,1474.8100779414845,1563.8756070539384,-89.06552911245399,0.3333333333333333,0.7,6,10,0.5,0,0,1,1,0
2851,2023-11-08 18:00:00,Spirit,Apeks,1527.3200786079801,1446.3600674232116,80.96001118476852,0.5,0.3,10,10,0.5,0,1,1,1,0
1627,2023-11-09 05:55:00,Ninjas in Pyjamas,FaZe,1466.7680171846089,1632.8734062085998,-166.10538902399094,0.25,1.0,4,10,0.5,0,0,1,1,0
1728,2023-11-09 09:20:00,FaZe,MOUZ,1641.7580071044817,1506.4029785032915,135.35502860119027,1.0,0.5,10,6,1.0,2,1,1,1,1
1779,2023-11-11 04:00:00,Lynn Vision,MOUZ,1484.459131826179,1496.3389906103619,-11.879858784182943,0.4,0.42857142857142855,5,7,0.5,0,0,1,1,0
1596,2023-11-11 07:00:00,Ninjas in Pyjamas,ENCE,1457.883416288727,1498.3191418585766,-40.43572556984964,0.2,0.5,5,6,0.5,0,0,1,1,0
347,2023-11-11 15:10:00,Aurora,Eternal Fire,1490.117164412892,1466.6906239757564,23.4265404371356,0.4444444444444444,0.0,9,2,1.0,1,1,1,1,1
1719,2023-11-12 04:15:00,Astralis,MOUZ,1499.1801963063974,1511.792116006861,-12.611919700463659,0.5,0.5,4,8,0.5,0,0,1,1,0
2139,2023-11-12 08:25:00,FaZe,ENCE,1651.8219949974114,1512.4653701664665,139.35662483094484,1.0,0.5714285714285714,10,7,1.0,1,1,1,1,1
1729,2023-11-12 13:20:00,MOUZ,FaZe,1527.2115706118125,1661.7277503300306,-134.51617971821815,0.5555555555555556,1.0,9,10,0.0,3,0,1,1,1
2922,2023-11-12 14:55:00,BIG,Apeks,1501.8649256045933,1434.0223659516785,67.84255965291482,0.5,0.2,10,10,1.0,1,0,1,1,1
189,2023-11-12 18:00:00,Movistar Riders,SAW,1488.9223407103257,1458.6708795735158,30.251461136809894,0.4444444444444444,0.0,9,3,0.5,0,1,1,1,0
920,2023-11-13 14:55:00,Apeks,Aurora,1453.1075192842286,1505.0399643236142,-51.932445039385584,0.3,0.5,10,10,0.5,2,0,1,1,1
414,2023-11-14 11:55:00,BIG,Eternal Fire,1482.7797722720431,1451.7678240650341,31.011948207009027,0.5,0.0,10,3,0.5,0,1,1,1,0
2929,2023-11-16 10:30:00,Movistar Riders,MIBR,1503.5327193831683,1516.0,-12.467280616831658,0.5,1.0,10,1,0.5,0,0,1,1,0
21,2023-11-16 11:55:00,9INE,Spirit,1462.8241504508785,1539.6577800795133,-76.83362962863475,0.2857142857142857,0.6,7,10,0.0,1,0,1,1,1
928,2023-11-16 14:15:00,9 Pandas,BetBoom,1530.8207803998569,1500.0646341177016,30.756146282155214,1.0,0.5,2,4,0.5,0,1,1,1,0
900,2023-11-16 19:10:00,Aurora,FURIA,1518.6660402545835,1496.83645912223,21.829581132353496,0.6,0.5,10,6,0.5,0,0,1,1,0
943,2023-11-17 10:15:00,9 Pandas,MIBR,1545.4080957037993,1531.4261068117307,13.981988892068557,1.0,1.0,3,2,0.5,0,1,1,1,0
1169,2023-11-17 11:10:00,Movistar Riders,BetBoom,1488.1066125714376,1485.4773188137592,2.629293757678397,0.4,0.4,10,5,0.5,0,0,1,1,0
898,2023-11-17 14:30:00,Aurora,Movistar Riders,1501.6620716613822,1471.98553143065,29.676540230732144,0.6,0.4,10,10,0.5,0,0,1,1,0
2836,2023-11-17 14:55:00,Spirit,MIBR,1552.1760348412586,1516.0696538182901,36.106381022968435,0.6,0.6666666666666666,10,3,0.5,0,1,1,1,0
418,2023-11-17 16:00:00,Eternal Fire,FURIA,1437.192196279936,1513.8404277154314,-76.64823143549529,0.0,0.5714285714285714,4,7,0.0,1,1,1,1,1
2931,2023-11-17 19:00:00,Movistar Riders,Apeks,1489.3488726319113,1439.4814433532592,49.867429278652025,0.5,0.3,10,10,1.0,1,0,1,1,1
901,2023-11-18 14:00:00,FURIA,Aurora,1494.3668170219514,1484.298730460121,10.068086561830341,0.5,0.6,8,10,1.0,1,1,1,1,1
1181,2023-11-18 17:35:00,BetBoom,MIBR,1501.5983999545467,1501.726453982579,-0.12805402803223842,0.5,0.5,6,4,0.5,0,0,1,1,0
2943,2023-11-18 19:00:00,FORZE,Apeks,1500.0,1457.7622823916915,42.23771760830846,0.5,0.4,0,10,0.5,0,0,0,1,0
2949,2023-11-18 20:40:00,FURIA,MIBR,1509.903294240383,1517.720556876925,-7.817262636541955,0.5555555555555556,0.6,9,5,0.5,0,1,1,1,0
27,2023-11-19 13:30:00,9INE,FORZE,1450.3058956891332,1482.0644073728809,-31.758511683747656,0.25,0.0,8,1,0.5,0,1,1,1,0
942,2023-11-19 14:00:00,9 Pandas,FURIA,1560.76454869724,1526.2632317518674,34.50131694537254,1.0,0.6,4,10,0.5,0,1,1,1,0
423,2023-11-19 17:15:00,Eternal Fire,MIBR,1456.665806973416,1501.3606193654407,-44.69481239202469,0.2,0.5,5,6,0.5,0,1,1,1,0
2916,2023-11-20 11:55:00,BIG,MIBR,1497.3554000571412,1483.3136264885027,14.041773568638519,0.6,0.42857142857142855,10,7,0.5,0,0,1,1,0
29,2023-11-20 15:15:00,9INE,Apeks,1467.7643693764014,1475.6978750188107,-7.933505642409273,0.3333333333333333,0.5,9,10,0.0,1,1,1,1,1
349,2023-11-20 16:00:00,9 Pandas,Eternal Fire,1575.180906370415,1474.712799850354,100.46810652006093,1.0,0.3333333333333333,5,6,0.5,0,1,1,1,0
912,2023-11-20 17:55:00,Aurora,MIBR,1468.7622532416895,1499.959922208051,-31.19766896636156,0.5,0.5,10,8,0.5,0,0,1,1,0
22,2023-11-21 14:55:00,9INE,Spirit,1484.129657326554,1566.5192346769697,-82.38957735041572,0.4,0.6,10,10,0.0,2,0,1,1,1
1626,2023-11-22 09:00:00,Ninjas in Pyjamas,FaZe,1443.737187980837,1671.8250812925667,-228.08789331172966,0.16666666666666666,1.0,6,10,0.0,1,0,1,1,1
1834,2023-11-22 11:10:00,Cloud9,Natus Vincere,1520.7597909300043,1482.6275488141314,38.13224211587294,0.5714285714285714,0.3333333333333333,7,3,0.5,0,1,1,1,0
2890,2023-11-22 14:35:00,HEROIC,Vitality,1475.0018879639485,1468.0,7.001887963948548,0.3333333333333333,0.0,6,2,0.5,0,0,1,1,0
2312,2023-11-22 16:45:00,Astralis,Complexity,1483.760741701446,1511.6470973313171,-27.886355629871105,0.4,0.5555555555555556,5,9,0.5,0,0,1,1,0
1587,2023-11-23 09:00:00,Ninjas in Pyjamas,Natus Vincere,1436.9535495759621,1468.3765862338257,-31.423036657863577,0.14285714285714285,0.25,7,4,0.5,0,0,1,1,0
2433,2023-11-23 11:30:00,FaZe,Cloud9,1678.6087196974415,1535.01075351031,143.59796618713153,1.0,0.625,10,8,1.0,1,1,1,1,1
2708,2023-11-23 15:15:00,HEROIC,Astralis,1458.6794827536105,1469.0422051987048,-10.362722445094278,0.2857142857142857,0.3333333333333333,7,6,0.5,0,1,1,1,0
2342,2023-11-23 17:50:00,Vitality,Complexity,1484.322405210338,1526.3656338340584,-42.043228623720324,0.3333333333333333,0.6,3,10,0.5,0,1,1,1,0
753,2023-11-24 09:00:00,Monte,TYLOO,1519.9980861728873,1451.420547872319,68.57753830056822,0.5,0.0,10,3,0.5,0,1,1,1,0
2172,2023-11-24 12:05:00,3DMAX,Virtus.pro,1500.0,1595.4906973552017,-95.49069735520175,0.5,0.8,0,10,0.5,0,0,0,1,0
2994,2023-11-24 13:45:00,MIBR,GamerLegion,1514.5270654224842,1498.627264835978,15.899800586506217,0.5555555555555556,0.5,9,4,0.5,0,1,1,1,0
2439,2023-11-24 14:30:00,HEROIC,Cloud9,1475.1565622950907,1525.2712014431622,-50.11463914807155,0.375,0.5555555555555556,8,9,0.5,0,0,1,1,0
2407,2023-11-24 16:55:00,Virtus.pro,MIBR,1607.2006701475434,1529.7953632713493,77.40530687619412,0.8,0.6,10,10,0.5,0,0,1,1,0
1826,2023-11-24 17:10:00,Complexity,Natus Vincere,1508.438867274799,1482.9334347164015,25.505432558397388,0.5,0.4,10,5,0.5,0,1,1,1,0
2253,2023-11-24 19:30:00,GamerLegion,3DMAX,1483.3589669871128,1488.2900272076583,-4.9310602205455325,0.4,0.0,5,1,0.5,0,1,1,1,0
372,2023-11-25 09:00:00,Eternal Fire,TYLOO,1463.2147377925505,1438.5382764421304,24.67646135042014,0.2857142857142857,0.0,7,4,0.5,0,1,1,1,0
2424,2023-11-25 11:35:00,GamerLegion,Virtus.pro,1499.5860354560373,1587.6938538660556,-88.10781841001835,0.5,0.7,6,10,0.5,0,0,1,1,0
2446,2023-11-25 14:30:00,Vitality,Cloud9,1502.2491717695975,1538.9792104479143,-36.73003867831676,0.5,0.6,4,10,0.5,0,1,1,1,0
2316,2023-11-25 18:55:00,Complexity,FaZe,1523.2664041188934,1688.3482717645893,-165.08186764569587,0.6,1.0,10,10,0.0,1,0,1,1,1
762,2023-11-26 08:00:00,Virtus.pro,Monte,1599.7211381174004,1532.880357603076,66.84078051432448,0.8,0.6,10,10,1.0,2,0,1,1,1
421,2023-11-26 11:45:00,MIBR,Eternal Fire,1549.302179552837,1478.0802517443271,71.22192780850992,0.6,0.375,10,8,0.0,1,0,1,1,1
2786,2023-11-26 16:00:00,Vitality,FaZe,1519.9343791610477,1697.2707352260102,-177.3363560649625,0.6,1.0,5,10,0.0,1,1,1,1,1
345,2023-11-26 17:15:00,Monte,Eternal Fire,1551.9210679803768,1497.3149593086334,54.606108671743414,0.6,0.4444444444444444,10,9,0.5,0,1,1,1,0
2148,2023-11-29 11:00:00,HAVU,ENCE,1500.0,1502.5596148338473,-2.559614833847263,0.5,0.5,0,8,0.5,0,1,0,1,0
2935,2023-11-29 15:00:00,GamerLegion,HAVU,1487.5587512046925,1516.1178724866984,-28.55912128200589,0.42857142857142855,1.0,7,1,0.5,0,0,1,1,0
1801,2023-11-30 11:00:00,Apeks,MOUZ,1459.332587068658,1517.1142396492764,-57.781652580618356,0.5,0.5,10,10,0.5,0,1,1,1,0
123,2023-11-30 12:00:00,9 Pandas,SAW,1586.6789684282185,1444.060500900673,142.61846752754536,1.0,0.0,6,4,0.5,0,0,1,1,0
2334,2023-11-30 13:00:00,FURIA,Complexity,1511.8468740786923,1514.3439406574726,-2.4970665787802773,0.5,0.5,10,10,0.5,0,1,1,1,0
2968,2023-11-30 15:00:00,Apeks,FURIA,1477.969266197977,1527.9618662643388,-49.992600066361774,0.5,0.5,10,10,0.0,1,1,1,1,1
1680,2023-11-30 17:50:00,Complexity,MOUZ,1498.228948471826,1498.4775605199575,-0.24861204813146287,0.4,0.4,10,10,0.0,1,0,1,1,1
2160,2023-12-01 14:00:00,GamerLegion,ENCE,1472.8709931548738,1486.4417423471489,-13.570749192275116,0.375,0.4444444444444444,8,9,0.5,0,0,1,1,0
1768,2023-12-01 17:50:00,MOUZ,FURIA,1514.4661115139922,1509.6753803264112,4.790731187581059,0.4,0.5,10,10,0.5,0,0,1,1,0
2159,2023-12-02 14:00:00,Apeks,ENCE,1496.2557521359047,1501.8171038819444,-5.561351746039691,0.5,0.5,10,10,0.5,0,1,1,1,0
2934,2023-12-02 17:00:00,FURIA,HAVU,1525.8959876694312,1530.8056305365171,-4.9096428670859495,0.5,1.0,10,2,0.5,0,1,1,1,0
118,2023-12-03 14:05:00,Aurora,SAW,1454.1951100272563,1466.2827050694186,-12.08759504216232,0.4,0.2,10,5,0.5,0,1,1,1,0
2969,2023-12-03 15:00:00,Apeks,FURIA,1512.511839977261,1542.1220700305664,-29.610230053305486,0.6,0.6,10,10,0.5,2,0,1,1,1
2451,2023-12-05 10:55:00,GamerLegion,Cloud9,1457.4956316200783,1521.2940030564641,-63.79837143638588,0.3333333333333333,0.6,9,10,0.5,0,0,1,1,0
1178,2023-12-05 14:25:00,MIBR,BetBoom,1530.0674719885308,1485.6042970602007,44.46317492833009,0.5,0.42857142857142855,10,7,1.0,1,1,1,1,1
851,2023-12-05 16:30:00,Aurora,G2,1470.7515398663775,1531.9646021177566,-61.21306225137914,0.4,0.75,10,4,0.5,0,1,1,1,0
2928,2023-12-05 19:00:00,FORZE,Movistar Riders,1464.6059336856126,1471.068033593479,-6.462099907866332,0.0,0.5,2,10,0.5,0,1,1,1,0
941,2023-12-05 19:30:00,9 Pandas,BIG,1564.456764259473,1480.7091043375929,83.74765992188009,0.8571428571428571,0.5,7,10,1.0,1,0,1,1,1
2368,2023-12-06 09:25:00,Virtus.pro,Astralis,1580.6804277400995,1452.5651256572246,128.1153020828749,0.7,0.2857142857142857,10,7,0.5,0,1,1,1,0
124,2023-12-06 10:30:00,SAW,9 Pandas,1449.7262752302975,1544.6730412805864,-94.94676605028894,0.16666666666666666,0.75,6,8,1.0,1,0,1,1,1
2825,2023-12-06 14:10:00,Spirit,FURIA,1578.7946104371688,1556.7617604035934,22.032850033575414,0.7,0.7,10,10,0.5,0,1,1,1,0
894,2023-12-06 16:30:00,BIG,Aurora,1500.4928273164794,1489.5416951305833,10.951132185896086,0.5,0.4,10,10,0.0,1,1,1,1,1
1191,2023-12-06 17:50:00,GamerLegion,BetBoom,1444.401072494369,1471.6407963453935,-27.239723851024564,0.3,0.375,10,8,0.0,1,0,1,1,1
2251,2023-12-06 18:00:00,3DMAX,Apeks,1472.0629587387339,1497.872149604234,-25.809190865500113,0.0,0.6,2,10,0.5,0,1,1,1,0
2380,2023-12-07 08:55:00,Spirit,Virtus.pro,1593.7813181652161,1591.0341251732252,2.7471929919909144,0.8,0.7,10,10,0.0,1,0,1,1,1
2094,2023-12-07 12:00:00,Lynn Vision,TYLOO,1469.0060064296797,1423.6727624903538,45.33324393932594,0.3333333333333333,0.0,6,5,1.0,2,0,1,1,1
2445,2023-12-07 13:00:00,Cloud9,MIBR,1534.3885621821735,1544.030972703338,-9.642410521164493,0.6,0.6,10,10,0.5,0,0,1,1,0
2721,2023-12-07 17:10:00,FURIA,Astralis,1541.775052675546,1442.2114282240989,99.56362445144714,0.6,0.25,10,8,0.5,0,1,1,1,0
895,2023-12-07 18:55:00,Aurora,BIG,1474.045846457374,1515.9886759896888,-41.94282953231482,0.4,0.5,10,10,0.5,2,0,1,1,1
1139,2023-12-08 09:55:00,Cloud9,BetBoom,1518.8324976245121,1486.3889247004836,32.44357292402856,0.6,0.4444444444444444,10,9,0.5,0,0,1,1,0
2826,2023-12-08 13:10:00,Spirit,FURIA,1577.654807889126,1553.3114980498403,24.343309839285666,0.8,0.7,10,10,1.0,1,1,1,1,1
2942,2023-12-08 18:00:00,Apeks,FORZE,1480.6857738721835,1480.9034900726922,-0.21771620050867568,0.6,0.3333333333333333,10,3,1.0,1,0,1,1,1
1137,2023-12-09 09:55:00,BetBoom,Virtus.pro,1503.8786788215978,1607.1606354493154,-103.28195662771759,0.5,0.7,10,10,0.5,0,0,1,1,0
2654,2023-12-09 12:00:00,The MongolZ,Lynn Vision,1500.0,1450.930100753185,49.06989924681511,0.5,0.2857142857142857,0,7,0.5,0,1,0,1,0
2835,2023-12-09 12:50:00,Spirit,MIBR,1592.5355879342392,1559.5870372609993,32.94855067323988,0.8,0.7,10,10,1.0,1,1,1,1,1
2381,2023-12-10 10:55:00,Spirit,Virtus.pro,1607.0227834717127,1618.539647829683,-11.516864357970235,0.8,0.7,10,10,0.0,2,1,1,1,1
2078,2023-12-10 12:00:00,TYLOO,The MongolZ,1441.7486681668483,1513.7551539422823,-72.00648577543393,0.16666666666666666,1.0,6,1,0.5,0,0,1,1,0
2233,2023-12-10 18:00:00,FORZE,3DMAX,1496.8934638724486,1489.2493344707843,7.644129401664259,0.5,0.3333333333333333,4,3,0.5,0,0,1,1,0
191,2023-12-11 12:00:00,SAW,FORZE,1437.993044549924,1480.5414954947842,-42.54845094486018,0.14285714285714285,0.4,7,5,0.5,0,0,1,1,0
26,2023-12-12 09:00:00,FORZE,9INE,1494.5918040194833,1471.854281566355,22.73752245312835,0.5,0.4,6,10,0.0,1,0,1,1,1
2123,2023-12-13 06:00:00,ENCE,Cloud9,1485.5610160405881,1501.342743503398,-15.78172746280984,0.4,0.5,10,10,0.5,0,0,1,1,0
1925,2023-12-13 08:25:00,Natus Vincere,Vitality,1468.105897872307,1543.458675678534,-75.3527778062271,0.3333333333333333,0.6666666666666666,6,6,0.5,0,0,1,1,0
2767,2023-12-13 10:35:00,HEROIC,FaZe,1461.4485532903386,1673.7464387085238,-212.29788541818516,0.3333333333333333,0.9,9,10,0.5,0,0,1,1,0
11,2023-12-13 12:00:00,9INE,BetBoom,1488.8998908516303,1492.4996664412301,-3.599775589599858,0.5,0.4,10,10,0.5,0,1,1,1,0
1701,2023-12-13 13:05:00,G2,MOUZ,1513.1744468535508,1498.2455041709723,14.928942682578509,0.6,0.4,5,10,0.5,0,1,1,1,0
893,2023-12-13 15:05:00,Aurora,BIG,1459.9680563583852,1530.0664660886775,-70.09840973029236,0.4,0.6,10,10,0.3333333333333333,3,0,1,1,1
24,2023-12-13 18:05:00,9INE,BIG,1505.0656607120864,1542.8814160006973,-37.815755288610944,0.5,0.6,10,10,0.0,1,0,1,1,1
1818,2023-12-14 06:00:00,Natus Vincere,ENCE,1455.5226167673661,1470.2872920110121,-14.764675243646025,0.2857142857142857,0.3,7,10,0.5,0,1,1,1,0
2447,2023-12-14 09:05:00,Cloud9,Vitality,1516.616467532974,1556.041956783475,-39.42548925050096,0.5,0.7142857142857143,10,7,0.0,1,0,1,1,1
1761,2023-12-14 11:30:00,HEROIC,MOUZ,1454.1663209357903,1482.932584581282,-28.76626364549179,0.3,0.4,10,10,0.5,0,0,1,1,0
2541,2023-12-14 13:25:00,FaZe,G2,1681.0286710630721,1528.487366443241,152.54130461983118,0.9,0.6666666666666666,10,6,0.5,0,1,1,1,0
1692,2023-12-15 09:00:00,MOUZ,Cloud9,1497.6108680027778,1502.4243252974402,-4.813457294662385,0.4,0.4,10,10,0.5,0,1,1,1,0
1841,2023-12-15 11:05:00,G2,Natus Vincere,1519.0930622670483,1472.202146179746,46.89091608730223,0.5714285714285714,0.375,7,8,0.5,0,0,1,1,0
3025,2023-12-15 18:20:00,Apeks,GamerLegion,1464.6958000724271,1429.6529441392788,35.0428559331483,0.5,0.2,10,10,0.0,1,1,1,1,1
2308,2023-12-15 19:55:00,Complexity,The MongolZ,1482.2403974777912,1526.4858087492557,-44.24541127146449,0.3,1.0,10,2,0.5,0,0,1,1,0
763,2023-12-15 21:40:00,Monte,Virtus.pro,1565.4268673330635,1602.0094707984215,-36.582603465358034,0.7,0.6,10,10,0.3333333333333333,3,0,1,1,1
2679,2023-12-15 23:15:00,Apeks,The MongolZ,1479.0874670974388,1540.459176171969,-61.371709074530145,0.6,1.0,10,3,0.5,0,1,1,1,0
2345,2023-12-16 00:40:00,Complexity,GamerLegion,1468.267030055078,1415.2612771142672,53.00575294081091,0.2,0.2,10,10,0.5,0,1,1,1,0
1726,2023-12-16 11:30:00,MOUZ,FaZe,1513.8325217217982,1690.4229752392648,-176.59045351746659,0.5,0.9,10,10,0.0,4,0,1,1,1
1926,2023-12-16 14:30:00,Vitality,Natus Vincere,1570.2340990190087,1490.3485363100135,79.88556270899517,0.75,0.4444444444444444,8,9,1.0,1,1,1,1,1
2309,2023-12-16 17:45:00,The MongolZ,Complexity,1521.6619376903873,1481.84478871765,39.817148972737186,0.75,0.3,4,10,1.0,1,1,1,1,1
2787,2023-12-17 14:00:00,Vitality,FaZe,1582.6187213542487,1698.925459194011,-116.30673783976226,0.7777777777777778,0.9,9,10,0.5,2,1,1,1,1
2361,2023-12-17 14:00:00,Virtus.pro,The MongolZ,1616.3309780285708,1535.8362758775352,80.49470215103565,0.6,0.8,10,5,0.5,0,1,1,1,0
791,2023-12-17 16:45:00,Monte,Apeks,1551.1053601029141,1497.8847055790204,53.2206545238937,0.6,0.6,10,10,0.5,0,0,1,1,0
2422,2023-12-17 21:25:00,Apeks,Virtus.pro,1516.3166157740754,1628.688991310789,-112.37237553671366,0.6,0.7,10,10,0.5,0,0,1,1,0
2871,2024-01-11 15:00:00,HAVU,HEROIC,1514.579548175382,1439.4880375142945,75.09151066108734,0.6666666666666666,0.2,3,10,0.5,0,0,1,1,0
1057,2024-01-13 05:10:00,M80,Liquid,1500.0,1500.0,0.0,0.5,0.5,0,0,0.5,0,1,0,0,0
1623,2024-01-14 14:00:00,Ninjas in Pyjamas,Astralis,1422.3967010933864,1430.6749828498046,-8.27828175641821,0.125,0.2222222222222222,8,9,0.5,0,0,1,1,0
2998,2024-01-17 23:30:00,9z,MIBR,1469.6893225019435,1545.0998417235257,-75.41051922158226,0.25,0.6,4,10,0.0,1,1,1,1,1
1406,2024-01-18 15:00:00,KOI,Spirit,1500.0,1623.5529605029742,-123.5529605029742,0.5,0.8,0,10,0.5,0,1,0,1,0
2875,2024-01-18 16:00:00,FORZE,HEROIC,1477.546194734208,1458.893271437777,18.652923296431027,0.42857142857142855,0.3,7,10,0.5,0,0,1,1,0
1762,2024-01-18 17:35:00,MOUZ,HEROIC,1505.330037767052,1475.7514459417255,29.578591825326612,0.5,0.4,10,10,1.0,1,1,1,1,1
1387,2024-01-18 17:35:00,KOI,AMKAL,1521.461518364983,1500.0,21.46151836498302,1.0,0.5,1,0,0.5,0,0,1,0,0
1018,2024-01-18 17:35:00,Astralis,Preasy,1446.29382601344,1500.0,-53.70617398656009,0.3,0.5,10,0,0.5,0,1,1,0,0
1164,2024-01-18 17:45:00,BIG,BetBoom,1557.1467806036771,1476.333896580774,80.81288402290306,0.7,0.3,10,10,0.5,0,0,1,1,0
935,2024-01-18 17:45:00,9 Pandas,Natus Vincere,1556.4062719609599,1477.9639139747735,78.44235798618638,0.7777777777777778,0.4,9,10,0.5,0,0,1,1,0
164,2024-01-18 17:45:00,Virtus.pro,SAW,1639.6872572371376,1423.9427360252248,215.7445212119128,0.7,0.125,10,8,0.5,0,1,1,1,0
2176,2024-01-18 17:45:00,Cloud9,3DMAX,1486.2026715784198,1505.6013028484488,-19.398631270029,0.4,0.5,10,4,0.5,0,1,1,1,0
2999,2024-01-18 23:30:00,9z,MIBR,1489.1085791390135,1525.6805850864557,-36.57200594744222,0.4,0.6,5,10,0.5,2,1,1,1,1
1407,2024-01-19 15:00:00,KOI,HEROIC,1504.4744340674688,1461.1103090948386,43.36412497263018,0.5,0.3,2,10,0.5,0,1,1,1,0
1019,2024-01-19 15:00:00,Preasy,Spirit,1481.5462520041538,1602.0914421379912,-120.54519013383742,0.0,0.8,1,10,0.5,0,0,1,1,0
1395,2024-01-19 16:00:00,AMKAL,Astralis,1516.9870842975142,1464.7475740092864,52.23951028822785,1.0,0.4,1,10,0.5,0,1,1,1,0
1831,2024-01-19 16:00:00,Natus Vincere,Virtus.pro,1497.5161641630853,1646.858490449502,-149.34232628641666,0.4,0.8,10,10,0.5,0,1,1,1,0
1138,2024-01-19 16:00:00,BetBoom,Cloud9,1495.9897740128215,1503.0950844166598,-7.105310403838303,0.4,0.4,10,10,1.0,1,0,1,1,1
360,2024-01-19 16:00:00,Eternal Fire,MOUZ,1483.8091599559468,1519.971174613939,-36.16201465799213,0.4,0.5,10,10,0.5,0,1,1,1,0
899,2024-01-19 19:00:00,FORZE,Aurora,1460.6880202302596,1447.1531064463654,13.534913783894126,0.375,0.3,8,10,0.5,0,1,1,1,0
1022,2024-01-20 12:00:00,Preasy,FORZE,1470.8850368292256,1476.0650295380096,-5.179992708784084,0.0,0.4444444444444444,2,9,0.5,0,1,1,1,0
122,2024-01-20 15:00:00,SAW,9 Pandas,1416.7715028128605,1536.8540217726481,-120.08251895978765,0.1111111111111111,0.7,9,10,0.5,2,1,1,1,1
1747,2024-01-20 15:00:00,Spirit,MOUZ,1612.7526573129194,1502.3118399396892,110.44081737323017,0.8,0.4,10,10,1.0,1,1,1,1,1
937,2024-01-20 18:05:00,3DMAX,9 Pandas,1488.7088900102087,1515.5341798846714,-26.82528987446267,0.4,0.6,5,10,0.5,0,0,1,1,0
1014,2024-01-20 19:10:00,MOUZ,Preasy,1491.233176275015,1487.1235666355014,4.109609639513565,0.4,0.3333333333333333,10,3,0.5,0,1,1,1,0
1058,2024-01-21 02:30:00,M80,Liquid,1516.0,1484.0,32.0,1.0,0.0,1,1,1.0,1,1,1,1,1
2096,2024-01-21 05:00:00,Lynn Vision,TYLOO,1437.1749468109026,1429.0180133598749,8.156933451027726,0.25,0.14285714285714285,8,7,0.6666666666666666,3,1,1,1,1
1015,2024-01-21 13:00:00,3DMAX,Preasy,1473.9417913407642,1471.3128123275978,2.628979013166372,0.3333333333333333,0.25,6,4,0.5,0,0,1,1,0
1612,2024-01-22 11:00:00,G2,Ninjas in Pyjamas,1500.9466721367808,1406.777857929751,94.16881420702975,0.5,0.1111111111111111,8,9,0.5,0,1,1,1,0
1828,2024-01-22 12:50:00,Natus Vincere,Complexity,1519.999189175318,1467.6704505305022,52.32873864481576,0.5,0.3,10,10,0.0,1,1,1,1,1
527,2024-01-22 17:25:00,Falcons,Astralis,1500.0,1451.13532584528,48.86467415471998,0.5,0.4,0,10,0.5,0,0,0,1,0
1845,2024-01-23 11:00:00,G2,Natus Vincere,1512.7132009009126,1533.607419889596,-20.894218988683406,0.5555555555555556,0.6,9,10,0.0,1,0,1,1,1
1606,2024-01-23 14:40:00,Ninjas in Pyjamas,Complexity,1395.0113291656191,1454.0622198162241,-59.05089065060497,0.1,0.3,10,10,0.5,0,1,1,1,0
2737,2024-01-23 16:45:00,Astralis,Vitality,1469.3709062127023,1603.7833498692205,-134.41244365651824,0.4,0.8,10,10,0.5,0,1,1,1,0
2803,2024-01-24 11:00:00,GamerLegion,FaZe,1401.6835184516951,1677.7608306790391,-276.077312227344,0.1,0.8,10,10,0.5,2,1,1,1,1
2484,2024-01-24 13:35:00,Spirit,Liquid,1623.8313209775936,1469.4695015289756,154.361819448618,0.8,0.0,10,2,0.5,0,0,1,1,0
2394,2024-01-24 17:00:00,Virtus.pro,BIG,1624.3754654372692,1537.4909031716297,86.88456226563949,0.7,0.6,10,10,0.5,0,1,1,1,0
2440,2024-01-24 19:15:00,Cloud9,HEROIC,1518.7679183895095,1447.096995327136,71.6709230623735,0.5,0.3,10,10,1.0,1,1,1,1,1
2522,2024-01-25 11:00:00,GamerLegion,Liquid,1428.259760602393,1492.1445942371727,-63.884833634779625,0.2,0.3333333333333333,10,3,0.5,0,0,1,1,0
2761,2024-01-25 12:55:00,Spirit,FaZe,1601.1562282693965,1651.1845885283412,-50.02836025894476,0.7,0.7,10,10,0.5,0,0,1,1,0
2350,2024-01-25 15:30:00,Virtus.pro,Cloud9,1636.4556558011404,1531.5133841390302,104.94227166211022,0.8,0.5,10,10,0.0,1,1,1,1,1
2864,2024-01-25 18:55:00,BIG,HEROIC,1525.4107128077585,1434.3515295776153,91.05918323014316,0.6,0.3,10,10,0.0,1,1,1,1,1
2079,2024-01-26 06:30:00,TYLOO,The MongolZ,1413.3935850253845,1523.478262595317,-110.08467756993241,0.125,0.6666666666666666,8,6,0.0,1,0,1,1,1
574,2024-01-26 11:00:00,Vitality,Falcons,1581.8848083303565,1481.7644196325778,100.12038869777871,0.8,0.0,10,1,0.5,0,1,1,1,0
2080,2024-01-26 13:50:00,The MongolZ,TYLOO,1534.57178013724,1402.3000674834614,132.27171265377865,0.7142857142857143,0.1111111111111111,7,9,1.0,2,1,1,1,1
1613,2024-01-26 14:35:00,G2,Ninjas in Pyjamas,1497.674256929984,1413.7048370877123,83.96941984227169,0.5,0.1,10,10,1.0,1,1,1,1,1
2804,2024-01-26 16:40:00,FaZe,GamerLegion,1664.8964894276407,1415.1690517366078,249.72743769103295,0.7,0.2,10,10,0.3333333333333333,3,1,1,1,1
2442,2024-01-26 19:55:00,Cloud9,BIG,1520.204357241764,1537.3107323931856,-17.106375151421616,0.5,0.7,10,10,1.0,1,0,1,1,1
2738,2024-01-27 11:00:00,Astralis,Vitality,1491.2694477515663,1593.3976197898114,-102.12817203824511,0.4,0.9,10,10,1.0,1,0,1,1,1
2081,2024-01-27 13:30:00,The MongolZ,TYLOO,1544.7586172328456,1392.1132303878558,152.64538684498984,0.75,0.1,8,10,1.0,3,0,1,1,1
1846,2024-01-27 14:25:00,G2,Natus Vincere,1509.880894105814,1548.6463638605246,-38.76546975471069,0.5,0.7,10,10,0.0,2,0,1,1,1
2477,2024-01-27 16:30:00,FaZe,Liquid,1671.038106881759,1505.235303102958,165.80280377880104,0.7,0.5,10,4,0.5,0,1,1,1,0
2395,2024-01-27 18:40:00,BIG,Virtus.pro,1552.5235906634794,1647.7646826984067,-95.2410920349273,0.7,0.8,10,10,0.0,1,0,1,1,1
2098,2024-01-28 04:00:00,Lynn Vision,TYLOO,1452.799375145393,1414.7229018883727,38.076473257020325,0.3333333333333333,0.2,9,10,0.75,4,1,1,1,1
2655,2024-01-28 11:00:00,Lynn Vision,The MongolZ,1467.05287533115,1522.1489457323287,-55.09607040117862,0.4,0.6666666666666666,10,9,0.0,1,0,1,1,1
2718,2024-01-28 13:30:00,Astralis,BIG,1479.8416870549936,1540.8029474474772,-60.96126039248361,0.4,0.7,10,10,0.5,0,1,1,1,0
934,2024-01-28 16:00:00,9 Pandas,RBLS,1530.301278554116,1500.0,30.301278554115925,0.6,0.5,10,0,0.5,0,1,1,0,0
2455,2024-01-28 17:30:00,G2,Liquid,1495.6587384959935,1496.3395191404347,-0.6807806444412563,0.4,0.4,10,5,0.5,0,1,1,1,0
2711,2024-01-31 14:30:00,Astralis,HEROIC,1498.620597627617,1422.4515099921882,76.1690876354287,0.5,0.3,10,10,0.0,1,0,1,1,1
353,2024-01-31 14:30:00,BetBoom,Eternal Fire,1480.3169400399718,1501.4684946301966,-21.151554590224805,0.4,0.5,10,10,0.5,0,0,1,1,0
2146,2024-01-31 15:40:00,ENCE,BIG,1453.6077625986322,1522.024036874854,-68.41627427622166,0.3,0.6,10,10,0.5,0,0,1,1,0
1412,2024-01-31 15:55:00,RBLS,Cloud9,1485.3918981703075,1504.9914989714703,-19.59960080116275,0.0,0.4,1,10,0.5,0,1,1,1,0
2852,2024-01-31 16:55:00,Spirit,Apeks,1587.444327370097,1505.318349847727,82.12597752237002,0.6,0.6,10,10,1.0,1,1,1,1,1
1094,2024-01-31 17:05:00,GamerLegion,M80,1409.0274342824896,1530.5304984710244,-121.50306418853484,0.1,1.0,10,2,0.5,0,1,1,1,0
2641,2024-01-31 17:45:00,FURIA,The MongolZ,1538.4307180047272,1535.632734682468,2.7979833222591424,0.6,0.7,10,10,0.5,0,0,1,1,0
2863,2024-01-31 19:10:00,BIG,HEROIC,1534.913453452556,1441.9040890159677,93.00936443658838,0.6,0.3,10,10,0.5,2,0,1,1,1
355,2024-01-31 19:15:00,Eternal Fire,RBLS,1516.495631142773,1502.2935369070797,14.202094235693266,0.6,0.5,10,2,0.5,0,1,1,1,0
2628,2024-02-01 12:30:00,Spirit,The MongolZ,1599.7311865437778,1551.7615837907545,47.96960275302331,0.6,0.7,10,10,0.5,0,1,1,1,0
2426,2024-02-01 12:30:00,GamerLegion,Virtus.pro,1430.4053833819041,1659.4853259144088,-229.07994253250467,0.2,0.8,10,10,0.0,1,1,1,1,1
1140,2024-02-01 15:30:00,BetBoom,Cloud9,1465.2898035273954,1488.089860234698,-22.8000567073027,0.4,0.4,10,10,0.5,2,0,1,1,1
2970,2024-02-01 18:30:00,FURIA,Apeks,1522.3018688964407,1493.0314906740462,29.270378222394584,0.5,0.5,10,10,0.6666666666666666,3,0,1,1,1
2135,2024-02-01 19:40:00,ENCE,Astralis,1440.71834602093,1479.1680186038375,-38.4496725829074,0.3,0.5,10,10,0.0,1,1,1,1,1
2130,2024-02-02 15:30:00,The MongolZ,ENCE,1537.9567348518492,1458.481825523684,79.47490932816527,0.6,0.3,10,10,0.5,0,0,1,1,0
2349,2024-02-02 15:30:00,Virtus.pro,Cloud9,1634.238487533807,1503.0413834731476,131.1971040606595,0.7,0.5,10,10,0.5,2,0,1,1,1
1033,2024-02-02 18:35:00,RBLS,M80,1486.9472034818652,1509.15254937161,-22.20534588974465,0.3333333333333333,0.6666666666666666,3,3,0.5,0,1,1,1,0
2923,2024-02-02 19:00:00,BIG,Apeks,1514.7296824522614,1510.3762613867098,4.353421065551629,0.5,0.5,10,10,0.5,2,0,1,1,1
335,2024-02-03 12:30:00,Eternal Fire,Falcons,1531.8419645679874,1470.2516081731228,61.59035639486456,0.7,0.0,10,2,0.5,0,1,1,1,0
2568,2024-02-03 12:30:00,HEROIC,G2,1462.0878600162623,1511.69008956314,-49.60222954687765,0.4,0.4,10,10,0.5,0,0,1,1,0
135,2024-02-03 14:00:00,KOI,SAW,1518.4877478351714,1438.0913447008372,80.39640313433415,0.6666666666666666,0.2,3,10,0.5,0,0,1,1,0
1413,2024-02-03 15:30:00,RBLS,FaZe,1503.9684073715534,1679.9338908442821,-175.9654834727287,0.5,0.7,4,10,0.5,0,0,1,1,0
1889,2024-02-03 16:25:00,Natus Vincere,Spirit,1562.868519470345,1613.536035482683,-50.667516012337956,0.7,0.7,10,10,0.5,0,0,1,1,0
2344,2024-02-03 18:30:00,Apeks,Complexity,1526.5767333441186,1435.368711894131,91.20802144998765,0.5,0.2,10,10,0.5,0,0,1,1,0
2157,2024-02-03 19:50:00,Vitality,ENCE,1604.8253804863841,1478.0792526960443,126.74612779033987,0.9,0.4,10,10,0.5,0,0,1,1,0
1693,2024-02-04 12:30:00,MOUZ,Cloud9,1507.0439305829186,1524.8115431594088,-17.767612576490137,0.5,0.5,10,10,1.0,1,1,1,1,1
794,2024-02-04 12:30:00,GamerLegion,Monte,1455.6522217625059,1532.673449907859,-77.02122814535323,0.3,0.5,10,10,0.5,0,1,1,1,0
2322,2024-02-04 15:30:00,Spirit,Complexity,1627.2191117397847,1455.4750957848796,171.74401595490508,0.7,0.3,10,10,1.0,1,1,1,1,1
1935,2024-02-04 16:30:00,Natus Vincere,Apeks,1549.1854432132434,1506.4703494533699,42.715093759873525,0.7,0.5,10,10,1.0,1,1,1,1,1
457,2024-02-04 18:30:00,RBLS,Falcons,1495.4434433056488,1457.058606903126,38.38483640252275,0.4,0.0,5,3,0.5,0,0,1,1,0
403,2024-02-04 20:00:00,FaZe,Eternal Fire,1688.4588549101868,1545.0349658379841,143.42388907220266,0.7,0.8,10,10,0.5,0,1,1,1,0
3006,2024-02-04 21:00:00,Imperial,9z,1500.0,1506.786589244506,-6.786589244506104,0.5,0.5,0,6,0.5,0,1,0,1,0
597,2024-02-05 09:00:00,ECSTATIC,Preasy,1500.0,1487.4338789746948,12.566121025305165,0.5,0.4,0,5,0.5,0,1,0,1,0
2891,2024-02-05 12:30:00,Vitality,HEROIC,1583.2343550875285,1448.3567330367412,134.8776220507873,0.8,0.4,10,10,1.0,1,0,1,1,1
766,2024-02-05 12:30:00,Cloud9,Monte,1507.994026901852,1513.1834755059992,-5.189448604147174,0.5,0.4,10,10,0.5,0,0,1,1,0
1802,2024-02-05 15:30:00,GamerLegion,MOUZ,1475.1421961643657,1523.8614468404753,-48.719250676109596,0.4,0.5,10,10,0.5,0,0,1,1,0
2127,2024-02-05 16:30:00,G2,ENCE,1525.421216542661,1499.6702780949,25.7509384477612,0.5,0.4,10,10,1.0,1,0,1,1,1
498,2024-02-05 18:30:00,Complexity,Falcons,1446.7972981315513,1474.8191368001687,-28.02183866861742,0.2,0.25,10,4,0.5,0,0,1,1,0
365,2024-02-05 18:45:00,Natus Vincere,Eternal Fire,1563.2281919476943,1535.2886232139028,27.939568733791475,0.8,0.7,10,10,0.5,0,1,1,1,0
768,2024-02-06 12:30:00,Monte,G2,1528.944510336608,1508.2375087176729,20.70700161893501,0.5,0.5,10,10,0.5,0,0,1,1,0
2895,2024-02-06 12:30:00,GamerLegion,HEROIC,1461.3712098931687,1470.2737762041038,-8.902566310935072,0.4,0.5,10,10,0.5,0,0,1,1,0
2757,2024-02-06 15:30:00,Spirit,FaZe,1635.896909393113,1698.205197534268,-62.30828814115512,0.7,0.8,10,10,0.0,1,1,1,1,1
475,2024-02-06 15:30:00,Falcons,Natus Vincere,1489.5314742947228,1577.944293645755,-88.41281935103211,0.4,0.8,5,10,0.5,0,1,1,1,0
2569,2024-02-06 18:30:00,HEROIC,G2,1485.8638875776628,1525.189973897388,-39.326086319725164,0.5,0.5,10,10,0.0,1,0,1,1,1
1673,2024-02-06 18:30:00,ENCE,MOUZ,1516.8539859198881,1537.632433111672,-20.778447191783926,0.5,0.6,10,10,0.5,0,0,1,1,0
598,2024-02-09 09:00:00,ECSTATIC,Preasy,1515.4215609452344,1472.0123180294604,43.40924291577403,1.0,0.3333333333333333,1,6,1.0,1,0,1,1,1
2543,2024-02-09 15:15:00,G2,FaZe,1539.386635509905,1679.3661660747243,-139.97953056481924,0.6,0.7,10,10,0.0,1,0,1,1,1
2166,2024-02-09 17:30:00,3DMAX,fnatic,1457.8207246936672,1458.229484751491,-0.40876005782388347,0.2857142857142857,0.2857142857142857,7,7,0.5,0,1,1,1,0
487,2024-02-09 18:30:00,ENCE,Falcons,1501.8097295901619,1509.51736705202,-7.707637461858212,0.5,0.5,10,6,0.5,0,0,1,1,0
1730,2024-02-10 15:15:00,FaZe,MOUZ,1689.247413971956,1552.6766894413984,136.57072453055753,0.7,0.7,10,10,1.0,5,1,1,1,1
545,2024-02-10 18:30:00,Falcons,Spirit,1525.1624754471673,1654.7359408526568,-129.57346540548951,0.5714285714285714,0.7,7,10,0.5,0,0,1,1,0
2758,2024-02-11 16:00:00,Spirit,FaZe,1665.0309372463087,1699.2631856316,-34.232248385291314,0.8,0.7,10,10,0.5,2,1,1,1,1
2252,2024-02-11 16:30:00,Apeks,3DMAX,1492.427600718919,1473.839548781297,18.588051937621913,0.5,0.375,10,8,0.0,1,1,1,1,1
686,2024-02-11 19:20:00,Metizport,Apeks,1500.0,1507.5724050869546,-7.572405086954632,0.5,0.6,0,10,0.5,0,1,0,1,0
939,2024-02-14 11:00:00,FaZe,9 Pandas,1681.6918139180127,1544.9093803838084,136.7824335342043,0.7,0.6,10,10,0.5,0,1,1,1,0
163,2024-02-14 11:00:00,Virtus.pro,SAW,1612.4683278475459,1457.729038853209,154.7392889943369,0.7,0.3,10,10,1.0,1,1,1,1,1
1402,2024-02-14 12:00:00,Natus Vincere,KOI,1557.9584008884576,1498.8500536827996,59.10834720565799,0.7,0.5,10,4,0.5,0,1,1,1,0
358,2024-02-14 13:05:00,Eternal Fire,Ninjas in Pyjamas,1520.5725215158423,1401.4981999118825,119.07432160395979,0.6,0.1,10,10,0.5,0,1,1,1,0
490,2024-02-14 14:20:00,3DMAX,Falcons,1458.6947444132613,1514.8674790535154,-56.17273464025402,0.3333333333333333,0.5,9,8,0.5,0,0,1,1,0
1130,2024-02-14 14:20:00,BetBoom,fnatic,1450.338280288946,1442.2106606638613,8.127619625084662,0.3,0.25,10,8,0.5,0,0,1,1,0
121,2024-02-14 16:00:00,SAW,9 Pandas,1448.418482630594,1534.9019925388127,-86.4835099082186,0.3,0.5,10,10,0.6666666666666666,3,0,1,1,1
1388,2024-02-14 16:00:00,AMKAL,Ninjas in Pyjamas,1530.5993324615206,1390.7767055630536,139.82262689846698,1.0,0.1,2,10,0.5,0,1,1,1,0
534,2024-02-14 17:40:00,FaZe,Falcons,1691.6992017630084,1528.30293574528,163.39626601772852,0.8,0.5555555555555556,10,9,0.5,0,1,1,1,0
1404,2024-02-14 18:00:00,3DMAX,KOI,1445.2592877214968,1485.546132519158,-40.28684479766116,0.3,0.4,10,5,0.5,0,0,1,1,0
388,2024-02-14 18:40:00,G2,Eternal Fire,1529.5053876126735,1531.294015864671,-1.7886282519975794,0.6,0.7,10,10,0.5,0,1,1,1,0
2263,2024-02-14 19:10:00,Virtus.pro,fnatic,1621.7788840701608,1458.5848831189423,163.1940009512184,0.7,0.3333333333333333,10,9,1.0,1,1,1,1,1
932,2024-02-15 11:00:00,9 Pandas,KOI,1546.9995484467809,1499.699125339604,47.30042310717681,0.5,0.5,10,6,0.5,0,0,1,1,0
334,2024-02-15 11:00:00,Eternal Fire,Falcons,1515.211647217337,1519.3179025226855,-4.106255305348441,0.6,0.5,10,10,1.0,1,1,1,1,1
1392,2024-02-15 11:55:00,fnatic,AMKAL,1449.5923238401738,1540.4867503735868,-90.89442653341303,0.3,1.0,10,3,0.5,0,1,1,1,0
2542,2024-02-15 13:15:00,G2,FaZe,1545.5877562600076,1700.6842349856029,-155.09647872559526,0.6,0.8,10,10,0.0,2,1,1,1,1
141,2024-02-15 13:25:00,Ninjas in Pyjamas,SAW,1380.8892876509874,1436.320926722626,-55.43163907163853,0.1,0.3,10,10,0.5,0,0,1,1,0
1830,2024-02-15 15:35:00,Natus Vincere,Virtus.pro,1571.2623220520993,1630.7714433489293,-59.50912129683002,0.8,0.7,10,10,1.0,1,0,1,1,1
3007,2024-02-15 23:25:00,Imperial,9z,1516.3124942412037,1490.4740950033024,25.838399237901285,1.0,0.42857142857142855,1,7,1.0,1,1,1,1,1
456,2024-02-16 11:00:00,Falcons,AMKAL,1503.128811281793,1520.3938599363926,-17.265048654599468,0.5,0.75,10,4,0.5,0,0,1,1,0
1405,2024-02-16 11:00:00,KOI,fnatic,1517.8640316502278,1469.685214277368,48.17881737285984,0.5714285714285714,0.3,7,10,0.5,0,1,1,1,0
402,2024-02-16 13:40:00,Eternal Fire,FaZe,1531.4007384582294,1677.9812231600806,-146.58048470185122,0.6,0.7,10,10,0.0,1,0,1,1,1
936,2024-02-16 14:05:00,3DMAX,9 Pandas,1431.1062949010507,1528.834642136157,-97.72834723510641,0.3,0.4,10,10,0.0,1,0,1,1,1
1121,2024-02-16 16:20:00,Natus Vincere,BetBoom,1557.976329677224,1433.964057833865,124.01227184335903,0.7,0.3,10,10,0.5,0,1,1,1,0
931,2024-02-17 11:00:00,9 Pandas,AMKAL,1540.449141821926,1535.5994288715533,4.849712950372805,0.5,0.8,10,5,0.5,0,0,1,1,0
158,2024-02-17 14:25:00,SAW,fnatic,1449.7896466496504,1455.8898178919258,-6.100171242275337,0.4,0.3,10,10,0.5,0,1,1,1,0
724,2024-02-17 15:30:00,Aurora,Monte,1431.7760971386153,1511.9920451568928,-80.21594801827746,0.2,0.4,10,10,0.0,1,0,1,1,1
350,2024-02-17 16:10:00,Eternal Fire,BetBoom,1521.7771161199553,1423.4442552661324,98.33286085382292,0.6,0.3,10,10,1.0,1,1,1,1,1
725,2024-02-18 19:30:00,Monte,Aurora,1524.3622326363213,1419.4059096591868,104.9563229771345,0.5,0.2,10,10,1.0,2,1,1,1,1
3013,2024-02-19 11:00:00,Vitality,GamerLegion,1561.3173119201658,1445.7810985196097,115.53621340055611,0.7,0.4,10,10,0.5,0,1,1,1,0
1384,2024-02-19 11:00:00,MOUZ,Guild Eagles,1542.6609177817543,1500.0,42.66091778175428,0.6,0.5,10,0,0.5,0,1,1,0,0
2140,2024-02-19 11:50:00,Spirit,ENCE,1682.602308959896,1486.1646211950147,196.43768776488128,0.8,0.4,10,10,0.5,0,1,1,1,0
595,2024-02-19 12:15:00,ECSTATIC,Monte,1497.4328290220453,1535.6706680758837,-38.23783905383834,0.5,0.6,2,10,0.5,0,1,1,1,0
100,2024-02-19 12:35:00,OG,Apeks,1500.0,1491.2237381526154,8.776261847384603,0.5,0.5,0,10,0.5,0,0,0,1,0
1020,2024-02-19 14:20:00,Preasy,HEROIC,1490.0010499526495,1471.6672259651457,18.33382398750382,0.42857142857142855,0.4,7,10,0.5,0,0,1,1,0
1385,2024-02-19 16:30:00,Guild Eagles,ENCE,1485.954793656795,1478.3561080961713,7.598685560623608,0.0,0.4,1,10,0.5,0,0,1,1,0
60,2024-02-19 17:30:00,Preasy,OG,1473.1575289577518,1483.5959241456376,-10.438395187885817,0.375,0.0,8,1,0.5,0,0,1,1,0
2450,2024-02-19 18:40:00,Cloud9,Apeks,1492.2329920712434,1507.6278140069778,-15.394821935734399,0.5,0.5,10,10,0.5,0,1,1,1,0
606,2024-02-19 18:40:00,MOUZ,ECSTATIC,1556.7061241249594,1515.1866710900802,41.519453034879234,0.6,0.6666666666666666,10,3,0.5,0,1,1,1,0
2894,2024-02-19 19:40:00,Vitality,HEROIC,1572.184492908496,1488.5107469600434,83.6737459484525,0.7,0.5,10,10,0.5,2,1,1,1,1
2702,2024-02-19 19:50:00,Spirit,Astralis,1690.4108220587393,1461.4045391010836,229.00628295765569,0.8,0.5,10,10,0.5,0,1,1,1,0
51,2024-02-20 11:00:00,ECSTATIC,OG,1501.0896623852905,1499.1153628665577,1.9742995187327779,0.5,0.5,4,2,0.5,0,1,1,1,0
792,2024-02-20 11:00:00,Monte,Apeks,1517.9168260078488,1490.919319873534,26.99750613431479,0.5,0.4,10,10,0.0,1,0,1,1,1
2163,2024-02-20 12:00:00,GamerLegion,ENCE,1434.9139175312796,1494.7059847143269,-59.792067183047266,0.4,0.5,10,10,0.0,1,0,1,1,1
2712,2024-02-20 12:15:00,Astralis,HEROIC,1454.6491180340563,1476.2912562709448,-21.642138236888513,0.5,0.5,10,10,0.0,2,0,1,1,1
2449,2024-02-20 13:20:00,Cloud9,Vitality,1508.9414862046872,1584.4039835975946,-75.46249739290738,0.5,0.7,10,10,0.0,2,1,1,1,1
1746,2024-02-20 16:25:00,MOUZ,Spirit,1570.803132829749,1697.1662431257666,-126.36311029601757,0.7,0.9,10,10,0.0,2,1,1,1,1
620,2024-02-21 11:00:00,ECSTATIC,Apeks,1516.998743511081,1508.1601046633398,8.838638847741322,0.6,0.5,5,10,0.5,0,0,1,1,0
772,2024-02-21 11:00:00,Monte,Astralis,1500.676041218043,1439.6444882598416,61.03155295820147,0.4,0.4,10,10,0.5,0,0,1,1,0
101,2024-02-21 14:00:00,GamerLegion,OG,1421.6405786316168,1483.2062817407673,-61.56570310915049,0.4,0.3333333333333333,10,3,0.5,0,1,1,1,0
2158,2024-02-21 14:40:00,ENCE,Vitality,1507.9793236139897,1564.98244266793,-57.00311905394028,0.6,0.6,10,10,1.0,1,0,1,1,1
1013,2024-02-21 16:00:00,Guild Eagles,Preasy,1469.6049170386393,1457.6380902368317,11.966826801807656,0.0,0.3333333333333333,2,9,0.5,0,1,1,1,0
2814,2024-02-21 16:40:00,Spirit,HEROIC,1675.590708486176,1491.2958860451595,184.29482244101655,0.9,0.6,10,10,0.5,0,1,1,1,0
2136,2024-02-22 11:00:00,ENCE,Astralis,1494.581110761591,1458.4265381661853,36.154572595405625,0.6,0.4,10,10,0.5,2,1,1,1,1
604,2024-02-22 13:15:00,ECSTATIC,Guild Eagles,1500.5917969348711,1485.0540421230965,15.537754811774676,0.5,0.3333333333333333,6,3,0.5,0,1,1,1,0
2896,2024-02-22 16:00:00,GamerLegion,HEROIC,1440.446476965544,1483.0674021279983,-42.62092516245434,0.4,0.6,10,10,0.0,1,0,1,1,1
2955,2024-02-22 19:30:00,Imperial,FURIA,1531.1247808175679,1504.9570981837771,26.16768263379072,1.0,0.5,2,10,0.5,0,0,1,1,0
938,2024-02-23 11:00:00,Astralis,9 Pandas,1444.0855338061338,1524.2258187911063,-80.1402849849726,0.4,0.5,10,10,0.5,0,0,1,1,0
1102,2024-02-23 13:20:00,Guild Eagles,BetBoom,1469.7691055321354,1411.8554906995596,57.91361483257583,0.25,0.2,4,10,0.5,0,1,1,1,0
2286,2024-02-23 15:20:00,GamerLegion,fnatic,1426.3994563594538,1439.6089234880405,-13.209467128586766,0.4,0.3,10,10,0.5,0,1,1,1,0
1386,2024-02-24 11:00:00,GamerLegion,Guild Eagles,1443.0074818600287,1483.126514719534,-40.119032859505296,0.5,0.4,10,5,0.5,0,1,1,1,0
944,2024-02-24 13:50:00,9 Pandas,GamerLegion,1536.5993115132044,1460.8468635727077,75.75244794049672,0.5,0.5,10,10,0.5,0,1,1,1,0
678,2024-02-27 17:00:00,Metizport,Guild Eagles,1516.3486669343392,1465.2871330068551,51.061533927484106,1.0,0.3333333333333333,1,6,0.5,0,0,1,1,0
2653,2024-02-28 02:00:00,The MongolZ,Lynn Vision,1518.359307679489,1453.5690863810107,64.79022129847817,0.5,0.4,10,10,1.0,2,1,1,1,1
1016,2024-02-28 19:00:00,Preasy,fnatic,1442.1889651523745,1423.0008979874656,19.188067164908944,0.3,0.3,10,10,0.5,0,1,1,1,0
1408,2024-02-29 14:30:00,HAVU,KOI,1495.1743142518994,1531.65942803567,-36.48511378377066,0.5,0.625,4,8,0.5,0,0,1,1,0
607,2024-02-29 19:00:00,3DMAX,ECSTATIC,1419.4917952152816,1515.8767335258322,-96.38493831055052,0.3,0.5714285714285714,10,7,0.5,0,1,1,1,0
1396,2024-03-01 10:00:00,BIG,AMKAL,1498.5292104948526,1551.822751902373,-53.29354140752048,0.4,0.8333333333333334,10,6,0.5,0,1,1,1,0
1012,2024-03-01 19:00:00,BetBoom,Preasy,1398.498081512161,1457.3062193088417,-58.80813779668074,0.1,0.4,10,10,0.5,0,1,1,1,0
1316,2024-03-01 21:25:00,paiN,Legacy,1500.0,1500.0,0.0,0.5,0.5,0,0,0.5,0,1,0,0,0
2499,2024-03-02 17:00:00,FURIA,Liquid,1522.1598910426917,1480.3081680732882,41.851722969403454,0.5,0.3333333333333333,10,6,0.5,0,1,1,1,0
756,2024-03-02 19:00:00,3DMAX,Monte,1439.8200166937775,1481.8939913116994,-42.07397461792198,0.3,0.3,10,10,0.5,0,1,1,1,0
596,2024-03-03 10:00:00,Monte,ECSTATIC,1463.9658293949576,1495.5485120473363,-31.582682652378708,0.3,0.5,10,8,0.0,1,0,1,1,1
1017,2024-03-03 13:00:00,Preasy,fnatic,1438.6235750292235,1407.8836438309984,30.739931198225122,0.4,0.3,10,10,1.0,1,0,1,1,1
2035,2024-03-03 17:55:00,Imperial,paiN,1513.9219879586533,1516.0,-2.0780120413467102,0.6666666666666666,1.0,3,1,0.5,0,1,1,1,0
608,2024-03-03 18:10:00,fnatic,ECSTATIC,1425.2955876130313,1510.0980686747973,-84.802481061766,0.3,0.5555555555555556,10,9,0.5,0,0,1,1,0
1011,2024-03-03 18:15:00,Preasy,BetBoom,1421.2116312471906,1417.1807257917792,4.030905455411357,0.3,0.2,10,10,0.0,1,1,1,1,1
599,2024-03-03 19:30:00,Preasy,ECSTATIC,1437.0260095193078,1522.2685190145028,-85.24250949519501,0.4,0.6,10,10,0.5,2,1,1,1,1
2335,2024-03-03 19:45:00,FURIA,Complexity,1536.2418163281554,1432.0849606369973,104.15685569115817,0.6,0.2,10,10,1.0,1,1,1,1,1
1357,2024-03-03 21:20:00,Legacy,MIBR,1484.0,1508.0025749809631,-24.002574980963118,0.0,0.6,1,10,0.5,0,1,1,1,0
600,2024-03-04 10:00:00,BetBoom,ECSTATIC,1401.366347519662,1502.4198719606654,-101.05352444100345,0.2,0.5,10,10,0.5,0,1,1,1,0
2167,2024-03-04 13:00:00,3DMAX,fnatic,1457.7481786105193,1413.125137273326,44.6230413371934,0.3,0.3,10,10,1.0,1,0,1,1,1
2298,2024-03-04 21:10:00,Complexity,Liquid,1420.7428512035228,1466.2262427878245,-45.48339158430167,0.2,0.2857142857142857,10,7,0.5,0,1,1,1,0
114,2024-03-05 19:00:00,Monte,SAW,1449.4162727674966,1466.0705410535356,-16.65426828603904,0.3,0.4,10,10,1.0,1,0,1,1,1
933,2024-03-06 19:00:00,9 Pandas,KOI,1549.1650307668901,1545.9853755534718,3.1796552134183003,0.6,0.6666666666666666,10,9,0.0,1,0,1,1,1
432,2024-03-06 19:15:00,Falcons,Metizport,1487.9232423466324,1498.0139814120714,-10.090739065439038,0.5,0.5,10,2,0.5,0,0,1,1,0
170,2024-03-07 14:30:00,SAW,Liquid,1481.3041705414362,1448.1435393347049,33.160631206731296,0.5,0.25,10,8,0.5,0,1,1,1,0
85,2024-03-07 18:10:00,Complexity,OG,1438.8255546566425,1464.40038340684,-25.57482875019764,0.3,0.25,10,4,0.5,0,0,1,1,0
789,2024-03-07 21:40:00,Imperial,Monte,1530.0176828085687,1434.182643279596,95.83503952897263,0.75,0.3,4,10,0.5,0,0,1,1,0
2924,2024-03-08 16:20:00,BIG,GamerLegion,1516.9643996059901,1448.281144319022,68.68325528696823,0.4,0.4,10,10,0.5,0,1,1,1,0
169,2024-03-08 19:15:00,SAW,Cloud9,1495.7816872808608,1528.3630271343518,-32.581339853491045,0.6,0.5,10,10,0.5,0,1,1,1,0
90,2024-03-09 14:30:00,OG,HEROIC,1479.2247416456544,1497.1144227340885,-17.889681088434145,0.4,0.6,5,10,0.5,0,1,1,1,0
671,2024-03-09 16:20:00,Metizport,Monte,1513.5494163216467,1454.4873840862372,59.06203223540956,0.6666666666666666,0.3,3,10,0.5,0,1,1,1,0
2821,2024-03-09 19:00:00,BIG,Spirit,1529.841987720116,1683.8191924033372,-153.9772046832211,0.5,0.9,10,10,1.0,1,0,1,1,1
46,2024-03-10 17:00:00,OG,SAW,1496.0478645892365,1513.277730568831,-17.22986597959448,0.5,0.7,6,10,0.5,0,0,1,1,0
681,2024-03-10 19:15:00,Metizport,Spirit,1526.8554098541338,1693.1587358066022,-166.3033259524684,0.75,0.9,4,10,0.5,0,0,1,1,0
1021,2024-03-11 14:30:00,HEROIC,Preasy,1480.2912997905064,1456.874656573145,23.416643217361298,0.5,0.4,10,10,1.0,1,1,1,1,1
1410,2024-03-11 14:30:00,Apeks,KOI,1524.5670512395498,1562.131799999467,-37.564748759917165,0.6,0.7,10,10,0.5,0,1,1,1,0
680,2024-03-11 14:30:00,ENCE,Metizport,1508.9221151216425,1517.9781197060381,-9.056004584395623,0.6,0.6,10,5,0.5,0,1,1,1,0
677,2024-03-11 18:30:00,Metizport,Preasy,1501.561169703687,1441.95140294365,59.60976676003702,0.5,0.4,6,10,0.5,0,1,1,1,0
2142,2024-03-11 18:30:00,ENCE,HEROIC,1525.3390651239936,1495.2145534200015,30.124511703992084,0.6,0.6,10,10,0.5,0,0,1,1,0
2423,2024-03-11 19:00:00,Virtus.pro,Apeks,1644.0574357238047,1542.2902623307875,101.76717339301717,0.7,0.6,10,10,1.0,1,1,1,1,1
685,2024-03-12 14:30:00,Apeks,Metizport,1530.847230095064,1514.8426607639192,16.00456933114492,0.5,0.5714285714285714,10,7,0.0,1,0,1,1,1
2390,2024-03-12 18:30:00,Virtus.pro,HEROIC,1655.5004679595281,1512.5983724249209,142.90209553460727,0.7,0.6,10,10,1.0,2,1,1,1,1
682,2024-03-13 14:30:00,HEROIC,Metizport,1502.8316592784604,1531.579177537158,-28.74751825869771,0.5,0.625,10,8,0.5,0,1,1,1,0
392,2024-03-17 12:00:00,Eternal Fire,The MongolZ,1533.365880686528,1531.4097196128844,1.9561610736436705,0.6,0.6,10,10,0.5,0,1,1,1,0
612,2024-03-17 12:00:00,ECSTATIC,Cloud9,1481.8931206895002,1510.8669838463816,-28.973863156881407,0.5,0.4,10,10,0.5,0,0,1,1,0
2051,2024-03-17 13:00:00,Apeks,paiN,1514.1107133218252,1499.9043051500846,14.206408171740577,0.5,0.5,10,2,0.5,0,0,1,1,0
2156,2024-03-17 13:15:00,Imperial,ENCE,1509.7129420019276,1507.9552461190742,1.7576958828533407,0.6,0.5,5,10,0.5,0,1,1,1,0
2882,2024-03-17 14:05:00,HEROIC,Lynn Vision,1520.1525184870145,1440.5186744476152,79.63384403939926,0.6,0.4,10,10,0.5,0,1,1,1,0
134,2024-03-17 15:00:00,SAW,KOI,1528.4849157398144,1544.4085889082291,-15.92367316841478,0.8,0.6,10,10,1.0,1,1,1,1,1
1400,2024-03-17 15:05:00,GamerLegion,AMKAL,1435.403556204896,1533.3875627912355,-97.98400658633955,0.3,0.7142857142857143,10,7,0.5,0,1,1,1,0
1351,2024-03-17 16:10:00,FURIA,Legacy,1547.5839257616299,1501.103604249409,46.480321512220826,0.6,0.5,10,2,0.5,0,0,1,1,0
614,2024-03-17 18:00:00,ECSTATIC,The MongolZ,1467.2243318698165,1515.4998032075534,-48.27547133773692,0.4,0.5,10,10,0.5,0,1,1,1,0
369,2024-03-17 18:00:00,paiN,Eternal Fire,1516.5581700572834,1549.275797091859,-32.71762703457557,0.6666666666666666,0.6,3,10,0.5,0,0,1,1,0
2889,2024-03-17 18:55:00,HEROIC,Imperial,1532.5481428216453,1525.631997805732,6.916145015913344,0.6,0.6666666666666666,10,6,0.5,0,1,1,1,0
1397,2024-03-17 19:05:00,Apeks,AMKAL,1497.4568484146262,1512.9911756425279,-15.534327227901713,0.5,0.625,10,8,0.5,0,1,1,1,0
1327,2024-03-17 20:20:00,Legacy,Cloud9,1519.2314231450225,1525.5357726660652,-6.304349521042695,0.6666666666666666,0.5,3,10,0.5,0,0,1,1,0
1403,2024-03-17 20:30:00,KOI,ENCE,1527.675789686703,1492.0361903152698,35.63959937143318,0.6,0.4,10,10,0.5,0,0,1,1,0
199,2024-03-17 21:25:00,GamerLegion,SAW,1455.7999433536036,1545.2177149613406,-89.417771607737,0.4,0.8,10,10,0.5,0,0,1,1,0
2944,2024-03-17 21:40:00,FURIA,Lynn Vision,1529.4561068660164,1428.1230501129844,101.333056753032,0.5,0.3,10,10,0.5,0,0,1,1,0
3004,2024-03-18 12:00:00,Imperial,Apeks,1509.9504559911186,1514.1717542927952,-4.2212983016765975,0.5714285714285714,0.5,7,10,0.5,0,1,1,1,0
1944,2024-03-18 12:00:00,paiN,ENCE,1502.060434501606,1509.6717219380932,-7.611287436487146,0.5,0.5,4,10,0.5,0,1,1,1,0
618,2024-03-18 12:50:00,Lynn Vision,ECSTATIC,1448.6616412130013,1485.433301890683,-36.771660677681666,0.4,0.5,10,10,0.5,0,0,1,1,0
1369,2024-03-18 13:05:00,GamerLegion,Legacy,1443.8292123773733,1503.521717310047,-59.69250493267373,0.4,0.5,10,4,0.5,0,1,1,1,0
410,2024-03-18 13:55:00,Eternal Fire,HEROIC,1563.7735326475363,1548.2296846362588,15.543848011277532,0.6,0.7,10,10,0.5,0,0,1,1,0
1394,2024-03-18 13:55:00,The MongolZ,AMKAL,1497.290833186687,1496.2762697643589,1.0145634223281377,0.5,0.5555555555555556,10,9,0.5,0,1,1,1,0
168,2024-03-18 16:30:00,Cloud9,SAW,1541.2454785010407,1557.1884459375708,-15.942967436530125,0.6,0.8,10,10,0.0,1,1,1,1,1
1409,2024-03-18 17:00:00,KOI,FURIA,1510.0402580638795,1508.9175157659995,1.122742297879995,0.5,0.4,10,10,0.5,0,0,1,1,0
429,2024-03-19 12:00:00,GamerLegion,Eternal Fire,1462.5514214059601,1547.0581891969643,-84.50676779100422,0.5,0.5,10,10,0.5,0,0,1,1,0
2652,2024-03-19 12:00:00,Lynn Vision,The MongolZ,1434.348744080901,1513.2441109472481,-78.8953668663471,0.3,0.5,10,10,0.0,3,0,1,1,1
1368,2024-03-19 14:00:00,Apeks,Legacy,1497.9773658870183,1484.7995082814602,13.177857605558074,0.5,0.4,10,5,0.5,0,0,1,1,0
147,2024-03-19 15:00:00,paiN,SAW,1518.4108911796266,1540.454760048238,-22.043868868611526,0.6,0.8,5,10,0.5,0,1,1,1,0
2152,2024-03-19 17:30:00,FURIA,ENCE,1524.9692197795912,1493.3212652600728,31.647954519518407,0.5,0.5,10,10,0.5,0,1,1,1,0
619,2024-03-19 17:30:00,ECSTATIC,Imperial,1499.7461990227832,1526.1448443968955,-26.39864537411222,0.5,0.625,10,8,0.5,0,1,1,1,0
1335,2024-03-20 12:00:00,Legacy,The MongolZ,1501.4060802068504,1525.6720329792622,-24.265952772411765,0.5,0.5,6,10,0.5,0,0,1,1,0
3005,2024-03-20 13:55:00,Imperial,GamerLegion,1508.9314759483696,1450.3681304930703,58.56334545529921,0.5555555555555556,0.5,9,10,0.5,0,1,1,1,0
192,2024-03-20 17:30:00,FURIA,SAW,1539.5157952793604,1523.4409623764125,16.074832902947946,0.5,0.8,10,10,0.5,0,1,1,1,0
1855,2024-03-21 12:00:00,Natus Vincere,The MongolZ,1568.4961322449565,1540.5563580725366,27.939774172419902,0.7,0.6,10,10,0.5,0,1,1,1,0
605,2024-03-21 12:00:00,MOUZ,ECSTATIC,1592.3786674693397,1516.9595674713091,75.41909999803056,0.7,0.6,10,10,1.0,1,1,1,1,1
2413,2024-03-21 13:00:00,Virtus.pro,Imperial,1665.2671811059886,1522.259789159828,143.00739194616062,0.8,0.6,10,10,0.5,0,0,1,1,0
426,2024-03-21 13:15:00,Vitality,Eternal Fire,1578.3806555203287,1559.2414801098541,19.139175410474536,0.6,0.6,10,10,0.5,0,0,1,1,0
1952,2024-03-21 14:05:00,Complexity,paiN,1424.0011964178282,1535.4246888514522,-111.423492433624,0.3,0.6666666666666666,10,6,0.5,0,1,1,1,0
2768,2024-03-21 14:25:00,FaZe,HEROIC,1687.6048454983547,1564.9450280868307,122.65981741152405,0.7,0.7,10,10,1.0,1,0,1,1,1
2582,2024-03-21 15:05:00,G2,FURIA,1568.2907680855299,1554.776049635644,13.514718449885777,0.7,0.6,10,10,0.5,0,1,1,1,0
2438,2024-03-21 15:40:00,Spirit,Cloud9,1702.0360259546978,1557.9791643903734,144.05686156432444,0.9,0.7,10,10,0.5,0,1,1,1,0
359,2024-03-21 17:25:00,MOUZ,Eternal Fire,1604.9590337215143,1576.12198124098,28.83705248053434,0.8,0.7,10,10,0.0,1,1,1,1,1
2664,2024-03-21 17:25:00,Vitality,The MongolZ,1561.5001543892029,1525.8402657743557,35.659888614847205,0.5,0.5,10,10,0.5,0,1,1,1,0
1954,2024-03-21 18:25:00,Virtus.pro,paiN,1643.0297816180225,1514.462415739684,128.56736587833848,0.7,0.5714285714285714,10,7,0.5,0,1,1,1,0
2324,2024-03-21 18:30:00,Complexity,HEROIC,1444.9634695295963,1586.370176263748,-141.4067067341516,0.3,0.8,10,10,0.5,0,1,1,1,0
611,2024-03-21 19:35:00,Cloud9,ECSTATIC,1548.2575005645651,1504.3792012191345,43.878299345430605,0.6,0.5,10,10,1.0,1,1,1,1,1
1842,2024-03-21 20:05:00,Natus Vincere,G2,1583.2122245431374,1583.6687060148788,-0.4564814717414265,0.7,0.7,10,10,1.0,3,1,1,1,1
2776,2024-03-21 20:25:00,FaZe,FURIA,1666.1796973214375,1539.3981117062951,126.78158561514238,0.6,0.6,10,10,0.5,0,1,1,1,0
2839,2024-03-21 21:15:00,Spirit,Imperial,1711.757689780506,1544.497188647794,167.26050113271208,0.9,0.6,10,10,0.5,0,1,1,1,0
2432,2024-03-22 12:00:00,Cloud9,G2,1562.247505096408,1567.6476842783336,-5.400179181925523,0.6,0.7,10,10,0.5,0,1,1,1,0
2385,2024-03-22 12:00:00,HEROIC,Virtus.pro,1564.1954004868135,1653.3652617084724,-89.16986122165895,0.7,0.7,10,10,0.0,3,0,1,1,1
401,2024-03-22 13:05:00,Eternal Fire,FaZe,1561.4469354655175,1676.5872384693212,-115.14030300380364,0.6,0.6,10,10,0.0,2,1,1,1,1
3003,2024-03-22 13:05:00,Imperial,Vitality,1535.6551991649394,1575.8636981808497,-40.20849901591032,0.5,0.6,10,10,0.5,0,0,1,1,0
1679,2024-03-22 14:05:00,Complexity,MOUZ,1467.1382453065307,1619.6340794969767,-152.49583419044598,0.4,0.9,10,10,0.0,2,0,1,1,1
1970,2024-03-22 14:15:00,paiN,The MongolZ,1504.1269356492342,1511.4767219827088,-7.34978633347464,0.5,0.4,8,10,0.5,0,1,1,1,0
1888,2024-03-22 16:30:00,Spirit,Natus Vincere,1720.5996792633607,1599.2332462796826,121.36643298367812,0.9,0.7,10,10,1.0,1,1,1,1,1
617,2024-03-22 18:20:00,ECSTATIC,FURIA,1490.3891966872916,1528.9905705584115,-38.601373871119904,0.5,0.6,10,10,0.5,0,1,1,1,0
383,2024-03-23 12:00:00,Eternal Fire,Virtus.pro,1582.563392508355,1665.3466872757847,-82.78329476742965,0.7,0.7,10,10,0.5,0,1,1,1,0
2783,2024-03-23 12:00:00,Imperial,FaZe,1521.4986463746418,1655.4707814264837,-133.97213505184186,0.5,0.6,10,10,0.5,0,0,1,1,0
613,2024-03-23 15:30:00,G2,ECSTATIC,1551.3990168610053,1508.1595770935937,43.23943976741157,0.6,0.5,10,10,0.5,0,1,1,1,0
2343,2024-03-23 15:35:00,Complexity,Vitality,1457.742203966677,1590.0202509711473,-132.2780470044704,0.4,0.6,10,10,0.0,1,0,1,1,1
1997,2024-03-23 18:50:00,paiN,HEROIC,1520.4653553378607,1552.2139749195012,-31.74861958164047,0.5555555555555556,0.7,9,10,0.5,0,1,1,1,0
1835,2024-03-23 19:15:00,Cloud9,Natus Vincere,1578.4961725137364,1588.605613410083,-10.109440896346541,0.7,0.6,10,10,1.0,1,1,1,1,1
2317,2024-03-24 12:00:00,FaZe,Complexity,1665.5897692001781,1447.5556200706333,218.03414912954486,0.6,0.4,10,10,1.0,2,1,1,1,1
2355,2024-03-24 13:55:00,G2,Virtus.pro,1565.417984318588,1645.6049187602523,-80.18693444166433,0.6,0.7,10,10,0.5,0,1,1,1,0
1812,2024-03-24 18:00:00,paiN,Natus Vincere,1537.9233772610428,1572.1401877959404,-34.216810534897604,0.6,0.6,10,10,0.5,0,0,1,1,0
673,2024-03-27 19:45:00,Aurora,Metizport,1408.0974742196245,1514.258318328604,-106.16084410897952,0.2,0.5555555555555556,10,9,0.5,0,1,1,1,0
2448,2024-03-28 16:00:00,Cloud9,Vitality,1594.961598127879,1600.206834867191,-5.245236739312077,0.8,0.6,10,10,0.3333333333333333,3,0,1,1,1
2756,2024-03-28 18:55:00,FaZe,Spirit,1672.6879327735378,1731.2273121329604,-58.53937935942258,0.6,0.9,10,10,0.3333333333333333,3,1,1,1,1
364,2024-03-29 16:00:00,Natus Vincere,Eternal Fire,1586.5695201674523,1602.3051610238874,-15.735640856435111,0.6,0.7,10,10,1.0,1,1,1,1,1
1702,2024-03-29 19:20:00,G2,MOUZ,1585.0465294568276,1629.0301208368305,-43.98359138000296,0.7,0.9,10,10,1.0,1,1,1,1,1
2788,2024-03-30 16:00:00,Vitality,FaZe,1615.9653011384958,1691.3585466435227,-75.39324550502693,0.7,0.7,10,10,0.6666666666666666,3,0,1,1,1
1843,2024-03-30 19:50:00,Natus Vincere,G2,1603.293678131523,1603.0612970976454,0.23238103387757292,0.6,0.7,10,10,1.0,4,1,1,1,1
1876,2024-03-31 18:00:00,Natus Vincere,FaZe,1619.2829765910287,1703.9400491694405,-84.65707257841177,0.7,0.7,10,10,0.0,1,1,1,1,1
674,2024-04-02 13:30:00,Aurora,Metizport,1428.8396880267856,1493.516104521443,-64.67641649465736,0.3,0.5,10,10,1.0,1,1,1,1,1
922,2024-04-02 17:30:00,Aurora,Apeks,1447.7842129932465,1481.3707939616281,-33.58658096838167,0.4,0.4,10,10,0.6666666666666666,3,1,1,1,1
795,2024-04-02 17:45:00,Monte,GamerLegion,1441.1813905537501,1437.039817281612,4.141573272138203,0.3,0.4,10,10,0.0,1,1,1,1,1
2656,2024-04-03 12:30:00,Lynn Vision,The MongolZ,1421.920822048887,1495.1383022940822,-73.21748024519525,0.3,0.4,10,10,0.0,4,0,1,1,1
793,2024-04-03 13:30:00,Apeks,Monte,1463.828874877425,1456.9906730895066,6.838201787918479,0.4,0.3,10,10,1.0,2,0,1,1,1
672,2024-04-03 17:30:00,Metizport,Monte,1474.571579554982,1473.3055432625997,1.2660362923822959,0.4,0.3,10,10,1.0,1,1,1,1,1
2028,2024-04-08 00:00:00,paiN,MIBR,1523.4940448895309,1490.898970731554,32.595074157976796,0.5,0.5,10,10,0.5,0,0,1,1,0
2492,2024-04-08 04:30:00,HEROIC,Liquid,1534.7559529963191,1433.6660225952803,101.08993040103883,0.6,0.2222222222222222,10,9,0.5,0,0,1,1,0
2945,2024-04-08 05:50:00,FURIA,Lynn Vision,1511.2201901521094,1409.2435688851958,101.97662126691353,0.5,0.3,10,10,0.0,1,1,1,1,1
1428,2024-04-08 07:00:00,FlyQuest,Cloud9,1500.0,1579.2031318565741,-79.20313185657415,0.5,0.7,0,10,0.5,0,1,0,1,0
2452,2024-04-08 09:05:00,Liquid,G2,1454.194316177457,1587.0719986381396,-132.87768246068254,0.3,0.6,10,10,0.0,1,1,1,1,1
1769,2024-04-08 12:30:00,MOUZ,FURIA,1611.0153531960127,1522.6543608878883,88.36099230812442,0.8,0.5,10,10,0.0,1,1,1,1,1
676,2024-04-08 14:00:00,9 Pandas,Metizport,1533.018606320895,1490.5132766871563,42.50532963373871,0.6,0.5,10,10,0.5,0,1,1,1,0
57,2024-04-08 16:45:00,Aurora,OG,1465.3261320774495,1480.840679418253,-15.514547340803574,0.4,0.42857142857142855,10,7,0.5,0,1,1,1,0
675,2024-04-08 18:45:00,Metizport,Aurora,1476.4610118100393,1482.040128874402,-5.579117064362663,0.4,0.4,10,10,0.0,2,0,1,1,1
1426,2024-04-09 05:30:00,FlyQuest,Virtus.pro,1519.5855419771563,1625.9763736220127,-106.39083164485646,1.0,0.7,1,10,0.5,0,0,1,1,0
2690,2024-04-09 09:20:00,Astralis,FaZe,1431.7120410840357,1684.116812838471,-252.4047717544354,0.3,0.6,10,10,0.5,0,1,1,1,0
797,2024-04-09 11:00:00,Aurora,9 Pandas,1497.7832231201562,1547.0708711980121,-49.28764807785592,0.5,0.6,10,10,0.0,1,1,1,1,1
2877,2024-04-09 11:30:00,FURIA,HEROIC,1510.6380149583679,1514.2276594141424,-3.5896444557745326,0.4,0.5,10,10,1.0,1,0,1,1,1
2591,2024-04-09 11:30:00,Lynn Vision,G2,1397.809398149417,1565.2346288350711,-167.42523068565424,0.3,0.6,10,10,0.5,0,0,1,1,0
1166,2024-04-09 13:30:00,BetBoom,BIG,1421.8930987908273,1520.502444316851,-98.60934552602384,0.2,0.5,10,10,1.0,1,1,1,1,1
1411,2024-04-09 15:00:00,Apeks,KOI,1447.514004704332,1493.9885540502878,-46.47454934595589,0.3,0.5,10,10,1.0,1,1,1,1,1
2041,2024-04-09 15:30:00,Imperial,paiN,1511.3796586009473,1505.997374645472,5.382283955475259,0.4,0.5,10,10,1.0,1,1,1,1,1
152,2024-04-09 18:00:00,3DMAX,SAW,1439.7044368998675,1508.1807080201288,-68.47627112026134,0.3,0.7,10,10,0.5,0,1,1,1,0
815,2024-04-09 18:00:00,Aurora,KOI,1516.0378986221767,1475.8609962720752,40.1769023501015,0.6,0.5,10,10,0.5,0,0,1,1,0
2435,2024-04-10 05:30:00,Cloud9,FaZe,1559.617589879418,1658.1823054024185,-98.56471552300059,0.6,0.6,10,10,0.0,2,0,1,1,1
2365,2024-04-10 08:30:00,Virtus.pro,Astralis,1637.224500799418,1457.6465485200883,179.57795227932957,0.7,0.3,10,10,1.0,1,0,1,1,1
1694,2024-04-10 08:30:00,Liquid,MOUZ,1476.0316859805255,1623.0316991255331,-147.00001314500764,0.4,0.8,10,10,0.5,0,0,1,1,0
1436,2024-04-10 11:30:00,FlyQuest,FaZe,1508.337414799751,1669.761206083163,-161.4237912834119,0.5,0.6,2,10,0.5,0,0,1,1,0
2570,2024-04-10 11:30:00,HEROIC,G2,1530.0623560597003,1574.0705518439775,-44.00819578427718,0.6,0.6,10,10,0.0,2,0,1,1,1
81,2024-04-10 13:30:00,OG,ENCE,1464.1266826213007,1478.7746897603035,-14.648007139002857,0.375,0.5,8,10,0.5,0,1,1,1,0
803,2024-04-10 15:00:00,BetBoom,Aurora,1442.3160964049102,1498.19588719214,-55.879790787229695,0.3,0.6,10,10,0.5,0,1,1,1,0
2983,2024-04-10 15:30:00,MIBR,Imperial,1508.3956409756129,1527.1318150908526,-18.73617411523969,0.5,0.5,10,10,0.5,0,1,1,1,0
125,2024-04-10 18:00:00,9 Pandas,SAW,1528.8161956959916,1489.0674661585415,39.74872953745012,0.5,0.6,10,10,0.5,4,0,1,1,1
1398,2024-04-10 18:00:00,AMKAL,Apeks,1480.3229920037977,1465.6415624825445,14.681429521253222,0.5,0.3,10,10,0.0,1,1,1,1,1
1103,2024-04-11 12:00:00,AMKAL,BetBoom,1495.6472893226019,1460.8674939620323,34.77979536056955,0.5,0.4,10,10,0.5,0,1,1,1,0
923,2024-04-11 15:30:00,Aurora,Apeks,1479.6444896350179,1450.3172651637403,29.327224471277532,0.6,0.2,10,10,0.75,4,1,1,1,1
2042,2024-04-11 16:30:00,Imperial,paiN,1510.2698178234564,1490.2452181555668,20.02459966788956,0.4,0.4,10,10,1.0,2,0,1,1,1
804,2024-04-11 18:35:00,Aurora,BetBoom,1494.2971195844746,1446.4638340485008,47.8332855359738,0.7,0.4,10,10,0.0,1,1,1,1,1
2029,2024-04-11 23:30:00,MIBR,paiN,1525.257638243009,1507.1663653064381,18.09127293657093,0.5,0.5,10,10,1.0,1,1,1,1,1
2356,2024-04-12 07:00:00,G2,Virtus.pro,1588.0546691051231,1613.620048694676,-25.565379589552776,0.6,0.6,10,10,1.0,1,1,1,1,1
2475,2024-04-12 10:15:00,Liquid,FaZe,1466.4243073936286,1678.8197964535905,-212.39548905996185,0.4,0.7,10,10,0.0,1,0,1,1,1
814,2024-04-12 18:00:00,Aurora,AMKAL,1508.1081283304623,1510.0509492361334,-1.9428209056711694,0.8,0.5,10,10,0.5,0,1,1,1,0
1704,2024-04-13 07:00:00,MOUZ,G2,1632.63907771243,1605.2298780648719,27.409199647558125,0.8,0.6,10,10,0.0,2,1,1,1,1
2691,2024-04-13 10:45:00,FaZe,Astralis,1686.0988688666805,1481.2510006248303,204.84786824185016,0.7,0.4,10,10,0.0,1,1,1,1,1
92,2024-04-13 11:30:00,BIG,OG,1500.079446702768,1480.800848883753,19.278597819015204,0.4,0.4444444444444444,10,9,0.5,0,0,1,1,0
802,2024-04-13 15:20:00,Aurora,BetBoom,1524.1975976070348,1432.652825302513,91.54477230452176,0.8,0.4,10,10,0.5,2,1,1,1,1
63,2024-04-13 17:45:00,BetBoom,OG,1420.773692047389,1497.6877510678073,-76.91405902041834,0.4,0.5,10,10,0.5,0,0,1,1,0
1731,2024-04-14 10:35:00,MOUZ,FaZe,1647.3794494938707,1693.6251481390186,-46.24569864514797,0.9,0.8,10,10,0.0,6,0,1,1,1
1127,2024-04-14 13:00:00,BetBoom,3DMAX,1408.258965624311,1458.8176787614548,-50.55871313714374,0.4,0.4,10,10,0.5,0,1,1,1,0
58,2024-04-14 14:30:00,OG,Aurora,1510.2024774908853,1536.076730862159,-25.874253371273653,0.6,0.8,10,10,0.0,1,0,1,1,1
2040,2024-04-14 17:00:00,Imperial,paiN,1493.348670672585,1491.9987470501278,1.3499236224572542,0.4,0.4,10,10,0.6666666666666666,3,1,1,1,1
2982,2024-04-15 20:00:00,Imperial,MIBR,1509.2865047052146,1540.4252564993194,-31.13875179410479,0.4,0.5,10,10,0.0,1,0,1,1,1
751,2024-04-18 15:15:00,paiN,Monte,1476.0609130174983,1457.3638461304254,18.69706688707288,0.3,0.3,10,10,0.5,0,1,1,1,0
704,2024-04-18 16:00:00,Sashi,GamerLegion,1500.0,1421.2305347458555,78.7694652541445,0.5,0.4,0,10,0.5,0,1,0,1,0
1399,2024-04-18 16:00:00,AMKAL,Apeks,1493.961479959561,1435.6646352142836,58.29684474527744,0.4,0.2,10,10,0.5,2,0,1,1,1
684,2024-04-18 17:00:00,Imperial,Metizport,1494.716669973596,1460.717917564285,33.99875240931101,0.4,0.3,10,10,0.5,0,1,1,1,0
1189,2024-04-18 18:30:00,Apeks,BetBoom,1454.3243898618184,1426.5709836551193,27.753406206699083,0.3,0.5,10,10,0.5,0,0,1,1,0
98,2024-04-18 20:30:00,OG,MIBR,1495.3918329473288,1554.995091230938,-59.60325828360919,0.5,0.6,10,10,0.5,0,0,1,1,0
1328,2024-04-18 21:30:00,Liquid,Legacy,1459.1452349805386,1486.521755113576,-27.376520133037502,0.3,0.42857142857142855,10,7,0.5,0,1,1,1,0
2026,2024-04-18 22:00:00,paiN,MIBR,1491.200711488131,1568.2768733659134,-77.0761618777824,0.4,0.6,10,10,0.0,2,0,1,1,1
1059,2024-04-19 01:30:00,Liquid,M80,1476.4033675682851,1492.1313454819217,-15.72797791363655,0.3,0.5,10,4,0.0,2,1,1,1,1
2981,2024-04-19 02:10:00,MIBR,Imperial,1580.7844896172753,1509.1559481330642,71.62854148421115,0.6,0.4,10,10,1.0,2,1,1,1,1
698,2024-04-19 13:30:00,Cloud9,Sashi,1548.0386891986734,1512.4334314736304,35.605257725042975,0.6,1.0,10,1,0.5,0,0,1,1,0
354,2024-04-19 13:30:00,Eternal Fire,BetBoom,1585.5810030598168,1443.8463636929891,141.73463936682765,0.7,0.5,10,10,1.0,2,1,1,1,1
683,2024-04-19 13:45:00,FURIA,Metizport,1494.80331831281,1446.2786394048169,48.52467890799312,0.4,0.3,10,10,0.5,0,1,1,1,0
1391,2024-04-19 13:50:00,AMKAL,ENCE,1475.3017253120263,1462.1005234978513,13.201201814174965,0.4,0.4,10,10,0.5,0,1,1,1,0
2024,2024-04-19 16:45:00,paiN,MIBR,1478.693095236769,1593.531826403666,-114.83873116689688,0.4,0.7,10,10,0.0,3,1,1,1,1
1141,2024-04-19 17:20:00,Cloud9,BetBoom,1530.4047225577942,1434.0339874177923,96.3707351400019,0.5,0.5,10,10,0.6666666666666666,3,1,1,1,1
343,2024-04-19 17:20:00,Sashi,Eternal Fire,1530.0673981145096,1595.3933793350136,-65.32598122050399,1.0,0.7,2,10,0.5,0,0,1,1,0
56,2024-04-19 19:00:00,Monte,OG,1442.2240476597926,1482.1100508123534,-39.88600315256076,0.3,0.5,10,10,0.5,0,0,1,1,0
2039,2024-04-19 19:15:00,paiN,Imperial,1499.7970810779334,1496.4086113466735,3.3884697312598746,0.4,0.3,10,10,0.25,4,1,1,1,1
1029,2024-04-19 21:30:00,M80,Legacy,1475.407539686877,1469.2636225258295,6.143917161047511,0.4,0.375,5,8,0.5,0,1,1,1,0
2950,2024-04-19 22:40:00,FURIA,MIBR,1508.58309172512,1572.4278405625016,-63.84474883738153,0.5,0.7,10,10,1.0,1,0,1,1,1
1060,2024-04-20 01:30:00,Liquid,M80,1493.1271733633298,1491.1246313343563,2.002542028973494,0.4,0.5,10,6,0.3333333333333333,3,0,1,1,1
2027,2024-04-20 02:00:00,MIBR,paiN,1585.520334406558,1515.6410412274297,69.87929317912835,0.8,0.4,10,10,0.75,4,1,1,1,1
2037,2024-04-20 04:15:00,Imperial,paiN,1480.5646511971772,1502.816399274867,-22.251748077689854,0.3,0.4,10,10,0.6,5,1,1,1,1
99,2024-04-20 13:25:00,MIBR,OG,1598.3449763591207,1496.2812595016655,102.06371685745512,0.9,0.6,10,10,1.0,1,1,1,1,1
699,2024-04-20 13:30:00,Sashi,Cloud9,1517.0408135533962,1542.0771073020692,-25.03629374867296,0.6666666666666666,0.5,3,10,1.0,1,1,1,1,1
2925,2024-04-20 13:30:00,GamerLegion,BIG,1408.797103272225,1483.1925445187137,-74.39544124648864,0.3,0.3,10,10,0.0,1,0,1,1,1
344,2024-04-20 17:30:00,Sashi,Eternal Fire,1534.191785967992,1608.419963896127,-74.22817792813498,0.75,0.7,4,10,0.0,1,1,1,1,1
2025,2024-04-20 17:35:00,paiN,MIBR,1485.7930672086143,1609.7754630771783,-123.98239586856403,0.4,0.9,10,10,0.2,5,1,1,1,1
2038,2024-04-20 20:40:00,Imperial,paiN,1497.58798326343,1507.2720501718313,-9.684066908401292,0.4,0.5,10,10,0.6666666666666666,6,0,1,1,1
635,2024-04-21 13:50:00,Gaimin Gladiators,AMKAL,1500.0,1490.6940798939115,9.305920106088479,0.5,0.4,0,10,0.5,0,1,0,1,0
151,2024-04-23 11:30:00,SAW,3DMAX,1506.890018092973,1440.5056607306465,66.38435736232645,0.6,0.4,10,10,0.0,1,0,1,1,1
631,2024-04-23 13:30:00,Gaimin Gladiators,Sashi,1515.5715489958047,1553.5590427951001,-37.98749379929541,1.0,0.8,1,5,0.5,0,0,1,1,0
399,2024-04-23 15:05:00,Eternal Fire,Astralis,1589.0527070690189,1473.7247213524922,115.32798571652665,0.6,0.3,10,10,0.5,0,0,1,1,0
2784,2024-04-23 17:30:00,Imperial,FaZe,1482.0338355700906,1707.5079438841215,-225.4741083140309,0.4,0.8,10,10,0.0,1,0,1,1,1
1023,2024-04-23 17:30:00,BetBoom,M80,1422.3616026735172,1507.2168507816266,-84.85524810810944,0.4,0.5714285714285714,10,7,0.5,0,1,1,1,0
521,2024-04-24 11:30:00,Falcons,The MongolZ,1472.387807437057,1507.8155554577734,-35.42774802071631,0.5,0.5,10,10,0.5,0,0,1,1,0
165,2024-04-24 14:30:00,Virtus.pro,SAW,1596.4448397349272,1487.8695726834428,108.57526705148439,0.5,0.5,10,10,1.0,2,1,1,1,1
425,2024-04-24 17:30:00,Imperial,Eternal Fire,1475.1694181501402,1567.9284920885618,-92.75907393842158,0.3,0.6,10,10,0.5,0,0,1,1,0
2692,2024-04-24 17:30:00,Astralis,FaZe,1494.8489363329493,1714.3723613040718,-219.5234249711225,0.4,0.8,10,10,0.5,2,1,1,1,1
2527,2024-04-25 11:30:00,G2,The MongolZ,1590.4895062834312,1522.1896786083769,68.2998276750543,0.6,0.5,10,10,0.5,0,0,1,1,0
1185,2024-04-25 14:30:00,Vitality,BetBoom,1603.383798612578,1442.1934430548997,161.19035555767823,0.7,0.4,10,10,0.0,1,1,1,1,1
2374,2024-04-25 17:30:00,Virtus.pro,FaZe,1607.6014151864256,1689.423283658308,-81.82186847188245,0.5,0.7,10,10,0.0,1,0,1,1,1
921,2024-04-26 05:55:00,Aurora,Apeks,1550.8873754057154,1437.0490098239486,113.83836558176677,0.8,0.3,10,10,0.8,5,0,1,1,1
442,2024-04-26 11:30:00,BetBoom,Falcons,1433.1261233666232,1458.0136842864536,-24.88756091983032,0.3,0.4,10,10,0.5,0,1,1,1,0
1064,2024-04-26 11:30:00,G2,M80,1571.3840830788392,1487.385010400244,83.99907267859521,0.6,0.5,10,8,0.5,0,0,1,1,0
197,2024-04-26 14:30:00,SAW,Imperial,1476.7129972319444,1463.342448934013,13.370548297931464,0.4,0.3,10,10,0.5,0,1,1,1,0
404,2024-04-26 15:55:00,Eternal Fire,FaZe,1579.755461304689,1701.7233960055692,-121.96793470088005,0.6,0.7,10,10,0.3333333333333333,3,0,1,1,1
1024,2024-04-26 19:20:00,M80,BetBoom,1507.1796620044274,1450.270281615876,56.909380388551426,0.5555555555555556,0.4,9,10,0.0,1,0,1,1,1
515,2024-04-27 11:30:00,G2,Falcons,1551.5894314746558,1440.8695260372008,110.71990543745505,0.5,0.3,10,10,0.5,0,1,1,1,0
2203,2024-04-27 14:45:00,3DMAX,Astralis,1459.5261061401766,1519.798013978713,-60.271907838536436,0.4,0.5,10,10,0.5,0,0,1,1,0
106,2024-04-27 17:30:00,Eternal Fire,SAW,1569.152391295458,1492.0975645129995,77.05482678245858,0.5,0.4,10,10,0.5,0,0,1,1,0
2993,2024-04-28 03:00:00,Apeks,MIBR,1458.1115771539019,1588.2964801139613,-130.1849029600594,0.3,0.8,10,10,0.5,0,0,1,1,0
633,2024-04-28 09:00:00,9 Pandas,Gaimin Gladiators,1510.9936437615602,1501.3139998653985,9.679643896161679,0.5,0.5,10,2,0.5,0,1,1,1,0
913,2024-04-28 09:10:00,Aurora,MIBR,1529.8248080757621,1598.5669140958587,-68.74210602009657,0.7,0.8,10,10,0.0,1,0,1,1,1
2666,2024-04-28 11:30:00,The MongolZ,Vitality,1541.2951018129688,1612.4511183008544,-71.15601648788561,0.6,0.7,10,10,0.0,1,0,1,1,1
166,2024-04-28 14:30:00,SAW,Virtus.pro,1511.5890125422493,1595.3013028391645,-83.71229029691517,0.4,0.4,10,10,0.0,3,0,1,1,1
1065,2024-04-28 17:30:00,M80,G2,1488.5820777182641,1562.6564614785061,-74.07438376024197,0.5,0.5,10,10,1.0,1,0,1,1,1
1126,2024-04-30 11:00:00,3DMAX,BetBoom,1446.2742179082086,1468.8678659020393,-22.5936479938307,0.4,0.5,10,10,0.0,1,1,1,1,1
2161,2024-04-30 11:45:00,ENCE,GamerLegion,1446.708168915966,1396.17172095282,50.5364479631462,0.3,0.2,10,10,1.0,2,0,1,1,1
55,2024-04-30 14:00:00,OG,Sashi,1484.850772783608,1567.8165919255064,-82.96581914189846,0.5,0.8333333333333334,10,6,0.5,0,0,1,1,0
634,2024-04-30 17:10:00,Gaimin Gladiators,AMKAL,1485.759648642909,1475.1225308981068,10.637117744802254,0.3333333333333333,0.3,3,10,1.0,1,0,1,1,1
2501,2024-04-30 17:30:00,FURIA,Liquid,1495.4905978810636,1477.0349539160595,18.45564396500413,0.4,0.4,10,10,1.0,1,0,1,1,1
696,2024-05-01 11:00:00,Sashi,3DMAX,1580.0668785349842,1463.3132296478248,116.75364888715944,0.8571428571428571,0.5,7,10,0.5,0,1,1,1,0
1414,2024-05-01 11:30:00,FlyQuest,Natus Vincere,1499.2788244293235,1639.1062129219981,-139.82738849267457,0.3333333333333333,0.7,3,10,0.5,0,0,1,1,0
1803,2024-05-01 14:30:00,GamerLegion,MOUZ,1414.4827350350586,1633.4966537487678,-219.01391871370924,0.3,0.8,10,10,0.0,1,0,1,1,1
767,2024-05-01 17:35:00,Liquid,Monte,1493.8840692320914,1428.0528389704805,65.83123026161093,0.5,0.3,10,10,0.5,0,1,1,1,0
1907,2024-05-02 11:30:00,BIG,Natus Vincere,1495.8179268381189,1648.9934435597672,-153.17551672164836,0.4,0.8,10,10,0.5,0,0,1,1,0
2325,2024-05-02 14:35:00,HEROIC,Complexity,1516.0782387985546,1440.4574564972736,75.620782301281,0.5,0.3,10,10,0.0,1,0,1,1,1
754,2024-05-02 17:45:00,ENCE,Monte,1428.3971548337274,1415.0487123349026,13.348442498824852,0.3,0.3,10,10,0.5,0,1,1,1,0
1444,2024-05-03 11:30:00,FlyQuest,HEROIC,1489.3915937915544,1496.6497425985533,-7.258148806998861,0.25,0.4,4,10,0.5,0,0,1,1,0
636,2024-05-03 14:00:00,Gaimin Gladiators,AMKAL,1469.269944265587,1491.612235275429,-22.34229100984203,0.25,0.4,4,10,0.5,2,0,1,1,1
2162,2024-05-03 14:30:00,ENCE,GamerLegion,1443.7827386207719,1407.4156760923975,36.36706252837439,0.3,0.3,10,10,0.6666666666666666,3,0,1,1,1
2861,2024-05-03 17:30:00,HEROIC,BIG,1512.3155411094604,1486.447832678395,25.867708431065466,0.4,0.4,10,10,0.6666666666666666,3,0,1,1,1
679,2024-05-04 10:00:00,Metizport,AMKAL,1432.4988659925068,1506.5847506790046,-74.08588468649782,0.3,0.5,10,10,0.5,0,0,1,1,0
929,2024-05-04 13:00:00,BetBoom,9 Pandas,1451.828854162423,1526.5479949840496,-74.71914082162652,0.5,0.5,10,10,0.0,1,1,1,1,1
2153,2024-05-04 14:45:00,ENCE,FURIA,1426.1140632773845,1478.6414825650318,-52.52741928764726,0.2,0.3,10,10,0.0,1,0,1,1,1
1104,2024-05-04 16:00:00,AMKAL,BetBoom,1519.2237570072032,1471.21771282936,48.00604417784325,0.6,0.6,10,10,1.0,1,1,1,1,1
1695,2024-05-04 17:30:00,Liquid,MOUZ,1506.8881958676693,1640.563712691429,-133.6755168237596,0.6,0.8,10,10,0.0,1,0,1,1,1
786,2024-05-05 14:30:00,FURIA,Monte,1492.2407689191407,1399.6631285478582,92.57764037128254,0.3,0.3,10,10,0.5,0,0,1,1,0
632,2024-05-05 16:40:00,Sashi,Gaimin Gladiators,1590.8838210637093,1454.2974288620112,136.58639220169812,0.875,0.2,8,5,1.0,1,0,1,1,1
1827,2024-05-05 18:20:00,Natus Vincere,Complexity,1658.3635377194912,1459.885952697275,198.47758502221632,0.8,0.4,10,10,0.5,2,0,1,1,1
692,2024-05-07 13:00:00,9 Pandas,Sashi,1507.1591363171128,1568.8989721423427,-61.739835825229875,0.5,0.7777777777777778,10,9,0.5,0,0,1,1,0
1105,2024-05-07 14:15:00,BetBoom,FlyQuest,1457.4145104678207,1473.7257952806474,-16.31128481282667,0.5,0.2,10,5,0.5,0,0,1,1,0
2574,2024-05-07 14:15:00,G2,BIG,1575.295974076633,1503.6368883942457,71.65908568238729,0.5,0.4,10,10,0.5,0,1,1,1,0
775,2024-05-07 17:30:00,FaZe,Monte,1712.3264660148002,1419.8283713111393,292.49809470366085,0.8,0.4,10,10,1.0,1,1,1,1,1
2425,2024-05-07 18:00:00,GamerLegion,Virtus.pro,1425.0843514357848,1607.5191176378498,-182.43476620206502,0.3,0.5,10,10,0.5,2,0,1,1,1
1429,2024-05-08 14:15:00,Liquid,FlyQuest,1496.7573900872294,1488.9751842439023,7.7822058433271195,0.6,0.3333333333333333,10,6,0.5,0,1,1,1,0
2182,2024-05-08 14:15:00,3DMAX,G2,1452.4962871190996,1588.041962406468,-135.54567528736834,0.5,0.6,10,10,0.5,0,0,1,1,0
2364,2024-05-08 18:05:00,The MongolZ,Virtus.pro,1528.5268979983066,1615.813221391402,-87.28632339309547,0.6,0.5,10,10,0.0,1,0,1,1,1
1877,2024-05-08 18:20:00,FaZe,Natus Vincere,1717.3376329483212,1634.1029415254861,83.23469142283511,0.9,0.7,10,10,0.5,2,1,1,1,1
2292,2024-05-09 14:15:00,Virtus.pro,Complexity,1627.8760253665394,1484.14654889128,143.7294764752594,0.5,0.5,10,10,0.5,0,0,1,1,0
1706,2024-05-09 17:30:00,G2,MOUZ,1598.0983806752622,1650.6945184718688,-52.59613779660663,0.7,0.8,10,10,0.6666666666666666,3,0,1,1,1
2469,2024-05-10 14:20:00,Liquid,Astralis,1512.3990661873727,1533.049902210681,-20.65083602330833,0.6,0.6,10,10,0.5,0,0,1,1,0
2790,2024-05-10 17:30:00,Vitality,FaZe,1625.2193221155167,1729.5762197169825,-104.35689760146579,0.7,0.9,10,10,0.5,4,1,1,1,1
2736,2024-05-11 14:15:00,Vitality,Astralis,1645.8856428005777,1548.100014411128,97.78562838944958,0.8,0.7,10,10,0.5,2,1,1,1,1
1685,2024-05-11 18:15:00,MOUZ,Complexity,1664.290711559478,1506.412125130872,157.878586428606,0.8,0.6,10,10,1.0,3,1,1,1,1
930,2024-05-12 13:30:00,9 Pandas,BetBoom,1493.9728064542774,1442.1651215045658,51.80768494971153,0.4,0.4,10,10,0.5,2,0,1,1,1
1785,2024-05-12 15:00:00,MOUZ,Vitality,1673.4824207500903,1657.4977028801227,15.984717869967653,0.8,0.8,10,10,0.5,0,1,1,1,0
2060,2024-05-12 20:00:00,9z,paiN,1475.6618084269383,1522.8261978651708,-47.16438943823255,0.375,0.5,8,10,0.5,0,0,1,1,0
1119,2024-05-14 12:35:00,MOUZ,BetBoom,1688.7468162356704,1460.5334263380187,228.21338989765172,0.8,0.5,10,10,1.0,1,1,1,1,1
505,2024-05-14 16:35:00,Falcons,Virtus.pro,1429.8024960333505,1605.6104491269473,-175.80795309359678,0.2,0.5,10,10,0.5,0,0,1,1,0
881,2024-05-15 10:00:00,Aurora,Spirit,1516.9498268380046,1712.5566982629755,-195.6068714249709,0.6,0.8,10,10,0.5,0,0,1,1,0
2886,2024-05-15 12:45:00,HEROIC,MIBR,1495.1264853936095,1611.4418953336162,-116.3154099400067,0.3,0.8,10,10,0.5,0,1,1,1,0
443,2024-05-15 16:50:00,BetBoom,Falcons,1453.7536488671053,1421.2718596459767,32.481789221128565,0.5,0.1,10,10,1.0,1,0,1,1,1
116,2024-05-16 09:45:00,SAW,Aurora,1499.371197743564,1509.1130471868723,-9.74184944330841,0.3,0.5,10,10,0.0,1,1,1,1,1
1688,2024-05-16 10:20:00,MOUZ,Virtus.pro,1695.5265937065838,1614.141085514321,81.3855081922627,0.9,0.6,10,10,0.5,0,1,1,1,0
2815,2024-05-16 14:15:00,HEROIC,Spirit,1516.2914716596708,1720.3934779141077,-204.1020062544369,0.3,0.8,10,10,0.0,1,0,1,1,1
914,2024-05-16 17:25:00,Aurora,MIBR,1492.6645359747456,1590.276909067555,-97.61237309280932,0.5,0.7,10,10,0.0,2,0,1,1,1
107,2024-05-16 17:45:00,Eternal Fire,SAW,1549.6609432662083,1515.8197089556907,33.84123431051762,0.5,0.4,10,10,0.0,1,1,1,1,1
3010,2024-05-16 18:00:00,Imperial,9z,1447.957881652958,1461.8205645213534,-13.862682868395495,0.3,0.3333333333333333,10,9,1.0,2,1,1,1,1
117,2024-05-17 09:30:00,SAW,Aurora,1501.3732455243728,1481.045096271447,20.32814925292587,0.4,0.5,10,10,0.5,2,0,1,1,1
506,2024-05-17 12:00:00,Falcons,Virtus.pro,1438.7633584172313,1601.8219470712436,-163.05858865401228,0.2,0.5,10,10,0.0,1,1,1,1,1
2118,2024-05-17 13:15:00,ENCE,fnatic,1412.5147769232756,1431.1688789839777,-18.654102060702144,0.2,0.4,10,10,1.0,1,0,1,1,1
2887,2024-05-17 15:45:00,HEROIC,MIBR,1508.7404502106956,1601.8963487708536,-93.155898560158,0.3,0.7,10,10,1.0,1,1,1,1,1
640,2024-05-17 16:00:00,Gaimin Gladiators,GamerLegion,1476.2822777833778,1416.7902476822326,59.49203010114525,0.3333333333333333,0.3,6,10,0.5,0,0,1,1,0
637,2024-05-17 20:30:00,ENCE,Gaimin Gladiators,1397.37300555515,1457.5690345968212,-60.19602904167118,0.2,0.2857142857142857,10,7,0.5,0,1,1,1,0
2285,2024-05-18 09:30:00,GamerLegion,fnatic,1435.5034908687892,1446.3106503521033,-10.80715948331408,0.3,0.4,10,10,1.0,1,1,1,1,1
546,2024-05-18 12:00:00,Spirit,Falcons,1727.944499363083,1461.7657584534163,266.17874090966666,0.8,0.2,10,10,1.0,1,1,1,1,1
687,2024-05-18 13:00:00,Sashi,Monte,1582.0853020051782,1414.8172043776183,167.26809762755988,0.8,0.3,10,10,0.5,0,1,1,1,0
2119,2024-05-18 13:30:00,ENCE,fnatic,1416.1177259331628,1429.8131227166398,-13.695396783477008,0.2,0.4,10,10,0.5,2,1,1,1,1
1763,2024-05-18 15:00:00,HEROIC,MOUZ,1528.9305072602583,1707.8457321496612,-178.9152248894029,0.4,0.9,10,10,0.0,2,0,1,1,1
1389,2024-05-18 17:20:00,AMKAL,paiN,1533.0269593687424,1536.6674417707557,-3.6404824020132764,0.7,0.6,10,10,0.5,0,1,1,1,0
88,2024-05-18 19:50:00,OG,Liquid,1472.60048617413,1497.3489539869256,-24.748467812795525,0.4,0.5,10,10,0.5,0,0,1,1,0
79,2024-05-19 09:30:00,paiN,OG,1520.4997974958205,1457.7382715224276,62.76152597339296,0.6,0.4,10,10,0.5,0,1,1,1,0
1393,2024-05-19 13:00:00,Liquid,AMKAL,1512.2111686386281,1549.1946036436775,-36.98343500504939,0.6,0.7,10,10,0.5,0,1,1,1,0
1748,2024-05-19 13:00:00,Spirit,MOUZ,1733.629779820296,1716.2649270956506,17.364852724645516,0.9,0.9,10,10,0.6666666666666666,3,0,1,1,1
1390,2024-05-19 15:30:00,AMKAL,paiN,1531.4978572617633,1533.6405555141866,-2.1426982524233154,0.6,0.6,10,10,1.0,1,1,1,1,1
2717,2024-05-19 18:30:00,BIG,Astralis,1490.8909000644107,1536.487954331583,-45.597054267172325,0.4,0.6,10,10,0.0,1,0,1,1,1
1179,2024-05-20 09:00:00,MIBR,BetBoom,1581.7062917212909,1436.2621500958508,145.44414162544012,0.6,0.4,10,10,1.0,2,0,1,1,1
688,2024-05-20 09:00:00,Sashi,Monte,1590.9270116762752,1405.9754947065212,184.95151696975404,0.8,0.3,10,10,1.0,1,0,1,1,1
2917,2024-05-20 12:30:00,BIG,MIBR,1476.9787489674304,1559.373990695173,-82.39524172774259,0.4,0.6,10,10,0.0,1,0,1,1,1
1150,2024-05-20 16:10:00,Astralis,BetBoom,1550.4001054285634,1458.5944511219686,91.80565430659476,0.7,0.5,10,10,0.5,0,1,1,1,0
1180,2024-05-20 19:15:00,BetBoom,MIBR,1446.7265328135509,1571.649119737972,-124.92258692442101,0.4,0.6,10,10,0.3333333333333333,3,1,1,1,1
2125,2024-05-21 10:00:00,ENCE,Liquid,1432.748095802783,1529.9079150205423,-97.15981921775938,0.3,0.7,10,10,0.5,0,0,1,1,0
867,2024-05-21 12:30:00,Astralis,Aurora,1562.2680237369811,1497.980175359676,64.28784837730518,0.8,0.5,10,10,0.5,0,1,1,1,0
352,2024-05-21 15:30:00,BetBoom,Eternal Fire,1468.2437005270222,1564.1074066975261,-95.86370617050397,0.4,0.5,10,10,0.0,3,0,1,1,1
1401,2024-05-21 18:30:00,AMKAL,GamerLegion,1547.5965309118742,1452.0010185042527,95.59551240762153,0.7,0.4,10,10,0.0,1,0,1,1,1
2470,2024-05-22 10:30:00,Astralis,Liquid,1575.340790502497,1541.5466402713557,33.7941502311412,0.8,0.7,10,10,1.0,1,0,1,1,1
430,2024-05-22 14:15:00,Eternal Fire,GamerLegion,1575.8014413305323,1472.295525245,103.50591608553236,0.5,0.5,10,10,1.0,1,1,1,1,1
2022,2024-05-22 18:00:00,MIBR,paiN,1550.1319520245006,1517.5418818640758,32.59007016042483,0.5,0.6,10,10,0.6666666666666666,6,1,1,1,1
3008,2024-05-22 22:00:00,Imperial,9z,1464.5959432270406,1445.1825029472707,19.41344027976993,0.3,0.3,10,10,1.0,3,1,1,1,1
385,2024-05-23 13:30:00,Liquid,Eternal Fire,1559.0980289517734,1587.1710020473724,-28.07297309559908,0.7,0.6,10,10,0.5,0,0,1,1,0
790,2024-05-27 17:30:00,Vitality,Monte,1642.2333073945426,1429.7700966875846,212.46321070695808,0.8,0.3,10,10,0.5,0,1,1,1,0
514,2024-05-27 17:30:00,G2,Falcons,1584.502187587653,1456.0804779962032,128.42170959144983,0.6,0.2,10,10,1.0,1,1,1,1,1
2300,2024-05-27 18:50:00,Complexity,Liquid,1497.2204159402597,1544.3880310050033,-47.167615064743586,0.5,0.7,10,10,1.0,1,0,1,1,1
1808,2024-05-27 19:00:00,9z,MOUZ,1430.0755956423961,1733.0639429112975,-302.9883472689014,0.3,0.9,10,10,0.5,0,1,1,1,0
1906,2024-05-27 19:55:00,BIG,Natus Vincere,1464.7036199246315,1621.864354756825,-157.16073483219338,0.3,0.6,10,10,0.0,1,0,1,1,1
1074,2024-05-27 20:20:00,M80,FaZe,1475.9425651201373,1708.9098990319214,-232.96733391178418,0.4,0.8,10,10,0.5,0,0,1,1,0
1440,2024-05-27 21:00:00,Spirit,FlyQuest,1716.8307640046492,1473.333508143759,243.49725586089016,0.8,0.2857142857142857,10,7,0.5,0,1,1,1,0
2388,2024-05-27 21:20:00,Virtus.pro,HEROIC,1578.8195470350586,1520.511312314269,58.30823472078964,0.5,0.4,10,10,1.0,4,1,1,1,1
2597,2024-05-27 21:50:00,G2,Vitality,1594.843535529623,1649.510187871531,-54.66665234190782,0.6,0.8,10,10,0.5,0,0,1,1,0
433,2024-05-27 22:20:00,Monte,Falcons,1422.4932162105963,1445.739130054233,-23.2459138436368,0.2,0.2,10,10,0.5,0,0,1,1,0
2526,2024-05-28 00:30:00,9z,Liquid,1457.3143893171775,1558.2291290693067,-100.91473975212921,0.4,0.7,10,10,0.5,0,1,1,1,0
1683,2024-05-28 00:30:00,Complexity,MOUZ,1483.3793178759563,1705.8251492365162,-222.44583136055985,0.5,0.9,10,10,0.0,4,0,1,1,1
639,2024-05-28 10:05:00,The MongolZ,Gaimin Gladiators,1516.4640940231693,1438.8243142188085,77.63977980436084,0.5,0.25,10,8,0.5,0,1,1,1,0
1890,2024-05-28 17:00:00,Spirit,Natus Vincere,1723.1523383977826,1631.0831602965934,92.06917810118921,0.8,0.7,10,10,1.0,2,1,1,1,1
1078,2024-05-28 17:00:00,M80,HEROIC,1469.3078605408894,1507.1715769919995,-37.86371645111012,0.3,0.4,10,10,0.5,0,0,1,1,0
2373,2024-05-28 20:00:00,FaZe,Virtus.pro,1715.5446036111694,1592.159282357328,123.38532125384131,0.8,0.6,10,10,1.0,2,1,1,1,1
1447,2024-05-28 20:00:00,BIG,FlyQuest,1455.484814384863,1467.0119337506255,-11.527119365762474,0.2,0.25,10,8,0.5,0,1,1,1,0
511,2024-05-28 23:00:00,Falcons,Liquid,1460.6702107127076,1537.7082581452828,-77.03804743257524,0.3,0.6,10,10,0.5,0,0,1,1,0
1705,2024-05-29 00:10:00,MOUZ,G2,1712.7840270233573,1581.3404564877014,131.4435705356559,0.9,0.5,10,10,0.5,4,0,1,1,1
857,2024-05-29 10:45:00,The MongolZ,Aurora,1528.9470000958765,1484.9074085941602,44.03959150171636,0.5,0.4,10,10,0.5,0,1,1,1,0
1902,2024-05-29 17:00:00,HEROIC,Natus Vincere,1521.43475889493,1619.226566086755,-97.791807191825,0.4,0.7,10,10,0.5,0,1,1,1,0
2393,2024-05-29 17:00:00,BIG,Virtus.pro,1472.015463157683,1581.6139790411976,-109.59851588351466,0.3,0.5,10,10,0.0,2,1,1,1,1
2759,2024-05-29 20:00:00,Spirit,FaZe,1735.008932607621,1726.0899069272998,8.919025680321283,0.8,0.8,10,10,0.5,4,1,1,1,1
3020,2024-05-29 20:15:00,Vitality,9z,1663.0132669134525,1477.8352602412015,185.17800667225106,0.8,0.4,10,10,0.5,0,0,1,1,0
2860,2024-05-29 23:00:00,BIG,HEROIC,1492.9016537115685,1541.8229619575993,-48.921308246030776,0.4,0.5,10,10,0.5,4,0,1,1,1
2453,2024-05-29 23:00:00,G2,Liquid,1603.1204876677791,1550.2175460461347,52.90294162164446,0.6,0.7,10,10,0.5,2,1,1,1,1
159,2024-05-31 14:25:00,fnatic,SAW,1413.1827528470196,1484.4381664361438,-71.25541358912415,0.3,0.4,10,10,0.0,1,1,1,1,1
2892,2024-05-31 18:15:00,HEROIC,Vitality,1555.5848244693188,1639.2107126038147,-83.62588813449588,0.6,0.7,10,10,0.3333333333333333,3,0,1,1,1
2544,2024-05-31 21:15:00,G2,FaZe,1616.7028726607612,1710.5005530373414,-93.79768037658027,0.7,0.7,10,10,0.3333333333333333,3,1,1,1,1
2841,2024-06-01 18:00:00,Vitality,Spirit,1651.4322842507604,1750.5982864975795,-99.16600224681906,0.7,0.8,10,10,0.5,0,1,1,1,0
2614,2024-06-01 21:15:00,G2,9z,1636.9204446106492,1501.6378145508393,135.2826300598099,0.8,0.5,10,10,0.5,0,1,1,1,0
2598,2024-06-02 18:00:00,Vitality,G2,1671.8789473877848,1646.987307894441,24.891639493343746,0.8,0.8,10,10,1.0,1,0,1,1,1
840,2024-06-04 17:00:00,3DMAX,Aurora,1442.4398688503054,1470.9247141917633,-28.484845341457913,0.5,0.3,10,10,0.5,0,1,1,1,0
2710,2024-06-05 08:10:00,Astralis,HEROIC,1557.7894018220793,1543.3632528223732,14.426148999706129,0.7,0.5,10,10,0.0,3,1,1,1,1
380,2024-06-05 08:10:00,Complexity,Eternal Fire,1476.420440089115,1601.8809999941425,-125.4605599050276,0.4,0.6,10,10,0.5,0,1,1,1,0
700,2024-06-05 09:55:00,Sashi,The MongolZ,1567.132409695212,1542.9296944982734,24.20271519693847,0.7,0.5,10,10,0.5,0,0,1,1,0
2912,2024-06-05 10:05:00,FURIA,BIG,1472.0755261558595,1479.139791199849,-7.064265043989508,0.3,0.4,10,10,0.0,2,0,1,1,1
1597,2024-06-05 12:05:00,ENCE,Ninjas in Pyjamas,1421.1093705519695,1367.420567723963,53.6888028280066,0.3,0.1,10,10,1.0,1,0,1,1,1
1131,2024-06-05 12:35:00,BetBoom,fnatic,1456.549665894016,1432.4189394313007,24.1307264627153,0.4,0.4,10,10,0.0,1,1,1,1,1
701,2024-06-05 13:45:00,Sashi,Astralis,1550.0196328634356,1573.1254346384685,-23.105801775032887,0.7,0.8,10,10,0.5,0,1,1,1,0
2330,2024-06-05 14:00:00,Complexity,BIG,1497.959424939588,1494.8145145956028,3.1449103439852024,0.4,0.4,10,10,0.5,0,1,1,1,0
2129,2024-06-05 15:15:00,The MongolZ,ENCE,1560.0424713300497,1402.6564037189517,157.38606761109804,0.6,0.3,10,10,0.0,1,1,1,1,1
1175,2024-06-05 15:35:00,BetBoom,FURIA,1471.4401882778177,1456.4008027601058,15.039385517711935,0.4,0.3,10,10,0.5,0,0,1,1,0
1638,2024-06-05 17:00:00,Ninjas in Pyjamas,HEROIC,1385.8735345569808,1528.027220005984,-142.1536854490032,0.2,0.5,10,10,0.5,0,1,1,1,0
379,2024-06-05 17:10:00,Eternal Fire,fnatic,1580.3420151436694,1417.528417047499,162.81359809617038,0.5,0.4,10,10,0.5,0,0,1,1,0
695,2024-06-05 18:30:00,Sashi,ENCE,1567.0821284316153,1393.4461088112528,173.6360196203625,0.7,0.3,10,10,0.5,0,0,1,1,0
1165,2024-06-05 18:45:00,BetBoom,BIG,1454.748031235502,1478.9593391137764,-24.21130787827451,0.4,0.4,10,10,1.0,2,1,1,1,1
2635,2024-06-06 08:00:00,HEROIC,The MongolZ,1505.8231922813534,1569.2527662377486,-63.42957395639519,0.4,0.7,10,10,0.5,0,0,1,1,0
417,2024-06-06 08:00:00,Eternal Fire,FURIA,1557.348739183017,1473.0929598024215,84.25577938059541,0.5,0.4,10,10,0.5,2,0,1,1,1
2262,2024-06-06 09:35:00,fnatic,Complexity,1440.5216930081515,1513.8146004214143,-73.29290741326281,0.5,0.5,10,10,0.5,0,1,1,1,0
1621,2024-06-06 09:40:00,Astralis,Ninjas in Pyjamas,1556.0629390702888,1408.0775622816113,147.9853767886775,0.7,0.3,10,10,1.0,1,0,1,1,1
413,2024-06-06 11:00:00,BIG,Eternal Fire,1461.8461684891167,1537.5429327016147,-75.69676421249801,0.3,0.5,10,10,1.0,1,0,1,1,1
702,2024-06-06 11:10:00,Sashi,HEROIC,1543.6912158363757,1492.712206282181,50.97900955419482,0.6,0.4,10,10,0.5,0,0,1,1,0
2134,2024-06-06 12:30:00,ENCE,Astralis,1416.8370214064923,1533.6322269445836,-116.7952055380913,0.4,0.6,10,10,0.6666666666666666,3,0,1,1,1
1135,2024-06-06 12:30:00,Complexity,BetBoom,1494.4885299911384,1471.8612018601616,22.62732813097682,0.5,0.5,10,10,1.0,1,0,1,1,1
2281,2024-06-06 14:00:00,fnatic,FURIA,1459.8477634384276,1492.8987662838238,-33.05100284539617,0.6,0.4,10,10,0.5,0,0,1,1,0
1618,2024-06-06 14:00:00,The MongolZ,Ninjas in Pyjamas,1582.363752236921,1430.5082744073165,151.85547782960452,0.8,0.4,10,10,0.5,0,1,1,1,0
351,2024-06-06 15:40:00,Eternal Fire,BetBoom,1550.1110982275218,1488.9017580770412,61.20934015048056,0.5,0.5,10,10,1.0,4,0,1,1,1
2141,2024-06-06 15:40:00,HEROIC,ENCE,1511.0431722056903,1406.0217917406444,105.02138046504592,0.4,0.3,10,10,1.0,1,1,1,1,1
2615,2024-06-06 17:05:00,The MongolZ,Astralis,1591.7842778312988,1544.4474566104316,47.33682122086725,0.8,0.6,10,10,0.5,0,0,1,1,0
2336,2024-06-06 17:10:00,Complexity,FURIA,1477.4479737742588,1507.3812860335431,-29.93331225928432,0.5,0.5,10,10,0.0,2,0,1,1,1
2277,2024-06-06 18:40:00,BIG,fnatic,1449.2780029632097,1445.3652436887082,3.912759274501468,0.3,0.5,10,10,0.5,0,0,1,1,0
693,2024-06-06 18:40:00,Sashi,Ninjas in Pyjamas,1525.3602499128663,1421.0877488129388,104.27250109992747,0.5,0.4,10,10,0.5,0,0,1,1,0
3000,2024-06-06 22:00:00,MIBR,9z,1564.6355102069604,1491.5709512670473,73.06455893991301,0.5,0.4,10,10,0.3333333333333333,3,0,1,1,1
1149,2024-06-07 13:15:00,BetBoom,Astralis,1507.69174714441,1562.6140084052126,-54.92226126080254,0.6,0.6,10,10,0.0,1,0,1,1,1
638,2024-06-07 15:00:00,3DMAX,Gaimin Gladiators,1459.7487132156484,1426.3414081461012,33.40730506954719,0.5,0.2222222222222222,10,9,0.5,0,1,1,1,0
1605,2024-06-07 17:45:00,fnatic,Ninjas in Pyjamas,1461.5454252949296,1441.7505132256958,19.79491206923376,0.6,0.5,10,10,0.5,2,0,1,1,1
2616,2024-06-08 13:00:00,Astralis,The MongolZ,1576.1056042178745,1573.6177260365178,2.487878181356791,0.7,0.7,10,10,1.0,1,0,1,1,1
740,2024-06-08 14:05:00,Monte,AMKAL,1407.5621355521218,1527.302024171127,-119.73988861900511,0.2,0.7,10,10,0.5,0,0,1,1,0
1650,2024-06-08 17:30:00,Ninjas in Pyjamas,FURIA,1458.6611175311677,1522.0062066391083,-63.34508910794057,0.5,0.6,10,10,0.5,0,1,1,1,0
3009,2024-06-08 22:00:00,Imperial,9z,1479.7028505319151,1510.8869589178207,-31.184108385905574,0.4,0.4,10,10,1.0,4,1,1,1,1
841,2024-06-09 11:30:00,3DMAX,Aurora,1474.2149738232397,1453.6158698264203,20.599103996819395,0.5,0.2,10,10,1.0,1,1,1,1,1
115,2024-06-09 13:00:00,SAW,Monte,1465.2019798518627,1396.8679384624375,68.33404138942524,0.4,0.2,10,10,0.5,2,1,1,1,1
757,2024-06-09 14:25:00,3DMAX,Monte,1489.267459995792,1383.9748778841551,105.29258211163688,0.6,0.2,10,10,1.0,1,0,1,1,1
1619,2024-06-09 15:00:00,Ninjas in Pyjamas,The MongolZ,1477.5463675438145,1589.732295102602,-112.1859275587874,0.6,0.7,10,10,0.0,1,0,1,1,1
727,2024-06-09 15:30:00,Monte,Aurora,1404.6805923096,1438.563383653868,-33.88279134426807,0.3,0.1,10,10,1.0,3,1,1,1,1
741,2024-06-09 18:00:00,Monte,AMKAL,1422.2360245860305,1537.9962212608114,-115.7601966747809,0.4,0.7,10,10,0.0,1,0,1,1,1
119,2024-06-10 10:00:00,Aurora,SAW,1421.0079513774374,1478.095040430145,-57.0870890527076,0.1,0.4,10,10,0.6666666666666666,3,0,1,1,1
726,2024-06-10 11:30:00,Aurora,Monte,1407.613503085991,1411.3780949617937,-3.7645918758028074,0.1,0.3,10,10,0.0,4,1,1,1,1
154,2024-06-10 13:00:00,SAW,3DMAX,1491.4894887215914,1468.5617455703473,22.927743151244158,0.5,0.5,10,10,0.0,2,0,1,1,1
2045,2024-06-10 14:30:00,Imperial,paiN,1497.1350878358,1503.038323681616,-5.903235845815971,0.4,0.5,10,10,0.5714285714285714,7,0,1,1,1
179,2024-06-12 11:00:00,SAW,FaZe,1474.4351571736493,1690.2829810874534,-215.84782391380418,0.5,0.6,10,10,0.5,0,0,1,1,0
1868,2024-06-12 13:25:00,Astralis,Natus Vincere,1559.9910351517904,1598.8383630240855,-38.84732787229518,0.6,0.6,10,10,0.5,0,0,1,1,0
2414,2024-06-12 15:45:00,Vitality,Virtus.pro,1654.7346022739127,1560.727788487312,94.00681378660079,0.7,0.5,10,10,0.5,0,0,1,1,0
2554,2024-06-12 19:50:00,Spirit,G2,1730.151623360555,1664.1316530083132,66.0199703522419,0.7,0.8,10,10,0.5,0,1,1,1,0
176,2024-06-13 11:00:00,SAW,Astralis,1467.267232187018,1545.7726026069956,-78.50537041997768,0.4,0.5,10,10,0.5,0,0,1,1,0
1878,2024-06-13 12:50:00,FaZe,Natus Vincere,1697.4509060740847,1613.0567955688803,84.39411050520448,0.7,0.6,10,10,0.6666666666666666,3,0,1,1,1
2599,2024-06-13 16:05:00,Vitality,G2,1634.5080699946204,1651.1359125901708,-16.62784259555042,0.6,0.7,10,10,0.5,2,1,1,1,1
2379,2024-06-13 19:15:00,Spirit,Virtus.pro,1743.1473637786974,1580.9543207666043,162.19304301209309,0.7,0.5,10,10,0.3333333333333333,3,1,1,1,1
437,2024-06-14 09:25:00,Aurora,Falcons,1423.7868621643156,1448.1609228118557,-24.37406064754009,0.2,0.3,10,10,0.5,0,1,1,1,0
2155,2024-06-14 12:25:00,ENCE,MIBR,1394.7160945631622,1545.319502556187,-150.6034079930248,0.3,0.5,10,10,0.5,0,1,1,1,0
697,2024-06-14 13:30:00,3DMAX,Sashi,1485.6160771182895,1504.6974855001092,-19.081408381819756,0.6,0.4,10,10,0.0,1,1,1,1,1
856,2024-06-14 14:00:00,Aurora,The MongolZ,1440.9074913081674,1600.7383094924044,-159.83081818423693,0.3,0.8,10,10,0.0,1,1,1,1,1
2791,2024-06-14 15:00:00,FaZe,Vitality,1677.639090206831,1651.273226346242,26.365863860589116,0.6,0.6,10,10,0.4,5,0,1,1,1
2122,2024-06-14 15:30:00,Complexity,ENCE,1462.8230531686936,1417.2475883969414,45.575464771752195,0.4,0.4,10,10,0.5,0,0,1,1,0
2367,2024-06-14 18:40:00,Astralis,Virtus.pro,1558.217593733908,1571.9244605035176,-13.706866769609633,0.5,0.4,10,10,0.5,2,0,1,1,1
1656,2024-06-14 19:00:00,Ninjas in Pyjamas,9z,1466.540353154012,1493.4547216139358,-26.914368459923708,0.6,0.4,10,10,0.5,0,1,1,1,0
1592,2024-06-15 00:50:00,Ninjas in Pyjamas,paiN,1483.7773322667097,1518.7664957819272,-34.98916351521757,0.7,0.5,10,10,0.5,0,1,1,1,0
2338,2024-06-15 11:00:00,Complexity,MIBR,1444.7361815770175,1522.7880087224078,-78.05182714539023,0.3,0.4,10,10,0.5,0,1,1,1,0
522,2024-06-15 14:45:00,Falcons,The MongolZ,1431.0402936680039,1577.8565699343399,-146.816276266336,0.3,0.8,10,10,0.0,1,1,1,1,1
2842,2024-06-15 15:00:00,Spirit,Vitality,1752.177224041784,1668.4850938215518,83.69213022023223,0.8,0.6,10,10,0.0,1,1,1,1,1
2282,2024-06-15 16:10:00,fnatic,Imperial,1444.6348209894577,1481.4069157354888,-36.772094746031144,0.5,0.4,10,10,0.5,0,1,1,1,0
1833,2024-06-15 19:10:00,Virtus.pro,Natus Vincere,1587.2935632420993,1632.868611436134,-45.57504819403471,0.4,0.6,10,10,0.5,2,0,1,1,1
2058,2024-06-15 20:25:00,paiN,9z,1501.1606104876682,1476.2177425012383,24.942867986429974,0.5,0.4,10,10,1.0,1,0,1,1,1
846,2024-06-16 08:00:00,Complexity,Aurora,1464.271329373092,1463.789230866232,0.4820985068599839,0.3,0.4,10,10,0.5,0,1,1,1,0
488,2024-06-16 11:15:00,Falcons,ENCE,1453.4258028865652,1435.3344599886175,18.091342897947698,0.4,0.5,10,10,1.0,1,1,1,1,1
500,2024-06-16 14:00:00,Complexity,Falcons,1480.249127930636,1468.5934179297549,11.655710000881072,0.4,0.5,10,10,0.0,1,1,1,1,1
1892,2024-06-16 14:00:00,Spirit,Natus Vincere,1764.3959153803016,1646.7817587022166,117.61415667808501,0.8,0.6,10,10,1.0,3,1,1,1,1
1602,2024-06-16 19:15:00,Ninjas in Pyjamas,fnatic,1501.3832175609687,1462.3219436246884,39.06127393628026,0.8,0.5,10,10,0.6666666666666666,3,0,1,1,1
2289,2024-06-16 23:40:00,9z,fnatic,1493.3644346817423,1480.1132408359488,13.251193845793523,0.5,0.6,10,10,0.5,0,1,1,1,0
694,2024-07-17 11:35:00,MOUZ,Sashi,1691.0039958432797,1487.819636606723,203.1843592365567,0.8,0.3,10,10,0.5,0,1,1,1,0
2529,2024-07-17 11:40:00,The MongolZ,G2,1555.4710607157785,1634.3707562385493,-78.8996955227708,0.7,0.6,10,10,1.0,1,0,1,1,1
1438,2024-07-17 11:55:00,FlyQuest,FaZe,1450.4812849778057,1660.4272227315212,-209.9459377537155,0.2222222222222222,0.5,9,10,0.0,1,0,1,1,1
1092,2024-07-17 14:55:00,M80,Vitality,1455.044678637959,1656.2664024830342,-201.2217238450753,0.3,0.6,10,10,0.5,0,0,1,1,0
1913,2024-07-17 14:55:00,FURIA,Natus Vincere,1503.1209566264615,1636.000257053959,-132.87930042749758,0.5,0.5,10,10,0.5,0,0,1,1,0
2293,2024-07-17 18:00:00,Complexity,Virtus.pro,1495.7125639268297,1573.3804159760166,-77.66785204918688,0.5,0.4,10,10,1.0,1,0,1,1,1
2837,2024-07-17 18:00:00,Spirit,MIBR,1775.1774170285591,1503.2528609263334,271.9245561022258,0.8,0.3,10,10,1.0,2,1,1,1,1
30,2024-07-17 18:15:00,SAW,Sangal,1454.8222410601056,1500.0,-45.177758939894375,0.3,0.5,10,0,0.5,0,1,1,0,0
1453,2024-07-18 10:35:00,FURIA,FlyQuest,1492.9583910218735,1443.1226153286982,49.835775693175265,0.5,0.2,10,10,0.5,0,1,1,1,0
2659,2024-07-18 12:15:00,MIBR,The MongolZ,1497.7205705075796,1543.0433280894817,-45.322757581902124,0.3,0.6,10,10,0.5,0,0,1,1,0
1053,2024-07-18 12:15:00,Complexity,M80,1483.230888139897,1447.3975839125142,35.83330422738277,0.5,0.3,10,10,0.5,0,0,1,1,0
703,2024-07-18 14:05:00,Sashi,FURIA,1480.2380973783886,1506.678980081225,-26.44088270283646,0.3,0.6,10,10,0.5,0,0,1,1,0
1071,2024-07-18 16:10:00,M80,The MongolZ,1465.04194225931,1556.967897200293,-91.92595494098305,0.4,0.6,10,10,0.5,0,0,1,1,0
2642,2024-07-18 17:40:00,The MongolZ,FURIA,1568.8306454197275,1521.4636777359963,47.36696768373122,0.6,0.6,10,10,1.0,1,0,1,1,1
2558,2024-07-18 19:10:00,Spirit,G2,1780.709707447313,1646.7984888648461,133.91121858246674,0.8,0.7,10,10,1.0,1,0,1,1,1
2415,2024-07-19 11:30:00,Vitality,Virtus.pro,1663.913497208479,1585.8620917629494,78.05140544552955,0.6,0.4,10,10,0.0,1,0,1,1,1
1772,2024-07-19 15:55:00,MOUZ,FURIA,1698.585535071614,1539.6315923552636,158.9539427163504,0.8,0.7,10,10,0.5,2,1,1,1,1
1881,2024-07-19 19:50:00,Natus Vincere,FaZe,1646.1628226585472,1667.7858923806286,-21.623069722081482,0.5,0.5,10,10,0.5,4,1,1,1,1
37,2024-07-20 09:00:00,fnatic,Sangal,1464.723185139094,1481.9311345466851,-17.20794940759106,0.6,0.0,10,1,0.5,0,1,1,1,0
2357,2024-07-20 14:45:00,Virtus.pro,G2,1605.3972210870575,1668.677074632427,-63.27985354536963,0.5,0.7,10,10,0.0,2,0,1,1,1
1660,2024-07-20 18:00:00,Natus Vincere,MOUZ,1663.157318142324,1707.736742480678,-44.5794243383541,0.6,0.8,10,10,0.0,1,1,1,1,1
2043,2024-07-20 18:30:00,Imperial,paiN,1463.7197931002581,1484.0139183071642,-20.294125206906074,0.4,0.5,10,10,0.5,8,0,1,1,1
1849,2024-07-21 18:00:00,G2,Natus Vincere,1681.7947312352817,1681.1990839570722,0.5956472782095261,0.8,0.7,10,10,0.0,5,0,1,1,1
2131,2024-07-24 15:50:00,The MongolZ,ENCE,1550.6627308004602,1420.1668449454278,130.49588585503238,0.5,0.4,10,10,0.5,2,1,1,1,1
839,2024-07-25 07:30:00,Aurora,ENCE,1447.811432308688,1409.9088917735544,37.90254053513354,0.3,0.3,10,10,0.5,0,1,1,1,0
858,2024-07-26 11:35:00,The MongolZ,Aurora,1560.9206839723336,1462.0728473855413,98.84783658679225,0.5,0.4,10,10,0.5,2,1,1,1,1
374,2024-07-26 13:30:00,Eternal Fire,3DMAX,1531.321109160153,1502.4939260116757,28.82718314847716,0.5,0.6,10,10,0.5,0,1,1,1,0
2115,2024-07-27 14:50:00,ENCE,3DMAX,1395.647476696701,1487.818428852316,-92.17095215561494,0.3,0.6,10,10,0.5,0,0,1,1,0
396,2024-07-28 07:40:00,The MongolZ,Eternal Fire,1572.4875446534884,1545.9966063195127,26.49093833397569,0.6,0.6,10,10,0.0,1,1,1,1,1
842,2024-07-28 11:10:00,Aurora,3DMAX,1450.5059867043865,1499.670650835198,-49.164664130811616,0.4,0.6,10,10,0.0,2,0,1,1,1
160,2024-07-28 13:30:00,SAW,fnatic,1472.8911065134205,1481.5149931476426,-8.623886634222117,0.4,0.6,10,10,0.5,2,0,1,1,1
2195,2024-07-28 16:00:00,3DMAX,The MongolZ,1513.4215267636653,1587.2699504856091,-73.84842372194385,0.7,0.6,10,10,0.5,0,1,1,1,0
36,2024-07-28 16:30:00,fnatic,Sangal,1497.117930032847,1465.1393265381366,31.97860349471034,0.7,0.0,10,2,1.0,1,0,1,1,1
2986,2024-07-28 19:30:00,MIBR,Imperial,1483.7960013967684,1448.65331066599,35.14269073077844,0.2,0.3,10,10,1.0,3,0,1,1,1
2048,2024-07-28 23:30:00,paiN,Imperial,1499.0804007414324,1466.2661946159737,32.81420612545867,0.5,0.4,10,10,0.5555555555555556,9,1,1,1,1
2326,2024-07-29 12:00:00,HEROIC,Complexity,1522.3488693831725,1465.5865297931011,56.762339590071406,0.5,0.4,10,10,0.0,2,1,1,1,1
3012,2024-07-29 14:30:00,Vitality,GamerLegion,1644.3783678843708,1460.9259645281597,183.4524033562111,0.5,0.5,10,10,1.0,1,1,1,1,1
528,2024-07-29 18:15:00,Falcons,Astralis,1453.129981933561,1542.8484909953263,-89.71850906176519,0.5,0.5,10,10,0.0,1,0,1,1,1
2987,2024-07-29 19:30:00,MIBR,Imperial,1466.1831174467845,1451.772867368002,14.41025007878261,0.2,0.4,10,10,0.75,4,0,1,1,1
2049,2024-07-29 23:30:00,paiN,Imperial,1513.5737279894042,1468.4361036387181,45.13762435068611,0.5,0.5,10,10,0.6,10,1,1,1,1
2813,2024-07-30 10:00:00,Spirit,HEROIC,1758.831121679732,1535.7578785514065,223.07324312832543,0.8,0.6,10,10,1.0,2,1,1,1,1
2739,2024-07-30 15:15:00,Astralis,Vitality,1554.8062536359157,1652.6365289073594,-97.83027527144372,0.5,0.6,10,10,0.3333333333333333,3,0,1,1,1
585,2024-07-30 17:30:00,GamerLegion,Falcons,1452.6678035051712,1441.1722192929717,11.495584212199446,0.5,0.4,10,10,0.5,0,0,1,1,0
1614,2024-07-31 13:25:00,Ninjas in Pyjamas,G2,1483.5919203497083,1665.7673006912867,-182.17538034157838,0.7,0.7,10,10,0.0,2,0,1,1,1
1908,2024-07-31 15:45:00,BIG,Natus Vincere,1433.0978213569883,1697.2265145010672,-264.12869314407885,0.3,0.7,10,10,0.0,2,0,1,1,1
2352,2024-07-31 17:30:00,Liquid,Virtus.pro,1536.6351610531526,1592.2795644842029,-55.64440343105025,0.6,0.5,10,10,0.5,0,1,1,1,0
2547,2024-08-01 10:00:00,G2,FaZe,1674.0705821470945,1650.791396896852,23.279185250242563,0.7,0.4,10,10,0.5,4,1,1,1,1
1838,2024-08-01 16:10:00,Liquid,Natus Vincere,1555.1759931239217,1702.9671771877017,-147.79118406378007,0.7,0.8,10,10,0.5,0,1,1,1,0
2396,2024-08-01 19:35:00,BIG,Virtus.pro,1427.3571586703538,1573.7387324134338,-146.38157374308003,0.3,0.4,10,10,0.3333333333333333,3,1,1,1,1
2327,2024-08-02 10:00:00,Complexity,HEROIC,1452.1775206248672,1528.818648294816,-76.6411276699489,0.3,0.5,10,10,0.6666666666666666,3,1,1,1,1
529,2024-08-02 12:00:00,Astralis,Falcons,1543.1960949155484,1457.7014174113435,85.4946775042049,0.5,0.4,10,10,1.0,2,1,1,1,1
1629,2024-08-02 15:05:00,Ninjas in Pyjamas,FaZe,1475.2886388939005,1635.8618415949186,-160.5732027010181,0.6,0.4,10,10,0.0,2,1,1,1,1
1909,2024-08-02 17:45:00,Natus Vincere,BIG,1680.5439650209107,1449.7258292171214,230.81813580378935,0.8,0.4,10,10,1.0,3,1,1,1,1
2033,2024-08-02 22:20:00,paiN,MIBR,1527.5066799271895,1449.5198811760683,77.98679875112111,0.5,0.2,10,10,0.2857142857142857,7,1,1,1,1
2323,2024-08-03 10:00:00,Complexity,Spirit,1471.6508195954852,1765.7703519363224,-294.11953234083717,0.4,0.8,10,10,0.0,2,0,1,1,1
2740,2024-08-03 13:50:00,Astralis,Vitality,1555.336508918622,1664.2466876277267,-108.91017870910468,0.6,0.6,10,10,0.25,4,0,1,1,1
1615,2024-08-03 16:50:00,Ninjas in Pyjamas,G2,1498.1982163247494,1689.0001374490278,-190.80192112427835,0.6,0.7,10,10,0.0,3,0,1,1,1
1839,2024-08-03 19:05:00,Natus Vincere,Liquid,1687.2439696432396,1577.5992052907127,109.64476435252686,0.8,0.7,10,10,0.0,1,0,1,1,1
2169,2024-08-03 19:10:00,3DMAX,fnatic,1532.772065994619,1479.6494055432022,53.12266045141678,0.8,0.6,10,10,0.5,2,1,1,1,1
1622,2024-08-04 12:35:00,Ninjas in Pyjamas,Astralis,1490.1966073743251,1544.1939393058472,-53.99733193152201,0.6,0.5,10,10,0.5,2,0,1,1,1
1829,2024-08-04 14:35:00,Complexity,Natus Vincere,1466.6789747001917,1666.3558479767205,-199.6768732765288,0.4,0.7,10,10,0.6666666666666666,3,0,1,1,1
1449,2024-08-07 08:30:00,FlyQuest,BIG,1429.4020262693466,1443.0258245947925,-13.623798325445932,0.1,0.3,10,10,0.0,1,0,1,1,1
175,2024-08-07 08:30:00,The MongolZ,SAW,1567.9194112546554,1457.288169628216,110.6312416264393,0.5,0.3,10,10,0.5,0,0,1,1,0
2259,2024-08-07 11:50:00,3DMAX,9z,1546.3445645263707,1508.754490378597,37.59007414777375,0.8,0.6,10,10,0.5,0,0,1,1,0
2885,2024-08-07 12:15:00,MIBR,HEROIC,1437.0521803782487,1509.345349324198,-72.29316894594922,0.1,0.4,10,10,0.0,2,1,1,1,1
337,2024-08-07 15:30:00,Falcons,Eternal Fire,1445.56100340827,1531.214200487392,-85.65319707912204,0.4,0.5,10,10,0.0,2,0,1,1,1
2956,2024-08-07 16:45:00,Imperial,FURIA,1454.503151700933,1530.4803849461996,-75.97723324526669,0.5,0.7,10,10,0.0,1,0,1,1,1
1962,2024-08-07 18:40:00,paiN,Liquid,1539.974380725009,1598.4873269572317,-58.5129462322227,0.6,0.7,10,10,0.5,0,0,1,1,0
186,2024-08-08 11:30:00,SAW,BIG,1478.2174443370284,1458.3987468646976,19.81869747233077,0.4,0.3,10,10,0.5,0,1,1,1,0
1433,2024-08-08 11:30:00,FlyQuest,The MongolZ,1414.0291039994415,1546.9901365458431,-132.9610325464016,0.1,0.5,10,10,0.5,0,0,1,1,0
2503,2024-08-08 13:45:00,Liquid,FURIA,1611.8178964789645,1543.0362307462144,68.78166573275007,0.7,0.7,10,10,0.5,2,1,1,1,1
2219,2024-08-08 14:45:00,3DMAX,HEROIC,1528.6202006951355,1490.0633552445224,38.55684545061308,0.7,0.3,10,10,0.5,0,0,1,1,0
381,2024-08-08 17:15:00,Eternal Fire,Complexity,1543.3477399372227,1458.9800064363808,84.36773350084195,0.5,0.4,10,10,0.0,1,0,1,1,1
3001,2024-08-09 11:30:00,MIBR,9z,1456.3341744579243,1526.4788542098322,-70.14467975190792,0.2,0.7,10,10,0.25,4,0,1,1,1
2036,2024-08-09 11:30:00,paiN,Imperial,1526.6438112032763,1441.947305900918,84.69650530235822,0.5,0.4,10,10,0.6363636363636364,11,1,1,1,1
2878,2024-08-09 13:55:00,HEROIC,FURIA,1507.8317101184894,1530.1630017648865,-22.331291646397176,0.4,0.6,10,10,0.5,2,0,1,1,1
559,2024-08-09 15:20:00,Falcons,BIG,1433.4274639584391,1443.3104429762711,-9.882979017831985,0.4,0.3,10,10,0.5,0,1,1,1,0
395,2024-08-09 17:35:00,Eternal Fire,The MongolZ,1523.537069852863,1557.1494395328482,-33.61236967998525,0.4,0.6,10,10,0.5,2,0,1,1,1
2023,2024-08-09 18:30:00,paiN,MIBR,1538.818862661817,1443.5212708668803,95.2975917949368,0.6,0.1,10,10,0.375,8,1,1,1,1
2473,2024-08-10 11:30:00,Liquid,FaZe,1624.6911254602924,1612.9522641640697,11.738861296222694,0.7,0.3,10,10,0.0,2,0,1,1,1
2291,2024-08-10 11:30:00,Complexity,Virtus.pro,1478.7906765207406,1551.3700618666662,-72.57938534592563,0.5,0.4,10,10,0.5,2,1,1,1,1
172,2024-08-10 13:50:00,SAW,G2,1493.3057482254549,1697.001746399452,-203.69599817399717,0.5,0.7,10,10,0.5,0,1,1,1,0
2753,2024-08-10 15:05:00,9z,Astralis,1539.2917578008762,1557.7271000277058,-18.43534222682956,0.7,0.5,10,10,0.5,0,0,1,1,0
2626,2024-08-10 16:45:00,The MongolZ,Spirit,1571.6063438725741,1770.742196831616,-199.1358529590418,0.7,0.8,10,10,0.0,1,1,1,1,1
1813,2024-08-10 17:25:00,paiN,Natus Vincere,1550.5370901997787,1674.0548162405314,-123.51772604075268,0.7,0.7,10,10,0.0,1,0,1,1,1
460,2024-08-11 11:30:00,Falcons,MOUZ,1449.8824692462993,1689.6949766659297,-239.8125074196305,0.4,0.7,10,10,0.5,0,0,1,1,0
2959,2024-08-11 11:30:00,FURIA,Vitality,1545.1360216199635,1675.3892572405016,-130.25323562053813,0.6,0.6,10,10,0.5,0,0,1,1,0
174,2024-08-11 13:45:00,The MongolZ,SAW,1595.8891523019165,1517.7412348271703,78.14791747474624,0.7,0.6,10,10,0.0,1,0,1,1,1
1867,2024-08-11 14:40:00,Astralis,Natus Vincere,1572.8789170110276,1684.5947314718976,-111.71581446086998,0.5,0.8,10,10,0.0,1,0,1,1,1
2553,2024-08-11 16:55:00,Spirit,G2,1746.4593884022736,1672.5662597977366,73.89312860453697,0.7,0.6,10,10,0.5,2,0,1,1,1
2059,2024-08-11 17:20:00,9z,paiN,1524.1399408175544,1539.9971749684125,-15.857234150858176,0.6,0.6,10,10,0.5,2,0,1,1,1
502,2024-08-12 11:30:00,Falcons,Virtus.pro,1443.4526054564058,1532.0754437655826,-88.62283830917681,0.4,0.4,10,10,0.5,2,1,1,1,1
2500,2024-08-12 11:30:00,Liquid,FURIA,1608.1507365350296,1534.8683307485835,73.28240578644613,0.7,0.5,10,10,0.6666666666666666,3,1,1,1,1
2789,2024-08-12 14:00:00,Vitality,FaZe,1685.6569481118815,1629.4926530893324,56.16429502254914,0.7,0.3,10,10,0.6666666666666666,6,1,1,1,1
111,2024-08-12 15:00:00,SAW,Sashi,1537.2805914658677,1465.4533997236174,71.8271917422503,0.6,0.2,10,10,0.5,0,1,1,1,0
1682,2024-08-12 15:05:00,Complexity,MOUZ,1498.0852946218242,1696.1248404558232,-198.039545833999,0.5,0.7,10,10,0.0,5,0,1,1,1
1971,2024-08-12 17:20:00,paiN,The MongolZ,1555.2674289854301,1576.349795663219,-21.08236667778897,0.7,0.6,10,10,1.0,1,1,1,1,1
2538,2024-08-12 17:40:00,Astralis,G2,1561.8533539954676,1691.9187674318691,-130.0654134364015,0.5,0.7,10,10,0.5,0,0,1,1,0
2299,2024-08-13 11:30:00,Liquid,Complexity,1620.8251288264637,1490.331085754362,130.4940430721017,0.7,0.4,10,10,0.5,2,1,1,1,1
535,2024-08-13 11:30:00,Falcons,FaZe,1463.4475683503154,1616.0568177223468,-152.6092493720314,0.5,0.3,10,10,0.0,1,0,1,1,1
1964,2024-08-13 13:45:00,paiN,G2,1572.2371179931918,1702.1939990671608,-129.95688107396904,0.8,0.8,10,10,0.5,0,0,1,1,0
144,2024-08-13 14:00:00,Natus Vincere,SAW,1695.6202944874576,1550.0191591607484,145.60113532670925,0.8,0.6,10,10,0.5,0,1,1,1,0
2474,2024-08-13 16:45:00,Liquid,FaZe,1631.083155931939,1625.4485264700509,5.634629461888153,0.8,0.4,10,10,0.0,3,0,1,1,1
1783,2024-08-13 16:55:00,Vitality,MOUZ,1699.0927834788672,1703.8790493232855,-4.786265844418267,0.8,0.7,10,10,0.0,1,1,1,1,1
178,2024-08-16 13:45:00,SAW,FaZe,1540.3575564941693,1641.7079879990106,-101.35043150484125,0.6,0.4,10,10,0.0,1,1,1,1,1
1703,2024-08-16 17:50:00,G2,MOUZ,1712.4735894355922,1687.6586475778606,24.814941857731583,0.8,0.6,10,10,0.6,5,0,1,1,1
198,2024-08-17 13:45:00,SAW,Vitality,1560.8968833383456,1715.313185224292,-154.4163018859465,0.7,0.8,10,10,0.5,0,0,1,1,0
1658,2024-08-17 17:00:00,MOUZ,Natus Vincere,1704.7994786473118,1705.2818971540366,-0.48241850672479814,0.6,0.8,10,10,0.5,2,0,1,1,1
1927,2024-08-18 15:00:00,Natus Vincere,Vitality,1721.2596809750705,1724.63602033634,-3.3763393612694017,0.8,0.8,10,10,0.0,2,0,1,1,1
690,2024-08-19 13:00:00,Sashi,Aurora,1452.7148320287367,1436.7551107759193,15.959721252817417,0.1,0.4,10,10,0.5,0,1,1,1,0
226,2024-08-19 17:30:00,B8,Sashi,1500.0,1467.9803762216866,32.01962377831342,0.5,0.2,0,10,0.5,0,1,0,1,0
440,2024-08-22 18:05:00,M80,Falcons,1453.1791940398755,1454.0558596026112,-0.8766655627357522,0.3,0.4,10,10,0.5,0,0,1,1,0
592,2024-08-24 08:30:00,9z,Falcons,1508.8696868005368,1470.0154877471648,38.854199053371985,0.5,0.4,10,10,0.5,0,1,1,1,0
1123,2024-08-24 12:55:00,BetBoom,paiN,1494.2001513317482,1561.9575276247604,-67.75737629301216,0.6,0.7,10,10,0.5,0,0,1,1,0
499,2024-08-24 13:30:00,Complexity,Falcons,1480.0730586488867,1455.7973677080533,24.27569094083333,0.3,0.4,10,10,0.5,2,0,1,1,1
1988,2024-08-24 16:30:00,paiN,FaZe,1574.8761514568578,1621.1686611548344,-46.292509697976584,0.7,0.4,10,10,0.5,0,0,1,1,0
2397,2024-08-24 19:55:00,BIG,Virtus.pro,1426.855437688411,1512.080480871673,-85.22504318326196,0.2,0.3,10,10,0.5,4,0,1,1,1
444,2024-08-25 09:15:00,BetBoom,Falcons,1481.2815274996508,1472.9134888926242,8.36803860702662,0.5,0.5,10,10,0.5,2,0,1,1,1
2062,2024-08-25 11:45:00,9z,paiN,1523.0878068396482,1560.9954736558739,-37.90766681622563,0.6,0.6,10,10,0.3333333333333333,3,0,1,1,1
348,2024-08-25 14:45:00,Aurora,Eternal Fire,1421.4895665829695,1509.080165513137,-87.59059893016752,0.4,0.3,10,10,1.0,2,0,1,1,1
504,2024-08-25 18:10:00,Falcons,Virtus.pro,1489.2987768134524,1524.2325916407399,-34.933814827287506,0.5,0.4,10,10,0.6666666666666666,3,1,1,1,1
593,2024-08-26 09:00:00,Falcons,9z,1506.9021388429833,1508.826625048985,-1.9244862060018022,0.6,0.5,10,10,0.0,1,1,1,1,1
903,2024-08-26 11:20:00,FURIA,Aurora,1522.1939384571494,1409.4399236842862,112.75401477286323,0.5,0.4,10,10,1.0,2,1,1,1,1
222,2024-08-26 13:30:00,B8,Eternal Fire,1514.5296023903297,1521.1298084118202,-6.600206021490521,1.0,0.4,1,10,0.5,0,0,1,1,0
2168,2024-08-26 13:30:00,fnatic,3DMAX,1466.0769070114504,1510.8518458211686,-44.77493880971815,0.5,0.6,10,10,0.3333333333333333,3,0,1,1,1
305,2024-08-26 17:30:00,B8,HEROIC,1498.8335165519763,1492.8586902634124,5.974826288563918,0.5,0.4,2,10,0.5,0,0,1,1,0
492,2024-08-26 17:45:00,Falcons,3DMAX,1522.990763801586,1524.8012234903088,-1.8104596887228581,0.7,0.7,10,10,1.0,1,1,1,1,1
481,2024-08-27 09:30:00,paiN,Falcons,1575.256655446537,1539.074137796764,36.18251764977299,0.6,0.7,10,10,0.5,0,1,1,1,0
2221,2024-08-27 13:30:00,HEROIC,3DMAX,1509.1338140616544,1508.7178494951306,0.41596456652382585,0.5,0.6,10,10,1.0,1,1,1,1,1
420,2024-08-27 14:10:00,Eternal Fire,FURIA,1536.8258942501736,1533.1763522095305,3.649542040643155,0.5,0.6,10,10,0.3333333333333333,3,0,1,1,1
2274,2024-08-27 17:30:00,HEROIC,fnatic,1525.1146581946052,1452.1275293423103,72.98712885229497,0.6,0.5,10,10,0.5,0,1,1,1,0
339,2024-08-27 17:30:00,Falcons,Eternal Fire,1524.7344065077036,1520.6578328093783,4.076573698325319,0.7,0.5,10,10,0.0,3,0,1,1,1
549,2024-08-28 09:00:00,Spirit,Falcons,1727.106880768141,1508.546681965792,218.56019880234908,0.7,0.6,10,10,1.0,2,1,1,1,1
2404,2024-08-28 12:00:00,FURIA,Virtus.pro,1549.3444136503258,1506.629229611209,42.71518403911682,0.6,0.3,10,10,0.0,1,1,1,1,1
556,2024-08-28 13:30:00,HEROIC,Falcons,1537.8020633283068,1501.4652309852074,36.33683234309933,0.6,0.6,10,10,0.5,0,1,1,1,0
1998,2024-08-28 16:50:00,paiN,HEROIC,1589.5963867355974,1552.1347650066475,37.46162172894992,0.7,0.6,10,10,1.0,1,1,1,1,1
362,2024-08-28 20:55:00,Eternal Fire,MOUZ,1536.84555735129,1688.821694826278,-151.97613747498804,0.5,0.6,10,10,0.5,2,0,1,1,1
509,2024-08-29 09:00:00,Virtus.pro,Falcons,1492.586484972057,1487.1325293068667,5.4539556651902785,0.3,0.5,10,10,0.25,4,1,1,1,1
411,2024-08-29 12:55:00,Eternal Fire,HEROIC,1527.4296480639978,1537.853281860444,-10.423633796446211,0.5,0.5,10,10,0.0,1,1,1,1,1
2829,2024-08-29 15:40:00,Spirit,FURIA,1734.1883317487257,1563.3871582894778,170.80117345924782,0.7,0.6,10,10,1.0,2,1,1,1,1
1669,2024-08-29 18:10:00,paiN,MOUZ,1603.877869881801,1698.2376041135701,-94.35973423176915,0.7,0.6,10,10,0.5,0,0,1,1,0
419,2024-08-30 11:00:00,FURIA,Eternal Fire,1554.674991978977,1543.909530168254,10.765461810723082,0.5,0.5,10,10,0.75,4,0,1,1,1
691,2024-08-30 13:30:00,Aurora,Sashi,1398.4575099319052,1453.4507738313569,-54.99326389945168,0.4,0.2,10,10,0.0,1,1,1,1,1
1956,2024-08-30 14:30:00,Virtus.pro,paiN,1508.3353416603156,1592.119516588515,-83.78417492819926,0.3,0.6,10,10,1.0,1,0,1,1,1
1752,2024-08-30 18:45:00,Spirit,MOUZ,1742.9004980592265,1709.9959574068562,32.904540652370315,0.7,0.7,10,10,0.5,4,1,1,1,1
370,2024-08-31 11:15:00,Eternal Fire,paiN,1560.4051394045246,1604.3342061115861,-43.929066707061565,0.6,0.7,10,10,1.0,1,1,1,1,1
363,2024-08-31 16:00:00,Eternal Fire,MOUZ,1578.4174358577293,1695.5067532275034,-117.08931736977411,0.6,0.6,10,10,0.3333333333333333,3,1,1,1,1
408,2024-09-01 11:00:00,Eternal Fire,Spirit,1599.614324960705,1757.3897022385793,-157.7753772778742,0.7,0.7,10,10,0.5,0,0,1,1,0
356,2024-09-03 11:30:00,FlyQuest,Eternal Fire,1403.8698010124365,1590.418722918673,-186.5489219062365,0.1,0.7,10,10,0.5,0,0,1,1,0
39,2024-09-03 14:30:00,FaZe,Sangal,1635.0493389558183,1482.6078510277814,152.44148792803685,0.5,0.3333333333333333,10,3,0.5,0,0,1,1,0
2997,2024-09-03 17:30:00,MIBR,9z,1431.8030433289186,1492.7380000903825,-60.93495676146381,0.1,0.5,10,10,0.2,5,1,1,1,1
989,2024-09-04 11:30:00,Wildcard,Spirit,1500.0,1766.5853042806114,-266.58530428061135,0.5,0.7,0,10,0.5,0,0,0,1,0
2192,2024-09-04 11:30:00,3DMAX,The MongolZ,1492.7370053621798,1559.3801066554574,-66.6431012932776,0.5,0.6,10,10,1.0,1,1,1,1,1
1437,2024-09-04 14:30:00,FlyQuest,FaZe,1395.7203818635137,1612.4474568000937,-216.72707493658004,0.1,0.4,10,10,0.0,2,0,1,1,1
32,2024-09-04 14:30:00,Eternal Fire,Sangal,1598.5681420675958,1505.209733183506,93.35840888408984,0.7,0.5,10,4,0.5,0,1,1,1,0
1588,2024-09-04 17:30:00,Ninjas in Pyjamas,Natus Vincere,1476.6634466524665,1705.4151622543334,-228.75171560186686,0.5,0.7,10,10,0.0,1,0,1,1,1
2834,2024-09-05 11:30:00,Spirit,MIBR,1772.259651295752,1450.5807790992933,321.67887219645877,0.7,0.2,10,10,1.0,3,0,1,1,1
1003,2024-09-05 14:30:00,Wildcard,9z,1494.3256529848593,1473.9602643200078,20.36538866485148,0.0,0.5,1,10,0.5,0,0,1,1,0
2183,2024-09-05 14:55:00,3DMAX,G2,1511.7689401156547,1695.332758366141,-183.5638182504863,0.6,0.7,10,10,0.0,1,0,1,1,1
41,2024-09-05 17:30:00,Sangal,HEROIC,1493.4084752745628,1521.3733997561878,-27.964924481625076,0.4,0.5,5,10,0.5,0,1,1,1,0
1628,2024-09-05 18:05:00,Ninjas in Pyjamas,FaZe,1469.9002126757582,1619.587268095306,-149.68705541954773,0.4,0.5,10,10,0.3333333333333333,3,0,1,1,1
2627,2024-09-06 11:30:00,The MongolZ,Spirit,1540.3481719019826,1744.6010790410671,-204.25290713908453,0.5,0.7,10,10,0.5,2,0,1,1,1
2258,2024-09-06 11:30:00,3DMAX,9z,1503.5147080677677,1490.8970524784154,12.617655589352353,0.5,0.5,10,10,0.0,1,1,1,1,1
40,2024-09-06 14:45:00,Sangal,FaZe,1510.6935337263349,1629.0909794447805,-118.39744571844562,0.5,0.6,6,10,1.0,1,0,1,1,1
2217,2024-09-06 17:30:00,Spirit,3DMAX,1752.1470901834023,1518.9338988731915,233.21319131021073,0.7,0.5,10,10,0.5,0,1,1,1,0
2685,2024-09-07 11:30:00,9z,The MongolZ,1475.4778616729916,1532.8021607596474,-57.324299086655856,0.4,0.4,10,10,0.5,0,0,1,1,0
34,2024-09-07 11:30:00,Sangal,FlyQuest,1499.9442428925906,1388.5805705683015,111.36367232428915,0.42857142857142855,0.1,7,10,0.5,0,1,1,1,0
978,2024-09-07 14:30:00,Wildcard,3DMAX,1477.3888648264517,1512.3066342538543,-34.91776942740262,0.0,0.4,2,10,0.5,0,0,1,1,0
1637,2024-09-07 14:30:00,HEROIC,Ninjas in Pyjamas,1504.0883413044157,1460.3965013262837,43.691839978132066,0.5,0.3,10,10,0.0,1,1,1,1,1
366,2024-09-07 18:00:00,Eternal Fire,Natus Vincere,1610.369399976539,1712.1783962310417,-101.80899625450274,0.7,0.7,10,10,0.0,2,0,1,1,1
2193,2024-09-08 11:30:00,3DMAX,The MongolZ,1526.7040037254144,1546.1859760023099,-19.481972276895476,0.4,0.4,10,10,1.0,2,0,1,1,1
42,2024-09-08 14:30:00,Sangal,HEROIC,1510.9844597508975,1518.0867976637303,-7.102337912832809,0.5,0.6,8,10,1.0,1,0,1,1,1
2594,2024-09-08 17:30:00,MIBR,G2,1478.2393513539782,1703.586990414028,-225.3476390600497,0.3,0.7,10,10,0.5,0,0,1,1,0
2269,2024-09-10 11:30:00,fnatic,Astralis,1439.4401242086087,1551.578122360176,-112.13799815156722,0.4,0.5,10,10,0.5,0,1,1,1,0
2124,2024-09-10 14:50:00,Liquid,ENCE,1614.8236944029793,1383.7952547138188,231.02843968916045,0.7,0.3,10,10,1.0,1,1,1,1,1
2920,2024-09-10 15:10:00,Imperial,BIG,1429.7722544423773,1414.7033269193441,15.068927523033153,0.3,0.2,10,10,0.5,0,1,1,1,0
1052,2024-09-10 17:30:00,Complexity,M80,1462.9569374643158,1437.219565895322,25.73737156899392,0.3,0.2,10,10,0.0,1,0,1,1,1
2392,2024-09-10 18:10:00,RED Canids,Virtus.pro,1500.0,1496.1206521372444,3.879347862755594,0.5,0.2,0,10,0.5,0,0,0,1,0
560,2024-09-11 11:30:00,FURIA,Falcons,1538.1793827427064,1471.383672618608,66.79571012409838,0.5,0.5,10,10,0.5,0,1,1,1,0
2313,2024-09-11 14:55:00,Complexity,Astralis,1445.7738509993833,1530.5861290348898,-84.81227803550655,0.3,0.4,10,10,1.0,1,1,1,1,1
1050,2024-09-11 17:30:00,M80,fnatic,1454.4026523602545,1460.4321175338948,-6.029465173640347,0.3,0.5,10,10,0.5,0,1,1,1,0
1782,2024-09-11 17:55:00,Imperial,MOUZ,1445.0787394914182,1674.3098641245276,-229.2311246331094,0.3,0.5,10,10,0.5,0,1,1,1,0
2351,2024-09-12 11:30:00,Liquid,Virtus.pro,1621.5172884687736,1512.299295284561,109.21799318421267,0.8,0.3,10,10,1.0,1,1,1,1,1
2960,2024-09-12 14:30:00,FURIA,Vitality,1551.1406730198569,1740.480539057077,-189.3398660372202,0.5,0.9,10,10,0.0,1,0,1,1,1
2145,2024-09-12 14:30:00,RED Canids,ENCE,1483.8213568526835,1377.1016606480246,106.71969620465893,0.0,0.3,1,10,0.5,0,1,1,1,0
2276,2024-09-12 17:30:00,fnatic,BIG,1444.154478272815,1399.3968418703032,44.75763640251171,0.4,0.2,10,10,1.0,1,0,1,1,1
1686,2024-09-12 17:30:00,Complexity,MOUZ,1465.603825978137,1649.0583900899728,-183.4545641118359,0.4,0.5,10,10,0.0,6,1,1,1,1
2900,2024-09-13 11:30:00,RED Canids,FURIA,1495.055678976138,1543.0884535379482,-48.03277456181013,0.5,0.5,2,10,0.5,0,0,1,1,0
503,2024-09-13 11:30:00,Virtus.pro,Falcons,1501.1695910929318,1458.4223823414573,42.747208751474545,0.3,0.4,10,10,0.4,5,1,1,1,1
2329,2024-09-13 15:35:00,BIG,Complexity,1417.4466804791746,1489.3457411644122,-71.8990606852376,0.3,0.4,10,10,0.0,1,1,1,1,1
2402,2024-09-13 18:50:00,FURIA,Virtus.pro,1556.8904481380798,1515.2108830251293,41.67956511295051,0.5,0.4,10,10,0.5,2,0,1,1,1
558,2024-09-14 11:30:00,RED Canids,Falcons,1481.2536843760065,1444.3810904092597,36.87259396674676,0.3333333333333333,0.3,3,10,0.5,0,1,1,1,0
1678,2024-09-14 11:30:00,fnatic,MOUZ,1426.1046396639435,1625.3164749036976,-199.211835239754,0.3,0.4,10,10,0.5,0,0,1,1,0
2314,2024-09-14 14:30:00,Complexity,Astralis,1470.0811368252716,1510.7561540561362,-40.67501723086457,0.4,0.4,10,10,1.0,2,1,1,1,1
1090,2024-09-14 18:00:00,M80,Imperial,1470.6802916213344,1470.330213525973,0.35007809536136847,0.3,0.4,10,10,0.5,0,1,1,1,0
1687,2024-09-15 11:30:00,Complexity,MOUZ,1487.9457795099852,1633.0311053712217,-145.08532586123647,0.5,0.4,10,10,0.14285714285714285,7,1,1,1,1
2901,2024-09-15 14:30:00,RED Canids,FURIA,1495.5619851793883,1538.980188112695,-43.4182029333067,0.5,0.5,4,10,0.0,1,0,1,1,1
2513,2024-09-15 17:30:00,Vitality,Liquid,1748.5327585389857,1632.6469926604027,115.88576587858302,0.9,0.8,10,10,0.5,0,1,1,1,0
2389,2024-09-17 11:00:00,HEROIC,Virtus.pro,1533.7597684676382,1533.121143050514,0.6386254171241035,0.6,0.5,10,10,0.0,5,1,1,1,1
2640,2024-09-17 11:00:00,BIG,The MongolZ,1436.711284818315,1561.2897371599045,-124.57845234158935,0.4,0.5,10,10,0.5,0,0,1,1,0
2824,2024-09-17 14:15:00,FURIA,Spirit,1552.9910499415594,1758.7743548027395,-205.7833048611801,0.6,0.7,10,10,0.0,3,0,1,1,1
2318,2024-09-17 17:30:00,Complexity,FaZe,1510.2641389810356,1639.8402702785247,-129.57613129748916,0.5,0.7,10,10,0.0,3,1,1,1,1
394,2024-09-18 11:00:00,Eternal Fire,The MongolZ,1598.928137461584,1571.7865378249403,27.141599636643605,0.7,0.6,10,10,0.3333333333333333,3,1,1,1,1
2884,2024-09-18 11:00:00,HEROIC,MIBR,1549.7303587134504,1471.3710077236235,78.35935098982691,0.7,0.3,10,10,0.6666666666666666,3,0,1,1,1
2840,2024-09-18 15:15:00,Spirit,Imperial,1766.2696826577667,1454.3463352125923,311.9233474451744,0.8,0.4,10,10,1.0,1,1,1,1,1
2302,2024-09-18 18:00:00,Complexity,Liquid,1531.9692497474919,1621.7942478472394,-89.82499809974752,0.5,0.7,10,10,0.3333333333333333,3,0,1,1,1
689,2024-09-19 11:00:00,Sashi,Monte,1434.9391803204337,1395.204735883469,39.73444443696462,0.1,0.3,10,10,0.5,2,0,1,1,1
1089,2024-09-19 14:15:00,MIBR,M80,1490.9196235260004,1486.6641699347151,4.255453591285232,0.4,0.4,10,10,0.5,0,1,1,1,0
427,2024-09-19 17:30:00,Vitality,Eternal Fire,1759.385503352149,1613.6807570397223,145.70474631242678,1.0,0.7,10,10,0.0,1,0,1,1,1
1891,2024-09-20 14:15:00,Spirit,Natus Vincere,1770.8261804531614,1723.6196587459967,47.20652170716471,0.9,0.8,10,10,1.0,4,0,1,1,1
2454,2024-09-20 17:30:00,G2,Liquid,1710.4553340443827,1633.7474198491573,76.70791419522538,0.8,0.7,10,10,0.6666666666666666,3,1,1,1,1
422,2024-09-21 14:15:00,MIBR,Eternal Fire,1506.723662445062,1636.0231765521269,-129.29951410706485,0.5,0.8,10,10,0.0,2,0,1,1,1
1844,2024-09-21 17:30:00,Natus Vincere,G2,1741.7803197513513,1722.9791044998183,18.801215251532994,0.8,0.8,10,10,1.0,6,1,1,1,1
367,2024-09-22 15:00:00,Eternal Fire,Natus Vincere,1646.3291880134993,1756.915335952813,-110.5861479393136,0.8,0.9,10,10,0.0,3,0,1,1,1
2002,2024-09-23 20:30:00,RED Canids,paiN,1481.551123350524,1586.3219096583814,-104.7707863078574,0.4,0.6,5,10,0.5,0,0,1,1,0
782,2024-09-24 11:30:00,Monte,BIG,1413.0266384975619,1426.2144841532793,-13.18784565571741,0.4,0.4,10,10,0.5,0,1,1,1,0
476,2024-09-25 10:00:00,Falcons,Natus Vincere,1430.072789605878,1767.9879408597808,-337.9151512539029,0.2,0.9,10,10,1.0,1,0,1,1,1
2548,2024-09-25 12:00:00,G2,FaZe,1707.8440882983566,1618.1351595120684,89.7089287862882,0.7,0.6,10,10,0.6,5,1,1,1,1
2741,2024-09-25 15:20:00,Astralis,Vitality,1492.8915113714227,1737.0430838397444,-244.15157246832177,0.3,0.9,10,10,0.2,5,0,1,1,1
2485,2024-09-25 17:20:00,Liquid,Spirit,1621.2236493937216,1752.665519447807,-131.44187005408526,0.6,0.8,10,10,1.0,1,1,1,1,1
758,2024-09-26 08:00:00,Monte,3DMAX,1429.633669728084,1511.6002425678198,-81.96657283973582,0.4,0.4,10,10,0.5,2,0,1,1,1
536,2024-09-26 10:00:00,Falcons,FaZe,1426.0702893269506,1606.1769838402674,-180.10669451331682,0.1,0.6,10,10,0.0,2,0,1,1,1
1847,2024-09-26 13:45:00,G2,Natus Vincere,1719.8022639701576,1771.990441138708,-52.18817716855051,0.7,0.9,10,10,0.0,7,0,1,1,1
843,2024-09-26 15:20:00,3DMAX,Aurora,1523.8940479803498,1416.9691034428283,106.92494453752147,0.5,0.4,10,10,1.0,3,1,1,1,1
2700,2024-09-26 15:50:00,Astralis,Spirit,1486.5890219856012,1730.8855563582233,-244.2965343726221,0.3,0.7,10,10,0.0,1,0,1,1,1
2514,2024-09-26 18:45:00,Liquid,Vitality,1643.0036124833052,1743.3455732255659,-100.34196074226065,0.6,0.9,10,10,0.0,1,0,1,1,1
2231,2024-09-27 13:30:00,Nemiga,3DMAX,1500.0,1535.119758146246,-35.11975814624611,0.5,0.5,0,10,0.5,0,0,0,1,0
2555,2024-09-27 14:00:00,Spirit,G2,1737.183823406543,1706.187704425666,30.9961189808771,0.7,0.7,10,10,0.3333333333333333,3,0,1,1,1
2478,2024-09-27 17:25:00,FaZe,Liquid,1614.5536961839543,1631.5002005663132,-16.946504382358853,0.6,0.6,10,10,1.0,4,1,1,1,1
2260,2024-09-27 17:30:00,9z,3DMAX,1462.0940464303292,1549.50791955615,-87.41387312582083,0.3,0.6,10,10,0.5,2,0,1,1,1
33,2024-09-27 18:10:00,BetBoom,Sangal,1464.8962395788226,1495.3114889469896,-30.415249368166997,0.5,0.4444444444444444,10,9,0.5,0,1,1,1,0
104,2024-09-27 18:10:00,B8,SAW,1482.5583927537343,1551.5740482262977,-69.01565547256337,0.3333333333333333,0.7,3,10,0.5,0,1,1,1,0
1128,2024-09-28 10:30:00,3DMAX,BetBoom,1561.5652058276519,1482.2933464297905,79.27185939786136,0.7,0.5,10,10,0.5,2,0,1,1,1
190,2024-09-28 13:30:00,Nemiga,SAW,1485.611838590096,1532.4369144708728,-46.825075880776694,0.0,0.6,1,10,0.5,0,0,1,1,0
2600,2024-09-28 14:00:00,G2,Vitality,1723.611353451966,1754.848985142558,-31.237631690592025,0.7,0.9,10,10,0.3333333333333333,3,1,1,1,1
279,2024-09-28 17:30:00,B8,3DMAX,1501.6955265091592,1541.9766579082811,-40.28113139912193,0.5,0.6,4,10,0.5,0,1,1,1,0
206,2024-09-28 17:30:00,9z,SAW,1450.0367601588273,1546.2935019048173,-96.25674174598998,0.2,0.7,10,10,0.5,0,0,1,1,0
1879,2024-09-28 18:35:00,FaZe,Natus Vincere,1631.3334932458117,1785.6050006831997,-154.27150743738798,0.6,0.9,10,10,0.4,5,0,1,1,1
2003,2024-09-28 23:30:00,RED Canids,paiN,1470.2348770429905,1597.6381559659148,-127.4032789229243,0.3333333333333333,0.6,6,10,0.0,1,0,1,1,1
157,2024-09-29 13:30:00,SAW,3DMAX,1557.970752625026,1524.1299103347403,33.840842290285764,0.7,0.6,10,10,0.0,3,1,1,1,1
1848,2024-09-29 14:00:00,Natus Vincere,G2,1794.9333434905393,1741.0460358108612,53.88730767967809,0.9,0.7,10,10,1.0,8,0,1,1,1
1106,2024-10-04 14:30:00,FlyQuest,BetBoom,1377.5403537099946,1501.8818943491613,-124.34154063916662,0.0,0.6,10,10,1.0,1,1,1,1,1
966,2024-10-04 18:35:00,Wildcard,M80,1462.9914953548916,1470.8601310156535,-7.868635660761811,0.0,0.4,3,10,0.5,0,0,1,1,0
2906,2024-10-04 20:00:00,Imperial,RED Canids,1449.7898374171975,1459.852452454432,-10.062615037234536,0.4,0.2857142857142857,10,7,0.5,0,0,1,1,0
136,2024-10-04 20:10:00,SAW,FlyQuest,1572.4172339393456,1399.0339312950307,173.38330264431488,0.7,0.1,10,10,0.5,0,0,1,1,0
1081,2024-10-04 21:50:00,BIG,M80,1409.6074529227571,1486.4978288941352,-76.89037597137803,0.3,0.5,10,10,0.5,0,1,1,1,0
967,2024-10-05 17:05:00,Wildcard,M80,1447.35379747641,1467.0135942265497,-19.659796750139776,0.0,0.5,4,10,0.0,1,1,1,1,1
129,2024-10-05 20:30:00,SAW,BetBoom,1549.0354791258528,1480.3883167641252,68.64716236172762,0.6,0.5,10,10,0.5,0,1,1,1,0
975,2024-10-06 14:00:00,Wildcard,FlyQuest,1464.2581995089204,1422.4156861085235,41.84251340039691,0.2,0.2,5,10,0.5,0,0,1,1,0
185,2024-10-06 17:30:00,SAW,BIG,1561.9146661123673,1429.0916875903426,132.82297852202464,0.6,0.4,10,10,1.0,1,0,1,1,1
1448,2024-10-06 21:15:00,FlyQuest,BIG,1440.3333428004385,1450.9268733779359,-10.593530577497404,0.3,0.4,10,10,0.0,2,1,1,1,1
1666,2024-10-07 14:00:00,paiN,MOUZ,1608.0205805544733,1610.7127459001713,-2.6921653456979584,0.7,0.4,10,10,0.0,1,0,1,1,1
2777,2024-10-07 14:00:00,FaZe,FURIA,1622.0051504384721,1545.4957220865322,76.50942835193996,0.6,0.5,10,10,1.0,1,0,1,1,1
2301,2024-10-07 15:10:00,Complexity,Liquid,1520.016077745574,1614.7204035044558,-94.70432575888185,0.5,0.5,10,10,0.25,4,0,1,1,1
1923,2024-10-07 15:15:00,Natus Vincere,Imperial,1776.4714508163738,1434.2531084371053,342.2183423792685,0.8,0.3,10,10,0.5,0,1,1,1,0
3021,2024-10-07 16:10:00,9z,Vitality,1438.3595094386185,1737.4143027836626,-299.0547933450441,0.2,0.8,10,10,1.0,1,0,1,1,1
2571,2024-10-07 16:15:00,G2,HEROIC,1759.5079284850267,1530.1817429110736,229.32618557395313,0.7,0.6,10,10,1.0,3,0,1,1,1
2362,2024-10-07 17:05:00,The MongolZ,Virtus.pro,1557.033918246802,1517.1505528047019,39.88336544210006,0.5,0.5,10,10,0.0,2,1,1,1,1
398,2024-10-07 17:30:00,Astralis,Eternal Fire,1480.2907549372815,1635.2565831065315,-154.96582816925002,0.2,0.7,10,10,1.0,1,1,1,1,1
1770,2024-10-07 18:15:00,MOUZ,FURIA,1626.588769585564,1564.9632414115822,61.62552817398182,0.4,0.5,10,10,0.6666666666666666,3,0,1,1,1
1987,2024-10-07 18:50:00,paiN,FaZe,1592.1445568690806,1602.537631113422,-10.393074244341506,0.6,0.5,10,10,0.0,1,0,1,1,1
2340,2024-10-07 21:05:00,Complexity,Imperial,1508.272474327347,1430.3365510940998,77.9359232332472,0.5,0.3,10,10,0.5,0,1,1,1,0
1836,2024-10-07 22:20:00,Natus Vincere,Liquid,1780.3880081593793,1626.4640069226828,153.92400123669654,0.9,0.5,10,10,0.0,2,1,1,1,1
2430,2024-10-08 14:00:00,9z,Virtus.pro,1433.5058025063604,1502.9792242311723,-69.47342172481194,0.2,0.4,10,10,0.5,0,0,1,1,0
2665,2024-10-08 14:00:00,The MongolZ,Vitality,1571.2052468203315,1742.2680097159207,-171.06276289558923,0.5,0.8,10,10,0.0,2,0,1,1,1
389,2024-10-08 16:40:00,Eternal Fire,G2,1612.5585327598028,1734.253540817973,-121.69500805817029,0.6,0.7,10,10,0.0,1,1,1,1,1
2709,2024-10-08 17:25:00,HEROIC,Astralis,1555.4361305781272,1502.9888052840101,52.447325294117036,0.6,0.3,10,10,0.75,4,1,1,1,1
2030,2024-10-08 18:00:00,paiN,MIBR,1576.623032916214,1496.4176509836896,80.20538193252446,0.6,0.5,10,10,0.4444444444444444,9,1,1,1,1
2476,2024-10-08 19:00:00,Liquid,FaZe,1617.1224378551428,1618.0591550662887,-0.9367172111458331,0.5,0.6,10,10,0.0,5,0,1,1,1
1684,2024-10-08 19:30:00,Complexity,MOUZ,1520.742403911,1607.780201015379,-87.0377971043788,0.6,0.4,10,10,0.25,8,0,1,1,1
2366,2024-10-09 14:00:00,Astralis,Virtus.pro,1489.3859133803576,1515.8218252378156,-26.435911857457995,0.2,0.5,10,10,0.3333333333333333,3,0,1,1,1
393,2024-10-09 14:00:00,Eternal Fire,The MongolZ,1633.9443210945058,1562.502624548136,71.44169654636971,0.6,0.4,10,10,0.5,4,0,1,1,1
2893,2024-10-09 16:40:00,Vitality,HEROIC,1750.970631988116,1569.0390224817797,181.93160950633637,0.8,0.6,10,10,0.75,4,0,1,1,1
1912,2024-10-09 16:55:00,FURIA,Natus Vincere,1583.7718099817673,1789.7295772269192,-205.9577672451519,0.5,0.9,10,10,0.0,1,1,1,1,1
2363,2024-10-09 19:00:00,The MongolZ,Virtus.pro,1581.7470379361082,1530.606750488022,51.140287448086156,0.5,0.6,10,10,0.3333333333333333,3,0,1,1,1
1732,2024-10-09 19:00:00,FaZe,MOUZ,1634.016017749074,1619.8537589100017,14.162258839072365,0.6,0.4,10,10,1.0,7,0,1,1,1
2902,2024-10-09 22:00:00,MIBR,RED Canids,1484.0470019579548,1475.3891814345243,8.657820523430473,0.5,0.375,10,8,0.5,0,1,1,1,0
1832,2024-10-11 15:00:00,Virtus.pro,Natus Vincere,1548.9449854060063,1765.2191423142424,-216.27415690823614,0.6,0.8,10,10,0.3333333333333333,3,0,1,1,1
1784,2024-10-11 18:15:00,Vitality,MOUZ,1727.2825446595923,1636.5055940502828,90.77695060930955,0.7,0.4,10,10,0.5,2,0,1,1,1
1903,2024-10-12 15:00:00,HEROIC,Natus Vincere,1592.7271098103035,1772.3734256529615,-179.64631584265794,0.6,0.8,10,10,1.0,1,0,1,1,1
1771,2024-10-12 18:50:00,FURIA,MOUZ,1608.2822448944441,1656.5934280935178,-48.31118319907364,0.6,0.5,10,10,0.5,4,0,1,1,1
1659,2024-10-13 17:00:00,MOUZ,Natus Vincere,1670.3828448506936,1780.7665366759834,-110.38369182528982,0.6,0.8,10,10,0.3333333333333333,3,0,1,1,1
962,2024-10-15 22:00:00,RED Canids,BESTIA,1459.7878062964721,1500.0,-40.21219370352787,0.3333333333333333,0.5,9,0,0.5,0,1,1,0,0
43,2024-10-16 11:35:00,Sangal,Nemiga,1477.9143820960217,1471.7552511561516,6.1591309398700105,0.4,0.0,10,2,0.5,0,1,1,1,0
260,2024-10-16 12:40:00,Ninjas in Pyjamas,B8,1446.398044966969,1519.5422740827,-73.14422911573092,0.3,0.6,10,5,0.5,0,0,1,1,0
289,2024-10-16 14:30:00,B8,The MongolZ,1532.222755243082,1563.408803018124,-31.18604777504197,0.6666666666666666,0.5,6,10,0.5,0,0,1,1,0
31,2024-10-16 17:00:00,Sangal,SAW,1493.6307733426827,1540.079480324774,-46.44870698209138,0.5,0.5,10,10,0.0,1,1,1,1,1
2229,2024-10-16 17:20:00,3DMAX,Nemiga,1509.6834290204208,1456.0388599094906,53.644569110930206,0.5,0.0,10,3,1.0,1,0,1,1,1
2903,2024-10-16 22:00:00,MIBR,RED Canids,1499.648377096007,1477.6314213939927,22.01695570201423,0.5,0.4,10,10,1.0,1,1,1,1,1
2164,2024-10-17 11:10:00,9z,ENCE,1420.6632014997172,1365.86733852457,54.7958629751472,0.1,0.2,10,10,0.5,0,0,1,1,0
2143,2024-10-17 14:00:00,ENCE,HEROIC,1384.370064599951,1584.3339987872816,-199.96393418733055,0.3,0.6,10,10,0.0,2,0,1,1,1
44,2024-10-17 17:00:00,Sangal,Nemiga,1511.7571620671608,1474.489837544459,37.267324522701756,0.6,0.25,10,4,1.0,1,1,1,1,1
2904,2024-10-17 22:00:00,Imperial,RED Canids,1417.8666215104467,1462.6439846385542,-44.77736312810748,0.2,0.4,10,10,0.0,1,0,1,1,1
2031,2024-10-17 22:00:00,paiN,MIBR,1588.9936819419488,1514.6358138514454,74.35786809050342,0.6,0.6,10,10,0.5,10,1,1,1,1
2165,2024-10-18 16:00:00,ENCE,9z,1376.680753526595,1402.160475424336,-25.479721897741,0.3,0.1,10,10,1.0,1,1,1,1,1
153,2024-10-18 17:00:00,SAW,3DMAX,1521.953091600296,1491.2324513854524,30.72064021484357,0.5,0.5,10,10,0.25,4,0,1,1,1
963,2024-10-18 22:00:00,RED Canids,BESTIA,1476.5932524976672,1482.1563849024794,-5.563132404812222,0.4,0.0,10,1,1.0,1,0,1,1,1
2278,2024-10-19 10:00:00,Nemiga,fnatic,1460.1995093746868,1418.3900091964194,41.8095001782674,0.2,0.3,5,10,0.5,0,1,1,1,0
2132,2024-10-19 13:30:00,ENCE,The MongolZ,1393.852039014391,1577.976477117763,-184.12443810337186,0.3,0.6,10,10,0.3333333333333333,3,1,1,1,1
2230,2024-10-19 15:00:00,3DMAX,Nemiga,1508.6435136987802,1474.2833511757647,34.36016252301556,0.5,0.3333333333333333,10,6,0.5,2,0,1,1,1
304,2024-10-19 17:35:00,B8,HEROIC,1517.655081143443,1592.0233098606377,-74.3682287171946,0.5714285714285714,0.7,7,10,0.0,1,0,1,1,1
965,2024-10-19 22:00:00,BESTIA,MIBR,1497.90021507977,1502.0087781585182,-4.108563078748148,0.5,0.6,2,10,0.5,0,0,1,1,0
2144,2024-10-20 14:45:00,ENCE,HEROIC,1417.6175583530674,1604.6498896358148,-187.03233128274746,0.3,0.8,10,10,0.0,3,1,1,1,1
45,2024-10-20 15:00:00,Nemiga,Sangal,1491.8605565243893,1526.047490236933,-34.186933712543805,0.42857142857142855,0.6,7,10,0.0,2,0,1,1,1
2032,2024-10-20 19:30:00,paiN,MIBR,1601.620717634876,1517.8195806555852,83.80113697929073,0.6,0.6,10,10,0.5454545454545454,11,1,1,1,1
491,2024-10-21 09:30:00,3DMAX,Falcons,1491.0663083501556,1417.6935769832637,73.37273136689191,0.5,0.0,10,10,0.0,2,1,1,1,1
507,2024-10-21 16:10:00,Falcons,Virtus.pro,1405.0231644190708,1541.7907020672872,-136.76753764821638,0.0,0.6,10,10,0.5,6,0,1,1,1
2290,2024-10-22 12:30:00,9z,fnatic,1384.98918993654,1404.3061673953416,-19.316977458801603,0.1,0.2,10,10,1.0,1,0,1,1,1
2268,2024-10-22 18:30:00,The MongolZ,fnatic,1554.2109577790866,1419.4175032050828,134.79345457400382,0.6,0.2,10,10,0.5,0,1,1,1,0
1652,2024-10-23 13:25:00,Imperial,Ninjas in Pyjamas,1403.9173536513338,1433.7175638065871,-29.800210155253353,0.2,0.2,10,10,0.5,0,0,1,1,0
1639,2024-10-23 20:30:00,HEROIC,Ninjas in Pyjamas,1580.782418003469,1448.3485689168745,132.4338490865946,0.7,0.2,10,10,0.5,2,1,1,1,1
956,2024-10-24 12:30:00,M80,BESTIA,1450.1091921940392,1482.089412582703,-31.980220388663838,0.5,0.3333333333333333,10,3,0.5,0,0,1,1,0
964,2024-10-24 18:30:00,BESTIA,BIG,1496.6208142596345,1434.4391743912145,62.18163986842001,0.5,0.4,4,10,0.5,0,0,1,1,0
220,2024-10-25 10:00:00,Eternal Fire,B8,1614.6999077065336,1505.0285013682662,109.67140633826739,0.6,0.5,10,8,1.0,1,0,1,1,1
108,2024-10-25 11:30:00,SAW,Falcons,1504.542029286968,1395.0151868123562,109.52684247461184,0.4,0.0,10,10,0.5,0,1,1,1,0
750,2024-10-25 12:45:00,paiN,Monte,1613.8346697558443,1417.339864315554,196.4948054402903,0.6,0.4,10,10,1.0,1,1,1,1,1
102,2024-10-25 15:10:00,SAW,B8,1515.6588317785672,1525.917735404104,-10.258903625536732,0.5,0.5555555555555556,10,9,0.0,1,1,1,1,1
1653,2024-10-25 15:55:00,Imperial,Ninjas in Pyjamas,1389.2863485410464,1438.1682117566743,-48.881863215627845,0.2,0.2,10,10,0.0,1,1,1,1,1
788,2024-10-25 17:45:00,MIBR,Monte,1505.605628534617,1409.5332919711734,96.07233656344351,0.5,0.4,10,10,0.5,0,0,1,1,0
957,2024-10-25 18:30:00,BESTIA,M80,1477.7874319029793,1435.5777905171078,42.209641385871464,0.4,0.4,5,10,1.0,1,1,1,1,1
336,2024-10-26 10:30:00,Eternal Fire,Falcons,1593.810673670696,1383.898384320757,209.91228934993887,0.5,0.0,10,10,1.0,4,1,1,1,1
2273,2024-10-26 13:25:00,HEROIC,fnatic,1590.9627751636692,1409.331200119249,181.6315750444203,0.7,0.2,10,10,1.0,1,1,1,1,1
2662,2024-10-26 16:00:00,Imperial,The MongolZ,1407.5227050346987,1564.2972608649204,-156.77455583022174,0.3,0.6,10,10,0.5,0,0,1,1,0
221,2024-10-26 16:00:00,B8,Eternal Fire,1509.4454326876394,1601.1704409507906,-91.72500826315127,0.5,0.5,10,10,0.5,2,1,1,1,1
959,2024-10-26 19:40:00,3DMAX,BESTIA,1503.7367209143486,1491.8531133239076,11.883607590440988,0.5,0.5,10,6,0.5,0,1,1,1,0
113,2024-10-27 11:30:00,Monte,SAW,1429.8481678177907,1532.1311344950318,-102.28296667724112,0.5,0.6,10,10,0.3333333333333333,3,0,1,1,1
271,2024-10-27 14:10:00,B8,paiN,1529.5740479842682,1621.6412421002249,-92.06719411595668,0.5,0.7,10,10,0.5,0,1,1,1,0
103,2024-10-27 17:40:00,B8,SAW,1549.7173685355654,1543.552349598255,6.1650189373103785,0.6,0.6,10,10,0.5,2,0,1,1,1
1869,2024-10-30 06:00:00,Astralis,Natus Vincere,1474.600988130151,1791.847582302814,-317.246594172663,0.1,0.8,10,10,0.0,2,1,1,1,1
1734,2024-10-30 08:15:00,FaZe,MOUZ,1617.364182608793,1659.3017992238629,-41.93761661506983,0.5,0.6,10,10,0.875,8,0,1,1,1
2456,2024-10-30 10:45:00,G2,Liquid,1712.8677524832701,1601.1655751723574,111.7021773109127,0.6,0.4,10,10,0.75,4,1,1,1,1
2843,2024-10-30 13:40:00,Spirit,Vitality,1719.7601743802431,1707.1947106163573,12.565463763885873,0.6,0.6,10,10,0.5,2,1,1,1,1
1880,2024-10-31 06:00:00,FaZe,Natus Vincere,1603.2861559105468,1764.285643431059,-160.99948752051228,0.4,0.7,10,10,0.3333333333333333,6,1,1,1,1
1720,2024-10-31 09:15:00,Astralis,MOUZ,1502.1629270019062,1673.3798259221091,-171.216898920203,0.2,0.7,10,10,0.0,1,1,1,1,1
2515,2024-10-31 11:20:00,Vitality,Liquid,1691.773119442674,1590.1394448398955,101.63367460277846,0.5,0.3,10,10,1.0,2,1,1,1,1
2556,2024-10-31 14:35:00,Spirit,G2,1735.1817655539264,1723.893882815732,11.287882738194412,0.6,0.6,10,10,0.25,4,0,1,1,1
1786,2024-11-01 08:30:00,Vitality,MOUZ,1703.2218014479522,1650.0768276399253,53.14497380802686,0.5,0.6,10,10,0.3333333333333333,3,1,1,1,1
2762,2024-11-01 11:10:00,Spirit,FaZe,1718.6621221660766,1626.2116949430015,92.45042722307517,0.6,0.5,10,10,0.6,5,1,1,1,1
2601,2024-11-02 08:35:00,G2,Vitality,1740.4135262035818,1716.793296074626,23.620230128955882,0.6,0.6,10,10,0.5,4,1,1,1,1
2701,2024-11-02 12:55:00,Astralis,Spirit,1525.46592528409,1730.5023412796852,-205.03641599559523,0.3,0.6,10,10,0.0,2,0,1,1,1
2194,2024-11-02 19:55:00,3DMAX,The MongolZ,1519.1896738736884,1573.5306629466372,-54.34098907294879,0.5,0.6,10,10,0.6666666666666666,3,0,1,1,1
2557,2024-11-03 09:00:00,Spirit,G2,1738.0223748312253,1755.3274471386499,-17.305072307424552,0.6,0.7,10,10,0.2,5,0,1,1,1
2637,2024-11-03 16:30:00,HEROIC,The MongolZ,1599.2853191741399,1587.0483762278727,12.236942946267163,0.7,0.6,10,10,0.0,1,0,1,1,1
984,2024-11-12 04:05:00,Wildcard,Liquid,1446.3405428170054,1578.6907628346173,-132.35022001761195,0.16666666666666666,0.3,6,10,0.5,0,1,1,1,0
960,2024-11-12 05:55:00,Complexity,BESTIA,1508.6688460163773,1476.4001603645677,32.26868565180962,0.6,0.42857142857142855,10,7,0.5,0,1,1,1,0
2907,2024-11-12 06:50:00,RED Canids,9z,1460.8494223203766,1369.8778541267989,90.9715681935777,0.4,0.1,10,10,0.5,0,0,1,1,0
976,2024-11-12 10:30:00,paiN,Wildcard,1601.4979215489277,1468.1568436167615,133.34107793216617,0.6,0.2857142857142857,10,7,0.5,0,0,1,1,0
1080,2024-11-12 11:55:00,RED Canids,M80,1440.7532120306485,1421.5121090961795,19.241102934468927,0.3,0.4,10,10,0.5,0,0,1,1,0
2985,2024-11-12 12:50:00,MIBR,Imperial,1485.2907526879997,1398.2893029529819,87.00144973501779,0.5,0.2,10,10,0.6,5,1,1,1,1
961,2024-11-13 05:00:00,Liquid,BESTIA,1556.8744620348612,1461.8819300777552,94.99253195710594,0.2,0.375,10,8,0.5,0,1,1,1,0
2047,2024-11-13 05:00:00,paiN,Imperial,1579.642061085534,1386.214171963607,193.4278891219269,0.6,0.1,10,10,0.6666666666666666,12,1,1,1,1
1004,2024-11-13 06:00:00,Wildcard,9z,1490.0127040801553,1389.974064416527,100.03863966362837,0.375,0.1,8,10,0.0,1,1,1,1,1
2339,2024-11-13 09:00:00,MIBR,Complexity,1497.3658836773745,1523.1870763031898,-25.82119262581523,0.5,0.6,10,10,0.0,1,1,1,1,1
2061,2024-11-14 04:00:00,paiN,9z,1587.5533033094136,1378.4577841451196,209.09551916429405,0.6,0.1,10,10,0.75,4,1,1,1,1
1054,2024-11-14 07:00:00,M80,Complexity,1438.3972898722336,1506.000150909811,-67.60286103757744,0.5,0.5,10,10,1.0,2,0,1,1,1
2504,2024-11-14 10:00:00,FURIA,Liquid,1594.4928281372684,1568.605735066957,25.887093070311266,0.6,0.3,10,10,0.25,4,0,1,1,1
958,2024-11-15 02:00:00,M80,BESTIA,1425.4718136797019,1450.1506570456593,-24.67884336595739,0.4,0.3333333333333333,10,9,0.0,2,1,1,1,1
2905,2024-11-15 05:55:00,RED Canids,Imperial,1423.8680312545944,1378.3029297397272,45.56510151486714,0.3,0.1,10,10,1.0,2,0,1,1,1
2975,2024-11-15 08:50:00,9z,FURIA,1371.0713381218295,1577.30288465971,-206.23154653788038,0.1,0.5,10,10,0.5,0,0,1,1,0
1083,2024-11-15 12:00:00,M80,FURIA,1442.6064088722376,1584.7834125895267,-142.17700371728915,0.4,0.6,10,10,0.5,0,0,1,1,0
1824,2024-11-17 04:00:00,Natus Vincere,fnatic,1741.3601043986043,1401.0086561087783,340.35144828982607,0.6,0.2,10,10,0.5,0,1,1,1,0
3014,2024-11-17 04:00:00,Vitality,GamerLegion,1701.8793751395579,1436.1386053867993,265.7407697527585,0.5,0.5,10,10,1.0,2,1,1,1,1
1767,2024-11-17 05:10:00,Nemiga,MOUZ,1477.4298615217995,1636.5053330132516,-159.07547149145216,0.375,0.6,8,10,0.5,0,0,1,1,0
2436,2024-11-17 05:25:00,FaZe,Cloud9,1614.371475829393,1524.9261348874734,89.44534094191954,0.5,0.4,10,10,1.0,3,1,1,1,1
1186,2024-11-17 10:30:00,Vitality,BetBoom,1707.5764521386977,1467.5091297776107,240.067322361087,0.5,0.5,10,10,0.5,2,1,1,1,1
35,2024-11-17 11:30:00,MOUZ,Sangal,1645.6519699460773,1540.4781852395229,105.17378470655444,0.6,0.6,10,10,0.5,0,1,1,1,0
2443,2024-11-17 11:30:00,Nemiga,Cloud9,1468.2832245889738,1512.9565929858047,-44.67336839683094,0.3333333333333333,0.4,9,10,0.5,0,0,1,1,0
537,2024-11-17 12:30:00,FaZe,Falcons,1626.3410177310616,1376.5386170406623,249.80240069039928,0.5,0.0,10,10,1.0,3,1,1,1,1
38,2024-11-18 04:00:00,Sangal,Cloud9,1529.1789015606394,1526.9105714851862,2.26833007545315,0.6,0.4,10,10,0.5,0,0,1,1,0
1132,2024-11-18 05:00:00,fnatic,BetBoom,1397.0550100319633,1461.086799107457,-64.03178907549363,0.2,0.4,10,10,0.5,2,1,1,1,1
109,2024-11-18 05:00:00,SAW,Falcons,1559.8362294186204,1370.39914089412,189.4370885245005,0.6,0.0,10,10,1.0,1,1,1,1,1
1661,2024-11-18 06:00:00,Natus Vincere,MOUZ,1745.3137504754193,1656.9512536249608,88.36249685045846,0.6,0.7,10,10,0.75,4,0,1,1,1
2793,2024-11-18 09:10:00,FaZe,Vitality,1632.480493877604,1713.9987828088515,-81.51828893124753,0.5,0.6,10,10,0.2857142857142857,7,0,1,1,1
1170,2024-11-19 05:00:00,Nemiga,BetBoom,1454.3292460895923,1442.1709646801269,12.158281409465417,0.3,0.3,10,10,0.5,0,0,1,1,0
145,2024-11-19 05:15:00,SAW,Natus Vincere,1567.8850768587615,1725.3300314133758,-157.44495455461424,0.6,0.6,10,10,0.0,1,0,1,1,1
2271,2024-11-19 08:00:00,fnatic,FaZe,1415.9708444592934,1620.1671460808438,-204.19630162155045,0.3,0.5,10,10,0.5,0,0,1,1,0
586,2024-11-19 08:00:00,Falcons,GamerLegion,1362.3502934539788,1430.4415283876594,-68.09123493368065,0.0,0.4,10,10,1.0,1,0,1,1,1
2437,2024-11-19 12:00:00,FaZe,Cloud9,1627.7150364059435,1543.0150304613587,84.70000594458475,0.6,0.4,10,10,1.0,4,1,1,1,1
130,2024-11-20 02:00:00,SAW,BetBoom,1558.6770052903098,1458.7306457867408,99.94635950356906,0.6,0.3,10,10,1.0,1,0,1,1,1
1192,2024-11-20 13:25:00,BetBoom,GamerLegion,1479.210449292234,1443.3453504450806,35.86509884715338,0.4,0.5,10,10,1.0,2,0,1,1,1
301,2024-11-21 04:00:00,Spirit,B8,1722.8186444989033,1533.4334887152,189.38515578370334,0.5,0.6,10,10,0.5,0,1,1,1,0
1213,2024-11-21 05:00:00,Virtus.pro,Passion UA,1551.7986796740017,1500.0,51.79867967400173,0.6,0.5,10,0,0.5,0,0,1,0,0
1225,2024-11-21 09:45:00,Passion UA,Spirit,1518.3678992097334,1730.8692930452935,-212.50139383556007,1.0,0.5,1,10,0.5,0,1,1,1,0
375,2024-11-21 12:10:00,Eternal Fire,3DMAX,1581.0418256541618,1505.671960592453,75.36986506170888,0.5,0.4,10,10,1.0,1,0,1,1,1
2865,2024-11-21 13:50:00,HEROIC,BIG,1582.722020031108,1453.2725567478697,129.4494632832384,0.7,0.5,10,10,0.6,5,0,1,1,1
1230,2024-11-22 06:00:00,BIG,Passion UA,1474.9725752280822,1543.0922543948182,-68.11967916673598,0.6,1.0,10,2,0.5,0,1,1,1,0
2185,2024-11-22 09:10:00,G2,3DMAX,1770.531177470972,1525.0894304931758,245.44174697779613,0.7,0.4,10,10,1.0,2,0,1,1,1
293,2024-11-22 09:20:00,Astralis,B8,1517.9458917325499,1525.3828401688097,-7.436948436259854,0.3,0.5,10,10,0.5,0,1,1,1,0
1226,2024-11-23 07:00:00,Passion UA,HEROIC,1523.994815618318,1561.0220015508955,-37.027185932577595,0.6666666666666666,0.6,3,10,0.5,0,0,1,1,0
400,2024-11-23 10:00:00,Eternal Fire,Astralis,1561.624355753439,1534.2883235672286,27.336032186210332,0.4,0.4,10,10,0.0,2,0,1,1,1
2559,2024-11-23 10:00:00,G2,Spirit,1744.7961627350016,1706.1449378602088,38.65122487479289,0.7,0.5,10,10,0.8333333333333334,6,1,1,1,1
1219,2024-11-24 05:10:00,Astralis,Passion UA,1551.5446031279525,1509.6935541200141,41.8510490079384,0.5,0.5,10,4,0.5,0,0,1,1,0
755,2024-11-24 14:00:00,Monte,ENCE,1418.4269527145675,1441.4850299854131,-23.058077270845615,0.5,0.4,10,10,0.0,1,0,1,1,1
2408,2024-11-30 03:25:00,Virtus.pro,MIBR,1533.4307804642683,1514.5528090707533,18.877971393515054,0.6,0.5,10,10,0.0,1,0,1,1,1
2971,2024-11-30 03:25:00,GamerLegion,FURIA,1460.9911575095134,1594.5784724969492,-133.58731498743578,0.5,0.6,10,10,0.5,0,1,1,1,0
2431,2024-11-30 04:25:00,Cloud9,Liquid,1530.8401309999083,1585.7956785445156,-54.95554754460727,0.3,0.3,10,10,0.5,0,0,1,1,0
1425,2024-11-30 04:25:00,Complexity,FlyQuest,1518.9256271023428,1456.8210417871599,62.10458531518293,0.6,0.4,10,10,0.5,0,0,1,1,0
1229,2024-11-30 05:25:00,BIG,Passion UA,1494.0700140045824,1527.611598243509,-33.54158423892659,0.7,0.6,10,5,1.0,1,1,1,1,1
979,2024-11-30 05:55:00,fnatic,Wildcard,1408.4229541341938,1501.5289843515627,-93.10603021736893,0.2,0.4444444444444444,10,9,0.5,0,0,1,1,0
2046,2024-11-30 07:05:00,paiN,Imperial,1594.9397493327037,1396.3893322027916,198.55041712991215,0.6,0.2,10,10,0.6923076923076923,13,1,1,1,1
2267,2024-11-30 08:50:00,fnatic,Cloud9,1396.6108720776742,1517.3500303786911,-120.73915830101691,0.2,0.3,10,10,0.5,2,0,1,1,1
1450,2024-11-30 08:55:00,BIG,FlyQuest,1511.6098801318465,1475.6509867948619,35.9588933369846,0.7,0.5,10,10,0.6666666666666666,3,0,1,1,1
1212,2024-11-30 09:50:00,Complexity,Passion UA,1500.0956820946408,1510.071732116245,-9.976050021604124,0.5,0.5,10,6,0.5,0,0,1,1,0
2660,2024-11-30 09:50:00,MIBR,The MongolZ,1531.4213172472876,1603.6116753709045,-72.19035812361699,0.6,0.7,10,10,0.0,1,0,1,1,1
983,2024-11-30 10:55:00,Liquid,Wildcard,1599.2857791657327,1513.3410664080823,85.94471275765045,0.4,0.5,10,10,0.0,1,1,1,1,1
2957,2024-11-30 11:50:00,FURIA,Imperial,1572.7127938862707,1388.6523881445162,184.0604057417545,0.6,0.2,10,10,1.0,2,1,1,1,1
2052,2024-11-30 12:00:00,paiN,GamerLegion,1602.6766933909792,1482.856836120192,119.81985727078722,0.7,0.6,10,10,0.5,0,0,1,1,0
2398,2024-12-01 03:00:00,Virtus.pro,BIG,1516.562272287734,1493.959799492907,22.60247279482701,0.5,0.6,10,10,0.6,5,0,1,1,1
1233,2024-12-01 03:00:00,MIBR,Passion UA,1518.6987756525757,1525.6124442491891,-6.913668596613434,0.6,0.5714285714285714,10,7,0.5,0,0,1,1,0
995,2024-12-01 04:00:00,FURIA,Wildcard,1580.9495289301012,1501.2201652242495,79.72936370585171,0.6,0.5,10,10,0.5,0,1,1,1,0
1961,2024-12-01 04:00:00,Cloud9,paiN,1528.0033090058635,1581.3676130129095,-53.36430400704603,0.4,0.7,10,10,0.5,0,0,1,1,0
1430,2024-12-01 05:10:00,Liquid,FlyQuest,1611.4066803495655,1493.3010674338013,118.10561291576414,0.5,0.6,10,10,1.0,1,1,1,1,1
2341,2024-12-01 08:00:00,Imperial,Complexity,1380.4156531006856,1484.5549699616965,-104.13931686101091,0.2,0.4,10,10,0.0,1,0,1,1,1
2680,2024-12-01 08:40:00,GamerLegion,The MongolZ,1504.1659164982616,1616.3342169656164,-112.16830046735481,0.6,0.7,10,10,0.5,0,0,1,1,0
2913,2024-12-02 03:00:00,BIG,FURIA,1510.9992159151939,1593.3409779133442,-82.34176199815033,0.7,0.7,10,10,1.0,3,0,1,1,1
1417,2024-12-02 06:10:00,paiN,FlyQuest,1594.9292407498256,1482.5397812564293,112.38945949339632,0.7,0.6,10,10,0.5,0,1,1,1,0
2297,2024-12-02 06:15:00,Complexity,Cloud9,1495.8978186472066,1514.4416812689474,-18.5438626217408,0.4,0.4,10,10,1.0,1,1,1,1,1
1235,2024-12-02 09:00:00,Passion UA,GamerLegion,1541.2941000619633,1493.1591694218998,48.13493064006343,0.625,0.5,8,10,0.5,0,0,1,1,0
981,2024-12-02 09:15:00,Virtus.pro,Wildcard,1499.5228558654471,1488.8287162410065,10.694139624440595,0.4,0.5,10,10,0.5,0,0,1,1,0
2331,2024-12-03 03:00:00,BIG,Complexity,1498.7217574367407,1512.7509850859046,-14.029227649163886,0.7,0.5,10,10,0.5,2,1,1,1,1
1455,2024-12-03 06:05:00,MIBR,FlyQuest,1503.0171198398016,1471.5422251805535,31.474894659248093,0.5,0.6,10,10,0.5,0,1,1,1,0
972,2024-12-03 09:00:00,Passion UA,Wildcard,1523.0914791699138,1505.32104409984,17.770435070073745,0.5555555555555556,0.6,9,10,0.5,0,0,1,1,0
1837,2024-12-05 03:00:00,Natus Vincere,Liquid,1734.5381029818275,1622.1679665269376,112.37013645488992,0.6,0.5,10,10,0.3333333333333333,3,1,1,1,1
2528,2024-12-05 03:00:00,G2,The MongolZ,1759.0235147480482,1627.3409640419782,131.68255070607006,0.7,0.8,10,10,0.5,2,0,1,1,1
2827,2024-12-05 04:05:00,Spirit,FURIA,1691.9175858471622,1605.6184363917973,86.29914945536484,0.5,0.7,10,10,1.0,4,0,1,1,1
3011,2024-12-05 04:10:00,Vitality,GamerLegion,1726.3121306056116,1511.3617903139493,214.95034029166231,0.6,0.5,10,10,1.0,3,1,1,1,1
1667,2024-12-05 05:05:00,MOUZ,paiN,1676.9349726870043,1605.9267968257013,71.00817586130302,0.7,0.7,10,10,1.0,2,1,1,1,1
988,2024-12-05 05:10:00,FaZe,Wildcard,1639.889935867394,1522.1386899986387,117.75124586875518,0.6,0.7,10,10,0.5,0,1,1,1,0
2862,2024-12-05 06:00:00,HEROIC,BIG,1575.3232630491993,1515.367476337199,59.95578671200042,0.6,0.7,10,10,0.5,6,1,1,1,1
2240,2024-12-05 06:10:00,MIBR,3DMAX,1517.5715996338374,1550.824445229146,-33.2528455953086,0.5,0.5,10,10,0.5,0,1,1,1,0
2961,2024-12-05 08:15:00,Vitality,FURIA,1733.5088333834865,1625.5128944029143,107.99593898057219,0.6,0.7,10,10,1.0,2,1,1,1,1
2521,2024-12-05 08:25:00,Liquid,GamerLegion,1611.1696075635393,1504.1650875360745,107.00452002746488,0.5,0.5,10,10,1.0,1,1,1,1,1
990,2024-12-05 09:30:00,Spirit,Wildcard,1672.0231278360452,1511.3628292311605,160.6602986048847,0.4,0.6,10,10,1.0,1,1,1,1,1
1712,2024-12-05 09:30:00,MOUZ,The MongolZ,1689.7097076037307,1649.130562043831,40.579145559899644,0.7,0.8,10,10,0.5,0,0,1,1,0
1921,2024-12-05 10:35:00,Natus Vincere,MIBR,1745.5364619452257,1535.0982909664053,210.43817097882038,0.6,0.6,10,10,0.5,0,0,1,1,0
2575,2024-12-05 10:50:00,G2,BIG,1737.2339167461953,1502.1014574502153,235.13245929597997,0.6,0.6,10,10,1.0,1,1,1,1,1
1945,2024-12-05 11:45:00,paiN,3DMAX,1593.152061908975,1533.2977538965781,59.854308012396814,0.6,0.5,10,10,0.5,0,0,1,1,0
2769,2024-12-05 11:50:00,FaZe,HEROIC,1650.665796634872,1588.589281936183,62.07651469868915,0.6,0.6,10,10,0.5,2,0,1,1,1
1893,2024-12-06 03:00:00,Natus Vincere,Spirit,1720.8790877799206,1681.110287852175,39.768799927745704,0.6,0.5,10,10,0.2,5,0,1,1,1
2502,2024-12-06 03:00:00,FURIA,Liquid,1614.332072446825,1622.3919796600155,-8.059907213190627,0.6,0.6,10,10,0.2,5,0,1,1,1
2184,2024-12-06 04:00:00,G2,3DMAX,1743.8033137707669,1552.027197965867,191.77611580489997,0.6,0.6,10,10,0.6666666666666666,3,1,1,1,1
1733,2024-12-06 04:00:00,MOUZ,FaZe,1671.8494201490316,1631.83710390449,40.01231624454158,0.6,0.6,10,10,0.2222222222222222,9,0,1,1,1
1001,2024-12-06 05:10:00,Wildcard,GamerLegion,1502.2756692150308,1492.9427154395983,9.332953775432543,0.6,0.5,10,10,0.5,0,0,1,1,0
2991,2024-12-06 05:25:00,MIBR,Vitality,1559.7556651317104,1744.689655339576,-184.93399020786546,0.6,0.7,10,10,0.5,0,0,1,1,0
2005,2024-12-06 08:00:00,BIG,paiN,1495.5320604256437,1574.4226178396862,-78.8905574140424,0.6,0.5,10,10,0.5,0,0,1,1,0
2636,2024-12-06 08:10:00,HEROIC,The MongolZ,1607.417974666565,1666.9908494985302,-59.57287483196524,0.7,0.9,10,10,0.0,2,0,1,1,1
2545,2024-12-07 03:00:00,FaZe,G2,1649.671635914687,1751.771317909805,-102.09968199511809,0.7,0.7,10,10,0.3333333333333333,6,0,1,1,1
1674,2024-12-07 03:00:00,3DMAX,MOUZ,1544.0591938268287,1654.0148881388347,-109.95569431200602,0.6,0.5,10,10,0.5,0,0,1,1,0
1936,2024-12-07 06:00:00,Natus Vincere,GamerLegion,1703.0556235686845,1509.3724104949642,193.68321307372025,0.5,0.6,10,10,0.5,0,1,1,1,0
2509,2024-12-07 06:00:00,Liquid,MIBR,1638.0208737850842,1551.5496515162267,86.47122226885745,0.7,0.6,10,10,0.5,0,1,1,1,0
2812,2024-12-07 09:00:00,HEROIC,Spirit,1594.1348336859362,1698.933752063411,-104.79891837747482,0.6,0.5,10,10,0.0,3,0,1,1,1
2012,2024-12-07 09:00:00,paiN,FURIA,1586.850750316472,1598.7031783217562,-11.85242800528431,0.6,0.6,10,10,0.5,0,0,1,1,0
1780,2024-12-08 03:05:00,MOUZ,MIBR,1665.1137876192345,1539.4515633995557,125.66222421967882,0.6,0.6,10,10,0.5,0,1,1,1,0
1904,2024-12-08 06:00:00,Natus Vincere,HEROIC,1710.958116056213,1582.8197718614704,128.13834419474256,0.5,0.5,10,10,0.5,2,0,1,1,1
2778,2024-12-08 09:10:00,FURIA,FaZe,1614.157565479937,1638.2426703161657,-24.085104836228766,0.7,0.6,10,10,0.5,2,0,1,1,1
1713,2024-12-12 06:00:00,The MongolZ,MOUZ,1680.273990479159,1675.566630426838,4.707360052321064,0.9,0.6,10,10,1.0,1,0,1,1,1
2483,2024-12-12 09:30:00,Liquid,Spirit,1650.1189619017553,1710.2488138878768,-60.129851986121594,0.8,0.6,10,10,1.0,2,0,1,1,1
2572,2024-12-13 06:00:00,G2,HEROIC,1763.2002835083263,1604.4670033883765,158.73328011994977,0.8,0.6,10,10,0.75,4,1,1,1,1
2792,2024-12-13 10:25:00,FaZe,Vitality,1653.1352835703901,1752.8956689550596,-99.76038538466946,0.7,0.8,10,10,0.25,8,1,1,1,1
1745,2024-12-14 06:00:00,Spirit,MOUZ,1723.5070514896674,1691.7833991044631,31.723652385204332,0.6,0.7,10,10,0.6,5,1,1,1,1
2546,2024-12-14 10:35:00,FaZe,G2,1673.6071928608433,1772.3597931351967,-98.75260027435343,0.7,0.8,10,10,0.2857142857142857,7,1,1,1,1
2760,2024-12-15 09:25:00,Spirit,FaZe,1738.0501698080304,1694.0362827686215,44.01388703940893,0.6,0.7,10,10,0.6666666666666666,6,1,1,1,1
1456,2025-01-14 11:00:00,FlyQuest,MIBR,1456.9877453865176,1528.9987205919522,-72.01097520543453,0.6,0.5,10,10,0.0,1,1,1,1,1
2220,2025-01-14 13:20:00,HEROIC,3DMAX,1595.307493761506,1532.960294346429,62.34719941507706,0.5,0.5,10,10,1.0,2,1,1,1,1
2272,2025-01-14 19:00:00,fnatic,Spirit,1385.957593450502,1752.0340291382122,-366.0764356877103,0.2,0.7,10,10,0.5,0,0,1,1,0
987,2025-01-15 11:00:00,Wildcard,Astralis,1485.8459741596648,1533.6265590044577,-47.780584844792884,0.5,0.5,10,10,0.5,0,0,1,1,0
187,2025-01-15 13:20:00,BIG,SAW,1483.103927948858,1538.1972017848166,-55.0932738359586,0.5,0.5,10,10,0.5,2,1,1,1,1
489,2025-01-15 15:45:00,ENCE,Falcons,1456.4247225400852,1349.4464713965576,106.97825114352759,0.5,0.0,10,10,0.0,2,0,1,1,1
2294,2025-01-16 11:00:00,Virtus.pro,Complexity,1483.0305280066136,1496.1052661854465,-13.074738178832831,0.4,0.5,10,10,0.3333333333333333,3,1,1,1,1
1075,2025-01-16 15:40:00,FaZe,M80,1680.0524234384397,1432.8113489648151,247.24107447362462,0.7,0.3,10,10,1.0,1,1,1,1,1
2053,2025-01-17 11:00:00,paiN,GamerLegion,1571.3963631582913,1501.4699180074358,69.92644515085544,0.6,0.6,10,10,0.0,1,1,1,1,1
1120,2025-01-17 18:00:00,MOUZ,BetBoom,1677.2402807861001,1461.5646422278012,215.67563855829894,0.7,0.4,10,10,1.0,2,0,1,1,1
287,2025-01-17 22:00:00,B8,G2,1509.040408334131,1751.9307032274185,-242.89029489328755,0.4,0.7,10,10,0.5,0,0,1,1,0
2493,2025-01-18 11:00:00,HEROIC,Liquid,1608.4667268245778,1636.8607242999647,-28.39399747538687,0.5,0.8,10,10,0.0,1,1,1,1,1
1989,2025-01-18 14:25:00,paiN,FaZe,1584.2189192630888,1686.265386322511,-102.04646705942218,0.6,0.7,10,10,0.0,2,1,1,1,1
1441,2025-01-18 17:20:00,FlyQuest,Spirit,1476.257288692773,1755.502470865648,-279.24518217287505,0.7,0.7,10,10,0.0,1,0,1,1,1
1870,2025-01-18 19:10:00,Astralis,Natus Vincere,1547.4399493297842,1689.3108845293068,-141.8709351995226,0.6,0.4,10,10,0.3333333333333333,3,0,1,1,1
338,2025-01-19 11:00:00,Eternal Fire,Falcons,1544.368076192715,1370.2229974112688,174.14507878144627,0.3,0.1,10,10,1.0,5,1,1,1,1
1176,2025-01-19 13:40:00,FURIA,BetBoom,1599.2649522257125,1486.3912024739748,112.8737497517377,0.6,0.5,10,10,1.0,1,0,1,1,1
2417,2025-01-19 17:30:00,Vitality,Virtus.pro,1732.4237596646065,1499.6323578788183,232.79140178578814,0.8,0.5,10,10,0.0,2,1,1,1,1
2576,2025-01-19 19:35:00,G2,BIG,1758.2700202861913,1501.6200133970847,256.65000688910663,0.7,0.5,10,10,1.0,2,1,1,1,1
945,2025-01-20 13:00:00,500,M80,1500.0,1426.598386080744,73.40161391925608,0.5,0.3,0,10,0.5,0,1,0,1,0
946,2025-01-21 12:45:00,M80,500,1413.9292459852713,1512.6691400954726,-98.73989411020125,0.2,1.0,10,1,0.0,1,0,1,1,1
2816,2025-01-23 15:00:00,HEROIC,Spirit,1625.7714153983115,1760.8445807606815,-135.07316536237,0.6,0.8,10,10,0.0,4,0,1,1,1
1144,2025-01-23 18:00:00,BetBoom,G2,1507.4137599125966,1764.2162932488786,-256.80253333628207,0.5,0.7,10,10,0.5,0,0,1,1,0
428,2025-01-24 15:00:00,Eternal Fire,Vitality,1552.9587353468467,1739.0637919601425,-186.1050566132958,0.3,0.8,10,10,1.0,2,1,1,1,1
1814,2025-01-24 18:15:00,Natus Vincere,paiN,1699.1179236794544,1604.787702945359,94.33022073409552,0.5,0.6,10,10,1.0,2,1,1,1,1
391,2025-01-25 15:00:00,Eternal Fire,G2,1576.7937868004549,1770.158316633999,-193.3645298335441,0.4,0.8,10,10,0.5,2,1,1,1,1
1896,2025-01-25 19:05:00,Spirit,Natus Vincere,1770.9197656768238,1710.8775406277543,60.04222504906943,0.9,0.6,10,10,0.8333333333333334,6,1,1,1,1
407,2025-01-26 15:00:00,Eternal Fire,Spirit,1600.8803722999337,1784.1819203215944,-183.30154802166066,0.5,1.0,10,10,0.0,1,0,1,1,1
1423,2025-01-29 09:30:00,FlyQuest,3DMAX,1470.9151787977396,1519.8010612833573,-48.885882485617685,0.6,0.5,10,10,0.5,0,0,1,1,0
1959,2025-01-29 09:30:00,Virtus.pro,paiN,1492.9923255832823,1593.028085997059,-100.03576041377664,0.4,0.5,10,10,0.5,2,0,1,1,1
203,2025-01-29 12:00:00,SAW,GamerLegion,1519.6811163365899,1488.6473619026383,31.03375443395157,0.5,0.5,10,10,1.0,1,0,1,1,1
2734,2025-01-29 12:00:00,Astralis,MIBR,1537.6329101796366,1509.7291772856968,27.903732893939832,0.5,0.4,10,10,0.5,0,0,1,1,0
994,2025-01-29 14:35:00,Wildcard,BIG,1472.0325838343383,1495.6737404343974,-23.64115660005905,0.4,0.4,10,10,0.5,0,1,1,1,0
382,2025-01-29 17:00:00,Eternal Fire,Complexity,1592.6168895165445,1479.5034363132418,113.1134532033027,0.4,0.4,10,10,0.0,2,1,1,1,1
2496,2025-01-29 17:55:00,Liquid,HEROIC,1619.556035726231,1615.6962304821695,3.859805244061363,0.7,0.6,10,10,0.5,2,0,1,1,1
283,2025-01-30 12:00:00,fnatic,B8,1382.489151723066,1502.701091275358,-120.21193955229205,0.2,0.3,10,10,0.5,0,0,1,1,0
167,2025-01-30 12:30:00,Virtus.pro,SAW,1481.4759231299026,1502.255747871931,-20.779824742028268,0.3,0.5,10,10,1.0,4,1,1,1,1
2055,2025-01-30 12:30:00,GamerLegion,paiN,1506.0727303672973,1604.5444884504386,-98.47175808314137,0.5,0.6,10,10,0.5,2,1,1,1,1
1434,2025-01-30 15:00:00,FlyQuest,Astralis,1457.1517167692673,1520.3506515663144,-63.19893479704706,0.5,0.5,10,10,0.5,0,0,1,1,0
2243,2025-01-30 15:00:00,3DMAX,MIBR,1533.5645233118296,1527.011435899019,6.553087412810555,0.5,0.4,10,10,0.0,1,1,1,1,1
412,2025-01-30 18:10:00,Eternal Fire,HEROIC,1603.5843832341195,1631.873973770264,-28.289590536144487,0.5,0.6,10,10,0.5,2,1,1,1,1
2303,2025-01-31 12:30:00,Liquid,Complexity,1603.3782924381364,1468.5359425956667,134.84234984246973,0.6,0.4,10,10,0.8,5,1,1,1,1
997,2025-01-31 12:30:00,Wildcard,FURIA,1489.1196221545297,1578.2423947870907,-89.12277263256101,0.4,0.5,10,10,0.0,1,0,1,1,1
2867,2025-01-31 15:00:00,HEROIC,BIG,1614.5740614602096,1478.586702114206,135.9873593460036,0.5,0.3,10,10,0.5714285714285714,7,0,1,1,1
2412,2025-01-31 15:45:00,Virtus.pro,MIBR,1498.4317300123364,1511.3131809458612,-12.881450933524775,0.3,0.4,10,10,0.0,2,1,1,1,1
985,2025-01-31 17:30:00,Liquid,Wildcard,1613.4626515178552,1477.1361648018913,136.32648671596394,0.6,0.3,10,10,0.5,2,1,1,1,1
1982,2025-01-31 17:50:00,Astralis,paiN,1533.471913833043,1584.127343420285,-50.655429587242,0.6,0.5,10,10,0.5,0,1,1,1,0
2247,2025-02-01 12:30:00,3DMAX,Vitality,1549.2627782649874,1715.2287405065342,-165.96596224154678,0.5,0.7,10,10,0.5,0,0,1,1,0
340,2025-02-01 12:30:00,Eternal Fire,Falcons,1620.884295544174,1361.6323382571372,259.2519572870367,0.6,0.1,10,10,1.0,6,1,1,1,1
2773,2025-02-01 15:00:00,BIG,FaZe,1500.5478090465365,1665.6966026402408,-165.14879359370434,0.4,0.6,10,10,0.5,0,0,1,1,0
2358,2025-02-01 15:00:00,Virtus.pro,G2,1515.024671086647,1746.0717311345202,-231.04706004787317,0.4,0.7,10,10,0.0,3,1,1,1,1
1804,2025-02-01 17:40:00,GamerLegion,MOUZ,1526.489875397451,1652.4137205399265,-125.92384514247556,0.5,0.6,10,10,0.0,2,1,1,1,1
1915,2025-02-01 18:05:00,FURIA,Natus Vincere,1590.225852139729,1697.6153859829838,-107.38953384325464,0.6,0.5,10,10,0.5,2,0,1,1,1
2703,2025-02-02 12:30:00,Astralis,Spirit,1551.7882926442617,1792.4454031049836,-240.65711046072192,0.6,1.0,10,10,0.0,3,0,1,1,1
2462,2025-02-02 12:30:00,The MongolZ,Liquid,1664.0572218015338,1623.488099902395,40.569121899138736,0.9,0.6,10,10,0.5,0,1,1,1,0
516,2025-02-02 15:00:00,G2,Falcons,1720.7647578254853,1355.7582379108799,365.0065199146054,0.7,0.1,10,10,1.0,2,1,1,1,1
384,2025-02-02 15:45:00,Virtus.pro,Eternal Fire,1540.331644395682,1626.7583958904313,-86.4267514947494,0.4,0.6,10,10,0.0,1,1,1,1,1
2795,2025-02-02 18:10:00,Vitality,FaZe,1724.1184933179472,1674.6165873246102,49.501905993337004,0.8,0.6,10,10,0.6666666666666666,9,1,1,1,1
2227,2025-02-02 19:25:00,BIG,3DMAX,1491.627824362167,1540.3730254535744,-48.74520109140735,0.3,0.5,10,10,0.5,0,0,1,1,0
1697,2025-02-03 12:30:00,Liquid,MOUZ,1609.3479319890391,1630.8559661959794,-21.508034206940238,0.5,0.5,10,10,0.0,2,1,1,1,1
2681,2025-02-03 12:30:00,GamerLegion,The MongolZ,1548.0476297413982,1678.1973897148898,-130.14975997349165,0.5,0.9,10,10,0.0,1,0,1,1,1
2722,2025-02-03 15:00:00,Astralis,FURIA,1545.3833725786278,1579.0196243276926,-33.63625174906474,0.5,0.5,10,10,0.0,1,1,1,1,1
1897,2025-02-03 15:00:00,Spirit,Natus Vincere,1798.8503231706175,1708.8216137950203,90.02870937559715,1.0,0.6,10,10,0.8571428571428571,7,0,1,1,1
376,2025-02-03 18:35:00,3DMAX,Eternal Fire,1554.1428398701717,1606.8584102254042,-52.71557035523256,0.5,0.6,10,10,0.5,2,0,1,1,1
2550,2025-02-03 18:45:00,G2,FaZe,1724.252292042832,1660.8809329923013,63.37135905053083,0.7,0.6,10,10,0.625,8,0,1,1,1
2487,2025-02-04 12:30:00,Liquid,Spirit,1626.3371502496445,1778.7947153614596,-152.45756511181503,0.6,0.9,10,10,0.6666666666666666,3,0,1,1,1
2746,2025-02-04 12:30:00,Astralis,GamerLegion,1562.927557811891,1537.775784847384,25.15177296450679,0.6,0.5,10,10,0.5,0,0,1,1,0
2419,2025-02-04 15:00:00,Virtus.pro,Vitality,1560.231630060709,1737.8541476502562,-177.62251758954721,0.5,0.8,10,10,0.6666666666666666,3,0,1,1,1
405,2025-02-04 15:00:00,Eternal Fire,FaZe,1620.4492276628057,1679.7673534247879,-59.318125761982174,0.7,0.6,10,10,0.25,4,1,1,1,1
1857,2025-02-04 17:30:00,Natus Vincere,The MongolZ,1728.8772216041782,1688.469234608904,40.407986995274314,0.6,0.9,10,10,1.0,1,1,1,1,1
2853,2025-02-04 17:45:00,Spirit,GamerLegion,1788.1922188882231,1554.9320476302862,233.26017125793692,0.9,0.5,10,10,0.5,0,1,1,1,0
139,2025-02-05 10:00:00,SAW,BC.Game,1485.2999409894971,1500.0,-14.700059010502855,0.5,0.5,10,0,0.5,0,0,1,0,0
1096,2025-02-05 13:00:00,BetBoom,Passion UA,1501.4717365274762,1506.273833271115,-4.802096743638913,0.4,0.5,10,10,0.5,0,0,1,1,0
949,2025-02-05 13:00:00,BC.Game,500,1515.3234409311528,1524.2405904953437,-8.917149564190822,1.0,1.0,1,2,0.5,0,1,1,1,0
241,2025-02-05 13:45:00,PARIVISION,B8,1500.0,1513.3759488859157,-13.375948885915705,0.5,0.4,0,10,0.5,0,0,0,1,0
2908,2025-02-05 21:25:00,RED Canids,9z,1405.78162879153,1363.5908101920127,42.19081859951734,0.3,0.1,10,10,0.0,1,1,1,1,1
126,2025-02-06 10:00:00,SAW,500,1469.9765000583443,1507.8300307267432,-37.85353066839889,0.4,0.6666666666666666,10,3,0.5,0,0,1,1,0
242,2025-02-07 10:00:00,B8,PARIVISION,1528.7602678288176,1484.615681057098,44.14458677171956,0.5,0.0,10,1,1.0,1,0,1,1,1
950,2025-02-07 10:00:00,BC.Game,500,1531.7340006997533,1522.0936761765313,9.640324523222034,1.0,0.75,2,4,1.0,1,0,1,1,1
1097,2025-02-07 11:00:00,Passion UA,BetBoom,1522.0527026246352,1485.692867173956,36.35983545067916,0.5,0.4,10,10,1.0,1,1,1,1,1
397,2025-02-07 14:45:00,Eternal Fire,The MongolZ,1639.1546918987663,1674.3217460283533,-35.167054129587086,0.8,0.8,10,10,0.4,5,0,1,1,1
2384,2025-02-07 18:20:00,Virtus.pro,Spirit,1551.7661864297722,1794.8180625357968,-243.05187610602457,0.5,0.9,10,10,0.5,4,0,1,1,1
1294,2025-02-08 10:00:00,PARIVISION,GamerLegion,1502.6377448208648,1548.3062039827125,-45.66845916184775,0.5,0.5,2,10,0.5,0,1,1,1,0
1228,2025-02-08 10:00:00,Passion UA,HEROIC,1536.3843564811596,1592.612954527879,-56.228598046719526,0.5,0.4,10,10,0.0,1,0,1,1,1
954,2025-02-08 13:00:00,500,BIG,1538.5375156290522,1477.8580099455698,60.679505683482375,0.8,0.3,5,10,0.5,0,1,1,1,0
2669,2025-02-08 14:45:00,The MongolZ,Vitality,1688.7077515114242,1746.319591281193,-57.61183976976872,0.8,0.8,10,10,0.0,3,0,1,1,1
1898,2025-02-08 18:00:00,Natus Vincere,Spirit,1743.0247101847287,1801.1526525978563,-58.127942413127585,0.6,0.9,10,10,0.25,8,0,1,1,1
2004,2025-02-08 19:40:00,RED Canids,paiN,1419.848164370301,1565.810964609066,-145.9628002387651,0.4,0.4,10,10,0.0,2,0,1,1,1
1283,2025-02-09 10:00:00,HEROIC,PARIVISION,1606.0459047719778,1520.7288259613217,85.31707881065608,0.5,0.6666666666666666,10,3,0.5,0,0,1,1,0
952,2025-02-09 13:00:00,500,Astralis,1551.7711907054859,1545.7712950289888,5.99989567649709,0.8333333333333334,0.5,6,10,0.5,0,0,1,1,0
2050,2025-02-09 15:05:00,Imperial,paiN,1369.0728044151756,1575.4585315759223,-206.38572716074668,0.2,0.5,10,10,0.2857142857142857,14,1,1,1,1
2847,2025-02-09 16:00:00,Vitality,Spirit,1759.690520564208,1814.5004618572339,-54.80994129302576,0.8,0.9,10,10,0.3333333333333333,3,1,1,1,1
1275,2025-02-09 16:30:00,PARIVISION,Astralis,1540.5807081992095,1562.047572972421,-21.466864773211455,0.75,0.5,4,10,0.5,0,0,1,1,0
2988,2025-02-09 21:30:00,Imperial,MIBR,1393.597362484029,1494.7202398715506,-101.12287738752161,0.3,0.4,10,10,0.3333333333333333,6,1,1,1,1
1171,2025-02-10 10:00:00,Nemiga,BetBoom,1437.7695649829784,1471.3612133174317,-33.59164833445334,0.3,0.4,10,10,0.0,1,0,1,1,1
1473,2025-02-10 10:00:00,BIG,BC.Game,1464.6243348691362,1515.2901612472324,-50.6658263780962,0.2,0.6666666666666666,10,3,0.5,0,0,1,1,0
445,2025-02-10 16:00:00,BetBoom,Falcons,1485.819063039983,1352.270703693533,133.54835934644984,0.5,0.1,10,10,0.3333333333333333,3,0,1,1,1
1470,2025-02-10 16:20:00,BC.Game,Astralis,1528.9733136832892,1577.0602434010211,-48.08692971773189,0.75,0.6,4,10,0.5,0,1,1,1,0
2224,2025-02-10 19:00:00,3DMAX,HEROIC,1540.5520224327702,1586.19402253409,-45.64200010131981,0.4,0.5,10,10,0.0,3,1,1,1,1
623,2025-02-11 07:10:00,Rare Atom,TYLOO,1500.0,1400.4694017026156,99.53059829738436,0.5,0.2,0,10,0.5,0,1,0,1,0
2868,2025-02-11 10:00:00,HEROIC,BIG,1568.1041390779303,1450.9411824330793,117.16295664485096,0.4,0.2,10,10,0.5,8,1,1,1,1
1152,2025-02-11 19:00:00,BetBoom,Astralis,1463.954937358151,1558.8597911820104,-94.90485382385941,0.5,0.5,10,10,0.0,2,0,1,1,1
951,2025-02-13 15:00:00,500,fnatic,1535.4949127620537,1371.8142941125084,163.6806186495453,0.7142857142857143,0.2,7,10,0.5,0,0,1,1,0
1766,2025-02-14 08:00:00,BIG,MOUZ,1440.1411047726158,1613.866747935374,-173.72564316275816,0.2,0.4,10,10,0.5,0,0,1,1,0
2174,2025-02-14 08:50:00,3DMAX,Virtus.pro,1558.6419058889298,1545.4315963677127,13.210309521217141,0.5,0.5,10,10,0.0,1,1,1,1,1
180,2025-02-14 10:20:00,FaZe,SAW,1661.0618891888273,1455.7128546085562,205.3490345802711,0.6,0.3,10,10,0.5,2,1,1,1,1
458,2025-02-14 12:10:00,FlyQuest,Falcons,1444.0304545025388,1374.134829375365,69.89562512717384,0.4,0.2,10,10,0.5,0,0,1,1,0
2311,2025-02-14 12:15:00,Complexity,The MongolZ,1458.451583515948,1675.3368222284091,-216.88523871246116,0.3,0.7,10,10,0.0,2,0,1,1,1
1979,2025-02-14 14:15:00,paiN,Astralis,1550.933973507069,1570.594814789161,-19.66084128209218,0.5,0.6,10,10,0.0,1,1,1,1,1
999,2025-02-14 14:20:00,Wildcard,MIBR,1467.1107164173513,1474.190550594016,-7.07983417666469,0.3,0.3,10,10,0.5,0,1,1,1,0
316,2025-02-14 16:00:00,Nemiga,B8,1423.3117152604273,1510.738204065051,-87.42648880462366,0.3,0.4,10,10,0.5,0,0,1,1,0
948,2025-02-14 18:00:00,500,BC.Game,1512.4693720382622,1547.1737659023,-34.704393864037684,0.625,0.8,8,5,0.5,2,0,1,1,1
1209,2025-02-14 19:00:00,Passion UA,ENCE,1522.9514062370608,1435.648196525374,87.3032097116868,0.5,0.5,10,10,0.5,0,0,1,1,0
1451,2025-02-15 08:00:00,BIG,FlyQuest,1431.5352636058105,1424.8543739708448,6.680889634965752,0.2,0.3,10,10,0.5,4,1,1,1,1
1676,2025-02-15 08:00:00,3DMAX,MOUZ,1574.0338416507668,1622.4725891021792,-48.43874745141238,0.5,0.4,10,10,0.0,1,0,1,1,1
986,2025-02-15 10:20:00,Wildcard,The MongolZ,1483.4367097096704,1682.4715846511574,-199.03487494148703,0.4,0.7,10,10,0.5,0,0,1,1,0
2295,2025-02-15 10:45:00,Virtus.pro,Complexity,1530.0396606058757,1451.3168210931997,78.72283951267605,0.5,0.3,10,10,0.5,4,1,1,1,1
230,2025-02-15 11:30:00,B8,500,1522.7949446461905,1498.0622742481044,24.732670398086157,0.5,0.5555555555555556,10,9,0.5,0,0,1,1,0
406,2025-02-15 13:05:00,Eternal Fire,FaZe,1624.7686864156954,1668.5715750379336,-43.80288862223824,0.7,0.6,10,10,0.4,5,0,1,1,1
177,2025-02-15 15:00:00,SAW,Astralis,1448.20316875945,1553.6903648078764,-105.48719604842654,0.2,0.6,10,10,0.0,1,0,1,1,1
482,2025-02-15 16:15:00,Falcons,paiN,1393.3109099070589,1567.8384234883536,-174.52751358129467,0.3,0.5,10,10,0.0,1,0,1,1,1
2241,2025-02-16 08:00:00,MIBR,3DMAX,1457.864557301697,1560.2501870150759,-102.38562971337888,0.2,0.5,10,10,0.5,2,0,1,1,1
415,2025-02-16 08:00:00,Eternal Fire,BIG,1610.775263804675,1447.2276351834823,163.54762862119264,0.6,0.2,10,10,0.5,2,1,1,1,1
982,2025-02-16 10:10:00,Virtus.pro,Wildcard,1542.4751326430949,1475.7161136174502,66.75901902564465,0.5,0.3,10,10,0.0,1,1,1,1,1
532,2025-02-16 10:15:00,Falcons,Astralis,1384.7340786871014,1564.976464659224,-180.24238597212252,0.3,0.6,10,10,0.0,3,1,1,1,1
1740,2025-02-16 13:25:00,FaZe,MOUZ,1682.564997648954,1636.2562437378701,46.30875391108384,0.6,0.5,10,10,0.8,10,1,1,1,1
137,2025-02-16 14:10:00,FlyQuest,SAW,1409.162002393173,1436.9170689081025,-27.755066514929467,0.2,0.1,10,10,1.0,1,0,1,1,1
1975,2025-02-16 15:40:00,paiN,The MongolZ,1576.415254708311,1690.1921807433775,-113.77692603506648,0.6,0.7,10,10,1.0,2,0,1,1,1
470,2025-02-17 11:00:00,MOUZ,Falcons,1622.3763008810215,1408.3621957230082,214.0141051580133,0.5,0.4,10,10,1.0,1,0,1,1,1
993,2025-02-17 11:00:00,Wildcard,BIG,1462.753194566063,1438.248231480996,24.504963085066947,0.2,0.2,10,10,1.0,1,0,1,1,1
2730,2025-02-17 14:00:00,Astralis,MIBR,1541.348347623317,1446.4476824522746,94.90066517104242,0.5,0.1,10,10,0.0,1,1,1,1,1
377,2025-02-17 14:15:00,3DMAX,Eternal Fire,1571.6670618644982,1619.7546675071612,-48.08760564266299,0.6,0.6,10,10,0.3333333333333333,3,0,1,1,1
1957,2025-02-17 17:35:00,Virtus.pro,paiN,1555.438051694482,1565.4752757667165,-10.037224072234494,0.6,0.5,10,10,0.3333333333333333,3,0,1,1,1
161,2025-02-17 18:30:00,Complexity,SAW,1438.8813490559805,1451.6416128960602,-12.760263840079688,0.2,0.1,10,10,0.5,0,0,1,1,0
2719,2025-02-18 08:00:00,BIG,Astralis,1455.3748591745295,1553.0835504195516,-97.70869124502201,0.3,0.6,10,10,0.0,2,0,1,1,1
155,2025-02-18 10:15:00,SAW,3DMAX,1467.0542451009385,1557.867544622248,-90.81329952130955,0.2,0.6,10,10,0.2,5,1,1,1,1
1691,2025-02-18 12:55:00,MOUZ,Virtus.pro,1597.6031113163262,1539.900154395061,57.70295692126524,0.4,0.6,10,10,1.0,1,1,1,1,1
2714,2025-02-20 13:00:00,HEROIC,Astralis,1578.9042167383939,1564.6988873053958,14.205329432998042,0.5,0.6,10,10,0.8,5,1,1,1,1
1670,2025-02-21 08:00:00,MOUZ,paiN,1610.9699579703806,1581.0131730661378,29.956784904242795,0.4,0.5,10,10,1.0,3,1,1,1,1
2618,2025-02-21 10:50:00,The MongolZ,Astralis,1701.132159684972,1549.3527026177992,151.77945706717287,0.7,0.6,10,10,0.5,2,0,1,1,1
341,2025-02-21 13:55:00,Falcons,Eternal Fire,1433.1353852877035,1633.5541847494114,-200.41879946170798,0.5,0.7,10,10,0.0,7,1,1,1,1
181,2025-02-21 17:40:00,FaZe,SAW,1696.4449405058026,1487.1436437659563,209.3012967398463,0.6,0.3,10,10,0.6666666666666666,3,1,1,1,1
1722,2025-02-22 15:00:00,MOUZ,Astralis,1625.5938056109808,1571.9292678743682,53.6645377366126,0.4,0.6,10,10,0.5,2,1,1,1,1
72,2025-02-22 16:00:00,OG,BC.Game,1444.5975135040615,1561.5808636924578,-116.98335018839634,0.4,0.8333333333333334,10,6,0.5,0,1,1,1,0
539,2025-02-22 19:00:00,Falcons,FaZe,1457.4613596464342,1703.8246586974246,-246.36329905099046,0.6,0.7,10,10,0.0,4,1,1,1,1
2695,2025-02-23 13:00:00,Astralis,FaZe,1558.3811435115624,1678.062958867384,-119.68181535582153,0.5,0.6,10,10,0.6666666666666666,3,1,1,1,1
253,2025-02-23 17:20:00,BC.Game,B8,1540.3883401606827,1505.6578831192126,34.73045704147012,0.7142857142857143,0.4,7,10,0.5,0,0,1,1,0
471,2025-02-23 17:50:00,Falcons,MOUZ,1483.2230594764749,1639.1419299737865,-155.91887049731167,0.6,0.5,10,10,0.5,2,0,1,1,1
1242,2025-02-26 12:10:00,BC.Game,PARIVISION,1522.7942496023247,1525.5680377706094,-2.773788168284682,0.625,0.6,8,5,0.5,0,0,1,1,0
1243,2025-02-28 15:00:00,PARIVISION,BC.Game,1541.4403028187035,1506.9219845542307,34.51831826447278,0.6666666666666666,0.5555555555555556,6,9,1.0,1,1,1,1,1
1034,2025-03-01 09:30:00,M80,FlyQuest,1402.3577955854003,1394.4374584052152,7.920337180185015,0.2,0.1,10,10,0.5,0,1,1,1,0
184,2025-03-01 12:00:00,SAW,HEROIC,1479.7639255743343,1594.2504014259905,-114.48647585165622,0.3,0.5,10,10,0.5,0,1,1,1,0
2066,2025-03-01 12:00:00,TYLOO,3DMAX,1388.931553746111,1537.7781459572302,-148.8465922111193,0.2,0.5,10,10,0.5,0,1,1,1,0
2937,2025-03-01 14:30:00,Nemiga,MIBR,1411.2549746792877,1434.7124796560402,-23.45750497675249,0.3,0.1,10,10,0.5,0,0,1,1,0
373,2025-03-02 12:00:00,Eternal Fire,TYLOO,1609.2282103906807,1411.3954864243603,197.83272396632037,0.6,0.3,10,10,1.0,1,0,1,1,1
193,2025-03-02 14:30:00,SAW,FURIA,1500.8533355029144,1561.4754390944295,-60.62210359151504,0.4,0.4,10,10,0.0,1,1,1,1,1
2995,2025-03-02 17:00:00,MIBR,GamerLegion,1449.6338600689676,1530.2151228422556,-80.58126277328802,0.2,0.5,10,10,1.0,1,0,1,1,1
1044,2025-03-02 17:50:00,M80,paiN,1417.9931137497776,1566.3893254255377,-148.39621167576001,0.3,0.5,10,10,0.5,0,1,1,1,0
2222,2025-03-03 09:30:00,HEROIC,3DMAX,1573.1609914974104,1515.3142132789808,57.84677821842956,0.4,0.4,10,10,0.75,4,0,1,1,1
2110,2025-03-03 12:10:00,GamerLegion,TYLOO,1542.5693566142709,1435.6342805994373,106.93507601483361,0.5,0.4,10,10,0.5,0,1,1,1,0
128,2025-03-03 14:30:00,SAW,M80,1519.617095909731,1440.4396817120128,79.17741419771824,0.5,0.4,10,10,0.5,0,1,1,1,0
2951,2025-03-03 15:20:00,MIBR,FURIA,1437.2796262969523,1542.711678687613,-105.4320523906606,0.2,0.3,10,10,0.5,2,1,1,1,1
1418,2025-03-03 17:35:00,FlyQuest,paiN,1378.8021402408378,1543.9427574633025,-165.1406172224647,0.1,0.4,10,10,0.0,1,1,1,1,1
2872,2025-03-04 12:30:00,HEROIC,Nemiga,1554.5213947582652,1396.3335942663603,158.1878004919049,0.4,0.2,10,10,0.5,0,0,1,1,0
2106,2025-03-04 12:30:00,MIBR,TYLOO,1457.9912073035002,1424.4089954587873,33.5822118447129,0.3,0.3,10,10,0.5,0,1,1,1,0
357,2025-03-04 15:00:00,FlyQuest,Eternal Fire,1401.8818527458886,1584.9894162156038,-183.10756346971516,0.2,0.5,10,10,0.0,1,0,1,1,1
1049,2025-03-04 17:30:00,M80,3DMAX,1428.024098805241,1533.953810018126,-105.92971121288497,0.4,0.5,10,10,0.5,0,0,1,1,0
1419,2025-03-05 12:30:00,FlyQuest,TYLOO,1393.6115234373735,1409.950715205798,-16.33919176842437,0.2,0.3,10,10,0.5,0,0,1,1,0
2009,2025-03-05 16:30:00,Nemiga,paiN,1419.1535421461754,1520.8630449582517,-101.70950281207638,0.3,0.4,10,10,0.5,0,0,1,1,0
1085,2025-03-05 19:50:00,FURIA,M80,1522.000097681065,1416.7566016749083,105.24349600615665,0.2,0.3,10,10,1.0,1,1,1,1,1
2992,2025-03-07 09:30:00,Vitality,MIBR,1778.1938791031582,1472.4494875564897,305.74439154666857,0.8,0.3,10,10,1.0,1,1,1,1,1
2091,2025-03-07 09:40:00,TYLOO,Spirit,1425.1988218395359,1795.9971033182837,-370.79828147874787,0.4,0.8,10,10,0.5,0,0,1,1,0
1198,2025-03-07 11:50:00,BC.Game,Passion UA,1492.5064021468518,1503.0134796657178,-10.507077518866026,0.5,0.5,10,10,0.5,0,0,1,1,0
82,2025-03-07 12:00:00,OG,ENCE,1465.7900370358366,1455.586123096717,10.203913939119502,0.4,0.6,10,10,1.0,1,1,1,1,1
2684,2025-03-07 12:00:00,The MongolZ,GamerLegion,1678.555594428403,1553.7946417549208,124.76095267348228,0.6,0.6,10,10,1.0,2,1,1,1,1
378,2025-03-07 12:30:00,Eternal Fire,3DMAX,1593.259745524119,1545.2213071484587,48.038438375660235,0.5,0.5,10,10,0.75,4,0,1,1,1
146,2025-03-07 14:30:00,SAW,Natus Vincere,1532.0326788165028,1729.6769009253512,-197.64422210884845,0.6,0.6,10,10,0.0,2,1,1,1,1
1777,2025-03-07 14:45:00,FURIA,MOUZ,1533.2964483091941,1648.4077235807936,-115.11127527159942,0.3,0.6,10,10,0.4,5,0,1,1,1
1969,2025-03-07 17:15:00,paiN,G2,1532.308517704863,1705.3658716103455,-173.0573539054824,0.5,0.6,10,10,0.0,1,0,1,1,1
513,2025-03-07 18:25:00,Liquid,Falcons,1616.939646722881,1473.9572658694678,142.98238085341313,0.5,0.6,10,10,1.0,1,0,1,1,1
1817,2025-03-08 09:30:00,Natus Vincere,TYLOO,1705.4444876639536,1421.8135474055027,283.6309402584509,0.6,0.4,10,10,0.5,0,1,1,1,0
424,2025-03-08 09:30:00,MIBR,Eternal Fire,1467.7522215133743,1575.0614842189034,-107.30926270552914,0.3,0.5,10,10,0.0,3,0,1,1,1
2057,2025-03-08 12:00:00,GamerLegion,paiN,1543.3052499417581,1523.6784519363753,19.626798005382852,0.6,0.4,10,10,0.6666666666666666,3,0,1,1,1
2537,2025-03-08 12:30:00,G2,The MongolZ,1713.9959373788333,1689.0449862415658,24.950951137267566,0.6,0.7,10,10,0.3333333333333333,3,0,1,1,1
1475,2025-03-08 13:15:00,BIG,BC.Game,1443.7595222886853,1476.9901234920515,-33.23060120336618,0.2,0.4,10,10,0.0,1,0,1,1,1
66,2025-03-08 15:00:00,OG,Passion UA,1481.3202644931948,1518.529758320518,-37.209493827323286,0.4,0.5,10,10,0.5,0,1,1,1,0
474,2025-03-08 15:15:00,Falcons,MOUZ,1496.1936885699429,1659.2924666499557,-163.09877808001283,0.7,0.7,10,10,0.3333333333333333,3,0,1,1,1
2250,2025-03-08 15:55:00,3DMAX,Vitality,1563.4195684536742,1782.8911451462736,-219.47157669259946,0.6,0.8,10,10,0.0,1,0,1,1,1
2507,2025-03-08 17:20:00,Liquid,FURIA,1594.703224022406,1522.411705240032,72.29151878237394,0.4,0.3,10,10,0.8333333333333334,6,1,1,1,1
183,2025-03-08 17:50:00,Spirit,SAW,1799.3823777523169,1556.2650920779004,243.1172856744165,0.8,0.7,10,10,1.0,1,1,1,1,1
1467,2025-03-08 18:00:00,BC.Game,ENCE,1491.4644472310733,1440.0558956393588,51.40855159171451,0.4,0.6,10,10,0.5,0,0,1,1,0
497,2025-03-09 09:30:00,Falcons,3DMAX,1487.197584825824,1556.3670052197645,-69.16942039394053,0.7,0.5,10,10,0.6666666666666666,3,0,1,1,1
2112,2025-03-09 09:30:00,TYLOO,GamerLegion,1416.582848898462,1526.4023627103177,-109.81951381185559,0.4,0.5,10,10,0.0,1,0,1,1,1
2147,2025-03-09 11:20:00,BIG,ENCE,1429.2851985496634,1458.4062193687964,-29.121020819133037,0.2,0.7,10,10,1.0,1,0,1,1,1
173,2025-03-09 12:30:00,G2,SAW,1696.8488748680602,1549.932414792789,146.9164600752713,0.5,0.7,10,10,0.0,1,1,1,1,1
2634,2025-03-09 13:05:00,The MongolZ,Spirit,1706.192048752339,1805.7150550374283,-99.52300628508942,0.7,0.8,10,10,0.3333333333333333,3,0,1,1,1
1816,2025-03-09 14:30:00,paiN,Natus Vincere,1540.5813391678157,1710.6751861709943,-170.09384700317855,0.5,0.6,10,10,0.0,3,0,1,1,1
1798,2025-03-09 15:15:00,MOUZ,Vitality,1668.2885703940747,1789.9437083801834,-121.65513798610868,0.8,0.8,10,10,0.5,4,0,1,1,1
947,2025-03-09 16:55:00,Passion UA,500,1500.82271933091,1515.1993357750823,-14.376616444172214,0.5,0.6,10,10,0.5,0,1,1,1,0
2954,2025-03-09 17:00:00,MIBR,FURIA,1456.5426286792276,1509.6936265242791,-53.150997845051506,0.3,0.2,10,10,0.6666666666666666,3,0,1,1,1
387,2025-03-09 17:05:00,Liquid,Eternal Fire,1607.4213027381588,1586.27107705305,21.150225685108808,0.4,0.5,10,10,0.0,1,1,1,1,1
204,2025-03-10 12:30:00,GamerLegion,SAW,1537.5069457689222,1540.3218023572144,-2.8148565882922867,0.5,0.7,10,10,0.5,2,1,1,1,1
2201,2025-03-10 12:30:00,3DMAX,The MongolZ,1569.2230631449231,1694.6538783614212,-125.4308152164981,0.5,0.6,10,10,0.5,4,0,1,1,1
1199,2025-03-10 13:00:00,BC.Game,Passion UA,1473.1141235016357,1517.484409370749,-44.37028586911333,0.4,0.5,10,10,0.0,1,1,1,1,1
1700,2025-03-10 15:00:00,Liquid,MOUZ,1622.448500222834,1657.672730623358,-35.22423040052399,0.5,0.7,10,10,0.3333333333333333,3,0,1,1,1
371,2025-03-10 15:45:00,paiN,Eternal Fire,1531.8433334123567,1571.243879568375,-39.40054615601821,0.4,0.4,10,10,0.0,2,0,1,1,1
1852,2025-03-10 17:30:00,Natus Vincere,G2,1719.4131919264532,1706.4594873036347,12.953704622818577,0.7,0.6,10,10,0.8888888888888888,9,1,1,1,1
569,2025-03-10 18:00:00,FURIA,Falcons,1523.2648501255485,1474.3415269006653,48.923323224883234,0.3,0.6,10,10,1.0,1,0,1,1,1
1173,2025-03-10 19:30:00,Nemiga,BetBoom,1407.708069399564,1452.2199137510004,-44.511844351436366,0.2,0.4,10,10,0.0,2,0,1,1,1
980,2025-03-10 23:00:00,Wildcard,Complexity,1445.6265668725296,1423.4687168511023,22.157850021427294,0.2,0.2,10,10,0.5,0,0,1,1,0
91,2025-03-11 12:00:00,OG,HEROIC,1499.0273034828028,1531.70144687845,-32.67414339564721,0.4,0.3,10,10,1.0,1,1,1,1,1
2181,2025-03-11 12:30:00,3DMAX,Liquid,1558.7608423292206,1608.065100967791,-49.304258638570445,0.5,0.5,10,10,0.5,0,0,1,1,0
1111,2025-03-11 15:00:00,Betclic,BetBoom,1500.0,1466.181209505724,33.81879049427607,0.5,0.4,0,10,0.5,0,1,0,1,0
342,2025-03-11 15:15:00,Falcons,Eternal Fire,1492.5797553663538,1585.4371558199718,-92.85740045361808,0.6,0.5,10,10,0.125,8,0,1,1,1
2612,2025-03-11 18:40:00,GamerLegion,G2,1553.6365718691281,1691.0557511879347,-137.41917931880653,0.5,0.5,10,10,0.5,0,0,1,1,0
1231,2025-03-12 12:00:00,Passion UA,BIG,1499.4521186270422,1414.6231394413662,84.82897918567596,0.4,0.2,10,10,0.0,2,0,1,1,1
73,2025-03-12 15:00:00,Betclic,OG,1514.4474872694905,1516.5275830614737,-2.08009579198324,1.0,0.5,1,10,0.5,0,1,1,1,0
409,2025-03-13 14:45:00,Eternal Fire,Spirit,1597.2599052647643,1817.253225428346,-219.99332016358176,0.6,0.8,10,10,0.0,2,0,1,1,1
1711,2025-03-13 19:15:00,G2,MOUZ,1701.0379465569106,1672.0561298784007,28.98181667850986,0.5,0.7,10,10,0.5,6,0,1,1,1
75,2025-03-13 19:30:00,Betclic,OG,1530.5432780762328,1500.4317922547314,30.111485821501446,1.0,0.5,2,10,1.0,1,0,1,1,1
1285,2025-03-14 09:00:00,BIG,PARIVISION,1434.4538394580711,1555.8558852260824,-121.40204576801125,0.3,0.7142857142857143,10,7,0.5,0,0,1,1,0
2519,2025-03-14 14:45:00,Liquid,Vitality,1621.809675716244,1800.5595481509001,-178.74987243465603,0.6,0.9,10,10,0.0,3,0,1,1,1
1864,2025-03-14 17:30:00,Natus Vincere,The MongolZ,1734.8169280421532,1705.1160991771237,29.700828865029507,0.7,0.7,10,10,1.0,2,0,1,1,1
95,2025-03-14 19:10:00,Nemiga,OG,1393.7467736448405,1517.8150158808223,-124.06824223598187,0.1,0.5,10,10,0.5,0,0,1,1,0
1760,2025-03-15 14:45:00,MOUZ,Spirit,1689.3877047957574,1824.2892891623944,-134.90158436663705,0.8,0.8,10,10,0.3333333333333333,6,1,1,1,1
74,2025-03-15 18:00:00,Betclic,OG,1513.1600544501418,1528.332543424651,-15.172488974509179,0.6666666666666666,0.6,3,10,0.5,2,0,1,1,1
2678,2025-03-15 19:05:00,The MongolZ,Vitality,1722.4805507835563,1808.9846497772219,-86.5040989936656,0.7,0.9,10,10,0.0,4,0,1,1,1
68,2025-03-16 14:00:00,PARIVISION,OG,1566.4820630190393,1543.6342683144007,22.847794704638545,0.75,0.7,8,10,0.5,0,0,1,1,0
1799,2025-03-16 16:00:00,MOUZ,Vitality,1711.3057005252258,1821.0813139404675,-109.77561341524165,0.9,1.0,10,10,0.4,5,0,1,1,1
59,2025-03-16 17:45:00,OG,500,1560.6849340319113,1498.5376457352434,62.147288296667966,0.8,0.5,10,10,0.5,0,1,1,1,0
461,2025-03-19 13:15:00,Falcons,MOUZ,1480.7570059215614,1700.1992849655003,-219.44227904393892,0.6,0.8,10,10,0.25,4,0,1,1,1
2742,2025-03-19 16:15:00,Astralis,Vitality,1579.6845660100091,1832.187729500193,-252.50316349018385,0.6,1.0,10,10,0.16666666666666666,6,0,1,1,1
2375,2025-03-19 18:20:00,FaZe,Virtus.pro,1656.7595363689372,1526.5333077410066,130.2262286279306,0.6,0.5,10,10,1.0,3,0,1,1,1
2596,2025-03-20 11:00:00,Imperial,G2,1414.1270517615635,1683.706371639554,-269.57931987799043,0.4,0.4,10,10,0.5,0,0,1,1,0
386,2025-03-20 13:50:00,Eternal Fire,Liquid,1590.2238415307158,1613.3845740899224,-23.160732559206508,0.5,0.5,10,10,0.5,2,1,1,1,1
1072,2025-03-20 16:10:00,The MongolZ,M80,1710.3838866203107,1405.4602510467791,304.92363557353156,0.7,0.3,10,10,1.0,1,1,1,1,1
1914,2025-03-20 19:45:00,FURIA,Natus Vincere,1505.02662165986,1717.4524764357207,-212.42585477586067,0.3,0.6,10,10,0.3333333333333333,3,0,1,1,1
2693,2025-03-21 12:50:00,Astralis,FaZe,1573.6218572077262,1635.0283113486873,-61.40645414096116,0.5,0.5,10,10,0.75,4,0,1,1,1
1750,2025-03-21 15:15:00,MOUZ,Spirit,1707.2527755242302,1802.371293432926,-95.11851790869582,0.8,0.8,10,10,0.42857142857142855,7,1,1,1,1
2418,2025-03-21 19:50:00,Virtus.pro,Vitality,1548.2645327612565,1838.250438302476,-289.9859055412194,0.5,1.0,10,10,0.5,4,0,1,1,1
2512,2025-03-22 10:00:00,Liquid,Imperial,1596.3195600472686,1408.5327131443962,187.7868469028724,0.4,0.3,10,10,0.5,0,1,1,1,0
1084,2025-03-22 13:20:00,M80,FURIA,1400.7440181360953,1497.748532146818,-97.00451401072269,0.2,0.2,10,10,0.0,2,1,1,1,1
390,2025-03-22 17:40:00,Eternal Fire,G2,1607.2888555733693,1689.3007102567212,-82.01185468335188,0.5,0.5,10,10,0.6666666666666666,3,1,1,1,1
1856,2025-03-22 20:30:00,Natus Vincere,The MongolZ,1724.7305659487627,1715.1001195309946,9.630446417768098,0.7,0.7,10,10,0.6666666666666666,3,1,1,1,1
508,2025-03-23 10:00:00,Virtus.pro,Falcons,1543.1919421916505,1473.7035153628315,69.488426828819,0.4,0.5,10,10,0.5714285714285714,7,1,1,1,1
2763,2025-03-23 15:10:00,FaZe,Spirit,1648.2295217303067,1782.0971780948646,-133.8676563645579,0.6,0.7,10,10,0.2857142857142857,7,0,1,1,1
2461,2025-03-23 17:55:00,Liquid,The MongolZ,1604.42577108886,1699.5435044296407,-95.11773334078066,0.5,0.6,10,10,0.0,1,0,1,1,1
1066,2025-03-23 20:20:00,M80,G2,1421.0986714062687,1669.5925423115823,-248.49387090531354,0.3,0.5,10,10,0.5,2,0,1,1,1
1788,2025-03-24 10:00:00,MOUZ,Vitality,1727.5268908622916,1843.323028872082,-115.79613800979041,0.8,1.0,10,10,0.3333333333333333,6,0,1,1,1
2382,2025-03-24 12:45:00,Spirit,Virtus.pro,1792.2203277135334,1556.033879102756,236.18644861077746,0.7,0.4,10,10,0.6,5,1,1,1,1
368,2025-03-24 15:35:00,Eternal Fire,Natus Vincere,1626.9970235185083,1740.2871810501165,-113.2901575316082,0.6,0.7,10,10,0.0,4,1,1,1,1
2531,2025-03-24 18:05:00,G2,The MongolZ,1675.7694782284225,1711.269422644015,-35.49994441559261,0.5,0.6,10,10,0.25,4,1,1,1,1
315,2025-03-25 19:00:00,B8,Nemiga,1523.2519736775705,1383.2292461010118,140.02272757655874,0.4,0.1,10,10,1.0,1,1,1,1,1
64,2025-03-28 09:00:00,BetBoom,OG,1451.7337222362335,1573.8530840411672,-122.11936180493376,0.4,0.9,10,10,0.0,1,1,1,1,1
1707,2025-03-28 16:30:00,G2,MOUZ,1693.3986454433486,1716.670445395655,-23.27179995230631,0.6,0.7,10,10,0.42857142857142855,7,0,1,1,1
1895,2025-03-28 19:30:00,Spirit,Natus Vincere,1798.758105826643,1719.247343453663,79.51076237298003,0.7,0.6,10,10,0.7777777777777778,9,1,1,1,1
361,2025-03-29 16:30:00,MOUZ,Eternal Fire,1731.6003392813016,1648.0368611149618,83.56347816633979,0.7,0.7,10,10,0.5,4,1,1,1,1
243,2025-03-29 19:15:00,B8,PARIVISION,1533.1315232873978,1549.4313973015287,-16.299874014130864,0.5,0.6666666666666666,10,9,0.5,2,1,1,1,1
2844,2025-03-29 20:20:00,Spirit,Vitality,1811.1591110641173,1854.1794743387186,-43.02036327460132,0.7,1.0,10,10,0.5,4,0,1,1,1
1789,2025-03-30 15:30:00,MOUZ,Vitality,1743.8246248475818,1868.2083767535635,-124.38375190598163,0.7,1.0,10,10,0.2857142857142857,7,0,1,1,1
968,2025-03-31 22:00:00,M80,Wildcard,1414.9217354894286,1428.6075413572219,-13.685805867793306,0.3,0.2,10,10,0.5,2,1,1,1,1
2333,2025-04-02 08:00:00,Complexity,Nemiga,1440.48774236641,1373.3496964911844,67.13804587522554,0.3,0.1,10,10,0.5,0,1,1,1,0
627,2025-04-06 07:00:00,Rare Atom,Virtus.pro,1511.5378479565047,1549.4961009896463,-37.958253033141546,1.0,0.4,1,10,0.5,0,1,1,1,0
2198,2025-04-06 07:00:00,The MongolZ,3DMAX,1693.640255429089,1545.0162675807676,148.62398784832135,0.6,0.4,10,10,0.6,5,0,1,1,1
2610,2025-04-06 08:55:00,GamerLegion,G2,1543.6543765001522,1678.468751557702,-134.8143750575498,0.5,0.5,10,10,0.0,1,0,1,1,1
501,2025-04-06 10:10:00,Complexity,Falcons,1453.4338389864351,1460.861578451726,-7.42773946529087,0.3,0.4,10,10,0.3333333333333333,3,1,1,1,1
834,2025-04-06 11:25:00,Aurora,paiN,1405.743393276932,1517.6500571607598,-111.90666388382783,0.3,0.3,10,10,0.5,0,1,1,1,0
1330,2025-04-06 12:05:00,Liquid,Legacy,1592.6998528744857,1453.54653087835,139.15332199613567,0.4,0.3333333333333333,10,9,1.0,1,0,1,1,1
2696,2025-04-06 14:00:00,FaZe,Astralis,1638.106372111638,1560.4206468261068,77.68572528553113,0.5,0.5,10,10,0.4,5,0,1,1,1
1482,2025-04-06 15:35:00,Betclic,FURIA,1497.8583295603921,1477.3938788766445,20.4644506837476,0.5,0.2,4,10,0.5,0,0,1,1,0
590,2025-04-07 07:00:00,Falcons,GamerLegion,1444.5195705118213,1533.568905207654,-89.04933469583284,0.3,0.4,10,10,0.5,2,0,1,1,1
628,2025-04-07 07:00:00,G2,Rare Atom,1688.5542228502002,1529.2789681972517,159.27525465294843,0.6,1.0,10,2,0.5,0,1,1,1,0
809,2025-04-07 08:50:00,Aurora,Legacy,1426.7257683044456,1475.6327695995615,-48.90700129511583,0.3,0.4,10,10,0.5,0,1,1,1,0
2354,2025-04-07 08:50:00,Liquid,Virtus.pro,1570.6136141532743,1531.7549807488992,38.85863340437504,0.4,0.4,10,10,1.0,2,0,1,1,1
2204,2025-04-07 11:00:00,Astralis,3DMAX,1579.9397543234877,1567.471619872391,12.468134451096603,0.5,0.5,10,10,1.0,1,0,1,1,1
1479,2025-04-07 11:10:00,The MongolZ,Betclic,1671.1849031374654,1480.916995141963,190.26790799550236,0.5,0.4,10,5,0.5,0,0,1,1,0
1991,2025-04-07 13:25:00,paiN,FaZe,1496.6676821332462,1618.587264614257,-121.91958248101082,0.3,0.5,10,10,0.3333333333333333,3,0,1,1,1
2337,2025-04-07 14:05:00,Complexity,FURIA,1469.77584692634,1494.3352132950736,-24.559366368733663,0.3,0.3,10,10,0.0,3,1,1,1,1
1370,2025-04-08 07:00:00,GamerLegion,Legacy,1545.5555315470542,1457.3952780822606,88.16025346479364,0.5,0.4,10,10,1.0,1,1,1,1,1
1480,2025-04-08 07:00:00,Betclic,Astralis,1504.8969253889031,1563.3658218652881,-58.468896476385,0.5,0.5,6,10,0.5,0,1,1,1,0
2405,2025-04-08 09:05:00,Virtus.pro,FURIA,1549.5370623861595,1477.2060926872516,72.3309696989079,0.5,0.3,10,10,0.6666666666666666,3,1,1,1,1
629,2025-04-08 10:45:00,Rare Atom,FaZe,1520.1398417697417,1629.1923080711636,-109.05246630142187,0.6666666666666666,0.5,3,10,0.5,0,0,1,1,0
2306,2025-04-08 11:30:00,Complexity,G2,1486.9049675341619,1697.6933492777102,-210.78838174354837,0.4,0.6,10,10,0.5,2,0,1,1,1
483,2025-04-08 12:40:00,Falcons,paiN,1432.5329441724211,1486.0626386763397,-53.52969450391856,0.2,0.2,10,10,0.0,2,1,1,1,1
844,2025-04-08 14:50:00,Aurora,3DMAX,1444.9632598217465,1584.0455523305907,-139.08229250884415,0.4,0.6,10,10,0.0,4,0,1,1,1
2465,2025-04-08 16:00:00,Liquid,The MongolZ,1552.831532516014,1647.2049728905254,-94.37344037451135,0.4,0.4,10,10,0.0,2,0,1,1,1
1337,2025-04-09 07:00:00,Astralis,Legacy,1544.6983635290235,1445.3702596011349,99.3281039278886,0.4,0.3,10,10,0.5,0,1,1,1,0
2428,2025-04-09 07:00:00,Virtus.pro,GamerLegion,1562.253400800336,1557.58055002818,4.672850772156153,0.5,0.6,10,10,0.6666666666666666,3,0,1,1,1
2319,2025-04-09 09:15:00,Complexity,FaZe,1479.5737414798227,1640.3289297670517,-160.75518828722898,0.4,0.5,10,10,0.25,4,1,1,1,1
431,2025-04-09 10:55:00,Rare Atom,Falcons,1509.0032200738535,1450.9787555138184,58.024464560035085,0.5,0.3,4,10,0.5,0,0,1,1,0
817,2025-04-09 11:25:00,Aurora,Betclic,1435.0467006030249,1523.5643837251678,-88.5176831221429,0.3,0.5714285714285714,10,7,0.5,0,1,1,1,0
2646,2025-04-09 12:50:00,The MongolZ,FURIA,1658.962739358588,1464.489754273075,194.47298508551285,0.5,0.3,10,10,0.5,2,1,1,1,1
2369,2025-04-10 07:00:00,Virtus.pro,Astralis,1546.0382210442265,1556.2448128101194,-10.206591765892881,0.4,0.4,10,10,0.75,4,1,1,1,1
1481,2025-04-10 09:10:00,FaZe,Betclic,1617.4125360848764,1503.5739618504365,113.83857423443987,0.4,0.5,10,8,0.5,0,1,1,1,0
524,2025-04-10 11:10:00,Falcons,The MongolZ,1469.6263116316056,1666.8382082220774,-197.21189659047172,0.3,0.5,10,10,0.5,2,1,1,1,1
591,2025-04-11 07:00:00,GamerLegion,Falcons,1573.7957297842895,1493.8440769282427,79.95165285604685,0.6,0.4,10,10,0.6666666666666666,3,0,1,1,1
2212,2025-04-11 10:05:00,3DMAX,FaZe,1593.9621115493123,1628.3499601081057,-34.387848558793394,0.7,0.4,10,10,0.5,0,0,1,1,0
847,2025-04-11 11:50:00,Complexity,Aurora,1502.490135161998,1455.0371224777562,47.45301268424191,0.5,0.4,10,10,1.0,1,1,1,1,1
2360,2025-04-11 15:00:00,Virtus.pro,G2,1562.5081167990131,1705.0245753320494,-142.51645853303626,0.5,0.7,10,10,0.25,4,0,1,1,1
1110,2025-04-12 12:00:00,BetBoom,BC.Game,1473.1368313744813,1491.1464142453426,-18.009582870861323,0.4,0.4,10,10,0.5,0,1,1,1,0
540,2025-04-12 14:00:00,Falcons,FaZe,1513.4623426330215,1642.771492169528,-129.30914953650654,0.5,0.5,10,10,0.2,5,1,1,1,1
2307,2025-04-12 18:00:00,G2,Complexity,1714.8063588576424,1516.318330901726,198.48802795591632,0.7,0.6,10,10,0.6666666666666666,3,1,1,1,1
2320,2025-04-13 12:00:00,FaZe,Complexity,1621.0771161033927,1508.5792798160483,112.4978362873444,0.5,0.6,10,10,0.6,5,1,1,1,1
519,2025-04-13 15:00:00,Falcons,G2,1535.156718699157,1722.5454099433202,-187.38869124416328,0.5,0.8,10,10,0.0,3,1,1,1,1
1282,2025-04-14 09:30:00,HEROIC,PARIVISION,1514.2011672997792,1532.681310595775,-18.48014329599573,0.3,0.6,10,10,0.0,1,1,1,1,1
131,2025-04-14 11:00:00,SAW,BetBoom,1524.1921762570087,1489.965461287491,34.226714969517616,0.6,0.4,10,10,0.5,2,0,1,1,1
89,2025-04-14 12:30:00,Astralis,OG,1539.7749170553327,1552.4499749029194,-12.675057847586686,0.4,0.8,10,10,0.5,0,0,1,1,0
2941,2025-04-14 12:30:00,Nemiga,GamerLegion,1360.4035998711593,1554.1774640795106,-193.77386420835137,0.1,0.5,10,10,0.5,0,1,1,1,0
953,2025-04-14 14:20:00,BIG,500,1423.8276616651142,1485.3694957259875,-61.54183406087327,0.3,0.4,10,10,0.0,1,1,1,1,1
105,2025-04-14 15:50:00,SAW,B8,1506.621056909171,1549.8816099931516,-43.26055308398054,0.5,0.6,10,10,0.6666666666666666,3,1,1,1,1
1274,2025-04-14 17:25:00,Astralis,PARIVISION,1524.3583662223477,1515.8310702256251,8.527295996722614,0.3,0.6,10,10,1.0,1,1,1,1,1
1172,2025-04-14 18:50:00,BetBoom,Nemiga,1507.5365806353286,1384.5042123566145,123.0323682787141,0.5,0.2,10,10,1.0,3,0,1,1,1
240,2025-04-15 08:00:00,B8,PARIVISION,1531.8996200592396,1500.2236878860524,31.67593217318722,0.6,0.5,10,10,0.6666666666666666,3,1,1,1,1
955,2025-04-15 08:00:00,500,GamerLegion,1466.5646628098982,1530.0768515940554,-63.51218878415716,0.4,0.5,10,10,0.5,0,0,1,1,0
1474,2025-04-15 11:00:00,BIG,BC.Game,1442.6324945812034,1474.3177843323328,-31.685289751129403,0.4,0.3,10,10,0.0,2,1,1,1,1
2873,2025-04-15 14:15:00,Nemiga,HEROIC,1405.9445391218871,1531.051407669929,-125.1068685480418,0.3,0.4,10,10,1.0,1,0,1,1,1
205,2025-04-16 08:00:00,GamerLegion,SAW,1543.1841572382555,1524.6030468430831,18.581110395172345,0.6,0.5,10,10,0.6666666666666666,3,0,1,1,1
252,2025-04-16 08:00:00,B8,BC.Game,1546.4449177814747,1456.8626546854177,89.58226309605698,0.7,0.2,10,10,1.0,1,1,1,1,1
2909,2025-04-16 11:00:00,BIG,Nemiga,1460.0876242281186,1395.469182882435,64.61844134568355,0.5,0.3,10,10,0.5,0,0,1,1,0
2720,2025-04-16 15:30:00,Astralis,BIG,1539.9657485619205,1441.1456787722975,98.82006978962295,0.4,0.4,10,10,1.0,3,1,1,1,1
624,2025-04-17 09:00:00,TYLOO,Rare Atom,1405.4782658398576,1490.3556639560663,-84.87739811620872,0.3,0.4,10,5,0.0,1,1,1,1,1
297,2025-04-17 15:00:00,Astralis,B8,1551.5337898130228,1558.4085548895791,-6.874765076556287,0.4,0.7,10,10,1.0,1,0,1,1,1
2310,2025-04-21 01:15:00,Complexity,The MongolZ,1497.5862263640486,1642.6204429254403,-145.03421656139176,0.6,0.4,10,10,0.0,3,0,1,1,1
1990,2025-04-21 01:30:00,paiN,FaZe,1467.6168273349424,1632.0701695553923,-164.45334222044994,0.2,0.6,10,10,0.25,4,0,1,1,1
2254,2025-04-21 04:00:00,GamerLegion,3DMAX,1526.3292803632187,1579.54057948789,-53.211299124671314,0.5,0.6,10,10,1.0,1,1,1,1,1
1765,2025-04-21 05:05:00,MOUZ,BIG,1733.3199170986882,1429.5776375211951,303.74227957749304,0.7,0.4,10,10,1.0,1,1,1,1,1
2353,2025-04-21 06:30:00,Virtus.pro,Liquid,1552.72633327342,1541.0737660479515,11.652567225468601,0.5,0.3,10,10,0.3333333333333333,3,0,1,1,1
1458,2025-04-21 08:10:00,FlyQuest,Vitality,1378.3634168036356,1878.7130845024571,-500.3496676988216,0.1,1.0,10,10,0.5,0,0,1,1,0
1922,2025-04-21 09:45:00,MIBR,Natus Vincere,1442.9714050779583,1706.8463382161888,-263.8749331382305,0.3,0.5,10,10,1.0,1,0,1,1,1
110,2025-04-21 10:00:00,SAW,Falcons,1541.45792371812,1559.036627098328,-17.578703380208026,0.6,0.6,10,10,1.0,2,0,1,1,1
1805,2025-04-22 01:15:00,GamerLegion,MOUZ,1544.760769677704,1738.0635611480975,-193.30279147039346,0.5,0.7,10,10,0.3333333333333333,3,0,1,1,1
1953,2025-04-22 01:30:00,paiN,Complexity,1458.671064191605,1487.902599090236,-29.231534898631025,0.2,0.6,10,10,0.0,1,0,1,1,1
2622,2025-04-22 03:45:00,FaZe,The MongolZ,1641.0159326987298,1652.304070199253,-11.288137500523135,0.6,0.5,10,10,0.5,0,0,1,1,0
2228,2025-04-22 04:00:00,BIG,3DMAX,1424.8339934717858,1561.1090901734046,-136.27509670161885,0.3,0.5,10,10,0.0,1,0,1,1,1
2517,2025-04-22 06:15:00,Liquid,Vitality,1557.610185484323,1880.4135276172183,-322.8033421328953,0.3,1.0,10,10,0.0,4,0,1,1,1
1427,2025-04-22 06:30:00,Virtus.pro,FlyQuest,1536.1899138370486,1376.6629736888744,159.52694014817416,0.4,0.1,10,10,1.0,1,0,1,1,1
477,2025-04-22 08:45:00,Falcons,Natus Vincere,1574.2277879591618,1712.5938854922806,-138.36609753311882,0.7,0.6,10,10,0.5,2,1,1,1,1
196,2025-04-22 09:00:00,SAW,MIBR,1526.266762857286,1437.2238578018664,89.04290505541962,0.5,0.3,10,10,0.5,0,0,1,1,0
2209,2025-04-23 01:15:00,3DMAX,FaZe,1571.1365752823617,1625.535587806443,-54.39901252408117,0.5,0.6,10,10,0.0,1,0,1,1,1
2346,2025-04-23 01:30:00,GamerLegion,Complexity,1536.845238088821,1502.5596045591592,34.28563352966171,0.5,0.6,10,10,0.0,1,1,1,1,1
1415,2025-04-23 03:45:00,Natus Vincere,FlyQuest,1690.538680806542,1399.5333036748564,291.0053771316857,0.6,0.2,10,10,1.0,1,1,1,1,1
2510,2025-04-23 04:15:00,MIBR,Liquid,1457.236953995241,1553.2929898583766,-96.05603586313555,0.4,0.3,10,10,0.0,1,0,1,1,1
2805,2025-04-23 06:30:00,GamerLegion,FaZe,1551.2714316481056,1639.0506933917263,-87.77926174362074,0.6,0.7,10,10,0.5,4,1,1,1,1
1714,2025-04-23 06:55:00,The MongolZ,MOUZ,1667.7844150915398,1745.9790927369806,-78.19467764544083,0.5,0.7,10,10,0.5,2,0,1,1,1
577,2025-04-23 08:55:00,Falcons,Vitality,1596.2829926449003,1884.7307232431647,-288.44773059826434,0.8,1.0,10,10,0.0,1,0,1,1,1
1840,2025-04-23 09:15:00,Liquid,Natus Vincere,1564.978810101095,1695.5862716914758,-130.6074615903808,0.3,0.6,10,10,0.5,4,1,1,1,1
1472,2025-04-24 11:30:00,HEROIC,BC.Game,1541.526763909381,1444.8990175773133,96.62774633206777,0.4,0.2,10,10,0.5,0,1,1,1,0
970,2025-04-24 14:00:00,BetBoom,Wildcard,1486.096253870056,1411.977612480493,74.11864138956298,0.5,0.2,10,10,0.5,0,1,1,1,0
587,2025-04-25 07:00:00,GamerLegion,Falcons,1571.2299462781452,1591.1724925693668,-19.94254629122156,0.6,0.8,10,10,0.5,4,0,1,1,1
2463,2025-04-25 10:00:00,The MongolZ,Liquid,1655.325819681423,1586.7253328928741,68.60048678854878,0.5,0.4,10,10,1.0,3,1,1,1,1
308,2025-04-25 14:00:00,HEROIC,B8,1553.1881809219847,1574.0920015704103,-20.903820648425608,0.5,0.7,10,10,1.0,2,0,1,1,1
1183,2025-04-25 17:00:00,BetBoom,Imperial,1498.7338182891804,1400.4265021028048,98.3073161863756,0.6,0.3,10,10,0.5,0,1,1,1,0
463,2025-04-26 07:00:00,Falcons,MOUZ,1606.2551116427778,1758.4376881470976,-152.18257650431974,0.9,0.7,10,10,0.2,5,1,1,1,1
992,2025-04-26 08:00:00,Wildcard,HEROIC,1399.3400480613686,1538.1496775277703,-138.8096294664017,0.2,0.5,10,10,0.5,0,0,1,1,0
2670,2025-04-26 10:00:00,The MongolZ,Vitality,1668.2070744347448,1889.8412233186982,-221.63414888395346,0.5,1.0,10,10,0.0,5,0,1,1,1
236,2025-04-26 15:30:00,BetBoom,B8,1510.3236698348865,1589.1305049646246,-78.80683512973815,0.6,0.8,10,10,0.5,0,0,1,1,0
578,2025-04-27 06:30:00,Falcons,Vitality,1628.8470974289623,1896.8255786633592,-267.9784812343969,0.9,1.0,10,10,0.0,2,0,1,1,1
1159,2025-04-27 11:00:00,HEROIC,BetBoom,1548.0769813220554,1497.8918737561228,50.18510756593264,0.5,0.6,10,10,0.5,0,1,1,1,0
309,2025-04-27 16:00:00,B8,HEROIC,1601.5623010433883,1561.7818118212435,39.78048922214475,0.8,0.5,10,10,0.3333333333333333,3,0,1,1,1
1442,2025-04-30 09:00:00,FlyQuest,Spirit,1394.4857127899227,1797.1302086492724,-402.6444958593497,0.2,0.7,10,10,0.0,2,0,1,1,1
1668,2025-04-30 11:25:00,paiN,MOUZ,1444.0140587226817,1735.845702360913,-291.8316436382313,0.2,0.7,10,10,0.0,4,0,1,1,1
1000,2025-04-30 15:00:00,Wildcard,Vitality,1389.4127442670836,1902.4625849909453,-513.0498407238617,0.1,1.0,10,10,0.5,0,0,1,1,0
538,2025-04-30 17:35:00,Falcons,FaZe,1623.2100911013763,1619.0921787616867,4.11791233968961,0.8,0.6,10,10,0.3333333333333333,6,1,1,1,1
977,2025-05-01 09:00:00,paiN,Wildcard,1438.9866561662104,1387.8262382828757,51.16041788333473,0.1,0.1,10,10,0.0,1,0,1,1,1
1790,2025-05-01 12:10:00,MOUZ,Vitality,1740.8731049173844,1904.0490909751531,-163.1759860577688,0.7,1.0,10,10,0.25,8,0,1,1,1
1439,2025-05-01 15:45:00,FlyQuest,FaZe,1391.6166309687155,1603.2818067536575,-211.665175784942,0.2,0.5,10,10,0.0,3,0,1,1,1
311,2025-05-01 15:55:00,B8,BIG,1583.738305514081,1414.8065083628287,168.93179715125234,0.8,0.3,10,10,0.5,0,0,1,1,0
547,2025-05-01 19:10:00,Falcons,Spirit,1639.0204631094055,1799.9992904704795,-160.97882736107408,0.8,0.7,10,10,0.0,3,1,1,1,1
1736,2025-05-02 14:00:00,FaZe,MOUZ,1610.584546696951,1731.8798751384338,-121.29532844148275,0.6,0.6,10,10,0.8181818181818182,11,0,1,1,1
991,2025-05-02 16:25:00,Wildcard,Spirit,1406.1653804353482,1777.0745246364459,-370.90914420109766,0.2,0.6,10,10,0.0,2,0,1,1,1
312,2025-05-03 12:05:00,B8,BIG,1560.5188660063952,1438.0259478705145,122.4929181358807,0.7,0.4,10,10,0.0,1,0,1,1,1
462,2025-05-03 14:00:00,MOUZ,Falcons,1742.510413516006,1661.9452289434391,80.56518457256698,0.7,0.8,10,10,0.6666666666666666,6,0,1,1,1
2845,2025-05-03 17:00:00,Spirit,Vitality,1780.457867700549,1913.0423207541037,-132.58445305355463,0.6,1.0,10,10,0.4,5,0,1,1,1
2099,2025-05-04 09:30:00,Lynn Vision,TYLOO,1388.9734751405106,1425.3110677469326,-36.33759260642205,0.2,0.4,10,10,0.8,5,1,1,1,1
2869,2025-05-04 09:55:00,HEROIC,BIG,1579.6058073505508,1459.4442926004206,120.16151475013021,0.6,0.5,10,10,0.5555555555555556,9,1,1,1,1
575,2025-05-04 14:00:00,Falcons,Vitality,1681.5902931788285,1923.2166608550624,-241.62636767623394,0.8,1.0,10,10,0.0,3,0,1,1,1
625,2025-05-07 06:40:00,TYLOO,Rare Atom,1407.6437347940478,1470.5228620489913,-62.87912725494357,0.4,0.3333333333333333,10,6,0.5,2,1,1,1,1
1420,2025-05-09 06:40:00,FlyQuest,TYLOO,1384.313891025422,1426.5082192479174,-42.194328222495415,0.2,0.4,10,10,0.0,1,0,1,1,1
896,2025-05-10 05:00:00,Aurora,BIG,1441.2089267380281,1448.7673699666973,-7.558443228669148,0.4,0.4,10,10,0.25,4,0,1,1,1
721,2025-05-10 05:00:00,Astralis,ODDIK,1535.8503431321917,1500.0,35.85034313219171,0.4,0.5,10,0,0.5,0,1,1,0,0
2595,2025-05-10 07:45:00,G2,MIBR,1698.6655015441493,1445.5511337525227,253.1143677916266,0.7,0.4,10,10,1.0,1,0,1,1,1
2647,2025-05-10 08:20:00,FURIA,The MongolZ,1456.6142854095856,1661.2227190900837,-204.60843368049814,0.2,0.5,10,10,0.3333333333333333,3,0,1,1,1
621,2025-05-10 09:45:00,FlyQuest,Rare Atom,1370.2475147104233,1451.6583775951217,-81.41086288469842,0.2,0.2857142857142857,10,7,0.5,0,1,1,1,0
1608,2025-05-10 10:50:00,Virtus.pro,Ninjas in Pyjamas,1513.3195838510667,1419.931855263022,93.38772858804464,0.4,0.2,10,10,1.0,1,0,1,1,1
1042,2025-05-10 11:10:00,M80,Natus Vincere,1431.5516643661574,1673.8397488996966,-242.28808453353918,0.4,0.5,10,10,0.5,0,0,1,1,0
2854,2025-05-10 13:00:00,GamerLegion,Spirit,1556.1473272047342,1770.2835275995903,-214.13620039485613,0.5,0.5,10,10,0.0,1,0,1,1,1
659,2025-05-10 14:15:00,HOTU,paiN,1500.0,1420.647514013738,79.35248598626208,0.5,0.1,0,10,0.5,0,0,0,1,0
2661,2025-05-11 05:00:00,MIBR,The MongolZ,1471.5056956029268,1668.7569349050925,-197.2512393021657,0.4,0.6,10,10,0.0,2,0,1,1,1
1056,2025-05-11 05:00:00,Virtus.pro,M80,1493.11958454862,1425.1947064803892,67.92487806823078,0.3,0.4,10,10,0.5,0,1,1,1,0
1980,2025-05-11 06:45:00,Astralis,paiN,1550.2052084065658,1440.239587964948,109.96562044161783,0.5,0.1,10,10,0.5,2,1,1,1,1
2973,2025-05-11 08:20:00,GamerLegion,FURIA,1548.924448188455,1449.0800695945768,99.84437859387822,0.4,0.2,10,10,1.0,1,0,1,1,1
1910,2025-05-11 08:55:00,BIG,Natus Vincere,1464.419345694925,1680.1967067854648,-215.7773610905399,0.5,0.5,10,10,0.0,4,0,1,1,1
1421,2025-05-11 09:45:00,TYLOO,FlyQuest,1440.574595562916,1389.929482079136,50.64511348378005,0.4,0.3,10,10,1.0,2,1,1,1,1
1634,2025-05-11 11:05:00,Ninjas in Pyjamas,Spirit,1440.1318545654688,1777.5064066158695,-337.3745520504008,0.2,0.6,10,10,0.5,0,0,1,1,0
641,2025-05-11 11:25:00,Aurora,HOTU,1425.5569510098005,1480.40792604879,-54.85097503898942,0.4,0.0,10,1,0.5,0,1,1,1,0
720,2025-05-11 15:00:00,G2,ODDIK,1672.710939693745,1485.6451347256261,187.06580496811898,0.7,0.0,10,1,0.5,0,0,1,1,0
2399,2025-05-12 05:00:00,Virtus.pro,BIG,1506.030781426888,1457.2491642836249,48.78161714326325,0.4,0.4,10,10,0.5,6,1,1,1,1
2952,2025-05-12 05:00:00,FURIA,MIBR,1469.5555445150355,1463.7247946763064,5.830749838729162,0.3,0.4,10,10,0.5,4,1,1,1,1
719,2025-05-12 06:55:00,ODDIK,paiN,1509.5137751054192,1429.141102704422,80.37267240099709,0.5,0.1,2,10,0.5,0,1,1,1,0
821,2025-05-12 08:20:00,Aurora,Ninjas in Pyjamas,1444.06215292986,1436.1184439438605,7.943708985999592,0.5,0.2,10,10,0.5,0,1,1,1,0
669,2025-05-12 09:15:00,HOTU,GamerLegion,1461.9027241287304,1528.4489732679963,-66.54624913926591,0.0,0.4,2,10,0.5,0,1,1,1,0
1067,2025-05-12 11:10:00,M80,G2,1412.283509602121,1648.842299313952,-236.55878971183097,0.3,0.6,10,10,0.3333333333333333,3,0,1,1,1
1860,2025-05-12 11:30:00,Natus Vincere,The MongolZ,1687.3668881967649,1676.537835831713,10.829052365051894,0.6,0.7,10,10,0.75,4,0,1,1,1
2704,2025-05-12 14:00:00,Spirit,Astralis,1781.5198172374778,1561.3036936670917,220.21612357038612,0.7,0.5,10,10,1.0,4,1,1,1,1
722,2025-05-13 05:00:00,ODDIK,FURIA,1521.8771173200994,1485.2870537676226,36.59006355247675,0.6666666666666666,0.3,3,10,0.5,0,0,1,1,0
656,2025-05-13 05:00:00,HOTU,Ninjas in Pyjamas,1480.930358608874,1420.484201530118,60.44615707875596,0.3333333333333333,0.2,3,10,0.5,0,0,1,1,0
2370,2025-05-13 07:00:00,Astralis,Virtus.pro,1554.2746673667002,1519.7989514285662,34.475715938134044,0.5,0.5,10,10,0.2,5,1,1,1,1
2577,2025-05-13 07:05:00,G2,BIG,1655.3689345369899,1443.4809942819468,211.88794025504308,0.6,0.3,10,10,1.0,3,1,1,1,1
2034,2025-05-13 09:00:00,MIBR,paiN,1447.9932854237193,1416.777760489742,31.21552493397735,0.3,0.1,10,10,0.4166666666666667,12,1,1,1,1
828,2025-05-13 10:50:00,Aurora,Natus Vincere,1459.6963953436025,1670.8683533336755,-211.171957990073,0.6,0.5,10,10,0.5,0,0,1,1,0
1616,2025-05-14 05:00:00,G2,Ninjas in Pyjamas,1662.6644495300895,1439.240100375076,223.4243491550135,0.7,0.3,10,10,1.0,4,0,1,1,1
718,2025-05-14 07:15:00,ODDIK,Aurora,1504.1982847821487,1452.3776408764015,51.82064390574715,0.5,0.5,4,10,0.5,0,0,1,1,0
2410,2025-05-14 09:05:00,MIBR,Virtus.pro,1462.5596129389046,1505.381426326793,-42.82181338788837,0.3,0.4,10,10,0.6666666666666666,3,1,1,1,1
974,2025-05-16 00:30:00,Legacy,Wildcard,1433.823810320039,1402.782037371245,31.041772948794005,0.2,0.1,10,10,0.5,0,1,1,1,0
862,2025-05-16 05:00:00,Aurora,The MongolZ,1470.746529413333,1693.0363706948024,-222.2898412814693,0.6,0.7,10,10,0.3333333333333333,3,1,1,1,1
1873,2025-05-16 08:00:00,Natus Vincere,Astralis,1678.1871078008764,1568.6921924684734,109.49491533240302,0.5,0.6,10,10,0.75,4,0,1,1,1
2100,2025-05-16 11:30:00,TYLOO,Lynn Vision,1454.2586818705408,1406.6408080933954,47.617873777145405,0.5,0.2,10,10,0.16666666666666666,6,1,1,1,1
2953,2025-05-16 12:00:00,MIBR,FURIA,1480.5217050995852,1502.9658863055733,-22.444181205988116,0.4,0.4,10,10,0.4,5,0,1,1,1
1635,2025-05-16 15:00:00,Ninjas in Pyjamas,Spirit,1464.3118475590118,1788.5488435378693,-324.2369959788575,0.4,0.7,10,10,0.0,1,0,1,1,1
869,2025-05-17 10:00:00,Astralis,Aurora,1589.5740565941296,1495.7827605341638,93.79129605996582,0.6,0.6,10,10,1.0,1,1,1,1,1
149,2025-05-17 14:00:00,ENCE,SAW,1473.0682784770936,1506.2536666639114,-33.18538818681782,0.7,0.4,10,10,0.5,0,1,1,1,0
2830,2025-05-17 14:00:00,Spirit,FURIA,1792.8353098528846,1517.933728930696,274.9015809221887,0.7,0.5,10,10,0.8,5,1,1,1,1
626,2025-05-18 06:25:00,TYLOO,Rare Atom,1468.0794258399903,1431.976410226409,36.10301561358142,0.6,0.25,10,8,0.6666666666666666,3,1,1,1,1
905,2025-05-18 08:00:00,Aurora,FURIA,1484.0000589029887,1512.4794163435597,-28.479357440570993,0.5,0.5,10,10,0.0,3,1,1,1,1
2705,2025-05-18 12:00:00,Spirit,Astralis,1798.2896224400208,1601.3567582253047,196.93286421471612,0.7,0.7,10,10,1.0,5,1,1,1,1
2150,2025-05-18 13:00:00,ENCE,Nemiga,1490.591891508013,1414.411128338256,76.18076316975703,0.8,0.4,10,10,0.5,0,1,1,1,0
2479,2025-05-19 16:30:00,FaZe,Liquid,1599.9540083193788,1573.8440781395523,26.109930179826506,0.5,0.4,10,10,1.0,6,0,1,1,1
2255,2025-05-19 16:30:00,GamerLegion,3DMAX,1509.4213387878526,1557.6214696970783,-48.20013090922566,0.4,0.5,10,10,1.0,2,1,1,1,1
1367,2025-05-19 19:00:00,Legacy,Vitality,1448.3980755204607,1929.5930452635712,-481.1949697431105,0.3,1.0,10,10,0.5,0,0,1,1,0
2592,2025-05-19 22:00:00,Lynn Vision,G2,1392.820064123946,1637.5927023461538,-244.7726382222079,0.2,0.6,10,10,0.0,1,0,1,1,1
2644,2025-05-20 00:00:00,FURIA,The MongolZ,1495.1708230145439,1668.0001395739716,-172.82931655942775,0.4,0.6,10,10,0.25,4,0,1,1,1
887,2025-05-20 00:05:00,HEROIC,Aurora,1590.282729984274,1501.3086522320045,88.97407775226952,0.7,0.6,10,10,0.5,2,1,1,1,1
1322,2025-05-20 15:30:00,Legacy,3DMAX,1446.5110971923134,1539.4159032007324,-92.90480600841897,0.3,0.4,10,10,0.5,0,0,1,1,0
1698,2025-05-20 18:00:00,Liquid,MOUZ,1591.0442263966136,1722.8653492806168,-131.82112288400322,0.4,0.6,10,10,0.25,4,0,1,1,1
3016,2025-05-20 19:05:00,GamerLegion,Vitality,1527.6269052841985,1931.4800235917185,-403.85311830751994,0.4,1.0,10,10,0.0,4,0,1,1,1
557,2025-05-20 20:30:00,HEROIC,Falcons,1602.2726041526844,1675.2139087703197,-72.9413046176353,0.8,0.7,10,10,1.0,1,0,1,1,1
2946,2025-05-20 23:15:00,FURIA,Lynn Vision,1486.5324813591244,1386.5356496313586,99.99683172776577,0.4,0.2,10,10,0.5,2,1,1,1,1
2532,2025-05-20 23:55:00,G2,The MongolZ,1643.8771168387411,1676.6384812293911,-32.76136439064999,0.6,0.7,10,10,0.4,5,0,1,1,1
2770,2025-05-21 15:30:00,FaZe,HEROIC,1582.7538600623175,1589.5831791358894,-6.829319073571924,0.4,0.8,10,10,0.3333333333333333,3,0,1,1,1
848,2025-05-21 15:30:00,Aurora,Liquid,1489.3187780635942,1580.8393695207092,-91.52059145711496,0.5,0.4,10,10,0.5,0,1,1,1,0
2972,2025-05-21 18:00:00,FURIA,GamerLegion,1498.0505358205803,1524.7759432727291,-26.72540745214883,0.5,0.4,10,10,0.5,2,0,1,1,1
2187,2025-05-21 18:55:00,3DMAX,G2,1551.2366184160046,1629.381377682898,-78.14475926689329,0.5,0.5,10,10,0.25,4,0,1,1,1
888,2025-05-21 21:00:00,HEROIC,Aurora,1605.268717868693,1509.4386050883252,95.83011278036793,0.8,0.6,10,10,0.6666666666666666,3,0,1,1,1
464,2025-05-21 21:50:00,Falcons,MOUZ,1687.9033337871147,1733.0702061565212,-45.16687236940652,0.7,0.6,10,10,0.42857142857142855,7,0,1,1,1
2671,2025-05-22 00:00:00,Vitality,The MongolZ,1934.3309856031879,1691.1342203852344,243.1967652179535,1.0,0.7,10,10,1.0,6,1,1,1,1
2609,2025-05-22 00:05:00,G2,GamerLegion,1641.842159368356,1539.547614487005,102.29454488135116,0.5,0.4,10,10,1.0,2,0,1,1,1
860,2025-05-23 18:15:00,The MongolZ,Aurora,1684.8038667408507,1529.7431354322946,155.06073130855611,0.6,0.7,10,10,0.5,4,1,1,1,1
588,2025-05-23 21:15:00,Falcons,GamerLegion,1673.9717062755974,1560.1268889087155,113.8448173668819,0.6,0.5,10,10,0.6,5,1,1,1,1
1715,2025-05-24 18:15:00,The MongolZ,MOUZ,1694.1022122747406,1747.0018336680384,-52.89962139329782,0.7,0.7,10,10,0.3333333333333333,3,0,1,1,1
579,2025-05-24 21:15:00,Vitality,Falcons,1940.6613392475715,1684.9088715774392,255.75246767013232,1.0,0.7,10,10,1.0,4,1,1,1,1
1792,2025-05-25 19:30:00,MOUZ,Vitality,1760.5843680724174,1946.63266628848,-186.04829821606268,0.7,1.0,10,10,0.2222222222222222,9,0,1,1,1
86,2025-06-03 15:30:00,OG,Complexity,1567.8665257359044,1488.1334109998745,79.73311473602985,0.8,0.5,10,10,1.0,1,1,1,1,1
328,2025-06-03 16:15:00,B8,Imperial,1539.1005212764892,1388.8366505570987,150.26387071939052,0.6,0.3,10,10,0.5,0,1,1,1,0
1174,2025-06-03 16:30:00,Nemiga,BetBoom,1401.8642200002673,1484.1870432569347,-82.32282325666733,0.3,0.6,10,10,0.25,4,0,1,1,1
1356,2025-06-03 17:45:00,Legacy,Lynn Vision,1434.6903819770412,1375.0175951699027,59.672786807138436,0.2,0.2,10,10,0.5,0,0,1,1,0
48,2025-06-03 20:35:00,B8,OG,1548.5820632455018,1580.2578107648458,-31.675747519343986,0.6,0.8,10,10,0.5,0,1,1,1,0
998,2025-06-03 21:25:00,Lynn Vision,Wildcard,1393.7389224221195,1388.2077721708233,5.53115025129614,0.2,0.1,10,10,0.5,0,0,1,1,0
1107,2025-06-03 21:40:00,BetBoom,FlyQuest,1496.4653266969153,1376.2453957715113,120.21993092540401,0.6,0.2,10,10,0.0,2,0,1,1,1
2939,2025-06-03 23:40:00,Imperial,Nemiga,1379.355108588086,1389.5859365602867,-10.230827972200586,0.3,0.3,10,10,0.5,0,0,1,1,0
1101,2025-06-04 15:00:00,Legacy,BetBoom,1415.9690547248244,1475.1398570588462,-59.1708023340218,0.2,0.6,10,10,0.5,0,0,1,1,0
80,2025-06-04 15:55:00,TYLOO,OG,1482.4227789968654,1562.8031169204119,-80.38033792354645,0.6,0.7,10,10,0.5,0,0,1,1,0
2936,2025-06-04 16:00:00,Lynn Vision,Nemiga,1377.484225056629,1405.1149256519002,-27.630700595271264,0.2,0.4,10,10,0.5,0,0,1,1,0
1445,2025-06-04 16:45:00,HEROIC,FlyQuest,1584.9641875247237,1397.5708654095804,187.3933221151433,0.7,0.3,10,10,1.0,1,1,1,1,1
231,2025-06-04 17:00:00,B8,Wildcard,1566.0367570899357,1404.4624695363138,161.57428755362184,0.7,0.2,10,10,0.5,0,1,1,1,0
2073,2025-06-05 15:00:00,Complexity,TYLOO,1475.742125970933,1470.059771553909,5.682354417024044,0.4,0.6,10,10,0.5,0,0,1,1,0
971,2025-06-05 18:50:00,BetBoom,Wildcard,1488.4409838077815,1395.409504269719,93.03147953806251,0.6,0.2,10,10,1.0,1,1,1,1,1
1452,2025-06-05 21:00:00,Nemiga,FlyQuest,1419.8451606695658,1389.4509353409612,30.394225328604534,0.5,0.3,10,10,0.5,0,1,1,1,0
973,2025-06-06 18:05:00,Legacy,Wildcard,1402.6679279758891,1383.5942240568177,19.073703919071477,0.2,0.2,10,10,1.0,1,1,1,1,1
1422,2025-06-06 20:20:00,TYLOO,FlyQuest,1486.3214303154064,1374.8470813761721,111.47434893923423,0.7,0.3,10,10,1.0,3,1,1,1,1
224,2025-06-07 15:00:00,Falcons,B8,1678.9375445365306,1575.0897223565305,103.8478221800001,0.6,0.7,10,10,0.5,0,0,1,1,0
2772,2025-06-07 15:00:00,FaZe,HEROIC,1567.0683213295138,1593.0841175933429,-26.01579626382909,0.4,0.7,10,10,0.25,4,1,1,1,1
87,2025-06-07 15:45:00,Virtus.pro,OG,1487.4193341661123,1575.1661243633682,-87.7467901972559,0.3,0.8,10,10,0.5,0,1,1,1,0
1129,2025-06-07 16:00:00,BetBoom,3DMAX,1500.256264020683,1538.7758367305464,-38.519572709863496,0.6,0.5,10,10,0.6666666666666666,3,0,1,1,1
2948,2025-06-07 16:35:00,FURIA,Lynn Vision,1483.2788646063045,1362.7539900389634,120.52487456734116,0.5,0.2,10,10,0.6666666666666666,3,1,1,1,1
2010,2025-06-07 16:55:00,paiN,Nemiga,1402.2114329745566,1434.4490146343549,-32.23758165979825,0.1,0.6,10,10,1.0,1,1,1,1,1
1361,2025-06-07 17:30:00,MIBR,Legacy,1465.5538624744627,1417.7904328185143,47.76342965594836,0.4,0.3,10,10,0.0,1,0,1,1,1
1046,2025-06-07 17:55:00,M80,TYLOO,1405.7568743790832,1497.3570405464027,-91.60016616731946,0.2,0.8,10,10,0.5,0,0,1,1,0
2019,2025-06-07 19:30:00,paiN,FURIA,1419.6917825694368,1493.940911199423,-74.24912862998622,0.2,0.6,10,10,0.0,1,1,1,1,1
285,2025-06-07 19:30:00,Virtus.pro,B8,1507.3764449257744,1595.734584151852,-88.35813922607758,0.4,0.7,10,10,0.5,0,1,1,1,0
1323,2025-06-07 20:20:00,3DMAX,Legacy,1553.0091773828403,1435.9762672174693,117.03291016537105,0.5,0.3,10,10,1.0,1,0,1,1,1
2089,2025-06-07 20:40:00,TYLOO,FaZe,1509.233792134895,1584.2641588625922,-75.03036672769713,0.8,0.4,10,10,0.5,0,0,1,1,0
1160,2025-06-07 21:20:00,HEROIC,BetBoom,1575.8882800602644,1486.022923368389,89.86535669187538,0.7,0.5,10,10,1.0,1,1,1,1,1
571,2025-06-07 21:30:00,Falcons,Lynn Vision,1658.292682741209,1352.091943445845,306.2007392953642,0.5,0.2,10,10,0.5,0,0,1,1,0
61,2025-06-07 22:20:00,M80,OG,1393.8801227905908,1555.2090136037061,-161.32889081311532,0.2,0.7,10,10,0.5,0,1,1,1,0
2938,2025-06-07 22:35:00,MIBR,Nemiga,1447.3680280755077,1416.9686650394747,30.399363036033037,0.4,0.6,10,10,1.0,1,0,1,1,1
2101,2025-06-08 15:00:00,Lynn Vision,TYLOO,1379.405195807937,1496.6363377174564,-117.23114190951947,0.3,0.8,10,10,0.7142857142857143,7,1,1,1,1
2232,2025-06-08 15:00:00,Nemiga,3DMAX,1434.3650458730428,1531.8146120017896,-97.44956612874671,0.6,0.4,10,10,0.6666666666666666,3,0,1,1,1
1087,2025-06-08 15:50:00,M80,FURIA,1416.8179842351183,1474.5727323008925,-57.754748065774265,0.3,0.5,10,10,0.3333333333333333,3,0,1,1,1
310,2025-06-08 16:00:00,B8,HEROIC,1575.7510533260559,1587.8397124285373,-12.088659102481415,0.6,0.7,10,10,0.25,4,1,1,1,1
1345,2025-06-08 16:50:00,Legacy,FaZe,1457.17083259852,1596.861613280031,-139.6907806815109,0.4,0.4,10,10,0.5,0,1,1,1,0
1960,2025-06-08 17:00:00,Virtus.pro,paiN,1527.3599757515706,1439.0599614679672,88.30001428360333,0.4,0.3,10,10,0.25,4,1,1,1,1
50,2025-06-08 19:00:00,OG,Falcons,1532.2711521591787,1630.979430379117,-98.70827821993839,0.6,0.5,10,10,0.5,0,0,1,1,0
1182,2025-06-08 19:50:00,MIBR,BetBoom,1429.9716472419395,1474.071491000116,-44.099843758176576,0.4,0.5,10,10,0.5,4,1,1,1,1
1082,2025-06-09 15:00:00,M80,Nemiga,1403.4534579972917,1422.7386697447848,-19.285211747493122,0.3,0.5,10,10,0.5,0,0,1,1,0
2092,2025-06-09 15:00:00,TYLOO,HEROIC,1475.433607167196,1571.283233646897,-95.8496264797011,0.7,0.6,10,10,0.5,0,0,1,1,0
2021,2025-06-09 16:50:00,Lynn Vision,paiN,1400.6079263581973,1427.0409813589263,-26.433055000728928,0.4,0.3,10,10,0.5,0,0,1,1,0
572,2025-06-09 18:35:00,Falcons,MIBR,1642.5522252374953,1447.991683390249,194.56054184724644,0.5,0.4,10,10,0.5,0,0,1,1,0
321,2025-06-09 18:45:00,B8,FURIA,1592.307532107696,1487.937258538719,104.37027356897693,0.6,0.5,10,10,0.5,0,0,1,1,0
2215,2025-06-09 22:35:00,FaZe,3DMAX,1574.7542175046688,1543.4409881300476,31.313229374621187,0.4,0.4,10,10,1.0,2,0,1,1,1
2874,2025-06-10 15:00:00,HEROIC,Nemiga,1582.9778697189079,1437.8514639142609,145.126405804647,0.6,0.6,10,10,0.5,2,0,1,1,1
322,2025-06-10 17:30:00,Lynn Vision,B8,1385.8228703035475,1571.6406478367182,-185.81777753317078,0.3,0.5,10,10,0.5,0,1,1,1,0
2781,2025-06-10 20:30:00,MIBR,FaZe,1472.119206620047,1557.3160818026697,-85.19687518262276,0.5,0.3,10,10,0.5,0,0,1,1,0
1365,2025-06-12 15:00:00,Vitality,Legacy,1954.7996020282367,1479.2782283738823,475.5213736543544,1.0,0.5,10,10,1.0,1,0,1,1,1
1689,2025-06-12 15:00:00,MOUZ,Virtus.pro,1752.417432332661,1539.3789558606115,213.03847647204952,0.6,0.5,10,10,1.0,2,0,1,1,1
1995,2025-06-12 15:55:00,paiN,Spirit,1441.8260374135762,1806.0813212100804,-364.2552837965043,0.4,0.8,10,10,0.5,0,0,1,1,0
2186,2025-06-12 16:10:00,G2,3DMAX,1621.2628849466455,1560.8791238320466,60.38376111459888,0.4,0.5,10,10,0.8,5,0,1,1,1
875,2025-06-12 16:45:00,FaZe,Aurora,1569.4694147547827,1520.4447898984047,49.02462485637807,0.4,0.6,10,10,0.5,0,0,1,1,0
2643,2025-06-12 17:00:00,The MongolZ,FURIA,1680.5196778703616,1508.604142809697,171.91553506066475,0.6,0.5,10,10,0.8,5,0,1,1,1
1911,2025-06-12 17:45:00,Natus Vincere,Nemiga,1657.3052436752203,1460.1714200969764,197.1338235782439,0.5,0.6,10,10,0.5,0,1,1,1,0
2508,2025-06-12 18:05:00,Lynn Vision,Liquid,1409.6478604351025,1560.7195424959782,-151.07168206087567,0.4,0.4,10,10,0.5,0,1,1,1,0
902,2025-06-12 19:35:00,Aurora,FURIA,1538.6875919983124,1531.9325882401017,6.755003758210705,0.6,0.5,10,10,0.25,4,0,1,1,1
1325,2025-06-12 19:35:00,Legacy,Virtus.pro,1509.3324134820905,1564.1206761354672,-54.788262653376705,0.6,0.6,10,10,0.5,0,0,1,1,0
1819,2025-06-12 20:35:00,Natus Vincere,3DMAX,1665.0901256298494,1579.6322343993418,85.45789123050758,0.6,0.6,10,10,0.5,0,1,1,1,0
2833,2025-06-12 20:40:00,Lynn Vision,Spirit,1432.1973155841122,1809.58231619228,-377.38500060816773,0.5,0.8,10,10,0.5,0,0,1,1,0
1735,2025-06-12 21:35:00,MOUZ,FaZe,1727.6757120578054,1551.226612654875,176.44909940293041,0.5,0.4,10,10,0.25,12,0,1,1,1
2940,2025-06-12 22:00:00,Vitality,Nemiga,1924.7454169200284,1452.3865381423473,472.3588787776812,0.9,0.6,10,10,0.5,0,1,1,1,0
2460,2025-06-12 22:40:00,The MongolZ,Liquid,1657.1912324399568,1538.1700873469686,119.02114509298826,0.6,0.4,10,10,1.0,4,1,1,1,1
1965,2025-06-12 22:50:00,paiN,G2,1438.3250424313767,1602.5097743793503,-164.18473194797366,0.4,0.4,10,10,0.0,2,0,1,1,1
1343,2025-06-13 15:00:00,FaZe,Legacy,1574.7190475183675,1495.8347981123081,78.88424940605933,0.4,0.5,10,10,0.0,1,1,1,1,1
2246,2025-06-13 15:00:00,Vitality,3DMAX,1926.7247681979209,1567.490224861416,359.2345433365049,0.9,0.5,10,10,1.0,2,1,1,1,1
852,2025-06-13 15:45:00,Aurora,G2,1522.376551770232,1611.465506358782,-89.08895458855,0.6,0.5,10,10,1.0,1,0,1,1,1
2657,2025-06-13 16:00:00,Lynn Vision,The MongolZ,1428.9251154029098,1667.9149092369137,-238.98979383400388,0.5,0.6,10,10,0.0,5,0,1,1,1
1894,2025-06-13 16:35:00,Spirit,Natus Vincere,1812.8545163734823,1677.2321351677751,135.62238120570714,0.9,0.6,10,10,0.8,10,1,1,1,1
2403,2025-06-13 16:55:00,Virtus.pro,FURIA,1577.6182915052495,1548.2436284681821,29.37466303706742,0.7,0.6,10,10,0.75,4,0,1,1,1
2008,2025-06-13 18:40:00,Nemiga,paiN,1450.4071868644548,1429.369310451945,21.03787641250983,0.6,0.4,10,10,0.0,2,0,1,1,1
1696,2025-06-13 18:40:00,MOUZ,Liquid,1704.183277194313,1527.4464105500117,176.73686664430124,0.5,0.4,10,10,0.8,5,1,1,1,1
1946,2025-06-14 15:00:00,3DMAX,paiN,1563.8980928932435,1446.3369581169484,117.56113477629515,0.5,0.4,10,10,1.0,1,0,1,1,1
1355,2025-06-14 15:00:00,Legacy,Lynn Vision,1483.406389617236,1422.4708845076482,60.93550510958789,0.5,0.4,10,10,0.0,1,1,1,1,1
822,2025-06-14 17:25:00,Aurora,MOUZ,1510.39163514638,1712.6805001559521,-202.2888650095722,0.5,0.5,10,10,0.5,0,0,1,1,0
2620,2025-06-14 17:30:00,FaZe,The MongolZ,1587.1474560134395,1674.3691401321753,-87.22168411873577,0.5,0.6,10,10,0.0,1,1,1,1,1
1850,2025-06-14 19:25:00,G2,Natus Vincere,1623.450422982634,1667.1787616361873,-43.72833865355324,0.6,0.6,10,10,0.1,10,0,1,1,1
2416,2025-06-14 20:45:00,Vitality,Virtus.pro,1930.3169001660933,1560.2687523450988,370.0481478209945,0.9,0.7,10,10,0.6,5,1,1,1,1
1309,2025-06-15 15:00:00,Legacy,MOUZ,1496.6286293556077,1720.291902325322,-223.6632729697144,0.6,0.6,10,10,0.5,0,0,1,1,0
2530,2025-06-15 18:15:00,The MongolZ,G2,1654.4347407334926,1609.4536211242253,44.98111960926735,0.5,0.5,10,10,0.6666666666666666,6,1,1,1,1
1955,2025-06-15 21:45:00,Virtus.pro,paiN,1556.870384069926,1467.5532743592269,89.31710971069924,0.6,0.5,10,10,0.4,5,0,1,1,1
1749,2025-06-19 19:05:00,Spirit,MOUZ,1822.90788990507,1727.2126923016026,95.69519760346748,0.9,0.6,10,10,0.5,8,0,1,1,1
2013,2025-06-20 00:20:00,FURIA,paiN,1565.5931676283328,1487.5782013984203,78.01496622991249,0.7,0.6,10,10,0.5,2,0,1,1,1
1928,2025-06-20 18:10:00,Natus Vincere,Vitality,1681.1755634945962,1933.715268441266,-252.53970494666987,0.6,0.9,10,10,0.0,3,0,1,1,1
2621,2025-06-20 21:15:00,FaZe,The MongolZ,1607.0818554121222,1668.3747801015998,-61.29292468947756,0.6,0.6,10,10,0.5,2,0,1,1,1
1787,2025-06-21 18:00:00,Vitality,MOUZ,1939.7769436387189,1747.5114586652098,192.26548497350905,0.9,0.7,10,10,0.8,10,1,1,1,1
1972,2025-06-21 21:50:00,paiN,The MongolZ,1507.1117345167856,1681.5810590212277,-174.46932450444206,0.7,0.6,10,10,0.6666666666666666,3,0,1,1,1
1647,2025-06-22 10:00:00,Ninjas in Pyjamas,BIG,1460.0253812439964,1436.185479288847,23.839901955149344,0.4,0.3,10,10,0.5,0,1,1,1,0
2667,2025-06-22 19:30:00,Vitality,The MongolZ,1947.7281026442472,1690.159993309795,257.5681093344522,0.9,0.6,10,10,1.0,7,1,1,1,1
1002,2025-07-15 09:15:00,GamerLegion,Wildcard,1549.1897236068737,1368.4717192141925,180.71800439268122,0.4,0.2,10,10,1.0,1,1,1,1,1
2238,2025-07-15 09:20:00,3DMAX,Lynn Vision,1542.681776650965,1409.2486447692766,133.4331318816885,0.5,0.4,10,10,0.5,0,0,1,1,0
194,2025-07-15 13:10:00,SAW,FURIA,1488.730053632992,1546.0596345099675,-57.32958087697557,0.3,0.7,10,10,0.5,2,1,1,1,1
96,2025-07-15 13:30:00,OG,Nemiga,1520.6983573008006,1433.4395391994515,87.2588181013491,0.5,0.5,10,10,1.0,1,0,1,1,1
1136,2025-07-15 14:25:00,BetBoom,Complexity,1456.0514548518067,1459.4804672094358,-3.4290123576290625,0.4,0.3,10,10,0.5,2,0,1,1,1
2074,2025-07-15 16:00:00,Virtus.pro,TYLOO,1536.8454570307326,1463.7389710951852,73.10648593554743,0.5,0.6,10,10,0.5,0,0,1,1,0
2866,2025-07-15 18:35:00,HEROIC,BIG,1560.6579135361924,1421.2816275691705,139.3762859670219,0.5,0.3,10,10,0.6,10,0,1,1,1
2732,2025-07-15 19:30:00,MIBR,Astralis,1459.965873667934,1593.565059455245,-133.59918578731117,0.4,0.7,10,10,0.5,2,0,1,1,1
996,2025-07-16 09:00:00,FURIA,Wildcard,1527.4432130209343,1360.1167497320912,167.32646328884312,0.6,0.2,10,10,1.0,2,1,1,1,1
202,2025-07-16 11:20:00,SAW,GamerLegion,1507.3464751220251,1557.544693088975,-50.19821796694987,0.3,0.4,10,10,0.5,4,0,1,1,1
2020,2025-07-16 12:05:00,paiN,Lynn Vision,1498.5328002282183,1431.1081762729305,67.42462395528787,0.6,0.5,10,10,1.0,1,0,1,1,1
2411,2025-07-16 14:05:00,MIBR,Virtus.pro,1449.8320254711598,1517.5276015502784,-67.69557607911861,0.4,0.5,10,10,0.75,4,1,1,1,1
1158,2025-07-16 16:05:00,BetBoom,HEROIC,1440.2093615795418,1538.5628948139856,-98.35353323444383,0.3,0.4,10,10,0.0,2,1,1,1,1
2084,2025-07-16 17:00:00,Astralis,TYLOO,1603.6989076520194,1483.0568265756394,120.64208107638001,0.7,0.6,10,10,0.5,0,0,1,1,0
1462,2025-07-16 17:30:00,TNL,Nemiga,1500.0,1453.375545235761,46.62445476423909,0.5,0.5,0,10,0.5,0,1,0,1,0
2332,2025-07-16 20:10:00,BIG,Complexity,1443.3766462913773,1475.3225604817007,-31.945914190323492,0.4,0.4,10,10,0.6666666666666666,3,0,1,1,1
1948,2025-07-17 09:00:00,3DMAX,paiN,1520.8222451473112,1479.46618223882,41.35606290849114,0.4,0.5,10,10,0.5,2,1,1,1,1
195,2025-07-17 12:30:00,FURIA,SAW,1536.2827730149288,1493.642235952207,42.640537062721705,0.7,0.3,10,10,0.3333333333333333,3,0,1,1,1
2733,2025-07-17 17:25:00,MIBR,Astralis,1468.9106610967228,1582.356157994209,-113.44549689748624,0.5,0.6,10,10,0.3333333333333333,3,0,1,1,1
1167,2025-07-17 20:25:00,BIG,BetBoom,1428.8436780516286,1460.6214766338271,-31.777798582198557,0.4,0.4,10,10,0.0,3,0,1,1,1
2067,2025-07-18 08:00:00,3DMAX,TYLOO,1534.926672219808,1504.3995762334498,30.52709598635829,0.5,0.6,10,10,0.0,1,0,1,1,1
162,2025-07-18 10:50:00,Complexity,SAW,1489.8555287214494,1511.596105045223,-21.740576323773666,0.4,0.4,10,10,0.0,1,0,1,1,1
2729,2025-07-18 15:15:00,Astralis,Lynn Vision,1593.3098774378,1450.1747942623288,143.1350831754712,0.7,0.6,10,10,1.0,1,1,1,1,1
1193,2025-07-18 18:30:00,GamerLegion,BetBoom,1571.248932258793,1475.1621221366718,96.08681012212128,0.5,0.5,10,10,0.3333333333333333,3,0,1,1,1
148,2025-07-19 12:00:00,SAW,TYLOO,1526.596219202108,1521.8017943952439,4.794424806864072,0.5,0.6,10,10,0.5,0,0,1,1,0
1151,2025-07-19 15:40:00,BetBoom,Astralis,1495.4776160333727,1603.067491929276,-107.58987589590333,0.5,0.7,10,10,0.0,3,0,1,1,1
2085,2025-07-20 13:05:00,TYLOO,Astralis,1538.0225718033562,1614.265323295407,-76.24275149205073,0.7,0.7,10,10,1.0,1,1,1,1,1
2347,2025-07-23 08:30:00,Complexity,GamerLegion,1474.8554145645646,1550.9334383620921,-76.07802379752752,0.3,0.5,10,10,0.5,2,0,1,1,1
2075,2025-07-23 08:30:00,TYLOO,Virtus.pro,1557.4783850649699,1498.4489659247151,59.02941914025473,0.7,0.5,10,10,1.0,1,0,1,1,1
296,2025-07-23 11:00:00,B8,Astralis,1547.8156577051632,1594.8095100337932,-46.993852328630055,0.5,0.7,10,10,0.5,2,0,1,1,1
1454,2025-07-23 11:00:00,FURIA,FlyQuest,1518.3289039219128,1363.8114711451758,154.517432776737,0.6,0.2,10,10,1.0,1,1,1,1,1
2244,2025-07-23 14:20:00,MIBR,3DMAX,1457.956941653132,1517.524454058014,-59.56751240488211,0.4,0.4,10,10,0.3333333333333333,3,0,1,1,1
2774,2025-07-23 15:35:00,BIG,FaZe,1414.303032548784,1593.8755764924942,-179.57254394371034,0.3,0.6,10,10,0.0,1,0,1,1,1
1642,2025-07-23 16:25:00,HEROIC,Ninjas in Pyjamas,1518.1507797597003,1474.929232963673,43.22154679602727,0.4,0.5,10,10,0.6666666666666666,3,0,1,1,1
1963,2025-07-23 17:45:00,Liquid,paiN,1518.9491875883725,1465.361755166323,53.58743242204946,0.3,0.5,10,10,1.0,1,1,1,1,1
2429,2025-07-24 11:30:00,Virtus.pro,GamerLegion,1517.1415130595883,1563.48485793756,-46.34334487797173,0.5,0.6,10,10,0.5,4,0,1,1,1
2072,2025-07-24 11:30:00,Complexity,TYLOO,1462.3039949890967,1538.7858379300967,-76.48184294099997,0.3,0.6,10,10,0.0,1,0,1,1,1
251,2025-07-24 14:00:00,FlyQuest,B8,1354.4924817167118,1533.9667027310693,-179.47422101435745,0.2,0.5,10,10,0.5,0,1,1,1,0
1599,2025-07-24 15:00:00,Ninjas in Pyjamas,3DMAX,1492.909454131113,1530.807834867815,-37.89838073670194,0.5,0.5,10,10,0.5,0,1,1,1,0
2482,2025-07-24 17:00:00,Liquid,FaZe,1532.500779515203,1602.271317191528,-69.77053767632492,0.4,0.6,10,10,0.14285714285714285,7,0,1,1,1
2888,2025-07-24 17:45:00,MIBR,HEROIC,1444.673560843331,1500.1705585922602,-55.49699774892929,0.3,0.3,10,10,0.5,4,0,1,1,1
2006,2025-07-25 11:30:00,BIG,paiN,1405.9072918497502,1451.8101632394926,-45.90287138974236,0.2,0.4,10,10,0.0,1,0,1,1,1
2725,2025-07-25 11:30:00,Astralis,FURIA,1608.6584650078871,1527.6478933503768,81.01057165751035,0.7,0.7,10,10,0.5,2,0,1,1,1
1431,2025-07-25 14:00:00,Liquid,FlyQuest,1519.6713261494247,1378.09323536952,141.57809077990464,0.3,0.3,10,10,1.0,2,1,1,1,1
2391,2025-07-25 14:35:00,Virtus.pro,HEROIC,1503.2631351868451,1513.6363440620448,-10.37320887519968,0.4,0.4,10,10,0.8333333333333334,6,0,1,1,1
1983,2025-07-25 16:45:00,Astralis,paiN,1588.9939601471392,1465.708472340073,123.28548780706615,0.6,0.5,10,10,0.6666666666666666,3,1,1,1,1
2068,2025-07-25 16:45:00,TYLOO,3DMAX,1551.319529315542,1513.0694392488303,38.250090066711664,0.6,0.4,10,10,1.0,2,0,1,1,1
2584,2025-07-26 11:45:00,FURIA,G2,1547.3123982111247,1595.5135817561181,-48.201183544993455,0.7,0.4,10,10,0.0,1,0,1,1,1
589,2025-07-26 11:45:00,GamerLegion,Falcons,1577.3632358103032,1618.4247020076973,-41.06146619739411,0.7,0.4,10,10,0.3333333333333333,6,0,1,1,1
2743,2025-07-26 14:00:00,Astralis,Vitality,1599.5433270148192,1953.6488315407305,-354.10550452591133,0.6,0.9,10,10,0.14285714285714285,7,0,1,1,1
2196,2025-07-26 14:05:00,3DMAX,The MongolZ,1530.8238387158115,1684.2392644133117,-153.41542569750027,0.4,0.6,10,10,0.5,6,0,1,1,1
820,2025-07-26 16:30:00,Aurora,Ninjas in Pyjamas,1502.78023297701,1510.6478497500975,-7.867616773087548,0.4,0.6,10,10,1.0,1,1,1,1,1
1883,2025-07-26 16:30:00,FaZe,Natus Vincere,1615.1007705573063,1675.1138882971434,-60.01311773983707,0.6,0.6,10,10,0.42857142857142855,7,0,1,1,1
1699,2025-07-27 11:30:00,Liquid,MOUZ,1529.4898346133261,1739.5602996596815,-210.07046504635537,0.3,0.6,10,10,0.16666666666666666,6,0,1,1,1
2817,2025-07-27 11:30:00,HEROIC,Spirit,1529.1587820323996,1802.6091235414628,-273.45034150906326,0.4,0.9,10,10,0.0,5,0,1,1,1
523,2025-07-27 14:00:00,Falcons,The MongolZ,1632.5425066798537,1693.6002099738046,-61.05770329395091,0.4,0.6,10,10,0.6666666666666666,3,0,1,1,1
2256,2025-07-27 14:00:00,GamerLegion,3DMAX,1563.2454311381468,1521.4628931553186,41.78253798282822,0.6,0.3,10,10,1.0,3,0,1,1,1
2603,2025-07-27 16:30:00,G2,Vitality,1609.3079677052604,1957.3361995436594,-348.02823183839905,0.5,0.9,10,10,0.6,5,0,1,1,1
2723,2025-07-27 18:00:00,Astralis,FURIA,1595.8559590118903,1533.5180122619824,62.337946749907815,0.6,0.6,10,10,0.3333333333333333,3,0,1,1,1
1640,2025-07-28 11:30:00,HEROIC,Ninjas in Pyjamas,1523.6665664484117,1494.2855945260349,29.38097192237683,0.4,0.6,10,10,0.5,4,0,1,1,1
1662,2025-07-28 11:30:00,Natus Vincere,MOUZ,1688.3773441529615,1746.9149081530563,-58.53756400009479,0.6,0.6,10,10,0.6,5,0,1,1,1
2480,2025-07-28 14:00:00,Liquid,FaZe,1522.1352261199513,1601.8373147014881,-79.70208858153683,0.3,0.6,10,10,0.125,8,0,1,1,1
882,2025-07-28 14:00:00,Aurora,Spirit,1519.1424882010726,1808.1013391254507,-288.9588509243781,0.5,0.9,10,10,0.0,1,0,1,1,1
562,2025-07-28 16:30:00,Falcons,FURIA,1619.3257244290355,1552.3583665280773,66.96735790095818,0.4,0.6,10,10,0.5,2,0,1,1,1
2188,2025-07-28 16:30:00,3DMAX,G2,1539.3778274962335,1605.504921414024,-66.12709391779049,0.4,0.4,10,10,0.3333333333333333,6,0,1,1,1
876,2025-07-29 11:30:00,FaZe,Aurora,1614.229955880955,1514.0446104711912,100.18534540976384,0.7,0.4,10,10,0.0,1,1,1,1,1
1589,2025-07-29 11:30:00,Natus Vincere,Ninjas in Pyjamas,1675.047876751602,1511.6354221537022,163.4124545978998,0.5,0.6,10,10,1.0,2,1,1,1,1
1753,2025-07-29 14:00:00,Spirit,MOUZ,1813.1992168553322,1760.244375554416,52.954841300916314,0.9,0.6,10,10,0.4444444444444444,9,1,1,1,1
2672,2025-07-29 14:35:00,The MongolZ,Vitality,1706.8169922246227,1961.1392458348957,-254.32225361027304,0.7,0.9,10,10,0.0,8,0,1,1,1
1884,2025-07-29 16:30:00,FaZe,Natus Vincere,1625.7400113942222,1684.0323077812743,-58.29229638705215,0.7,0.6,10,10,0.375,8,0,1,1,1
2585,2025-07-29 18:15:00,G2,FURIA,1618.495902811786,1571.404695091202,47.09120772058395,0.5,0.6,10,10,1.0,2,0,1,1,1
1858,2025-08-01 13:45:00,Natus Vincere,The MongolZ,1697.3727568056195,1700.8055739709841,-3.4328171653646677,0.6,0.7,10,10,0.6,5,1,1,1,1
1774,2025-08-01 17:10:00,MOUZ,FURIA,1746.664326008424,1589.5601422991151,157.10418370930893,0.6,0.6,10,10,0.6666666666666666,6,1,1,1,1
969,2025-08-01 23:30:00,M80,Wildcard,1388.3406638278157,1351.2771897380967,37.063474089718966,0.3,0.2,10,10,0.6666666666666666,3,1,1,1,1
1899,2025-08-02 13:45:00,Natus Vincere,Spirit,1713.5308387341406,1826.779266401324,-113.24842766718348,0.7,0.9,10,10,0.18181818181818182,11,0,1,1,1
1793,2025-08-02 17:50:00,MOUZ,Vitality,1755.8852681719547,1967.1506640885343,-211.26539591657956,0.7,0.9,10,10,0.18181818181818182,11,1,1,1,1
1754,2025-08-03 15:00:00,Spirit,MOUZ,1837.7411599301336,1780.5695494811775,57.17161044895602,0.9,0.8,10,10,0.5,10,1,1,1,1
2580,2025-08-05 15:35:00,Nemiga,G2,1439.5098839606542,1600.340455603873,-160.83057164321872,0.4,0.4,10,10,0.5,0,0,1,1,0
1153,2025-08-05 18:45:00,BetBoom,FaZe,1484.2797846672418,1612.399562369877,-128.11977770263525,0.5,0.7,10,10,0.5,0,0,1,1,0
2409,2025-08-06 10:00:00,MIBR,Virtus.pro,1431.2077753735464,1487.7406972164904,-56.532921842944006,0.3,0.3,10,10,0.8,5,0,1,1,1
1459,2025-08-06 13:00:00,Natus Vincere,TNL,1702.5689452053311,1513.8656612751067,188.70328393022442,0.6,1.0,10,1,0.5,0,1,1,1,0
2914,2025-08-07 10:00:00,BIG,FURIA,1392.0089827491697,1580.3392001355844,-188.3302173864147,0.2,0.6,10,10,0.75,4,0,1,1,1
78,2025-08-07 12:00:00,MOUZ,OG,1767.17889017181,1500.7623512644911,266.4165389073189,0.7,0.4,10,10,0.5,0,1,1,1,0
132,2025-08-07 14:00:00,SAW,BetBoom,1510.3754417939956,1473.9262676754884,36.449174118507244,0.5,0.4,10,10,0.3333333333333333,3,1,1,1,1
1593,2025-08-07 15:15:00,paiN,Ninjas in Pyjamas,1455.159105472393,1502.6509911240298,-47.49188565163672,0.5,0.6,10,10,0.0,1,1,1,1,1
1324,2025-08-07 18:35:00,fnatic,Legacy,1394.8398348362998,1489.7078393793272,-94.86800454302738,0.2,0.6,10,10,0.5,0,0,1,1,0
816,2025-08-08 12:00:00,FlyQuest,Aurora,1368.2747269056185,1502.534554957924,-134.25982805230547,0.3,0.4,10,10,0.5,0,0,1,1,0
2328,2025-08-08 16:20:00,Complexity,HEROIC,1449.7703036036514,1506.3167388207444,-56.54643521709295,0.3,0.3,10,10,0.75,4,0,1,1,1
138,2025-08-09 08:00:00,SAW,TNL,1524.70302629394,1505.791339568998,18.911686724942,0.5,0.5,10,2,0.5,0,1,1,1,0
1871,2025-08-09 10:00:00,Natus Vincere,Astralis,1710.64326691144,1577.0156047457954,133.62766216564455,0.6,0.5,10,10,0.6,5,0,1,1,1
2376,2025-08-09 13:10:00,Virtus.pro,FaZe,1501.1599955070978,1622.7530793616304,-121.59308385453255,0.3,0.7,10,10,0.25,4,1,1,1,1
2560,2025-08-09 16:40:00,G2,Spirit,1609.421239349709,1851.131819239501,-241.71057988979214,0.5,0.9,10,10,0.8571428571428571,7,0,1,1,1
2505,2025-08-09 20:00:00,Liquid,FURIA,1509.7425849404844,1588.4264934320631,-78.68390849157868,0.2,0.7,10,10,0.8571428571428571,7,1,1,1,1
1973,2025-08-10 10:00:00,paiN,The MongolZ,1473.3326668889258,1684.647492042463,-211.31482515353719,0.5,0.6,10,10,0.5,4,0,1,1,1
1266,2025-08-10 10:00:00,fnatic,PARIVISION,1383.1032347904704,1485.6783901638173,-102.57515537334689,0.2,0.4,10,10,0.5,0,0,1,1,0
263,2025-08-10 12:20:00,B8,MOUZ,1510.365949078261,1772.8577736798568,-262.4918246015957,0.5,0.7,10,10,0.5,0,0,1,1,0
47,2025-08-10 13:00:00,SAW,OG,1539.8329700520674,1495.0834677564444,44.74950229562296,0.5,0.3,10,10,1.0,1,0,1,1,1
886,2025-08-10 14:35:00,HEROIC,Aurora,1519.7354309912134,1512.642087411399,7.093343579814473,0.4,0.4,10,10,0.5,4,0,1,1,1
70,2025-08-10 16:00:00,OG,PARIVISION,1513.1329379230438,1497.0872544252888,16.045683497754908,0.4,0.4,10,10,1.0,1,1,1,1,1
1366,2025-08-10 16:15:00,Legacy,Vitality,1501.4444394251566,1942.4663827793115,-441.0219433541549,0.7,0.9,10,10,0.5,2,0,1,1,1
1460,2025-08-10 17:00:00,BIG,TNL,1383.921689452691,1490.6613958108705,-106.73970635817955,0.1,0.3333333333333333,10,3,0.5,0,1,1,1,0
2926,2025-08-11 14:00:00,GamerLegion,BIG,1545.330496797232,1404.6882070631136,140.64228973411832,0.6,0.2,10,10,0.0,2,1,1,1,1
1265,2025-08-13 13:30:00,fnatic,PARIVISION,1371.694370528999,1481.8256605535555,-110.13129002455662,0.2,0.4,10,10,0.0,1,0,1,1,1
71,2025-08-14 10:00:00,TNL,OG,1469.894878200448,1528.394531794777,-58.499653594329175,0.25,0.4,4,10,0.5,0,0,1,1,0
1721,2025-08-14 14:00:00,Astralis,MOUZ,1598.8828916230195,1778.642958507721,-179.76006688470147,0.6,0.7,10,10,0.3333333333333333,3,0,1,1,1
859,2025-08-14 16:20:00,Aurora,The MongolZ,1528.96870257597,1691.961605147241,-162.9929025712711,0.4,0.6,10,10,0.4,5,0,1,1,1
1133,2025-08-15 13:55:00,BetBoom,fnatic,1459.598683175544,1360.6027976308867,98.99588554465731,0.3,0.2,10,10,0.3333333333333333,3,0,1,1,1
2516,2025-08-15 14:00:00,Liquid,Vitality,1529.3054090036578,1944.8083833376993,-415.5029743340415,0.3,0.9,10,10,0.0,5,0,1,1,1
2383,2025-08-15 17:20:00,Spirit,Virtus.pro,1857.505728892013,1522.5416214886022,334.9641074034107,0.9,0.3,10,10,0.6666666666666666,6,1,1,1,1
1751,2025-08-16 14:00:00,Spirit,MOUZ,1861.5680973934627,1787.0320157970261,74.53608159643659,0.9,0.7,10,10,0.5454545454545454,11,1,1,1,1
2668,2025-08-16 16:35:00,The MongolZ,Vitality,1700.9616508767285,1947.4899201645067,-246.52826928777813,0.7,0.9,10,10,0.0,9,1,1,1,1
94,2025-08-16 17:00:00,OG,BIG,1541.7256964295123,1394.832997707245,146.89269872226714,0.4,0.2,10,10,1.0,1,1,1,1,1
2630,2025-08-17 14:00:00,The MongolZ,Spirit,1726.7281185972856,1874.1872916283587,-147.45917303107308,0.7,0.9,10,10,0.25,4,0,1,1,1
603,2025-08-17 16:00:00,ECSTATIC,PARIVISION,1494.140609636011,1492.9172334516677,1.2233761843433513,0.4,0.4,10,10,0.5,0,0,1,1,0
1820,2025-08-20 11:00:00,3DMAX,Natus Vincere,1526.3868460984716,1688.7759800342158,-162.3891339357442,0.4,0.6,10,10,0.0,1,1,1,1,1
2682,2025-08-20 11:15:00,GamerLegion,The MongolZ,1555.1857061531005,1717.1385002979584,-161.952794144858,0.6,0.6,10,10,0.0,3,0,1,1,1
2083,2025-08-20 14:15:00,Astralis,TYLOO,1590.4938343337144,1533.565129848561,56.9287044851535,0.5,0.6,10,10,0.0,2,0,1,1,1
2518,2025-08-20 15:05:00,Liquid,Vitality,1526.6238721768505,1921.7234524439496,-395.0995802670991,0.3,0.8,10,10,0.0,6,0,1,1,1
2818,2025-08-20 18:10:00,Spirit,HEROIC,1883.776909927686,1503.4088158266425,380.3680941010434,0.9,0.3,10,10,1.0,6,0,1,1,1
877,2025-08-20 18:15:00,FaZe,Aurora,1601.371453380126,1519.9686568464824,81.4027965336436,0.6,0.4,10,10,0.5,2,0,1,1,1
601,2025-08-21 08:00:00,BetBoom,ECSTATIC,1439.159250093826,1478.084271313545,-38.925021219719156,0.3,0.4,10,10,1.0,1,1,1,1,1
517,2025-08-21 11:00:00,G2,Falcons,1603.047329697197,1600.2793958659108,2.7679338312862,0.5,0.3,10,10,0.75,4,0,1,1,1
1690,2025-08-21 11:00:00,MOUZ,Virtus.pro,1774.4128215621301,1518.4792529871524,255.9335685749777,0.7,0.3,10,10,0.6666666666666666,3,1,1,1,1
83,2025-08-21 14:00:00,fnatic,OG,1381.0422307126048,1551.3372286409822,-170.29499792837737,0.2,0.5,10,10,0.5,0,0,1,1,0
2197,2025-08-21 14:15:00,3DMAX,The MongolZ,1549.3643006119585,1726.1773274648485,-176.81302685289006,0.5,0.6,10,10,0.42857142857142855,7,0,1,1,1
2109,2025-08-21 18:30:00,TYLOO,Vitality,1552.1635805789608,1924.7080117954772,-372.5444312165164,0.7,0.8,10,10,0.5,0,0,1,1,0
1108,2025-08-22 14:00:00,BetBoom,TNL,1456.9443510116016,1456.5637135657128,0.3806374458888513,0.4,0.2,10,5,0.5,0,1,1,1,0
889,2025-08-22 14:30:00,HEROIC,Aurora,1532.1867168343251,1539.6502724158588,-7.463555581533683,0.4,0.4,10,10,0.4,5,0,1,1,1
465,2025-08-22 17:45:00,Falcons,MOUZ,1616.4068612327815,1780.3790867758228,-163.9722255430413,0.4,0.7,10,10,0.375,8,1,1,1,1
2673,2025-08-23 14:30:00,The MongolZ,Vitality,1734.6718146198923,1928.0629787687215,-193.39116414882915,0.7,0.8,10,10,0.1,10,1,1,1,1
438,2025-08-23 18:20:00,Aurora,Falcons,1555.306615840113,1639.4432377697228,-84.13662192960987,0.5,0.4,10,10,1.0,1,1,1,1,1
580,2025-08-24 07:00:00,Vitality,Falcons,1903.9754800615067,1619.6426086433944,284.3328714181123,0.7,0.4,10,10,1.0,5,0,1,1,1
861,2025-08-24 10:35:00,Aurora,The MongolZ,1575.1072449664414,1758.759313327107,-183.65206836066568,0.6,0.7,10,10,0.3333333333333333,6,0,1,1,1
1563,2025-08-26 17:00:00,Gentle Mates,Nemiga,1500.0,1430.4291002148182,69.57089978518184,0.5,0.4,0,10,0.5,0,1,0,1,0
1093,2025-08-27 10:00:00,Vitality,M80,1877.1885220039208,1402.6402730505724,474.5482489533483,0.6,0.3,10,10,1.0,1,1,1,1,1
2427,2025-08-27 13:05:00,Virtus.pro,GamerLegion,1512.5129877734598,1546.1468789862104,-33.63389121275054,0.3,0.5,10,10,0.4,5,0,1,1,1
615,2025-08-27 15:05:00,FaZe,ECSTATIC,1581.6898378107496,1460.2991703957694,121.39066741498027,0.5,0.4,10,10,0.5,0,1,1,1,0
76,2025-08-27 17:00:00,Gentle Mates,OG,1512.8382870271457,1560.0678812558665,-47.22959422872077,1.0,0.5,1,10,0.5,0,0,1,1,0
1825,2025-08-27 18:30:00,fnatic,Natus Vincere,1372.3115780977205,1665.7985255207288,-293.48694742300836,0.2,0.5,10,10,0.0,1,0,1,1,1
2457,2025-08-28 12:55:00,Liquid,G2,1523.6393128253228,1586.9198643303264,-63.28055150500359,0.3,0.4,10,10,0.2,5,0,1,1,1
1443,2025-08-28 14:50:00,Spirit,FlyQuest,1854.9990089200032,1358.1671944521436,496.83181446785966,0.9,0.3,10,10,1.0,3,1,1,1,1
1352,2025-08-28 16:40:00,FURIA,Legacy,1568.8636693688898,1499.1024388667688,69.76123050212095,0.6,0.6,10,10,0.0,1,1,1,1,1
69,2025-08-28 17:00:00,OG,PARIVISION,1573.9061771074269,1508.9735717741337,64.93260533329317,0.6,0.4,10,10,1.0,2,0,1,1,1
2239,2025-08-29 03:00:00,Lynn Vision,3DMAX,1440.4171797708527,1540.8698134569147,-100.45263368606197,0.5,0.5,10,10,1.0,1,0,1,1,1
275,2025-08-29 06:00:00,TYLOO,B8,1548.8086136057166,1504.580764250397,44.22784935531968,0.7,0.4,10,10,0.5,0,1,1,1,0
609,2025-08-29 10:00:00,ECSTATIC,fnatic,1449.6725277139187,1367.3244222076862,82.34810550623251,0.4,0.2,10,10,1.0,1,0,1,1,1
2069,2025-08-29 10:00:00,TYLOO,3DMAX,1562.7827768140444,1552.3685316608758,10.414245153168622,0.7,0.5,10,10,0.6666666666666666,3,0,1,1,1
1055,2025-08-29 11:55:00,M80,Virtus.pro,1400.6841957490992,1498.0570653124848,-97.37286956338562,0.3,0.3,10,10,0.0,1,1,1,1,1
3015,2025-08-29 14:50:00,GamerLegion,Vitality,1560.6028014471854,1879.144599305394,-318.5417978582086,0.6,0.6,10,10,0.0,5,0,1,1,1
2120,2025-08-29 17:40:00,fnatic,ENCE,1387.0472400444005,1503.1387998460018,-116.0915598016013,0.3,0.8,10,10,0.3333333333333333,3,1,1,1,1
1882,2025-08-29 18:00:00,Natus Vincere,FaZe,1670.7856814107631,1592.3164804926002,78.46920091816287,0.6,0.6,10,10,0.6666666666666666,9,0,1,1,1
323,2025-08-30 09:30:00,Lynn Vision,B8,1428.9184615668917,1490.606601042069,-61.68813947517742,0.4,0.3,10,10,1.0,1,1,1,1,1
1598,2025-08-30 12:00:00,ENCE,Ninjas in Pyjamas,1481.9830499392538,1484.477429707497,-2.494379768243334,0.7,0.6,10,10,0.5,2,1,1,1,1
65,2025-08-30 12:40:00,BetBoom,OG,1472.92682201644,1554.9502553308166,-82.02343331437669,0.5,0.6,10,10,0.5,2,1,1,1,1
1299,2025-08-30 13:15:00,Legacy,FlyQuest,1486.2725737178928,1356.4338499119885,129.83872380590424,0.5,0.2,10,10,0.5,0,0,1,1,0
1553,2025-08-30 15:20:00,ENCE,Gentle Mates,1498.097918399087,1498.9999911755854,-0.9020727764984713,0.7,0.5,10,2,0.5,0,1,1,1,0
1708,2025-08-30 16:25:00,G2,MOUZ,1600.037489834067,1757.3427102388814,-157.30522040481446,0.4,0.6,10,10,0.375,8,0,1,1,1
15,2025-08-30 18:00:00,9INE,ENCE,1490.8002961091065,1514.1394602922994,-23.339164183192906,0.5,0.7,10,10,0.5,0,0,1,1,0
2828,2025-08-30 18:30:00,FURIA,Spirit,1581.6935345177658,1856.7323534601583,-275.0388189423925,0.7,0.9,10,10,0.16666666666666666,6,1,1,1,1
2102,2025-08-31 06:00:00,TYLOO,Lynn Vision,1546.3033266842037,1447.729824561542,98.5735021226617,0.6,0.5,10,10,0.25,8,1,1,1,1
2287,2025-08-31 10:00:00,fnatic,GamerLegion,1408.2029899511485,1556.193163748273,-147.9901737971245,0.4,0.5,10,10,0.0,2,1,1,1,1
2070,2025-08-31 10:05:00,3DMAX,TYLOO,1568.8479817907164,1557.881853624614,10.966128166102408,0.6,0.6,10,10,0.5,4,1,1,1,1
1041,2025-08-31 12:30:00,M80,Natus Vincere,1421.0545513315728,1651.2322560115367,-230.17770467996388,0.3,0.5,10,10,0.0,1,1,1,1,1
2486,2025-08-31 15:45:00,Liquid,Spirit,1510.5216873215822,1830.1830924872193,-319.661405165637,0.3,0.8,10,10,0.5,4,0,1,1,1
1109,2025-08-31 16:35:00,BetBoom,TNL,1492.635494532771,1440.5812425608744,52.05425197189652,0.6,0.16666666666666666,10,6,1.0,1,1,1,1,1
12,2025-08-31 17:00:00,9INE,PARIVISION,1475.8734905440676,1527.929493550744,-52.05600300667629,0.5,0.4,10,10,0.5,0,0,1,1,0
1432,2025-08-31 18:00:00,FlyQuest,G2,1378.1495131606414,1590.8241419330263,-212.67462877238495,0.3,0.4,10,10,0.5,0,0,1,1,0
2794,2025-09-01 10:00:00,FaZe,Vitality,1611.8699058918266,1883.5542370043063,-271.68433111247964,0.6,0.6,10,10,0.3,10,0,1,1,1
1051,2025-09-01 14:10:00,M80,fnatic,1446.3349970693096,1430.6338873005188,15.70110976879073,0.4,0.5,10,10,1.0,1,1,1,1,1
1773,2025-09-01 16:40:00,FURIA,MOUZ,1608.2427954907048,1766.556058139922,-158.31326264921722,0.7,0.7,10,10,0.2857142857142857,7,1,1,1,1
1098,2025-09-01 17:00:00,BetBoom,PARIVISION,1506.2560848169653,1541.5500049802256,-35.29392016326028,0.6,0.5,10,10,0.5,0,0,1,1,0
2561,2025-09-01 19:05:00,Spirit,G2,1834.5682836328765,1598.094182471246,236.47410116163041,0.8,0.5,10,10,0.25,8,0,1,1,1
1039,2025-09-05 14:30:00,MOUZ,M80,1743.731382979264,1461.6124260702393,282.11895690902475,0.6,0.5,10,10,0.5,0,1,1,1,0
2549,2025-09-05 18:15:00,G2,FaZe,1623.565014052481,1606.3312849198787,17.23372913260232,0.5,0.5,10,10,0.5555555555555556,9,1,1,1,1
1791,2025-09-06 14:30:00,MOUZ,Vitality,1749.0002777323155,1889.0928579762542,-140.09258024393876,0.6,0.7,10,10,0.25,12,0,1,1,1
2583,2025-09-06 17:15:00,G2,FURIA,1638.7720217556002,1631.0674706513628,7.704551104237453,0.6,0.7,10,10,0.6666666666666666,3,1,1,1,1
2602,2025-09-07 14:30:00,G2,Vitality,1654.4172722128696,1898.9696616753145,-244.5523894624448,0.6,0.7,10,10,0.5,6,1,1,1,1
602,2025-09-09 08:30:00,ECSTATIC,PARIVISION,1429.9497098772044,1555.930227730254,-125.9805178530496,0.3,0.6,10,10,0.0,1,0,1,1,1
188,2025-09-09 12:00:00,BIG,SAW,1385.2214654957752,1521.783499885468,-136.56203438969283,0.2,0.5,10,10,0.6666666666666666,3,1,1,1,1
2149,2025-09-10 08:00:00,ENCE,Nemiga,1529.0662658573383,1417.5908131876724,111.47545266966586,0.8,0.3,10,10,1.0,1,0,1,1,1
62,2025-09-10 12:05:00,OG,M80,1535.2415828144856,1456.3435313171879,78.89805149729773,0.6,0.5,10,10,0.0,1,1,1,1,1
93,2025-09-11 14:00:00,OG,BIG,1547.6693873770269,1407.2053496191913,140.4640377578355,0.7,0.3,10,10,1.0,2,1,1,1,1
2111,2025-09-12 08:00:00,TYLOO,GamerLegion,1542.3866948552256,1533.7622663989027,8.624428456322903,0.5,0.4,10,10,0.0,2,1,1,1,1
2200,2025-09-12 10:45:00,3DMAX,The MongolZ,1584.3431405601048,1767.010434156877,-182.6672935967722,0.6,0.7,10,10,0.375,8,1,1,1,1
510,2025-09-12 14:10:00,Virtus.pro,Falcons,1477.6867097300112,1646.42956670098,-168.7428569709689,0.3,0.5,10,10,0.625,8,0,1,1,1
872,2025-09-12 16:20:00,Astralis,Aurora,1571.8953836033145,1566.8561241366715,5.039259466642989,0.4,0.6,10,10,1.0,2,0,1,1,1
1350,2025-09-13 08:10:00,HEROIC,Legacy,1516.530373410071,1464.55691046924,51.97346294083104,0.4,0.4,10,10,0.5,0,0,1,1,0
2593,2025-09-13 11:50:00,Lynn Vision,G2,1436.1512976211318,1680.126452300768,-243.97515467963626,0.4,0.7,10,10,0.0,2,0,1,1,1
2151,2025-09-13 14:00:00,Nemiga,ENCE,1438.555248892011,1508.1018301529998,-69.54658126098889,0.4,0.7,10,10,0.5,2,1,1,1,1
1992,2025-09-13 14:30:00,paiN,FaZe,1466.0185537841478,1591.1242772167595,-125.10572343261174,0.4,0.5,10,10,0.2,5,0,1,1,1
54,2025-09-13 17:00:00,OG,HOTU,1557.5315961689175,1462.174459763916,95.35713640500148,0.8,0.25,10,4,0.5,0,0,1,1,0
2506,2025-09-13 17:15:00,Liquid,FURIA,1506.136496175925,1615.4222201940934,-109.28572401816837,0.3,0.7,10,10,0.875,8,0,1,1,1
1461,2025-09-13 20:40:00,BIG,TNL,1397.3431408273007,1426.96065227668,-29.617511449379435,0.2,0.14285714285714285,10,7,1.0,1,1,1,1,1
2213,2025-09-14 08:00:00,FaZe,3DMAX,1601.599679903488,1608.0572585828993,-6.457578679411199,0.5,0.7,10,10,0.6666666666666666,3,1,1,1,1
2658,2025-09-14 08:00:00,Lynn Vision,The MongolZ,1429.843666793668,1743.2963161340824,-313.4526493404144,0.3,0.7,10,10,0.0,6,0,1,1,1
2279,2025-09-14 10:00:00,fnatic,Nemiga,1415.3564582995891,1457.7158856713957,-42.35942737180653,0.4,0.4,10,10,0.0,1,1,1,1,1
2371,2025-09-14 10:45:00,Astralis,Virtus.pro,1555.6633334007065,1468.8992180038417,86.76411539686478,0.3,0.3,10,10,0.3333333333333333,6,1,1,1,1
452,2025-09-14 11:15:00,Legacy,Falcons,1482.9326818673603,1655.2170584271496,-172.28437655978928,0.4,0.6,10,10,0.5,0,0,1,1,0
2524,2025-09-14 13:25:00,Liquid,GamerLegion,1495.0096219331897,1518.1593544501607,-23.14973251697097,0.2,0.4,10,10,1.0,2,0,1,1,1
616,2025-09-14 13:40:00,ECSTATIC,BIG,1419.509759061716,1414.7037833505665,4.8059757111495855,0.2,0.3,10,10,0.5,0,1,1,1,0
838,2025-09-14 14:15:00,TYLOO,Aurora,1557.9896068039677,1583.0881743392795,-25.09856753531176,0.5,0.6,10,10,0.5,0,0,1,1,0
1999,2025-09-14 15:50:00,HEROIC,paiN,1498.1546020119506,1455.5431510974192,42.61145091453136,0.4,0.3,10,10,0.0,2,0,1,1,1
2589,2025-09-14 17:15:00,G2,FURIA,1686.4340831282318,1626.5490944368287,59.88498869140312,0.7,0.7,10,10,0.75,4,0,1,1,1
140,2025-09-14 17:30:00,Gentle Mates,SAW,1482.9584492823728,1499.7996157620519,-16.841166479679032,0.3333333333333333,0.5,3,10,0.5,0,0,1,1,0
610,2025-09-14 18:00:00,ECSTATIC,fnatic,1435.2884498163291,1433.297573606761,1.990876209568114,0.2,0.5,10,10,0.5,2,1,1,1,1
2082,2025-09-15 08:00:00,The MongolZ,TYLOO,1747.8185212229362,1543.1434321553677,204.67508906756848,0.8,0.5,10,10,0.75,4,1,1,1,1
2406,2025-09-15 08:00:00,Lynn Vision,Virtus.pro,1425.3214617048143,1456.8138133273626,-31.492351622548313,0.3,0.2,10,10,0.5,0,0,1,1,0
2495,2025-09-15 11:40:00,Liquid,HEROIC,1480.0741316485694,1480.2020524242266,-0.12792077565723048,0.2,0.4,10,10,0.3333333333333333,3,1,1,1,1
2257,2025-09-15 11:55:00,3DMAX,GamerLegion,1591.7599103341236,1533.094844734781,58.6650655993426,0.6,0.4,10,10,0.25,4,0,1,1,1
1332,2025-09-15 16:00:00,Legacy,G2,1474.274543110012,1667.7032672989073,-193.42872418889533,0.3,0.7,10,10,0.5,0,0,1,1,0
542,2025-09-15 16:05:00,Falcons,FaZe,1663.875197184498,1617.8970281522638,45.978169032234064,0.6,0.5,10,10,0.42857142857142855,7,1,1,1,1
1981,2025-09-15 18:20:00,paiN,Astralis,1473.4957006851432,1567.7487380771856,-94.25303739204242,0.3,0.4,10,10,0.25,4,1,1,1,1
906,2025-09-15 18:50:00,Aurora,FURIA,1597.9343489878795,1645.2799102661531,-47.345561278273635,0.7,0.7,10,10,0.2,5,1,1,1,1
2175,2025-09-16 09:00:00,Virtus.pro,3DMAX,1471.3674957639457,1573.0836699947854,-101.71617423083967,0.3,0.6,10,10,0.5,2,1,1,1,1
2611,2025-09-16 09:00:00,G2,GamerLegion,1675.6144808951447,1551.7710850741191,123.84339582102552,0.8,0.4,10,10,0.6666666666666666,3,1,1,1,1
2624,2025-09-16 13:05:00,FaZe,The MongolZ,1604.0021267084073,1755.3505270287417,-151.34840032033435,0.5,0.8,10,10,0.3333333333333333,3,0,1,1,1
2076,2025-09-16 14:00:00,TYLOO,Liquid,1535.6114263495622,1496.0800226177255,39.53140373183669,0.4,0.2,10,10,0.5,0,0,1,1,0
2016,2025-09-16 17:30:00,paiN,FURIA,1493.7327787726056,1627.1129633582307,-133.3801845856251,0.4,0.6,10,10,0.6666666666666666,3,0,1,1,1
1339,2025-09-16 18:05:00,Legacy,Astralis,1466.3633295137747,1547.5116599897233,-81.14833047594857,0.3,0.3,10,10,0.0,1,0,1,1,1
2481,2025-09-17 09:20:00,Liquid,FaZe,1513.8926954867675,1594.5621864692832,-80.66949098251575,0.3,0.4,10,10,0.1111111111111111,9,1,1,1,1
2747,2025-09-17 12:00:00,GamerLegion,Astralis,1541.2444166954097,1559.8411444259577,-18.596727730548082,0.4,0.4,10,10,1.0,1,0,1,1,1
1958,2025-09-17 15:05:00,Virtus.pro,paiN,1491.9223053510707,1483.590198866082,8.332106484988799,0.4,0.4,10,10,0.3333333333333333,6,0,1,1,1
245,2025-09-18 09:00:00,B8,PARIVISION,1471.7952380474187,1566.3701785457424,-94.57494049832371,0.2,0.7,10,10,0.75,4,0,1,1,1
77,2025-09-18 12:00:00,OG,Ninjas in Pyjamas,1537.2472780721625,1468.362561247664,68.88471682449858,0.7,0.5,10,10,0.5,0,0,1,1,0
1202,2025-09-18 15:00:00,Gentle Mates,Passion UA,1467.7334068058603,1479.6214186103373,-11.888011804476946,0.25,0.4,4,10,0.5,0,0,1,1,0
14,2025-09-18 18:10:00,9INE,Natus Vincere,1462.252979114586,1625.9518102738,-163.69883115921402,0.4,0.5,10,10,0.5,0,0,1,1,0
2535,2025-09-19 08:10:00,The MongolZ,G2,1764.7904672678658,1686.1411492738541,78.64931799401165,0.8,0.8,10,10,0.7142857142857143,7,1,1,1,1
49,2025-09-19 09:00:00,B8,OG,1460.04609734137,1518.1159428785318,-58.06984553716188,0.1,0.6,10,10,1.0,1,1,1,1,1
13,2025-09-19 12:05:00,Gentle Mates,9INE,1452.2806564308887,1453.2791968305492,-0.9985403996604418,0.2,0.4,5,10,0.5,0,1,1,1,0
850,2025-09-19 12:20:00,Liquid,Aurora,1533.5423135954911,1616.101295895802,-82.55898230031084,0.4,0.8,10,10,0.0,1,1,1,1,1
1252,2025-09-19 14:15:00,Ninjas in Pyjamas,PARIVISION,1487.4938964412947,1578.1193192517912,-90.6254228104965,0.5,0.8,10,10,0.5,0,1,1,1,0
2724,2025-09-19 15:35:00,FURIA,Astralis,1637.2555432647544,1574.985550400917,62.26999286383739,0.7,0.4,10,10,0.75,4,1,1,1,1
1206,2025-09-19 16:20:00,Passion UA,Natus Vincere,1495.074168985309,1634.9255925578368,-139.8514235725279,0.5,0.5,10,10,0.5,0,0,1,1,0
9,2025-09-19 17:00:00,HOTU,9INE,1482.458777860671,1437.2332124723798,45.225565388291216,0.4,0.4,5,10,0.5,0,0,1,1,0
484,2025-09-19 19:10:00,paiN,Falcons,1499.9738330069579,1677.7700986283544,-177.79626562139651,0.5,0.7,10,10,0.6666666666666666,3,0,1,1,1
1247,2025-09-20 09:00:00,Gentle Mates,PARIVISION,1468.326640789058,1558.0380085520578,-89.71136776299977,0.3333333333333333,0.8,6,10,0.5,0,1,1,1,0
2466,2025-09-20 12:00:00,The MongolZ,Liquid,1777.229157203322,1553.274315620759,223.95484158256318,0.8,0.4,10,10,1.0,5,1,1,1,1
238,2025-09-20 12:10:00,Passion UA,B8,1485.1878836213182,1478.6956860635364,6.492197557781765,0.4,0.2,10,10,0.5,0,0,1,1,0
1590,2025-09-20 14:30:00,Ninjas in Pyjamas,Natus Vincere,1507.5752071410282,1644.8118779218275,-137.2366707807994,0.6,0.5,10,10,0.0,3,0,1,1,1
566,2025-09-20 16:00:00,FURIA,Falcons,1650.4182198759481,1686.2293166902682,-35.81109681432008,0.7,0.7,10,10,0.6666666666666666,3,1,1,1,1
259,2025-09-20 16:50:00,B8,Gentle Mates,1494.9946280170043,1488.36857026859,6.626057748414269,0.2,0.42857142857142855,10,7,0.5,0,1,1,1,0
262,2025-09-21 13:00:00,Ninjas in Pyjamas,B8,1497.5857944720537,1510.6895237705546,-13.103729298500866,0.5,0.3,10,10,0.0,1,1,1,1,1
2649,2025-09-21 15:00:00,The MongolZ,FURIA,1784.1408478552519,1668.061566328745,116.07928152650697,0.9,0.8,10,10,0.6666666666666666,6,0,1,1,1
1591,2025-09-21 16:10:00,Ninjas in Pyjamas,Natus Vincere,1514.1889575415303,1654.801290590802,-140.61233304927168,0.5,0.5,10,10,0.0,4,0,1,1,1
150,2025-09-23 08:00:00,SAW,ENCE,1515.0246582385644,1488.941193373615,26.083464864949292,0.6,0.7,10,10,0.0,1,0,1,1,1
2280,2025-09-23 17:15:00,Nemiga,fnatic,1439.7747703642237,1417.3892558409375,22.385514523286247,0.3,0.5,10,10,0.5,2,0,1,1,1
2121,2025-09-24 11:00:00,fnatic,ENCE,1434.4187227291306,1506.1401297082548,-71.72140697912414,0.6,0.7,10,10,0.5,4,0,1,1,1
1508,2025-09-24 18:00:00,ENCE,FUT,1518.8833668448235,1500.0,18.883366844823513,0.7,0.5,10,0,0.5,0,0,1,0,0
53,2025-09-26 16:45:00,OG,ECSTATIC,1499.4663541563652,1451.1967675821527,48.26958657421255,0.5,0.3,10,10,0.0,1,1,1,1,1
17,2025-09-27 11:30:00,9INE,Liquid,1455.3042426462482,1546.362624968829,-91.05838232258088,0.4,0.4,10,10,0.5,0,1,1,1,0
1509,2025-09-27 13:30:00,ENCE,FUT,1502.0146109309014,1516.868755913922,-14.85414498302066,0.6,1.0,10,1,0.0,1,1,1,1,1
1488,2025-09-28 11:00:00,Inner Circle,3DMAX,1500.0,1552.5288604076604,-52.52886040766043,0.5,0.5,0,10,0.5,0,1,0,1,0
18,2025-09-28 11:30:00,Liquid,9INE,1526.2626790155582,1475.404188599519,50.8584904160391,0.4,0.4,10,10,0.0,1,0,1,1,1
1099,2025-09-28 12:10:00,BetBoom,PARIVISION,1491.8758620669369,1537.9960790725258,-46.120217005588984,0.5,0.7,10,10,0.0,1,0,1,1,1
667,2025-09-28 13:55:00,HOTU,FURIA,1464.3877476868026,1689.2168095062436,-224.829061819441,0.3333333333333333,0.8,6,10,0.5,0,1,1,1,0
248,2025-09-28 14:00:00,B8,Legacy,1494.086360701078,1454.0338450775403,40.05251562353783,0.3,0.3,10,10,0.5,0,1,1,1,0
1561,2025-09-28 16:00:00,Gentle Mates,HEROIC,1472.6736745150397,1464.1961614550705,8.47751305996917,0.375,0.3,8,10,0.5,0,1,1,1,0
1048,2025-09-28 16:30:00,M80,ENCE,1443.9157267546466,1518.6982531000979,-74.78252634545129,0.5,0.6,10,10,0.5,0,0,1,1,0
67,2025-09-28 18:00:00,Passion UA,OG,1468.8889416678503,1513.2576499739719,-44.36870830612156,0.3,0.5,10,10,0.0,1,0,1,1,1
225,2025-09-29 08:30:00,HOTU,B8,1489.503287877052,1508.2500018027913,-18.746713925739414,0.42857142857142855,0.4,7,10,0.5,0,1,1,1,0
1496,2025-09-29 11:00:00,Inner Circle,GamerLegion,1518.400778517756,1526.1000107204504,-7.699232202694475,1.0,0.4,1,10,0.5,0,1,1,1,0
2137,2025-09-29 11:10:00,ENCE,Astralis,1531.306606478836,1561.8228737897232,-30.516267310887088,0.7,0.4,10,10,0.5,4,1,1,1,1
1079,2025-09-29 14:10:00,HEROIC,M80,1448.5864878989628,1431.3073733759084,17.27911452305443,0.2,0.4,10,10,1.0,1,1,1,1,1
1558,2025-09-29 16:20:00,Gentle Mates,G2,1488.2833480711474,1673.7024593383978,-185.4191112672504,0.4444444444444444,0.8,9,10,0.5,0,1,1,1,0
660,2025-09-30 08:30:00,HOTU,ENCE,1506.3657691110648,1548.7083297904628,-42.34256067939805,0.5,0.7,8,10,0.5,0,1,1,1,0
1486,2025-09-30 11:00:00,Inner Circle,Gentle Mates,1534.7552832363479,1512.0943623016985,22.66092093464931,1.0,0.5,2,10,0.5,0,1,1,1,0
288,2025-09-30 11:00:00,B8,G2,1491.3875205687784,1649.8914451078467,-158.5039245390683,0.4,0.7,10,10,0.0,1,1,1,1,1
2750,2025-09-30 14:05:00,Astralis,GamerLegion,1544.4211504780965,1509.7455060018585,34.67564447623795,0.4,0.3,10,10,0.5,2,0,1,1,1
1354,2025-09-30 16:00:00,Legacy,FURIA,1439.870203975827,1664.1012693159944,-224.23106534016733,0.2,0.7,10,10,0.5,2,1,1,1,1
2225,2025-09-30 16:15:00,HEROIC,3DMAX,1463.791410675168,1534.1280818899045,-70.3366712147365,0.3,0.5,10,10,0.6,5,0,1,1,1
332,2025-10-01 11:30:00,B8,GamerLegion,1514.2193768791046,1527.3370973650474,-13.117720485942755,0.5,0.4,10,10,0.5,0,0,1,1,0
2715,2025-10-01 14:00:00,Astralis,HEROIC,1526.8295591149076,1450.986996867459,75.84256224744854,0.3,0.3,10,10,0.16666666666666666,6,1,1,1,1
2116,2025-10-01 14:15:00,3DMAX,ENCE,1546.9324956976134,1530.7679797952642,16.164515902349194,0.5,0.6,10,10,1.0,1,1,1,1,1
1086,2025-10-01 16:50:00,M80,FURIA,1416.1024505997032,1639.0043475268533,-222.90189692715012,0.4,0.6,10,10,0.25,4,0,1,1,1
1306,2025-10-01 17:30:00,Gentle Mates,Legacy,1497.1364589715738,1464.9671257649682,32.16933320660564,0.4,0.3,10,10,0.5,0,1,1,1,0
2128,2025-10-02 11:30:00,ENCE,G2,1515.5118466160827,1627.0595887975205,-111.5477421814378,0.5,0.6,10,10,0.5,2,0,1,1,1
1341,2025-10-02 14:00:00,Legacy,Astralis,1450.444359250471,1539.391319864452,-88.94696061398099,0.2,0.4,10,10,0.0,2,0,1,1,1
319,2025-10-02 17:05:00,FURIA,B8,1645.9489395410567,1498.8231833499462,147.12575619111044,0.7,0.5,10,10,1.0,1,1,1,1,1
1491,2025-10-04 08:30:00,Spirit,Inner Circle,1809.0974520516415,1549.7131865664726,259.38426548516895,0.7,1.0,10,3,0.5,0,1,1,1,0
1806,2025-10-04 08:30:00,GamerLegion,MOUZ,1542.7332908942058,1739.1234740332552,-196.39018313904944,0.4,0.6,10,10,0.25,4,0,1,1,1
530,2025-10-04 11:00:00,Astralis,Falcons,1551.3823644010665,1668.5859702374714,-117.2036058364049,0.5,0.7,10,10,0.75,4,0,1,1,1
661,2025-10-04 11:25:00,HOTU,The MongolZ,1524.3061191062634,1762.9856046777531,-238.67948557148975,0.5555555555555556,0.8,9,10,0.5,0,1,1,1,0
827,2025-10-04 13:25:00,Natus Vincere,Aurora,1664.657676065717,1596.3692938705342,68.28838219518275,0.6,0.7,10,10,1.0,1,1,1,1,1
1565,2025-10-04 14:30:00,Gentle Mates,Vitality,1511.659225486071,1873.260481587416,-361.60125610134514,0.5,0.6,10,10,0.5,0,1,1,1,0
2234,2025-10-04 16:00:00,3DMAX,FURIA,1562.1886288767948,1655.5514525243455,-93.36282364755061,0.6,0.7,10,10,0.5,0,0,1,1,0
6,2025-10-04 23:15:00,9INE,SAW,1493.7297219341137,1497.8257219039247,-4.095999969810919,0.5,0.5,10,10,0.5,0,1,1,1,0
478,2025-10-05 08:30:00,Natus Vincere,Falcons,1677.5527600926725,1679.38437371749,-1.8316136248174644,0.6,0.8,10,10,0.3333333333333333,3,0,1,1,1
1489,2025-10-05 08:30:00,Inner Circle,The MongolZ,1543.8427379649702,1737.4490441792282,-193.60630621425798,0.75,0.7,4,10,0.5,0,1,1,1,0
1549,2025-10-05 11:00:00,Gentle Mates,MOUZ,1540.1103097944497,1746.9336015015317,-206.82329170708203,0.6,0.6,10,10,0.5,0,0,1,1,0
868,2025-10-05 11:00:00,Astralis,Aurora,1540.583960921048,1583.4742098435786,-42.890248922530645,0.5,0.6,10,10,0.6666666666666666,3,0,1,1,1
664,2025-10-05 13:30:00,HOTU,Spirit,1549.8426796047884,1814.967900653144,-265.12522104835557,0.6,0.7,10,10,0.5,0,0,1,1,0
84,2025-10-05 14:00:00,OG,fnatic,1527.2254307076682,1421.675485592562,105.54994511510631,0.5,0.5,10,10,1.0,1,0,1,1,1
3017,2025-10-05 14:15:00,GamerLegion,Vitality,1534.9231634259293,1844.8093972790373,-309.886233853108,0.4,0.6,10,10,0.0,6,0,1,1,1
2586,2025-10-05 16:00:00,G2,FURIA,1638.0921447270514,1667.3525211273075,-29.260376400256064,0.6,0.7,10,10,0.6,5,1,1,1,1
2210,2025-10-05 17:00:00,3DMAX,FaZe,1550.3875602738328,1574.9125683605596,-24.525008086726757,0.5,0.4,10,10,0.25,4,1,1,1,1
8,2025-10-05 17:15:00,9INE,ECSTATIC,1509.9183409651496,1437.405471764546,72.51286920060352,0.5,0.3,10,10,0.5,0,1,1,1,0
52,2025-10-05 20:35:00,ECSTATIC,OG,1424.6971564485325,1506.508891824831,-81.81173537629843,0.2,0.4,10,10,0.5,2,0,1,1,1
16,2025-10-05 23:45:00,fnatic,9INE,1442.3920244753992,1522.6266562811632,-80.23463180576391,0.6,0.5,10,10,0.5,0,1,1,1,0
668,2025-10-06 08:30:00,HOTU,Vitality,1544.1289906969205,1849.4119113772695,-305.282920680349,0.6,0.6,10,10,0.5,0,0,1,1,0
819,2025-10-06 08:30:00,Gentle Mates,Aurora,1532.6492888297394,1597.5090135793878,-64.85972474964842,0.6,0.7,10,10,0.5,0,0,1,1,0
1821,2025-10-06 11:00:00,Natus Vincere,3DMAX,1661.6371082358467,1567.515106493161,94.1220017426856,0.6,0.5,10,10,0.5,2,0,1,1,1
1494,2025-10-06 11:00:00,Inner Circle,FURIA,1567.9376106288726,1650.008207762953,-82.07059713408034,0.8,0.7,5,10,0.5,0,0,1,1,0
2694,2025-10-06 13:30:00,Astralis,FaZe,1526.5491571852388,1557.7850221412314,-31.23586495599261,0.4,0.4,10,10,0.6666666666666666,6,0,1,1,1
2683,2025-10-06 14:20:00,The MongolZ,GamerLegion,1713.3541715153258,1530.320649327697,183.0335221876287,0.6,0.4,10,10,1.0,4,1,1,1,1
2562,2025-10-06 16:00:00,G2,Spirit,1655.436458091406,1820.6815895610118,-165.2451314696059,0.6,0.7,10,10,0.7777777777777778,9,0,1,1,1
466,2025-10-06 17:35:00,MOUZ,Falcons,1754.394622466242,1695.300025574316,59.09459689192613,0.6,0.8,10,10,0.5555555555555556,9,0,1,1,1
657,2025-10-07 11:30:00,HOTU,Natus Vincere,1539.4210682975902,1641.4056419403498,-101.98457364275964,0.6,0.6,10,10,0.5,0,0,1,1,0
904,2025-10-07 11:30:00,Aurora,FURIA,1610.556333651072,1662.2974800319814,-51.74114638090941,0.7,0.7,10,10,0.3333333333333333,6,0,1,1,1
1559,2025-10-07 14:00:00,Gentle Mates,The MongolZ,1519.6019687580551,1721.6271150242071,-202.02514626615198,0.6,0.6,10,10,0.5,0,0,1,1,0
1675,2025-10-07 14:45:00,3DMAX,MOUZ,1587.7465727886579,1735.699158879591,-147.9525860909332,0.5,0.5,10,10,0.0,2,0,1,1,1
1490,2025-10-07 17:00:00,Inner Circle,FaZe,1555.648338359844,1572.350420489341,-16.702082129497057,0.6666666666666666,0.4,6,10,0.5,0,0,1,1,0
2604,2025-10-07 17:00:00,G2,Vitality,1646.5200407896566,1854.1198337765998,-207.59979298694316,0.5,0.6,10,10,0.5714285714285714,7,0,1,1,1
1859,2025-10-08 11:30:00,Natus Vincere,The MongolZ,1652.8394762802407,1729.2473270940097,-76.40785081376907,0.6,0.7,10,10,0.6666666666666666,6,1,1,1,1
2189,2025-10-08 14:00:00,3DMAX,G2,1578.1760187341233,1639.0845635494325,-60.90854481530914,0.4,0.4,10,10,0.2857142857142857,7,1,1,1,1
878,2025-10-08 16:30:00,Aurora,FaZe,1596.9216413210986,1587.5818531345658,9.339788186532815,0.6,0.4,10,10,0.6666666666666666,3,0,1,1,1
493,2025-10-10 08:30:00,3DMAX,Falcons,1596.9525748334836,1713.9954891609668,-117.04291432748323,0.5,0.8,10,10,0.5,4,0,1,1,1
1663,2025-10-10 12:00:00,MOUZ,Natus Vincere,1745.2697129341257,1672.302537210054,72.9671757240717,0.6,0.7,10,10,0.5,6,1,1,1,1
2764,2025-10-10 15:30:00,FaZe,Spirit,1604.011862699027,1829.5980068627612,-225.58614416373416,0.5,0.7,10,10,0.25,8,1,1,1,1
2963,2025-10-10 17:35:00,Vitality,FURIA,1861.555311016824,1675.9321723619548,185.62313865486908,0.7,0.7,10,10,1.0,3,1,1,1,1
467,2025-10-11 13:45:00,MOUZ,Falcons,1757.957997566754,1724.8005116357708,33.157485930983285,0.6,0.9,10,10,0.5,10,0,1,1,1
1248,2025-10-11 14:00:00,PARIVISION,Gentle Mates,1551.8845525478805,1511.9817566882525,39.902795859627986,0.8,0.5,10,10,0.0,1,1,1,1,1
2796,2025-10-11 17:00:00,FaZe,Vitality,1629.1509220445969,1869.737142313058,-240.58622026846115,0.6,0.8,10,10,0.2727272727272727,11,0,1,1,1
1244,2025-10-12 11:00:00,Inner Circle,PARIVISION,1540.4169057146194,1566.054998011772,-25.638092297152753,0.5714285714285714,0.8,7,10,0.5,0,0,1,1,0
1737,2025-10-12 11:30:00,FaZe,MOUZ,1622.7439111658502,1740.4356578400996,-117.69174667424932,0.5,0.6,10,10,0.7692307692307693,13,0,1,1,1
581,2025-10-12 15:00:00,Falcons,Vitality,1742.3228513624254,1876.1441531918047,-133.8213018293793,0.9,0.8,10,10,0.16666666666666666,6,0,1,1,1
2523,2025-10-14 04:05:00,Liquid,GamerLegion,1507.9371456809636,1522.0477058188158,-14.11056013785219,0.4,0.4,10,10,0.6666666666666666,3,1,1,1,1
1326,2025-10-14 04:20:00,Legacy,Virtus.pro,1438.4533147138566,1475.5386712101947,-37.085356496338136,0.2,0.3,10,10,0.0,1,1,1,1,1
1951,2025-10-14 06:25:00,paiN,fnatic,1491.514614945044,1462.0226531230212,29.49196182202286,0.5,0.7,10,10,0.5,0,0,1,1,0
1526,2025-10-14 07:45:00,FaZe,FUT,1611.9656023322557,1500.1851137447256,111.78048858753004,0.4,0.5,10,2,0.5,0,0,1,1,0
306,2025-10-14 07:50:00,HEROIC,B8,1438.4252361179147,1489.2206703666575,-50.79543424874282,0.2,0.5,10,10,0.6,5,1,1,1,1
2980,2025-10-14 09:05:00,Lynn Vision,GamerLegion,1410.7677792682312,1505.398247554611,-94.63046828637994,0.3,0.3,10,10,0.5,0,1,1,1,0
1320,2025-10-14 12:10:00,3DMAX,Legacy,1586.1475523586796,1456.1547018250271,129.99285053365247,0.5,0.3,10,10,0.5,2,0,1,1,1
298,2025-10-15 03:30:00,B8,FaZe,1470.8979796059373,1590.988475038341,-120.09049543240371,0.5,0.4,10,10,0.5,0,0,1,1,0
1531,2025-10-15 06:40:00,FUT,HEROIC,1521.1622410386403,1456.7479268786349,64.41431416000546,0.6666666666666666,0.3,3,10,0.5,0,0,1,1,0
2071,2025-10-15 07:40:00,fnatic,TYLOO,1479.3775555089312,1517.7987534805202,-38.42119797158898,0.7,0.4,10,10,0.5,0,1,1,1,0
97,2025-10-15 08:30:00,OG,FURIA,1518.8094458682433,1667.7503410657207,-148.9408951974774,0.5,0.6,10,10,0.5,0,0,1,1,0
2236,2025-10-15 10:50:00,Lynn Vision,3DMAX,1431.0210151135723,1564.4256980613595,-133.40468294778725,0.4,0.5,10,10,0.5,2,0,1,1,1
2087,2025-10-16 03:00:00,TYLOO,FaZe,1500.0365693641945,1601.6683064309482,-101.63173706675366,0.3,0.5,10,10,0.0,1,0,1,1,1
1504,2025-10-16 03:05:00,FUT,paiN,1502.2293791513298,1474.159712559134,28.069666592195745,0.5,0.4,4,10,0.5,0,1,1,1,0
2275,2025-10-16 06:00:00,HEROIC,fnatic,1475.6807887659454,1497.1397396252569,-21.45895085931147,0.3,0.7,10,10,1.0,2,1,1,1,1
1329,2025-10-16 06:30:00,Legacy,Liquid,1477.8765561223472,1524.5866039451682,-46.710047822821025,0.4,0.5,10,10,0.5,2,0,1,1,1
2650,2025-10-16 08:30:00,FURIA,The MongolZ,1677.2827747747958,1709.7842661641964,-32.5014913894006,0.6,0.6,10,10,0.42857142857142855,7,1,1,1,1
2173,2025-10-16 09:40:00,3DMAX,Virtus.pro,1574.5673010031298,1457.8372840990241,116.7300169041057,0.6,0.2,10,10,0.3333333333333333,3,1,1,1,1
1527,2025-10-16 09:45:00,FUT,FaZe,1516.9395283785063,1613.1170704433098,-96.17754206480345,0.6,0.6,5,10,1.0,1,1,1,1,1
830,2025-10-16 15:45:00,Aurora,Natus Vincere,1580.4916317566374,1659.6142525774255,-79.12262082078814,0.5,0.7,10,10,0.0,2,0,1,1,1
2170,2025-10-17 05:00:00,fnatic,3DMAX,1480.1527731157885,1585.385217643244,-105.23244452745553,0.6,0.6,10,10,0.25,4,0,1,1,1
1302,2025-10-17 09:10:00,Legacy,FUT,1464.0147662851116,1537.2588963952608,-73.24413011014917,0.3,0.6666666666666666,10,6,0.5,0,1,1,1,0
2177,2025-10-18 05:00:00,3DMAX,Liquid,1596.6820332309946,1538.4483937824039,58.23363944859079,0.6,0.6,10,10,0.0,1,1,1,1,1
1349,2025-10-18 09:00:00,HEROIC,Legacy,1492.6677552754138,1483.3386874451587,9.329067830255099,0.4,0.4,10,10,0.0,1,0,1,1,1
907,2025-10-18 14:00:00,Aurora,FURIA,1568.073652076937,1694.7751729753306,-126.70152089839371,0.5,0.7,10,10,0.2857142857142857,7,0,1,1,1
1862,2025-10-18 17:30:00,Natus Vincere,The MongolZ,1672.032232257126,1692.2918679636616,-20.25963570653562,0.7,0.5,10,10,0.7142857142857143,7,1,1,1,1
2494,2025-10-19 03:00:00,Liquid,HEROIC,1525.1053180673932,1476.2382390454209,48.86707902197236,0.6,0.4,10,10,0.5,4,1,1,1,1
1321,2025-10-19 06:55:00,Legacy,3DMAX,1499.7682036751517,1610.0251089460053,-110.25690527085362,0.5,0.7,10,10,0.6666666666666666,3,1,1,1,1
864,2025-10-19 11:30:00,The MongolZ,Aurora,1675.3599333005143,1557.6628740080341,117.69705929248016,0.4,0.4,10,10,0.7142857142857143,7,1,1,1,1
1918,2025-10-19 15:55:00,FURIA,Natus Vincere,1705.1859510442334,1688.9641669202733,16.221784123960106,0.8,0.7,10,10,0.25,4,1,1,1,1
1331,2025-10-26 08:00:00,Legacy,Liquid,1520.6818705731491,1538.8696291139545,-18.187758540805362,0.6,0.6,10,10,0.3333333333333333,3,0,1,1,1
1551,2025-10-26 08:05:00,Gentle Mates,paiN,1497.811311224361,1459.4495633319575,38.3617478924034,0.4,0.4,10,10,0.5,0,0,1,1,0
1641,2025-10-26 11:00:00,Ninjas in Pyjamas,HEROIC,1504.3325720666153,1462.4739279988596,41.85864406775568,0.4,0.4,10,10,0.6,5,0,1,1,1
156,2025-10-26 14:20:00,SAW,3DMAX,1481.6371028728888,1589.1114420480078,-107.47433917511898,0.5,0.6,10,10,0.3333333333333333,6,0,1,1,1
294,2025-10-26 16:05:00,B8,Astralis,1460.21814821333,1511.983758837129,-51.76561062379892,0.4,0.4,10,10,0.3333333333333333,3,1,1,1,1
845,2025-10-26 16:20:00,fnatic,Aurora,1468.8559575280378,1546.8847837707228,-78.028826242685,0.6,0.3,10,10,0.5,0,0,1,1,0
1305,2025-10-27 08:00:00,Gentle Mates,Legacy,1480.0518317269248,1505.5186835532027,-25.46685182627789,0.4,0.6,10,10,1.0,1,0,1,1,1
2054,2025-10-27 08:00:00,GamerLegion,paiN,1485.14501170927,1477.2090428293936,7.935968879876327,0.2,0.4,10,10,0.5,4,0,1,1,1
142,2025-10-27 10:15:00,SAW,Ninjas in Pyjamas,1470.4344296534937,1486.4141832049597,-15.979753551466047,0.4,0.4,10,10,1.0,1,1,1,1,1
1157,2025-10-27 11:20:00,BetBoom,HEROIC,1477.9873885915822,1480.3923168605152,-2.404928268932963,0.4,0.5,10,10,0.3333333333333333,3,0,1,1,1
849,2025-10-27 13:45:00,Aurora,Liquid,1559.3506435111444,1554.032816133901,5.317827377243475,0.3,0.6,10,10,0.5,2,1,1,1,1
277,2025-10-27 17:05:00,B8,3DMAX,1478.5845578705016,1600.314115267403,-121.72955739690133,0.4,0.6,10,10,1.0,1,1,1,1,1
1142,2025-10-28 08:00:00,BetBoom,Liquid,1462.0981378624372,1538.2776920126205,-76.17955415018332,0.4,0.5,10,10,0.5,0,0,1,1,0
200,2025-10-28 08:00:00,GamerLegion,SAW,1468.7796103819849,1487.1698060356784,-18.39019565369358,0.2,0.4,10,10,0.6,5,0,1,1,1
1338,2025-10-28 10:35:00,Legacy,Astralis,1520.3479875794671,1493.6173491799575,26.730638399509644,0.6,0.3,10,10,0.0,3,1,1,1,1
890,2025-10-28 12:55:00,HEROIC,Aurora,1496.2815675896602,1575.1057676324249,-78.82420004276469,0.6,0.4,10,10,0.3333333333333333,6,1,1,1,1
273,2025-10-28 15:00:00,paiN,B8,1493.5744441566787,1499.97175693529,-6.3973127786111945,0.5,0.4,10,10,0.0,1,1,1,1,1
1544,2025-10-28 15:10:00,Ninjas in Pyjamas,Gentle Mates,1469.678806822775,1465.2225277006603,4.456279122114665,0.3,0.3,10,10,0.5,0,0,1,1,0
2205,2025-10-29 08:00:00,Astralis,3DMAX,1478.845917439672,1578.9269162026146,-100.08099876294273,0.2,0.6,10,10,0.5,2,1,1,1,1
120,2025-10-29 08:00:00,Aurora,SAW,1555.5368038078832,1502.3236962671492,53.21310754073397,0.4,0.5,10,10,0.5,4,0,1,1,1
1114,2025-10-29 10:05:00,BetBoom,Gentle Mates,1449.5511764403145,1481.4277356852976,-31.876559244983127,0.4,0.3,10,10,0.5,0,0,1,1,0
2288,2025-10-29 13:20:00,fnatic,GamerLegion,1456.3900977876162,1453.625720150514,2.764377637102143,0.5,0.2,10,10,0.3333333333333333,3,0,1,1,1
246,2025-10-29 14:00:00,B8,Legacy,1483.6771830841906,1535.1194193197528,-51.44223623556218,0.4,0.7,10,10,1.0,1,1,1,1,1
1566,2025-10-30 08:00:00,GamerLegion,Gentle Mates,1469.753021758971,1495.963871045131,-26.210849286160055,0.3,0.4,10,10,0.5,0,1,1,1,0
870,2025-10-30 12:20:00,Aurora,Astralis,1537.1052331361327,1499.3314346258323,37.77379851030037,0.3,0.3,10,10,0.5,4,1,1,1,1
227,2025-10-31 08:00:00,B8,Aurora,1502.029024554306,1551.372507234776,-49.34348268047006,0.4,0.3,10,10,0.5,0,0,1,1,0
2897,2025-10-31 08:00:00,HEROIC,GamerLegion,1515.850531414202,1486.957791263184,28.89274015101796,0.6,0.3,10,10,1.0,2,0,1,1,1
1317,2025-10-31 10:55:00,paiN,Legacy,1509.869018007778,1516.7675778496373,-6.898559841859196,0.6,0.7,10,10,1.0,1,0,1,1,1
171,2025-10-31 11:00:00,SAW,Liquid,1520.7552669388997,1550.8246534347431,-30.069386495843446,0.5,0.5,10,10,1.0,1,1,1,1,1
924,2025-10-31 14:15:00,GamerLegion,Aurora,1504.2852923799157,1565.1153115709565,-60.83001919104072,0.3,0.4,10,10,0.5,0,0,1,1,0
133,2025-10-31 15:45:00,Legacy,SAW,1532.4499291714415,1538.1365662891576,-5.686637117716145,0.7,0.5,10,10,0.5,0,1,1,1,0
201,2025-11-01 09:00:00,SAW,GamerLegion,1521.874710354791,1491.0583410036677,30.816369351123285,0.5,0.3,10,10,0.5,6,1,1,1,1
810,2025-11-01 12:25:00,Legacy,Aurora,1548.711785105808,1578.3422629472045,-29.63047784139644,0.7,0.5,10,10,0.0,1,0,1,1,1
485,2025-11-03 02:00:00,TYLOO,Falcons,1488.587805351833,1732.197854944536,-243.61004959270304,0.3,0.8,10,10,0.5,0,0,1,1,0
2947,2025-11-03 02:00:00,Lynn Vision,FURIA,1420.879412171802,1720.439452644996,-299.560040473194,0.3,0.8,10,10,0.25,4,0,1,1,1
1738,2025-11-03 04:30:00,MOUZ,FaZe,1751.2139666736941,1592.7977024265554,158.41626424713877,0.6,0.6,10,10,0.2857142857142857,14,1,1,1,1
2420,2025-11-03 04:30:00,Vitality,Virtus.pro,1886.269149609694,1447.01936745891,439.2497821507841,0.8,0.2,10,10,0.6666666666666666,6,1,1,1,1
2638,2025-11-03 07:00:00,HEROIC,The MongolZ,1498.52303029747,1686.1380235378256,-187.6149932403555,0.6,0.4,10,10,0.0,3,0,1,1,1
2190,2025-11-03 07:55:00,3DMAX,G2,1558.4413990164542,1620.3080074500722,-61.86660843361801,0.5,0.4,10,10,0.375,8,0,1,1,1
1872,2025-11-03 09:45:00,Astralis,Natus Vincere,1485.064160527189,1673.7106653195106,-188.6465047923216,0.3,0.6,10,10,0.5,6,1,1,1,1
1996,2025-11-03 10:00:00,Spirit,paiN,1804.4589475171913,1494.186666685974,310.27228083121736,0.6,0.5,10,10,1.0,1,1,1,1,1
2587,2025-11-04 02:00:00,G2,FURIA,1633.4886801234838,1725.2811962054095,-91.79251608192567,0.4,0.8,10,10,0.6666666666666666,6,0,1,1,1
2237,2025-11-04 02:00:00,Lynn Vision,3DMAX,1416.0376686113884,1545.2607263430425,-129.22305773165408,0.2,0.5,10,10,0.3333333333333333,3,1,1,1,1
2377,2025-11-04 04:30:00,FaZe,Virtus.pro,1583.6262574896766,1444.6551271921637,138.9711302975129,0.5,0.2,10,10,0.6,5,0,1,1,1
1794,2025-11-04 05:25:00,Vitality,MOUZ,1888.6333898764403,1760.3854116105729,128.24797826586746,0.8,0.7,10,10,0.7692307692307693,13,0,1,1,1
1905,2025-11-04 07:25:00,HEROIC,Natus Vincere,1490.4108299926475,1649.78696035679,-159.37613036414245,0.6,0.5,10,10,0.6666666666666666,3,1,1,1,1
2617,2025-11-04 08:50:00,Astralis,The MongolZ,1508.9878654899096,1694.2502238426482,-185.2623583527386,0.4,0.4,10,10,0.6666666666666666,3,1,1,1,1
1941,2025-11-04 10:30:00,paiN,TYLOO,1489.592902585183,1482.269524014102,7.3233785710810935,0.4,0.2,10,10,0.5,0,1,1,1,0
550,2025-11-04 10:35:00,Spirit,Falcons,1809.0527116179821,1738.5161362822669,70.53657533571527,0.6,0.8,10,10,0.75,4,0,1,1,1
2979,2025-11-05 02:00:00,Lynn Vision,Vitality,1437.7285818785588,1866.981738965493,-429.25315708693415,0.3,0.7,10,10,0.5,0,0,1,1,0
2359,2025-11-05 02:00:00,G2,Virtus.pro,1621.6201971253527,1466.7341882824749,154.8860088428778,0.3,0.3,10,10,0.8,5,1,1,1,1
2819,2025-11-05 04:30:00,HEROIC,Spirit,1513.2754944077774,1789.8482877391425,-276.5727933313651,0.6,0.6,10,10,0.14285714285714285,7,0,1,1,1
1974,2025-11-05 05:40:00,paiN,The MongolZ,1505.2556984768469,1670.444709134705,-165.18901065785803,0.5,0.4,10,10,0.4,5,0,1,1,1
1775,2025-11-05 08:00:00,FURIA,MOUZ,1737.1496792035407,1782.0370625215203,-44.887383317979584,0.8,0.7,10,10,0.375,8,0,1,1,1
2605,2025-11-05 09:00:00,G2,Vitality,1630.9251787010094,1869.4751089038587,-238.54993020284928,0.4,0.8,10,10,0.5,8,0,1,1,1
531,2025-11-05 11:05:00,Astralis,Falcons,1532.793380197853,1757.7205601611065,-224.9271799632536,0.4,0.8,10,10,0.6,5,0,1,1,1
2631,2025-11-05 11:35:00,Spirit,The MongolZ,1795.2592099588,1679.3632044784429,115.89600548035719,0.6,0.5,10,10,0.8,5,0,1,1,1
2744,2025-11-07 06:30:00,Astralis,Vitality,1525.9119717769472,1875.9423959506055,-350.0304241736583,0.3,0.9,10,10,0.125,8,0,1,1,1
2645,2025-11-07 10:10:00,The MongolZ,FURIA,1700.510882410071,1723.2053945259074,-22.69451211583646,0.6,0.8,10,10,0.5,8,0,1,1,1
1795,2025-11-08 06:30:00,MOUZ,Vitality,1795.9813471991536,1879.706988655916,-83.72564145676233,0.8,0.9,10,10,0.2857142857142857,14,0,1,1,1
563,2025-11-08 10:50:00,FURIA,Falcons,1738.1617574968386,1764.6019685820122,-26.440211085173587,0.8,0.8,10,10,0.75,4,1,1,1,1
468,2025-11-09 04:00:00,MOUZ,Falcons,1783.7641128822186,1747.3866969874825,36.37741589473603,0.7,0.8,10,10,0.45454545454545453,11,0,1,1,1
2964,2025-11-09 08:00:00,Vitality,FURIA,1891.9242229728509,1755.3770290913683,136.5471938814826,0.9,0.8,10,10,1.0,4,0,1,1,1
1218,2025-11-12 02:00:00,Passion UA,The MongolZ,1454.921160934154,1685.5545194391398,-230.63335850498584,0.3,0.5,10,10,0.5,0,1,1,1,0
548,2025-11-12 05:45:00,Spirit,Falcons,1774.111532027172,1765.055843933563,9.055688093608978,0.6,0.8,10,10,0.6,5,0,1,1,1
2014,2025-11-12 08:25:00,FURIA,paiN,1777.3603253665792,1496.337203133109,281.0231222334703,0.9,0.4,10,10,0.5,4,1,1,1,1
2108,2025-11-12 11:50:00,TYLOO,Vitality,1466.6067281224382,1869.94092669764,-403.33419857520175,0.2,0.8,10,10,0.0,1,0,1,1,1
2629,2025-11-13 02:00:00,Spirit,The MongolZ,1757.6945965898628,1660.2601602317961,97.4344363580667,0.5,0.4,10,10,0.6666666666666666,6,1,1,1,1
447,2025-11-13 04:10:00,Passion UA,Falcons,1480.2155201414976,1781.472779370872,-301.25725922937454,0.4,0.8,10,10,0.5,0,0,1,1,0
1940,2025-11-13 06:30:00,paiN,TYLOO,1491.0404852850097,1463.747999087183,27.292486197826747,0.4,0.1,10,10,1.0,1,1,1,1,1
2962,2025-11-13 10:00:00,Vitality,FURIA,1872.7996557328952,1782.6570432146784,90.14261251821677,0.8,0.9,10,10,0.8,5,0,1,1,1
1207,2025-11-14 08:00:00,paiN,Passion UA,1505.7861987476892,1475.413786415157,30.37241233253235,0.5,0.3,10,10,0.5,0,1,1,1,0
2846,2025-11-14 10:30:00,Vitality,Spirit,1852.7391399163787,1769.3216174154738,83.41752250090485,0.7,0.6,10,10,0.6666666666666666,6,1,1,1,1
2015,2025-11-15 07:30:00,paiN,FURIA,1520.3910495949162,1802.717559031195,-282.3265094362787,0.6,0.9,10,10,0.4,5,0,1,1,1
576,2025-11-15 10:15:00,Vitality,Falcons,1864.9697733139446,1786.2745130972128,78.69526021673187,0.7,0.8,10,10,0.8571428571428571,7,0,1,1,1
561,2025-11-16 08:00:00,FURIA,Falcons,1807.9811972903765,1805.8378340017596,2.1433632886169107,0.9,0.8,10,10,0.8,5,1,1,1,1
1485,2025-11-22 10:00:00,Inner Circle,FUT,1525.5954451017124,1517.9349752352136,7.660469866498715,0.5,0.5714285714285714,8,7,0.5,0,0,1,1,0
1161,2025-11-23 14:10:00,HEROIC,BetBoom,1507.8645721881198,1435.015041080481,72.84953110763877,0.5,0.4,10,10,0.75,4,0,1,1,1
1201,2025-11-23 15:05:00,FUT,Passion UA,1534.2876957541666,1460.80893556793,73.47876018623674,0.625,0.3,8,10,0.5,0,1,1,1,0
232,2025-11-24 12:00:00,M80,B8,1409.1578585854998,1488.2862202181257,-79.12836163262591,0.4,0.4,10,10,0.5,0,1,1,1,0
1300,2025-11-24 13:10:00,Legacy,FlyQuest,1534.0730204333101,1370.8794726224216,163.1935478108885,0.7,0.2,10,10,0.0,1,0,1,1,1
2780,2025-11-24 15:15:00,FaZe,Lynn Vision,1561.5471963993655,1435.235211940193,126.31198445917244,0.4,0.3,10,10,0.5,0,1,1,1,0
1457,2025-11-24 19:15:00,Imperial,FlyQuest,1363.8261194964725,1393.8868964784992,-30.06077698202671,0.2,0.3,10,10,0.5,0,0,1,1,0
1028,2025-11-24 20:35:00,PARIVISION,M80,1580.8764586246791,1428.7401300284384,152.13632859624067,0.8,0.4,10,10,0.5,0,0,1,1,0
1651,2025-11-24 22:15:00,Ninjas in Pyjamas,Lynn Vision,1453.4735988381376,1424.8086779452385,28.66492089289909,0.3,0.2,10,10,0.5,0,1,1,1,0
244,2025-11-25 14:00:00,B8,PARIVISION,1468.703948775187,1558.2862412119978,-89.5822924368108,0.3,0.7,10,10,0.6,5,1,1,1,1
1630,2025-11-25 15:10:00,FaZe,Ninjas in Pyjamas,1571.97373039432,1468.1565175299381,103.81721286438187,0.4,0.4,10,10,0.75,4,0,1,1,1
2283,2025-11-25 15:10:00,fnatic,Imperial,1440.2627961791593,1349.207025318142,91.05577086101721,0.5,0.2,10,10,1.0,1,1,1,1,1
249,2025-11-26 14:00:00,Legacy,B8,1511.0655965772326,1488.7403129322824,22.325283644950105,0.6,0.4,10,10,0.0,2,0,1,1,1
1295,2025-11-26 19:35:00,GamerLegion,PARIVISION,1476.473777412233,1538.2498770549023,-61.77609964266935,0.3,0.6,10,10,0.0,1,0,1,1,1
1240,2025-11-27 19:15:00,Legacy,PARIVISION,1494.0388919714248,1551.4345885816203,-57.3956966101955,0.5,0.6,10,10,0.5,0,0,1,1,0
2171,2025-11-29 12:00:00,fnatic,3DMAX,1452.1629625916544,1523.5698130758722,-71.40685048421778,0.5,0.5,10,10,0.2,5,1,1,1,1
1625,2025-11-29 12:00:00,Astralis,Ninjas in Pyjamas,1522.1473790716368,1488.800088478023,33.34729059361371,0.3,0.5,10,10,0.6666666666666666,3,0,1,1,1
1221,2025-11-29 13:10:00,Passion UA,FaZe,1448.14319406316,1551.330159446235,-103.18696538307495,0.2,0.3,10,10,0.5,0,0,1,1,0
1261,2025-11-29 13:10:00,TYLOO,PARIVISION,1449.0022856245034,1564.8152038618348,-115.81291823733136,0.1,0.6,10,10,0.5,0,1,1,1,0
800,2025-11-29 14:05:00,Aurora,M80,1592.9810276197024,1451.3303474411198,141.65068017858266,0.6,0.5,10,10,0.5,0,1,1,1,0
1416,2025-11-29 14:20:00,Natus Vincere,FlyQuest,1626.92229594166,1408.5059906568297,218.4163052848303,0.4,0.4,10,10,1.0,2,1,1,1,1
286,2025-11-29 15:05:00,Liquid,B8,1533.4433540844852,1505.7670175380902,27.676336546395078,0.5,0.5,10,10,0.5,0,0,1,1,0
1595,2025-11-29 17:00:00,TYLOO,Ninjas in Pyjamas,1470.1465330449685,1506.3310894523372,-36.184556407368746,0.1,0.5,10,10,0.5,0,0,1,1,0
1424,2025-11-29 17:05:00,FlyQuest,3DMAX,1401.4199709809106,1504.3269384566945,-102.90696747578386,0.4,0.4,10,10,0.0,1,0,1,1,1
1924,2025-11-29 18:05:00,Natus Vincere,Imperial,1634.008315617579,1337.306858905647,296.701456711932,0.5,0.2,10,10,1.0,1,1,1,1,1
1073,2025-11-29 18:10:00,Astralis,M80,1504.6163780973227,1441.5146826532798,63.10169544404289,0.3,0.4,10,10,0.5,0,0,1,1,0
880,2025-11-29 19:15:00,Aurora,FaZe,1602.7966924075424,1562.7131817641837,40.08351064335875,0.7,0.4,10,10,0.5,4,0,1,1,1
284,2025-11-29 20:25:00,B8,fnatic,1523.0388708757746,1471.405837210832,51.63303366494256,0.6,0.6,10,10,1.0,1,1,1,1,1
1268,2025-11-29 20:30:00,Liquid,PARIVISION,1516.1715007468008,1543.6709564413698,-27.49945569456895,0.5,0.5,10,10,0.5,0,0,1,1,0
1483,2025-11-30 09:20:00,Inner Circle,FUT,1509.2427245827594,1546.9534372589364,-37.71071267617708,0.4444444444444444,0.6666666666666666,9,9,0.0,1,0,1,1,1
1210,2025-11-30 14:00:00,Passion UA,3DMAX,1436.7601717452114,1515.7217842188397,-78.96161247362829,0.2,0.4,10,10,0.5,0,0,1,1,0
1047,2025-11-30 14:00:00,TYLOO,M80,1455.8068946331623,1460.3890870920325,-4.582192458870168,0.1,0.4,10,10,1.0,1,0,1,1,1
2284,2025-11-30 15:00:00,fnatic,Imperial,1457.7662746896533,1332.3971089792055,125.36916571044776,0.5,0.2,10,10,1.0,2,0,1,1,1
807,2025-11-30 15:00:00,Aurora,PARIVISION,1584.958924952647,1558.4071976240537,26.551727328593415,0.7,0.6,10,10,0.5,0,0,1,1,0
1435,2025-11-30 16:15:00,FlyQuest,Astralis,1390.0251252187654,1485.74197365857,-95.71684843980461,0.4,0.3,10,10,0.0,1,0,1,1,1
1631,2025-11-30 16:15:00,FaZe,Ninjas in Pyjamas,1580.550949219079,1520.6707278641434,59.88022135493566,0.5,0.5,10,10,0.6,5,1,1,1,1
270,2025-11-30 19:00:00,Natus Vincere,B8,1638.9180655440205,1536.6784333969533,102.23963214706714,0.6,0.7,10,10,0.5,0,1,1,1,0
1211,2025-12-01 14:00:00,Passion UA,fnatic,1424.3351482563469,1436.2309946235173,-11.895846367170407,0.2,0.4,10,10,0.5,0,1,1,1,0
1251,2025-12-01 14:15:00,PARIVISION,Ninjas in Pyjamas,1575.6275749795332,1507.401330544391,68.22624443514223,0.7,0.5,10,10,0.0,1,1,1,1,1
874,2025-12-01 16:20:00,Aurora,Astralis,1567.7385475971676,1497.4422822253393,70.29626537182821,0.6,0.4,10,10,0.6,5,0,1,1,1
1091,2025-12-01 17:20:00,Imperial,M80,1353.9323890453416,1476.1780815649709,-122.2456925196293,0.2,0.4,10,10,0.0,1,1,1,1,1
2077,2025-12-01 19:55:00,TYLOO,Liquid,1440.017900160224,1501.435259564117,-61.41735940389299,0.1,0.5,10,10,0.0,1,0,1,1,1
280,2025-12-01 20:40:00,B8,3DMAX,1525.2553860326798,1528.1468077077043,-2.891421675024503,0.6,0.4,10,10,1.0,2,1,1,1,1
1026,2025-12-02 14:00:00,Passion UA,M80,1440.882758253966,1454.7698187561173,-13.887060502151371,0.2,0.4,10,10,0.5,0,1,1,1,0
2472,2025-12-02 17:10:00,Astralis,Liquid,1516.6360818434391,1514.6359831092543,2.000098734184803,0.5,0.5,10,10,0.5,2,0,1,1,1
1600,2025-12-02 19:20:00,Ninjas in Pyjamas,3DMAX,1494.5034926331393,1512.013655892734,-17.51016325959472,0.4,0.3,10,10,1.0,1,0,1,1,1
2663,2025-12-04 12:00:00,The MongolZ,Imperial,1648.6331394061851,1375.3406518541951,273.29248755199,0.4,0.2,10,10,1.0,1,0,1,1,1
1253,2025-12-04 12:00:00,MOUZ,PARIVISION,1766.0949659361381,1588.5254128907848,177.56955304535336,0.6,0.7,10,10,0.5,0,1,1,1,0
1216,2025-12-04 13:30:00,G2,Passion UA,1624.4578916542625,1457.521940671086,166.93595098317655,0.4,0.3,10,10,0.5,0,1,1,1,0
2488,2025-12-04 13:35:00,Spirit,Liquid,1757.0909840179079,1530.7280900423748,226.3628939755331,0.5,0.5,10,10,0.6,5,1,1,1,1
1947,2025-12-04 14:35:00,paiN,3DMAX,1515.1274113357347,1527.2079651078147,-12.080553772080066,0.5,0.4,10,10,0.3333333333333333,3,1,1,1,1
2797,2025-12-04 14:50:00,Vitality,FaZe,1845.4064524093978,1593.8203465388315,251.58610587056637,0.6,0.6,10,10,0.75,12,0,1,1,1
223,2025-12-04 15:40:00,Falcons,B8,1789.9365382767537,1541.38853784765,248.5480004291037,0.7,0.6,10,10,0.0,1,0,1,1,1
1916,2025-12-04 16:00:00,FURIA,Natus Vincere,1823.8824930153824,1650.341112908294,173.54138010708834,0.9,0.6,10,10,0.4,5,1,1,1,1
1966,2025-12-04 17:40:00,G2,paiN,1633.311840834197,1531.68351730433,101.62832352986698,0.5,0.5,10,10,1.0,3,1,1,1,1
2248,2025-12-04 18:00:00,Vitality,3DMAX,1819.4951451634972,1510.6518591392196,308.84328602427763,0.6,0.3,10,10,1.0,3,1,1,1,1
2765,2025-12-04 18:50:00,Spirit,FaZe,1763.9278553090423,1619.731653784732,144.19620152431025,0.5,0.6,10,10,0.6666666666666666,9,1,1,1,1
448,2025-12-04 18:50:00,Falcons,Passion UA,1764.1119211657142,1448.6679914911515,315.4439296745627,0.7,0.3,10,10,1.0,1,1,1,1,1
2464,2025-12-04 19:50:00,The MongolZ,Liquid,1622.12949033542,1523.8912187512403,98.23827158417976,0.4,0.5,10,10,1.0,6,1,1,1,1
264,2025-12-04 19:50:00,MOUZ,B8,1774.5623079240015,1567.2131549586895,207.349152965312,0.7,0.7,10,10,1.0,1,1,1,1,1
2958,2025-12-04 21:00:00,Imperial,FURIA,1401.8443009249602,1832.4950091805536,-430.6507082555934,0.3,0.9,10,10,0.0,3,0,1,1,1
1257,2025-12-04 21:00:00,Natus Vincere,PARIVISION,1641.7285967431228,1580.0580709029214,61.670525840201435,0.5,0.6,10,10,0.5,0,1,1,1,0
2623,2025-12-05 14:00:00,FaZe,The MongolZ,1610.0154179158078,1633.7222800940947,-23.706862178286883,0.5,0.5,10,10,0.25,4,0,1,1,1
329,2025-12-05 14:00:00,B8,Vitality,1559.7694393544189,1824.121367675635,-264.35192832121606,0.6,0.6,10,10,0.5,0,0,1,1,0
573,2025-12-05 14:55:00,Imperial,Falcons,1399.3693643772726,1768.5897976975727,-369.2204333203001,0.3,0.7,10,10,0.5,0,0,1,1,0
1815,2025-12-05 15:00:00,paiN,Natus Vincere,1520.2346088118522,1654.9180198502136,-134.68341103836133,0.4,0.6,10,10,0.0,4,0,1,1,1
1214,2025-12-05 15:55:00,Passion UA,Liquid,1444.190114959293,1512.2984289925657,-68.10831403327279,0.3,0.4,10,10,0.5,0,1,1,1,0
1755,2025-12-05 16:15:00,MOUZ,Spirit,1782.0060235282722,1773.6440911779666,8.361932350305551,0.7,0.5,10,10,0.4166666666666667,12,0,1,1,1
1263,2025-12-05 18:05:00,3DMAX,PARIVISION,1506.025636627082,1566.8686477958306,-60.84301116874872,0.3,0.5,10,10,0.5,0,1,1,1,0
2588,2025-12-05 19:50:00,G2,FURIA,1644.7607493266748,1834.969945728241,-190.20919640156626,0.5,0.9,10,10,0.5714285714285714,7,0,1,1,1
272,2025-12-06 14:00:00,paiN,B8,1510.1439298123128,1554.034827779808,-43.89089796749522,0.4,0.6,10,10,0.5,2,0,1,1,1
1929,2025-12-06 14:00:00,Vitality,Natus Vincere,1829.8559792502458,1665.008698849753,164.84728040049276,0.6,0.6,10,10,1.0,4,1,1,1,1
469,2025-12-06 16:35:00,MOUZ,Falcons,1765.6210166480155,1772.0026657844717,-6.38164913645619,0.6,0.7,10,10,0.4166666666666667,12,1,1,1,1
1234,2025-12-06 16:55:00,Passion UA,Imperial,1463.2870499637484,1395.9564962903737,67.33055367337465,0.3,0.3,10,10,0.5,0,1,1,1,0
2211,2025-12-06 19:15:00,FaZe,3DMAX,1595.1054680841403,1524.7992655777753,70.30620250636503,0.5,0.4,10,10,0.6,5,1,1,1,1
2533,2025-12-06 20:05:00,The MongolZ,G2,1648.6322299257622,1636.7386481885685,11.8935817371937,0.5,0.4,10,10,0.75,8,1,1,1,1
1484,2025-12-07 12:00:00,FUT,Inner Circle,1561.2235825520568,1494.972579289639,66.25100326241773,0.7,0.4,10,10,1.0,2,1,1,1,1
266,2025-12-07 14:00:00,B8,Natus Vincere,1568.0242612825423,1656.0775435026842,-88.05328222014191,0.7,0.5,10,10,0.0,1,0,1,1,1
1220,2025-12-07 16:30:00,Passion UA,FaZe,1476.2246051480588,1607.9112290806033,-131.68662393254453,0.4,0.6,10,10,0.0,1,0,1,1,1
518,2025-12-07 19:00:00,G2,Falcons,1621.2861540182644,1755.7088130268444,-134.42265900858,0.4,0.6,10,10,0.6,5,0,1,1,1
1113,2025-12-08 15:00:00,BetBoom,FUT,1454.3215704544036,1574.2090599008438,-119.88748944644021,0.5,0.7,10,10,0.5,0,0,1,1,0
551,2025-12-11 16:00:00,Falcons,Spirit,1765.8098649944632,1790.0290980582233,-24.219233063760157,0.7,0.6,10,10,0.5,6,0,1,1,1
2674,2025-12-11 19:10:00,The MongolZ,Vitality,1664.0847240960663,1838.7871345973147,-174.70241050124832,0.5,0.6,10,10,0.18181818181818182,11,0,1,1,1
1739,2025-12-12 16:00:00,FaZe,MOUZ,1618.121468061151,1781.9148694056428,-163.7934013444917,0.7,0.7,10,10,0.6666666666666666,15,1,1,1,1
1917,2025-12-12 19:00:00,FURIA,Natus Vincere,1842.9920468663474,1668.1071844965172,174.88486236983022,1.0,0.6,10,10,0.5,6,0,1,1,1
2848,2025-12-13 16:00:00,Vitality,Spirit,1847.3576466632874,1804.9155642324624,42.44208243082494,0.6,0.6,10,10,0.7142857142857143,7,1,1,1,1
1885,2025-12-13 20:00:00,FaZe,Natus Vincere,1641.1512006220898,1691.54326140274,-50.39206078065013,0.7,0.7,10,10,0.4,10,1,1,1,1
2798,2025-12-14 17:00:00,FaZe,Vitality,1659.4557037585473,1861.4127810827706,-201.9570773242233,0.8,0.7,10,10,0.3076923076923077,13,0,1,1,1
1545,2025-12-21 16:30:00,Gentle Mates,Ninjas in Pyjamas,1478.7591015409182,1479.3091834180586,-0.5500818771404283,0.3,0.4,10,10,1.0,1,0,1,1,1
143,2025-12-21 20:00:00,SAW,Ninjas in Pyjamas,1536.4592739462257,1495.283851232621,41.1754227136048,0.6,0.5,10,10,1.0,2,0,1,1,1
646,2026-01-04 07:15:00,HOTU,BetBoom,1527.9872339576993,1443.6334223063725,84.35381165132685,0.5,0.4,10,10,0.5,0,0,1,1,0
647,2026-01-04 14:45:00,HOTU,BetBoom,1508.1771686371517,1463.4434876269202,44.73368101023152,0.5,0.4,10,10,0.0,1,0,1,1,1
2810,2026-01-04 19:00:00,NRG,GamerLegion,1500.0,1463.289065885515,36.7109341144851,0.5,0.3,0,10,0.5,0,1,0,1,0
1095,2026-01-04 22:20:00,M80,GamerLegion,1438.1306363389972,1448.9734032342435,-10.842766895246314,0.4,0.3,10,10,0.0,1,0,1,1,1
1076,2026-01-12 01:00:00,M80,NRG,1422.6298021656005,1514.3156626512714,-91.6858604856709,0.4,1.0,10,1,0.5,0,1,1,1,0
714,2026-01-13 13:20:00,EYEBALLERS,FaZe,1500.0,1651.8332166109067,-151.83321661090667,0.5,0.7,0,10,0.5,0,1,0,1,0
2270,2026-01-13 16:00:00,fnatic,Astralis,1419.6833846258983,1500.5439749103186,-80.86059028442037,0.3,0.4,10,10,1.0,1,0,1,1,1
643,2026-01-13 19:20:00,HOTU,Aurora,1490.12841511737,1548.5447479790678,-58.41633286169781,0.4,0.5,10,10,0.0,1,0,1,1,1
1236,2026-01-14 11:00:00,GamerLegion,Passion UA,1464.4742374076402,1466.014366167511,-1.5401287598708677,0.4,0.4,10,10,1.0,1,1,1,1,1
2421,2026-01-14 19:15:00,Virtus.pro,Vitality,1457.4292067068181,1869.0352682304112,-411.6060615235931,0.3,0.7,10,10,0.2857142857142857,7,0,1,1,1
1036,2026-01-15 11:00:00,M80,Gentle Mates,1442.7567346303367,1462.784433726356,-20.027699096019205,0.5,0.2,10,10,0.5,0,0,1,1,0
1611,2026-01-15 16:05:00,Ninjas in Pyjamas,Liquid,1513.1712216290994,1493.2014939881103,19.96972764098905,0.6,0.3,10,10,0.5,0,0,1,1,0
1362,2026-01-16 02:10:00,MIBR,Legacy,1417.788477082939,1480.6582766912104,-62.86979960827148,0.3,0.4,10,10,0.0,2,0,1,1,1
1125,2026-01-16 15:00:00,BetBoom,paiN,1481.4922411467019,1496.1544963095785,-14.66225516287659,0.4,0.4,10,10,0.0,1,0,1,1,1
2000,2026-01-17 11:00:00,paiN,HEROIC,1511.4796750674261,1488.5580428141973,22.921632253228836,0.4,0.4,10,10,1.0,3,0,1,1,1
1556,2026-01-17 13:10:00,Liquid,Gentle Mates,1510.120122541456,1477.8631443147092,32.256978226746924,0.4,0.3,10,10,0.5,0,1,1,1,0
926,2026-01-17 16:10:00,Aurora,GamerLegion,1561.8796430660182,1480.5451624935538,81.33448057246437,0.6,0.5,10,10,1.0,1,0,1,1,1
2989,2026-01-17 19:00:00,MIBR,Imperial,1404.652545748803,1383.0189411060633,21.633604642739783,0.3,0.3,10,10,0.5714285714285714,7,1,1,1,1
436,2026-01-17 19:40:00,Monte,Falcons,1403.4872601598954,1750.923398820224,-347.43613866032865,0.4,0.6,10,10,0.0,1,0,1,1,1
1363,2026-01-18 01:00:00,Legacy,MIBR,1493.7942080253463,1419.6575669892272,74.13664103611904,0.5,0.3,10,10,1.0,3,0,1,1,1
1276,2026-01-18 11:00:00,Astralis,PARIVISION,1512.8860152893274,1548.0950188451372,-35.209003555809886,0.5,0.5,10,10,1.0,2,0,1,1,1
717,2026-01-18 15:35:00,EYEBALLERS,Vitality,1522.5786225714469,1871.772434767277,-349.1938121958301,1.0,0.8,1,10,0.5,0,0,1,1,0
1536,2026-01-18 18:05:00,FUT,FURIA,1584.897208048875,1819.5559699601247,-234.6587619112497,0.8,0.9,10,10,0.5,0,0,1,1,0
653,2026-01-21 19:40:00,HOTU,Gentle Mates,1476.7935200304196,1463.3443795034943,13.449140526925248,0.4,0.3,10,10,0.5,0,1,1,1,0
709,2026-01-22 13:00:00,EYEBALLERS,FUT,1518.7980032639632,1578.3135635543995,-59.51556029043627,0.5,0.7,2,10,0.5,0,1,1,1,0
512,2026-01-22 15:00:00,Liquid,Falcons,1524.638887352671,1754.7378816269663,-230.09899427429536,0.4,0.6,10,10,0.5,2,0,1,1,1
2880,2026-01-22 18:05:00,HEROIC,FURIA,1505.6120941665442,1826.1396144546002,-320.52752028805594,0.5,0.9,10,10,0.3333333333333333,3,0,1,1,1
3018,2026-01-23 15:00:00,GamerLegion,Vitality,1500.2237984349456,1875.5530540747607,-375.3292556398151,0.6,0.8,10,10,0.0,7,0,1,1,1
645,2026-01-23 16:00:00,BetBoom,HOTU,1466.1670623888542,1492.1744733919224,-26.007411003068228,0.3,0.4,10,10,1.0,2,0,1,1,1
1279,2026-01-23 17:50:00,Spirit,PARIVISION,1790.8604298129792,1562.47911216688,228.3813176460992,0.6,0.6,10,10,0.5,0,0,1,1,0
1115,2026-01-23 20:05:00,BetBoom,Gentle Mates,1451.3625159227936,1447.9634261419915,3.3990897808021145,0.3,0.3,10,10,0.0,1,0,1,1,1
583,2026-01-24 15:00:00,Falcons,Vitality,1761.4598414710124,1878.8601812385962,-117.40033976758377,0.6,0.9,10,10,0.25,8,1,1,1,1
1288,2026-01-24 18:30:00,FURIA,PARIVISION,1830.505972327168,1587.7044985214625,242.80147380570543,0.9,0.6,10,10,0.5,0,0,1,1,0
450,2026-01-25 15:00:00,Falcons,PARIVISION,1782.6695388881487,1613.3625819046254,169.30695698352338,0.6,0.6,10,10,0.5,0,0,1,1,0
648,2026-01-28 08:00:00,BetBoom,HOTU,1435.2059870475966,1506.979019857983,-71.77303281038644,0.3,0.4,10,10,0.6666666666666666,3,1,1,1,1
1284,2026-01-28 10:00:00,HEROIC,PARIVISION,1501.2457362939765,1636.5957739964006,-135.35003770242406,0.5,0.7,10,10,0.5,2,0,1,1,1
925,2026-01-28 10:00:00,GamerLegion,Aurora,1496.91667127111,1542.2010071246264,-45.28433585351627,0.5,0.6,10,10,0.5,2,0,1,1,1
1985,2026-01-28 12:30:00,paiN,Astralis,1494.4256237150792,1498.5019219675846,-4.076298252505467,0.4,0.4,10,10,0.4,5,0,1,1,1
300,2026-01-28 13:05:00,B8,NRG,1555.9946202887093,1494.1887301865352,61.80589010217409,0.6,0.5,10,2,0.5,0,0,1,1,0
1301,2026-01-28 15:00:00,BC.Game,Legacy,1433.2376005647097,1474.430980146879,-41.1933795821692,0.2,0.4,10,10,0.5,0,1,1,1,0
649,2026-01-28 15:10:00,BetBoom,HOTU,1454.4650287974746,1487.7199781081051,-33.254949310630536,0.4,0.3,10,10,0.75,4,1,1,1,1
1511,2026-01-28 15:55:00,3DMAX,FUT,1511.9935045813122,1559.599267935468,-47.6057633541559,0.4,0.7,10,10,0.5,0,1,1,1,0
1610,2026-01-28 17:30:00,Ninjas in Pyjamas,Liquid,1496.2525930757536,1517.916927508625,-21.66433443287133,0.6,0.4,10,10,0.0,1,0,1,1,1
1217,2026-01-28 19:25:00,Passion UA,G2,1449.9434410815975,1611.1851020506456,-161.2416609690481,0.4,0.4,10,10,0.0,1,0,1,1,1
808,2026-01-29 13:00:00,Aurora,PARIVISION,1556.1273158749718,1646.659960094317,-90.53264421934523,0.6,0.7,10,10,0.0,1,0,1,1,1
274,2026-01-29 13:00:00,paiN,B8,1478.613335573988,1537.1780024086722,-58.5646668346842,0.4,0.5,10,10,0.3333333333333333,3,1,1,1,1
1205,2026-01-29 15:30:00,Ninjas in Pyjamas,Passion UA,1481.2489815141153,1440.878040392761,40.370941121354235,0.5,0.4,10,10,0.5,0,1,1,1,0
1468,2026-01-29 15:45:00,3DMAX,BC.Game,1530.1722132498915,1451.1257863938786,79.04642685601289,0.5,0.3,10,10,0.5,0,1,1,1,0
2458,2026-01-29 18:00:00,Liquid,G2,1532.9205390702632,1620.250502739482,-87.32996366921884,0.5,0.5,10,10,0.16666666666666666,6,0,1,1,1
1304,2026-01-29 18:25:00,Legacy,FUT,1456.54279431771,1541.4205592668889,-84.87776494917875,0.3,0.6,10,10,1.0,1,0,1,1,1
2699,2026-01-30 13:00:00,NRG,Astralis,1513.0053480665722,1514.3142101086758,-1.3088620421035557,0.6666666666666666,0.4,3,10,0.5,0,1,1,1,0
2898,2026-01-30 13:00:00,GamerLegion,HEROIC,1482.9903625207646,1491.18155019606,-8.191187675295396,0.4,0.4,10,10,0.3333333333333333,3,1,1,1,1
1466,2026-01-30 15:30:00,BC.Game,Ninjas in Pyjamas,1438.7044735550353,1495.3981532709172,-56.6936797158819,0.3,0.5,10,10,0.5,0,1,1,1,0
837,2026-01-30 16:10:00,paiN,Aurora,1497.2850815175643,1544.2046316957926,-46.91955017822829,0.4,0.5,10,10,0.0,1,0,1,1,1
2751,2026-01-30 18:00:00,GamerLegion,Astralis,1499.3675107787722,1498.253935069275,1.1135757094971268,0.4,0.4,10,10,0.6666666666666666,3,0,1,1,1
1513,2026-01-30 18:15:00,FUT,Liquid,1553.5877414359438,1520.8596230522742,32.72811838366965,0.6,0.5,10,10,0.5,0,1,1,1,0
2536,2026-01-31 13:00:00,G2,The MongolZ,1632.311418757471,1655.5142120300936,-23.202793272622557,0.5,0.5,10,10,0.2222222222222222,9,1,1,1,1
1258,2026-01-31 13:00:00,Natus Vincere,PARIVISION,1673.2387582662825,1658.5826442734963,14.656113992786231,0.7,0.7,10,10,1.0,1,1,1,1,1
1534,2026-01-31 15:30:00,FUT,FURIA,1568.0849981077163,1804.847888944005,-236.76289083628876,0.7,0.8,10,10,0.0,1,1,1,1,1
2706,2026-01-31 16:45:00,Spirit,Astralis,1765.6350434583967,1514.3052169502437,251.32982650815302,0.5,0.5,10,10,1.0,6,1,1,1,1
2214,2026-01-31 18:00:00,3DMAX,FaZe,1542.5935260887347,1629.2545940394598,-86.66106795072506,0.6,0.6,10,10,0.3333333333333333,6,1,1,1,1
1477,2026-01-31 19:15:00,BC.Game,Vitality,1457.2923853006562,1857.6504838214598,-400.35809852080365,0.4,0.9,10,10,0.5,0,0,1,1,0
1742,2026-02-01 13:00:00,NRG,MOUZ,1529.065623105973,1758.885136844704,-229.81951373873108,0.75,0.6,4,10,0.5,0,0,1,1,0
439,2026-02-01 13:00:00,Falcons,Aurora,1759.4363467963735,1558.0569466617019,201.37940013467164,0.6,0.5,10,10,0.0,2,0,1,1,1
1514,2026-02-01 15:30:00,FUT,G2,1593.5644649336866,1649.3783611699212,-55.81389623623454,0.7,0.6,10,10,0.5,0,0,1,1,0
2651,2026-02-01 16:15:00,FURIA,The MongolZ,1779.3684221180347,1638.4472696176435,140.92115250039114,0.7,0.4,10,10,0.5555555555555556,9,1,1,1,1
1273,2026-02-01 18:50:00,Astralis,PARIVISION,1508.20924755184,1643.2571832071808,-135.04793565534078,0.5,0.6,10,10,0.6666666666666666,3,1,1,1,1
1900,2026-02-01 19:30:00,Natus Vincere,Spirit,1688.564219332598,1771.7310128568004,-83.16679352420238,0.7,0.6,10,10,0.16666666666666666,12,0,1,1,1
2249,2026-02-02 13:00:00,3DMAX,Vitality,1562.503659642676,1860.5541277403245,-298.0504680976485,0.6,0.9,10,10,0.0,4,0,1,1,1
825,2026-02-02 13:00:00,Aurora,MOUZ,1582.4151329396625,1765.6156434019988,-183.2005104623363,0.5,0.6,10,10,0.0,1,1,1,1,1
543,2026-02-02 15:30:00,NRG,Falcons,1522.3351165486781,1735.078160518413,-212.7430439697348,0.6,0.6,5,10,0.5,0,0,1,1,0
1471,2026-02-02 15:30:00,FaZe,BC.Game,1609.3444604855185,1454.3887413817915,154.955719103727,0.5,0.3,10,10,0.5,0,1,1,1,0
1919,2026-02-02 18:15:00,Natus Vincere,FURIA,1676.3226784225908,1789.2126868777868,-112.89000845519604,0.6,0.7,10,10,0.5714285714285714,7,0,1,1,1
1521,2026-02-02 18:30:00,FUT,Astralis,1580.1129050086072,1530.1330600567778,49.979844951829364,0.6,0.6,10,10,0.5,0,0,1,1,0
1741,2026-02-03 13:00:00,FaZe,MOUZ,1618.6467940975317,1741.8826917618148,-123.23589766428313,0.5,0.5,10,10,0.6875,16,0,1,1,1
495,2026-02-03 13:00:00,3DMAX,Falcons,1557.626099962245,1742.3459886147266,-184.7198886524816,0.5,0.6,10,10,0.4,5,0,1,1,1
2726,2026-02-03 15:30:00,FURIA,Astralis,1800.1894544885922,1548.4189705926983,251.7704838958939,0.7,0.6,10,10,0.8,5,1,1,1,1
2564,2026-02-03 15:30:00,Spirit,G2,1783.9725537668076,1662.8299210950006,121.14263267180695,0.7,0.6,10,10,0.3,10,1,1,1,1
916,2026-02-03 18:40:00,Aurora,Vitality,1606.1480845798465,1865.4316874207555,-259.283602840909,0.5,0.9,10,10,0.5,0,0,1,1,0
472,2026-02-03 19:10:00,MOUZ,Falcons,1752.4340774081459,1750.559524611025,1.8745527971209412,0.5,0.6,10,10,0.46153846153846156,13,1,1,1,1
908,2026-02-06 14:45:00,Aurora,FURIA,1600.2748578202643,1806.2729162335763,-205.99805841331204,0.5,0.7,10,10,0.25,8,0,1,1,1
1546,2026-02-06 16:35:00,Gentle Mates,Ninjas in Pyjamas,1464.1199550171884,1476.8102415252963,-12.690286508107874,0.4,0.4,10,10,0.5,2,0,1,1,1
1710,2026-02-06 18:00:00,MOUZ,G2,1768.3477518992645,1652.1931418408215,116.15461005844304,0.6,0.6,10,10,0.6666666666666666,9,1,1,1,1
1478,2026-02-07 13:00:00,BC.Game,GamerLegion,1445.0864077697784,1483.3162288978035,-38.22982112802515,0.3,0.4,10,10,0.5,0,0,1,1,0
2832,2026-02-07 14:45:00,Spirit,FURIA,1794.6093330209867,1813.7611508774946,-19.151817856507932,0.7,0.7,10,10,0.7142857142857143,7,0,1,1,1
1797,2026-02-07 19:10:00,MOUZ,Vitality,1779.1894000653947,1871.3049141803376,-92.11551411494293,0.7,0.9,10,10,0.26666666666666666,15,0,1,1,1
1027,2026-02-07 21:15:00,Passion UA,M80,1426.728868635959,1427.6780240419835,-0.9491554060243743,0.4,0.5,10,10,1.0,1,1,1,1,1
2103,2026-02-08 12:00:00,Lynn Vision,TYLOO,1410.125759253438,1426.8171766150865,-16.69141736164852,0.2,0.1,10,10,0.6666666666666666,9,0,1,1,1
1757,2026-02-08 12:30:00,Spirit,MOUZ,1779.4904145939254,1767.334796539185,12.155618054740444,0.7,0.6,10,10,0.6153846153846154,13,1,1,1,1
1654,2026-02-08 13:00:00,GamerLegion,Ninjas in Pyjamas,1497.5627516332363,1492.2260919862201,5.336659647016177,0.5,0.4,10,10,0.5,0,0,1,1,0
2965,2026-02-08 16:00:00,FURIA,Vitality,1828.880069304556,1883.1595177065474,-54.27944840199143,0.7,0.9,10,10,0.3333333333333333,6,0,1,1,1
1223,2026-02-08 17:00:00,Passion UA,NRG,1442.7725787489967,1515.0672884523644,-72.29470970336774,0.4,0.5,10,6,0.5,0,0,1,1,0
742,2026-02-13 11:00:00,illwill,Monte,1500.0,1399.6727773531532,100.32722264684685,0.5,0.3,0,10,0.5,0,0,0,1,0
818,2026-02-14 08:30:00,Aurora,FUT,1592.786623176346,1561.8269944726867,30.95962870365929,0.5,0.5,10,10,0.5,0,0,1,1,0
1874,2026-02-14 08:30:00,Astralis,Natus Vincere,1542.3355088477142,1665.3459108117854,-123.0104019640712,0.5,0.5,10,10,0.5714285714285714,7,0,1,1,1
1254,2026-02-14 10:30:00,MOUZ,PARIVISION,1751.894355143826,1621.333370702243,130.56098444158306,0.5,0.6,10,10,1.0,1,1,1,1,1
2771,2026-02-14 11:45:00,HEROIC,FaZe,1474.8044019380525,1608.0954084512007,-133.2910065131482,0.3,0.5,10,10,0.6,5,0,1,1,1
743,2026-02-14 13:40:00,illwill,Monte,1479.5040370328334,1420.1687403203198,59.33529671251358,0.0,0.4,1,10,0.0,1,0,1,1,1
494,2026-02-14 14:35:00,3DMAX,Falcons,1549.4125639659467,1734.6458501199063,-185.23328615395963,0.5,0.6,10,10,0.3333333333333333,6,0,1,1,1
2606,2026-02-14 14:40:00,G2,Vitality,1641.3514936746913,1896.6799969026574,-255.32850322796617,0.5,0.9,10,10,0.4444444444444444,9,0,1,1,1
1976,2026-02-14 16:55:00,The MongolZ,paiN,1628.6030048578914,1483.432766551655,145.17023830623634,0.3,0.3,10,10,0.6666666666666666,6,1,1,1,1
654,2026-02-14 18:00:00,Gentle Mates,HOTU,1448.7041045562646,1470.1931907779758,-21.489086221711204,0.4,0.2,10,10,0.0,1,1,1,1,1
317,2026-02-14 18:30:00,B8,FURIA,1518.506256465096,1815.359590108446,-296.85333364334997,0.4,0.7,10,10,0.0,2,0,1,1,1
1664,2026-02-15 08:00:00,MOUZ,Natus Vincere,1762.1496967003652,1675.9064786985068,86.2432180018584,0.6,0.6,10,10,0.5714285714285714,7,1,1,1,1
2206,2026-02-15 08:15:00,Astralis,3DMAX,1531.7749409609928,1541.2170584380349,-9.442117477042075,0.5,0.4,10,10,0.6666666666666666,3,1,1,1,1
1269,2026-02-15 10:25:00,G2,PARIVISION,1635.368303754242,1611.0780291457038,24.29027460853831,0.4,0.6,10,10,0.5,0,0,1,1,0
541,2026-02-15 10:35:00,Falcons,FaZe,1742.841355647818,1618.2415450962467,124.59981055157141,0.6,0.6,10,10,0.5,8,1,1,1,1
835,2026-02-15 13:30:00,Aurora,paiN,1575.3646413007873,1473.7544262691054,101.61021503168195,0.5,0.3,10,10,1.0,2,1,1,1,1
1533,2026-02-15 13:55:00,FUT,FURIA,1579.2489763482454,1820.2657072613817,-241.01673091313637,0.5,0.7,10,10,0.5,2,0,1,1,1
307,2026-02-15 16:30:00,HEROIC,B8,1464.6582652930065,1513.60013931216,-48.9418740191536,0.2,0.3,10,10,0.6666666666666666,6,0,1,1,1
2675,2026-02-15 17:40:00,Vitality,The MongolZ,1902.6631868231066,1638.281345140441,264.3818416826655,0.9,0.4,10,10,0.8333333333333334,12,1,1,1,1
829,2026-02-16 08:00:00,Natus Vincere,Aurora,1663.798513476543,1586.8143162604545,76.98419721608843,0.5,0.5,10,10,1.0,3,1,1,1,1
1277,2026-02-16 08:00:00,PARIVISION,FaZe,1628.1948186629356,1607.7456116355029,20.44920702743275,0.7,0.5,10,10,0.5,0,1,1,1,0
1519,2026-02-16 11:05:00,Astralis,FUT,1548.209659522238,1572.8546549352286,-24.64499541299051,0.5,0.4,10,10,1.0,1,0,1,1,1
290,2026-02-16 11:40:00,The MongolZ,B8,1632.5475440317957,1527.3610732748018,105.18647075699391,0.4,0.4,10,10,1.0,1,1,1,1,1
2223,2026-02-16 13:15:00,HEROIC,3DMAX,1450.8973313303648,1524.7823398767896,-73.88500854642484,0.2,0.4,10,10,0.5,6,1,1,1,1
1796,2026-02-16 15:10:00,Vitality,MOUZ,1908.396987931752,1774.2576619223291,134.1393260094228,0.9,0.6,10,10,0.75,16,1,1,1,1
1967,2026-02-16 16:10:00,paiN,G2,1462.3047513094382,1618.2515142370103,-155.94676292757208,0.2,0.4,10,10,0.0,4,0,1,1,1
564,2026-02-16 17:10:00,Falcons,FURIA,1753.337289108562,1826.6600286743985,-73.32273956583663,0.7,0.7,10,10,0.16666666666666666,6,1,1,1,1
1498,2026-02-17 10:00:00,FUT,MOUZ,1587.721610670975,1764.1453321846634,-176.4237215136884,0.5,0.6,10,10,0.5,0,0,1,1,0
2697,2026-02-17 10:00:00,Astralis,FaZe,1533.3427037864917,1592.686246485679,-59.34354269918731,0.5,0.4,10,10,0.5714285714285714,7,1,1,1,1
228,2026-02-17 12:05:00,Aurora,B8,1574.3026664234733,1516.0623233777403,58.24034304573297,0.5,0.3,10,10,1.0,1,1,1,1,1
1861,2026-02-17 12:35:00,Natus Vincere,The MongolZ,1676.310163313524,1643.8462939288572,32.46386938466685,0.5,0.5,10,10,0.75,8,0,1,1,1
2573,2026-02-17 14:25:00,HEROIC,G2,1470.2494814376523,1627.5162509296042,-157.2667694919519,0.3,0.5,10,10,0.2,5,0,1,1,1
1287,2026-02-17 15:25:00,FURIA,PARIVISION,1807.3326438142972,1643.2541838127595,164.07846000153768,0.7,0.7,10,10,0.0,1,1,1,1,1
871,2026-02-18 10:00:00,Astralis,Aurora,1552.0493050349276,1587.64544194018,-35.59613690525248,0.5,0.5,10,10,0.5,6,0,1,1,1
1245,2026-02-18 12:05:00,FUT,PARIVISION,1579.2131330838165,1634.2945059264207,-55.081372842604196,0.5,0.6,10,10,0.5,0,0,1,1,0
1851,2026-02-18 16:05:00,G2,Natus Vincere,1636.7310510450884,1658.8194826140718,-22.088431568983424,0.6,0.5,10,10,0.09090909090909091,11,0,1,1,1
710,2026-02-19 11:30:00,EYEBALLERS,Gentle Mates,1537.5122988828946,1465.6924535624123,71.81984532048227,0.6666666666666666,0.5,3,10,0.5,0,0,1,1,0
449,2026-02-20 08:00:00,Falcons,PARIVISION,1772.6646739686632,1647.7789549889378,124.88571897972543,0.7,0.6,10,10,0.0,1,0,1,1,1
1665,2026-02-20 12:10:00,MOUZ,Natus Vincere,1772.653809771822,1673.8036410097773,98.85016876204463,0.6,0.5,10,10,0.625,8,1,1,1,1
915,2026-02-20 15:55:00,Aurora,Vitality,1602.0118909491657,1918.5093176694177,-316.49742672025195,0.6,0.9,10,10,0.0,1,0,1,1,1
748,2026-02-20 18:30:00,Monte,Ninjas in Pyjamas,1438.8749726922354,1508.4718349191503,-69.59686222691494,0.5,0.5,10,10,1.0,1,1,1,1,1
2648,2026-02-20 18:50:00,FURIA,The MongolZ,1816.292321700636,1661.3369746283095,154.9553470723265,0.8,0.6,10,10,0.6,10,0,1,1,1
1203,2026-02-21 11:00:00,Passion UA,Gentle Mates,1430.054640797622,1484.9535616080927,-54.89892081047083,0.3,0.5,10,10,1.0,1,0,1,1,1
1255,2026-02-21 15:00:00,PARIVISION,MOUZ,1669.2946266931592,1784.2205712975028,-114.92594460434361,0.6,0.7,10,10,0.0,2,1,1,1,1
2676,2026-02-21 18:00:00,The MongolZ,Vitality,1684.0346268857604,1922.9638894496773,-238.92926256391684,0.6,0.9,10,10,0.15384615384615385,13,0,1,1,1
1116,2026-02-22 11:00:00,Gentle Mates,BetBoom,1498.4462058806441,1471.991816127604,26.454389753040232,0.5,0.5,10,10,1.0,2,1,1,1,1
1716,2026-02-22 12:00:00,The MongolZ,MOUZ,1677.578600454462,1763.1129781212599,-85.53437766679781,0.5,0.6,10,10,0.25,4,0,1,1,1
1292,2026-02-22 16:00:00,PARIVISION,Vitality,1690.4022198694022,1929.4199158809756,-239.01769601157343,0.6,1.0,10,10,0.5,0,0,1,1,0
1463,2026-02-22 17:00:00,illwill,BC.Game,1460.7978046609178,1430.8398850343456,29.95791962657222,0.0,0.2,2,10,0.5,0,1,1,1,0
655,2026-02-22 18:45:00,Gentle Mates,HOTU,1513.2302851032744,1453.2048417718281,60.02544333144624,0.6,0.2,10,10,0.5,2,0,1,1,1
1567,2026-02-23 12:00:00,illwill,GamerLegion,1475.4216004322082,1481.3170087003061,-5.895408268097981,0.3333333333333333,0.5,3,10,0.5,0,0,1,1,0
1464,2026-02-23 16:00:00,illwill,BC.Game,1459.6930679625286,1416.2160892630552,43.47697869947342,0.25,0.2,4,10,1.0,1,1,1,1,1
1568,2026-02-24 15:00:00,illwill,GamerLegion,1473.7012649578398,1497.0455411699857,-23.344276212145814,0.4,0.6,5,10,0.0,1,0,1,1,1
1446,2026-02-27 17:00:00,FlyQuest,HEROIC,1378.3248166519961,1461.0346813221681,-82.70986467017201,0.3,0.2,10,10,0.0,2,0,1,1,1
2807,2026-03-01 10:35:00,NRG,HEROIC,1527.7852264037392,1473.2961096043468,54.48911679939238,0.5714285714285714,0.3,7,10,0.5,0,0,1,1,0
773,2026-03-01 13:00:00,Astralis,Monte,1537.6828560259419,1458.0378345757304,79.64502145021152,0.5,0.5,10,10,1.0,1,1,1,1,1
1307,2026-03-01 15:45:00,Legacy,Ninjas in Pyjamas,1444.3756121486554,1489.3089730356553,-44.933360886999935,0.3,0.5,10,10,0.5,0,1,1,1,0
1035,2026-03-01 15:50:00,FUT,M80,1565.7286840212994,1411.6343139289459,154.09437009235353,0.5,0.4,10,10,0.5,0,1,1,1,0
1949,2026-03-01 18:55:00,3DMAX,paiN,1505.430189769502,1453.0400146168442,52.390175152657775,0.4,0.2,10,10,0.5,4,0,1,1,1
1215,2026-03-01 19:45:00,Passion UA,Liquid,1416.5619965250705,1506.3623663805017,-89.8003698554312,0.3,0.4,10,10,1.0,1,1,1,1,1
2990,2026-03-01 20:00:00,Imperial,MIBR,1368.013919865639,1439.0207948676946,-71.0068750020555,0.3,0.3,10,10,0.375,8,1,1,1,1
2713,2026-03-02 10:30:00,HEROIC,Astralis,1491.785053226565,1550.07799174736,-58.29293852079513,0.4,0.5,10,10,0.7142857142857143,7,0,1,1,1
777,2026-03-02 10:30:00,NRG,Monte,1509.296282781521,1445.6426988543121,63.653583927208956,0.5,0.4,8,10,0.5,0,0,1,1,0
1260,2026-03-02 13:35:00,paiN,PARIVISION,1471.4345498627908,1683.948816509365,-212.51426664657424,0.3,0.5,10,10,0.5,0,0,1,1,0
1037,2026-03-02 15:30:00,Ninjas in Pyjamas,M80,1471.251175355859,1402.2992305626092,68.95194479324982,0.5,0.3,10,10,0.5,0,0,1,1,0
1200,2026-03-02 16:35:00,FUT,Passion UA,1575.063767387636,1436.6077628867758,138.45600450086022,0.5,0.4,10,10,1.0,1,1,1,1,1
1333,2026-03-02 19:55:00,Legacy,G2,1462.4334098284517,1621.746892649383,-159.3134828209313,0.3,0.5,10,10,0.0,1,1,1,1,1
779,2026-03-03 10:30:00,Monte,HEROIC,1464.5416913972267,1478.444632956514,-13.902941559287228,0.5,0.3,10,10,0.5,0,1,1,1,0
1522,2026-03-03 10:30:00,Astralis,FUT,1563.4184120174111,1585.005015683248,-21.586603665836947,0.6,0.5,10,10,0.5,2,0,1,1,1
1238,2026-03-03 13:00:00,Legacy,PARIVISION,1485.2957201013662,1691.2240447746037,-205.9283246732375,0.3,0.6,10,10,0.0,1,1,1,1,1
1208,2026-03-03 16:55:00,paiN,Passion UA,1464.1593215975522,1426.6665145911638,37.492807006388375,0.3,0.3,10,10,1.0,1,1,1,1,1
1068,2026-03-03 18:05:00,M80,G2,1421.4335430249068,1598.8845823764684,-177.45103935156158,0.4,0.4,10,10,0.25,4,0,1,1,1
1633,2026-03-03 20:45:00,Ninjas in Pyjamas,NRG,1452.1168628935613,1490.3972902386065,-38.280427345045155,0.4,0.4444444444444444,10,9,0.5,0,1,1,1,0
2208,2026-03-04 12:30:00,3DMAX,Astralis,1487.0356545235554,1548.4112346541708,-61.37558013061539,0.3,0.5,10,10,0.25,4,0,1,1,1
735,2026-03-04 12:30:00,PARIVISION,Monte,1666.714582180665,1481.1816039955497,185.53297818511533,0.6,0.6,10,10,0.5,0,0,1,1,0
1227,2026-03-04 16:50:00,Passion UA,HEROIC,1412.3864509986433,1461.804720358191,-49.418269359547594,0.2,0.3,10,10,0.0,2,0,1,1,1
1968,2026-03-04 17:35:00,paiN,G2,1478.4393851900727,1607.3561731230664,-128.91678793299366,0.3,0.4,10,10,0.0,5,1,1,1,1
1061,2026-03-04 19:00:00,Liquid,M80,1486.3166000187964,1412.961952278309,73.35464774048751,0.3,0.3,10,10,0.25,4,1,1,1,1
1281,2026-03-05 12:30:00,HEROIC,PARIVISION,1475.5441492869081,1642.899574559436,-167.35542527252778,0.4,0.6,10,10,0.3333333333333333,3,1,1,1,1
1617,2026-03-05 15:00:00,Ninjas in Pyjamas,G2,1469.8726426333271,1585.677583637703,-115.8049410043759,0.4,0.3,10,10,0.2,5,0,1,1,1
2178,2026-03-05 17:55:00,Liquid,3DMAX,1498.9878093095397,1473.833065824805,25.15474348473458,0.4,0.3,10,10,0.5,2,0,1,1,1
749,2026-03-06 10:30:00,Natus Vincere,Monte,1662.2368794840963,1504.9966116167789,157.24026786731747,0.4,0.6,10,10,0.5,0,1,1,1,0
1524,2026-03-06 10:30:00,Astralis,FUT,1561.6138233529211,1600.0121930464884,-38.39836969356725,0.5,0.5,10,10,0.3333333333333333,3,1,1,1,1
811,2026-03-06 13:00:00,Legacy,Aurora,1509.805182695305,1597.5573191689061,-87.75213647360124,0.4,0.5,10,10,0.0,2,0,1,1,1
2218,2026-03-06 13:40:00,3DMAX,Spirit,1490.9894646907187,1794.9308559892843,-303.9413912985656,0.3,0.7,10,10,0.0,1,0,1,1,1
2552,2026-03-06 16:05:00,FaZe,G2,1573.9796452372432,1596.5336656094817,-22.554020372238483,0.3,0.4,10,10,0.4,10,0,1,1,1
1764,2026-03-06 18:10:00,MOUZ,HEROIC,1775.251670296517,1498.7056558774304,276.54601441908653,0.6,0.5,10,10,1.0,3,1,1,1,1
1978,2026-03-06 18:10:00,paiN,The MongolZ,1500.117974675436,1665.439908279205,-165.3219336037689,0.4,0.4,10,10,0.2857142857142857,7,0,1,1,1
320,2026-03-06 21:05:00,B8,FURIA,1502.7195478610336,1793.594669443185,-290.87512158215145,0.2,0.7,10,10,0.0,3,1,1,1,1
1994,2026-03-07 10:30:00,paiN,FaZe,1491.2044007222335,1559.0168397396305,-67.81243901739708,0.4,0.2,10,10,0.16666666666666666,6,1,1,1,1
866,2026-03-07 10:30:00,Aurora,The MongolZ,1609.5999772646028,1674.3534822324075,-64.7535049678047,0.5,0.5,10,10,0.25,8,0,1,1,1
1854,2026-03-07 13:00:00,Natus Vincere,G2,1671.4526805925495,1611.4964711070943,59.95620948545525,0.5,0.5,10,10,0.9166666666666666,12,0,1,1,1
737,2026-03-07 14:10:00,Monte,Legacy,1495.7808105083257,1497.7625245996082,-1.9817140912825835,0.6,0.4,10,10,0.5,0,0,1,1,0
1724,2026-03-07 16:15:00,MOUZ,Astralis,1780.663285615331,1579.3749689327715,201.28831668255953,0.6,0.6,10,10,0.75,4,1,1,1,1
1532,2026-03-07 16:20:00,HEROIC,FUT,1493.2940405586164,1582.251047466638,-88.95700690802164,0.5,0.5,10,10,1.0,1,0,1,1,1
2235,2026-03-07 19:05:00,3DMAX,FURIA,1486.2504498559629,1766.6454488921318,-280.3949990361689,0.2,0.6,10,10,0.0,1,1,1,1,1
303,2026-03-07 19:20:00,Spirit,B8,1799.6698708240401,1529.6687684120868,270.0011024119533,0.7,0.3,10,10,1.0,1,1,1,1,1
836,2026-03-08 10:30:00,paiN,Aurora,1510.2882184990485,1596.5479319128026,-86.25971341375407,0.4,0.4,10,10,0.0,3,0,1,1,1
776,2026-03-08 10:30:00,Monte,FaZe,1479.8720708251526,1539.9330219628155,-60.06095113766287,0.6,0.2,10,10,0.0,2,0,1,1,1
1510,2026-03-08 13:00:00,3DMAX,FUT,1512.9377310083387,1594.241658402636,-81.30392739429726,0.2,0.6,10,10,1.0,1,1,1,1,1
269,2026-03-08 14:00:00,B8,Natus Vincere,1524.0856292565886,1652.718680578566,-128.6330513219773,0.3,0.4,10,10,0.0,2,0,1,1,1
1342,2026-03-08 15:30:00,Legacy,Astralis,1513.6712642827813,1571.7301048860716,-58.058840603290264,0.5,0.6,10,10,0.25,4,1,1,1,1
1718,2026-03-08 16:40:00,The MongolZ,MOUZ,1687.4055275842077,1788.308149662031,-100.90262207782325,0.6,0.7,10,10,0.2,5,0,1,1,1
2881,2026-03-08 18:00:00,HEROIC,FURIA,1481.3034296226185,1739.958167739756,-258.6547381171374,0.5,0.5,10,10,0.25,4,0,1,1,1
2567,2026-03-08 18:30:00,Spirit,G2,1805.2530099795383,1630.230471121078,175.0225388584604,0.7,0.6,10,10,0.36363636363636365,11,1,1,1,1
257,2026-03-09 12:30:00,B8,FUT,1513.752794774217,1574.5643551375383,-60.811560363321405,0.2,0.5,10,10,0.5,0,0,1,1,0
2202,2026-03-09 12:30:00,3DMAX,The MongolZ,1532.6150342734363,1675.9258850158526,-143.31085074241628,0.3,0.6,10,10,0.4444444444444444,9,0,1,1,1
1315,2026-03-09 15:00:00,Legacy,Natus Vincere,1532.3203601043579,1663.0515150609376,-130.73115495657976,0.6,0.5,10,10,0.5,0,1,1,1,0
2698,2026-03-09 15:45:00,Astralis,FaZe,1553.081009064495,1553.1943394975956,-0.1133304331006002,0.5,0.3,10,10,0.625,8,1,1,1,1
2018,2026-03-09 17:30:00,paiN,FURIA,1498.1809679613855,1745.8487734214496,-247.66780546006407,0.4,0.5,10,10,0.3333333333333333,6,0,1,1,1
855,2026-03-09 19:15:00,Aurora,G2,1608.6551824504656,1621.6715178760926,-13.016335425626949,0.5,0.6,10,10,0.5,2,1,1,1,1
1823,2026-03-10 12:30:00,3DMAX,Natus Vincere,1522.864280723702,1641.3000314022497,-118.43575067854772,0.3,0.5,10,10,0.6666666666666666,3,0,1,1,1
1516,2026-03-10 15:45:00,G2,FUT,1605.0723737617436,1587.792131047459,17.280242714284668,0.5,0.6,10,10,1.0,1,0,1,1,1
2727,2026-03-10 19:00:00,Astralis,FURIA,1569.0862281236266,1752.0494468193908,-182.96321869576423,0.6,0.5,10,10,0.16666666666666666,6,1,1,1,1
1866,2026-03-13 09:00:00,Natus Vincere,The MongolZ,1652.0477482594365,1685.676638565587,-33.628890306150424,0.5,0.6,10,10,0.6666666666666666,9,1,1,1,1
812,2026-03-13 12:10:00,Aurora,Legacy,1625.2543265648146,1554.0718437630458,71.18248280176886,0.6,0.6,10,10,1.0,3,1,1,1,1
1502,2026-03-13 16:00:00,FUT,MOUZ,1604.5872600980774,1799.787792230386,-195.20053213230858,0.6,0.8,10,10,0.0,1,1,1,1,1
1375,2026-03-13 19:35:00,BC.Game,Alliance,1402.207892267744,1500.0,-97.792107732256,0.2,0.5,10,0,0.5,0,0,1,0,0
2707,2026-03-13 20:30:00,Spirit,Astralis,1813.8119632245237,1592.8108018877006,221.0011613368231,0.7,0.6,10,10,1.0,7,0,1,1,1
1503,2026-03-14 14:45:00,FUT,Natus Vincere,1628.7366305668938,1669.5915976427139,-40.854967075820014,0.7,0.6,10,10,0.5,0,0,1,1,0
873,2026-03-14 18:25:00,Astralis,Aurora,1617.8065313508278,1638.0213613050807,-20.21482995425299,0.7,0.7,10,10,0.42857142857142855,7,0,1,1,1
1525,2026-03-15 12:30:00,FUT,Astralis,1614.6094472033403,1602.7364096175938,11.873037585746488,0.7,0.6,10,10,0.5,4,0,1,1,1
1377,2026-03-15 16:15:00,Alliance,Ninjas in Pyjamas,1511.6117841380105,1459.0165606615485,52.595223476462024,1.0,0.4,1,10,0.5,0,0,1,1,0
833,2026-03-15 16:15:00,Natus Vincere,Aurora,1683.7187810062674,1653.0914830383147,30.6272979679527,0.6,0.7,10,10,1.0,4,1,1,1,1
1379,2026-03-15 19:30:00,Alliance,Liquid,1493.2080183812418,1481.831410443626,11.376607937615745,0.5,0.4,2,10,0.5,0,1,1,1,0
544,2026-03-18 10:00:00,NRG,Falcons,1472.6415104988407,1751.1490022644418,-278.5074917656011,0.4,0.6,10,10,0.0,1,0,1,1,1
268,2026-03-18 12:50:00,B8,Natus Vincere,1500.5250188642963,1698.3119839301426,-197.7869650658463,0.2,0.7,10,10,0.0,3,0,1,1,1
879,2026-03-18 17:35:00,FaZe,Aurora,1537.189120438464,1638.4982801144395,-101.30915967597548,0.3,0.7,10,10,0.6,5,0,1,1,1
2093,2026-03-18 21:50:00,TYLOO,FURIA,1442.0490992585053,1728.3248730553169,-286.27577379681156,0.2,0.5,10,10,0.5,0,0,1,1,0
1250,2026-03-19 10:00:00,Ninjas in Pyjamas,PARIVISION,1477.4203264183172,1619.7380679689136,-142.31774155059634,0.5,0.5,10,10,0.5,2,0,1,1,1
2491,2026-03-19 14:00:00,Liquid,Spirit,1466.3551354341023,1788.8162337613965,-322.46109832729417,0.4,0.7,10,10,0.3333333333333333,6,0,1,1,1
1717,2026-03-19 16:50:00,The MongolZ,MOUZ,1668.1327891823096,1775.6384217615696,-107.50563257926001,0.6,0.7,10,10,0.16666666666666666,6,1,1,1,1
3022,2026-03-19 19:35:00,9z,Vitality,1349.5242746132417,1935.8733192410127,-586.349044627771,0.1,1.0,10,10,0.5,2,0,1,1,1
299,2026-03-20 11:00:00,NRG,B8,1467.2804757530348,1492.7622643976254,-25.48178864459055,0.3,0.2,10,10,1.0,1,1,1,1,1
2088,2026-03-20 13:30:00,FaZe,TYLOO,1525.7266995684965,1436.8846792848926,88.84202028360392,0.2,0.2,10,10,1.0,2,0,1,1,1
479,2026-03-20 17:15:00,Falcons,Natus Vincere,1756.5100370102477,1706.0747383968135,50.43529861343427,0.6,0.7,10,10,0.75,4,0,1,1,1
909,2026-03-20 21:00:00,Aurora,FURIA,1649.960700984407,1733.4892930289295,-83.52859204452261,0.7,0.5,10,10,0.2222222222222222,9,1,1,1,1
1609,2026-03-21 11:00:00,Liquid,Ninjas in Pyjamas,1462.0305766272324,1467.6307721157652,-5.6001954885327905,0.3,0.4,10,10,1.0,2,1,1,1,1
1810,2026-03-21 14:45:00,MOUZ,9z,1754.8397834577506,1348.4658267180441,406.3739567397065,0.6,0.1,10,10,0.0,1,0,1,1,1
1280,2026-03-21 18:35:00,Spirit,PARIVISION,1793.1407925682663,1629.5276222714656,163.61317029680072,0.8,0.5,10,10,0.0,1,0,1,1,1
2677,2026-03-21 21:10:00,The MongolZ,Vitality,1688.9314274861285,1936.9317671362103,-248.00033965008174,0.6,1.0,10,10,0.14285714285714285,14,0,1,1,1
486,2026-03-22 11:00:00,TYLOO,Falcons,1456.8891051213375,1738.2035840400217,-281.31447891868424,0.3,0.6,10,10,0.0,1,0,1,1,1
2809,2026-03-22 14:25:00,FURIA,NRG,1713.7150957307078,1484.4518559079424,229.2632398227654,0.4,0.4,10,10,0.5,0,1,1,1,0
2467,2026-03-22 17:40:00,Liquid,The MongolZ,1478.2884528275772,1682.7403179791015,-204.45186515152432,0.3,0.5,10,10,0.0,7,0,1,1,1
2856,2026-03-22 20:20:00,9z,Spirit,1377.6523254958354,1770.1177592940733,-392.4654337982379,0.2,0.7,10,10,1.0,1,0,1,1,1
1583,2026-03-23 10:05:00,FOKUS,3DMAX,1500.0,1512.1165638665152,-12.116563866515207,0.5,0.3,0,10,0.5,0,1,0,1,0
832,2026-03-23 11:00:00,Aurora,Natus Vincere,1669.7348982826286,1724.3811913670395,-54.6462930844109,0.7,0.8,10,10,0.0,5,0,1,1,1
568,2026-03-23 13:30:00,FURIA,Falcons,1720.4626372575044,1743.492892906353,-23.03025564884865,0.5,0.7,10,10,0.7142857142857143,7,0,1,1,1
1293,2026-03-23 17:50:00,Vitality,PARIVISION,1943.1228766432373,1652.5506555456586,290.5722210975787,1.0,0.6,10,10,1.0,1,1,1,1,1
2633,2026-03-23 20:45:00,The MongolZ,Spirit,1690.279726705628,1773.1436075569893,-82.86388085136127,0.5,0.7,10,10,0.2857142857142857,7,1,1,1,1
733,2026-03-25 18:30:00,BetBoom,Monte,1457.2077369049737,1466.6107532903725,-9.403016385398814,0.5,0.6,10,10,0.5,0,1,1,1,0
212,2026-03-25 19:00:00,G2,SINNERS,1588.2772447111251,1500.0,88.27724471112515,0.4,0.5,10,0,0.5,0,0,1,0,0
1562,2026-03-25 19:40:00,BIG,Gentle Mates,1398.9250925959534,1494.4931899521835,-95.56809735623006,0.3,0.6,10,10,0.5,0,1,1,1,0
666,2026-03-26 12:00:00,HOTU,BIG,1471.941936922919,1419.2184277560243,52.7235091668947,0.3,0.4,10,10,0.5,0,0,1,1,0
209,2026-03-26 12:00:00,SINNERS,BetBoom,1519.9800362129893,1473.640656118173,46.339380094816306,1.0,0.5,1,10,0.5,0,1,1,1,0
705,2026-03-26 14:00:00,Alliance,EYEBALLERS,1508.6842933907656,1518.2511908372142,-9.566897446448593,0.6666666666666666,0.5,3,4,0.5,0,0,1,1,0
650,2026-03-26 16:10:00,HOTU,BetBoom,1453.5323970547336,1459.762098870562,-6.229701815828548,0.3,0.5,10,10,0.2,5,0,1,1,1
216,2026-03-26 18:15:00,BIG,SINNERS,1437.6279676242098,1533.8585934606,-96.23062583639035,0.5,1.0,10,2,0.5,0,0,1,1,0
1381,2026-03-27 11:00:00,Alliance,GamerLegion,1493.1247539837188,1511.9721123767686,-18.847358393049717,0.5,0.6,4,10,0.5,0,1,1,1,0
865,2026-03-27 14:00:00,Aurora,The MongolZ,1656.2309044876367,1710.0250031928506,-53.794098705213855,0.7,0.6,10,10,0.2222222222222222,9,1,1,1,1
451,2026-03-27 16:35:00,Falcons,PARIVISION,1758.4338610741588,1647.4924549781304,110.94140609602846,0.7,0.5,10,10,0.0,2,0,1,1,1
917,2026-03-28 14:00:00,Aurora,Vitality,1674.6886061822618,1948.1810772107656,-273.4924710285038,0.7,1.0,10,10,0.0,2,0,1,1,1
1259,2026-03-28 16:40:00,Natus Vincere,PARIVISION,1737.8851851620313,1668.4346540299357,69.45053113209565,0.8,0.5,10,10,1.0,2,1,1,1,1
706,2026-03-28 17:00:00,Alliance,EYEBALLERS,1509.991856526696,1533.8107302442609,-23.818873717564884,0.6,0.6,5,5,0.0,1,1,1,1,1
1932,2026-03-29 10:30:00,Natus Vincere,Vitality,1750.72879928179,1953.6721895327923,-202.94339025100226,0.9,1.0,10,10,0.0,5,0,1,1,1
215,2026-03-29 10:30:00,BIG,SINNERS,1425.9496019864325,1545.5369590983773,-119.58735711194481,0.5,1.0,10,3,0.0,1,1,1,1,1
2064,2026-03-29 21:20:00,9z,paiN,1374.6264772329193,1491.9802945634442,-117.35381733052486,0.2,0.4,10,10,0.2,5,1,1,1,1
208,2026-03-30 08:00:00,SINNERS,BetBoom,1524.2374089885654,1475.4752412411308,48.76216774743466,0.75,0.5,4,10,1.0,1,0,1,1,1
1147,2026-03-30 17:10:00,BetBoom,G2,1493.706192982276,1568.297208498136,-74.59101551585991,0.5,0.4,10,10,0.0,1,1,1,1,1
1372,2026-03-30 20:00:00,Legacy,9z,1541.3048090227796,1395.8342592689232,145.4705497538564,0.6,0.3,10,10,0.5,0,0,1,1,0
1063,2026-03-31 11:00:00,Liquid,M80,1470.7490441010507,1400.2907429875656,70.45830111348505,0.3,0.2,10,10,0.4,5,0,1,1,1
739,2026-03-31 11:00:00,Alliance,Monte,1527.0870409620354,1450.1778340771732,76.90920688486221,0.6666666666666666,0.5,6,10,0.5,0,0,1,1,0
1222,2026-03-31 11:00:00,FaZe,Passion UA,1505.7222737320517,1398.6470220699262,107.07525166212554,0.2,0.2,10,10,1.0,2,0,1,1,1
801,2026-03-31 18:25:00,Aurora,M80,1669.197493860235,1419.4917066345768,249.70578722565824,0.7,0.3,10,10,1.0,1,0,1,1,1
734,2026-03-31 18:40:00,Passion UA,Monte,1419.4276166734867,1469.662894806948,-50.23527813346141,0.3,0.5,10,10,0.5,0,0,1,1,0
1162,2026-04-01 12:05:00,HEROIC,BetBoom,1475.412823940925,1513.089415516964,-37.67659157603907,0.4,0.6,10,10,0.6,5,0,1,1,1
813,2026-04-01 13:00:00,Aurora,Alliance,1643.339729862838,1507.6019802322605,135.73774963057758,0.6,0.5714285714285714,10,7,0.5,0,0,1,1,0
281,2026-04-01 14:00:00,B8,3DMAX,1475.5908842427177,1495.5588015810556,-19.967917338337884,0.2,0.3,10,10,1.0,3,0,1,1,1
730,2026-04-01 17:05:00,M80,Monte,1445.3494706319736,1483.3654624557532,-38.015991823779586,0.4,0.5,10,10,0.5,0,0,1,1,0
1197,2026-04-01 17:15:00,Alliance,Passion UA,1529.5531851526443,1405.7250490246815,123.82813612796281,0.625,0.3,8,10,0.5,0,1,1,1,0
1547,2026-04-01 17:30:00,Gentle Mates,Ninjas in Pyjamas,1474.1998547921125,1451.3728959154205,22.82695887669206,0.5,0.4,10,10,0.3333333333333333,3,0,1,1,1
1032,2026-04-02 13:00:00,M80,Alliance,1431.093218307779,1540.080474040825,-108.98725573304614,0.4,0.6666666666666666,10,9,0.5,0,1,1,1,0
282,2026-04-02 14:00:00,B8,3DMAX,1460.5094297033334,1510.64025612044,-50.13082641710662,0.2,0.4,10,10,0.75,4,1,1,1,1
1145,2026-04-02 15:00:00,G2,BetBoom,1548.9139859634479,1527.361113793886,21.55287216956185,0.4,0.7,10,10,0.5,2,1,1,1,1
731,2026-04-02 17:20:00,Monte,M80,1497.621714779948,1451.9538708583984,45.66784392154955,0.6,0.4,10,10,1.0,1,0,1,1,1
1655,2026-04-02 17:45:00,GamerLegion,Ninjas in Pyjamas,1495.1050098337914,1468.4226062414057,26.682403592385754,0.5,0.4,10,10,0.0,1,1,1,1,1
1643,2026-04-03 12:00:00,Ninjas in Pyjamas,HEROIC,1453.6489662794268,1461.1411256640029,-7.492159384576098,0.3,0.4,10,10,0.5,6,0,1,1,1
2613,2026-04-03 14:25:00,GamerLegion,G2,1509.8786497957703,1563.9227107476656,-54.04406095189529,0.5,0.4,10,10,0.25,4,0,1,1,1
1163,2026-04-03 16:45:00,HEROIC,BetBoom,1476.7961524444638,1512.3523890096683,-35.55623656520447,0.4,0.7,10,10,0.5,6,0,1,1,1
1582,2026-04-04 07:05:00,3DMAX,FOKUS,1492.3475349757375,1516.5577622854596,-24.210227309722086,0.4,1.0,10,1,0.0,1,0,1,1,1
2731,2026-04-04 11:50:00,MIBR,Astralis,1419.7955872569871,1619.282970460067,-199.48738320307984,0.3,0.6,10,10,0.25,4,0,1,1,1
1469,2026-04-04 11:55:00,BC.Game,The MongolZ,1390.5961081297335,1691.5673014982256,-300.9711933684921,0.2,0.6,10,10,0.5,0,0,1,1,0
1194,2026-04-04 13:00:00,BetBoom,GamerLegion,1526.7206563650495,1496.3475898278984,30.37306653715109,0.7,0.5,10,10,0.75,4,1,1,1,1
1237,2026-04-04 14:05:00,Legacy,PARIVISION,1518.9714823757445,1655.591039910177,-136.6195575344325,0.6,0.4,10,10,0.5,2,0,1,1,1
1146,2026-04-04 16:00:00,G2,BetBoom,1577.4537707155375,1541.3254773141114,36.12829340142616,0.5,0.7,10,10,0.6666666666666666,3,1,1,1,1
1528,2026-04-05 07:00:00,NRG,FUT,1477.7043143811459,1598.0628863608672,-120.35857197972132,0.3,0.6,10,10,0.5,0,0,1,1,0
295,2026-04-05 08:40:00,Astralis,B8,1626.9883180130228,1478.8021508480358,148.18616716498695,0.7,0.2,10,10,0.5,4,1,1,1,1
1476,2026-04-05 10:40:00,MIBR,BC.Game,1412.0902397040313,1385.7876498834105,26.302589820620824,0.3,0.2,10,10,0.5,0,1,1,1,0
1249,2026-04-05 11:45:00,PARIVISION,FOKUS,1665.6048774117357,1531.444641181962,134.16023622977377,0.5,1.0,10,2,0.5,0,1,1,1,0
712,2026-04-05 14:25:00,EYEBALLERS,The MongolZ,1516.7155458089214,1696.3757597445485,-179.6602139356271,0.5,0.6,6,10,0.5,0,0,1,1,0
2775,2026-04-05 18:00:00,FaZe,BIG,1484.9416791284912,1447.2491520962444,37.692527032246744,0.1,0.5,10,10,1.0,2,0,1,1,1
1358,2026-04-06 07:00:00,Legacy,MIBR,1508.9576448741857,1426.8812694295239,82.07637544466183,0.6,0.3,10,10,0.75,4,0,1,1,1
715,2026-04-06 10:10:00,EYEBALLERS,NRG,1508.322930138443,1467.0354606056005,41.28746953284258,0.42857142857142855,0.2,7,10,0.5,0,1,1,1,0
278,2026-04-06 10:10:00,3DMAX,B8,1477.4606560792352,1469.2406141993997,8.220041879835435,0.4,0.2,10,10,0.2,5,1,1,1,1
2619,2026-04-06 13:05:00,The MongolZ,Astralis,1704.7683754150269,1636.5498546616589,68.21852075336801,0.6,0.7,10,10,0.25,4,0,1,1,1
1246,2026-04-06 15:10:00,PARIVISION,FUT,1675.7163746087094,1608.7317401364126,66.98463447229688,0.5,0.6,10,10,1.0,1,0,1,1,1
716,2026-04-07 07:00:00,MIBR,EYEBALLERS,1446.5922489477546,1522.43047178817,-75.83822284041548,0.4,0.5,10,8,0.5,0,1,1,1,0
1346,2026-04-07 07:00:00,Legacy,NRG,1489.246665355955,1452.9279189558736,36.31874640008141,0.5,0.2,10,10,0.5,0,1,1,1,0
1465,2026-04-07 11:05:00,FOKUS,BC.Game,1521.3331439849883,1370.996620157918,150.33652382707032,0.6666666666666666,0.1,3,10,0.5,0,1,1,1,0
1264,2026-04-07 11:20:00,3DMAX,PARIVISION,1493.082179776916,1656.6692792787605,-163.58709950184448,0.4,0.5,10,10,1.0,1,1,1,1,1
711,2026-04-08 07:00:00,EYEBALLERS,FOKUS,1502.9924231472899,1530.8118957206123,-27.8194725733224,0.4444444444444444,0.75,9,4,0.5,0,1,1,1,0
247,2026-04-08 10:35:00,Legacy,B8,1503.58019088295,1453.6190905017188,49.96110038123129,0.5,0.2,10,10,0.0,3,0,1,1,1
2242,2026-04-09 07:00:00,MIBR,3DMAX,1466.0302975886348,1516.1042437327164,-50.073946144081674,0.5,0.5,10,10,0.25,4,0,1,1,1
713,2026-04-09 10:30:00,Astralis,EYEBALLERS,1655.651674431093,1520.2708262764277,135.38084815466527,0.7,0.5,10,10,0.5,0,1,1,1,0
254,2026-04-09 13:45:00,B8,FUT,1471.9041554314927,1627.7788354663614,-155.8746800348688,0.2,0.6,10,10,0.0,1,0,1,1,1
1271,2026-04-09 16:15:00,The MongolZ,PARIVISION,1685.6665556455928,1633.6472153229602,52.019340322632615,0.6,0.5,10,10,0.5,0,1,1,1,0
2207,2026-04-10 14:00:00,3DMAX,Astralis,1529.81408829548,1665.714636978464,-135.90054868298398,0.5,0.8,10,10,0.2,5,0,1,1,1
1518,2026-04-10 16:50:00,The MongolZ,FUT,1699.2887181380042,1637.04630370748,62.24241443052415,0.6,0.7,10,10,0.5,0,0,1,1,0
2199,2026-04-11 12:00:00,3DMAX,The MongolZ,1519.7717520514448,1680.4526248616858,-160.680872810241,0.4,0.6,10,10,0.4,10,0,1,1,1
1520,2026-04-11 14:00:00,Astralis,FUT,1675.756973222499,1655.8823969837986,19.874576238700456,0.9,0.7,10,10,0.6,5,0,1,1,1
1557,2026-04-13 13:00:00,Gentle Mates,G2,1457.1501444661274,1591.795972275655,-134.64582780952765,0.5,0.5,10,10,1.0,1,0,1,1,1
2489,2026-04-13 15:30:00,Liquid,Spirit,1451.5480804540396,1753.3983310697668,-301.8502506157272,0.2,0.6,10,10,0.2857142857142857,7,0,1,1,1
496,2026-04-13 16:15:00,3DMAX,Falcons,1510.6853626278107,1737.4916620223535,-226.80629939454275,0.4,0.6,10,10,0.2857142857142857,7,0,1,1,1
267,2026-04-13 18:00:00,B8,Natus Vincere,1462.636687190374,1743.1392321714227,-280.5025449810487,0.2,0.8,10,10,0.0,4,0,1,1,1
1310,2026-04-13 18:25:00,MOUZ,Legacy,1725.6532846799594,1485.2951259531762,240.35815872678313,0.6,0.4,10,10,1.0,1,1,1,1,1
1232,2026-04-13 20:45:00,Passion UA,FURIA,1395.1977601365008,1705.5216690896987,-310.3239089531978,0.3,0.4,10,10,0.5,0,0,1,1,0
642,2026-04-13 21:20:00,HOTU,Aurora,1437.819254684165,1621.3885249424543,-183.5692702582894,0.3,0.5,10,10,0.0,2,0,1,1,1
2607,2026-04-14 13:00:00,G2,Vitality,1601.8881460179803,1961.2617566431597,-359.3736106251795,0.5,1.0,10,10,0.4,10,0,1,1,1
2179,2026-04-14 16:10:00,Liquid,3DMAX,1446.760261448598,1503.8622036654817,-57.1019422168838,0.2,0.4,10,10,0.3333333333333333,3,0,1,1,1
553,2026-04-14 16:40:00,Spirit,Falcons,1758.1861500752084,1744.3148209846825,13.871329090525933,0.7,0.7,10,10,0.5714285714285714,7,0,1,1,1
237,2026-04-14 18:20:00,Passion UA,B8,1390.605165169252,1457.3267107447914,-66.7215455755395,0.2,0.2,10,10,0.0,1,0,1,1,1
1920,2026-04-14 18:25:00,FURIA,Natus Vincere,1710.1142640569476,1748.4492086170053,-38.33494456005769,0.5,0.9,10,10,0.5,8,1,1,1,1
651,2026-04-14 20:30:00,HOTU,Legacy,1429.5652148665506,1478.8813852282053,-49.31617036165471,0.3,0.4,10,10,0.5,0,1,1,1,0
826,2026-04-14 21:35:00,Aurora,MOUZ,1629.6425647600686,1732.0670254049303,-102.42446064486171,0.5,0.6,10,10,0.5,2,0,1,1,1
2191,2026-04-15 13:00:00,3DMAX,G2,1517.2559860875251,1598.2985660859617,-81.04257999843662,0.5,0.4,10,10,0.3333333333333333,9,0,1,1,1
658,2026-04-15 15:30:00,HOTU,Natus Vincere,1447.821177770351,1730.6909485423118,-282.86977077196093,0.4,0.8,10,10,0.0,1,0,1,1,1
229,2026-04-15 15:55:00,B8,Aurora,1470.2912933676118,1618.2273313626085,-147.9360379949967,0.3,0.4,10,10,0.0,2,0,1,1,1
2565,2026-04-15 18:00:00,G2,Spirit,1610.6326645374752,1741.5476909615004,-130.9150264240252,0.5,0.6,10,10,0.5833333333333334,12,0,1,1,1
582,2026-04-15 18:00:00,Falcons,Vitality,1760.9532800983905,1964.8513365751783,-203.89805647678781,0.7,1.0,10,10,0.3333333333333333,9,1,1,1,1
831,2026-04-15 20:30:00,Aurora,Natus Vincere,1627.7985244419049,1735.940848056293,-108.14232361438803,0.5,0.8,10,10,0.0,6,0,1,1,1
1776,2026-04-15 21:25:00,MOUZ,FURIA,1743.4822588023903,1727.872524131641,15.609734670749276,0.6,0.6,10,10,0.6666666666666666,9,0,1,1,1
1758,2026-04-17 15:00:00,Spirit,MOUZ,1751.7888352694508,1726.7638872497523,25.024948019698513,0.6,0.6,10,10,0.6428571428571429,14,1,1,1,1
1930,2026-04-17 18:15:00,Vitality,Natus Vincere,1940.4091333466529,1747.1155411003924,193.29359224626046,0.9,0.8,10,10,1.0,6,1,1,1,1
554,2026-04-18 15:00:00,Spirit,Falcons,1766.638382642445,1785.3954833269158,-18.757100684470743,0.6,0.7,10,10,0.5,8,1,1,1,1
2966,2026-04-18 18:15:00,Vitality,FURIA,1948.324980421383,1744.590895684279,203.734084737104,0.9,0.7,10,10,0.7142857142857143,7,1,1,1,1
567,2026-04-19 13:30:00,FURIA,Falcons,1737.0276486378486,1768.53252515566,-31.504876517811454,0.6,0.6,10,10,0.625,8,0,1,1,1
2849,2026-04-19 17:00:00,Vitality,Spirit,1955.8882274678135,1783.5013408137006,172.3868866541129,0.9,0.6,10,10,0.75,8,1,1,1,1
2870,2026-04-24 14:00:00,HEROIC,BIG,1462.4278850890826,1464.978179107934,-2.550294018851446,0.3,0.6,10,10,0.5454545454545454,11,1,1,1,1
746,2026-04-24 17:00:00,Monte,Ninjas in Pyjamas,1479.5306614884194,1437.9939394989658,41.536721989453554,0.5,0.3,10,10,1.0,2,1,1,1,1
1373,2026-04-24 19:15:00,Legacy,9z,1460.625422324405,1418.1675859159584,42.45783640844661,0.3,0.4,10,10,0.0,1,1,1,1,1
780,2026-04-25 15:35:00,HEROIC,Monte,1478.5453283595991,1493.6268861829117,-15.08155782331255,0.4,0.5,10,10,0.0,1,1,1,1,1
1649,2026-04-25 20:00:00,BIG,Ninjas in Pyjamas,1448.8607358374175,1423.8977148044735,24.96302103294397,0.6,0.3,10,10,0.0,1,0,1,1,1
1224,2026-04-26 03:00:00,Passion UA,NRG,1377.6405825464315,1438.5943934288784,-60.95381088244699,0.2,0.2,10,10,0.0,1,1,1,1,1
747,2026-04-26 11:30:00,Ninjas in Pyjamas,Monte,1441.045330296283,1476.9327906788205,-35.88746038253748,0.4,0.4,10,10,0.0,3,0,1,1,1
781,2026-04-26 16:00:00,HEROIC,Monte,1495.2394238636903,1491.285964730326,3.9534591333642766,0.5,0.5,10,10,0.5,2,0,1,1,1
210,2026-04-26 16:20:00,SINNERS,Gentle Mates,1506.0064572474203,1447.057970723802,58.94848652361816,0.6,0.5,5,10,0.5,0,1,1,1,0
1374,2026-04-26 19:00:00,Legacy,9z,1474.6798419698625,1404.1131662705009,70.56667569936167,0.3,0.3,10,10,0.5,2,1,1,1,1
1537,2026-04-29 15:05:00,Vitality,FUT,1964.5426399615953,1672.7966580290122,291.74598193258316,0.9,0.8,10,10,0.5,0,1,1,1,0
2539,2026-04-29 18:05:00,G2,Astralis,1600.3915202295248,1658.8427121772854,-58.45119194776066,0.5,0.8,10,10,1.0,1,1,1,1,1
1886,2026-04-29 20:15:00,FaZe,Natus Vincere,1467.2126521168016,1739.1996940256622,-271.98704190886065,0.1,0.7,10,10,0.45454545454545453,11,0,1,1,1
2974,2026-04-29 22:35:00,FURIA,GamerLegion,1722.4745382790384,1481.7427688788366,240.73176940020176,0.5,0.5,10,10,0.3333333333333333,3,0,1,1,1
1523,2026-04-30 15:00:00,FUT,Astralis,1667.7671655398535,1640.176046510099,27.59111902975451,0.7,0.7,10,10,0.5,6,0,1,1,1
2608,2026-04-30 16:55:00,G2,Vitality,1619.0581858967112,1969.572132450754,-350.51394655404283,0.6,0.9,10,10,0.36363636363636365,11,0,1,1,1
1204,2026-04-30 17:30:00,Passion UA,FOKUS,1396.4191604038238,1513.5334925914744,-117.11433218765069,0.3,0.6,10,5,0.5,0,0,1,1,0
2779,2026-04-30 20:20:00,FURIA,FaZe,1696.877256930433,1461.6820074232837,235.19524950714936,0.5,0.1,10,10,0.3333333333333333,3,0,1,1,1
1939,2026-04-30 23:10:00,GamerLegion,Natus Vincere,1507.340050227442,1744.73033871918,-237.39028849173815,0.5,0.7,10,10,0.0,1,0,1,1,1
2551,2026-05-01 19:30:00,G2,FaZe,1615.3028289404483,1487.1144972321579,128.18833170829043,0.6,0.2,10,10,0.6363636363636364,11,0,1,1,1
2749,2026-05-01 23:45:00,Astralis,GamerLegion,1657.4440001577027,1500.8382478907204,156.60575226698234,0.7,0.5,10,10,0.5,4,0,1,1,1
1543,2026-05-02 09:00:00,FOKUS,Gentle Mates,1524.3355730694716,1433.7468961814761,90.58867688799546,0.6666666666666666,0.4,6,10,0.5,0,0,1,1,0
1887,2026-05-02 17:30:00,FaZe,Natus Vincere,1508.7637438936702,1751.2321410559016,-242.46839716223144,0.3,0.7,10,10,0.4166666666666667,12,0,1,1,1
3019,2026-05-02 20:05:00,GamerLegion,Vitality,1523.598461168838,1973.3274894070169,-449.7290282381789,0.5,0.9,10,10,0.0,8,0,1,1,1
1540,2026-05-03 12:00:00,magic,Gentle Mates,1500.0,1453.8266247330764,46.173375266923586,0.5,0.5,0,10,0.5,0,1,0,1,0
1933,2026-05-03 17:30:00,Natus Vincere,Vitality,1757.5838130910554,1975.562995854505,-217.97918276344967,0.7,0.9,10,10,0.0,7,0,1,1,1
891,2026-05-09 05:00:00,HEROIC,Aurora,1479.0573681998783,1616.6238313978054,-137.56646319792708,0.4,0.4,10,10,0.42857142857142855,7,1,1,1,1
1576,2026-05-09 06:50:00,magic,The MongolZ,1513.8860681308631,1689.5390142853198,-175.65294615445669,1.0,0.6,1,10,0.5,0,0,1,1,0
1550,2026-05-09 07:05:00,MOUZ,Gentle Mates,1711.914339876758,1439.9405566022133,271.97378327454476,0.5,0.4,10,10,1.0,1,1,1,1,1
1296,2026-05-09 11:40:00,9z,PARIVISION,1391.3189206988918,1620.0250528305487,-228.7061321316569,0.3,0.5,10,10,0.5,0,1,1,1,0
787,2026-05-09 12:30:00,Monte,FURIA,1507.468020394138,1671.444767121559,-163.97674672742096,0.6,0.4,10,10,1.0,1,0,1,1,1
1709,2026-05-10 05:00:00,MOUZ,G2,1717.4453337383106,1593.653582278936,123.79175145937461,0.5,0.6,10,10,0.7,10,1,1,1,1
2632,2026-05-10 08:40:00,Spirit,The MongolZ,1774.8469283199188,1698.0752344750538,76.77169384486501,0.6,0.7,10,10,0.625,8,1,1,1,1
2879,2026-05-10 11:20:00,HEROIC,FURIA,1501.0809950929427,1680.4082226449746,-179.3272275520319,0.4,0.5,10,10,0.2,5,0,1,1,1
744,2026-05-10 11:50:00,Monte,magic,1498.5045648707223,1505.3498479411292,-6.845283070406822,0.6,0.5,10,2,0.5,0,1,1,1,0
594,2026-05-10 13:10:00,Falcons,9z,1783.0856355144704,1416.554287024932,366.53134848953846,0.7,0.4,10,10,0.5,2,0,1,1,1
806,2026-05-11 05:00:00,Aurora,PARIVISION,1594.600204504741,1594.7896865045086,-0.18948199976762226,0.3,0.4,10,10,0.0,2,1,1,1,1
1560,2026-05-11 05:00:00,Gentle Mates,HEROIC,1434.4095627406607,1492.6765060192981,-58.26694327863743,0.3,0.4,10,10,1.0,1,1,1,1,1
2534,2026-05-11 06:55:00,G2,The MongolZ,1583.124813794853,1685.5542624242169,-102.42944862936383,0.5,0.6,10,10,0.3,10,0,1,1,1
434,2026-05-11 07:25:00,Monte,Falcons,1514.8197610225013,1754.5459872445515,-239.72622622205017,0.7,0.6,10,10,0.0,2,0,1,1,1
1809,2026-05-11 10:00:00,MOUZ,9z,1727.9741022223936,1445.0939352948508,282.88016692754286,0.5,0.5,10,10,0.0,2,0,1,1,1
2831,2026-05-11 13:10:00,FURIA,Spirit,1688.812711718619,1787.3679003707557,-98.55518865213662,0.5,0.6,10,10,0.375,8,0,1,1,1
235,2026-05-11 15:30:00,B8,BetBoom,1460.7201002883155,1526.983275753994,-66.26317546567839,0.3,0.7,10,10,1.0,1,0,1,1,1
1993,2026-05-11 15:30:00,FaZe,paiN,1502.4120718585164,1470.7725125274403,31.639559331076043,0.3,0.4,10,10,0.7142857142857143,7,0,1,1,1
1529,2026-05-11 18:35:00,NRG,FUT,1419.8158155714862,1650.4992118922498,-230.68339632076368,0.1,0.6,10,10,0.0,1,0,1,1,1
217,2026-05-11 21:00:00,SINNERS,GamerLegion,1519.3175317897462,1521.3629547213498,-2.0454229316035253,0.6666666666666666,0.5,6,10,0.5,0,0,1,1,0
2471,2026-05-11 23:00:00,Liquid,Astralis,1433.3664790265545,1634.683786879585,-201.31730785303057,0.2,0.7,10,10,0.6666666666666666,3,0,1,1,1
1030,2026-05-12 00:25:00,M80,Legacy,1470.044924149927,1487.4740875414716,-17.429163391544535,0.5,0.3,10,10,1.0,1,0,1,1,1
823,2026-05-12 05:00:00,Aurora,MOUZ,1610.608930472437,1701.223739105266,-90.61480863282918,0.4,0.4,10,10,0.3333333333333333,3,0,1,1,1
1579,2026-05-12 05:00:00,HEROIC,magic,1474.0180903520038,1489.0346517893502,-15.016561437346354,0.4,0.3333333333333333,10,3,0.5,0,0,1,1,0
525,2026-05-12 07:45:00,The MongolZ,Falcons,1696.9692849783935,1760.978403272638,-64.00911829424444,0.6,0.7,10,10,0.5,4,0,1,1,1
1270,2026-05-12 11:20:00,PARIVISION,G2,1578.7809605368127,1571.7097912406764,7.071169296136304,0.3,0.4,10,10,1.0,1,0,1,1,1
1564,2026-05-12 11:25:00,FURIA,Gentle Mates,1677.2334058040074,1453.067978407955,224.16542739605234,0.5,0.3,10,10,0.5,0,1,1,1,0
2755,2026-05-12 15:30:00,NRG,FaZe,1413.111701401457,1484.9590307816188,-71.84732938016191,0.1,0.2,10,10,0.5,0,0,1,1,0
1505,2026-05-12 18:00:00,FUT,paiN,1657.203326062279,1488.2255536043378,168.97777245794123,0.6,0.5,10,10,1.0,1,0,1,1,1
1187,2026-05-12 18:00:00,BetBoom,Vitality,1539.968212453793,1982.6629073349754,-442.6946948811824,0.7,0.9,10,10,0.3333333333333333,3,1,1,1,1
1937,2026-05-12 21:10:00,GamerLegion,Natus Vincere,1537.2687606025524,1750.483901610585,-213.21514100803256,0.5,0.6,10,10,0.0,2,0,1,1,1
1340,2026-05-13 00:00:00,Legacy,Astralis,1502.6721175233406,1642.3276799405069,-139.65556241716627,0.4,0.7,10,10,0.4,5,1,1,1,1
1062,2026-05-13 01:15:00,M80,Liquid,1454.846894168058,1425.7225859656328,29.124308202425254,0.5,0.2,10,10,0.6666666666666666,6,0,1,1,1
1539,2026-05-13 05:00:00,magic,Gentle Mates,1504.3435438707409,1446.1628543621816,58.180689508559226,0.5,0.2,4,10,1.0,1,1,1,1,1
769,2026-05-13 07:30:00,G2,Monte,1588.0353856659458,1508.387344994415,79.64804067153091,0.4,0.6,10,10,1.0,1,1,1,1,1
863,2026-05-13 10:00:00,Aurora,The MongolZ,1598.6897841723699,1683.8841100391826,-85.19432586681273,0.3,0.6,10,10,0.3,10,1,1,1,1
255,2026-05-13 15:30:00,B8,FUT,1447.7351635885163,1633.9822004737555,-186.24703688523914,0.3,0.6,10,10,0.0,2,1,1,1,1
2799,2026-05-13 15:30:00,FaZe,Vitality,1497.6967096473413,1952.9840926525908,-455.28738300524947,0.3,0.8,10,10,0.2857142857142857,14,0,1,1,1
213,2026-05-13 18:00:00,SINNERS,Astralis,1503.4117259085435,1620.2216697677509,-116.80994385920735,0.5714285714285714,0.6,7,10,0.5,0,0,1,1,0
2525,2026-05-13 18:00:00,Liquid,GamerLegion,1443.0606771882167,1530.016186433993,-86.95550924577628,0.2,0.4,10,10,0.75,4,0,1,1,1
1124,2026-05-13 20:30:00,paiN,BetBoom,1511.4466791928614,1569.6470271361777,-58.200347943316274,0.5,0.8,10,10,1.0,2,0,1,1,1
330,2026-05-13 20:35:00,B8,Vitality,1471.5751845838945,1955.153976499831,-483.57879191593656,0.4,0.8,10,10,0.0,1,0,1,1,1
2748,2026-05-13 23:00:00,Astralis,GamerLegion,1631.0362919881677,1542.0933058187459,88.94298616942183,0.6,0.5,10,10,0.4,5,0,1,1,1
1312,2026-05-13 23:40:00,Legacy,Natus Vincere,1524.7781276960966,1757.7364757791445,-232.9583480830479,0.5,0.7,10,10,1.0,1,1,1,1,1
824,2026-05-15 05:05:00,Aurora,MOUZ,1618.536340605491,1713.1428854053331,-94.60654479984214,0.4,0.5,10,10,0.25,4,0,1,1,1
2563,2026-05-15 08:20:00,Spirit,G2,1798.9472062853674,1600.4303894052912,198.51681688007625,0.7,0.4,10,10,0.46153846153846156,13,1,1,1,1
1580,2026-05-15 11:25:00,magic,9z,1517.6889908403102,1471.8442984119783,45.84469242833188,0.6,0.6,5,10,0.5,0,1,1,1,0
565,2026-05-15 15:40:00,FURIA,Falcons,1684.1385298497808,1774.0635782118488,-89.92504836206808,0.5,0.7,10,10,0.5555555555555556,9,0,1,1,1
2056,2026-05-15 17:15:00,GamerLegion,paiN,1562.1020897423546,1498.1021126000098,63.99997714234473,0.5,0.5,10,10,0.4,5,1,1,1,1
1931,2026-05-15 21:30:00,Natus Vincere,Vitality,1732.371452397878,1957.0167348571085,-224.64528245923043,0.6,0.9,10,10,0.0,8,1,1,1,1
1756,2026-05-16 10:00:00,Spirit,MOUZ,1806.6852850536156,1724.890673444118,81.79461160949768,0.7,0.6,10,10,0.6666666666666666,15,1,1,1,1
459,2026-05-16 13:00:00,Falcons,magic,1786.0124377928769,1531.589933010514,254.42250478236292,0.7,0.6666666666666666,10,6,0.5,0,1,1,1,0
1371,2026-05-16 17:15:00,GamerLegion,Legacy,1575.187671677985,1550.143151077363,25.044520600622036,0.6,0.6,10,10,1.0,2,1,1,1,1
1122,2026-05-16 21:05:00,Natus Vincere,BetBoom,1757.4812745676707,1582.9915937290293,174.48968083864133,0.7,0.8,10,10,1.0,1,1,1,1,1
1572,2026-05-17 08:00:00,magic,MOUZ,1525.581331689545,1712.5893729714412,-187.0080412818961,0.5714285714285714,0.6,7,10,0.5,0,0,1,1,0
552,2026-05-17 11:00:00,Falcons,Spirit,1792.0210391138457,1818.9865855262924,-26.965546412446656,0.8,0.8,10,10,0.4444444444444444,9,0,1,1,1
1100,2026-05-17 14:55:00,Legacy,BetBoom,1535.2945003913392,1574.4133951959036,-39.118894804564434,0.6,0.7,10,10,0.0,1,1,1,1,1
1938,2026-05-17 18:25:00,Natus Vincere,GamerLegion,1766.0594731007964,1590.0363223640088,176.02315073678756,0.7,0.7,10,10,1.0,3,1,1,1,1
2245,2026-05-20 03:15:00,MIBR,3DMAX,1452.3204530258713,1504.9218876360117,-52.60143461014036,0.5,0.4,10,10,0.2,5,1,1,1,1
1267,2026-05-20 03:15:00,Liquid,PARIVISION,1430.9835578034638,1562.4553661115433,-131.47180830807952,0.2,0.3,10,10,0.0,1,0,1,1,1
261,2026-05-20 04:25:00,B8,Ninjas in Pyjamas,1469.712426226617,1426.6921562447776,43.02026998183942,0.3,0.3,10,10,0.5,2,1,1,1,1
1672,2026-05-20 05:15:00,MOUZ,TYLOO,1720.7227495037698,1451.5997962550061,269.1229532487637,0.6,0.3,10,10,0.5,0,0,1,1,0
1347,2026-05-20 05:35:00,Legacy,NRG,1553.088417833081,1400.3740225357344,152.71439529734653,0.6,0.1,10,10,1.0,1,1,1,1,1
1045,2026-05-20 06:45:00,paiN,M80,1485.0165306643794,1437.5088029454741,47.507727718905244,0.4,0.5,10,10,0.0,1,0,1,1,1
1290,2026-05-20 07:50:00,MIBR,PARIVISION,1470.7244983592047,1572.6742042729218,-101.94970591371703,0.6,0.3,10,10,0.5,0,1,1,1,0
291,2026-05-20 08:00:00,The MongolZ,B8,1664.0375536060615,1483.7413328725493,180.2962207335122,0.5,0.4,10,10,1.0,2,0,1,1,1
441,2026-05-20 10:40:00,M80,Falcons,1455.683080448123,1777.260360944826,-321.577280496703,0.5,0.7,10,10,0.0,1,0,1,1,1
1318,2026-05-20 11:20:00,TYLOO,Legacy,1477.9933199404059,1562.4761109273209,-84.482790986915,0.4,0.7,10,10,0.5,0,0,1,1,0
2180,2026-05-21 03:00:00,Liquid,3DMAX,1420.7647196420853,1486.5178423026782,-65.75312266059291,0.2,0.4,10,10,0.25,4,1,1,1,1
1743,2026-05-21 03:00:00,MOUZ,NRG,1694.32922581837,1390.9863294414945,303.3428963768756,0.5,0.1,10,10,1.0,1,1,1,1,1
2468,2026-05-21 09:25:00,The MongolZ,Liquid,1640.407521041344,1439.7571219814542,200.65039905988965,0.4,0.3,10,10,1.0,8,1,1,1,1
1040,2026-05-21 09:35:00,MOUZ,M80,1699.0821665196195,1451.3394577822262,247.7427087373933,0.6,0.5,10,10,1.0,1,1,1,1,1
1942,2026-05-21 12:50:00,paiN,TYLOO,1466.8422531617305,1465.8089876689091,1.0332654928213287,0.3,0.4,10,10,1.0,2,1,1,1,1
454,2026-05-22 03:00:00,Legacy,Falcons,1574.6604431988176,1781.603983610723,-206.94354041190536,0.8,0.7,10,10,0.0,1,0,1,1,1
325,2026-05-22 03:00:00,B8,MIBR,1507.3713654372668,1491.2891890362152,16.082176401051584,0.5,0.7,10,10,0.5,0,0,1,1,0
1671,2026-05-22 05:15:00,paiN,MOUZ,1482.7946696675976,1705.2806846736848,-222.4860150060872,0.4,0.7,10,10,0.0,5,0,1,1,1
1272,2026-05-22 05:55:00,PARIVISION,The MongolZ,1552.1095135959113,1648.0737719345432,-95.96425833863191,0.3,0.5,10,10,0.0,1,0,1,1,1
265,2026-05-22 08:45:00,MOUZ,B8,1712.2383028981887,1490.6312823361873,221.60702056200148,0.7,0.4,10,10,1.0,2,1,1,1,1
1336,2026-05-22 09:10:00,Legacy,The MongolZ,1567.2033819191906,1659.7635116845397,-92.56012976534907,0.8,0.5,10,10,0.0,1,1,1,1,1
473,2026-05-23 05:00:00,Falcons,MOUZ,1789.0610448903499,1719.223510922274,69.83753396807583,0.7,0.7,10,10,0.5,14,1,1,1,1
1360,2026-05-23 09:25:00,Legacy,MIBR,1587.3678729290737,1508.0292721372948,79.33860079177884,0.8,0.7,10,10,0.6,5,1,1,1,1
707,2026-05-23 18:35:00,EYEBALLERS,Alliance,1510.2078637290567,1519.2198214902055,-9.011957761148778,0.4,0.6,10,10,0.5,2,1,1,1,1
1781,2026-05-24 03:00:00,MOUZ,MIBR,1706.3970215860747,1495.6207388753242,210.7762827107506,0.7,0.6,10,10,1.0,1,1,1,1,1
455,2026-05-24 06:15:00,Legacy,Falcons,1599.7764061910443,1801.8875342265492,-202.11112803550486,0.8,0.8,10,10,0.0,2,1,1,1,1
708,2026-05-24 16:30:00,EYEBALLERS,Alliance,1526.6227866710392,1502.804898548223,23.817888122816157,0.5,0.5,10,10,0.6666666666666666,3,0,1,1,1
1574,2026-05-27 10:00:00,magic,3DMAX,1517.4479551572165,1467.5254399633093,49.9225151939072,0.5,0.4,8,10,0.5,0,1,1,1,0
1644,2026-05-27 12:50:00,Ninjas in Pyjamas,HEROIC,1412.6632495988454,1458.7091982706131,-46.045948671767746,0.3,0.4,10,10,0.42857142857142855,7,1,1,1,1
1380,2026-05-27 14:50:00,Alliance,FaZe,1519.9000378078947,1495.526825800101,24.373212007793654,0.6,0.3,10,10,0.5,0,0,1,1,0
1378,2026-05-28 10:00:00,Alliance,3DMAX,1502.7794475536405,1453.8087641948787,48.97068335876179,0.5,0.3,10,10,0.5,0,1,1,1,0
2899,2026-05-28 13:45:00,9z,HEROIC,1457.9433562417746,1440.6010324573347,17.34232378443994,0.6,0.4,10,10,0.5,0,1,1,1,0
1578,2026-05-28 17:35:00,FaZe,magic,1512.6474160543553,1531.164630925647,-18.5172148712918,0.4,0.5555555555555556,10,9,0.5,0,0,1,1,0
2806,2026-05-29 10:00:00,9z,FaZe,1473.145375338153,1497.4993588030559,-24.353983464902967,0.6,0.4,10,10,0.5,0,0,1,1,0
1569,2026-05-29 16:45:00,magic,Ninjas in Pyjamas,1546.3126881769465,1430.7714154121238,115.54127276482268,0.6,0.3,10,10,0.5,0,1,1,1,0
1632,2026-05-30 13:00:00,FaZe,Ninjas in Pyjamas,1512.3796497157812,1419.904443437118,92.47520627866311,0.5,0.3,10,10,0.6666666666666666,6,0,1,1,1
1570,2026-05-30 16:00:00,magic,Ninjas in Pyjamas,1557.1796601519522,1440.0652882900304,117.11437186192188,0.6,0.4,10,10,1.0,1,0,1,1,1
1088,2026-06-02 10:30:00,M80,Lynn Vision,1445.1409396281608,1394.8938366100192,50.247103018141615,0.5,0.2,10,10,0.5,0,1,1,1,0
276,2026-06-02 12:00:00,B8,TYLOO,1483.646074312102,1449.856571163042,33.78950314906001,0.4,0.3,10,10,0.0,1,1,1,1,1
2811,2026-06-02 13:05:00,GamerLegion,NRG,1581.5134341683765,1386.2333887402451,195.28004542813142,0.6,0.1,10,10,0.0,1,1,1,1,1
2498,2026-06-02 14:25:00,BIG,Liquid,1431.7131203456079,1432.090871088255,-0.37775074264709474,0.5,0.2,10,10,0.5,0,0,1,1,0
2883,2026-06-02 15:30:00,HEROIC,Lynn Vision,1425.3990133609564,1381.1918022870411,44.20721107391523,0.3,0.2,10,10,1.0,1,0,1,1,1
214,2026-06-02 16:45:00,SINNERS,NRG,1492.5971036881267,1378.3854706811837,114.21163300694298,0.5,0.0,8,10,0.5,0,0,1,1,0
2107,2026-06-02 16:45:00,MIBR,TYLOO,1488.2891191904837,1435.407747849143,52.88137134134058,0.6,0.3,10,10,1.0,1,1,1,1,1
1143,2026-06-02 19:30:00,BetBoom,Liquid,1556.6194777541618,1448.0734750305319,108.54600272362995,0.6,0.3,10,10,0.0,1,1,1,1,1
2511,2026-06-03 13:40:00,Liquid,MIBR,1436.9156753707136,1501.872474861067,-64.95679949035343,0.3,0.7,10,10,1.0,2,0,1,1,1
211,2026-06-03 14:40:00,SINNERS,TYLOO,1471.519072967259,1421.8243921785597,49.694680788699316,0.4444444444444444,0.3,9,10,0.5,0,0,1,1,0
1195,2026-06-03 14:50:00,BetBoom,GamerLegion,1567.77727741398,1589.361352227438,-21.584074813457846,0.6,0.7,10,10,0.8,5,1,1,1,1
233,2026-06-03 17:00:00,M80,B8,1458.842973951139,1498.0948976260008,-39.25192367486193,0.5,0.5,10,10,1.0,1,0,1,1,1
2927,2026-06-04 14:30:00,BIG,GamerLegion,1415.730516403331,1572.3686456002793,-156.63812919694828,0.5,0.6,10,10,0.6666666666666666,3,0,1,1,1
2978,2026-06-04 15:05:00,MIBR,Lynn Vision,1514.9154769440731,1399.2167038803018,115.69877306377134,0.7,0.3,10,10,0.5,0,1,1,1,0
2497,2026-06-04 17:00:00,HEROIC,Liquid,1407.3741117676957,1423.8726732877076,-16.49856152001189,0.3,0.3,10,10,0.4,5,0,1,1,1
1077,2026-06-04 17:00:00,NRG,M80,1399.4635014020514,1444.6429403271147,-45.17943892506332,0.1,0.4,10,10,0.0,1,0,1,1,1
2104,2026-06-05 12:00:00,Lynn Vision,TYLOO,1388.356237607683,1440.0974369657197,-51.74119935803674,0.2,0.4,10,10,0.6,10,0,1,1,1
2808,2026-06-05 17:00:00,NRG,BIG,1385.5324429279674,1406.4919544740617,-20.95951154609429,0.1,0.4,10,10,0.5,0,0,1,1,0
2752,2026-06-06 10:30:00,Astralis,GamerLegion,1611.027508064559,1581.6072075295485,29.420300535010483,0.5,0.7,10,10,0.3333333333333333,6,1,1,1,1
258,2026-06-06 11:30:00,FUT,B8,1610.1421794783773,1512.294931250025,97.84724822835233,0.6,0.5,10,10,0.6666666666666666,3,1,1,1,1
1943,2026-06-06 11:40:00,paiN,TYLOO,1475.8370514430937,1453.7321269093238,22.104924533769918,0.3,0.4,10,10,1.0,3,0,1,1,1
1070,2026-06-06 12:40:00,G2,M80,1592.692310637043,1458.5739988011987,134.11831183584422,0.4,0.5,10,10,0.8,5,1,1,1,1
783,2026-06-06 12:45:00,BIG,Monte,1421.5279024938845,1495.9923412550695,-74.46443876118497,0.5,0.5,10,10,0.0,1,0,1,1,1
1156,2026-06-06 13:50:00,Spirit,BetBoom,1833.747263695312,1584.7699840411387,248.97727965417334,0.8,0.7,10,10,0.5,0,1,1,1,0
1364,2026-06-06 14:00:00,Legacy,MIBR,1624.1590672347456,1525.775943216692,98.38312401805365,0.8,0.7,10,10,0.6666666666666666,6,0,1,1,1
1507,2026-06-06 15:30:00,FUT,TYLOO,1621.751615413283,1470.7487249787787,151.00289043450425,0.6,0.5,10,10,0.5,0,1,1,1,0
2754,2026-06-06 15:50:00,Astralis,9z,1625.6758821950646,1458.2650844254276,167.41079776963693,0.5,0.6,10,10,1.0,1,0,1,1,1
770,2026-06-06 16:40:00,G2,Monte,1602.8054770914523,1508.614687596264,94.19078949518826,0.4,0.5,10,10,1.0,2,1,1,1,1
2007,2026-06-06 16:55:00,BIG,paiN,1408.90555615269,1458.8204533736389,-49.91489722094889,0.4,0.3,10,10,0.0,2,1,1,1,1
1196,2026-06-06 18:30:00,BetBoom,GamerLegion,1578.6069070635588,1566.958833399043,11.648073664515778,0.6,0.6,10,10,0.8333333333333334,6,1,1,1,1
234,2026-06-06 19:15:00,B8,M80,1500.6854953151194,1448.4608323467894,52.224662968329994,0.5,0.4,10,10,0.5,2,0,1,1,1
2838,2026-06-06 19:40:00,Spirit,MIBR,1839.910340672892,1546.1893173244248,293.72102334846727,0.9,0.7,10,10,0.75,4,1,1,1,1
2086,2026-06-07 12:30:00,Astralis,TYLOO,1602.5123366201888,1461.295542767933,141.2167938522557,0.4,0.4,10,10,0.0,3,0,1,1,1
738,2026-06-07 12:30:00,Monte,Legacy,1496.8490999668318,1603.7456931270128,-106.89659316018106,0.5,0.7,10,10,0.0,1,1,1,1,1
2919,2026-06-07 13:30:00,MIBR,BIG,1541.2078314507419,1427.188536707204,114.01929474353778,0.7,0.4,10,10,1.0,2,0,1,1,1
1025,2026-06-07 14:25:00,BetBoom,M80,1594.0706943308087,1466.8479156617952,127.22277866901345,0.6,0.4,10,10,1.0,2,1,1,1,1
333,2026-06-07 15:20:00,B8,GamerLegion,1482.2984120001136,1551.495046131793,-69.1966341316795,0.5,0.6,10,10,0.0,1,1,1,1,1
2858,2026-06-07 17:00:00,Spirit,9z,1844.891826546575,1481.4286300003034,363.46319654627155,0.9,0.6,10,10,0.5,2,1,1,1,1
1517,2026-06-07 18:45:00,FUT,G2,1631.2047976241286,1614.5710647208846,16.63373290324398,0.6,0.5,10,10,0.5,2,1,1,1,1
327,2026-06-08 12:00:00,MIBR,B8,1520.1377674334883,1501.4435589067534,18.694208526734883,0.6,0.5,10,10,1.0,1,0,1,1,1
1986,2026-06-08 12:00:00,paiN,Astralis,1440.5374728191248,1580.345005650053,-139.80753283092827,0.3,0.4,10,10,0.3333333333333333,6,1,1,1,1
732,2026-06-08 14:30:00,Monte,BetBoom,1517.6222003939995,1604.4604079284109,-86.83820753441137,0.5,0.7,10,10,0.0,1,0,1,1,1
2114,2026-06-08 15:00:00,9z,TYLOO,1477.9133929412544,1483.4628737380688,-5.5494807968143505,0.5,0.5,10,10,0.5,0,1,1,1,0
1031,2026-06-08 17:15:00,Legacy,M80,1582.972592699845,1456.458202064193,126.51439063565203,0.6,0.4,10,10,0.5,2,1,1,1,1
2579,2026-06-08 17:25:00,BIG,G2,1448.2586007244577,1599.33649171062,-151.0778909861624,0.5,0.4,10,10,0.0,4,0,1,1,1
752,2026-06-09 12:00:00,paiN,Monte,1462.6494612418953,1505.5400033740666,-42.89054213217128,0.4,0.5,10,10,1.0,2,0,1,1,1
1319,2026-06-09 14:30:00,Legacy,TYLOO,1593.3909382543497,1467.20733243438,126.18360581996967,0.7,0.4,10,10,1.0,1,1,1,1,1
314,2026-06-09 17:00:00,BIG,B8,1438.8082938926043,1518.303629184177,-79.4953352915727,0.4,0.6,10,10,1.0,2,0,1,1,1
1297,2026-06-11 09:00:00,PARIVISION,9z,1540.4197738459147,1494.168934244943,46.25083960097163,0.2,0.6,10,10,0.0,1,0,1,1,1
1148,2026-06-11 09:00:00,The MongolZ,BetBoom,1639.5990206746567,1616.5426049483438,23.056415726312935,0.5,0.7,10,10,0.5,0,0,1,1,0
1311,2026-06-11 12:10:00,Legacy,MOUZ,1603.822667592703,1713.7286412709152,-109.90597367821215,0.7,0.7,10,10,0.0,2,0,1,1,1
1538,2026-06-11 12:10:00,Vitality,FUT,1931.906912687316,1646.439370634393,285.4675420529229,0.8,0.6,10,10,1.0,1,1,1,1,1
318,2026-06-11 14:10:00,FURIA,B8,1672.1896702687527,1530.7053089256294,141.48436134312328,0.4,0.6,10,10,0.75,4,1,1,1,1
520,2026-06-11 15:05:00,Falcons,G2,1777.5048731828479,1608.7867985424734,168.71807464037443,0.7,0.5,10,10,0.5,6,1,1,1,1
728,2026-06-11 16:30:00,Aurora,Monte,1606.7885525667061,1519.5747938107766,87.21375875592958,0.4,0.5,10,10,0.2,5,1,1,1,1
1901,2026-06-11 18:40:00,Natus Vincere,Spirit,1774.5823612964286,1848.407063605624,-73.82470230919535,0.7,0.9,10,10,0.15384615384615385,13,0,1,1,1
292,2026-06-12 09:00:00,B8,The MongolZ,1520.883127949525,1622.538789410274,-101.65566146074889,0.5,0.4,10,10,0.3333333333333333,3,0,1,1,1
1778,2026-06-12 09:00:00,FURIA,MOUZ,1682.011851244857,1724.829615714915,-42.81776447005791,0.4,0.7,10,10,0.4,10,1,1,1,1
736,2026-06-12 11:30:00,PARIVISION,Monte,1522.3023369871908,1507.5088503000454,14.793486687145332,0.1,0.4,10,10,0.0,1,0,1,1,1
1515,2026-06-12 12:10:00,FUT,G2,1641.2547689439418,1599.9983974291194,41.256371514822376,0.5,0.5,10,10,0.6666666666666666,3,0,1,1,1
1314,2026-06-12 14:40:00,Legacy,Natus Vincere,1592.7216931487033,1761.931856005453,-169.21016285674978,0.6,0.7,10,10,1.0,2,0,1,1,1
446,2026-06-12 15:10:00,BetBoom,Falcons,1633.6028362127265,1786.2932742962016,-152.6904380834751,0.7,0.8,10,10,0.25,4,1,1,1,1
3023,2026-06-12 16:45:00,Vitality,9z,1937.0915143777672,1512.286371103667,424.80514327410015,0.8,0.7,10,10,0.6666666666666666,3,0,1,1,1
883,2026-06-12 17:25:00,Aurora,Spirit,1618.8544960774373,1861.0575688965996,-242.20307281916234,0.5,0.9,10,10,0.0,2,0,1,1,1
1865,2026-06-13 09:00:00,Natus Vincere,The MongolZ,1770.7022109022482,1633.9865408301328,136.71567007211547,0.7,0.4,10,10,0.7,10,1,1,1,1
256,2026-06-13 09:00:00,B8,FUT,1509.4353765296662,1623.3637226901885,-113.92834616052232,0.5,0.4,10,10,0.25,4,0,1,1,1
435,2026-06-13 12:15:00,Falcons,Monte,1763.681882257855,1524.1897041305185,239.4921781273365,0.7,0.5,10,10,1.0,3,1,1,1,1
854,2026-06-13 12:20:00,Aurora,G2,1612.4950449325618,1617.8894436828728,-5.394398750310984,0.4,0.6,10,10,0.6666666666666666,3,1,1,1,1
1800,2026-06-13 14:35:00,Vitality,MOUZ,1907.6443920355784,1706.8677072100181,200.77668482556032,0.7,0.7,10,10,0.7647058823529411,17,1,1,1,1
1239,2026-06-13 15:45:00,Legacy,PARIVISION,1583.951338251908,1505.6214831567177,78.3298550951904,0.5,0.1,10,10,0.3333333333333333,3,1,1,1,1
1177,2026-06-13 17:40:00,FURIA,BetBoom,1699.973759749754,1656.214228251073,43.75953149868087,0.5,0.7,10,10,0.5,2,1,1,1,1
2857,2026-06-13 18:55:00,Spirit,9z,1867.417020041475,1541.7334934458559,325.68352659561924,1.0,0.7,10,10,0.6666666666666666,3,1,1,1,1
1501,2026-06-14 12:00:00,MOUZ,FUT,1699.2056934288028,1634.2974267618806,64.90826666692215,0.6,0.5,10,10,0.5,2,0,1,1,1
771,2026-06-14 12:00:00,The MongolZ,Monte,1623.9765095213336,1517.750361032718,106.22614848861554,0.4,0.4,10,10,0.5,0,1,1,1,0
1188,2026-06-14 15:20:00,Vitality,BetBoom,1915.3064058167938,1642.2188403434748,273.08756547331905,0.7,0.7,10,10,0.5,4,1,1,1,1
927,2026-06-14 15:20:00,9z,Aurora,1537.4778448456846,1628.7434462154067,-91.26560136972216,0.6,0.5,10,10,0.5,0,0,1,1,0
1334,2026-06-14 17:00:00,Legacy,G2,1596.4040139932563,1601.6410424000278,-5.237028406771515,0.6,0.6,10,10,0.5,2,0,1,1,1
480,2026-06-14 17:40:00,Falcons,Natus Vincere,1770.1212253556555,1780.7122422110474,-10.5910168553919,0.7,0.7,10,10,0.6,5,1,1,1,1
2686,2026-06-15 12:00:00,The MongolZ,9z,1635.2315526754946,1525.586705623385,109.64484705210975,0.4,0.5,10,10,1.0,1,0,1,1,1
1112,2026-06-15 14:30:00,FUT,BetBoom,1653.252265942489,1636.7171173309366,16.53514861155236,0.6,0.7,10,10,1.0,1,0,1,1,1
1853,2026-06-15 17:00:00,Natus Vincere,G2,1764.2246588779785,1617.399886593008,146.82477228497055,0.6,0.6,10,10,0.8461538461538461,13,0,1,1,1
805,2026-06-18 13:45:00,Aurora,BetBoom,1640.6345854377064,1653.478014675028,-12.843429237321516,0.5,0.7,10,10,0.6666666666666666,3,1,1,1,1
2977,2026-06-18 17:00:00,FURIA,9z,1713.9691476573523,1546.4748307428983,167.49431691445398,0.6,0.6,10,10,1.0,1,1,1,1,1
2566,2026-06-19 13:45:00,Spirit,G2,1871.6726686416464,1639.785724746657,231.88694389498937,1.0,0.6,10,10,0.5,14,1,1,1,1
584,2026-06-19 19:25:00,Vitality,Falcons,1920.808128829332,1786.6088086887244,134.1993201406076,0.7,0.7,10,10,0.6,10,0,1,1,1
911,2026-06-20 13:45:00,Aurora,FURIA,1657.2257779458114,1722.8025272030654,-65.57674925725405,0.6,0.7,10,10,0.3,10,0,1,1,1
555,2026-06-20 17:00:00,Spirit,Falcons,1878.3401402899447,1808.4988675192699,69.84127277067478,1.0,0.7,10,10,0.6,10,0,1,1,1
570,2026-06-21 15:00:00,Falcons,FURIA,1827.6725435873616,1735.8179637977144,91.85457978964723,0.8,0.8,10,10,0.5,10,1,1,1,1
1492,2026-06-24 15:00:00,Inner Circle,Sharks,1481.987101940852,1500.0,-18.01289805914803,0.3,0.5,10,0,0.5,0,0,1,0,0
1493,2026-06-27 13:50:00,Sharks,Inner Circle,1515.1712178264852,1466.8158841143668,48.35533371211841,1.0,0.2,1,10,1.0,1,0,1,1,1
2090,2026-07-01 08:45:00,FaZe,TYLOO,1492.2188048628689,1456.7756030960268,35.443201766842094,0.5,0.4,10,10,0.6666666666666666,3,0,1,1,1
1601,2026-07-01 09:30:00,3DMAX,Ninjas in Pyjamas,1440.049130954244,1461.2632094462713,-21.214078492027284,0.2,0.4,10,10,0.5,2,1,1,1,1
1241,2026-07-01 14:15:00,PARIVISION,Alliance,1493.1688074153694,1516.5390807942752,-23.370273378905722,0.1,0.6,10,10,0.5,0,1,1,1,0
207,2026-07-01 15:45:00,BetBoom,SINNERS,1636.886822166923,1453.246028180099,183.64079398682384,0.6,0.4,10,10,0.5,2,1,1,1,1
2915,2026-07-01 16:20:00,BIG,Lynn Vision,1426.4066141511519,1374.7215476640788,51.68506648707307,0.3,0.2,10,10,0.5,0,1,1,1,0
326,2026-07-01 17:50:00,B8,MIBR,1498.501672457974,1503.2776971560647,-4.776024698090623,0.5,0.5,10,10,0.5,2,1,1,1,1
1376,2026-07-02 08:45:00,Alliance,Ninjas in Pyjamas,1499.4644601818986,1444.2874773034266,55.17698287847202,0.5,0.4,10,10,0.0,1,1,1,1,1
2782,2026-07-02 09:55:00,FaZe,MIBR,1474.5922236941194,1487.0577669435565,-12.465543249437133,0.4,0.4,10,10,1.0,1,0,1,1,1
2688,2026-07-02 10:30:00,Luminosity,Lynn Vision,1500.0,1361.08432913945,138.9156708605501,0.5,0.2,0,10,0.5,0,0,0,1,0
1262,2026-07-02 12:00:00,PARIVISION,TYLOO,1510.243428027746,1474.4021842647762,35.841243762969725,0.2,0.5,10,10,0.0,1,0,1,1,1
1168,2026-07-02 13:30:00,BetBoom,BIG,1645.1383404270532,1440.0438326757808,205.09450775127243,0.7,0.4,10,10,1.0,4,1,1,1,1
1620,2026-07-03 06:30:00,Luminosity,Ninjas in Pyjamas,1477.923124359755,1430.8073222231696,47.115802136585444,0.0,0.4,1,10,0.5,0,0,1,1,0
1289,2026-07-03 08:20:00,Lynn Vision,PARIVISION,1383.1612047796948,1492.5987079145095,-109.43750313481473,0.2,0.2,10,10,0.5,0,0,1,1,0
2261,2026-07-03 10:10:00,3DMAX,9z,1457.0248630970887,1537.6414511971852,-80.61658810009658,0.2,0.5,10,10,0.6666666666666666,3,0,1,1,1
2918,2026-07-03 10:55:00,BIG,MIBR,1432.525722713439,1502.4839536610928,-69.95823094765365,0.4,0.5,10,10,0.3333333333333333,3,0,1,1,1
250,2026-07-03 13:00:00,B8,Alliance,1514.7216026704823,1512.9446152621556,1.776987408326704,0.5,0.5,10,10,0.5,0,0,1,1,0
324,2026-07-04 05:10:00,Lynn Vision,B8,1372.040670994538,1498.639770089695,-126.59909909515704,0.2,0.4,10,10,1.0,2,0,1,1,1
1291,2026-07-04 06:00:00,PARIVISION,MIBR,1503.7192416996663,1515.3051037304776,-11.585862030811313,0.3,0.6,10,10,0.0,1,1,1,1,1
1648,2026-07-04 08:30:00,BIG,Ninjas in Pyjamas,1419.7045726440542,1448.963881480211,-29.259308836156833,0.4,0.5,10,10,0.0,2,1,1,1,1
1382,2026-07-04 10:35:00,9z,Alliance,1549.99414267711,1529.0264478429428,20.967694834167105,0.6,0.6,10,10,0.5,0,0,1,1,0
2216,2026-07-04 13:15:00,3DMAX,FaZe,1444.672171617164,1459.1660369765832,-14.49386535941926,0.2,0.3,10,10,0.42857142857142855,7,0,1,1,1
3002,2026-07-05 06:15:00,9z,MIBR,1533.0297152112755,1498.7717527487328,34.257962462542764,0.5,0.5,10,10,0.6666666666666666,6,1,1,1,1
313,2026-07-05 10:00:00,BIG,B8,1437.0488371923095,1509.0546897097445,-72.00585251743496,0.5,0.5,10,10,0.6666666666666666,3,1,1,1,1
2113,2026-07-09 08:05:00,TYLOO,9z,1492.0469043780126,1547.457170750995,-55.41026637298228,0.6,0.6,10,10,0.0,1,0,1,1,1
1286,2026-07-10 08:00:00,PARIVISION,BIG,1520.2525926814112,1456.3181544403265,63.93443824108476,0.4,0.5,10,10,1.0,1,1,1,1,1
1155,2026-07-10 12:45:00,FaZe,BetBoom,1474.4989567348077,1652.6564503893949,-178.15749365458714,0.4,0.7,10,10,1.0,1,1,1,1,1
1487,2026-07-10 16:20:00,Inner Circle,magic,1485.0284617173945,1535.9817389957113,-50.95327727831682,0.2,0.6,10,10,0.5,0,1,1,1,0
1383,2026-07-11 08:00:00,Alliance,9z,1545.9908753087773,1560.9268503019057,-14.935974993128411,0.6,0.6,10,10,1.0,1,0,1,1,1
1278,2026-07-11 12:45:00,PARIVISION,FaZe,1533.341092754988,1498.0526724495764,35.28842030541159,0.4,0.5,10,10,1.0,1,1,1,1,1
2011,2026-07-11 23:00:00,Sharks,paiN,1496.9586402234575,1448.6146708051854,48.34396941827208,0.5,0.3,2,10,0.5,0,1,1,1,0
2105,2026-07-12 06:30:00,Lynn Vision,TYLOO,1361.6257513744886,1478.5772248271019,-116.9514734526133,0.2,0.6,10,10,0.5454545454545454,11,1,1,1,1
1298,2026-07-12 08:00:00,9z,PARIVISION,1576.2394466392068,1547.721566187453,28.517880451753854,0.6,0.5,10,10,1.0,2,1,1,1,1
2226,2026-07-15 12:00:00,3DMAX,HEROIC,1429.3392518589394,1392.133328016076,37.20592384286351,0.2,0.2,10,10,0.42857142857142855,7,0,1,1,1
1950,2026-07-16 12:15:00,3DMAX,paiN,1411.6323754020027,1434.8267350687709,-23.19435966676815,0.2,0.2,10,10,0.4,5,1,1,1,1
1548,2026-07-16 14:35:00,Gentle Mates,Ninjas in Pyjamas,1432.8174073926123,1431.6196169319558,1.1977904606565062,0.2,0.4,10,10,0.25,4,0,1,1,1
1554,2026-07-17 10:00:00,3DMAX,Gentle Mates,1428.6989311589589,1416.76224732196,11.936683836998782,0.2,0.2,10,10,0.5,0,1,1,1,0
1645,2026-07-17 14:15:00,Ninjas in Pyjamas,HEROIC,1447.674777002608,1409.8402044730126,37.834572529595334,0.5,0.2,10,10,0.5,8,0,1,1,1
1038,2026-07-21 10:00:00,M80,Ninjas in Pyjamas,1446.0398565096884,1429.939285230045,16.100571279643418,0.4,0.5,10,10,1.0,1,0,1,1,1
665,2026-07-21 13:00:00,HOTU,HEROIC,1442.5712782563699,1427.5756962455755,14.995582010794351,0.3,0.3,10,10,0.5,0,1,1,1,0
1555,2026-07-21 13:00:00,3DMAX,Gentle Mates,1444.1494427368834,1401.3117357440356,42.83770699284787,0.3,0.2,10,10,1.0,1,0,1,1,1
1541,2026-07-21 16:25:00,magic,Gentle Mates,1517.6519329487821,1419.27454882128,98.37738412750218,0.6,0.3,10,10,1.0,2,1,1,1,1
663,2026-07-22 10:00:00,HOTU,Astralis,1457.8811346760058,1558.2330172272825,-100.35188255127673,0.3,0.4,10,10,0.5,0,1,1,1,0
670,2026-07-22 15:30:00,HOTU,GamerLegion,1478.3781435838287,1532.3498992251532,-53.971755641324535,0.4,0.5,10,10,1.0,1,1,1,1,1
1552,2026-07-23 15:50:00,Gentle Mates,paiN,1407.6876787079655,1417.7601793118147,-10.072500603849221,0.3,0.2,10,10,0.0,1,0,1,1,1
1575,2026-07-24 09:00:00,3DMAX,magic,1426.186629659639,1529.2388030620966,-103.05217340245758,0.3,0.6,10,10,0.0,1,1,1,1,1
2639,2026-07-24 12:15:00,HEROIC,The MongolZ,1412.2658398259396,1614.3434275559812,-202.0775877300416,0.2,0.4,10,10,0.0,4,0,1,1,1
2520,2026-07-24 15:50:00,Liquid,Vitality,1439.1134570393274,1898.9180699987865,-459.80461295945906,0.4,0.6,10,10,0.0,7,1,1,1,1
2716,2026-07-24 16:15:00,HEROIC,Astralis,1404.6473801961995,1537.7360083194596,-133.08862812326015,0.2,0.3,10,10,0.625,8,1,1,1,1
1586,2026-07-24 18:00:00,DENDELE,FURIA,1500.0,1723.9521482423722,-223.95214824237223,0.5,0.7,0,10,0.5,0,1,0,1,0
1584,2026-07-25 10:00:00,FaZe,DENDELE,1483.6721990171116,1525.088225333515,-41.41602631640353,0.4,1.0,10,1,0.5,0,1,1,1,0
2459,2026-07-25 12:50:00,Liquid,G2,1468.9955837612792,1633.1182530983588,-164.12266933707951,0.5,0.6,10,10,0.14285714285714285,7,1,1,1,1
1542,2026-07-25 14:00:00,magic,Gentle Mates,1508.627516542236,1392.151404593004,116.47611194923206,0.5,0.2,10,10,1.0,3,1,1,1,1
662,2026-07-25 14:45:00,HOTU,Astralis,1496.8438330151,1515.8902190120173,-19.04638599691725,0.5,0.3,10,10,1.0,1,0,1,1,1
1646,2026-07-25 16:00:00,Ninjas in Pyjamas,HEROIC,1446.6802136320784,1426.4931695036419,20.187044128436582,0.5,0.3,10,10,0.4444444444444444,9,1,1,1,1
1594,2026-07-26 10:00:00,Ninjas in Pyjamas,paiN,1461.7516106338387,1433.2964534267762,28.455157207062484,0.6,0.3,10,10,0.5,2,0,1,1,1
1512,2026-07-26 12:15:00,3DMAX,FUT,1446.7979161794997,1636.4913685983977,-189.693452418898,0.4,0.5,10,10,1.0,2,1,1,1,1
644,2026-07-26 13:00:00,Aurora,HOTU,1644.2103413511625,1481.7200739141902,162.49026743697232,0.6,0.5,10,10,1.0,3,1,1,1,1
1571,2026-07-26 16:35:00,Ninjas in Pyjamas,magic,1444.4441243182885,1519.4559018624,-75.01177754411151,0.5,0.5,10,10,0.5,2,0,1,1,1
2490,2026-07-30 13:00:00,Liquid,Spirit,1492.0375475089152,1859.166464221853,-367.1289167129378,0.5,0.9,10,10,0.25,8,0,1,1,1
1677,2026-07-30 15:20:00,3DMAX,MOUZ,1470.757955907429,1680.2508542481944,-209.49289834076535,0.5,0.6,10,10,0.0,3,0,1,1,1
2625,2026-07-31 12:30:00,The MongolZ,FaZe,1621.9618871857213,1501.570494546861,120.39139263886022,0.5,0.5,10,10,0.8,5,0,1,1,1
1984,2026-07-31 16:10:00,paiN,Astralis,1450.6039397423265,1531.0139781129271,-80.41003837060066,0.4,0.3,10,10,0.42857142857142855,7,0,1,1,1
2766,2026-08-01 10:30:00,Spirit,FaZe,1862.6162142246412,1522.9029843753608,339.7132298492804,0.9,0.5,10,10,0.7,10,1,1,1,1
1723,2026-08-01 14:10:00,Astralis,MOUZ,1543.3756884979582,1687.6243119460248,-144.2486234480666,0.4,0.6,10,10,0.2,5,0,1,1,1
1759,2026-08-02 10:30:00,Spirit,MOUZ,1866.5826085298263,1697.3385061731994,169.24410235662685,0.9,0.6,10,10,0.6875,16,0,1,1,1
3,2026-08-09 09:00:00,JiJieHao,DENDELE,1500.0,1507.1899298037656,-7.189929803765608,0.5,0.5,0,2,0.5,0,1,0,1,0
652,2026-08-09 12:30:00,HOTU,Inner Circle,1472.701299602094,1503.3582677643237,-30.65696816222976,0.4,0.3,10,10,0.5,0,1,1,1,0
1,2026-08-09 16:00:00,JiJieHao,HOTU,1516.3310612457103,1490.109452467934,26.221608777776282,1.0,0.5,1,10,0.5,0,1,1,1,0
2689,2026-08-12 09:00:00,GamerLegion,Luminosity,1513.8842097938818,1459.7665651027137,54.11764469116815,0.4,0.0,10,2,0.5,0,1,1,1,0
897,2026-08-12 09:00:00,BIG,Aurora,1443.2296543667496,1653.2291156632587,-209.99946129650903,0.5,0.6,10,10,0.8,5,1,1,1,1
1506,2026-08-12 10:20:00,FUT,TYLOO,1612.5313288704683,1457.3860147027444,155.14531416772388,0.5,0.5,10,10,1.0,1,1,1,1,1
4,2026-08-12 10:35:00,Spirit,JiJieHao,1843.351719623251,1531.1257990590934,312.2259205641576,0.8,1.0,10,2,0.5,0,0,1,1,0
1577,2026-08-12 11:55:00,The MongolZ,magic,1600.6293973572215,1532.0541736381526,68.57522371906884,0.5,0.6,10,10,1.0,1,1,1,1,1
1069,2026-08-12 12:10:00,G2,M80,1610.0762893507228,1429.298928107655,180.77736124306784,0.5,0.3,10,10,0.8333333333333334,6,1,1,1,1
1308,2026-08-12 13:20:00,Legacy,Ninjas in Pyjamas,1580.645169800276,1431.8458525425358,148.7993172577403,0.5,0.4,10,10,1.0,1,1,1,1,1
239,2026-08-12 14:45:00,B8,PARIVISION,1489.7853724617275,1533.0319216838602,-43.24654922213267,0.5,0.5,10,10,0.6666666666666666,6,1,1,1,1
1154,2026-08-12 15:10:00,FaZe,BetBoom,1518.9365900701757,1629.1027346746262,-110.16614460445044,0.5,0.6,10,10,1.0,2,1,1,1,1
2735,2026-08-12 16:25:00,MIBR,Astralis,1484.3442972090133,1533.6614942707836,-49.31719706177023,0.4,0.3,10,10,0.2,5,0,1,1,1
1822,2026-08-12 16:45:00,3DMAX,Natus Vincere,1463.3844982095986,1741.8388207243295,-278.45432251473085,0.5,0.6,10,10,0.5,4,0,1,1,1
2063,2026-08-12 19:50:00,paiN,9z,1438.2422293572954,1590.9290911427995,-152.6868617855041,0.3,0.6,10,10,0.6666666666666666,6,0,1,1,1
5,2026-08-13 11:00:00,JiJieHao,GamerLegion,1558.5761032574037,1527.4119619014305,31.164141355973243,1.0,0.4,3,10,0.5,0,0,1,1,0
2687,2026-08-13 11:00:00,Luminosity,Spirit,1446.238812995165,1815.9014154249408,-369.6626024297757,0.0,0.7,3,10,0.5,0,0,1,1,0
2578,2026-08-13 13:15:00,BIG,G2,1467.87273045093,1618.4291495935015,-150.55641914257149,0.5,0.5,10,10,0.0,5,0,1,1,1
799,2026-08-13 13:55:00,Aurora,M80,1628.5860395790783,1420.9460678648763,207.63997171420192,0.6,0.3,10,10,0.5,2,1,1,1,1
533,2026-08-13 16:40:00,Astralis,Falcons,1547.4054850256834,1839.5383591427037,-292.13287411702026,0.4,0.8,10,10,0.5,6,0,1,1,1
1344,2026-08-13 16:50:00,FaZe,Legacy,1539.8464711797603,1590.1830589853676,-50.33658780560722,0.5,0.5,10,10,0.5,2,1,1,1,1
1117,2026-08-14 11:00:00,BetBoom,Ninjas in Pyjamas,1608.1928535650416,1422.3079633574444,185.8848902075972,0.5,0.4,10,10,0.5,0,0,1,1,0
331,2026-08-14 13:30:00,B8,Vitality,1507.7667273867244,1869.0359432768346,-361.2692158901102,0.5,0.5,10,10,0.0,2,1,1,1,1
1499,2026-08-14 13:30:00,FUT,MOUZ,1621.8264629113594,1720.5693950797747,-98.74293216841534,0.6,0.6,10,10,0.6666666666666666,3,1,1,1,1
1863,2026-08-15 11:00:00,Natus Vincere,The MongolZ,1747.2012215510545,1613.511771330759,133.68945022029538,0.6,0.5,10,10,0.7272727272727273,11,1,1,1,1
2976,2026-08-15 14:20:00,9z,FURIA,1600.3178356789995,1698.8639229088571,-98.54608722985768,0.7,0.6,10,10,0.0,2,0,1,1,1
1573,2026-08-15 14:25:00,3DMAX,magic,1458.0220973828737,1519.171799664615,-61.149702281741384,0.4,0.6,10,10,0.5,2,0,1,1,1
2,2026-08-15 16:50:00,Aurora,JiJieHao,1636.020196763807,1541.1447781059276,94.87541865787944,0.6,0.75,10,4,0.5,0,1,1,1,0
2822,2026-08-15 18:10:00,BIG,Spirit,1458.4024208685064,1819.3065308761952,-360.9041100076888,0.4,0.7,10,10,0.5,2,0,1,1,1
1977,2026-08-16 11:00:00,paiN,The MongolZ,1428.8534848210954,1603.3815208572553,-174.52803603615985,0.3,0.4,10,10,0.25,8,0,1,1,1
1256,2026-08-16 13:15:00,PARIVISION,MOUZ,1515.0505667588634,1700.140716290481,-185.0901495316175,0.5,0.5,10,10,0.3333333333333333,3,0,1,1,1
1581,2026-08-16 13:25:00,magic,9z,1532.3844735933642,1588.7381426216166,-56.3536690282524,0.6,0.7,10,10,1.0,1,1,1,1,1
1624,2026-08-16 16:00:00,Astralis,Ninjas in Pyjamas,1542.385426133354,1446.135304692656,96.25012144069797,0.3,0.5,10,10,0.5,4,1,1,1,1
1359,2026-08-16 17:45:00,MIBR,Legacy,1470.6003064541135,1571.8810575354867,-101.28075108137318,0.3,0.4,10,10,0.42857142857142855,7,0,1,1,1
2540,2026-08-19 14:10:00,Astralis,G2,1554.0629594775612,1627.8994591759251,-73.83649969836392,0.4,0.6,10,10,0.0,2,0,1,1,1
1497,2026-08-19 14:20:00,FUT,magic,1642.2551417006532,1550.9571344941592,91.29800720649405,0.6,0.6,10,10,0.5,0,1,1,1,0
910,2026-08-19 17:40:00,Aurora,FURIA,1647.756479621321,1710.44361596624,-62.687136344919054,0.7,0.7,10,10,0.2727272727272727,11,0,1,1,1
1807,2026-08-19 17:55:00,GamerLegion,MOUZ,1544.8432870529066,1708.3412461518212,-163.49795909891463,0.4,0.6,10,10,0.2,5,0,1,1,1
526,2026-08-20 11:00:00,The MongolZ,Falcons,1611.9583331961385,1844.5584180350331,-232.60008483889465,0.5,0.8,10,10,0.4,5,0,1,1,1
1313,2026-08-20 11:00:00,Legacy,Natus Vincere,1583.3446814761228,1757.3314720245583,-173.98679054843547,0.5,0.7,10,10,0.6666666666666666,3,1,1,1,1
302,2026-08-20 13:30:00,Spirit,B8,1822.8681289872172,1536.2117761863738,286.6563528008435,0.7,0.5,10,10,1.0,2,1,1,1,1
2800,2026-08-20 13:35:00,Vitality,FaZe,1840.5908944771852,1558.1484726296412,282.442421847544,0.5,0.6,10,10,0.7333333333333333,15,1,1,1,1
2590,2026-08-20 16:20:00,G2,FURIA,1640.5494449902417,1723.5876904797858,-83.03824548954412,0.6,0.7,10,10,0.5,8,0,1,1,1
1500,2026-08-21 11:00:00,MOUZ,FUT,1717.32249693985,1654.1448870297934,63.17760991005662,0.6,0.6,10,10,0.25,4,0,1,1,1
453,2026-08-21 13:50:00,Legacy,Falcons,1606.7482948677402,1851.2042475258122,-244.45595265807196,0.6,0.8,10,10,0.3333333333333333,3,1,1,1,1
2850,2026-08-21 16:30:00,Spirit,Vitality,1828.0230678143253,1845.8515989615735,-17.828531147248214,0.7,0.5,10,10,0.2222222222222222,9,1,1,1,1
1535,2026-08-22 14:00:00,FUT,FURIA,1673.0226744956828,1735.8348250753324,-62.8121505796496,0.6,0.8,10,10,0.3333333333333333,3,1,1,1,1
1348,2026-08-22 18:00:00,Spirit,Legacy,1844.8433821266462,1632.454668765112,212.3887133615342,0.7,0.6,10,10,0.5,0,1,1,1,0
1353,2026-08-23 08:00:00,Legacy,FURIA,1625.1753770184023,1716.9733262539767,-91.79794923557438,0.5,0.7,10,10,0.6666666666666666,3,1,1,1,1
1530,2026-08-23 12:15:00,FUT,Spirit,1691.8841733170386,1852.122673873356,-160.23850055631738,0.7,0.7,10,10,0.5,0,0,1,1,0
853,2026-08-26 09:00:00,Aurora,G2,1634.6124051077752,1628.302310394695,6.3100947130801615,0.6,0.6,10,10,0.75,4,0,1,1,1
1585,2026-08-26 11:55:00,DENDELE,Spirit,1490.8588685580553,1861.2256407284156,-370.36677217036026,0.3333333333333333,0.8,3,10,0.5,0,0,1,1,0
1043,2026-08-26 14:25:00,M80,Natus Vincere,1413.5119106801476,1733.9278586329408,-320.4159479527932,0.3,0.6,10,10,0.5,2,1,1,1,1
2017,2026-08-26 17:55:00,paiN,FURIA,1420.2766724822122,1696.8415757301805,-276.56490324796823,0.3,0.6,10,10,0.2857142857142857,7,0,1,1,1
1495,2026-08-27 09:00:00,Inner Circle,Vitality,1485.9501148984837,1829.0312846492525,-343.0811697507688,0.2,0.4,10,10,0.5,0,1,1,1,0
1811,2026-08-27 12:00:00,9z,MOUZ,1570.1654817208216,1698.4447094739605,-128.2792277531389,0.6,0.5,10,10,1.0,3,0,1,1,1
1303,2026-08-27 14:30:00,FUT,Legacy,1682.781206461979,1645.3071275421985,37.474078919780595,0.7,0.6,10,10,0.5,2,0,1,1,1
