match_id,team_label,team_id,player_id,player_nome,rating
630,b,11518,17147,juanflatroo,1.17
630,b,11518,18120,sinnopsyy,0.97
630,b,11518,19725,gxx-,0.89
630,b,11518,15778,SENER1,0.88
630,b,11518,12708,rigoN,0.65
630,a,12260,19739,Ex3rcice,1.4
630,a,12260,9656,hAdji,1.4
630,a,12260,13497,Lucky,1.35
630,a,12260,19738,Djoko,1.03
630,a,12260,13138,Maka,1.03
1006,b,7020,21167,donk,1.74
1006,b,7020,20423,zont1x,1.23
1006,b,7020,7716,chopper,1.14
1006,b,7020,18317,magixx,0.95
1006,b,7020,21348,ArtFr0st,0.66
1006,a,12260,19738,Djoko,1.1
1006,a,12260,13138,Maka,0.99
1006,a,12260,19739,Ex3rcice,0.96
1006,a,12260,13497,Lucky,0.93
1006,a,12260,9656,hAdji,0.75
919,a,11861,19882,Norwi,1.52
919,a,11861,18670,SELLTER,0.98
919,a,11861,13240,Lack1,0.89
919,a,11861,20700,lattykk,0.87
919,a,11861,19236,KENSI,0.52
919,b,9806,8248,jkaem,1.54
919,b,9806,18790,CacaNito,1.41
919,b,9806,13670,nawwk,1.02
919,b,9806,19677,kyxsan,0.97
919,b,9806,17450,sense,0.9
1008,a,12260,19738,Djoko,1.52
1008,a,12260,13138,Maka,1.23
1008,a,12260,9656,hAdji,1.04
1008,a,12260,13497,Lucky,0.94
1008,a,12260,19739,Ex3rcice,0.79
1008,b,7532,10981,mantuu,1.23
1008,b,7532,19899,Krimbo,1.14
1008,b,7532,5794,tabseN,0.95
1008,b,7532,20104,s1n,0.93
1008,b,7532,19284,prosus,0.79
2930,a,9806,13670,nawwk,1.59
2930,a,9806,17450,sense,0.96
2930,a,9806,18790,CacaNito,0.95
2930,a,9806,8248,jkaem,0.71
2930,a,9806,19677,kyxsan,0.51
2930,b,7718,21239,MartinezSa,1.54
2930,b,7718,8371,alex,1.44
2930,b,7718,19698,adamS,1.06
2930,b,7718,9254,mopoz,1.02
2930,b,7718,8998,JUST,0.99
1010,a,12260,13497,Lucky,1.68
1010,a,12260,19739,Ex3rcice,1.45
1010,a,12260,19738,Djoko,1.41
1010,a,12260,13138,Maka,0.96
1010,a,12260,9656,hAdji,0.71
1010,b,9806,19677,kyxsan,1.27
1010,b,9806,18790,CacaNito,1.09
1010,b,9806,17450,sense,1.02
1010,b,9806,8248,jkaem,0.72
1010,b,9806,13670,nawwk,0.61
2823,a,7020,20423,zont1x,2.29
2823,a,7020,7716,chopper,2.16
2823,a,7020,21167,donk,1.78
2823,a,7020,21348,ArtFr0st,1.29
2823,a,7020,18317,magixx,1.09
2823,b,7718,9254,mopoz,0.62
2823,b,7718,21239,MartinezSa,0.61
2823,b,7718,8371,alex,0.55
2823,b,7718,19698,adamS,0.47
2823,b,7718,8998,JUST,0.43
798,a,12260,9656,hAdji,1.95
798,a,12260,13497,Lucky,1.67
798,a,12260,13138,Maka,0.96
798,a,12260,19739,Ex3rcice,0.84
798,a,12260,19738,Djoko,0.61
798,b,11861,19882,Norwi,1.23
798,b,11861,13240,Lack1,0.96
798,b,11861,18670,SELLTER,0.95
798,b,11861,20700,lattykk,0.8
798,b,11861,19236,KENSI,0.63
1009,b,7718,9254,mopoz,1.43
1009,b,7718,21239,MartinezSa,1.18
1009,b,7718,19698,adamS,1.03
1009,b,7718,8371,alex,0.85
1009,b,7718,8998,JUST,0.52
1009,a,12260,19738,Djoko,1.63
1009,a,12260,19739,Ex3rcice,1.41
1009,a,12260,9656,hAdji,1.11
1009,a,12260,13497,Lucky,0.89
1009,a,12260,13138,Maka,0.75
1007,b,7020,21167,donk,1.44
1007,b,7020,7716,chopper,0.9
1007,b,7020,20423,zont1x,0.87
1007,b,7020,18317,magixx,0.68
1007,b,7020,21348,ArtFr0st,0.56
1007,a,12260,9656,hAdji,2.13
1007,a,12260,13497,Lucky,1.76
1007,a,12260,19738,Djoko,1.06
1007,a,12260,19739,Ex3rcice,0.78
1007,a,12260,13138,Maka,0.75
219,b,10621,11840,Boombl4,1.77
219,b,10621,13982,Forester,1.66
219,b,10621,11498,NickelBack,1.31
219,b,10621,16948,TRAVIS,1.25
219,b,10621,20113,deko,1.23
219,a,7718,19698,adamS,0.86
219,a,7718,8998,JUST,0.75
219,a,7718,9254,mopoz,0.72
219,a,7718,21239,MartinezSa,0.7
219,a,7718,8371,alex,0.52
127,b,10567,20464,ewjerkz,1.11
127,b,10567,20465,arrozdoce,1.09
127,b,10567,20462,story,1.04
127,b,10567,630,MUTiRiS,0.97
127,b,10567,2241,roman,0.76
127,a,12260,13138,Maka,1.48
127,a,12260,19739,Ex3rcice,1.43
127,a,12260,9656,hAdji,1.13
127,a,12260,13497,Lucky,0.92
127,a,12260,19738,Djoko,0.76
1934,a,4608,19206,jL,2.6
1934,a,4608,9816,Aleksib,1.38
1934,a,4608,18987,b1t,0.89
1934,a,4608,14759,iM,0.78
1934,a,4608,472,B1ad3,0.47
1934,b,9806,17450,sense,1.14
1934,b,9806,18790,CacaNito,1.13
1934,b,9806,8248,jkaem,0.89
1934,b,9806,19677,kyxsan,0.82
1934,b,9806,13670,nawwk,0.77
1184,b,9565,9032,Magisk,1.47
1184,b,9565,18221,Spinx,1.28
1184,b,9565,16693,flameZ,1.14
1184,b,9565,11893,ZywOo,0.98
1184,b,9565,7322,apEX,0.59
1184,a,12394,19920,KaiR0N-,1.44
1184,a,12394,16921,nafany,1.18
1184,a,12394,22039,danistzz,1.15
1184,a,12394,15662,zorte,0.95
1184,a,12394,18506,S1ren,0.81
2801,a,6667,11816,ropz,1.33
2801,a,6667,10394,Twistzz,0.97
2801,a,6667,18053,broky,0.97
2801,a,6667,8183,rain,0.83
2801,a,6667,429,karrigan,0.67
2801,b,9928,20358,volt,1.4
2801,b,9928,17937,isak,1.19
2801,b,9928,15117,Keoz,1.18
2801,b,9928,2553,Snax,1.13
2801,b,9928,10330,acoR,0.93
2154,b,4869,9436,NertZ,1.6
2154,b,4869,19164,SunPayus,1.3
2154,b,4869,11777,Maden,1.23
2154,b,4869,922,Snappi,1.14
2154,b,4869,16080,dycha,1.1
2154,a,8840,20254,Starry,1.38
2154,a,8840,20702,Jee,0.95
2154,a,8840,22922,EmiliaQAQ,0.94
2154,a,8840,18744,z4KR,0.7
2154,a,8840,16551,Westmelon,0.51
2265,b,4991,19926,afro,1.39
2265,b,4991,7528,KRIMZ,1.35
2265,b,4991,18462,mezii,1.25
2265,b,4991,9115,dexter,0.9
2265,b,4991,14419,roeJ,0.6
2265,a,5752,8528,HObbit,1.49
2265,a,5752,8918,electroNic,1.08
2265,a,5752,16920,sh1ro,0.88
2265,a,5752,16947,Perfecto,0.86
2265,a,5752,16555,Ax1Le,0.61
2581,b,5995,19230,m0NESY,1.32
2581,b,5995,10096,HooXi,1.15
2581,b,5995,4679,jks,1.09
2581,b,5995,3741,NiKo,1.05
2581,b,5995,3972,huNter-,1.02
2581,a,8008,11140,INS,1.59
2581,a,8008,10588,Liazz,1.02
2581,a,8008,11139,aliStair,0.92
2581,a,8008,9102,Sico,0.85
2581,a,8008,17384,Vexite,0.57
760,b,11811,12731,sdy,1.36
760,b,11811,20282,kRaSnaL,1.15
760,b,11811,19733,DemQQ,0.89
760,b,11811,16717,br0,0.79
760,b,11811,16885,Woro2k,0.62
760,a,5005,11630,JT,2.01
760,a,5005,12840,hallzerk,1.33
760,a,5005,13578,Grim,1.07
760,a,5005,8738,EliGE,0.91
760,a,5005,12713,floppy,0.79
1657,b,4608,18987,b1t,1.1
1657,b,4608,9816,Aleksib,0.89
1657,b,4608,14759,iM,0.69
1657,b,4608,19206,jL,0.63
1657,b,4608,472,B1ad3,0.47
1657,a,4494,18072,torzsi,1.51
1657,a,4494,20872,Nexius,1.42
1657,a,4494,16820,siuhy,1.35
1657,a,4494,9960,frozen,1.21
1657,a,4494,20312,xertioN,1.13
1190,a,12394,16921,nafany,1.83
1190,a,12394,18506,S1ren,1.32
1190,a,12394,15662,zorte,1.2
1190,a,12394,19920,KaiR0N-,1.18
1190,a,12394,22039,danistzz,1.07
1190,b,9928,20358,volt,1.23
1190,b,9928,17937,isak,0.99
1190,b,9928,10330,acoR,0.83
1190,b,9928,15117,Keoz,0.8
1190,b,9928,2553,Snax,0.6
2785,a,9565,11893,ZywOo,1.17
2785,a,9565,9032,Magisk,0.99
2785,a,9565,18221,Spinx,0.85
2785,a,9565,16693,flameZ,0.69
2785,a,9565,7322,apEX,0.57
2785,b,6667,8183,rain,1.87
2785,b,6667,429,karrigan,1.24
2785,b,6667,10394,Twistzz,1.15
2785,b,6667,11816,ropz,1.04
2785,b,6667,18053,broky,0.89
785,a,11811,20282,kRaSnaL,1.36
785,a,11811,16717,br0,1.21
785,a,11811,16885,Woro2k,0.99
785,a,11811,19733,DemQQ,0.98
785,a,11811,12731,sdy,0.95
785,b,8008,11139,aliStair,1.58
785,b,8008,10588,Liazz,0.92
785,b,8008,9102,Sico,0.88
785,b,8008,11140,INS,0.68
785,b,8008,17384,Vexite,0.68
2304,a,5005,8738,EliGE,1.73
2304,a,5005,11630,JT,1.22
2304,a,5005,13578,Grim,0.84
2304,a,5005,12840,hallzerk,0.64
2304,a,5005,12713,floppy,0.53
2304,b,5995,19230,m0NESY,1.47
2304,b,5995,3741,NiKo,1.34
2304,b,5995,4679,jks,1.25
2304,b,5995,3972,huNter-,1.0
2304,b,5995,10096,HooXi,0.7
2117,a,4869,11777,Maden,1.65
2117,a,4869,19164,SunPayus,1.24
2117,a,4869,16080,dycha,1.24
2117,a,4869,922,Snappi,0.73
2117,a,4869,9436,NertZ,0.69
2117,b,4991,7528,KRIMZ,1.29
2117,b,4991,18462,mezii,1.1
2117,b,4991,19926,afro,1.0
2117,b,4991,9115,dexter,0.97
2117,b,4991,14419,roeJ,0.89
2444,a,8840,18744,z4KR,1.14
2444,a,8840,20254,Starry,1.06
2444,a,8840,16551,Westmelon,1.01
2444,a,8840,22922,EmiliaQAQ,0.92
2444,a,8840,20702,Jee,0.42
2444,b,5752,8918,electroNic,1.81
2444,b,5752,16947,Perfecto,1.45
2444,b,5752,16920,sh1ro,1.19
2444,b,5752,16555,Ax1Le,0.97
2444,b,5752,8528,HObbit,0.92
3024,a,9806,17450,sense,1.24
3024,a,9806,8248,jkaem,1.21
3024,a,9806,13670,nawwk,1.13
3024,a,9806,19677,kyxsan,0.99
3024,a,9806,18790,CacaNito,0.53
3024,b,9928,20358,volt,1.64
3024,b,9928,10330,acoR,1.45
3024,b,9928,15117,Keoz,1.0
3024,b,9928,2553,Snax,0.89
3024,b,9928,17937,isak,0.83
1875,b,4608,18987,b1t,0.99
1875,b,4608,9816,Aleksib,0.87
1875,b,4608,19206,jL,0.82
1875,b,4608,472,B1ad3,0.52
1875,b,4608,14759,iM,0.45
1875,a,6667,11816,ropz,1.54
1875,a,6667,10394,Twistzz,1.32
1875,a,6667,18053,broky,1.31
1875,a,6667,8183,rain,1.28
1875,a,6667,429,karrigan,1.02
759,a,11811,16717,br0,1.37
759,a,11811,16885,Woro2k,1.34
759,a,11811,20282,kRaSnaL,1.3
759,a,11811,12731,sdy,1.13
759,a,11811,19733,DemQQ,1.11
759,b,4991,19926,afro,1.26
759,b,4991,7528,KRIMZ,1.17
759,b,4991,9115,dexter,1.12
759,b,4991,18462,mezii,0.79
759,b,4991,14419,roeJ,0.58
2296,a,5005,8738,EliGE,1.72
2296,a,5005,12840,hallzerk,1.68
2296,a,5005,13578,Grim,1.43
2296,a,5005,11630,JT,1.42
2296,a,5005,12713,floppy,1.11
2296,b,5752,16555,Ax1Le,0.83
2296,b,5752,16947,Perfecto,0.76
2296,b,5752,8528,HObbit,0.74
2296,b,5752,8918,electroNic,0.64
2296,b,5752,16920,sh1ro,0.48
2802,b,9928,2553,Snax,1.12
2802,b,9928,20358,volt,0.97
2802,b,9928,15117,Keoz,0.9
2802,b,9928,10330,acoR,0.7
2802,b,9928,17937,isak,0.37
2802,a,6667,11816,ropz,1.75
2802,a,6667,18053,broky,1.61
2802,a,6667,8183,rain,1.49
2802,a,6667,10394,Twistzz,1.16
2802,a,6667,429,karrigan,0.71
1118,b,4494,18072,torzsi,1.47
1118,b,4494,9960,frozen,1.34
1118,b,4494,16820,siuhy,1.25
1118,b,4494,20872,Nexius,0.91
1118,b,4494,20312,xertioN,0.82
1118,a,12394,19920,KaiR0N-,1.12
1118,a,12394,16921,nafany,1.0
1118,a,12394,15662,zorte,0.95
1118,a,12394,18506,S1ren,0.83
1118,a,12394,22039,danistzz,0.74
761,b,11811,16717,br0,1.56
761,b,11811,19733,DemQQ,1.07
761,b,11811,16885,Woro2k,0.89
761,b,11811,20282,kRaSnaL,0.86
761,b,11811,12731,sdy,0.73
761,a,5005,12713,floppy,1.7
761,a,5005,13578,Grim,1.4
761,a,5005,8738,EliGE,1.16
761,a,5005,12840,hallzerk,0.97
761,a,5005,11630,JT,0.64
2126,a,5995,3741,NiKo,2.26
2126,a,5995,19230,m0NESY,1.3
2126,a,5995,4679,jks,1.17
2126,a,5995,3972,huNter-,0.93
2126,a,5995,10096,HooXi,0.89
2126,b,4869,922,Snappi,1.27
2126,b,4869,9436,NertZ,1.12
2126,b,4869,16080,dycha,1.01
2126,b,4869,19164,SunPayus,0.91
2126,b,4869,11777,Maden,0.62
2996,b,9996,14736,dgt,1.33
2996,b,9996,14780,tge,1.13
2996,b,9996,20607,buda,1.09
2996,b,9996,12092,max,1.06
2996,b,9996,22613,HUASOPEEK,0.65
2996,a,9215,19750,drop,1.37
2996,a,9215,21037,insani,1.18
2996,a,9215,11154,exit,1.12
2996,a,9215,20987,brnz4n,0.97
2996,a,9215,18835,saffee,0.89
1134,b,12394,16921,nafany,1.12
1134,b,12394,19920,KaiR0N-,1.09
1134,b,12394,18506,S1ren,1.08
1134,b,12394,15662,zorte,0.9
1134,b,12394,22039,danistzz,0.86
1134,a,5005,12713,floppy,1.59
1134,a,5005,12840,hallzerk,1.07
1134,a,5005,8738,EliGE,1.04
1134,a,5005,11630,JT,0.97
1134,a,5005,13578,Grim,0.96
2138,a,4869,19164,SunPayus,0.94
2138,a,4869,11777,Maden,0.59
2138,a,4869,16080,dycha,0.42
2138,a,4869,9436,NertZ,0.37
2138,a,4869,922,Snappi,0.32
2138,b,6667,10394,Twistzz,2.59
2138,b,6667,18053,broky,1.67
2138,b,6667,429,karrigan,1.63
2138,b,6667,11816,ropz,1.52
2138,b,6667,8183,rain,1.21
1005,b,7020,20423,zont1x,1.34
1005,b,7020,21167,donk,1.12
1005,b,7020,7716,chopper,1.09
1005,b,7020,21348,ArtFr0st,0.89
1005,b,7020,18317,magixx,0.88
1005,a,12260,13138,Maka,1.26
1005,a,12260,13497,Lucky,1.2
1005,a,12260,9656,hAdji,1.13
1005,a,12260,19738,Djoko,1.05
1005,a,12260,19739,Ex3rcice,0.63
2305,b,5995,4679,jks,1.06
2305,b,5995,19230,m0NESY,0.9
2305,b,5995,10096,HooXi,0.69
2305,b,5995,3741,NiKo,0.67
2305,b,5995,3972,huNter-,0.53
2305,a,5005,8738,EliGE,1.57
2305,a,5005,12713,floppy,1.55
2305,a,5005,13578,Grim,1.47
2305,a,5005,11630,JT,1.3
2305,a,5005,12840,hallzerk,1.23
1725,b,4494,20312,xertioN,1.07
1725,b,4494,18072,torzsi,1.03
1725,b,4494,9960,frozen,0.77
1725,b,4494,20872,Nexius,0.75
1725,b,4494,16820,siuhy,0.73
1725,a,6667,10394,Twistzz,1.68
1725,a,6667,11816,ropz,1.39
1725,a,6667,8183,rain,1.29
1725,a,6667,429,karrigan,1.06
1725,a,6667,18053,broky,0.61
2315,b,5005,12840,hallzerk,1.31
2315,b,5005,8738,EliGE,1.28
2315,b,5005,12713,floppy,1.28
2315,b,5005,13578,Grim,0.87
2315,b,5005,11630,JT,0.72
2315,a,6667,8183,rain,1.47
2315,a,6667,18053,broky,1.34
2315,a,6667,11816,ropz,1.04
2315,a,6667,429,karrigan,0.84
2315,a,6667,10394,Twistzz,0.77
940,a,7532,19284,prosus,1.02
940,a,7532,19899,Krimbo,0.93
940,a,7532,10981,mantuu,0.87
940,a,7532,20104,s1n,0.86
940,a,7532,5794,tabseN,0.54
940,b,11883,17508,glowiing,1.69
940,b,11883,3347,seized,1.48
940,b,11883,20197,faydett,1.33
940,b,11883,12004,clax,1.01
940,b,11883,14273,iDISBALANCE,0.87
20,b,7020,7716,chopper,1.79
20,b,7020,21167,donk,1.44
20,b,7020,21348,ArtFr0st,1.4
20,b,7020,20423,zont1x,1.34
20,b,7020,18317,magixx,1.14
20,a,10278,16848,hades,1.01
20,a,10278,15428,Goofy,0.68
20,a,10278,19114,Kylar,0.64
20,a,10278,4829,mynio,0.62
20,a,10278,17504,KEi,0.59
2932,a,7718,19698,adamS,1.45
2932,a,7718,21239,MartinezSa,1.33
2932,a,7718,8371,alex,1.09
2932,a,7718,8998,JUST,1.02
2932,a,7718,9254,mopoz,1.02
2932,b,9996,20607,buda,1.12
2932,b,9996,14736,dgt,1.11
2932,b,9996,12092,max,0.86
2932,b,9996,14780,tge,0.84
2932,b,9996,22613,HUASOPEEK,0.62
884,a,7175,14148,sjuush,1.49
884,a,7175,7398,dupreeh,1.39
884,a,7175,21983,Chr1zN,1.24
884,a,7175,12018,TeSeS,1.11
884,a,7175,22695,sirah,0.93
884,b,11861,20700,lattykk,1.26
884,b,11861,19236,KENSI,1.08
884,b,11861,19882,Norwi,0.93
884,b,11861,13240,Lack1,0.89
884,b,11861,18670,SELLTER,0.68
2820,b,7020,21167,donk,1.54
2820,b,7020,7716,chopper,1.11
2820,b,7020,21348,ArtFr0st,0.96
2820,b,7020,18317,magixx,0.51
2820,b,7020,20423,zont1x,0.49
2820,a,7532,19284,prosus,1.75
2820,a,7532,10981,mantuu,1.6
2820,a,7532,19899,Krimbo,1.12
2820,a,7532,5794,tabseN,0.92
2820,a,7532,20104,s1n,0.76
416,a,11251,7938,XANTARES,1.64
416,a,11251,8574,woxic,1.03
416,a,11251,8575,Calyx,0.9
416,a,11251,21243,Wicadia,0.9
416,a,11251,150,MAJ3R,0.71
416,b,8297,15631,KSCERATO,1.27
416,b,8297,2023,FalleN,1.15
416,b,8297,12553,yuurih,1.11
416,b,8297,12521,arT,0.95
416,b,8297,10566,chelo,0.85
2378,b,5378,16612,n0rb3r7,1.22
2378,b,5378,12732,FL1T,1.13
2378,b,5378,8789,mir,1.13
2378,b,5378,13776,Jame,1.1
2378,b,5378,20101,fame,0.7
2378,a,7020,21167,donk,1.25
2378,a,7020,18317,magixx,1.16
2378,a,7020,21348,ArtFr0st,1.07
2378,a,7020,7716,chopper,0.73
2378,a,7020,20423,zont1x,0.58
25,b,10278,4829,mynio,1.42
25,b,10278,15428,Goofy,0.93
25,b,10278,16848,hades,0.87
25,b,10278,17504,KEi,0.84
25,b,10278,19114,Kylar,0.76
25,a,7718,19698,adamS,1.4
25,a,7718,8371,alex,1.33
25,a,7718,8998,JUST,1.26
25,a,7718,21239,MartinezSa,0.88
25,a,7718,9254,mopoz,0.81
19,a,6665,15165,blameF,1.22
19,a,6665,20941,Buzz,1.05
19,a,6665,20304,Staehr,1.04
19,a,6665,7592,device,0.83
19,a,6665,9896,b0RUP,0.68
19,b,10278,4829,mynio,1.13
19,b,10278,19114,Kylar,1.12
19,b,10278,15428,Goofy,1.09
19,b,10278,17504,KEi,1.07
19,b,10278,16848,hades,0.97
1603,b,4991,9115,dexter,0.95
1603,b,4991,19926,afro,0.94
1603,b,4991,14419,roeJ,0.68
1603,b,4991,7528,KRIMZ,0.59
1603,b,4991,18462,mezii,0.52
1603,a,4411,9278,REZ,2.18
1603,a,4411,20879,maxster,1.7
1603,a,4411,9078,k0nfig,1.37
1603,a,4411,19592,headtr1ck,1.14
1603,a,4411,8611,es3tag,1.02
2921,b,7532,19899,Krimbo,1.54
2921,b,7532,5794,tabseN,1.49
2921,b,7532,10981,mantuu,1.11
2921,b,7532,19284,prosus,1.1
2921,b,7532,20104,s1n,0.73
2921,a,9806,13670,nawwk,1.24
2921,a,9806,18790,CacaNito,1.23
2921,a,9806,19677,kyxsan,0.84
2921,a,9806,8248,jkaem,0.78
2921,a,9806,17450,sense,0.72
2266,b,5752,16947,Perfecto,1.67
2266,b,5752,8528,HObbit,1.1
2266,b,5752,11840,Boombl4,0.99
2266,b,5752,8918,electroNic,0.98
2266,b,5752,16555,Ax1Le,0.94
2266,a,4991,7528,KRIMZ,1.33
2266,a,4991,9115,dexter,1.14
2266,a,4991,18462,mezii,1.05
2266,a,4991,19926,afro,0.82
2266,a,4991,14419,roeJ,0.68
2400,a,7718,9254,mopoz,1.05
2400,a,7718,8998,JUST,1.05
2400,a,7718,19698,adamS,0.98
2400,a,7718,8371,alex,0.67
2400,a,7718,21239,MartinezSa,0.56
2400,b,5378,12732,FL1T,1.73
2400,b,5378,13776,Jame,1.38
2400,b,5378,20101,fame,1.16
2400,b,5378,16612,n0rb3r7,1.14
2400,b,5378,8789,mir,0.88
2876,a,7175,7398,dupreeh,1.19
2876,a,7175,22695,sirah,0.94
2876,a,7175,14148,sjuush,0.77
2876,a,7175,21983,Chr1zN,0.69
2876,a,7175,12018,TeSeS,0.67
2876,b,8297,12553,yuurih,1.64
2876,b,8297,2023,FalleN,1.59
2876,b,8297,15631,KSCERATO,1.28
2876,b,8297,10566,chelo,1.19
2876,b,8297,12521,arT,1.05
1607,a,4411,9278,REZ,1.71
1607,a,4411,20879,maxster,1.03
1607,a,4411,8611,es3tag,1.03
1607,a,4411,19592,headtr1ck,0.96
1607,a,4411,9078,k0nfig,0.28
1607,b,5378,16612,n0rb3r7,1.85
1607,b,5378,13776,Jame,1.35
1607,b,5378,20101,fame,0.92
1607,b,5378,8789,mir,0.81
1607,b,5378,12732,FL1T,0.8
2855,a,9996,14780,tge,2.09
2855,a,9996,14736,dgt,1.58
2855,a,9996,22613,HUASOPEEK,1.42
2855,a,9996,20607,buda,1.41
2855,a,9996,12092,max,0.87
2855,b,7020,21167,donk,1.11
2855,b,7020,20423,zont1x,1.03
2855,b,7020,21348,ArtFr0st,0.79
2855,b,7020,7716,chopper,0.64
2855,b,7020,18317,magixx,0.59
346,a,11861,20700,lattykk,1.85
346,a,11861,19882,Norwi,1.47
346,a,11861,13240,Lack1,1.15
346,a,11861,19236,KENSI,1.02
346,a,11861,18670,SELLTER,0.74
346,b,11251,150,MAJ3R,1.02
346,b,11251,7938,XANTARES,0.97
346,b,11251,21243,Wicadia,0.9
346,b,11251,8575,Calyx,0.8
346,b,11251,8574,woxic,0.71
218,a,12260,9656,hAdji,1.37
218,a,12260,13497,Lucky,1.14
218,a,12260,19739,Ex3rcice,0.92
218,a,12260,13138,Maka,0.62
218,a,12260,19738,Djoko,0.55
218,b,10621,16948,TRAVIS,1.61
218,b,10621,11840,Boombl4,1.28
218,b,10621,20113,deko,1.25
218,b,10621,11498,NickelBack,1.04
218,b,10621,13982,Forester,0.82
1604,b,4991,14419,roeJ,1.29
1604,b,4991,18462,mezii,1.26
1604,b,4991,9115,dexter,1.08
1604,b,4991,19926,afro,0.98
1604,b,4991,7528,KRIMZ,0.92
1604,a,4411,9278,REZ,1.28
1604,a,4411,9078,k0nfig,1.16
1604,a,4411,20879,maxster,1.12
1604,a,4411,19592,headtr1ck,0.94
1604,a,4411,8611,es3tag,0.73
2348,a,5752,8528,HObbit,1.35
2348,a,5752,16947,Perfecto,1.24
2348,a,5752,8918,electroNic,1.15
2348,a,5752,11840,Boombl4,1.05
2348,a,5752,16555,Ax1Le,1.02
2348,b,5378,13776,Jame,1.57
2348,b,5378,8789,mir,0.84
2348,b,5378,20101,fame,0.8
2348,b,5378,16612,n0rb3r7,0.62
2348,b,5378,12732,FL1T,0.54
23,b,10278,16848,hades,0.75
23,b,10278,15428,Goofy,0.54
23,b,10278,4829,mynio,0.4
23,b,10278,19114,Kylar,0.4
23,b,10278,17504,KEi,0.15
23,a,7532,5794,tabseN,2.43
23,a,7532,19899,Krimbo,2.07
23,a,7532,10981,mantuu,1.66
23,a,7532,20104,s1n,1.65
23,a,7532,19284,prosus,1.01
745,b,11811,19733,DemQQ,1.72
745,b,11811,16885,Woro2k,1.62
745,b,11811,12731,sdy,0.8
745,b,11811,16717,br0,0.8
745,b,11811,20282,kRaSnaL,0.75
745,a,4411,19592,headtr1ck,1.3
745,a,4411,20879,maxster,1.3
745,a,4411,9278,REZ,1.0
745,a,4411,9078,k0nfig,0.91
745,a,4411,8611,es3tag,0.69
2745,a,6665,15165,blameF,1.24
2745,a,6665,20941,Buzz,1.04
2745,a,6665,9896,b0RUP,0.94
2745,a,6665,20304,Staehr,0.9
2745,a,6665,7592,device,0.81
2745,b,9806,17450,sense,1.37
2745,b,9806,8248,jkaem,1.06
2745,b,9806,18790,CacaNito,1.01
2745,b,9806,19677,kyxsan,0.96
2745,b,9806,13670,nawwk,0.88
774,a,11811,16717,br0,1.18
774,a,11811,12731,sdy,1.18
774,a,11811,19733,DemQQ,0.85
774,a,11811,20282,kRaSnaL,0.83
774,a,11811,16885,Woro2k,0.51
774,b,6667,11816,ropz,1.98
774,b,6667,10394,Twistzz,1.78
774,b,6667,18053,broky,0.92
774,b,6667,429,karrigan,0.86
774,b,6667,8183,rain,0.84
2264,a,4991,9115,dexter,1.37
2264,a,4991,7528,KRIMZ,1.13
2264,a,4991,19926,afro,0.93
2264,a,4991,18462,mezii,0.81
2264,a,4991,14419,roeJ,0.64
2264,b,5378,20101,fame,1.32
2264,b,5378,12732,FL1T,1.2
2264,b,5378,16612,n0rb3r7,1.19
2264,b,5378,8789,mir,1.13
2264,b,5378,13776,Jame,0.71
2321,b,7020,21167,donk,1.58
2321,b,7020,7716,chopper,1.27
2321,b,7020,18317,magixx,1.11
2321,b,7020,20423,zont1x,1.07
2321,b,7020,21348,ArtFr0st,1.01
2321,a,5005,8738,EliGE,1.22
2321,a,5005,12840,hallzerk,1.12
2321,a,5005,12713,floppy,1.03
2321,a,5005,13578,Grim,0.93
2321,a,5005,11630,JT,0.54
885,a,7175,14148,sjuush,1.33
885,a,7175,22695,sirah,1.07
885,a,7175,12018,TeSeS,1.0
885,a,7175,7398,dupreeh,0.97
885,a,7175,21983,Chr1zN,0.59
885,b,11861,20700,lattykk,1.61
885,b,11861,19882,Norwi,1.2
885,b,11861,13240,Lack1,1.12
885,b,11861,18670,SELLTER,1.07
885,b,11861,19236,KENSI,0.77
2933,a,7718,9254,mopoz,2.31
2933,a,7718,19698,adamS,1.28
2933,a,7718,8998,JUST,0.98
2933,a,7718,8371,alex,0.97
2933,a,7718,21239,MartinezSa,0.76
2933,b,9996,14780,tge,1.0
2933,b,9996,14736,dgt,0.92
2933,b,9996,12092,max,0.83
2933,b,9996,22613,HUASOPEEK,0.77
2933,b,9996,20607,buda,0.77
28,b,10278,17504,KEi,1.52
28,b,10278,15428,Goofy,0.98
28,b,10278,16848,hades,0.93
28,b,10278,19114,Kylar,0.68
28,b,10278,4829,mynio,0.62
28,a,9806,18790,CacaNito,1.48
28,a,9806,8248,jkaem,1.22
28,a,9806,13670,nawwk,1.14
28,a,9806,17450,sense,1.13
28,a,9806,19677,kyxsan,1.06
112,b,10567,2241,roman,1.34
112,b,10567,630,MUTiRiS,1.18
112,b,10567,20464,ewjerkz,1.0
112,b,10567,20462,story,0.85
112,b,10567,20465,arrozdoce,0.69
112,a,11811,16885,Woro2k,1.72
112,a,11811,19733,DemQQ,1.51
112,a,11811,12731,sdy,0.99
112,a,11811,16717,br0,0.98
112,a,11811,20282,kRaSnaL,0.86
892,a,7532,10981,mantuu,1.05
892,a,7532,19899,Krimbo,1.04
892,a,7532,5794,tabseN,0.99
892,a,7532,19284,prosus,0.99
892,a,7532,20104,s1n,0.68
892,b,11861,19882,Norwi,1.78
892,b,11861,20700,lattykk,1.26
892,b,11861,19236,KENSI,1.17
892,b,11861,18670,SELLTER,0.89
892,b,11861,13240,Lack1,0.74
784,a,11811,16717,br0,2.59
784,a,11811,20282,kRaSnaL,1.89
784,a,11811,12731,sdy,1.46
784,a,11811,19733,DemQQ,1.09
784,a,11811,16885,Woro2k,1.08
784,b,7718,19698,adamS,0.79
784,b,7718,8371,alex,0.63
784,b,7718,8998,JUST,0.59
784,b,7718,21239,MartinezSa,0.54
784,b,7718,9254,mopoz,0.25
2910,b,8297,12553,yuurih,1.1
2910,b,8297,12521,arT,1.07
2910,b,8297,15631,KSCERATO,0.91
2910,b,8297,2023,FalleN,0.63
2910,b,8297,10566,chelo,0.6
2910,a,7532,20104,s1n,1.66
2910,a,7532,19899,Krimbo,1.55
2910,a,7532,5794,tabseN,1.47
2910,a,7532,10981,mantuu,1.01
2910,a,7532,19284,prosus,0.9
1744,a,7020,20423,zont1x,2.39
1744,a,7020,18317,magixx,1.51
1744,a,7020,21348,ArtFr0st,0.97
1744,a,7020,21167,donk,0.95
1744,a,7020,7716,chopper,0.76
1744,b,4494,20312,xertioN,1.49
1744,b,4494,18072,torzsi,0.86
1744,b,4494,16820,siuhy,0.8
1744,b,4494,9960,frozen,0.71
1744,b,4494,18850,Jimpphat,0.54
2859,b,7175,7398,dupreeh,1.75
2859,b,7175,21983,Chr1zN,1.54
2859,b,7175,12018,TeSeS,1.31
2859,b,7175,22695,sirah,0.9
2859,b,7175,14148,sjuush,0.61
2859,a,7532,20104,s1n,1.16
2859,a,7532,10981,mantuu,0.96
2859,a,7532,5794,tabseN,0.96
2859,a,7532,19899,Krimbo,0.95
2859,a,7532,19284,prosus,0.76
2967,b,8297,12553,yuurih,1.69
2967,b,8297,10566,chelo,1.22
2967,b,8297,15631,KSCERATO,1.19
2967,b,8297,12521,arT,0.92
2967,b,8297,2023,FalleN,0.85
2967,a,9806,19677,kyxsan,1.42
2967,a,9806,18790,CacaNito,1.1
2967,a,9806,8248,jkaem,0.83
2967,a,9806,13670,nawwk,0.79
2967,a,9806,17450,sense,0.72
1681,a,5005,12840,hallzerk,0.79
1681,a,5005,12713,floppy,0.74
1681,a,5005,13578,Grim,0.55
1681,a,5005,8738,EliGE,0.54
1681,a,5005,11630,JT,0.41
1681,b,4494,9960,frozen,2.29
1681,b,4494,20312,xertioN,1.58
1681,b,4494,18072,torzsi,1.4
1681,b,4494,18850,Jimpphat,1.33
1681,b,4494,16820,siuhy,1.08
918,b,9806,13670,nawwk,1.1
918,b,9806,18790,CacaNito,1.04
918,b,9806,19677,kyxsan,0.98
918,b,9806,8248,jkaem,0.92
918,b,9806,17450,sense,0.85
918,a,11861,19236,KENSI,1.52
918,a,11861,18670,SELLTER,1.37
918,a,11861,13240,Lack1,1.18
918,a,11861,19882,Norwi,0.9
918,a,11861,20700,lattykk,0.71
2911,a,8297,15631,KSCERATO,0.96
2911,a,8297,12521,arT,0.87
2911,a,8297,10566,chelo,0.86
2911,a,8297,12553,yuurih,0.84
2911,a,8297,2023,FalleN,0.72
2911,b,7532,5794,tabseN,1.7
2911,b,7532,20104,s1n,1.55
2911,b,7532,19899,Krimbo,1.02
2911,b,7532,10981,mantuu,0.99
2911,b,7532,19284,prosus,0.85
723,b,11861,18670,SELLTER,1.45
723,b,11861,19882,Norwi,1.04
723,b,11861,13240,Lack1,0.94
723,b,11861,19236,KENSI,0.75
723,b,11861,20700,lattykk,0.7
723,a,11811,12731,sdy,1.7
723,a,11811,16717,br0,1.32
723,a,11811,16885,Woro2k,1.17
723,a,11811,20282,kRaSnaL,1.07
723,a,11811,19733,DemQQ,0.79
2401,a,8297,12553,yuurih,1.24
2401,a,8297,15631,KSCERATO,1.14
2401,a,8297,2023,FalleN,0.89
2401,a,8297,10566,chelo,0.78
2401,a,8297,12521,arT,0.5
2401,b,5378,16612,n0rb3r7,1.39
2401,b,5378,12732,FL1T,1.32
2401,b,5378,20101,fame,1.3
2401,b,5378,8789,mir,1.24
2401,b,5378,13776,Jame,0.87
7,a,10278,16848,hades,1.41
7,a,10278,19114,Kylar,1.33
7,a,10278,17504,KEi,1.28
7,a,10278,15428,Goofy,1.02
7,a,10278,15726,nawrot,0.76
7,b,10621,11840,Boombl4,1.06
7,b,10621,13982,Forester,1.02
7,b,10621,20113,deko,0.97
7,b,10621,16948,TRAVIS,0.88
7,b,10621,11498,NickelBack,0.8
182,a,7020,18317,magixx,1.98
182,a,7020,21167,donk,1.33
182,a,7020,21348,ArtFr0st,1.32
182,a,7020,20423,zont1x,0.88
182,a,7020,7716,chopper,0.61
182,b,10567,20464,ewjerkz,1.52
182,b,10567,20462,story,1.04
182,b,10567,20465,arrozdoce,0.93
182,b,10567,630,MUTiRiS,0.81
182,b,10567,2241,roman,0.65
764,b,11811,16885,Woro2k,0.95
764,b,11811,16717,br0,0.95
764,b,11811,19733,DemQQ,0.79
764,b,11811,20282,kRaSnaL,0.73
764,b,11811,12731,sdy,0.57
764,a,5378,8789,mir,2.02
764,a,5378,13776,Jame,1.63
764,a,5378,16612,n0rb3r7,1.26
764,a,5378,12732,FL1T,1.15
764,a,5378,20101,fame,1.0
778,a,7020,21167,donk,1.28
778,a,7020,20423,zont1x,1.23
778,a,7020,18317,magixx,0.92
778,a,7020,7716,chopper,0.83
778,a,7020,21348,ArtFr0st,0.66
778,b,11811,20282,kRaSnaL,1.58
778,b,11811,19733,DemQQ,1.26
778,b,11811,16717,br0,1.18
778,b,11811,12731,sdy,0.98
778,b,11811,16885,Woro2k,0.95
2386,a,7175,12018,TeSeS,1.45
2386,a,7175,22695,sirah,1.29
2386,a,7175,21983,Chr1zN,1.04
2386,a,7175,7398,dupreeh,0.91
2386,a,7175,14148,sjuush,0.76
2386,b,5378,12732,FL1T,1.73
2386,b,5378,16612,n0rb3r7,1.19
2386,b,5378,8789,mir,1.1
2386,b,5378,13776,Jame,0.81
2386,b,5378,20101,fame,0.67
2441,a,5752,8528,HObbit,1.41
2441,a,5752,16947,Perfecto,1.2
2441,a,5752,16555,Ax1Le,1.12
2441,a,5752,11840,Boombl4,1.11
2441,a,5752,8918,electroNic,0.88
2441,b,7532,5794,tabseN,1.15
2441,b,7532,10981,mantuu,1.12
2441,b,7532,19899,Krimbo,0.88
2441,b,7532,19284,prosus,0.77
2441,b,7532,20104,s1n,0.62
1727,b,6667,18053,broky,1.74
1727,b,6667,11816,ropz,1.44
1727,b,6667,10394,Twistzz,1.36
1727,b,6667,429,karrigan,1.13
1727,b,6667,8183,rain,0.98
1727,a,4494,9960,frozen,1.54
1727,a,4494,18850,Jimpphat,0.99
1727,a,4494,18072,torzsi,0.67
1727,a,4494,20312,xertioN,0.57
1727,a,4494,16820,siuhy,0.41
2097,a,4863,19645,JamYoung,1.33
2097,a,4863,8950,kaze,1.03
2097,a,4863,8600,advent,0.83
2097,a,4863,21621,Moseyuh,0.68
2097,a,4863,20895,Mercury,0.68
2097,b,8840,18744,z4KR,1.23
2097,b,8840,16551,Westmelon,1.18
2097,b,8840,22922,EmiliaQAQ,1.15
2097,b,8840,20702,Jee,1.08
2097,b,8840,20254,Starry,0.82
2387,a,7175,7398,dupreeh,1.2
2387,a,7175,22695,sirah,1.14
2387,a,7175,14148,sjuush,1.04
2387,a,7175,21983,Chr1zN,0.9
2387,a,7175,12018,TeSeS,0.7
2387,b,5378,12732,FL1T,1.29
2387,b,5378,20101,fame,1.26
2387,b,5378,13776,Jame,1.22
2387,b,5378,8789,mir,1.0
2387,b,5378,16612,n0rb3r7,0.65
2434,b,5752,16555,Ax1Le,1.2
2434,b,5752,11840,Boombl4,1.09
2434,b,5752,8528,HObbit,0.83
2434,b,5752,16947,Perfecto,0.82
2434,b,5752,8918,electroNic,0.73
2434,a,6667,18053,broky,1.64
2434,a,6667,11816,ropz,1.19
2434,a,6667,429,karrigan,1.18
2434,a,6667,8183,rain,0.93
2434,a,6667,10394,Twistzz,0.84
765,b,11811,20282,kRaSnaL,1.5
765,b,11811,16717,br0,1.1
765,b,11811,16885,Woro2k,1.09
765,b,11811,12731,sdy,0.95
765,b,11811,19733,DemQQ,0.5
765,a,5378,8789,mir,1.48
765,a,5378,16612,n0rb3r7,1.31
765,a,5378,12732,FL1T,1.27
765,a,5378,13776,Jame,0.87
765,a,5378,20101,fame,0.84
2372,a,6667,11816,ropz,1.67
2372,a,6667,18053,broky,1.45
2372,a,6667,8183,rain,1.18
2372,a,6667,429,karrigan,0.96
2372,a,6667,10394,Twistzz,0.77
2372,b,5378,20101,fame,1.26
2372,b,5378,12732,FL1T,1.17
2372,b,5378,13776,Jame,1.02
2372,b,5378,8789,mir,0.97
2372,b,5378,16612,n0rb3r7,0.88
729,a,11811,16717,br0,1.8
729,a,11811,16885,Woro2k,1.09
729,a,11811,12731,sdy,0.99
729,a,11811,20282,kRaSnaL,0.89
729,a,11811,19733,DemQQ,0.56
729,b,12260,13497,Lucky,1.67
729,b,12260,19738,Djoko,1.49
729,b,12260,13138,Maka,1.05
729,b,12260,19739,Ex3rcice,0.82
729,b,12260,9656,hAdji,0.74
2065,a,4869,9436,NertZ,2.12
2065,a,4869,19164,SunPayus,1.43
2065,a,4869,11777,Maden,1.33
2065,a,4869,922,Snappi,0.92
2065,a,4869,20813,VLDN,0.71
2065,b,4863,21621,Moseyuh,2.12
2065,b,4863,20895,Mercury,0.78
2065,b,4863,19645,JamYoung,0.73
2065,b,4863,8950,kaze,0.61
2065,b,4863,8600,advent,0.52
2728,a,6665,15165,blameF,2.72
2728,a,6665,20304,Staehr,1.43
2728,a,6665,7592,device,1.3
2728,a,6665,9896,b0RUP,0.86
2728,a,6665,20941,Buzz,0.73
2728,b,8840,16551,Westmelon,0.95
2728,b,8840,18744,z4KR,0.86
2728,b,8840,20254,Starry,0.8
2728,b,8840,22922,EmiliaQAQ,0.7
2728,b,8840,20702,Jee,0.59
2133,a,4869,20813,VLDN,0.93
2133,a,4869,9436,NertZ,0.59
2133,a,4869,19164,SunPayus,0.5
2133,a,4869,11777,Maden,0.43
2133,a,4869,922,Snappi,0.35
2133,b,6665,7592,device,1.96
2133,b,6665,20304,Staehr,1.65
2133,b,6665,15165,blameF,1.53
2133,b,6665,20941,Buzz,1.39
2133,b,6665,9896,b0RUP,1.24
2095,b,4863,8950,kaze,1.42
2095,b,4863,19645,JamYoung,1.1
2095,b,4863,20895,Mercury,0.86
2095,b,4863,8600,advent,0.8
2095,b,4863,21621,Moseyuh,0.66
2095,a,8840,20702,Jee,1.22
2095,a,8840,18744,z4KR,1.21
2095,a,8840,16551,Westmelon,1.15
2095,a,8840,20254,Starry,0.87
2095,a,8840,22922,EmiliaQAQ,0.85
796,a,11861,19882,Norwi,1.26
796,a,11861,19236,KENSI,1.13
796,a,11861,18670,SELLTER,0.95
796,a,11861,13240,Lack1,0.73
796,a,11861,23360,easy,0.71
796,b,11883,12004,clax,1.52
796,b,11883,17508,glowiing,1.33
796,b,11883,14273,iDISBALANCE,1.12
796,b,11883,3347,seized,0.93
796,b,11883,20357,d1Ledez,0.9
10,a,10278,16848,hades,1.34
10,a,10278,19114,Kylar,1.25
10,a,10278,14684,jedqr,0.86
10,a,10278,15428,Goofy,0.7
10,a,10278,17504,KEi,0.56
10,b,12260,13138,Maka,1.36
10,b,12260,19738,Djoko,1.25
10,b,12260,9656,hAdji,1.24
10,b,12260,13497,Lucky,0.97
10,b,12260,19739,Ex3rcice,0.66
2851,b,9806,18790,CacaNito,1.54
2851,b,9806,13670,nawwk,1.19
2851,b,9806,17450,sense,0.79
2851,b,9806,19677,kyxsan,0.76
2851,b,9806,8248,jkaem,0.41
2851,a,7020,21167,donk,1.61
2851,a,7020,7716,chopper,1.47
2851,a,7020,20423,zont1x,1.41
2851,a,7020,21348,ArtFr0st,1.14
2851,a,7020,18317,magixx,0.77
1627,b,6667,11816,ropz,1.1
1627,b,6667,8183,rain,1.08
1627,b,6667,18053,broky,1.08
1627,b,6667,10394,Twistzz,0.99
1627,b,6667,429,karrigan,0.84
1627,a,4411,9078,k0nfig,1.5
1627,a,4411,9278,REZ,1.19
1627,a,4411,19592,headtr1ck,1.1
1627,a,4411,20879,maxster,0.93
1627,a,4411,8611,es3tag,0.74
1728,b,4494,9960,frozen,1.17
1728,b,4494,20312,xertioN,1.01
1728,b,4494,16820,siuhy,0.94
1728,b,4494,18850,Jimpphat,0.86
1728,b,4494,18072,torzsi,0.68
1728,a,6667,11816,ropz,2.02
1728,a,6667,429,karrigan,1.52
1728,a,6667,18053,broky,0.93
1728,a,6667,10394,Twistzz,0.86
1728,a,6667,8183,rain,0.79
1779,a,8840,20254,Starry,1.13
1779,a,8840,16551,Westmelon,1.1
1779,a,8840,18744,z4KR,0.86
1779,a,8840,20702,Jee,0.68
1779,a,8840,22922,EmiliaQAQ,0.66
1779,b,4494,18850,Jimpphat,1.79
1779,b,4494,20312,xertioN,1.43
1779,b,4494,18072,torzsi,1.26
1779,b,4494,9960,frozen,1.04
1779,b,4494,16820,siuhy,0.67
1596,b,4869,9436,NertZ,1.81
1596,b,4869,20813,VLDN,1.51
1596,b,4869,11777,Maden,1.21
1596,b,4869,19164,SunPayus,1.15
1596,b,4869,922,Snappi,1.11
1596,a,4411,9078,k0nfig,1.03
1596,a,4411,9278,REZ,0.79
1596,a,4411,20879,maxster,0.76
1596,a,4411,19592,headtr1ck,0.56
1596,a,4411,8611,es3tag,0.53
347,a,11861,19236,KENSI,1.43
347,a,11861,19882,Norwi,1.2
347,a,11861,13240,Lack1,1.01
347,a,11861,20113,deko,0.93
347,a,11861,18670,SELLTER,0.91
347,b,11251,8575,Calyx,1.09
347,b,11251,7938,XANTARES,1.03
347,b,11251,150,MAJ3R,0.83
347,b,11251,21243,Wicadia,0.82
347,b,11251,8574,woxic,0.81
1719,a,6665,9896,b0RUP,1.43
1719,a,6665,7592,device,1.0
1719,a,6665,15165,blameF,0.89
1719,a,6665,20941,Buzz,0.85
1719,a,6665,20304,Staehr,0.52
1719,b,4494,18850,Jimpphat,2.1
1719,b,4494,20312,xertioN,1.78
1719,b,4494,18072,torzsi,1.11
1719,b,4494,9960,frozen,1.0
1719,b,4494,16820,siuhy,0.56
2139,a,6667,10394,Twistzz,1.58
2139,a,6667,8183,rain,1.39
2139,a,6667,11816,ropz,1.33
2139,a,6667,429,karrigan,0.93
2139,a,6667,18053,broky,0.59
2139,b,4869,20813,VLDN,1.49
2139,b,4869,19164,SunPayus,1.35
2139,b,4869,9436,NertZ,1.1
2139,b,4869,11777,Maden,0.92
2139,b,4869,922,Snappi,0.41
1729,a,4494,18850,Jimpphat,1.35
1729,a,4494,16820,siuhy,1.06
1729,a,4494,20312,xertioN,0.98
1729,a,4494,9960,frozen,0.83
1729,a,4494,18072,torzsi,0.74
1729,b,6667,11816,ropz,1.28
1729,b,6667,429,karrigan,1.27
1729,b,6667,18053,broky,1.12
1729,b,6667,8183,rain,0.97
1729,b,6667,10394,Twistzz,0.85
2922,b,9806,13670,nawwk,1.87
2922,b,9806,18790,CacaNito,1.29
2922,b,9806,17450,sense,1.16
2922,b,9806,19677,kyxsan,1.13
2922,b,9806,8248,jkaem,0.84
2922,a,7532,19284,prosus,1.45
2922,a,7532,5794,tabseN,1.17
2922,a,7532,19899,Krimbo,1.02
2922,a,7532,20104,s1n,0.59
2922,a,7532,10981,mantuu,0.51
189,a,7718,19698,adamS,1.64
189,a,7718,9254,mopoz,1.49
189,a,7718,8998,JUST,1.14
189,a,7718,19509,dav1g,1.03
189,a,7718,21239,MartinezSa,1.0
189,b,10567,20464,ewjerkz,1.17
189,b,10567,20462,story,1.12
189,b,10567,22807,aragornN,0.83
189,b,10567,20465,arrozdoce,0.76
189,b,10567,2241,roman,0.65
920,b,11861,19236,KENSI,2.07
920,b,11861,20113,deko,1.87
920,b,11861,13240,Lack1,1.81
920,b,11861,19882,Norwi,1.62
920,b,11861,18670,SELLTER,1.1
920,a,9806,19677,kyxsan,1.52
920,a,9806,18790,CacaNito,0.45
920,a,9806,6904,STYKO,0.45
920,a,9806,17450,sense,0.43
920,a,9806,8248,jkaem,0.27
414,b,11251,7938,XANTARES,1.33
414,b,11251,21243,Wicadia,1.02
414,b,11251,150,MAJ3R,0.96
414,b,11251,8574,woxic,0.8
414,b,11251,8575,Calyx,0.71
414,a,7532,5794,tabseN,1.69
414,a,7532,19899,Krimbo,1.29
414,a,7532,20104,s1n,1.24
414,a,7532,10981,mantuu,1.04
414,a,7532,19284,prosus,0.85
2929,a,7718,8998,JUST,1.28
2929,a,7718,19698,adamS,1.04
2929,a,7718,9254,mopoz,0.99
2929,a,7718,21239,MartinezSa,0.77
2929,a,7718,19509,dav1g,0.45
2929,b,9215,18835,saffee,1.73
2929,b,9215,21037,insani,1.24
2929,b,9215,20987,brnz4n,1.14
2929,b,9215,11154,exit,0.93
2929,b,9215,19750,drop,0.82
21,a,10278,17504,KEi,1.47
21,a,10278,19114,Kylar,1.26
21,a,10278,22383,jcobbb,0.94
21,a,10278,16848,hades,0.8
21,a,10278,15428,Goofy,0.69
21,b,7020,20423,zont1x,1.72
21,b,7020,21167,donk,1.2
21,b,7020,21348,ArtFr0st,1.09
21,b,7020,7716,chopper,0.95
21,b,7020,18317,magixx,0.52
928,b,12394,18506,S1ren,1.79
928,b,12394,16921,nafany,1.01
928,b,12394,15662,zorte,0.99
928,b,12394,19920,KaiR0N-,0.7
928,b,12394,22039,danistzz,0.54
928,a,11883,17508,glowiing,1.5
928,a,11883,12004,clax,1.3
928,a,11883,14273,iDISBALANCE,1.29
928,a,11883,20357,d1Ledez,1.05
928,a,11883,3347,seized,0.75
900,b,8297,2023,FalleN,1.39
900,b,8297,15631,KSCERATO,1.37
900,b,8297,12521,arT,1.32
900,b,8297,12553,yuurih,1.2
900,b,8297,10566,chelo,0.9
900,a,11861,19882,Norwi,1.14
900,a,11861,20113,deko,1.02
900,a,11861,19236,KENSI,0.83
900,a,11861,18670,SELLTER,0.62
900,a,11861,13240,Lack1,0.52
943,b,9215,11154,exit,1.26
943,b,9215,18835,saffee,0.91
943,b,9215,19750,drop,0.89
943,b,9215,21037,insani,0.86
943,b,9215,20987,brnz4n,0.71
943,a,11883,14273,iDISBALANCE,1.83
943,a,11883,17508,glowiing,1.69
943,a,11883,12004,clax,1.29
943,a,11883,20357,d1Ledez,0.91
943,a,11883,3347,seized,0.58
1169,a,7718,19509,dav1g,1.62
1169,a,7718,9254,mopoz,1.26
1169,a,7718,8998,JUST,0.82
1169,a,7718,21239,MartinezSa,0.72
1169,a,7718,19698,adamS,0.69
1169,b,12394,18506,S1ren,1.58
1169,b,12394,15662,zorte,1.44
1169,b,12394,16921,nafany,1.11
1169,b,12394,22039,danistzz,1.03
1169,b,12394,19920,KaiR0N-,0.82
898,a,11861,19882,Norwi,1.42
898,a,11861,13240,Lack1,1.0
898,a,11861,18670,SELLTER,0.86
898,a,11861,20113,deko,0.82
898,a,11861,19236,KENSI,0.64
898,b,7718,21239,MartinezSa,1.63
898,b,7718,8998,JUST,1.2
898,b,7718,19698,adamS,1.14
898,b,7718,19509,dav1g,1.07
898,b,7718,9254,mopoz,0.65
2836,a,7020,21167,donk,2.22
2836,a,7020,7716,chopper,1.36
2836,a,7020,21348,ArtFr0st,1.06
2836,a,7020,18317,magixx,0.99
2836,a,7020,20423,zont1x,0.7
2836,b,9215,20987,brnz4n,1.56
2836,b,9215,11154,exit,0.82
2836,b,9215,18835,saffee,0.79
2836,b,9215,21037,insani,0.7
2836,b,9215,19750,drop,0.57
418,a,11251,7938,XANTARES,2.17
418,a,11251,150,MAJ3R,1.13
418,a,11251,8575,Calyx,1.04
418,a,11251,8574,woxic,1.0
418,a,11251,21243,Wicadia,0.8
418,b,8297,15631,KSCERATO,1.29
418,b,8297,12521,arT,1.09
418,b,8297,12553,yuurih,0.97
418,b,8297,10566,chelo,0.76
418,b,8297,2023,FalleN,0.62
2931,a,7718,8998,JUST,1.03
2931,a,7718,19509,dav1g,0.92
2931,a,7718,21239,MartinezSa,0.92
2931,a,7718,9254,mopoz,0.86
2931,a,7718,19698,adamS,0.65
2931,b,9806,19677,kyxsan,1.77
2931,b,9806,8248,jkaem,1.24
2931,b,9806,18790,CacaNito,1.09
2931,b,9806,13670,nawwk,0.97
2931,b,9806,17450,sense,0.84
901,a,8297,15631,KSCERATO,1.89
901,a,8297,12553,yuurih,1.58
901,a,8297,12521,arT,1.03
901,a,8297,2023,FalleN,0.79
901,a,8297,10566,chelo,0.61
901,b,11861,20113,deko,1.2
901,b,11861,19882,Norwi,1.09
901,b,11861,18670,SELLTER,1.02
901,b,11861,19236,KENSI,0.98
901,b,11861,13240,Lack1,0.74
1181,b,9215,18835,saffee,1.37
1181,b,9215,20987,brnz4n,1.31
1181,b,9215,11154,exit,1.18
1181,b,9215,21037,insani,1.03
1181,b,9215,19750,drop,0.8
1181,a,12394,15662,zorte,1.25
1181,a,12394,16921,nafany,1.21
1181,a,12394,22039,danistzz,0.98
1181,a,12394,19920,KaiR0N-,0.86
1181,a,12394,18506,S1ren,0.7
2943,a,8135,19808,tN1R,1.42
2943,a,8135,20709,r3salt,0.99
2943,a,8135,17011,shalfey,0.86
2943,a,8135,21387,gokushima,0.83
2943,a,8135,12027,Krad,0.69
2943,b,9806,17450,sense,1.54
2943,b,9806,19677,kyxsan,1.22
2943,b,9806,18790,CacaNito,1.18
2943,b,9806,8248,jkaem,1.15
2943,b,9806,13670,nawwk,0.9
2949,a,8297,10566,chelo,1.63
2949,a,8297,2023,FalleN,1.36
2949,a,8297,12553,yuurih,1.12
2949,a,8297,12521,arT,1.04
2949,a,8297,15631,KSCERATO,0.99
2949,b,9215,11154,exit,1.44
2949,b,9215,21037,insani,0.89
2949,b,9215,20987,brnz4n,0.88
2949,b,9215,19750,drop,0.8
2949,b,9215,18835,saffee,0.77
27,a,10278,16848,hades,1.35
27,a,10278,19114,Kylar,1.24
27,a,10278,17504,KEi,1.14
27,a,10278,22383,jcobbb,1.11
27,a,10278,15428,Goofy,0.92
27,b,8135,12027,Krad,1.08
27,b,8135,21387,gokushima,1.07
27,b,8135,17011,shalfey,1.02
27,b,8135,19808,tN1R,0.95
27,b,8135,20709,r3salt,0.91
942,a,11883,17508,glowiing,1.94
942,a,11883,14273,iDISBALANCE,1.67
942,a,11883,20357,d1Ledez,1.47
942,a,11883,3347,seized,1.08
942,a,11883,12004,clax,0.85
942,b,8297,10566,chelo,1.26
942,b,8297,12553,yuurih,0.91
942,b,8297,2023,FalleN,0.82
942,b,8297,12521,arT,0.68
942,b,8297,15631,KSCERATO,0.65
423,a,11251,7938,XANTARES,1.65
423,a,11251,8574,woxic,1.59
423,a,11251,8575,Calyx,1.52
423,a,11251,150,MAJ3R,1.18
423,a,11251,21243,Wicadia,1.02
423,b,9215,21037,insani,1.32
423,b,9215,19750,drop,0.74
423,b,9215,18835,saffee,0.59
423,b,9215,11154,exit,0.51
423,b,9215,20987,brnz4n,0.5
2916,a,7532,19899,Krimbo,1.24
2916,a,7532,19284,prosus,1.17
2916,a,7532,20104,s1n,1.04
2916,a,7532,5794,tabseN,0.89
2916,a,7532,10981,mantuu,0.85
2916,b,9215,20987,brnz4n,1.28
2916,b,9215,21037,insani,1.24
2916,b,9215,11154,exit,1.1
2916,b,9215,18835,saffee,0.96
2916,b,9215,19750,drop,0.77
29,b,9806,18790,CacaNito,1.2
29,b,9806,19677,kyxsan,1.13
29,b,9806,8248,jkaem,0.94
29,b,9806,17450,sense,0.93
29,b,9806,13670,nawwk,0.7
29,a,10278,17504,KEi,1.47
29,a,10278,19114,Kylar,1.34
29,a,10278,16848,hades,1.24
29,a,10278,15428,Goofy,1.12
29,a,10278,22383,jcobbb,0.74
349,a,11883,20357,d1Ledez,1.51
349,a,11883,17508,glowiing,1.26
349,a,11883,12004,clax,1.2
349,a,11883,14273,iDISBALANCE,0.89
349,a,11883,3347,seized,0.64
349,b,11251,7938,XANTARES,1.55
349,b,11251,21243,Wicadia,1.05
349,b,11251,8575,Calyx,0.93
349,b,11251,8574,woxic,0.86
349,b,11251,150,MAJ3R,0.56
912,a,11861,13240,Lack1,1.12
912,a,11861,18670,SELLTER,1.05
912,a,11861,20113,deko,0.88
912,a,11861,19882,Norwi,0.64
912,a,11861,19236,KENSI,0.52
912,b,9215,21037,insani,2.15
912,b,9215,11154,exit,1.3
912,b,9215,20987,brnz4n,1.17
912,b,9215,19750,drop,0.95
912,b,9215,18835,saffee,0.88
22,b,7020,18317,magixx,1.65
22,b,7020,21167,donk,1.45
22,b,7020,7716,chopper,1.19
22,b,7020,20423,zont1x,1.17
22,b,7020,21348,ArtFr0st,1.01
22,a,10278,16848,hades,1.01
22,a,10278,17504,KEi,0.99
22,a,10278,19114,Kylar,0.92
22,a,10278,15428,Goofy,0.69
22,a,10278,22383,jcobbb,0.53
1626,b,6667,11816,ropz,1.43
1626,b,6667,10394,Twistzz,1.33
1626,b,6667,18053,broky,1.13
1626,b,6667,8183,rain,1.06
1626,b,6667,429,karrigan,0.91
1626,a,4411,9278,REZ,1.07
1626,a,4411,9078,k0nfig,1.04
1626,a,4411,8371,alex,0.84
1626,a,4411,8611,es3tag,0.82
1626,a,4411,19592,headtr1ck,0.67
1834,a,5752,8918,electroNic,1.44
1834,a,5752,16947,Perfecto,1.2
1834,a,5752,16555,Ax1Le,1.04
1834,a,5752,11840,Boombl4,0.81
1834,a,5752,8528,HObbit,0.76
1834,b,4608,14759,iM,1.42
1834,b,4608,20127,w0nderful,1.12
1834,b,4608,19206,jL,1.1
1834,b,4608,18987,b1t,0.97
1834,b,4608,9816,Aleksib,0.58
2890,b,9565,18221,Spinx,1.56
2890,b,9565,11893,ZywOo,1.25
2890,b,9565,7322,apEX,1.02
2890,b,9565,16693,flameZ,0.94
2890,b,9565,18462,mezii,0.93
2890,a,7175,14148,sjuush,1.16
2890,a,7175,20090,Zyphon,0.93
2890,a,7175,7964,cadiaN,0.88
2890,a,7175,12018,TeSeS,0.8
2890,a,7175,7398,dupreeh,0.68
2312,b,5005,11630,JT,1.53
2312,b,5005,13578,Grim,1.3
2312,b,5005,8738,EliGE,1.04
2312,b,5005,12840,hallzerk,1.04
2312,b,5005,12713,floppy,0.91
2312,a,6665,20304,Staehr,1.15
2312,a,6665,15165,blameF,1.07
2312,a,6665,7592,device,0.98
2312,a,6665,20941,Buzz,0.8
2312,a,6665,9896,b0RUP,0.57
1587,a,4411,9278,REZ,1.19
1587,a,4411,9078,k0nfig,0.77
1587,a,4411,19592,headtr1ck,0.73
1587,a,4411,8371,alex,0.63
1587,a,4411,8611,es3tag,0.48
1587,b,4608,14759,iM,1.64
1587,b,4608,19206,jL,1.56
1587,b,4608,20127,w0nderful,1.28
1587,b,4608,18987,b1t,1.26
1587,b,4608,9816,Aleksib,1.12
2433,a,6667,8183,rain,1.49
2433,a,6667,10394,Twistzz,1.38
2433,a,6667,429,karrigan,1.16
2433,a,6667,18053,broky,0.96
2433,a,6667,11816,ropz,0.92
2433,b,5752,8918,electroNic,1.41
2433,b,5752,16555,Ax1Le,0.96
2433,b,5752,16947,Perfecto,0.87
2433,b,5752,8528,HObbit,0.85
2433,b,5752,11840,Boombl4,0.76
2708,a,7175,14148,sjuush,1.48
2708,a,7175,7964,cadiaN,1.43
2708,a,7175,20090,Zyphon,1.2
2708,a,7175,12018,TeSeS,0.9
2708,a,7175,7398,dupreeh,0.63
2708,b,6665,7592,device,1.82
2708,b,6665,15165,blameF,1.06
2708,b,6665,20304,Staehr,0.89
2708,b,6665,20941,Buzz,0.81
2708,b,6665,9896,b0RUP,0.59
2342,a,9565,11893,ZywOo,2.44
2342,a,9565,16693,flameZ,1.58
2342,a,9565,7322,apEX,1.2
2342,a,9565,18462,mezii,0.94
2342,a,9565,18221,Spinx,0.78
2342,b,5005,12840,hallzerk,1.34
2342,b,5005,8738,EliGE,0.95
2342,b,5005,13578,Grim,0.93
2342,b,5005,11630,JT,0.6
2342,b,5005,12713,floppy,0.5
753,a,11811,12731,sdy,1.72
753,a,11811,19733,DemQQ,1.36
753,a,11811,16717,br0,1.28
753,a,11811,16885,Woro2k,1.23
753,a,11811,20282,kRaSnaL,1.14
753,b,4863,20895,Mercury,1.06
753,b,4863,8950,kaze,0.94
753,b,4863,21621,Moseyuh,0.91
753,b,4863,19645,JamYoung,0.65
753,b,4863,8600,advent,0.61
2172,b,5378,8789,mir,1.63
2172,b,5378,16612,n0rb3r7,1.35
2172,b,5378,20101,fame,1.16
2172,b,5378,13776,Jame,1.14
2172,b,5378,12732,FL1T,0.8
2172,a,4914,19738,Djoko,1.11
2172,a,4914,19739,Ex3rcice,0.99
2172,a,4914,9656,hAdji,0.92
2172,a,4914,13497,Lucky,0.8
2172,a,4914,13138,Maka,0.58
2994,a,9215,21037,insani,1.87
2994,a,9215,11154,exit,1.12
2994,a,9215,20987,brnz4n,1.02
2994,a,9215,18835,saffee,0.98
2994,a,9215,19750,drop,0.97
2994,b,9928,20358,volt,1.19
2994,b,9928,2553,Snax,1.18
2994,b,9928,10330,acoR,0.83
2994,b,9928,15117,Keoz,0.78
2994,b,9928,17937,isak,0.72
2439,b,5752,8528,HObbit,1.9
2439,b,5752,8918,electroNic,1.81
2439,b,5752,16555,Ax1Le,1.57
2439,b,5752,16947,Perfecto,0.85
2439,b,5752,11840,Boombl4,0.78
2439,a,7175,12018,TeSeS,0.99
2439,a,7175,7964,cadiaN,0.89
2439,a,7175,7398,dupreeh,0.85
2439,a,7175,14148,sjuush,0.54
2439,a,7175,20090,Zyphon,0.43
2407,a,5378,16612,n0rb3r7,1.32
2407,a,5378,13776,Jame,1.25
2407,a,5378,12732,FL1T,1.07
2407,a,5378,20101,fame,0.72
2407,a,5378,8789,mir,0.6
2407,b,9215,21037,insani,1.26
2407,b,9215,19750,drop,1.17
2407,b,9215,20987,brnz4n,1.12
2407,b,9215,11154,exit,1.02
2407,b,9215,18835,saffee,0.94
1826,b,4608,9816,Aleksib,1.17
1826,b,4608,14759,iM,1.1
1826,b,4608,18987,b1t,1.09
1826,b,4608,19206,jL,0.89
1826,b,4608,20127,w0nderful,0.77
1826,a,5005,8738,EliGE,1.93
1826,a,5005,12713,floppy,1.33
1826,a,5005,12840,hallzerk,1.25
1826,a,5005,13578,Grim,0.71
1826,a,5005,11630,JT,0.66
2253,b,4914,9656,hAdji,1.14
2253,b,4914,19738,Djoko,1.13
2253,b,4914,13138,Maka,1.01
2253,b,4914,19739,Ex3rcice,0.87
2253,b,4914,13497,Lucky,0.7
2253,a,9928,10330,acoR,1.49
2253,a,9928,2553,Snax,1.43
2253,a,9928,20358,volt,1.3
2253,a,9928,15117,Keoz,0.73
2253,a,9928,17937,isak,0.57
372,b,4863,21621,Moseyuh,0.93
372,b,4863,8950,kaze,0.83
372,b,4863,19645,JamYoung,0.73
372,b,4863,8600,advent,0.54
372,b,4863,20895,Mercury,0.48
372,a,11251,21243,Wicadia,1.72
372,a,11251,7938,XANTARES,1.37
372,a,11251,8574,woxic,1.26
372,a,11251,8575,Calyx,1.2
372,a,11251,150,MAJ3R,0.94
2424,b,5378,8789,mir,1.24
2424,b,5378,13776,Jame,1.19
2424,b,5378,16612,n0rb3r7,1.17
2424,b,5378,12732,FL1T,1.06
2424,b,5378,20101,fame,0.95
2424,a,9928,2553,Snax,1.13
2424,a,9928,17937,isak,1.04
2424,a,9928,15117,Keoz,1.0
2424,a,9928,20358,volt,0.8
2424,a,9928,10330,acoR,0.79
2446,a,9565,18221,Spinx,1.61
2446,a,9565,11893,ZywOo,1.11
2446,a,9565,16693,flameZ,1.0
2446,a,9565,18462,mezii,0.92
2446,a,9565,7322,apEX,0.81
2446,b,5752,8918,electroNic,1.53
2446,b,5752,16555,Ax1Le,1.05
2446,b,5752,16947,Perfecto,0.82
2446,b,5752,11840,Boombl4,0.76
2446,b,5752,8528,HObbit,0.76
2316,b,6667,8183,rain,1.93
2316,b,6667,429,karrigan,1.32
2316,b,6667,18053,broky,1.27
2316,b,6667,10394,Twistzz,1.03
2316,b,6667,11816,ropz,0.97
2316,a,5005,8738,EliGE,1.36
2316,a,5005,11630,JT,1.32
2316,a,5005,12713,floppy,0.87
2316,a,5005,13578,Grim,0.67
2316,a,5005,12840,hallzerk,0.57
762,b,11811,12731,sdy,1.76
762,b,11811,20282,kRaSnaL,1.19
762,b,11811,16717,br0,1.02
762,b,11811,16885,Woro2k,1.01
762,b,11811,19733,DemQQ,0.85
762,a,5378,20101,fame,1.21
762,a,5378,16612,n0rb3r7,1.06
762,a,5378,12732,FL1T,0.96
762,a,5378,8789,mir,0.85
762,a,5378,13776,Jame,0.65
421,b,11251,8575,Calyx,1.42
421,b,11251,8574,woxic,1.3
421,b,11251,7938,XANTARES,1.06
421,b,11251,21243,Wicadia,0.78
421,b,11251,150,MAJ3R,0.76
421,a,9215,18835,saffee,1.34
421,a,9215,11154,exit,1.07
421,a,9215,19750,drop,0.95
421,a,9215,21037,insani,0.93
421,a,9215,20987,brnz4n,0.89
2786,a,9565,11893,ZywOo,1.28
2786,a,9565,18221,Spinx,1.11
2786,a,9565,16693,flameZ,0.98
2786,a,9565,18462,mezii,0.97
2786,a,9565,7322,apEX,0.9
2786,b,6667,8183,rain,1.42
2786,b,6667,18053,broky,1.2
2786,b,6667,10394,Twistzz,1.08
2786,b,6667,11816,ropz,1.02
2786,b,6667,429,karrigan,0.56
345,a,11811,16717,br0,1.81
345,a,11811,16885,Woro2k,1.08
345,a,11811,12731,sdy,0.95
345,a,11811,20282,kRaSnaL,0.95
345,a,11811,19733,DemQQ,0.88
345,b,11251,21243,Wicadia,1.5
345,b,11251,7938,XANTARES,1.45
345,b,11251,8574,woxic,0.87
345,b,11251,150,MAJ3R,0.8
345,b,11251,8575,Calyx,0.68
2148,b,4869,11777,Maden,1.15
2148,b,4869,19164,SunPayus,0.98
2148,b,4869,16080,dycha,0.68
2148,b,4869,7412,gla1ve,0.54
2148,b,4869,9436,NertZ,0.47
2148,a,7865,11283,ottoNd,1.77
2148,a,7865,9271,sLowi,1.38
2148,a,7865,20625,Banjo,1.26
2148,a,7865,20593,Airax,1.09
2148,a,7865,9818,uli,0.88
2935,b,7865,11283,ottoNd,1.14
2935,b,7865,20625,Banjo,1.1
2935,b,7865,9818,uli,1.02
2935,b,7865,9271,sLowi,0.99
2935,b,7865,20593,Airax,0.97
2935,a,9928,15117,Keoz,1.2
2935,a,9928,2553,Snax,1.2
2935,a,9928,20358,volt,0.95
2935,a,9928,10330,acoR,0.85
2935,a,9928,17937,isak,0.69
1801,b,4494,18072,torzsi,1.11
1801,b,4494,18850,Jimpphat,1.1
1801,b,4494,20312,xertioN,1.03
1801,b,4494,9960,frozen,0.97
1801,b,4494,16820,siuhy,0.72
1801,a,9806,8248,jkaem,1.39
1801,a,9806,19677,kyxsan,1.38
1801,a,9806,18790,CacaNito,1.11
1801,a,9806,13670,nawwk,0.89
1801,a,9806,17450,sense,0.81
123,b,10567,20465,arrozdoce,1.49
123,b,10567,630,MUTiRiS,1.29
123,b,10567,20464,ewjerkz,0.98
123,b,10567,20462,story,0.96
123,b,10567,2241,roman,0.86
123,a,11883,17508,glowiing,1.25
123,a,11883,12004,clax,1.09
123,a,11883,14273,iDISBALANCE,1.08
123,a,11883,3347,seized,0.89
123,a,11883,20357,d1Ledez,0.69
2334,b,5005,8738,EliGE,1.03
2334,b,5005,13578,Grim,1.01
2334,b,5005,12840,hallzerk,0.87
2334,b,5005,12713,floppy,0.81
2334,b,5005,11630,JT,0.64
2334,a,8297,12521,arT,2.01
2334,a,8297,2023,FalleN,1.47
2334,a,8297,12553,yuurih,1.02
2334,a,8297,15631,KSCERATO,0.99
2334,a,8297,10566,chelo,0.79
2968,a,9806,13670,nawwk,1.98
2968,a,9806,8248,jkaem,1.81
2968,a,9806,18790,CacaNito,1.54
2968,a,9806,17450,sense,1.24
2968,a,9806,19677,kyxsan,1.0
2968,b,8297,10566,chelo,1.05
2968,b,8297,15631,KSCERATO,0.75
2968,b,8297,12521,arT,0.68
2968,b,8297,12553,yuurih,0.49
2968,b,8297,2023,FalleN,0.32
1680,b,4494,18072,torzsi,1.37
1680,b,4494,16820,siuhy,1.1
1680,b,4494,20312,xertioN,1.1
1680,b,4494,9960,frozen,1.08
1680,b,4494,18850,Jimpphat,1.07
1680,a,5005,8738,EliGE,1.49
1680,a,5005,11630,JT,1.13
1680,a,5005,12713,floppy,0.94
1680,a,5005,12840,hallzerk,0.58
1680,a,5005,13578,Grim,0.52
2160,a,9928,2553,Snax,1.39
2160,a,9928,15117,Keoz,1.36
2160,a,9928,10330,acoR,0.8
2160,a,9928,17937,isak,0.53
2160,a,9928,20358,volt,0.45
2160,b,4869,9436,NertZ,1.97
2160,b,4869,7412,gla1ve,1.31
2160,b,4869,11777,Maden,1.26
2160,b,4869,16080,dycha,1.0
2160,b,4869,19164,SunPayus,0.89
1768,b,8297,15631,KSCERATO,1.63
1768,b,8297,12521,arT,1.47
1768,b,8297,12553,yuurih,1.15
1768,b,8297,10566,chelo,1.06
1768,b,8297,2023,FalleN,0.81
1768,a,4494,18072,torzsi,1.1
1768,a,4494,20312,xertioN,1.08
1768,a,4494,18850,Jimpphat,0.88
1768,a,4494,16820,siuhy,0.8
1768,a,4494,9960,frozen,0.59
2159,a,9806,13670,nawwk,1.45
2159,a,9806,19677,kyxsan,1.37
2159,a,9806,18790,CacaNito,0.91
2159,a,9806,8248,jkaem,0.87
2159,a,9806,17450,sense,0.76
2159,b,4869,19164,SunPayus,1.16
2159,b,4869,7412,gla1ve,1.1
2159,b,4869,11777,Maden,1.06
2159,b,4869,16080,dycha,0.9
2159,b,4869,9436,NertZ,0.69
2934,b,7865,9271,sLowi,1.15
2934,b,7865,20593,Airax,0.73
2934,b,7865,11283,ottoNd,0.49
2934,b,7865,20625,Banjo,0.37
2934,b,7865,9818,uli,0.25
2934,a,8297,15631,KSCERATO,1.87
2934,a,8297,12521,arT,1.65
2934,a,8297,12553,yuurih,1.6
2934,a,8297,10566,chelo,1.58
2934,a,8297,2023,FalleN,1.36
118,b,10567,20464,ewjerkz,0.98
118,b,10567,2241,roman,0.65
118,b,10567,20465,arrozdoce,0.51
118,b,10567,20462,story,0.47
118,b,10567,630,MUTiRiS,0.3
118,a,11861,13240,Lack1,2.3
118,a,11861,19236,KENSI,1.84
118,a,11861,20113,deko,1.56
118,a,11861,18670,SELLTER,1.22
118,a,11861,19882,Norwi,1.18
2969,a,9806,19677,kyxsan,1.27
2969,a,9806,13670,nawwk,0.86
2969,a,9806,18790,CacaNito,0.81
2969,a,9806,17450,sense,0.8
2969,a,9806,8248,jkaem,0.7
2969,b,8297,15631,KSCERATO,1.78
2969,b,8297,10566,chelo,1.36
2969,b,8297,12553,yuurih,1.11
2969,b,8297,2023,FalleN,0.95
2969,b,8297,12521,arT,0.74
2451,a,9928,17937,isak,1.01
2451,a,9928,20358,volt,0.66
2451,a,9928,10330,acoR,0.58
2451,a,9928,15117,Keoz,0.55
2451,a,9928,2553,Snax,0.44
2451,b,5752,8918,electroNic,2.15
2451,b,5752,16555,Ax1Le,1.43
2451,b,5752,8528,HObbit,1.34
2451,b,5752,11840,Boombl4,1.22
2451,b,5752,16947,Perfecto,1.13
1178,a,9215,19750,drop,2.29
1178,a,9215,21037,insani,2.05
1178,a,9215,11154,exit,1.52
1178,a,9215,20987,brnz4n,1.1
1178,a,9215,18835,saffee,0.97
1178,b,12394,15662,zorte,0.85
1178,b,12394,16921,nafany,0.83
1178,b,12394,22039,danistzz,0.81
1178,b,12394,18506,S1ren,0.67
1178,b,12394,19920,KaiR0N-,0.22
851,b,5995,19230,m0NESY,1.13
851,b,5995,3741,NiKo,1.06
851,b,5995,10096,HooXi,0.74
851,b,5995,3972,huNter-,0.65
851,b,5995,9618,nexa,0.57
851,a,11861,20113,deko,2.2
851,a,11861,18670,SELLTER,1.79
851,a,11861,19236,KENSI,1.29
851,a,11861,19882,Norwi,1.12
851,a,11861,13240,Lack1,1.06
2928,a,8135,17011,shalfey,1.48
2928,a,8135,20709,r3salt,1.12
2928,a,8135,21387,gokushima,1.03
2928,a,8135,12027,Krad,0.92
2928,a,8135,19808,tN1R,0.81
2928,b,7718,9254,mopoz,1.69
2928,b,7718,19509,dav1g,1.43
2928,b,7718,19698,adamS,1.21
2928,b,7718,8998,JUST,0.86
2928,b,7718,4360,bladE,0.41
941,b,7532,19284,prosus,2.06
941,b,7532,5794,tabseN,1.31
941,b,7532,10981,mantuu,1.19
941,b,7532,20104,s1n,1.18
941,b,7532,19899,Krimbo,1.09
941,a,11883,20357,d1Ledez,1.24
941,a,11883,14273,iDISBALANCE,0.89
941,a,11883,12004,clax,0.83
941,a,11883,17508,glowiing,0.58
941,a,11883,3347,seized,0.48
2368,b,6665,7592,device,1.02
2368,b,6665,17956,jabbi,0.86
2368,b,6665,20304,Staehr,0.81
2368,b,6665,15165,blameF,0.76
2368,b,6665,10994,stavn,0.61
2368,a,5378,16612,n0rb3r7,1.73
2368,a,5378,8789,mir,1.33
2368,a,5378,12732,FL1T,1.2
2368,a,5378,20101,fame,1.05
2368,a,5378,13776,Jame,0.93
124,b,11883,12004,clax,1.56
124,b,11883,17508,glowiing,1.14
124,b,11883,20357,d1Ledez,1.04
124,b,11883,3347,seized,1.03
124,b,11883,14273,iDISBALANCE,0.9
124,a,10567,20464,ewjerkz,1.23
124,a,10567,20465,arrozdoce,1.23
124,a,10567,630,MUTiRiS,0.95
124,a,10567,2241,roman,0.91
124,a,10567,20462,story,0.73
2825,b,8297,15631,KSCERATO,1.22
2825,b,8297,12521,arT,1.21
2825,b,8297,12553,yuurih,0.98
2825,b,8297,10566,chelo,0.75
2825,b,8297,2023,FalleN,0.61
2825,a,7020,21167,donk,1.37
2825,a,7020,21348,ArtFr0st,1.2
2825,a,7020,20423,zont1x,1.05
2825,a,7020,18317,magixx,1.0
2825,a,7020,7716,chopper,0.79
894,b,11861,13240,Lack1,1.54
894,b,11861,19236,KENSI,1.21
894,b,11861,18670,SELLTER,0.83
894,b,11861,19882,Norwi,0.51
894,b,11861,20113,deko,0.48
894,a,7532,19899,Krimbo,2.79
894,a,7532,5794,tabseN,1.12
894,a,7532,10981,mantuu,0.87
894,a,7532,20104,s1n,0.84
894,a,7532,19284,prosus,0.8
1191,a,9928,17937,isak,1.43
1191,a,9928,2553,Snax,1.05
1191,a,9928,10330,acoR,0.74
1191,a,9928,15117,Keoz,0.57
1191,a,9928,20358,volt,0.51
1191,b,12394,15662,zorte,1.8
1191,b,12394,22039,danistzz,1.62
1191,b,12394,18506,S1ren,1.37
1191,b,12394,16921,nafany,0.99
1191,b,12394,19920,KaiR0N-,0.8
2251,a,4914,19739,Ex3rcice,1.43
2251,a,4914,13497,Lucky,1.33
2251,a,4914,13138,Maka,1.3
2251,a,4914,19738,Djoko,1.21
2251,a,4914,9656,hAdji,0.99
2251,b,9806,19677,kyxsan,1.44
2251,b,9806,17450,sense,0.92
2251,b,9806,18790,CacaNito,0.86
2251,b,9806,8248,jkaem,0.65
2251,b,9806,13670,nawwk,0.48
2380,b,5378,20101,fame,1.48
2380,b,5378,16612,n0rb3r7,1.17
2380,b,5378,12732,FL1T,1.02
2380,b,5378,8789,mir,0.9
2380,b,5378,13776,Jame,0.86
2380,a,7020,21167,donk,1.14
2380,a,7020,20423,zont1x,1.11
2380,a,7020,21348,ArtFr0st,0.84
2380,a,7020,7716,chopper,0.77
2380,a,7020,18317,magixx,0.71
2094,a,8840,18744,z4KR,1.75
2094,a,8840,16551,Westmelon,0.75
2094,a,8840,20254,Starry,0.75
2094,a,8840,20702,Jee,0.7
2094,a,8840,22922,EmiliaQAQ,0.35
2094,b,4863,8604,aumaN,1.58
2094,b,4863,20895,Mercury,1.55
2094,b,4863,19645,JamYoung,1.31
2094,b,4863,8950,kaze,1.28
2094,b,4863,8600,advent,0.62
2445,a,5752,16947,Perfecto,1.13
2445,a,5752,8528,HObbit,0.98
2445,a,5752,11840,Boombl4,0.7
2445,a,5752,8918,electroNic,0.68
2445,a,5752,16555,Ax1Le,0.64
2445,b,9215,20987,brnz4n,1.88
2445,b,9215,19750,drop,1.23
2445,b,9215,21037,insani,1.15
2445,b,9215,18835,saffee,1.13
2445,b,9215,11154,exit,1.0
2721,b,6665,15165,blameF,1.17
2721,b,6665,10994,stavn,1.05
2721,b,6665,17956,jabbi,0.88
2721,b,6665,7592,device,0.65
2721,b,6665,20304,Staehr,0.42
2721,a,8297,12553,yuurih,1.9
2721,a,8297,10566,chelo,1.3
2721,a,8297,15631,KSCERATO,1.22
2721,a,8297,12521,arT,1.07
2721,a,8297,2023,FalleN,0.9
895,b,7532,19899,Krimbo,1.46
895,b,7532,19284,prosus,1.41
895,b,7532,20104,s1n,1.31
895,b,7532,5794,tabseN,0.97
895,b,7532,10981,mantuu,0.82
895,a,11861,13240,Lack1,1.75
895,a,11861,19236,KENSI,0.87
895,a,11861,19882,Norwi,0.86
895,a,11861,20113,deko,0.72
895,a,11861,18670,SELLTER,0.62
1139,b,12394,18506,S1ren,1.68
1139,b,12394,16921,nafany,1.37
1139,b,12394,22039,danistzz,1.36
1139,b,12394,15662,zorte,1.34
1139,b,12394,19920,KaiR0N-,0.85
1139,a,5752,8918,electroNic,1.55
1139,a,5752,11840,Boombl4,0.85
1139,a,5752,16555,Ax1Le,0.71
1139,a,5752,16947,Perfecto,0.7
1139,a,5752,8528,HObbit,0.52
2826,a,7020,21167,donk,1.72
2826,a,7020,20423,zont1x,1.66
2826,a,7020,21348,ArtFr0st,1.41
2826,a,7020,18317,magixx,1.1
2826,a,7020,7716,chopper,0.54
2826,b,8297,15631,KSCERATO,1.26
2826,b,8297,2023,FalleN,0.95
2826,b,8297,12553,yuurih,0.83
2826,b,8297,10566,chelo,0.75
2826,b,8297,12521,arT,0.53
2942,a,9806,19677,kyxsan,0.94
2942,a,9806,18790,CacaNito,0.92
2942,a,9806,8248,jkaem,0.82
2942,a,9806,13670,nawwk,0.81
2942,a,9806,17450,sense,0.8
2942,b,8135,12027,Krad,1.68
2942,b,8135,21387,gokushima,1.6
2942,b,8135,17011,shalfey,1.59
2942,b,8135,20709,r3salt,0.89
2942,b,8135,19808,tN1R,0.57
1137,a,12394,22039,danistzz,1.25
1137,a,12394,15662,zorte,0.85
1137,a,12394,19920,KaiR0N-,0.83
1137,a,12394,16921,nafany,0.79
1137,a,12394,18506,S1ren,0.62
1137,b,5378,12732,FL1T,1.57
1137,b,5378,20101,fame,1.5
1137,b,5378,13776,Jame,1.42
1137,b,5378,16612,n0rb3r7,1.15
1137,b,5378,8789,mir,0.54
2654,b,8840,16551,Westmelon,1.5
2654,b,8840,20702,Jee,1.28
2654,b,8840,22922,EmiliaQAQ,0.59
2654,b,8840,20254,Starry,0.53
2654,b,8840,18744,z4KR,0.46
2654,a,6248,20194,bLitz,2.32
2654,a,6248,20903,Senzu,1.49
2654,a,6248,21809,910,1.25
2654,a,6248,20275,Techno,1.1
2654,a,6248,21001,mzinho,1.04
2835,b,9215,21037,insani,1.44
2835,b,9215,19750,drop,0.99
2835,b,9215,11154,exit,0.51
2835,b,9215,20987,brnz4n,0.46
2835,b,9215,18835,saffee,0.37
2835,a,7020,18317,magixx,1.87
2835,a,7020,20423,zont1x,1.78
2835,a,7020,21167,donk,1.53
2835,a,7020,21348,ArtFr0st,1.32
2835,a,7020,7716,chopper,1.03
2381,b,5378,12732,FL1T,1.18
2381,b,5378,20101,fame,0.93
2381,b,5378,16612,n0rb3r7,0.93
2381,b,5378,13776,Jame,0.88
2381,b,5378,8789,mir,0.86
2381,a,7020,21167,donk,1.36
2381,a,7020,20423,zont1x,1.19
2381,a,7020,21348,ArtFr0st,1.16
2381,a,7020,18317,magixx,0.99
2381,a,7020,7716,chopper,0.82
2078,a,4863,8950,kaze,1.58
2078,a,4863,8604,aumaN,1.24
2078,a,4863,20895,Mercury,1.2
2078,a,4863,8600,advent,0.95
2078,a,4863,19645,JamYoung,0.65
2078,b,6248,21001,mzinho,1.23
2078,b,6248,20194,bLitz,1.2
2078,b,6248,21809,910,1.13
2078,b,6248,20903,Senzu,0.94
2078,b,6248,20275,Techno,0.8
2233,b,4914,19739,Ex3rcice,1.64
2233,b,4914,13138,Maka,1.62
2233,b,4914,9656,hAdji,1.6
2233,b,4914,19738,Djoko,0.81
2233,b,4914,13497,Lucky,0.76
2233,a,8135,21387,gokushima,1.1
2233,a,8135,12027,Krad,0.79
2233,a,8135,20709,r3salt,0.79
2233,a,8135,17011,shalfey,0.68
2233,a,8135,19808,tN1R,0.66
191,a,10567,630,MUTiRiS,1.22
191,a,10567,20465,arrozdoce,1.02
191,a,10567,20462,story,0.86
191,a,10567,20464,ewjerkz,0.66
191,a,10567,2241,roman,0.55
191,b,8135,19808,tN1R,1.68
191,b,8135,21387,gokushima,1.63
191,b,8135,20709,r3salt,1.2
191,b,8135,17011,shalfey,0.98
191,b,8135,23048,kelieN,0.97
26,b,10278,19114,Kylar,1.52
26,b,10278,22383,jcobbb,1.38
26,b,10278,15428,Goofy,1.06
26,b,10278,16848,hades,0.88
26,b,10278,17504,KEi,0.85
26,a,8135,21387,gokushima,1.4
26,a,8135,23048,kelieN,1.1
26,a,8135,17011,shalfey,0.9
26,a,8135,19808,tN1R,0.77
26,a,8135,20709,r3salt,0.76
2123,b,5752,8918,electroNic,1.62
2123,b,5752,16555,Ax1Le,1.59
2123,b,5752,16947,Perfecto,0.85
2123,b,5752,8528,HObbit,0.84
2123,b,5752,11840,Boombl4,0.82
2123,a,4869,9436,NertZ,1.13
2123,a,4869,19164,SunPayus,1.12
2123,a,4869,16080,dycha,0.95
2123,a,4869,11777,Maden,0.86
2123,a,4869,7412,gla1ve,0.67
1925,b,9565,18221,Spinx,1.53
1925,b,9565,18462,mezii,1.52
1925,b,9565,16693,flameZ,1.32
1925,b,9565,11893,ZywOo,1.32
1925,b,9565,7322,apEX,0.91
1925,a,4608,19206,jL,1.17
1925,a,4608,14759,iM,0.94
1925,a,4608,20127,w0nderful,0.84
1925,a,4608,9816,Aleksib,0.77
1925,a,4608,18987,b1t,0.68
2767,b,6667,9960,frozen,1.31
2767,b,6667,18053,broky,1.31
2767,b,6667,11816,ropz,1.25
2767,b,6667,429,karrigan,1.03
2767,b,6667,8183,rain,0.92
2767,a,7175,12018,TeSeS,1.32
2767,a,7175,20090,Zyphon,1.15
2767,a,7175,7398,dupreeh,0.9
2767,a,7175,21379,salazar,0.83
2767,a,7175,14148,sjuush,0.76
11,a,10278,19114,Kylar,1.9
11,a,10278,22383,jcobbb,1.88
11,a,10278,16848,hades,1.41
11,a,10278,15428,Goofy,1.04
11,a,10278,17504,KEi,0.87
11,b,12394,22039,danistzz,0.97
11,b,12394,16921,nafany,0.92
11,b,12394,15662,zorte,0.88
11,b,12394,19920,KaiR0N-,0.78
11,b,12394,21667,Magnojez,0.59
1701,b,4494,18850,Jimpphat,1.15
1701,b,4494,20312,xertioN,1.0
1701,b,4494,16820,siuhy,0.89
1701,b,4494,13666,Brollan,0.82
1701,b,4494,18072,torzsi,0.74
1701,a,5995,19230,m0NESY,1.67
1701,a,5995,9618,nexa,1.26
1701,a,5995,10096,HooXi,0.94
1701,a,5995,3972,huNter-,0.86
1701,a,5995,3741,NiKo,0.86
893,b,7532,5794,tabseN,1.57
893,b,7532,20104,s1n,1.36
893,b,7532,19899,Krimbo,0.91
893,b,7532,10981,mantuu,0.84
893,b,7532,19284,prosus,0.72
893,a,11861,20113,deko,1.13
893,a,11861,19236,KENSI,1.08
893,a,11861,19882,Norwi,1.05
893,a,11861,13240,Lack1,0.91
893,a,11861,18670,SELLTER,0.8
24,a,10278,19114,Kylar,1.23
24,a,10278,15428,Goofy,1.01
24,a,10278,16848,hades,0.98
24,a,10278,22383,jcobbb,0.64
24,a,10278,17504,KEi,0.59
24,b,7532,19899,Krimbo,2.14
24,b,7532,19284,prosus,1.37
24,b,7532,10981,mantuu,1.35
24,b,7532,5794,tabseN,0.89
24,b,7532,20104,s1n,0.69
1818,b,4869,16080,dycha,1.27
1818,b,4869,7412,gla1ve,1.21
1818,b,4869,19164,SunPayus,0.97
1818,b,4869,11777,Maden,0.88
1818,b,4869,9436,NertZ,0.85
1818,a,4608,14759,iM,1.26
1818,a,4608,18987,b1t,1.11
1818,a,4608,9816,Aleksib,1.1
1818,a,4608,20127,w0nderful,1.08
1818,a,4608,19206,jL,0.81
2447,a,5752,16947,Perfecto,1.15
2447,a,5752,11840,Boombl4,1.01
2447,a,5752,8528,HObbit,0.82
2447,a,5752,16555,Ax1Le,0.58
2447,a,5752,8918,electroNic,0.57
2447,b,9565,11893,ZywOo,1.64
2447,b,9565,18221,Spinx,1.47
2447,b,9565,18462,mezii,1.05
2447,b,9565,16693,flameZ,0.98
2447,b,9565,7322,apEX,0.96
1761,a,7175,14148,sjuush,1.19
1761,a,7175,21379,salazar,0.92
1761,a,7175,7398,dupreeh,0.83
1761,a,7175,20090,Zyphon,0.81
1761,a,7175,12018,TeSeS,0.61
1761,b,4494,18850,Jimpphat,2.06
1761,b,4494,16820,siuhy,1.86
1761,b,4494,18072,torzsi,1.4
1761,b,4494,13666,Brollan,0.74
1761,b,4494,20312,xertioN,0.58
2541,a,6667,429,karrigan,1.43
2541,a,6667,9960,frozen,1.12
2541,a,6667,18053,broky,1.09
2541,a,6667,8183,rain,1.07
2541,a,6667,11816,ropz,1.01
2541,b,5995,9618,nexa,1.23
2541,b,5995,3972,huNter-,1.2
2541,b,5995,19230,m0NESY,1.04
2541,b,5995,3741,NiKo,0.85
2541,b,5995,10096,HooXi,0.69
1692,b,5752,16947,Perfecto,1.22
1692,b,5752,16555,Ax1Le,0.87
1692,b,5752,8528,HObbit,0.87
1692,b,5752,8918,electroNic,0.63
1692,b,5752,11840,Boombl4,0.59
1692,a,4494,18072,torzsi,1.77
1692,a,4494,16820,siuhy,1.26
1692,a,4494,20312,xertioN,1.26
1692,a,4494,18850,Jimpphat,0.97
1692,a,4494,13666,Brollan,0.92
1841,b,4608,14759,iM,2.32
1841,b,4608,9816,Aleksib,1.1
1841,b,4608,18987,b1t,1.04
1841,b,4608,19206,jL,1.01
1841,b,4608,20127,w0nderful,0.97
1841,a,5995,3972,huNter-,1.41
1841,a,5995,3741,NiKo,0.86
1841,a,5995,10096,HooXi,0.75
1841,a,5995,9618,nexa,0.73
1841,a,5995,19230,m0NESY,0.71
3025,a,9806,8248,jkaem,1.5
3025,a,9806,17450,sense,1.43
3025,a,9806,19677,kyxsan,1.34
3025,a,9806,18790,CacaNito,0.94
3025,a,9806,13670,nawwk,0.78
3025,b,9928,20926,aNdu,1.25
3025,b,9928,10330,acoR,1.03
3025,b,9928,2553,Snax,0.84
3025,b,9928,17937,isak,0.6
3025,b,9928,15117,Keoz,0.59
2308,a,5005,8738,EliGE,1.34
2308,a,5005,11630,JT,1.06
2308,a,5005,12840,hallzerk,1.05
2308,a,5005,12713,floppy,0.96
2308,a,5005,13578,Grim,0.74
2308,b,6248,20194,bLitz,1.2
2308,b,6248,20903,Senzu,1.13
2308,b,6248,20275,Techno,1.12
2308,b,6248,21809,910,1.1
2308,b,6248,21001,mzinho,0.9
763,a,11811,12731,sdy,1.16
763,a,11811,20282,kRaSnaL,1.01
763,a,11811,16885,Woro2k,0.88
763,a,11811,16717,br0,0.68
763,a,11811,19733,DemQQ,0.46
763,b,5378,16612,n0rb3r7,1.64
763,b,5378,20101,fame,1.44
763,b,5378,13776,Jame,1.15
763,b,5378,8789,mir,1.14
763,b,5378,12732,FL1T,0.88
2679,a,9806,17450,sense,1.53
2679,a,9806,13670,nawwk,1.51
2679,a,9806,18790,CacaNito,1.3
2679,a,9806,8248,jkaem,1.06
2679,a,9806,19677,kyxsan,1.02
2679,b,6248,20194,bLitz,1.35
2679,b,6248,20903,Senzu,1.0
2679,b,6248,20275,Techno,0.84
2679,b,6248,21809,910,0.61
2679,b,6248,21001,mzinho,0.5
2345,b,9928,10330,acoR,0.8
2345,b,9928,17937,isak,0.78
2345,b,9928,20926,aNdu,0.68
2345,b,9928,15117,Keoz,0.28
2345,b,9928,2553,Snax,0.26
2345,a,5005,12713,floppy,2.17
2345,a,5005,12840,hallzerk,2.01
2345,a,5005,8738,EliGE,1.5
2345,a,5005,13578,Grim,1.09
2345,a,5005,11630,JT,1.08
1726,b,6667,8183,rain,1.29
1726,b,6667,9960,frozen,1.28
1726,b,6667,429,karrigan,1.1
1726,b,6667,11816,ropz,1.07
1726,b,6667,18053,broky,0.58
1726,a,4494,13666,Brollan,1.45
1726,a,4494,20312,xertioN,1.13
1726,a,4494,18072,torzsi,0.92
1726,a,4494,16820,siuhy,0.76
1726,a,4494,18850,Jimpphat,0.67
1926,a,9565,11893,ZywOo,1.38
1926,a,9565,18462,mezii,1.28
1926,a,9565,16693,flameZ,1.22
1926,a,9565,7322,apEX,1.15
1926,a,9565,18221,Spinx,0.82
1926,b,4608,9816,Aleksib,1.32
1926,b,4608,18987,b1t,1.2
1926,b,4608,14759,iM,0.88
1926,b,4608,20127,w0nderful,0.82
1926,b,4608,19206,jL,0.52
2309,a,6248,20903,Senzu,1.53
2309,a,6248,21809,910,1.45
2309,a,6248,21001,mzinho,1.22
2309,a,6248,20275,Techno,1.15
2309,a,6248,20194,bLitz,1.11
2309,b,5005,13578,Grim,1.55
2309,b,5005,12840,hallzerk,1.21
2309,b,5005,8738,EliGE,0.8
2309,b,5005,11630,JT,0.66
2309,b,5005,12713,floppy,0.41
2787,b,6667,11816,ropz,1.54
2787,b,6667,18053,broky,1.2
2787,b,6667,8183,rain,0.77
2787,b,6667,9960,frozen,0.75
2787,b,6667,429,karrigan,0.55
2787,a,9565,11893,ZywOo,2.2
2787,a,9565,16693,flameZ,1.06
2787,a,9565,18462,mezii,1.06
2787,a,9565,18221,Spinx,0.9
2787,a,9565,7322,apEX,0.81
2361,a,5378,12732,FL1T,1.25
2361,a,5378,13776,Jame,1.2
2361,a,5378,16612,n0rb3r7,1.17
2361,a,5378,8789,mir,1.17
2361,a,5378,20101,fame,1.06
2361,b,6248,20275,Techno,1.05
2361,b,6248,20194,bLitz,0.94
2361,b,6248,21001,mzinho,0.8
2361,b,6248,20903,Senzu,0.67
2361,b,6248,21809,910,0.64
791,b,9806,8248,jkaem,1.67
791,b,9806,13670,nawwk,1.35
791,b,9806,18790,CacaNito,1.01
791,b,9806,19677,kyxsan,1.01
791,b,9806,17450,sense,0.44
791,a,11811,19733,DemQQ,1.49
791,a,11811,20282,kRaSnaL,1.4
791,a,11811,12731,sdy,0.96
791,a,11811,16717,br0,0.93
791,a,11811,16885,Woro2k,0.76
2422,b,5378,20101,fame,1.73
2422,b,5378,8789,mir,1.72
2422,b,5378,12732,FL1T,1.61
2422,b,5378,16612,n0rb3r7,1.19
2422,b,5378,13776,Jame,1.0
2422,a,9806,18790,CacaNito,1.48
2422,a,9806,8248,jkaem,0.72
2422,a,9806,13670,nawwk,0.54
2422,a,9806,19677,kyxsan,0.45
2422,a,9806,17450,sense,0.19
2871,b,7175,13602,nicoodoz,1.99
2871,b,7175,14148,sjuush,1.71
2871,b,7175,12018,TeSeS,1.39
2871,b,7175,19677,kyxsan,1.09
2871,b,7175,9436,NertZ,0.88
2871,a,7865,9818,uli,1.25
2871,a,7865,20593,Airax,1.02
2871,a,7865,20625,Banjo,0.6
2871,a,7865,9271,sLowi,0.56
2871,a,7865,11283,ottoNd,0.44
1057,a,12376,16599,Swisher,1.96
1057,a,12376,17378,reck,1.54
1057,a,12376,11617,malbsMd,1.53
1057,a,12376,15370,slaxz-,1.4
1057,a,12376,15349,maNkz,1.15
1057,b,5973,7964,cadiaN,0.8
1057,b,5973,10394,Twistzz,0.66
1057,b,5973,8520,NAF,0.57
1057,b,5973,13915,YEKINDAR,0.42
1057,b,5973,18676,skullz,0.32
1623,a,4411,9078,k0nfig,1.07
1623,a,4411,8611,es3tag,1.0
1623,a,4411,19592,headtr1ck,0.9
1623,a,4411,8371,alex,0.84
1623,a,4411,9278,REZ,0.76
1623,b,6665,20304,Staehr,1.57
1623,b,6665,7592,device,1.05
1623,b,6665,15165,blameF,1.05
1623,b,6665,10994,stavn,1.0
1623,b,6665,17956,jabbi,0.93
2998,b,9215,21037,insani,1.14
2998,b,9215,19750,drop,0.87
2998,b,9215,18835,saffee,0.76
2998,b,9215,11154,exit,0.62
2998,b,9215,20987,brnz4n,0.37
2998,a,9996,12092,max,1.63
2998,a,9996,21239,MartinezSa,1.5
2998,a,9996,14736,dgt,1.34
2998,a,9996,20607,buda,1.25
2998,a,9996,22613,HUASOPEEK,0.94
1406,b,7020,21167,donk,1.41
1406,b,7020,18317,magixx,1.02
1406,b,7020,7716,chopper,0.99
1406,b,7020,16920,sh1ro,0.8
1406,b,7020,20423,zont1x,0.65
1406,a,12591,11205,stadodo,1.5
1406,a,12591,19698,adamS,1.3
1406,a,12591,9254,mopoz,1.15
1406,a,12591,19509,dav1g,0.95
1406,a,12591,8998,JUST,0.81
2875,a,8135,20709,r3salt,1.34
2875,a,8135,21387,gokushima,1.07
2875,a,8135,17011,shalfey,1.07
2875,a,8135,19808,tN1R,0.88
2875,a,8135,23048,kelieN,0.56
2875,b,7175,9436,NertZ,1.7
2875,b,7175,12018,TeSeS,1.29
2875,b,7175,13602,nicoodoz,0.99
2875,b,7175,19677,kyxsan,0.98
2875,b,7175,14148,sjuush,0.96
1762,a,4494,13666,Brollan,1.33
1762,a,4494,18072,torzsi,1.32
1762,a,4494,18850,Jimpphat,1.27
1762,a,4494,16820,siuhy,1.05
1762,a,4494,20312,xertioN,0.96
1762,b,7175,12018,TeSeS,1.11
1762,b,7175,14148,sjuush,0.95
1762,b,7175,19677,kyxsan,0.95
1762,b,7175,13602,nicoodoz,0.94
1762,b,7175,9436,NertZ,0.64
1387,b,12586,12027,Krad,1.53
1387,b,12586,16948,TRAVIS,1.17
1387,b,12586,21439,ICY,1.02
1387,b,12586,13982,Forester,1.02
1387,b,12586,11498,NickelBack,0.82
1387,a,12591,8998,JUST,1.35
1387,a,12591,19698,adamS,0.98
1387,a,12591,11205,stadodo,0.83
1387,a,12591,19509,dav1g,0.79
1387,a,12591,9254,mopoz,0.77
1018,a,6665,7592,device,1.66
1018,a,6665,10994,stavn,1.4
1018,a,6665,15165,blameF,1.28
1018,a,6665,17956,jabbi,1.03
1018,a,6665,20304,Staehr,1.0
1018,b,12334,7398,dupreeh,1.26
1018,b,12334,14419,roeJ,0.92
1018,b,12334,10610,refrezh,0.88
1018,b,12334,16705,Altekz,0.75
1018,b,12334,11995,TMB,0.6
2176,a,5752,11840,Boombl4,1.57
2176,a,5752,8528,HObbit,1.54
2176,a,5752,16555,Ax1Le,1.07
2176,a,5752,16947,Perfecto,1.01
2176,a,5752,8918,electroNic,1.01
2176,b,4914,13497,Lucky,1.28
2176,b,4914,19739,Ex3rcice,1.19
2176,b,4914,13138,Maka,1.08
2176,b,4914,9656,hAdji,0.81
2176,b,4914,19738,Djoko,0.56
164,a,5378,16612,n0rb3r7,1.76
164,a,5378,20101,fame,1.22
164,a,5378,12732,FL1T,1.16
164,a,5378,13776,Jame,0.98
164,a,5378,8789,mir,0.9
164,b,10567,20464,ewjerkz,1.09
164,b,10567,2241,roman,0.98
164,b,10567,630,MUTiRiS,0.91
164,b,10567,20465,arrozdoce,0.63
164,b,10567,20462,story,0.61
935,b,4608,18987,b1t,1.56
935,b,4608,14759,iM,1.53
935,b,4608,20127,w0nderful,1.25
935,b,4608,9816,Aleksib,1.21
935,b,4608,19206,jL,1.04
935,a,11883,12004,clax,1.08
935,a,11883,14273,iDISBALANCE,0.91
935,a,11883,20357,d1Ledez,0.69
935,a,11883,17508,glowiing,0.52
935,a,11883,3347,seized,0.45
1164,a,7532,10981,mantuu,1.19
1164,a,7532,19284,prosus,1.1
1164,a,7532,19899,Krimbo,1.01
1164,a,7532,20104,s1n,0.99
1164,a,7532,5794,tabseN,0.67
1164,b,12394,15662,zorte,1.63
1164,b,12394,16921,nafany,1.22
1164,b,12394,18506,S1ren,0.93
1164,b,12394,22039,danistzz,0.89
1164,b,12394,19920,KaiR0N-,0.88
2999,a,9996,14736,dgt,0.71
2999,a,9996,12092,max,0.58
2999,a,9996,21239,MartinezSa,0.55
2999,a,9996,22613,HUASOPEEK,0.44
2999,a,9996,20607,buda,0.43
2999,b,9215,21037,insani,2.5
2999,b,9215,20987,brnz4n,1.9
2999,b,9215,18835,saffee,1.7
2999,b,9215,19750,drop,1.48
2999,b,9215,11154,exit,0.95
1407,a,12591,19509,dav1g,1.44
1407,a,12591,9254,mopoz,1.35
1407,a,12591,19698,adamS,1.08
1407,a,12591,8998,JUST,0.95
1407,a,12591,11205,stadodo,0.82
1407,b,7175,14148,sjuush,1.42
1407,b,7175,12018,TeSeS,1.24
1407,b,7175,9436,NertZ,1.03
1407,b,7175,13602,nicoodoz,0.87
1407,b,7175,19677,kyxsan,0.54
1019,a,12334,16705,Altekz,1.56
1019,a,12334,7398,dupreeh,1.07
1019,a,12334,10610,refrezh,1.06
1019,a,12334,11995,TMB,0.69
1019,a,12334,14419,roeJ,0.68
1019,b,7020,21167,donk,2.19
1019,b,7020,20423,zont1x,1.16
1019,b,7020,18317,magixx,1.07
1019,b,7020,7716,chopper,0.84
1019,b,7020,16920,sh1ro,0.71
1395,a,12586,16948,TRAVIS,1.58
1395,a,12586,21439,ICY,0.97
1395,a,12586,11498,NickelBack,0.96
1395,a,12586,12027,Krad,0.86
1395,a,12586,13982,Forester,0.74
1395,b,6665,10994,stavn,1.32
1395,b,6665,15165,blameF,1.17
1395,b,6665,7592,device,1.04
1395,b,6665,17956,jabbi,0.83
1395,b,6665,20304,Staehr,0.76
1831,a,4608,19206,jL,1.73
1831,a,4608,20127,w0nderful,1.37
1831,a,4608,18987,b1t,1.15
1831,a,4608,14759,iM,0.8
1831,a,4608,9816,Aleksib,0.71
1831,b,5378,12732,FL1T,1.02
1831,b,5378,20101,fame,1.01
1831,b,5378,13776,Jame,0.99
1831,b,5378,16612,n0rb3r7,0.87
1831,b,5378,8789,mir,0.74
1138,b,5752,11840,Boombl4,1.88
1138,b,5752,16947,Perfecto,1.57
1138,b,5752,8528,HObbit,1.35
1138,b,5752,8918,electroNic,1.05
1138,b,5752,16555,Ax1Le,0.89
1138,a,12394,16921,nafany,1.62
1138,a,12394,18506,S1ren,0.87
1138,a,12394,15662,zorte,0.7
1138,a,12394,22039,danistzz,0.61
1138,a,12394,19920,KaiR0N-,0.55
360,a,11251,21243,Wicadia,1.53
360,a,11251,7938,XANTARES,1.47
360,a,11251,150,MAJ3R,1.39
360,a,11251,8574,woxic,1.2
360,a,11251,8575,Calyx,1.01
360,b,4494,18850,Jimpphat,1.13
360,b,4494,18072,torzsi,0.91
360,b,4494,13666,Brollan,0.79
360,b,4494,16820,siuhy,0.75
360,b,4494,20312,xertioN,0.64
899,b,11861,19236,KENSI,1.12
899,b,11861,18670,SELLTER,0.9
899,b,11861,13240,Lack1,0.89
899,b,11861,20113,deko,0.88
899,b,11861,19882,Norwi,0.79
899,a,8135,20709,r3salt,1.43
899,a,8135,19808,tN1R,1.22
899,a,8135,21387,gokushima,1.15
899,a,8135,23048,kelieN,0.95
899,a,8135,17011,shalfey,0.9
1022,a,12334,16705,Altekz,1.5
1022,a,12334,10610,refrezh,1.19
1022,a,12334,11995,TMB,0.95
1022,a,12334,14419,roeJ,0.9
1022,a,12334,7398,dupreeh,0.85
1022,b,8135,23048,kelieN,1.47
1022,b,8135,21387,gokushima,1.35
1022,b,8135,19808,tN1R,1.15
1022,b,8135,20709,r3salt,1.04
1022,b,8135,17011,shalfey,0.6
1747,b,4494,18850,Jimpphat,1.03
1747,b,4494,13666,Brollan,1.0
1747,b,4494,16820,siuhy,0.78
1747,b,4494,20312,xertioN,0.77
1747,b,4494,18072,torzsi,0.65
1747,a,7020,20423,zont1x,1.9
1747,a,7020,7716,chopper,1.46
1747,a,7020,16920,sh1ro,1.21
1747,a,7020,21167,donk,1.0
1747,a,7020,18317,magixx,0.95
122,b,11883,3347,seized,0.9
122,b,11883,14273,iDISBALANCE,0.86
122,b,11883,12004,clax,0.63
122,b,11883,20357,d1Ledez,0.5
122,b,11883,17508,glowiing,0.27
122,a,10567,20464,ewjerkz,2.36
122,a,10567,630,MUTiRiS,1.75
122,a,10567,2241,roman,1.72
122,a,10567,20465,arrozdoce,1.17
122,a,10567,20462,story,1.04
937,b,11883,3347,seized,1.37
937,b,11883,20357,d1Ledez,1.36
937,b,11883,17508,glowiing,1.16
937,b,11883,14273,iDISBALANCE,1.15
937,b,11883,12004,clax,0.93
937,a,4914,13497,Lucky,1.26
937,a,4914,19739,Ex3rcice,1.25
937,a,4914,13138,Maka,0.97
937,a,4914,9656,hAdji,0.71
937,a,4914,19738,Djoko,0.57
1014,a,4494,13666,Brollan,1.54
1014,a,4494,18072,torzsi,1.32
1014,a,4494,18850,Jimpphat,1.15
1014,a,4494,20312,xertioN,1.07
1014,a,4494,16820,siuhy,1.06
1014,b,12334,11995,TMB,1.38
1014,b,12334,10610,refrezh,1.24
1014,b,12334,7398,dupreeh,0.93
1014,b,12334,14419,roeJ,0.72
1014,b,12334,16705,Altekz,0.55
1058,b,5973,8520,NAF,1.68
1058,b,5973,7964,cadiaN,1.06
1058,b,5973,18676,skullz,0.83
1058,b,5973,13915,YEKINDAR,0.78
1058,b,5973,10394,Twistzz,0.57
1058,a,12376,11617,malbsMd,1.62
1058,a,12376,16599,Swisher,1.25
1058,a,12376,17378,reck,1.18
1058,a,12376,15370,slaxz-,0.89
1058,a,12376,15349,maNkz,0.77
2096,a,8840,20254,Starry,1.39
2096,a,8840,22922,EmiliaQAQ,1.08
2096,a,8840,18744,z4KR,0.89
2096,a,8840,16551,Westmelon,0.86
2096,a,8840,20702,Jee,0.82
2096,b,4863,19645,JamYoung,1.28
2096,b,4863,8604,aumaN,0.96
2096,b,4863,20895,Mercury,0.91
2096,b,4863,8950,kaze,0.81
2096,b,4863,8600,advent,0.7
1015,a,4914,13138,Maka,1.33
1015,a,4914,9656,hAdji,1.0
1015,a,4914,13497,Lucky,0.84
1015,a,4914,19738,Djoko,0.64
1015,a,4914,19739,Ex3rcice,0.47
1015,b,12334,7398,dupreeh,1.42
1015,b,12334,10610,refrezh,1.3
1015,b,12334,16705,Altekz,1.17
1015,b,12334,11995,TMB,1.1
1015,b,12334,14419,roeJ,0.81
1612,a,5995,9618,nexa,2.38
1612,a,5995,3741,NiKo,1.77
1612,a,5995,19230,m0NESY,1.52
1612,a,5995,3972,huNter-,1.45
1612,a,5995,10096,HooXi,0.91
1612,b,4411,9278,REZ,0.71
1612,b,4411,8611,es3tag,0.59
1612,b,4411,19592,headtr1ck,0.58
1612,b,4411,8371,alex,0.47
1612,b,4411,9078,k0nfig,0.32
1828,a,4608,20127,w0nderful,1.62
1828,a,4608,18987,b1t,1.4
1828,a,4608,19206,jL,1.3
1828,a,4608,9816,Aleksib,0.93
1828,a,4608,14759,iM,0.77
1828,b,5005,11630,JT,1.33
1828,b,5005,13578,Grim,1.19
1828,b,5005,12840,hallzerk,0.84
1828,b,5005,12713,floppy,0.71
1828,b,5005,8738,EliGE,0.58
527,b,6665,17956,jabbi,1.91
527,b,6665,20304,Staehr,1.89
527,b,6665,15165,blameF,1.69
527,b,6665,7592,device,1.23
527,b,6665,10994,stavn,0.81
527,a,11283,9032,Magisk,1.0
527,a,11283,19164,SunPayus,0.94
527,a,11283,11777,Maden,0.67
527,a,11283,922,Snappi,0.62
527,a,11283,19763,BOROS,0.3
1845,a,5995,3741,NiKo,1.02
1845,a,5995,19230,m0NESY,0.96
1845,a,5995,9618,nexa,0.88
1845,a,5995,3972,huNter-,0.71
1845,a,5995,10096,HooXi,0.6
1845,b,4608,14759,iM,1.68
1845,b,4608,18987,b1t,1.24
1845,b,4608,19206,jL,1.11
1845,b,4608,20127,w0nderful,1.07
1845,b,4608,9816,Aleksib,0.88
1606,a,4411,8371,alex,1.58
1606,a,4411,19592,headtr1ck,1.42
1606,a,4411,9078,k0nfig,1.39
1606,a,4411,8611,es3tag,1.32
1606,a,4411,9278,REZ,1.12
1606,b,5005,8738,EliGE,0.89
1606,b,5005,11630,JT,0.88
1606,b,5005,13578,Grim,0.66
1606,b,5005,12840,hallzerk,0.62
1606,b,5005,12713,floppy,0.58
2737,b,9565,11893,ZywOo,1.78
2737,b,9565,18221,Spinx,1.16
2737,b,9565,16693,flameZ,0.65
2737,b,9565,7322,apEX,0.57
2737,b,9565,18462,mezii,0.56
2737,a,6665,15165,blameF,1.76
2737,a,6665,7592,device,1.44
2737,a,6665,10994,stavn,1.35
2737,a,6665,17956,jabbi,1.23
2737,a,6665,20304,Staehr,0.97
2803,b,6667,11816,ropz,1.2
2803,b,6667,429,karrigan,1.1
2803,b,6667,18053,broky,1.08
2803,b,6667,8183,rain,0.92
2803,b,6667,9960,frozen,0.84
2803,a,9928,20358,volt,1.52
2803,a,9928,10330,acoR,1.12
2803,a,9928,2553,Snax,1.11
2803,a,9928,15117,Keoz,0.83
2803,a,9928,17937,isak,0.83
2484,a,7020,7716,chopper,1.65
2484,a,7020,16920,sh1ro,1.34
2484,a,7020,20423,zont1x,0.88
2484,a,7020,22688,baz,0.71
2484,a,7020,2154,hally,0.61
2484,b,5973,8520,NAF,1.62
2484,b,5973,18676,skullz,1.51
2484,b,5973,10394,Twistzz,1.15
2484,b,5973,13915,YEKINDAR,0.97
2484,b,5973,7964,cadiaN,0.65
2394,a,5378,20101,fame,1.42
2394,a,5378,16612,n0rb3r7,1.24
2394,a,5378,12732,FL1T,1.21
2394,a,5378,13776,Jame,0.95
2394,a,5378,8789,mir,0.81
2394,b,7532,5794,tabseN,1.71
2394,b,7532,19899,Krimbo,1.13
2394,b,7532,20104,s1n,1.02
2394,b,7532,19284,prosus,0.74
2394,b,7532,10981,mantuu,0.48
2440,a,5752,8918,electroNic,2.2
2440,a,5752,11840,Boombl4,1.89
2440,a,5752,16555,Ax1Le,1.55
2440,a,5752,8528,HObbit,1.36
2440,a,5752,16947,Perfecto,1.31
2440,b,7175,14148,sjuush,1.15
2440,b,7175,19677,kyxsan,0.77
2440,b,7175,12018,TeSeS,0.73
2440,b,7175,9436,NertZ,0.42
2440,b,7175,13602,nicoodoz,0.29
2522,a,9928,17937,isak,1.07
2522,a,9928,15117,Keoz,0.87
2522,a,9928,20358,volt,0.8
2522,a,9928,10330,acoR,0.77
2522,a,9928,2553,Snax,0.64
2522,b,5973,8520,NAF,1.63
2522,b,5973,7964,cadiaN,1.3
2522,b,5973,13915,YEKINDAR,1.18
2522,b,5973,18676,skullz,1.15
2522,b,5973,10394,Twistzz,0.81
2761,b,6667,9960,frozen,2.04
2761,b,6667,18053,broky,1.94
2761,b,6667,8183,rain,1.87
2761,b,6667,429,karrigan,0.87
2761,b,6667,11816,ropz,0.82
2761,a,7020,20423,zont1x,1.64
2761,a,7020,16920,sh1ro,0.73
2761,a,7020,22688,baz,0.64
2761,a,7020,2154,hally,0.46
2761,a,7020,7716,chopper,0.32
2350,a,5378,16612,n0rb3r7,1.22
2350,a,5378,13776,Jame,1.21
2350,a,5378,12732,FL1T,1.04
2350,a,5378,20101,fame,0.8
2350,a,5378,8789,mir,0.77
2350,b,5752,16947,Perfecto,1.2
2350,b,5752,8918,electroNic,1.02
2350,b,5752,11840,Boombl4,0.88
2350,b,5752,16555,Ax1Le,0.83
2350,b,5752,8528,HObbit,0.75
2864,a,7532,20104,s1n,1.36
2864,a,7532,19899,Krimbo,1.28
2864,a,7532,19284,prosus,1.09
2864,a,7532,5794,tabseN,0.95
2864,a,7532,10981,mantuu,0.87
2864,b,7175,13602,nicoodoz,1.35
2864,b,7175,9436,NertZ,1.09
2864,b,7175,14148,sjuush,0.9
2864,b,7175,19677,kyxsan,0.73
2864,b,7175,12018,TeSeS,0.68
2079,a,4863,19645,JamYoung,1.38
2079,a,4863,20895,Mercury,1.35
2079,a,4863,8950,kaze,1.12
2079,a,4863,8604,aumaN,0.83
2079,a,4863,8600,advent,0.63
2079,b,6248,20903,Senzu,1.45
2079,b,6248,20275,Techno,1.16
2079,b,6248,20194,bLitz,1.04
2079,b,6248,21001,mzinho,0.93
2079,b,6248,21809,910,0.87
574,a,9565,18462,mezii,1.6
574,a,9565,16693,flameZ,1.34
574,a,9565,11893,ZywOo,1.27
574,a,9565,18221,Spinx,1.0
574,a,9565,7322,apEX,0.84
574,b,11283,9032,Magisk,1.2
574,b,11283,19164,SunPayus,0.78
574,b,11283,11777,Maden,0.77
574,b,11283,922,Snappi,0.65
574,b,11283,19763,BOROS,0.61
2080,a,6248,21809,910,1.46
2080,a,6248,20903,Senzu,1.4
2080,a,6248,21001,mzinho,1.32
2080,a,6248,20275,Techno,1.04
2080,a,6248,20194,bLitz,0.69
2080,b,4863,19645,JamYoung,1.28
2080,b,4863,20895,Mercury,1.18
2080,b,4863,8604,aumaN,0.9
2080,b,4863,8950,kaze,0.76
2080,b,4863,8600,advent,0.61
1613,a,5995,19230,m0NESY,1.31
1613,a,5995,10096,HooXi,1.24
1613,a,5995,9618,nexa,1.24
1613,a,5995,3741,NiKo,1.15
1613,a,5995,3972,huNter-,1.14
1613,b,4411,9278,REZ,1.2
1613,b,4411,8371,alex,0.95
1613,b,4411,8611,es3tag,0.85
1613,b,4411,9078,k0nfig,0.82
1613,b,4411,19592,headtr1ck,0.64
2804,b,9928,17937,isak,1.74
2804,b,9928,2553,Snax,0.66
2804,b,9928,10330,acoR,0.62
2804,b,9928,15117,Keoz,0.51
2804,b,9928,20358,volt,0.49
2804,a,6667,429,karrigan,1.81
2804,a,6667,8183,rain,1.53
2804,a,6667,11816,ropz,1.5
2804,a,6667,9960,frozen,1.19
2804,a,6667,18053,broky,0.8
2442,a,5752,16947,Perfecto,1.58
2442,a,5752,8528,HObbit,0.93
2442,a,5752,16555,Ax1Le,0.73
2442,a,5752,11840,Boombl4,0.72
2442,a,5752,8918,electroNic,0.71
2442,b,7532,10981,mantuu,1.43
2442,b,7532,5794,tabseN,1.36
2442,b,7532,19899,Krimbo,1.25
2442,b,7532,19284,prosus,1.25
2442,b,7532,20104,s1n,0.71
2738,a,6665,10994,stavn,1.64
2738,a,6665,7592,device,0.83
2738,a,6665,15165,blameF,0.73
2738,a,6665,20304,Staehr,0.62
2738,a,6665,17956,jabbi,0.58
2738,b,9565,11893,ZywOo,2.02
2738,b,9565,16693,flameZ,1.63
2738,b,9565,7322,apEX,0.96
2738,b,9565,18462,mezii,0.92
2738,b,9565,18221,Spinx,0.83
2081,a,6248,21809,910,1.4
2081,a,6248,20194,bLitz,0.87
2081,a,6248,20903,Senzu,0.54
2081,a,6248,20275,Techno,0.52
2081,a,6248,21001,mzinho,0.4
2081,b,4863,20895,Mercury,2.02
2081,b,4863,8950,kaze,1.5
2081,b,4863,19645,JamYoung,1.34
2081,b,4863,8604,aumaN,1.3
2081,b,4863,8600,advent,0.8
1846,b,4608,18987,b1t,1.68
1846,b,4608,19206,jL,1.45
1846,b,4608,20127,w0nderful,1.36
1846,b,4608,14759,iM,1.35
1846,b,4608,9816,Aleksib,1.06
1846,a,5995,19230,m0NESY,1.4
1846,a,5995,3972,huNter-,1.1
1846,a,5995,10096,HooXi,0.82
1846,a,5995,3741,NiKo,0.45
1846,a,5995,9618,nexa,0.42
2477,b,5973,8520,NAF,1.15
2477,b,5973,13915,YEKINDAR,1.13
2477,b,5973,7964,cadiaN,0.87
2477,b,5973,18676,skullz,0.73
2477,b,5973,10394,Twistzz,0.7
2477,a,6667,11816,ropz,1.71
2477,a,6667,429,karrigan,1.48
2477,a,6667,9960,frozen,1.3
2477,a,6667,8183,rain,1.18
2477,a,6667,18053,broky,0.71
2395,b,5378,20101,fame,1.75
2395,b,5378,12732,FL1T,1.27
2395,b,5378,8789,mir,1.21
2395,b,5378,13776,Jame,1.16
2395,b,5378,16612,n0rb3r7,1.01
2395,a,7532,5794,tabseN,0.8
2395,a,7532,20104,s1n,0.76
2395,a,7532,19284,prosus,0.73
2395,a,7532,19899,Krimbo,0.57
2395,a,7532,10981,mantuu,0.57
2098,a,8840,22922,EmiliaQAQ,1.62
2098,a,8840,16551,Westmelon,1.57
2098,a,8840,20702,Jee,1.47
2098,a,8840,18744,z4KR,1.32
2098,a,8840,20254,Starry,0.84
2098,b,4863,19645,JamYoung,1.6
2098,b,4863,8600,advent,0.79
2098,b,4863,8950,kaze,0.7
2098,b,4863,20895,Mercury,0.69
2098,b,4863,8604,aumaN,0.37
2655,a,8840,16551,Westmelon,1.08
2655,a,8840,18744,z4KR,0.81
2655,a,8840,20254,Starry,0.64
2655,a,8840,20702,Jee,0.61
2655,a,8840,22922,EmiliaQAQ,0.45
2655,b,6248,20275,Techno,1.78
2655,b,6248,20194,bLitz,1.47
2655,b,6248,21809,910,1.43
2655,b,6248,21001,mzinho,1.2
2655,b,6248,20903,Senzu,1.16
2718,a,6665,10994,stavn,1.31
2718,a,6665,20304,Staehr,1.3
2718,a,6665,15165,blameF,1.16
2718,a,6665,7592,device,0.81
2718,a,6665,17956,jabbi,0.78
2718,b,7532,19899,Krimbo,1.38
2718,b,7532,5794,tabseN,1.09
2718,b,7532,10981,mantuu,0.94
2718,b,7532,19284,prosus,0.82
2718,b,7532,20104,s1n,0.71
934,b,12642,21715,flayy,1.23
934,b,12642,21263,olimp,1.01
934,b,12642,23295,kisserek,0.88
934,b,12642,20349,casey,0.62
934,b,12642,21265,sNx,0.55
934,a,11883,12004,clax,1.99
934,a,11883,14273,iDISBALANCE,1.3
934,a,11883,3347,seized,1.19
934,a,11883,17508,glowiing,1.18
934,a,11883,20357,d1Ledez,0.98
2455,a,5995,3741,NiKo,1.73
2455,a,5995,3972,huNter-,1.29
2455,a,5995,19230,m0NESY,1.25
2455,a,5995,10096,HooXi,1.24
2455,a,5995,9618,nexa,1.07
2455,b,5973,8520,NAF,0.91
2455,b,5973,7964,cadiaN,0.81
2455,b,5973,18676,skullz,0.8
2455,b,5973,10394,Twistzz,0.76
2455,b,5973,13915,YEKINDAR,0.61
2711,b,7175,9436,NertZ,1.24
2711,b,7175,19677,kyxsan,1.14
2711,b,7175,14148,sjuush,1.03
2711,b,7175,13602,nicoodoz,0.87
2711,b,7175,12018,TeSeS,0.86
2711,a,6665,17956,jabbi,1.55
2711,a,6665,10994,stavn,1.02
2711,a,6665,7592,device,0.95
2711,a,6665,20304,Staehr,0.94
2711,a,6665,15165,blameF,0.68
353,b,11251,21243,Wicadia,2.09
353,b,11251,8574,woxic,2.03
353,b,11251,8575,Calyx,1.79
353,b,11251,150,MAJ3R,1.45
353,b,11251,7938,XANTARES,1.38
353,a,12394,19920,KaiR0N-,0.63
353,a,12394,22039,danistzz,0.55
353,a,12394,15662,zorte,0.44
353,a,12394,18506,S1ren,0.37
353,a,12394,16921,nafany,0.32
2146,a,4869,7412,gla1ve,1.24
2146,a,4869,16848,hades,1.23
2146,a,4869,16080,dycha,1.07
2146,a,4869,15428,Goofy,0.61
2146,a,4869,19114,Kylar,0.5
2146,b,7532,19284,prosus,1.57
2146,b,7532,19899,Krimbo,1.09
2146,b,7532,10981,mantuu,1.04
2146,b,7532,5794,tabseN,1.03
2146,b,7532,20104,s1n,0.81
1412,b,5752,8918,electroNic,1.34
1412,b,5752,8528,HObbit,1.28
1412,b,5752,16947,Perfecto,0.96
1412,b,5752,16555,Ax1Le,0.93
1412,b,5752,11840,Boombl4,0.69
1412,a,12642,21263,olimp,1.49
1412,a,12642,23295,kisserek,1.2
1412,a,12642,21265,sNx,1.01
1412,a,12642,20349,casey,0.81
1412,a,12642,21715,flayy,0.75
2852,a,7020,21167,donk,2.08
2852,a,7020,7716,chopper,2.06
2852,a,7020,18317,magixx,1.83
2852,a,7020,16920,sh1ro,1.78
2852,a,7020,20423,zont1x,1.13
2852,b,9806,18790,CacaNito,0.55
2852,b,9806,13670,nawwk,0.53
2852,b,9806,6904,STYKO,0.45
2852,b,9806,17450,sense,0.39
2852,b,9806,8248,jkaem,0.17
1094,a,9928,10330,acoR,1.87
1094,a,9928,20358,volt,1.07
1094,a,9928,2553,Snax,1.03
1094,a,9928,17937,isak,1.03
1094,a,9928,15117,Keoz,0.66
1094,b,12376,17378,reck,1.33
1094,b,12376,15370,slaxz-,1.27
1094,b,12376,16599,Swisher,1.24
1094,b,12376,11617,malbsMd,0.82
1094,b,12376,7873,dephh,0.5
2641,a,8297,12521,arT,1.24
2641,a,8297,15631,KSCERATO,1.1
2641,a,8297,2023,FalleN,1.02
2641,a,8297,10566,chelo,0.95
2641,a,8297,12553,yuurih,0.93
2641,b,6248,20275,Techno,1.44
2641,b,6248,20903,Senzu,1.42
2641,b,6248,21809,910,0.94
2641,b,6248,20194,bLitz,0.92
2641,b,6248,21001,mzinho,0.66
2863,b,7175,12018,TeSeS,1.86
2863,b,7175,14148,sjuush,1.51
2863,b,7175,19677,kyxsan,1.49
2863,b,7175,13602,nicoodoz,0.93
2863,b,7175,9436,NertZ,0.52
2863,a,7532,5794,tabseN,1.45
2863,a,7532,20104,s1n,1.06
2863,a,7532,19284,prosus,0.82
2863,a,7532,19899,Krimbo,0.8
2863,a,7532,10981,mantuu,0.78
355,a,11251,8574,woxic,1.46
355,a,11251,8575,Calyx,1.28
355,a,11251,21243,Wicadia,1.14
355,a,11251,150,MAJ3R,1.0
355,a,11251,7938,XANTARES,0.76
355,b,12642,21263,olimp,1.4
355,b,12642,20349,casey,0.92
355,b,12642,21265,sNx,0.71
355,b,12642,23295,kisserek,0.71
355,b,12642,21715,flayy,0.65
2426,a,9928,20358,volt,1.33
2426,a,9928,10330,acoR,1.06
2426,a,9928,2553,Snax,1.02
2426,a,9928,15117,Keoz,1.02
2426,a,9928,17937,isak,0.81
2426,b,5378,13776,Jame,1.15
2426,b,5378,12732,FL1T,1.1
2426,b,5378,8789,mir,0.93
2426,b,5378,16612,n0rb3r7,0.92
2426,b,5378,20101,fame,0.47
2628,a,7020,16920,sh1ro,1.52
2628,a,7020,21167,donk,1.28
2628,a,7020,18317,magixx,1.17
2628,a,7020,7716,chopper,0.88
2628,a,7020,20423,zont1x,0.67
2628,b,6248,20194,bLitz,1.17
2628,b,6248,20275,Techno,1.14
2628,b,6248,21809,910,1.11
2628,b,6248,20903,Senzu,0.96
2628,b,6248,21001,mzinho,0.77
1140,a,12394,19920,KaiR0N-,1.29
1140,a,12394,16921,nafany,1.21
1140,a,12394,22039,danistzz,0.78
1140,a,12394,18506,S1ren,0.59
1140,a,12394,15662,zorte,0.46
1140,b,5752,16947,Perfecto,1.93
1140,b,5752,8918,electroNic,1.5
1140,b,5752,11840,Boombl4,1.13
1140,b,5752,16555,Ax1Le,1.06
1140,b,5752,8528,HObbit,0.98
2970,b,9806,6904,STYKO,1.52
2970,b,9806,17450,sense,1.07
2970,b,9806,8248,jkaem,1.02
2970,b,9806,18790,CacaNito,0.95
2970,b,9806,13670,nawwk,0.93
2970,a,8297,10566,chelo,1.64
2970,a,8297,12553,yuurih,0.93
2970,a,8297,2023,FalleN,0.92
2970,a,8297,15631,KSCERATO,0.88
2970,a,8297,12521,arT,0.75
2135,b,6665,17956,jabbi,1.24
2135,b,6665,20304,Staehr,0.85
2135,b,6665,7592,device,0.7
2135,b,6665,10994,stavn,0.69
2135,b,6665,15165,blameF,0.49
2135,a,4869,7412,gla1ve,2.68
2135,a,4869,19114,Kylar,1.19
2135,a,4869,16080,dycha,1.02
2135,a,4869,15428,Goofy,1.01
2135,a,4869,16848,hades,0.93
2130,a,6248,21001,mzinho,1.14
2130,a,6248,20275,Techno,1.05
2130,a,6248,20194,bLitz,0.72
2130,a,6248,21809,910,0.63
2130,a,6248,20903,Senzu,0.32
2130,b,4869,16080,dycha,1.51
2130,b,4869,19114,Kylar,1.42
2130,b,4869,15428,Goofy,1.36
2130,b,4869,7412,gla1ve,1.34
2130,b,4869,16848,hades,1.31
2349,a,5378,16612,n0rb3r7,1.25
2349,a,5378,12732,FL1T,0.94
2349,a,5378,20101,fame,0.89
2349,a,5378,8789,mir,0.68
2349,a,5378,13776,Jame,0.53
2349,b,5752,11840,Boombl4,2.11
2349,b,5752,16947,Perfecto,1.51
2349,b,5752,8528,HObbit,1.19
2349,b,5752,8918,electroNic,1.07
2349,b,5752,16555,Ax1Le,0.73
1033,a,12642,21263,olimp,1.4
1033,a,12642,23295,kisserek,1.34
1033,a,12642,21715,flayy,1.22
1033,a,12642,20349,casey,0.94
1033,a,12642,21265,sNx,0.93
1033,b,12376,15370,slaxz-,1.16
1033,b,12376,17378,reck,0.94
1033,b,12376,11617,malbsMd,0.89
1033,b,12376,16599,Swisher,0.83
1033,b,12376,7873,dephh,0.79
2923,a,7532,5794,tabseN,1.14
2923,a,7532,20104,s1n,1.12
2923,a,7532,19284,prosus,1.11
2923,a,7532,10981,mantuu,0.92
2923,a,7532,19899,Krimbo,0.8
2923,b,9806,18790,CacaNito,1.43
2923,b,9806,8248,jkaem,1.25
2923,b,9806,17450,sense,1.09
2923,b,9806,13670,nawwk,1.01
2923,b,9806,6904,STYKO,0.75
335,b,11283,11777,Maden,1.67
335,b,11283,9032,Magisk,1.18
335,b,11283,922,Snappi,0.5
335,b,11283,19763,BOROS,0.49
335,b,11283,19164,SunPayus,0.43
335,a,11251,150,MAJ3R,1.9
335,a,11251,8575,Calyx,1.5
335,a,11251,7938,XANTARES,1.49
335,a,11251,8574,woxic,1.15
335,a,11251,21243,Wicadia,0.74
2568,b,5995,19230,m0NESY,2.07
2568,b,5995,3741,NiKo,1.5
2568,b,5995,9618,nexa,1.17
2568,b,5995,10096,HooXi,0.95
2568,b,5995,3972,huNter-,0.86
2568,a,7175,19677,kyxsan,0.98
2568,a,7175,13602,nicoodoz,0.95
2568,a,7175,12018,TeSeS,0.91
2568,a,7175,9436,NertZ,0.8
2568,a,7175,14148,sjuush,0.63
135,b,10567,630,MUTiRiS,1.93
135,b,10567,20464,ewjerkz,1.5
135,b,10567,2241,roman,1.03
135,b,10567,20465,arrozdoce,0.94
135,b,10567,20462,story,0.88
135,a,12591,19509,dav1g,1.48
135,a,12591,9254,mopoz,1.32
135,a,12591,11205,stadodo,0.96
135,a,12591,19698,adamS,0.74
135,a,12591,8998,JUST,0.53
1413,b,6667,9960,frozen,1.89
1413,b,6667,429,karrigan,1.51
1413,b,6667,8183,rain,1.28
1413,b,6667,18053,broky,1.03
1413,b,6667,11816,ropz,0.99
1413,a,12642,21265,sNx,1.37
1413,a,12642,21263,olimp,0.88
1413,a,12642,20349,casey,0.84
1413,a,12642,21715,flayy,0.71
1413,a,12642,23295,kisserek,0.56
1889,a,4608,20127,w0nderful,1.53
1889,a,4608,9816,Aleksib,0.81
1889,a,4608,19206,jL,0.63
1889,a,4608,14759,iM,0.59
1889,a,4608,18987,b1t,0.44
1889,b,7020,21167,donk,1.66
1889,b,7020,20423,zont1x,1.61
1889,b,7020,16920,sh1ro,1.58
1889,b,7020,18317,magixx,0.98
1889,b,7020,7716,chopper,0.96
2344,b,5005,13578,Grim,2.02
2344,b,5005,8738,EliGE,1.39
2344,b,5005,12713,floppy,0.89
2344,b,5005,11630,JT,0.89
2344,b,5005,12840,hallzerk,0.73
2344,a,9806,13670,nawwk,1.45
2344,a,9806,6904,STYKO,0.97
2344,a,9806,18790,CacaNito,0.92
2344,a,9806,8248,jkaem,0.88
2344,a,9806,17450,sense,0.65
2157,a,9565,11893,ZywOo,1.47
2157,a,9565,16693,flameZ,0.9
2157,a,9565,18221,Spinx,0.81
2157,a,9565,18462,mezii,0.6
2157,a,9565,7322,apEX,0.52
2157,b,4869,16848,hades,1.95
2157,b,4869,15428,Goofy,1.33
2157,b,4869,7412,gla1ve,1.14
2157,b,4869,19114,Kylar,1.04
2157,b,4869,16080,dycha,0.86
1693,a,4494,20312,xertioN,1.45
1693,a,4494,13666,Brollan,1.42
1693,a,4494,18850,Jimpphat,1.11
1693,a,4494,18072,torzsi,0.98
1693,a,4494,16820,siuhy,0.9
1693,b,5752,16555,Ax1Le,1.16
1693,b,5752,8528,HObbit,1.08
1693,b,5752,16947,Perfecto,1.0
1693,b,5752,11840,Boombl4,0.97
1693,b,5752,8918,electroNic,0.77
794,b,11811,16885,Woro2k,1.21
794,b,11811,12731,sdy,0.89
794,b,11811,19733,DemQQ,0.89
794,b,11811,16717,br0,0.51
794,b,11811,20282,kRaSnaL,0.32
794,a,9928,10330,acoR,2.08
794,a,9928,20358,volt,1.74
794,a,9928,2553,Snax,1.68
794,a,9928,17937,isak,1.04
794,a,9928,15117,Keoz,0.85
2322,a,7020,18317,magixx,1.69
2322,a,7020,21167,donk,1.45
2322,a,7020,16920,sh1ro,1.27
2322,a,7020,20423,zont1x,1.14
2322,a,7020,7716,chopper,1.01
2322,b,5005,12840,hallzerk,1.21
2322,b,5005,12713,floppy,0.83
2322,b,5005,8738,EliGE,0.78
2322,b,5005,11630,JT,0.77
2322,b,5005,13578,Grim,0.55
1935,a,4608,19206,jL,1.51
1935,a,4608,9816,Aleksib,1.41
1935,a,4608,14759,iM,1.2
1935,a,4608,18987,b1t,1.19
1935,a,4608,20127,w0nderful,0.66
1935,b,9806,13670,nawwk,1.3
1935,b,9806,6904,STYKO,1.13
1935,b,9806,18790,CacaNito,0.83
1935,b,9806,8248,jkaem,0.76
1935,b,9806,17450,sense,0.63
457,b,11283,19763,BOROS,1.76
457,b,11283,11777,Maden,1.13
457,b,11283,922,Snappi,0.92
457,b,11283,9032,Magisk,0.91
457,b,11283,19164,SunPayus,0.84
457,a,12642,21715,flayy,1.24
457,a,12642,21263,olimp,1.11
457,a,12642,20349,casey,1.0
457,a,12642,23295,kisserek,0.91
457,a,12642,21265,sNx,0.82
403,b,11251,150,MAJ3R,0.88
403,b,11251,7938,XANTARES,0.73
403,b,11251,21243,Wicadia,0.73
403,b,11251,8575,Calyx,0.68
403,b,11251,8574,woxic,0.61
403,a,6667,18053,broky,1.51
403,a,6667,11816,ropz,1.39
403,a,6667,8183,rain,1.38
403,a,6667,9960,frozen,1.3
403,a,6667,429,karrigan,1.07
3006,a,9455,12822,VINI,1.56
3006,a,9455,9219,felps,1.44
3006,a,9455,8565,HEN1,1.41
3006,a,9455,22564,noway,1.08
3006,a,9455,20183,decenty,0.94
3006,b,9996,21239,MartinezSa,1.28
3006,b,9996,22613,HUASOPEEK,0.89
3006,b,9996,20607,buda,0.88
3006,b,9996,14736,dgt,0.86
3006,b,9996,12092,max,0.64
597,b,12334,7398,dupreeh,1.42
597,b,12334,11995,TMB,1.15
597,b,12334,14419,roeJ,1.03
597,b,12334,16705,Altekz,0.85
597,b,12334,10610,refrezh,0.79
597,a,11419,13077,Patti,1.39
597,a,11419,21379,salazar,1.12
597,a,11419,8891,Nodios,1.09
597,a,11419,20300,kraghen,1.0
597,a,11419,13749,Queenix,0.9
766,b,11811,16885,Woro2k,1.33
766,b,11811,19733,DemQQ,1.2
766,b,11811,20282,kRaSnaL,1.04
766,b,11811,16717,br0,1.02
766,b,11811,12731,sdy,0.77
766,a,5752,8918,electroNic,1.5
766,a,5752,8528,HObbit,1.19
766,a,5752,16947,Perfecto,0.98
766,a,5752,16555,Ax1Le,0.86
766,a,5752,11840,Boombl4,0.85
2891,b,7175,9436,NertZ,1.53
2891,b,7175,19677,kyxsan,1.35
2891,b,7175,12018,TeSeS,1.24
2891,b,7175,13602,nicoodoz,0.84
2891,b,7175,14148,sjuush,0.72
2891,a,9565,11893,ZywOo,1.2
2891,a,9565,18462,mezii,1.05
2891,a,9565,18221,Spinx,1.03
2891,a,9565,7322,apEX,0.87
2891,a,9565,16693,flameZ,0.71
1802,a,9928,20358,volt,1.23
1802,a,9928,2553,Snax,1.2
1802,a,9928,10330,acoR,1.02
1802,a,9928,17937,isak,0.76
1802,a,9928,15117,Keoz,0.31
1802,b,4494,16820,siuhy,1.61
1802,b,4494,20312,xertioN,1.55
1802,b,4494,13666,Brollan,1.32
1802,b,4494,18850,Jimpphat,1.1
1802,b,4494,18072,torzsi,1.0
2127,a,5995,9618,nexa,1.1
2127,a,5995,19230,m0NESY,1.03
2127,a,5995,3741,NiKo,0.94
2127,a,5995,10096,HooXi,0.74
2127,a,5995,3972,huNter-,0.63
2127,b,4869,7412,gla1ve,1.51
2127,b,4869,15428,Goofy,1.36
2127,b,4869,19114,Kylar,1.18
2127,b,4869,16080,dycha,1.05
2127,b,4869,16848,hades,0.92
498,a,5005,12840,hallzerk,1.39
498,a,5005,12713,floppy,1.28
498,a,5005,13578,Grim,1.27
498,a,5005,8738,EliGE,1.05
498,a,5005,11630,JT,0.58
498,b,11283,19164,SunPayus,1.28
498,b,11283,11777,Maden,1.25
498,b,11283,19763,BOROS,1.06
498,b,11283,9032,Magisk,1.01
498,b,11283,922,Snappi,0.72
365,a,4608,14759,iM,1.75
365,a,4608,20127,w0nderful,1.58
365,a,4608,18987,b1t,1.51
365,a,4608,19206,jL,1.49
365,a,4608,9816,Aleksib,0.79
365,b,11251,8574,woxic,1.37
365,b,11251,8575,Calyx,0.66
365,b,11251,7938,XANTARES,0.6
365,b,11251,21243,Wicadia,0.59
365,b,11251,150,MAJ3R,0.34
768,a,11811,19733,DemQQ,0.88
768,a,11811,20282,kRaSnaL,0.83
768,a,11811,16885,Woro2k,0.66
768,a,11811,16717,br0,0.66
768,a,11811,12731,sdy,0.66
768,b,5995,3741,NiKo,2.01
768,b,5995,10096,HooXi,1.45
768,b,5995,19230,m0NESY,1.4
768,b,5995,9618,nexa,1.07
768,b,5995,3972,huNter-,0.81
2895,b,7175,12018,TeSeS,1.69
2895,b,7175,14148,sjuush,1.51
2895,b,7175,19677,kyxsan,1.27
2895,b,7175,9436,NertZ,0.96
2895,b,7175,13602,nicoodoz,0.87
2895,a,9928,17937,isak,1.02
2895,a,9928,20358,volt,1.01
2895,a,9928,15117,Keoz,0.9
2895,a,9928,10330,acoR,0.86
2895,a,9928,2553,Snax,0.55
2757,a,7020,21167,donk,2.56
2757,a,7020,18317,magixx,1.39
2757,a,7020,7716,chopper,1.18
2757,a,7020,20423,zont1x,1.07
2757,a,7020,16920,sh1ro,0.86
2757,b,6667,9960,frozen,1.25
2757,b,6667,18053,broky,0.92
2757,b,6667,429,karrigan,0.75
2757,b,6667,11816,ropz,0.62
2757,b,6667,8183,rain,0.58
475,a,11283,19763,BOROS,1.77
475,a,11283,19164,SunPayus,1.59
475,a,11283,9032,Magisk,1.57
475,a,11283,11777,Maden,0.96
475,a,11283,922,Snappi,0.77
475,b,4608,14759,iM,1.17
475,b,4608,9816,Aleksib,0.91
475,b,4608,20127,w0nderful,0.79
475,b,4608,18987,b1t,0.63
475,b,4608,19206,jL,0.55
2569,a,7175,19677,kyxsan,1.48
2569,a,7175,12018,TeSeS,0.98
2569,a,7175,9436,NertZ,0.9
2569,a,7175,14148,sjuush,0.88
2569,a,7175,13602,nicoodoz,0.57
2569,b,5995,3741,NiKo,2.15
2569,b,5995,9618,nexa,1.37
2569,b,5995,19230,m0NESY,1.29
2569,b,5995,10096,HooXi,0.77
2569,b,5995,3972,huNter-,0.6
1673,b,4494,18850,Jimpphat,1.9
1673,b,4494,13666,Brollan,1.67
1673,b,4494,16820,siuhy,1.6
1673,b,4494,18072,torzsi,1.23
1673,b,4494,20312,xertioN,1.08
1673,a,4869,16080,dycha,0.91
1673,a,4869,7412,gla1ve,0.88
1673,a,4869,16848,hades,0.73
1673,a,4869,19114,Kylar,0.65
1673,a,4869,15428,Goofy,0.26
598,a,11419,8891,Nodios,1.36
598,a,11419,13749,Queenix,1.04
598,a,11419,13077,Patti,0.96
598,a,11419,21379,salazar,0.91
598,a,11419,20300,kraghen,0.82
598,b,12334,16705,Altekz,1.34
598,b,12334,11995,TMB,1.3
598,b,12334,7398,dupreeh,0.97
598,b,12334,14419,roeJ,0.87
598,b,12334,10610,refrezh,0.57
2543,b,6667,8183,rain,1.71
2543,b,6667,18053,broky,1.68
2543,b,6667,9960,frozen,1.24
2543,b,6667,429,karrigan,0.83
2543,b,6667,11816,ropz,0.79
2543,a,5995,19230,m0NESY,1.15
2543,a,5995,3972,huNter-,1.03
2543,a,5995,9618,nexa,0.92
2543,a,5995,3741,NiKo,0.88
2543,a,5995,10096,HooXi,0.81
2166,b,4991,21062,MATYS,1.1
2166,b,4991,8374,bodyy,1.01
2166,b,4991,20170,kyuubii,0.93
2166,b,4991,7528,KRIMZ,0.88
2166,b,4991,19926,afro,0.84
2166,a,4914,9656,hAdji,1.61
2166,a,4914,13138,Maka,1.55
2166,a,4914,13497,Lucky,1.27
2166,a,4914,19738,Djoko,1.16
2166,a,4914,19739,Ex3rcice,0.43
487,a,4869,16848,hades,1.47
487,a,4869,19114,Kylar,1.2
487,a,4869,16080,dycha,0.98
487,a,4869,15428,Goofy,0.93
487,a,4869,7412,gla1ve,0.48
487,b,11283,11777,Maden,1.42
487,b,11283,19164,SunPayus,1.2
487,b,11283,19763,BOROS,1.18
487,b,11283,9032,Magisk,1.01
487,b,11283,922,Snappi,0.77
1730,b,4494,18072,torzsi,1.72
1730,b,4494,18850,Jimpphat,1.35
1730,b,4494,20312,xertioN,0.76
1730,b,4494,16820,siuhy,0.69
1730,b,4494,13666,Brollan,0.41
1730,a,6667,8183,rain,2.25
1730,a,6667,18053,broky,1.28
1730,a,6667,9960,frozen,1.01
1730,a,6667,11816,ropz,0.8
1730,a,6667,429,karrigan,0.77
545,b,7020,21167,donk,1.99
545,b,7020,20423,zont1x,1.6
545,b,7020,18317,magixx,1.38
545,b,7020,16920,sh1ro,1.32
545,b,7020,7716,chopper,0.88
545,a,11283,9032,Magisk,1.06
545,a,11283,19164,SunPayus,0.96
545,a,11283,11777,Maden,0.7
545,a,11283,19763,BOROS,0.64
545,a,11283,922,Snappi,0.35
2758,b,6667,11816,ropz,0.97
2758,b,6667,18053,broky,0.86
2758,b,6667,429,karrigan,0.71
2758,b,6667,9960,frozen,0.66
2758,b,6667,8183,rain,0.49
2758,a,7020,21167,donk,2.65
2758,a,7020,16920,sh1ro,1.57
2758,a,7020,18317,magixx,1.2
2758,a,7020,20423,zont1x,1.06
2758,a,7020,7716,chopper,1.02
2252,b,4914,19738,Djoko,1.09
2252,b,4914,19739,Ex3rcice,1.07
2252,b,4914,13497,Lucky,0.85
2252,b,4914,9656,hAdji,0.83
2252,b,4914,13138,Maka,0.68
2252,a,9806,18790,CacaNito,1.52
2252,a,9806,13670,nawwk,1.44
2252,a,9806,6904,STYKO,1.17
2252,a,9806,17450,sense,1.03
2252,a,9806,8248,jkaem,0.77
686,a,11641,20878,adamb,2.26
686,a,11641,21163,susp,1.31
686,a,11641,20119,nilo,1.16
686,a,11641,16486,ztr,1.08
686,a,11641,13669,Jackinho,0.79
686,b,9806,13670,nawwk,1.52
686,b,9806,18790,CacaNito,0.95
686,b,9806,17450,sense,0.81
686,b,9806,6904,STYKO,0.63
686,b,9806,8248,jkaem,0.42
939,a,6667,8183,rain,1.65
939,a,6667,11816,ropz,1.61
939,a,6667,9960,frozen,1.49
939,a,6667,429,karrigan,0.88
939,a,6667,18053,broky,0.68
939,b,11883,3347,seized,1.14
939,b,11883,20357,d1Ledez,0.99
939,b,11883,12004,clax,0.84
939,b,11883,14273,iDISBALANCE,0.77
939,b,11883,17508,glowiing,0.62
163,a,5378,8789,mir,1.63
163,a,5378,20101,fame,1.6
163,a,5378,16612,n0rb3r7,1.53
163,a,5378,12732,FL1T,1.5
163,a,5378,13776,Jame,0.95
163,b,10567,630,MUTiRiS,0.98
163,b,10567,20465,arrozdoce,0.76
163,b,10567,20462,story,0.61
163,b,10567,2241,roman,0.55
163,b,10567,20464,ewjerkz,0.4
1402,a,4608,14759,iM,2.06
1402,a,4608,18987,b1t,1.01
1402,a,4608,19206,jL,1.01
1402,a,4608,9816,Aleksib,0.87
1402,a,4608,20127,w0nderful,0.85
1402,b,12591,19698,adamS,1.06
1402,b,12591,8998,JUST,1.04
1402,b,12591,9254,mopoz,0.94
1402,b,12591,19509,dav1g,0.76
1402,b,12591,11205,stadodo,0.73
358,a,11251,8574,woxic,1.62
358,a,11251,150,MAJ3R,1.44
358,a,11251,8575,Calyx,1.01
358,a,11251,21243,Wicadia,0.99
358,a,11251,7938,XANTARES,0.73
358,b,4411,8611,es3tag,1.15
358,b,4411,8371,alex,1.07
358,b,4411,9278,REZ,1.04
358,b,4411,9078,k0nfig,0.88
358,b,4411,19592,headtr1ck,0.84
490,a,4914,9656,hAdji,1.37
490,a,4914,19739,Ex3rcice,1.32
490,a,4914,13138,Maka,0.92
490,a,4914,19738,Djoko,0.7
490,a,4914,13497,Lucky,0.59
490,b,11283,19164,SunPayus,1.73
490,b,11283,9032,Magisk,1.55
490,b,11283,19763,BOROS,0.94
490,b,11283,11777,Maden,0.92
490,b,11283,922,Snappi,0.82
1130,a,12394,19920,KaiR0N-,1.05
1130,a,12394,15662,zorte,0.83
1130,a,12394,18506,S1ren,0.78
1130,a,12394,16921,nafany,0.47
1130,a,12394,22039,danistzz,0.41
1130,b,4991,8374,bodyy,1.79
1130,b,4991,21062,MATYS,1.45
1130,b,4991,7528,KRIMZ,1.33
1130,b,4991,19926,afro,1.18
1130,b,4991,20170,kyuubii,1.08
121,a,10567,20465,arrozdoce,1.09
121,a,10567,2241,roman,0.56
121,a,10567,20462,story,0.52
121,a,10567,20464,ewjerkz,0.42
121,a,10567,630,MUTiRiS,0.35
121,b,11883,20357,d1Ledez,2.28
121,b,11883,12004,clax,2.0
121,b,11883,14273,iDISBALANCE,1.55
121,b,11883,3347,seized,1.18
121,b,11883,17508,glowiing,0.88
1388,b,4411,9278,REZ,1.31
1388,b,4411,9078,k0nfig,1.18
1388,b,4411,19592,headtr1ck,1.05
1388,b,4411,8371,alex,0.83
1388,b,4411,8611,es3tag,0.79
1388,a,12586,13982,Forester,1.38
1388,a,12586,16948,TRAVIS,1.13
1388,a,12586,21439,ICY,1.06
1388,a,12586,11498,NickelBack,0.99
1388,a,12586,12027,Krad,0.99
534,a,6667,9960,frozen,1.5
534,a,6667,11816,ropz,1.38
534,a,6667,18053,broky,1.37
534,a,6667,8183,rain,0.91
534,a,6667,429,karrigan,0.76
534,b,11283,9032,Magisk,1.4
534,b,11283,11777,Maden,1.16
534,b,11283,19164,SunPayus,1.07
534,b,11283,922,Snappi,0.65
534,b,11283,19763,BOROS,0.45
1404,a,4914,19738,Djoko,1.3
1404,a,4914,19739,Ex3rcice,1.02
1404,a,4914,9656,hAdji,0.85
1404,a,4914,13138,Maka,0.82
1404,a,4914,13497,Lucky,0.72
1404,b,12591,9254,mopoz,1.98
1404,b,12591,19509,dav1g,1.56
1404,b,12591,8998,JUST,1.19
1404,b,12591,19698,adamS,0.87
1404,b,12591,11205,stadodo,0.68
388,a,5995,19230,m0NESY,1.84
388,a,5995,3972,huNter-,1.5
388,a,5995,3741,NiKo,1.19
388,a,5995,9618,nexa,1.07
388,a,5995,10096,HooXi,0.58
388,b,11251,8575,Calyx,1.24
388,b,11251,21243,Wicadia,0.95
388,b,11251,7938,XANTARES,0.91
388,b,11251,150,MAJ3R,0.69
388,b,11251,8574,woxic,0.62
2263,a,5378,20101,fame,2.86
2263,a,5378,13776,Jame,1.47
2263,a,5378,8789,mir,1.36
2263,a,5378,12732,FL1T,1.16
2263,a,5378,16612,n0rb3r7,0.8
2263,b,4991,21062,MATYS,1.12
2263,b,4991,19926,afro,0.84
2263,b,4991,7528,KRIMZ,0.63
2263,b,4991,20170,kyuubii,0.51
2263,b,4991,8374,bodyy,0.39
932,a,11883,12004,clax,1.12
932,a,11883,14273,iDISBALANCE,1.09
932,a,11883,3347,seized,1.02
932,a,11883,17508,glowiing,0.93
932,a,11883,20357,d1Ledez,0.57
932,b,12591,9254,mopoz,1.45
932,b,12591,8998,JUST,1.14
932,b,12591,11205,stadodo,1.09
932,b,12591,19698,adamS,0.98
932,b,12591,19509,dav1g,0.95
334,a,11251,7938,XANTARES,1.71
334,a,11251,8574,woxic,1.63
334,a,11251,21243,Wicadia,1.13
334,a,11251,150,MAJ3R,1.13
334,a,11251,8575,Calyx,0.83
334,b,11283,19763,BOROS,1.42
334,b,11283,19164,SunPayus,0.95
334,b,11283,9032,Magisk,0.63
334,b,11283,11777,Maden,0.62
334,b,11283,922,Snappi,0.43
1392,a,4991,21062,MATYS,1.2
1392,a,4991,20170,kyuubii,1.15
1392,a,4991,19926,afro,1.14
1392,a,4991,7528,KRIMZ,1.03
1392,a,4991,8374,bodyy,1.02
1392,b,12586,21439,ICY,1.21
1392,b,12586,13982,Forester,0.98
1392,b,12586,12027,Krad,0.86
1392,b,12586,16948,TRAVIS,0.84
1392,b,12586,11498,NickelBack,0.59
2542,b,6667,18053,broky,1.43
2542,b,6667,11816,ropz,0.97
2542,b,6667,9960,frozen,0.89
2542,b,6667,429,karrigan,0.88
2542,b,6667,8183,rain,0.71
2542,a,5995,3741,NiKo,1.88
2542,a,5995,19230,m0NESY,1.63
2542,a,5995,3972,huNter-,1.11
2542,a,5995,9618,nexa,0.91
2542,a,5995,10096,HooXi,0.65
141,b,10567,20464,ewjerkz,2.03
141,b,10567,630,MUTiRiS,1.87
141,b,10567,20465,arrozdoce,1.36
141,b,10567,20462,story,1.29
141,b,10567,2241,roman,1.02
141,a,4411,9078,k0nfig,1.01
141,a,4411,9278,REZ,0.86
141,a,4411,8611,es3tag,0.55
141,a,4411,19592,headtr1ck,0.49
141,a,4411,8371,alex,0.27
1830,b,5378,12732,FL1T,1.33
1830,b,5378,16612,n0rb3r7,1.27
1830,b,5378,13776,Jame,1.02
1830,b,5378,20101,fame,0.94
1830,b,5378,8789,mir,0.86
1830,a,4608,20127,w0nderful,1.22
1830,a,4608,18987,b1t,0.93
1830,a,4608,19206,jL,0.91
1830,a,4608,14759,iM,0.85
1830,a,4608,9816,Aleksib,0.76
3007,b,9996,21239,MartinezSa,1.07
3007,b,9996,14736,dgt,0.96
3007,b,9996,22613,HUASOPEEK,0.96
3007,b,9996,20607,buda,0.8
3007,b,9996,12092,max,0.71
3007,a,9455,12822,VINI,1.41
3007,a,9455,22564,noway,1.29
3007,a,9455,9219,felps,1.24
3007,a,9455,8565,HEN1,1.21
3007,a,9455,20183,decenty,0.75
456,b,12586,21439,ICY,1.5
456,b,12586,13982,Forester,1.3
456,b,12586,16948,TRAVIS,1.07
456,b,12586,11498,NickelBack,0.9
456,b,12586,12027,Krad,0.85
456,a,11283,11777,Maden,1.27
456,a,11283,19763,BOROS,1.03
456,a,11283,19164,SunPayus,1.0
456,a,11283,9032,Magisk,0.86
456,a,11283,922,Snappi,0.69
1405,b,4991,21062,MATYS,1.34
1405,b,4991,20170,kyuubii,1.05
1405,b,4991,7528,KRIMZ,0.87
1405,b,4991,8374,bodyy,0.75
1405,b,4991,19926,afro,0.58
1405,a,12591,19698,adamS,2.03
1405,a,12591,8998,JUST,1.42
1405,a,12591,9254,mopoz,1.06
1405,a,12591,19509,dav1g,0.96
1405,a,12591,11205,stadodo,0.92
402,b,6667,8183,rain,1.71
402,b,6667,18053,broky,1.54
402,b,6667,9960,frozen,1.5
402,b,6667,429,karrigan,0.99
402,b,6667,11816,ropz,0.97
402,a,11251,8575,Calyx,1.08
402,a,11251,21243,Wicadia,0.9
402,a,11251,8574,woxic,0.64
402,a,11251,150,MAJ3R,0.63
402,a,11251,7938,XANTARES,0.38
936,b,11883,12004,clax,1.53
936,b,11883,14273,iDISBALANCE,1.32
936,b,11883,3347,seized,1.14
936,b,11883,17508,glowiing,1.12
936,b,11883,20357,d1Ledez,0.91
936,a,4914,9656,hAdji,1.04
936,a,4914,19739,Ex3rcice,1.0
936,a,4914,19738,Djoko,0.92
936,a,4914,13497,Lucky,0.82
936,a,4914,13138,Maka,0.75
1121,a,4608,9816,Aleksib,1.71
1121,a,4608,19206,jL,1.7
1121,a,4608,18987,b1t,1.47
1121,a,4608,20127,w0nderful,0.85
1121,a,4608,14759,iM,0.85
1121,b,12394,18506,S1ren,1.39
1121,b,12394,15662,zorte,1.22
1121,b,12394,19920,KaiR0N-,0.84
1121,b,12394,22039,danistzz,0.64
1121,b,12394,16921,nafany,0.52
931,a,11883,14273,iDISBALANCE,1.04
931,a,11883,17508,glowiing,0.99
931,a,11883,20357,d1Ledez,0.94
931,a,11883,12004,clax,0.89
931,a,11883,3347,seized,0.77
931,b,12586,16948,TRAVIS,1.44
931,b,12586,12027,Krad,1.17
931,b,12586,13982,Forester,1.17
931,b,12586,21439,ICY,0.91
931,b,12586,11498,NickelBack,0.8
158,b,4991,21062,MATYS,1.0
158,b,4991,8374,bodyy,0.84
158,b,4991,19926,afro,0.74
158,b,4991,7528,KRIMZ,0.7
158,b,4991,20170,kyuubii,0.38
158,a,10567,20465,arrozdoce,2.12
158,a,10567,20464,ewjerkz,1.35
158,a,10567,2241,roman,1.33
158,a,10567,20462,story,1.25
158,a,10567,630,MUTiRiS,1.03
724,b,11811,16717,br0,1.56
724,b,11811,20282,kRaSnaL,1.42
724,b,11811,19733,DemQQ,1.37
724,b,11811,12731,sdy,1.25
724,b,11811,16885,Woro2k,1.09
724,a,11861,19236,KENSI,1.02
724,a,11861,13240,Lack1,0.98
724,a,11861,20113,deko,0.92
724,a,11861,19882,Norwi,0.66
724,a,11861,19235,BELCHONOKK,0.51
350,a,11251,8574,woxic,2.27
350,a,11251,21243,Wicadia,1.63
350,a,11251,8575,Calyx,1.61
350,a,11251,150,MAJ3R,1.12
350,a,11251,7938,XANTARES,1.11
350,b,12394,18506,S1ren,0.95
350,b,12394,19920,KaiR0N-,0.81
350,b,12394,15662,zorte,0.57
350,b,12394,22039,danistzz,0.53
350,b,12394,16921,nafany,0.39
725,b,11861,20113,deko,1.45
725,b,11861,19236,KENSI,1.0
725,b,11861,19235,BELCHONOKK,0.85
725,b,11861,13240,Lack1,0.76
725,b,11861,19882,Norwi,0.67
725,a,11811,19733,DemQQ,1.46
725,a,11811,16717,br0,1.39
725,a,11811,16885,Woro2k,1.16
725,a,11811,12731,sdy,1.11
725,a,11811,20282,kRaSnaL,0.63
3013,a,9565,11893,ZywOo,3.08
3013,a,9565,18462,mezii,1.55
3013,a,9565,18221,Spinx,1.45
3013,a,9565,7322,apEX,1.17
3013,a,9565,16693,flameZ,1.08
3013,b,9928,15117,Keoz,0.91
3013,b,9928,20358,volt,0.83
3013,b,9928,17937,isak,0.61
3013,b,9928,2553,Snax,0.33
3013,b,9928,10330,acoR,0.27
1384,a,4494,13666,Brollan,1.54
1384,a,4494,20312,xertioN,1.11
1384,a,4494,18072,torzsi,1.03
1384,a,4494,18850,Jimpphat,1.01
1384,a,4494,16820,siuhy,0.91
1384,b,12527,17147,juanflatroo,1.42
1384,b,12527,19725,gxx-,1.13
1384,b,12527,18120,sinnopsyy,1.1
1384,b,12527,15778,SENER1,0.77
1384,b,12527,12708,rigoN,0.73
2140,a,7020,7716,chopper,2.56
2140,a,7020,21167,donk,2.25
2140,a,7020,16920,sh1ro,1.68
2140,a,7020,20423,zont1x,1.03
2140,a,7020,18317,magixx,0.89
2140,b,4869,16080,dycha,0.86
2140,b,4869,7412,gla1ve,0.77
2140,b,4869,15428,Goofy,0.7
2140,b,4869,16848,hades,0.25
2140,b,4869,19114,Kylar,0.21
595,b,11811,16885,Woro2k,1.51
595,b,11811,19733,DemQQ,1.25
595,b,11811,21816,Gizmy,0.92
595,b,11811,20282,kRaSnaL,0.85
595,b,11811,16717,br0,0.56
595,a,11419,13749,Queenix,1.46
595,a,11419,20300,kraghen,1.2
595,a,11419,21379,salazar,1.2
595,a,11419,8891,Nodios,1.11
595,a,11419,13077,Patti,0.81
100,b,9806,8248,jkaem,1.99
100,b,9806,6904,STYKO,1.34
100,b,9806,17450,sense,1.05
100,b,9806,18790,CacaNito,1.05
100,b,9806,13670,nawwk,0.85
100,a,10503,20447,HeavyGod,1.34
100,a,10503,20123,regali,1.05
100,a,10503,20872,Nexius,0.83
100,a,10503,12781,k1to,0.79
100,a,10503,19044,F1KU,0.58
1020,a,12334,7398,dupreeh,1.4
1020,a,12334,14419,roeJ,0.85
1020,a,12334,10610,refrezh,0.82
1020,a,12334,16705,Altekz,0.63
1020,a,12334,11995,TMB,0.57
1020,b,7175,9436,NertZ,1.69
1020,b,7175,14148,sjuush,1.29
1020,b,7175,12018,TeSeS,1.17
1020,b,7175,13602,nicoodoz,0.94
1020,b,7175,19677,kyxsan,0.79
1385,a,12527,18120,sinnopsyy,0.97
1385,a,12527,15778,SENER1,0.95
1385,a,12527,12708,rigoN,0.87
1385,a,12527,19725,gxx-,0.66
1385,a,12527,17147,juanflatroo,0.59
1385,b,4869,16848,hades,1.96
1385,b,4869,19114,Kylar,1.78
1385,b,4869,15428,Goofy,1.2
1385,b,4869,16080,dycha,1.2
1385,b,4869,7412,gla1ve,0.75
60,a,12334,10610,refrezh,1.49
60,a,12334,14419,roeJ,1.01
60,a,12334,16705,Altekz,0.83
60,a,12334,7398,dupreeh,0.61
60,a,12334,11995,TMB,0.58
60,b,10503,20123,regali,1.71
60,b,10503,19044,F1KU,1.33
60,b,10503,20447,HeavyGod,1.23
60,b,10503,20872,Nexius,1.05
60,b,10503,12781,k1to,0.77
2450,a,5752,11840,Boombl4,1.54
2450,a,5752,16555,Ax1Le,1.16
2450,a,5752,8528,HObbit,1.01
2450,a,5752,8918,electroNic,0.96
2450,a,5752,16947,Perfecto,0.88
2450,b,9806,18790,CacaNito,1.1
2450,b,9806,17450,sense,1.09
2450,b,9806,13670,nawwk,1.08
2450,b,9806,6904,STYKO,0.89
2450,b,9806,8248,jkaem,0.82
606,a,4494,20312,xertioN,1.51
606,a,4494,18850,Jimpphat,1.26
606,a,4494,13666,Brollan,1.2
606,a,4494,18072,torzsi,1.19
606,a,4494,16820,siuhy,1.07
606,b,11419,20300,kraghen,1.1
606,b,11419,13077,Patti,1.0
606,b,11419,13749,Queenix,0.85
606,b,11419,8891,Nodios,0.84
606,b,11419,21379,salazar,0.48
2894,a,9565,11893,ZywOo,2.18
2894,a,9565,18221,Spinx,1.5
2894,a,9565,7322,apEX,1.33
2894,a,9565,18462,mezii,1.31
2894,a,9565,16693,flameZ,0.93
2894,b,7175,14148,sjuush,0.77
2894,b,7175,12018,TeSeS,0.75
2894,b,7175,9436,NertZ,0.62
2894,b,7175,13602,nicoodoz,0.53
2894,b,7175,19677,kyxsan,0.51
2702,a,7020,16920,sh1ro,1.49
2702,a,7020,18317,magixx,1.16
2702,a,7020,21167,donk,0.96
2702,a,7020,20423,zont1x,0.9
2702,a,7020,7716,chopper,0.87
2702,b,6665,20304,Staehr,1.29
2702,b,6665,15165,blameF,1.0
2702,b,6665,17956,jabbi,0.91
2702,b,6665,7592,device,0.87
2702,b,6665,10994,stavn,0.87
51,a,11419,13077,Patti,1.54
51,a,11419,21379,salazar,1.48
51,a,11419,20300,kraghen,0.99
51,a,11419,8891,Nodios,0.61
51,a,11419,13749,Queenix,0.57
51,b,10503,19044,F1KU,1.33
51,b,10503,20872,Nexius,1.33
51,b,10503,20447,HeavyGod,1.32
51,b,10503,20123,regali,0.86
51,b,10503,12781,k1to,0.8
792,b,9806,18790,CacaNito,1.57
792,b,9806,8248,jkaem,1.53
792,b,9806,13670,nawwk,1.4
792,b,9806,17450,sense,0.97
792,b,9806,6904,STYKO,0.91
792,a,11811,12731,sdy,1.06
792,a,11811,20282,kRaSnaL,0.87
792,a,11811,19733,DemQQ,0.83
792,a,11811,16717,br0,0.69
792,a,11811,16885,Woro2k,0.67
2163,a,9928,10330,acoR,1.42
2163,a,9928,2553,Snax,1.24
2163,a,9928,17937,isak,0.93
2163,a,9928,20358,volt,0.88
2163,a,9928,15117,Keoz,0.84
2163,b,4869,7412,gla1ve,1.41
2163,b,4869,19114,Kylar,1.13
2163,b,4869,16848,hades,1.05
2163,b,4869,15428,Goofy,0.83
2163,b,4869,16080,dycha,0.79
2712,a,6665,15165,blameF,1.09
2712,a,6665,20304,Staehr,1.07
2712,a,6665,17956,jabbi,0.86
2712,a,6665,10994,stavn,0.74
2712,a,6665,7592,device,0.6
2712,b,7175,9436,NertZ,2.14
2712,b,7175,19677,kyxsan,1.25
2712,b,7175,14148,sjuush,1.22
2712,b,7175,13602,nicoodoz,1.04
2712,b,7175,12018,TeSeS,0.92
2449,b,9565,18221,Spinx,1.17
2449,b,9565,11893,ZywOo,1.0
2449,b,9565,16693,flameZ,0.98
2449,b,9565,7322,apEX,0.78
2449,b,9565,18462,mezii,0.49
2449,a,5752,16555,Ax1Le,1.76
2449,a,5752,11840,Boombl4,1.55
2449,a,5752,8528,HObbit,1.16
2449,a,5752,8918,electroNic,1.05
2449,a,5752,16947,Perfecto,1.02
1746,b,7020,18317,magixx,1.28
1746,b,7020,20423,zont1x,1.2
1746,b,7020,16920,sh1ro,0.95
1746,b,7020,21167,donk,0.82
1746,b,7020,7716,chopper,0.42
1746,a,4494,16820,siuhy,1.37
1746,a,4494,18850,Jimpphat,1.3
1746,a,4494,20312,xertioN,1.25
1746,a,4494,18072,torzsi,0.99
1746,a,4494,13666,Brollan,0.82
620,b,9806,8248,jkaem,1.49
620,b,9806,6904,STYKO,1.22
620,b,9806,13670,nawwk,1.15
620,b,9806,18790,CacaNito,1.05
620,b,9806,17450,sense,0.61
620,a,11419,21379,salazar,1.6
620,a,11419,20300,kraghen,1.25
620,a,11419,13077,Patti,0.95
620,a,11419,8891,Nodios,0.81
620,a,11419,13749,Queenix,0.59
772,a,11811,12731,sdy,1.33
772,a,11811,19733,DemQQ,0.98
772,a,11811,16717,br0,0.73
772,a,11811,16885,Woro2k,0.7
772,a,11811,20282,kRaSnaL,0.53
772,b,6665,20304,Staehr,1.61
772,b,6665,10994,stavn,1.32
772,b,6665,17956,jabbi,1.17
772,b,6665,15165,blameF,0.96
772,b,6665,7592,device,0.82
101,b,10503,19044,F1KU,1.35
101,b,10503,20123,regali,1.09
101,b,10503,20447,HeavyGod,0.99
101,b,10503,20872,Nexius,0.68
101,b,10503,12781,k1to,0.37
101,a,9928,17937,isak,1.76
101,a,9928,2553,Snax,1.36
101,a,9928,20358,volt,1.12
101,a,9928,10330,acoR,1.11
101,a,9928,15117,Keoz,0.71
2158,b,9565,18221,Spinx,2.06
2158,b,9565,7322,apEX,1.52
2158,b,9565,11893,ZywOo,1.36
2158,b,9565,18462,mezii,1.3
2158,b,9565,16693,flameZ,1.22
2158,a,4869,15428,Goofy,1.15
2158,a,4869,16848,hades,0.77
2158,a,4869,19114,Kylar,0.54
2158,a,4869,7412,gla1ve,0.48
2158,a,4869,16080,dycha,0.43
1013,a,12527,17147,juanflatroo,1.51
1013,a,12527,15778,SENER1,1.3
1013,a,12527,18120,sinnopsyy,1.22
1013,a,12527,19725,gxx-,1.09
1013,a,12527,12708,rigoN,0.72
1013,b,12334,10610,refrezh,1.39
1013,b,12334,7398,dupreeh,1.08
1013,b,12334,14419,roeJ,0.9
1013,b,12334,11995,TMB,0.82
1013,b,12334,16705,Altekz,0.67
2814,a,7020,7716,chopper,1.27
2814,a,7020,21167,donk,1.21
2814,a,7020,18317,magixx,1.19
2814,a,7020,20423,zont1x,1.08
2814,a,7020,16920,sh1ro,0.99
2814,b,7175,19677,kyxsan,1.5
2814,b,7175,13602,nicoodoz,1.11
2814,b,7175,9436,NertZ,0.89
2814,b,7175,12018,TeSeS,0.83
2814,b,7175,14148,sjuush,0.69
2136,a,4869,19114,Kylar,1.67
2136,a,4869,16848,hades,1.51
2136,a,4869,15428,Goofy,1.42
2136,a,4869,7412,gla1ve,0.99
2136,a,4869,16080,dycha,0.48
2136,b,6665,20304,Staehr,1.2
2136,b,6665,17956,jabbi,0.97
2136,b,6665,15165,blameF,0.91
2136,b,6665,7592,device,0.81
2136,b,6665,10994,stavn,0.62
604,a,11419,13077,Patti,1.57
604,a,11419,21379,salazar,1.37
604,a,11419,8891,Nodios,1.37
604,a,11419,20300,kraghen,1.34
604,a,11419,13749,Queenix,1.09
604,b,12527,12708,rigoN,1.04
604,b,12527,17147,juanflatroo,1.02
604,b,12527,18120,sinnopsyy,0.75
604,b,12527,19725,gxx-,0.63
604,b,12527,15778,SENER1,0.33
2896,b,7175,14148,sjuush,1.58
2896,b,7175,9436,NertZ,1.41
2896,b,7175,13602,nicoodoz,1.06
2896,b,7175,19677,kyxsan,0.97
2896,b,7175,12018,TeSeS,0.82
2896,a,9928,20358,volt,1.07
2896,a,9928,10330,acoR,0.96
2896,a,9928,17937,isak,0.91
2896,a,9928,15117,Keoz,0.86
2896,a,9928,2553,Snax,0.76
2955,b,8297,12553,yuurih,1.69
2955,b,8297,12521,arT,1.5
2955,b,8297,15631,KSCERATO,1.45
2955,b,8297,2023,FalleN,1.08
2955,b,8297,10566,chelo,0.83
2955,a,9455,9219,felps,1.29
2955,a,9455,12822,VINI,1.14
2955,a,9455,20183,decenty,0.97
2955,a,9455,8565,HEN1,0.86
2955,a,9455,22564,noway,0.36
938,b,11883,12004,clax,1.38
938,b,11883,20357,d1Ledez,1.24
938,b,11883,3347,seized,1.16
938,b,11883,17508,glowiing,0.99
938,b,11883,14273,iDISBALANCE,0.82
938,a,6665,20304,Staehr,1.19
938,a,6665,15165,blameF,1.07
938,a,6665,7592,device,0.98
938,a,6665,17956,jabbi,0.89
938,a,6665,10994,stavn,0.69
1102,b,12394,18506,S1ren,1.34
1102,b,12394,19920,KaiR0N-,1.29
1102,b,12394,22039,danistzz,1.13
1102,b,12394,15662,zorte,0.74
1102,b,12394,16921,nafany,0.69
1102,a,12527,18120,sinnopsyy,1.53
1102,a,12527,15778,SENER1,1.44
1102,a,12527,17147,juanflatroo,1.15
1102,a,12527,12708,rigoN,0.99
1102,a,12527,19725,gxx-,0.98
2286,b,4991,8374,bodyy,1.04
2286,b,4991,20170,kyuubii,0.95
2286,b,4991,21062,MATYS,0.85
2286,b,4991,7528,KRIMZ,0.71
2286,b,4991,19926,afro,0.66
2286,a,9928,10330,acoR,1.53
2286,a,9928,15117,Keoz,1.46
2286,a,9928,20358,volt,1.35
2286,a,9928,2553,Snax,1.04
2286,a,9928,17937,isak,0.93
1386,b,12527,18120,sinnopsyy,1.22
1386,b,12527,17147,juanflatroo,1.18
1386,b,12527,12708,rigoN,1.14
1386,b,12527,19725,gxx-,1.01
1386,b,12527,15778,SENER1,0.64
1386,a,9928,15117,Keoz,1.49
1386,a,9928,17937,isak,1.35
1386,a,9928,2553,Snax,1.13
1386,a,9928,20358,volt,1.12
1386,a,9928,10330,acoR,0.71
944,a,11883,17508,glowiing,1.91
944,a,11883,12004,clax,1.04
944,a,11883,14273,iDISBALANCE,1.04
944,a,11883,20357,d1Ledez,0.82
944,a,11883,3347,seized,0.81
944,b,9928,20358,volt,1.22
944,b,9928,17937,isak,1.17
944,b,9928,2553,Snax,1.1
944,b,9928,10330,acoR,0.84
944,b,9928,15117,Keoz,0.67
678,b,12527,18120,sinnopsyy,1.57
678,b,12527,15778,SENER1,1.46
678,b,12527,19725,gxx-,1.44
678,b,12527,17147,juanflatroo,1.17
678,b,12527,12708,rigoN,0.56
678,a,11641,13669,Jackinho,1.24
678,a,11641,21163,susp,1.09
678,a,11641,20878,adamb,0.96
678,a,11641,16486,ztr,0.93
678,a,11641,20119,nilo,0.55
2653,a,6248,20194,bLitz,1.67
2653,a,6248,21809,910,1.54
2653,a,6248,21001,mzinho,1.45
2653,a,6248,20275,Techno,1.4
2653,a,6248,20903,Senzu,1.1
2653,b,8840,16551,Westmelon,1.01
2653,b,8840,18744,z4KR,0.91
2653,b,8840,22922,EmiliaQAQ,0.83
2653,b,8840,20702,Jee,0.67
2653,b,8840,20254,Starry,0.47
1016,b,4991,21062,MATYS,1.7
1016,b,4991,7528,KRIMZ,1.05
1016,b,4991,20170,kyuubii,0.89
1016,b,4991,19926,afro,0.77
1016,b,4991,8374,bodyy,0.67
1016,a,12334,14419,roeJ,1.69
1016,a,12334,7398,dupreeh,1.28
1016,a,12334,11995,TMB,1.12
1016,a,12334,10610,refrezh,0.96
1016,a,12334,16705,Altekz,0.67
1408,a,7865,11283,ottoNd,0.85
1408,a,7865,20593,Airax,0.69
1408,a,7865,20625,Banjo,0.65
1408,a,7865,9818,uli,0.63
1408,a,7865,22144,puuha,0.46
1408,b,12591,8998,JUST,1.81
1408,b,12591,19698,adamS,1.43
1408,b,12591,9254,mopoz,1.42
1408,b,12591,19509,dav1g,1.41
1408,b,12591,11205,stadodo,1.28
607,a,4914,19738,Djoko,1.53
607,a,4914,13138,Maka,1.33
607,a,4914,9656,hAdji,1.09
607,a,4914,19739,Ex3rcice,0.92
607,a,4914,13497,Lucky,0.91
607,b,11419,13077,Patti,1.36
607,b,11419,20300,kraghen,1.1
607,b,11419,21379,salazar,0.91
607,b,11419,8891,Nodios,0.79
607,b,11419,13749,Queenix,0.57
1396,a,7532,19284,prosus,1.72
1396,a,7532,5794,tabseN,1.53
1396,a,7532,7266,syrsoN,1.44
1396,a,7532,19899,Krimbo,1.03
1396,a,7532,14929,JDC,1.02
1396,b,12586,21439,ICY,0.99
1396,b,12586,12027,Krad,0.98
1396,b,12586,13982,Forester,0.95
1396,b,12586,16948,TRAVIS,0.66
1396,b,12586,11498,NickelBack,0.48
1012,a,12394,15662,zorte,1.5
1012,a,12394,16921,nafany,1.27
1012,a,12394,18506,S1ren,1.26
1012,a,12394,19920,KaiR0N-,1.02
1012,a,12394,22039,danistzz,0.81
1012,b,12334,7398,dupreeh,1.23
1012,b,12334,10610,refrezh,1.11
1012,b,12334,11995,TMB,0.95
1012,b,12334,14419,roeJ,0.76
1012,b,12334,16705,Altekz,0.55
1316,a,4773,19694,nqz,2.02
1316,a,4773,18141,biguzera,1.8
1316,a,4773,20085,kauez,1.52
1316,a,4773,20563,lux,1.1
1316,a,4773,19686,n1ssim,1.01
1316,b,12468,19045,latto,0.78
1316,b,12468,15698,dumau,0.78
1316,b,12468,9216,coldzera,0.73
1316,b,12468,9482,NEKIZ,0.46
1316,b,12468,17585,b4rtiN,0.43
2499,a,8297,10566,chelo,1.38
2499,a,8297,15631,KSCERATO,1.18
2499,a,8297,2023,FalleN,1.04
2499,a,8297,12521,arT,1.03
2499,a,8297,12553,yuurih,0.98
2499,b,5973,10394,Twistzz,1.12
2499,b,5973,18676,skullz,0.98
2499,b,5973,7964,cadiaN,0.98
2499,b,5973,8520,NAF,0.86
2499,b,5973,13915,YEKINDAR,0.57
756,b,11811,16885,Woro2k,1.43
756,b,11811,21816,Gizmy,1.0
756,b,11811,20282,kRaSnaL,0.81
756,b,11811,21452,Kvem,0.77
756,b,11811,19733,DemQQ,0.63
756,a,4914,19738,Djoko,1.42
756,a,4914,13138,Maka,1.18
756,a,4914,19739,Ex3rcice,1.16
756,a,4914,13497,Lucky,1.16
756,a,4914,9656,hAdji,1.15
596,b,11419,8891,Nodios,2.05
596,b,11419,13749,Queenix,1.91
596,b,11419,20300,kraghen,1.35
596,b,11419,21379,salazar,0.83
596,b,11419,13077,Patti,0.76
596,a,11811,19733,DemQQ,1.31
596,a,11811,20282,kRaSnaL,1.05
596,a,11811,21452,Kvem,0.93
596,a,11811,21816,Gizmy,0.6
596,a,11811,16885,Woro2k,0.49
1017,b,4991,7528,KRIMZ,2.46
1017,b,4991,8374,bodyy,1.5
1017,b,4991,20170,kyuubii,1.19
1017,b,4991,21062,MATYS,0.91
1017,b,4991,19926,afro,0.82
1017,a,12334,11995,TMB,1.28
1017,a,12334,7398,dupreeh,0.99
1017,a,12334,14419,roeJ,0.99
1017,a,12334,10610,refrezh,0.82
1017,a,12334,16705,Altekz,0.69
2035,b,4773,19686,n1ssim,0.92
2035,b,4773,20085,kauez,0.92
2035,b,4773,20563,lux,0.89
2035,b,4773,19694,nqz,0.76
2035,b,4773,18141,biguzera,0.67
2035,a,9455,8565,HEN1,2.23
2035,a,9455,22564,noway,1.7
2035,a,9455,9219,felps,1.25
2035,a,9455,20183,decenty,1.21
2035,a,9455,12822,VINI,0.76
608,b,11419,21379,salazar,1.49
608,b,11419,8891,Nodios,1.18
608,b,11419,13749,Queenix,1.09
608,b,11419,20300,kraghen,1.09
608,b,11419,13077,Patti,0.66
608,a,4991,8374,bodyy,1.21
608,a,4991,21062,MATYS,0.98
608,a,4991,19926,afro,0.98
608,a,4991,20170,kyuubii,0.82
608,a,4991,7528,KRIMZ,0.72
1011,a,12334,14419,roeJ,1.78
1011,a,12334,7398,dupreeh,1.75
1011,a,12334,10610,refrezh,1.13
1011,a,12334,16705,Altekz,1.09
1011,a,12334,11995,TMB,0.98
1011,b,12394,16921,nafany,0.93
1011,b,12394,15662,zorte,0.82
1011,b,12394,22039,danistzz,0.7
1011,b,12394,19920,KaiR0N-,0.66
1011,b,12394,18506,S1ren,0.47
599,a,12334,14419,roeJ,1.5
599,a,12334,7398,dupreeh,1.39
599,a,12334,16705,Altekz,1.33
599,a,12334,10610,refrezh,1.32
599,a,12334,11995,TMB,0.86
599,b,11419,20300,kraghen,1.53
599,b,11419,8891,Nodios,1.23
599,b,11419,13077,Patti,0.59
599,b,11419,21379,salazar,0.58
599,b,11419,13749,Queenix,0.47
2335,a,8297,15631,KSCERATO,1.4
2335,a,8297,12553,yuurih,1.37
2335,a,8297,2023,FalleN,1.24
2335,a,8297,10566,chelo,1.18
2335,a,8297,12521,arT,1.14
2335,b,5005,12840,hallzerk,1.01
2335,b,5005,12713,floppy,0.8
2335,b,5005,13578,Grim,0.78
2335,b,5005,8738,EliGE,0.74
2335,b,5005,11630,JT,0.51
1357,a,12468,9216,coldzera,2.01
1357,a,12468,15698,dumau,1.45
1357,a,12468,19045,latto,1.16
1357,a,12468,9482,NEKIZ,1.1
1357,a,12468,17585,b4rtiN,0.88
1357,b,9215,21037,insani,1.18
1357,b,9215,20987,brnz4n,1.09
1357,b,9215,11154,exit,0.93
1357,b,9215,19750,drop,0.8
1357,b,9215,18835,saffee,0.3
600,a,12394,18506,S1ren,1.83
600,a,12394,22039,danistzz,1.53
600,a,12394,19920,KaiR0N-,1.36
600,a,12394,15662,zorte,1.22
600,a,12394,16921,nafany,1.16
600,b,11419,13749,Queenix,0.99
600,b,11419,21379,salazar,0.91
600,b,11419,8891,Nodios,0.83
600,b,11419,13077,Patti,0.66
600,b,11419,20300,kraghen,0.44
2167,a,4914,13138,Maka,0.83
2167,a,4914,9656,hAdji,0.75
2167,a,4914,13497,Lucky,0.63
2167,a,4914,19739,Ex3rcice,0.58
2167,a,4914,19738,Djoko,0.57
2167,b,4991,21062,MATYS,1.64
2167,b,4991,20170,kyuubii,1.61
2167,b,4991,19926,afro,1.58
2167,b,4991,7528,KRIMZ,1.42
2167,b,4991,8374,bodyy,0.87
2298,a,5005,13578,Grim,1.54
2298,a,5005,8738,EliGE,1.5
2298,a,5005,12840,hallzerk,1.17
2298,a,5005,11630,JT,1.13
2298,a,5005,12713,floppy,0.77
2298,b,5973,8520,NAF,1.13
2298,b,5973,10394,Twistzz,1.13
2298,b,5973,13915,YEKINDAR,0.89
2298,b,5973,18676,skullz,0.84
2298,b,5973,7964,cadiaN,0.64
114,a,11811,19733,DemQQ,1.18
114,a,11811,21816,Gizmy,0.92
114,a,11811,20282,kRaSnaL,0.69
114,a,11811,21217,ryu,0.53
114,a,11811,16885,Woro2k,0.48
114,b,10567,630,MUTiRiS,1.62
114,b,10567,20462,story,1.36
114,b,10567,2241,roman,1.29
114,b,10567,20464,ewjerkz,1.17
114,b,10567,20465,arrozdoce,1.16
933,a,11883,12004,clax,1.28
933,a,11883,20357,d1Ledez,1.06
933,a,11883,14273,iDISBALANCE,0.9
933,a,11883,3347,seized,0.76
933,a,11883,17508,glowiing,0.49
933,b,12591,11205,stadodo,1.31
933,b,12591,19509,dav1g,1.23
933,b,12591,19698,adamS,1.17
933,b,12591,9254,mopoz,1.07
933,b,12591,8998,JUST,0.68
432,a,11283,19164,SunPayus,1.39
432,a,11283,11777,Maden,1.25
432,a,11283,9032,Magisk,1.23
432,a,11283,7998,s1mple,0.73
432,a,11283,922,Snappi,0.57
432,b,11641,16486,ztr,1.45
432,b,11641,13669,Jackinho,1.45
432,b,11641,20878,adamb,1.18
432,b,11641,20119,nilo,0.78
432,b,11641,21163,susp,0.77
170,b,5973,10394,Twistzz,1.62
170,b,5973,18676,skullz,0.94
170,b,5973,8520,NAF,0.75
170,b,5973,7964,cadiaN,0.48
170,b,5973,13915,YEKINDAR,0.3
170,a,10567,20462,story,1.85
170,a,10567,20465,arrozdoce,1.64
170,a,10567,20464,ewjerkz,1.47
170,a,10567,630,MUTiRiS,1.18
170,a,10567,2241,roman,1.01
85,a,5005,13578,Grim,1.3
85,a,5005,8738,EliGE,1.17
85,a,5005,11630,JT,1.13
85,a,5005,12713,floppy,0.69
85,a,5005,12840,hallzerk,0.65
85,b,10503,20447,HeavyGod,1.67
85,b,10503,20123,regali,1.22
85,b,10503,20872,Nexius,1.03
85,b,10503,19044,F1KU,0.92
85,b,10503,12781,k1to,0.9
789,b,11811,20282,kRaSnaL,1.6
789,b,11811,12731,sdy,1.42
789,b,11811,19733,DemQQ,1.32
789,b,11811,20794,leen,1.26
789,b,11811,16885,Woro2k,0.94
789,a,9455,9219,felps,1.91
789,a,9455,12822,VINI,1.11
789,a,9455,8565,HEN1,0.56
789,a,9455,22564,noway,0.53
789,a,9455,20183,decenty,0.42
2924,b,9928,15117,Keoz,1.68
2924,b,9928,17937,isak,1.21
2924,b,9928,10330,acoR,0.73
2924,b,9928,20358,volt,0.52
2924,b,9928,2553,Snax,0.48
2924,a,7532,14929,JDC,1.77
2924,a,7532,19899,Krimbo,1.62
2924,a,7532,19284,prosus,1.05
2924,a,7532,5794,tabseN,1.0
2924,a,7532,7266,syrsoN,0.95
169,b,5752,16947,Perfecto,1.42
169,b,5752,8528,HObbit,1.18
169,b,5752,16555,Ax1Le,0.76
169,b,5752,8918,electroNic,0.64
169,b,5752,11840,Boombl4,0.43
169,a,10567,20465,arrozdoce,2.0
169,a,10567,20464,ewjerkz,1.49
169,a,10567,20462,story,0.91
169,a,10567,2241,roman,0.87
169,a,10567,630,MUTiRiS,0.69
90,b,7175,19677,kyxsan,1.13
90,b,7175,9436,NertZ,0.96
90,b,7175,13602,nicoodoz,0.78
90,b,7175,14148,sjuush,0.64
90,b,7175,12018,TeSeS,0.45
90,a,10503,20447,HeavyGod,2.03
90,a,10503,20123,regali,1.62
90,a,10503,12781,k1to,1.14
90,a,10503,20872,Nexius,0.92
90,a,10503,19044,F1KU,0.86
671,a,11641,20878,adamb,1.66
671,a,11641,21163,susp,1.54
671,a,11641,20119,nilo,1.43
671,a,11641,16486,ztr,1.3
671,a,11641,13669,Jackinho,0.94
671,b,11811,16885,Woro2k,1.04
671,b,11811,20282,kRaSnaL,0.96
671,b,11811,12731,sdy,0.72
671,b,11811,19733,DemQQ,0.71
671,b,11811,20794,leen,0.45
2821,b,7020,7716,chopper,2.55
2821,b,7020,21167,donk,1.75
2821,b,7020,20423,zont1x,1.3
2821,b,7020,18317,magixx,1.0
2821,b,7020,16920,sh1ro,0.77
2821,a,7532,7266,syrsoN,1.26
2821,a,7532,5794,tabseN,0.89
2821,a,7532,19284,prosus,0.68
2821,a,7532,14929,JDC,0.66
2821,a,7532,19899,Krimbo,0.49
46,b,10567,20465,arrozdoce,1.32
46,b,10567,2241,roman,1.16
46,b,10567,630,MUTiRiS,1.13
46,b,10567,20462,story,1.09
46,b,10567,20464,ewjerkz,1.03
46,a,10503,20123,regali,1.23
46,a,10503,12781,k1to,1.14
46,a,10503,19817,s0und,1.02
46,a,10503,20872,Nexius,0.77
46,a,10503,19044,F1KU,0.67
681,a,11641,21163,susp,1.34
681,a,11641,13669,Jackinho,1.04
681,a,11641,20878,adamb,0.84
681,a,11641,16486,ztr,0.54
681,a,11641,20119,nilo,0.49
681,b,7020,21167,donk,1.9
681,b,7020,16920,sh1ro,1.55
681,b,7020,18317,magixx,1.43
681,b,7020,20423,zont1x,1.07
681,b,7020,7716,chopper,0.96
680,b,11641,21163,susp,1.25
680,b,11641,20878,adamb,0.87
680,b,11641,20119,nilo,0.79
680,b,11641,16486,ztr,0.6
680,b,11641,13669,Jackinho,0.49
680,a,4869,7412,gla1ve,1.67
680,a,4869,16848,hades,1.48
680,a,4869,15428,Goofy,1.38
680,a,4869,16080,dycha,1.03
680,a,4869,19114,Kylar,1.01
1021,a,7175,12018,TeSeS,1.31
1021,a,7175,13602,nicoodoz,1.19
1021,a,7175,14148,sjuush,1.11
1021,a,7175,9436,NertZ,1.11
1021,a,7175,19677,kyxsan,0.88
1021,b,12334,7398,dupreeh,1.52
1021,b,12334,14419,roeJ,1.16
1021,b,12334,16705,Altekz,1.13
1021,b,12334,10610,refrezh,0.87
1021,b,12334,11995,TMB,0.61
1410,b,12591,9254,mopoz,1.13
1410,b,12591,19698,adamS,1.11
1410,b,12591,8998,JUST,1.1
1410,b,12591,19509,dav1g,0.77
1410,b,12591,11205,stadodo,0.62
1410,a,9806,8248,jkaem,1.44
1410,a,9806,18790,CacaNito,1.39
1410,a,9806,6904,STYKO,1.25
1410,a,9806,13670,nawwk,1.05
1410,a,9806,17450,sense,0.96
677,a,11641,20119,nilo,1.78
677,a,11641,13669,Jackinho,1.43
677,a,11641,21163,susp,1.39
677,a,11641,16486,ztr,1.24
677,a,11641,20878,adamb,1.1
677,b,12334,16705,Altekz,0.96
677,b,12334,7398,dupreeh,0.83
677,b,12334,14419,roeJ,0.74
677,b,12334,10610,refrezh,0.72
677,b,12334,11995,TMB,0.64
2142,a,4869,16848,hades,0.99
2142,a,4869,19114,Kylar,0.9
2142,a,4869,7412,gla1ve,0.83
2142,a,4869,16080,dycha,0.66
2142,a,4869,15428,Goofy,0.62
2142,b,7175,12018,TeSeS,2.0
2142,b,7175,13602,nicoodoz,1.45
2142,b,7175,9436,NertZ,1.3
2142,b,7175,19677,kyxsan,1.23
2142,b,7175,14148,sjuush,0.92
2423,a,5378,8789,mir,1.42
2423,a,5378,20101,fame,1.27
2423,a,5378,13776,Jame,1.2
2423,a,5378,12732,FL1T,0.96
2423,a,5378,16612,n0rb3r7,0.84
2423,b,9806,8248,jkaem,1.71
2423,b,9806,6904,STYKO,1.03
2423,b,9806,17450,sense,0.81
2423,b,9806,13670,nawwk,0.69
2423,b,9806,18790,CacaNito,0.63
685,b,11641,20119,nilo,1.6
685,b,11641,16486,ztr,1.39
685,b,11641,20878,adamb,1.34
685,b,11641,13669,Jackinho,1.17
685,b,11641,21163,susp,1.04
685,a,9806,18790,CacaNito,1.15
685,a,9806,8248,jkaem,0.95
685,a,9806,17450,sense,0.77
685,a,9806,13670,nawwk,0.73
685,a,9806,6904,STYKO,0.43
2390,b,7175,13602,nicoodoz,1.33
2390,b,7175,19677,kyxsan,1.1
2390,b,7175,14148,sjuush,1.04
2390,b,7175,12018,TeSeS,0.91
2390,b,7175,9436,NertZ,0.84
2390,a,5378,20101,fame,1.36
2390,a,5378,12732,FL1T,1.21
2390,a,5378,16612,n0rb3r7,1.1
2390,a,5378,13776,Jame,0.91
2390,a,5378,8789,mir,0.73
682,a,7175,12018,TeSeS,1.68
682,a,7175,14148,sjuush,1.64
682,a,7175,9436,NertZ,1.25
682,a,7175,13602,nicoodoz,1.1
682,a,7175,19677,kyxsan,0.99
682,b,11641,21163,susp,0.95
682,b,11641,16486,ztr,0.81
682,b,11641,13669,Jackinho,0.8
682,b,11641,20119,nilo,0.68
682,b,11641,20878,adamb,0.33
392,a,11251,8574,woxic,1.85
392,a,11251,7938,XANTARES,1.43
392,a,11251,150,MAJ3R,1.3
392,a,11251,8575,Calyx,1.2
392,a,11251,21243,Wicadia,0.68
392,b,6248,20194,bLitz,1.52
392,b,6248,21001,mzinho,0.72
392,b,6248,20903,Senzu,0.72
392,b,6248,20275,Techno,0.64
392,b,6248,21809,910,0.55
612,b,5752,8528,HObbit,1.64
612,b,5752,11840,Boombl4,1.26
612,b,5752,16555,Ax1Le,1.16
612,b,5752,8918,electroNic,0.9
612,b,5752,16947,Perfecto,0.86
612,a,11419,20300,kraghen,1.47
612,a,11419,8891,Nodios,1.04
612,a,11419,13749,Queenix,0.82
612,a,11419,21379,salazar,0.78
612,a,11419,13077,Patti,0.73
2051,a,9806,6904,STYKO,1.08
2051,a,9806,8248,jkaem,1.01
2051,a,9806,13670,nawwk,0.94
2051,a,9806,17450,sense,0.89
2051,a,9806,18790,CacaNito,0.67
2051,b,4773,18141,biguzera,1.81
2051,b,4773,20563,lux,1.25
2051,b,4773,19686,n1ssim,1.16
2051,b,4773,19694,nqz,1.07
2051,b,4773,20085,kauez,0.84
2156,b,4869,19114,Kylar,1.32
2156,b,4869,7412,gla1ve,1.06
2156,b,4869,16848,hades,0.92
2156,b,4869,15428,Goofy,0.91
2156,b,4869,16080,dycha,0.72
2156,a,9455,22564,noway,1.41
2156,a,9455,12822,VINI,1.17
2156,a,9455,8565,HEN1,1.12
2156,a,9455,9219,felps,0.93
2156,a,9455,20183,decenty,0.93
2882,a,7175,9436,NertZ,2.04
2882,a,7175,19677,kyxsan,1.54
2882,a,7175,12018,TeSeS,1.24
2882,a,7175,14148,sjuush,1.11
2882,a,7175,13602,nicoodoz,0.87
2882,b,8840,18744,z4KR,1.37
2882,b,8840,20254,Starry,1.31
2882,b,8840,16551,Westmelon,0.85
2882,b,8840,22922,EmiliaQAQ,0.58
2882,b,8840,20702,Jee,0.39
134,a,10567,20462,story,1.78
134,a,10567,20465,arrozdoce,1.57
134,a,10567,20464,ewjerkz,1.53
134,a,10567,630,MUTiRiS,0.89
134,a,10567,2241,roman,0.74
134,b,12591,19698,adamS,1.52
134,b,12591,11205,stadodo,0.73
134,b,12591,9254,mopoz,0.64
134,b,12591,8998,JUST,0.53
134,b,12591,19509,dav1g,0.45
1400,a,9928,17937,isak,1.34
1400,a,9928,20358,volt,1.31
1400,a,9928,15117,Keoz,1.27
1400,a,9928,10330,acoR,1.09
1400,a,9928,2553,Snax,0.8
1400,b,12586,21439,ICY,1.24
1400,b,12586,13982,Forester,1.05
1400,b,12586,11498,NickelBack,1.03
1400,b,12586,12027,Krad,0.93
1400,b,12586,16948,TRAVIS,0.62
1351,a,8297,15631,KSCERATO,1.54
1351,a,8297,10566,chelo,1.16
1351,a,8297,2023,FalleN,0.97
1351,a,8297,12521,arT,0.81
1351,a,8297,12553,yuurih,0.77
1351,b,12468,19045,latto,1.48
1351,b,12468,9216,coldzera,1.3
1351,b,12468,9482,NEKIZ,1.11
1351,b,12468,15698,dumau,0.92
1351,b,12468,17585,b4rtiN,0.72
614,a,11419,20300,kraghen,1.58
614,a,11419,13749,Queenix,1.29
614,a,11419,21379,salazar,1.21
614,a,11419,13077,Patti,1.05
614,a,11419,8891,Nodios,0.64
614,b,6248,20903,Senzu,1.21
614,b,6248,20275,Techno,1.0
614,b,6248,21001,mzinho,0.99
614,b,6248,21809,910,0.98
614,b,6248,20194,bLitz,0.51
369,b,11251,21243,Wicadia,1.9
369,b,11251,7938,XANTARES,1.63
369,b,11251,8574,woxic,1.54
369,b,11251,150,MAJ3R,1.2
369,b,11251,8575,Calyx,1.13
369,a,4773,18141,biguzera,0.73
369,a,4773,20563,lux,0.72
369,a,4773,19686,n1ssim,0.65
369,a,4773,19694,nqz,0.58
369,a,4773,20085,kauez,0.56
2889,a,7175,14148,sjuush,1.31
2889,a,7175,9436,NertZ,1.21
2889,a,7175,12018,TeSeS,1.06
2889,a,7175,19677,kyxsan,0.98
2889,a,7175,13602,nicoodoz,0.77
2889,b,9455,20183,decenty,1.61
2889,b,9455,8565,HEN1,1.01
2889,b,9455,9219,felps,0.9
2889,b,9455,22564,noway,0.77
2889,b,9455,12822,VINI,0.71
1397,a,9806,17450,sense,1.42
1397,a,9806,18790,CacaNito,1.3
1397,a,9806,8248,jkaem,1.09
1397,a,9806,13670,nawwk,0.94
1397,a,9806,6904,STYKO,0.91
1397,b,12586,21439,ICY,1.33
1397,b,12586,11498,NickelBack,1.1
1397,b,12586,13982,Forester,1.0
1397,b,12586,16948,TRAVIS,0.81
1397,b,12586,12027,Krad,0.73
1327,b,5752,16947,Perfecto,1.44
1327,b,5752,8528,HObbit,1.4
1327,b,5752,8918,electroNic,1.06
1327,b,5752,11840,Boombl4,0.92
1327,b,5752,16555,Ax1Le,0.88
1327,a,12468,17585,b4rtiN,1.39
1327,a,12468,9216,coldzera,1.12
1327,a,12468,15698,dumau,0.93
1327,a,12468,19045,latto,0.87
1327,a,12468,9482,NEKIZ,0.57
1403,b,4869,16848,hades,1.17
1403,b,4869,7412,gla1ve,1.12
1403,b,4869,16080,dycha,1.11
1403,b,4869,19114,Kylar,1.09
1403,b,4869,15428,Goofy,1.06
1403,a,12591,19509,dav1g,1.15
1403,a,12591,19698,adamS,1.12
1403,a,12591,9254,mopoz,1.04
1403,a,12591,11205,stadodo,0.7
1403,a,12591,8998,JUST,0.64
199,a,9928,15117,Keoz,1.2
199,a,9928,17937,isak,1.15
199,a,9928,20358,volt,0.93
199,a,9928,2553,Snax,0.83
199,a,9928,10330,acoR,0.77
199,b,10567,20462,story,1.48
199,b,10567,20465,arrozdoce,1.21
199,b,10567,2241,roman,1.0
199,b,10567,630,MUTiRiS,0.98
199,b,10567,20464,ewjerkz,0.9
2944,a,8297,15631,KSCERATO,1.42
2944,a,8297,10566,chelo,1.08
2944,a,8297,12553,yuurih,0.89
2944,a,8297,2023,FalleN,0.88
2944,a,8297,12521,arT,0.6
2944,b,8840,18744,z4KR,1.53
2944,b,8840,20702,Jee,1.23
2944,b,8840,20254,Starry,0.98
2944,b,8840,16551,Westmelon,0.86
2944,b,8840,22922,EmiliaQAQ,0.8
1944,a,4773,18141,biguzera,2.42
1944,a,4773,19694,nqz,1.88
1944,a,4773,20563,lux,1.56
1944,a,4773,19686,n1ssim,1.34
1944,a,4773,20085,kauez,0.56
1944,b,4869,19114,Kylar,1.25
1944,b,4869,7412,gla1ve,1.13
1944,b,4869,16848,hades,0.7
1944,b,4869,15428,Goofy,0.58
1944,b,4869,16080,dycha,0.25
3004,a,9455,9219,felps,1.71
3004,a,9455,8565,HEN1,1.37
3004,a,9455,12822,VINI,1.23
3004,a,9455,22564,noway,1.21
3004,a,9455,20183,decenty,0.87
3004,b,9806,8248,jkaem,1.51
3004,b,9806,6904,STYKO,1.2
3004,b,9806,18790,CacaNito,1.01
3004,b,9806,13670,nawwk,0.54
3004,b,9806,17450,sense,0.44
618,b,11419,20300,kraghen,1.29
618,b,11419,21379,salazar,1.26
618,b,11419,8891,Nodios,1.25
618,b,11419,13749,Queenix,1.17
618,b,11419,13077,Patti,1.09
618,a,8840,22922,EmiliaQAQ,1.17
618,a,8840,18744,z4KR,1.11
618,a,8840,20254,Starry,0.98
618,a,8840,16551,Westmelon,0.81
618,a,8840,20702,Jee,0.59
1369,a,9928,10330,acoR,1.75
1369,a,9928,20358,volt,1.37
1369,a,9928,2553,Snax,1.33
1369,a,9928,17937,isak,1.23
1369,a,9928,15117,Keoz,1.17
1369,b,12468,15698,dumau,1.16
1369,b,12468,19045,latto,0.97
1369,b,12468,17585,b4rtiN,0.69
1369,b,12468,9216,coldzera,0.45
1369,b,12468,9482,NEKIZ,0.28
410,b,7175,14148,sjuush,1.59
410,b,7175,13602,nicoodoz,1.42
410,b,7175,19677,kyxsan,1.31
410,b,7175,12018,TeSeS,1.27
410,b,7175,9436,NertZ,0.88
410,a,11251,8574,woxic,1.12
410,a,11251,7938,XANTARES,1.03
410,a,11251,8575,Calyx,1.02
410,a,11251,150,MAJ3R,0.67
410,a,11251,21243,Wicadia,0.67
1394,a,6248,20194,bLitz,1.85
1394,a,6248,21001,mzinho,1.25
1394,a,6248,20903,Senzu,1.03
1394,a,6248,21809,910,0.81
1394,a,6248,20275,Techno,0.73
1394,b,12586,12027,Krad,1.49
1394,b,12586,16948,TRAVIS,1.04
1394,b,12586,13982,Forester,0.8
1394,b,12586,21439,ICY,0.74
1394,b,12586,11498,NickelBack,0.65
168,a,5752,11840,Boombl4,1.63
168,a,5752,16947,Perfecto,1.26
168,a,5752,8918,electroNic,1.04
168,a,5752,16555,Ax1Le,1.01
168,a,5752,8528,HObbit,0.95
168,b,10567,20464,ewjerkz,1.1
168,b,10567,20462,story,0.97
168,b,10567,20465,arrozdoce,0.88
168,b,10567,2241,roman,0.7
168,b,10567,630,MUTiRiS,0.7
1409,a,12591,8998,JUST,1.15
1409,a,12591,11205,stadodo,0.85
1409,a,12591,19509,dav1g,0.85
1409,a,12591,9254,mopoz,0.79
1409,a,12591,19698,adamS,0.78
1409,b,8297,12553,yuurih,1.85
1409,b,8297,2023,FalleN,1.31
1409,b,8297,15631,KSCERATO,1.05
1409,b,8297,12521,arT,1.04
1409,b,8297,10566,chelo,0.61
429,b,11251,7938,XANTARES,1.59
429,b,11251,8574,woxic,1.11
429,b,11251,21243,Wicadia,1.06
429,b,11251,8575,Calyx,0.92
429,b,11251,150,MAJ3R,0.58
429,a,9928,17937,isak,1.37
429,a,9928,2553,Snax,1.01
429,a,9928,20358,volt,0.87
429,a,9928,10330,acoR,0.86
429,a,9928,15117,Keoz,0.74
2652,a,8840,16551,Westmelon,1.29
2652,a,8840,20702,Jee,1.0
2652,a,8840,22922,EmiliaQAQ,0.91
2652,a,8840,20254,Starry,0.73
2652,a,8840,18744,z4KR,0.5
2652,b,6248,21809,910,1.27
2652,b,6248,20194,bLitz,1.24
2652,b,6248,20275,Techno,1.23
2652,b,6248,20903,Senzu,1.18
2652,b,6248,21001,mzinho,1.01
1368,b,12468,19045,latto,1.61
1368,b,12468,15698,dumau,1.59
1368,b,12468,9216,coldzera,1.26
1368,b,12468,17585,b4rtiN,1.15
1368,b,12468,9482,NEKIZ,1.08
1368,a,9806,8248,jkaem,1.02
1368,a,9806,18790,CacaNito,0.86
1368,a,9806,13670,nawwk,0.85
1368,a,9806,17450,sense,0.78
1368,a,9806,6904,STYKO,0.62
147,b,10567,2241,roman,1.04
147,b,10567,20464,ewjerkz,0.9
147,b,10567,630,MUTiRiS,0.83
147,b,10567,20462,story,0.72
147,b,10567,20465,arrozdoce,0.71
147,a,4773,18141,biguzera,1.66
147,a,4773,20085,kauez,1.42
147,a,4773,19686,n1ssim,1.35
147,a,4773,20563,lux,0.96
147,a,4773,19694,nqz,0.86
619,a,11419,13749,Queenix,1.74
619,a,11419,20300,kraghen,1.45
619,a,11419,8891,Nodios,1.37
619,a,11419,21379,salazar,1.17
619,a,11419,13077,Patti,0.89
619,b,9455,9219,felps,1.37
619,b,9455,8565,HEN1,1.19
619,b,9455,22564,noway,0.98
619,b,9455,20183,decenty,0.68
619,b,9455,12822,VINI,0.49
2152,b,4869,15428,Goofy,1.22
2152,b,4869,16848,hades,0.94
2152,b,4869,19114,Kylar,0.91
2152,b,4869,16080,dycha,0.69
2152,b,4869,7412,gla1ve,0.63
2152,a,8297,10566,chelo,1.47
2152,a,8297,15631,KSCERATO,1.44
2152,a,8297,12553,yuurih,1.1
2152,a,8297,12521,arT,0.89
2152,a,8297,2023,FalleN,0.7
1335,a,12468,17585,b4rtiN,1.5
1335,a,12468,9216,coldzera,1.12
1335,a,12468,15698,dumau,0.82
1335,a,12468,9482,NEKIZ,0.65
1335,a,12468,19045,latto,0.54
1335,b,6248,20903,Senzu,1.48
1335,b,6248,20275,Techno,1.35
1335,b,6248,21809,910,1.29
1335,b,6248,20194,bLitz,1.05
1335,b,6248,21001,mzinho,1.02
3005,a,9455,9219,felps,2.1
3005,a,9455,8565,HEN1,1.5
3005,a,9455,20183,decenty,1.29
3005,a,9455,12822,VINI,1.09
3005,a,9455,22564,noway,0.87
3005,b,9928,20358,volt,1.4
3005,b,9928,10330,acoR,0.8
3005,b,9928,15117,Keoz,0.72
3005,b,9928,17937,isak,0.67
3005,b,9928,2553,Snax,0.61
192,b,10567,630,MUTiRiS,1.35
192,b,10567,2241,roman,1.07
192,b,10567,20465,arrozdoce,0.8
192,b,10567,20462,story,0.62
192,b,10567,20464,ewjerkz,0.6
192,a,8297,2023,FalleN,1.82
192,a,8297,15631,KSCERATO,1.32
192,a,8297,10566,chelo,1.2
192,a,8297,12553,yuurih,0.85
192,a,8297,12521,arT,0.83
1855,a,4608,19206,jL,1.55
1855,a,4608,18987,b1t,1.51
1855,a,4608,20127,w0nderful,1.29
1855,a,4608,9816,Aleksib,0.93
1855,a,4608,14759,iM,0.71
1855,b,6248,20194,bLitz,1.15
1855,b,6248,21001,mzinho,1.15
1855,b,6248,20903,Senzu,0.71
1855,b,6248,20275,Techno,0.63
1855,b,6248,21809,910,0.58
605,a,4494,13666,Brollan,1.64
605,a,4494,18850,Jimpphat,1.11
605,a,4494,18072,torzsi,1.08
605,a,4494,16820,siuhy,1.06
605,a,4494,20312,xertioN,0.91
605,b,11419,13077,Patti,1.25
605,b,11419,21379,salazar,0.98
605,b,11419,20300,kraghen,0.88
605,b,11419,13749,Queenix,0.7
605,b,11419,8891,Nodios,0.68
2413,a,5378,16612,n0rb3r7,1.02
2413,a,5378,13776,Jame,0.94
2413,a,5378,12732,FL1T,0.84
2413,a,5378,8789,mir,0.82
2413,a,5378,20101,fame,0.72
2413,b,9455,22564,noway,2.02
2413,b,9455,20183,decenty,1.14
2413,b,9455,12822,VINI,1.13
2413,b,9455,8565,HEN1,0.98
2413,b,9455,9219,felps,0.9
426,a,9565,11893,ZywOo,1.34
426,a,9565,7322,apEX,1.04
426,a,9565,18221,Spinx,0.88
426,a,9565,16693,flameZ,0.71
426,a,9565,18462,mezii,0.63
426,b,11251,7938,XANTARES,1.41
426,b,11251,21243,Wicadia,1.28
426,b,11251,150,MAJ3R,1.14
426,b,11251,8574,woxic,1.08
426,b,11251,8575,Calyx,0.87
1952,a,5005,13578,Grim,1.57
1952,a,5005,8738,EliGE,1.35
1952,a,5005,11630,JT,1.22
1952,a,5005,12840,hallzerk,1.21
1952,a,5005,12713,floppy,0.77
1952,b,4773,18141,biguzera,1.01
1952,b,4773,19686,n1ssim,0.92
1952,b,4773,19694,nqz,0.86
1952,b,4773,20085,kauez,0.75
1952,b,4773,20563,lux,0.75
2768,a,6667,9960,frozen,1.26
2768,a,6667,11816,ropz,1.1
2768,a,6667,18053,broky,0.89
2768,a,6667,8183,rain,0.86
2768,a,6667,429,karrigan,0.73
2768,b,7175,14148,sjuush,1.42
2768,b,7175,19677,kyxsan,1.3
2768,b,7175,13602,nicoodoz,1.07
2768,b,7175,9436,NertZ,1.06
2768,b,7175,12018,TeSeS,0.76
2582,a,5995,3741,NiKo,1.93
2582,a,5995,19230,m0NESY,1.89
2582,a,5995,3972,huNter-,1.72
2582,a,5995,10096,HooXi,1.1
2582,a,5995,9618,nexa,1.03
2582,b,8297,15631,KSCERATO,0.8
2582,b,8297,2023,FalleN,0.49
2582,b,8297,12521,arT,0.48
2582,b,8297,10566,chelo,0.4
2582,b,8297,12553,yuurih,0.4
2438,a,7020,20423,zont1x,1.5
2438,a,7020,16920,sh1ro,1.38
2438,a,7020,21167,donk,1.34
2438,a,7020,7716,chopper,1.24
2438,a,7020,18317,magixx,0.85
2438,b,5752,16555,Ax1Le,1.11
2438,b,5752,16947,Perfecto,0.83
2438,b,5752,11840,Boombl4,0.83
2438,b,5752,8528,HObbit,0.67
2438,b,5752,8918,electroNic,0.56
359,a,4494,20312,xertioN,1.44
359,a,4494,13666,Brollan,1.22
359,a,4494,18850,Jimpphat,1.22
359,a,4494,18072,torzsi,1.03
359,a,4494,16820,siuhy,0.82
359,b,11251,21243,Wicadia,1.1
359,b,11251,7938,XANTARES,1.0
359,b,11251,8575,Calyx,0.92
359,b,11251,8574,woxic,0.87
359,b,11251,150,MAJ3R,0.75
2664,a,9565,18221,Spinx,1.45
2664,a,9565,18462,mezii,1.37
2664,a,9565,16693,flameZ,1.35
2664,a,9565,11893,ZywOo,1.14
2664,a,9565,7322,apEX,0.75
2664,b,6248,20194,bLitz,1.53
2664,b,6248,20903,Senzu,1.27
2664,b,6248,20275,Techno,0.95
2664,b,6248,21001,mzinho,0.78
2664,b,6248,21809,910,0.63
1954,a,5378,13776,Jame,1.83
1954,a,5378,8789,mir,1.43
1954,a,5378,12732,FL1T,1.09
1954,a,5378,16612,n0rb3r7,1.07
1954,a,5378,20101,fame,0.75
1954,b,4773,20085,kauez,1.49
1954,b,4773,18141,biguzera,1.3
1954,b,4773,20563,lux,0.74
1954,b,4773,19686,n1ssim,0.52
1954,b,4773,19694,nqz,0.4
2324,a,5005,8738,EliGE,1.88
2324,a,5005,12840,hallzerk,1.22
2324,a,5005,13578,Grim,1.0
2324,a,5005,11630,JT,0.88
2324,a,5005,12713,floppy,0.71
2324,b,7175,14148,sjuush,1.16
2324,b,7175,13602,nicoodoz,1.07
2324,b,7175,19677,kyxsan,0.98
2324,b,7175,9436,NertZ,0.97
2324,b,7175,12018,TeSeS,0.72
611,a,5752,16947,Perfecto,2.32
611,a,5752,16555,Ax1Le,1.64
611,a,5752,8528,HObbit,1.49
611,a,5752,11840,Boombl4,1.23
611,a,5752,8918,electroNic,0.65
611,b,11419,13077,Patti,1.14
611,b,11419,8891,Nodios,0.94
611,b,11419,20300,kraghen,0.56
611,b,11419,21379,salazar,0.49
611,b,11419,13749,Queenix,0.42
1842,a,4608,20127,w0nderful,1.27
1842,a,4608,19206,jL,1.26
1842,a,4608,18987,b1t,1.21
1842,a,4608,14759,iM,0.98
1842,a,4608,9816,Aleksib,0.67
1842,b,5995,3972,huNter-,1.28
1842,b,5995,19230,m0NESY,1.27
1842,b,5995,9618,nexa,0.86
1842,b,5995,3741,NiKo,0.85
1842,b,5995,10096,HooXi,0.67
2776,a,6667,18053,broky,1.8
2776,a,6667,11816,ropz,1.4
2776,a,6667,429,karrigan,1.11
2776,a,6667,9960,frozen,0.94
2776,a,6667,8183,rain,0.92
2776,b,8297,12521,arT,1.11
2776,b,8297,15631,KSCERATO,1.09
2776,b,8297,2023,FalleN,0.93
2776,b,8297,12553,yuurih,0.73
2776,b,8297,10566,chelo,0.68
2839,a,7020,21167,donk,2.04
2839,a,7020,16920,sh1ro,1.56
2839,a,7020,18317,magixx,1.48
2839,a,7020,7716,chopper,1.36
2839,a,7020,20423,zont1x,1.35
2839,b,9455,12822,VINI,0.83
2839,b,9455,9219,felps,0.79
2839,b,9455,8565,HEN1,0.52
2839,b,9455,20183,decenty,0.37
2839,b,9455,22564,noway,0.25
2432,b,5995,3741,NiKo,1.13
2432,b,5995,9618,nexa,1.1
2432,b,5995,3972,huNter-,0.96
2432,b,5995,10096,HooXi,0.91
2432,b,5995,19230,m0NESY,0.67
2432,a,5752,8918,electroNic,2.08
2432,a,5752,16555,Ax1Le,1.37
2432,a,5752,11840,Boombl4,0.99
2432,a,5752,8528,HObbit,0.78
2432,a,5752,16947,Perfecto,0.72
2385,a,7175,13602,nicoodoz,0.98
2385,a,7175,12018,TeSeS,0.88
2385,a,7175,19677,kyxsan,0.81
2385,a,7175,9436,NertZ,0.68
2385,a,7175,14148,sjuush,0.58
2385,b,5378,12732,FL1T,1.57
2385,b,5378,13776,Jame,1.52
2385,b,5378,16612,n0rb3r7,1.36
2385,b,5378,8789,mir,1.09
2385,b,5378,20101,fame,0.84
3003,a,9455,20183,decenty,1.33
3003,a,9455,12822,VINI,0.91
3003,a,9455,8565,HEN1,0.91
3003,a,9455,22564,noway,0.84
3003,a,9455,9219,felps,0.56
3003,b,9565,18221,Spinx,1.71
3003,b,9565,11893,ZywOo,1.21
3003,b,9565,16693,flameZ,1.11
3003,b,9565,18462,mezii,1.01
3003,b,9565,7322,apEX,0.84
401,a,11251,21243,Wicadia,1.8
401,a,11251,8574,woxic,1.72
401,a,11251,7938,XANTARES,1.65
401,a,11251,150,MAJ3R,1.4
401,a,11251,8575,Calyx,1.14
401,b,6667,11816,ropz,0.86
401,b,6667,18053,broky,0.74
401,b,6667,8183,rain,0.57
401,b,6667,429,karrigan,0.51
401,b,6667,9960,frozen,0.45
1679,b,4494,18850,Jimpphat,2.36
1679,b,4494,20312,xertioN,2.25
1679,b,4494,13666,Brollan,1.35
1679,b,4494,18072,torzsi,1.19
1679,b,4494,16820,siuhy,0.98
1679,a,5005,12713,floppy,0.94
1679,a,5005,13578,Grim,0.78
1679,a,5005,12840,hallzerk,0.73
1679,a,5005,11630,JT,0.38
1679,a,5005,8738,EliGE,0.25
1970,a,4773,20563,lux,1.44
1970,a,4773,18141,biguzera,1.22
1970,a,4773,19686,n1ssim,1.05
1970,a,4773,19694,nqz,0.89
1970,a,4773,20085,kauez,0.87
1970,b,6248,21001,mzinho,1.11
1970,b,6248,20275,Techno,1.07
1970,b,6248,21809,910,1.04
1970,b,6248,20194,bLitz,0.89
1970,b,6248,20903,Senzu,0.89
1888,a,7020,21167,donk,1.53
1888,a,7020,20423,zont1x,1.48
1888,a,7020,16920,sh1ro,1.43
1888,a,7020,18317,magixx,0.98
1888,a,7020,7716,chopper,0.66
1888,b,4608,19206,jL,1.16
1888,b,4608,20127,w0nderful,1.13
1888,b,4608,9816,Aleksib,0.81
1888,b,4608,18987,b1t,0.71
1888,b,4608,14759,iM,0.66
617,a,11419,13077,Patti,1.6
617,a,11419,8891,Nodios,1.52
617,a,11419,20300,kraghen,1.13
617,a,11419,21379,salazar,1.11
617,a,11419,13749,Queenix,1.06
617,b,8297,12553,yuurih,1.21
617,b,8297,12521,arT,0.84
617,b,8297,10566,chelo,0.74
617,b,8297,15631,KSCERATO,0.69
617,b,8297,2023,FalleN,0.6
383,a,11251,150,MAJ3R,2.17
383,a,11251,21243,Wicadia,1.2
383,a,11251,7938,XANTARES,1.2
383,a,11251,8574,woxic,1.06
383,a,11251,8575,Calyx,0.82
383,b,5378,20101,fame,1.03
383,b,5378,8789,mir,0.94
383,b,5378,13776,Jame,0.93
383,b,5378,12732,FL1T,0.85
383,b,5378,16612,n0rb3r7,0.65
2783,a,9455,20183,decenty,1.13
2783,a,9455,9219,felps,1.05
2783,a,9455,8565,HEN1,0.99
2783,a,9455,12822,VINI,0.95
2783,a,9455,22564,noway,0.49
2783,b,6667,11816,ropz,1.58
2783,b,6667,9960,frozen,1.3
2783,b,6667,8183,rain,1.21
2783,b,6667,18053,broky,1.02
2783,b,6667,429,karrigan,0.96
613,b,11419,20300,kraghen,1.82
613,b,11419,13749,Queenix,1.19
613,b,11419,13077,Patti,0.72
613,b,11419,8891,Nodios,0.48
613,b,11419,21379,salazar,0.45
613,a,5995,19230,m0NESY,1.93
613,a,5995,9618,nexa,1.35
613,a,5995,3972,huNter-,1.3
613,a,5995,3741,NiKo,1.05
613,a,5995,10096,HooXi,0.89
2343,a,5005,12840,hallzerk,1.21
2343,a,5005,13578,Grim,1.19
2343,a,5005,12713,floppy,1.16
2343,a,5005,11630,JT,0.79
2343,a,5005,8738,EliGE,0.72
2343,b,9565,16693,flameZ,2.13
2343,b,9565,18221,Spinx,1.29
2343,b,9565,7322,apEX,0.98
2343,b,9565,18462,mezii,0.74
2343,b,9565,11893,ZywOo,0.6
1997,b,7175,12018,TeSeS,1.32
1997,b,7175,14148,sjuush,1.2
1997,b,7175,9436,NertZ,1.08
1997,b,7175,19677,kyxsan,0.79
1997,b,7175,13602,nicoodoz,0.72
1997,a,4773,18141,biguzera,1.78
1997,a,4773,20085,kauez,1.44
1997,a,4773,19694,nqz,1.0
1997,a,4773,19686,n1ssim,0.97
1997,a,4773,20563,lux,0.94
1835,a,5752,16947,Perfecto,2.13
1835,a,5752,8528,HObbit,1.56
1835,a,5752,16555,Ax1Le,1.54
1835,a,5752,11840,Boombl4,1.39
1835,a,5752,8918,electroNic,1.38
1835,b,4608,18987,b1t,1.29
1835,b,4608,20127,w0nderful,0.62
1835,b,4608,19206,jL,0.58
1835,b,4608,9816,Aleksib,0.33
1835,b,4608,14759,iM,0.22
2317,b,5005,8738,EliGE,1.38
2317,b,5005,12713,floppy,1.18
2317,b,5005,11630,JT,0.89
2317,b,5005,12840,hallzerk,0.77
2317,b,5005,13578,Grim,0.66
2317,a,6667,18053,broky,1.69
2317,a,6667,9960,frozen,1.25
2317,a,6667,8183,rain,1.22
2317,a,6667,429,karrigan,0.86
2317,a,6667,11816,ropz,0.85
2355,b,5378,13776,Jame,1.16
2355,b,5378,16612,n0rb3r7,1.05
2355,b,5378,8789,mir,0.73
2355,b,5378,12732,FL1T,0.66
2355,b,5378,20101,fame,0.54
2355,a,5995,19230,m0NESY,2.16
2355,a,5995,9618,nexa,1.62
2355,a,5995,3972,huNter-,1.0
2355,a,5995,10096,HooXi,0.98
2355,a,5995,3741,NiKo,0.91
1812,b,4608,18987,b1t,1.33
1812,b,4608,20127,w0nderful,1.22
1812,b,4608,19206,jL,1.06
1812,b,4608,9816,Aleksib,1.04
1812,b,4608,14759,iM,0.88
1812,a,4773,20563,lux,1.36
1812,a,4773,19686,n1ssim,0.92
1812,a,4773,19694,nqz,0.91
1812,a,4773,20085,kauez,0.9
1812,a,4773,18141,biguzera,0.84
673,a,11861,19235,BELCHONOKK,2.16
673,a,11861,20113,deko,1.64
673,a,11861,13240,Lack1,1.35
673,a,11861,19882,Norwi,0.99
673,a,11861,19236,KENSI,0.63
673,b,11641,16486,ztr,1.36
673,b,11641,20878,adamb,0.95
673,b,11641,21163,susp,0.95
673,b,11641,13669,Jackinho,0.84
673,b,11641,20119,nilo,0.74
2448,a,5752,8918,electroNic,1.02
2448,a,5752,8528,HObbit,0.68
2448,a,5752,16555,Ax1Le,0.6
2448,a,5752,11840,Boombl4,0.58
2448,a,5752,16947,Perfecto,0.55
2448,b,9565,16693,flameZ,2.25
2448,b,9565,18462,mezii,1.57
2448,b,9565,11893,ZywOo,1.53
2448,b,9565,7322,apEX,1.01
2448,b,9565,18221,Spinx,0.92
2756,b,7020,21167,donk,1.42
2756,b,7020,18317,magixx,1.15
2756,b,7020,7716,chopper,1.1
2756,b,7020,16920,sh1ro,0.85
2756,b,7020,20423,zont1x,0.81
2756,a,6667,18053,broky,1.46
2756,a,6667,429,karrigan,1.29
2756,a,6667,9960,frozen,1.0
2756,a,6667,11816,ropz,0.92
2756,a,6667,8183,rain,0.76
364,b,11251,8575,Calyx,1.52
364,b,11251,8574,woxic,1.09
364,b,11251,150,MAJ3R,0.92
364,b,11251,21243,Wicadia,0.85
364,b,11251,7938,XANTARES,0.79
364,a,4608,20127,w0nderful,1.64
364,a,4608,19206,jL,1.43
364,a,4608,18987,b1t,1.41
364,a,4608,14759,iM,1.14
364,a,4608,9816,Aleksib,0.44
1702,b,4494,13666,Brollan,1.28
1702,b,4494,18072,torzsi,1.24
1702,b,4494,20312,xertioN,0.69
1702,b,4494,16820,siuhy,0.51
1702,b,4494,18850,Jimpphat,0.44
1702,a,5995,3972,huNter-,1.58
1702,a,5995,19230,m0NESY,1.54
1702,a,5995,3741,NiKo,1.16
1702,a,5995,9618,nexa,1.15
1702,a,5995,10096,HooXi,1.0
2788,a,9565,7322,apEX,1.22
2788,a,9565,11893,ZywOo,1.05
2788,a,9565,18462,mezii,0.85
2788,a,9565,16693,flameZ,0.8
2788,a,9565,18221,Spinx,0.69
2788,b,6667,8183,rain,1.33
2788,b,6667,429,karrigan,1.24
2788,b,6667,9960,frozen,1.23
2788,b,6667,11816,ropz,1.16
2788,b,6667,18053,broky,1.04
1843,a,4608,19206,jL,1.88
1843,a,4608,14759,iM,1.11
1843,a,4608,20127,w0nderful,1.1
1843,a,4608,9816,Aleksib,0.94
1843,a,4608,18987,b1t,0.89
1843,b,5995,19230,m0NESY,1.21
1843,b,5995,3972,huNter-,0.99
1843,b,5995,3741,NiKo,0.84
1843,b,5995,9618,nexa,0.76
1843,b,5995,10096,HooXi,0.74
1876,b,6667,9960,frozen,1.19
1876,b,6667,18053,broky,0.86
1876,b,6667,8183,rain,0.63
1876,b,6667,11816,ropz,0.51
1876,b,6667,429,karrigan,0.28
1876,a,4608,18987,b1t,2.34
1876,a,4608,19206,jL,1.82
1876,a,4608,20127,w0nderful,1.5
1876,a,4608,14759,iM,1.03
1876,a,4608,9816,Aleksib,0.96
674,a,11861,19236,KENSI,1.67
674,a,11861,20113,deko,1.15
674,a,11861,19882,Norwi,1.04
674,a,11861,13240,Lack1,0.95
674,a,11861,20709,r3salt,0.8
674,b,11641,13669,Jackinho,1.13
674,b,11641,16486,ztr,1.01
674,b,11641,20119,nilo,1.01
674,b,11641,20878,adamb,0.94
674,b,11641,21163,susp,0.66
922,a,11861,13240,Lack1,1.61
922,a,11861,20113,deko,1.42
922,a,11861,20709,r3salt,1.34
922,a,11861,19236,KENSI,1.08
922,a,11861,19882,Norwi,0.86
922,b,9806,6904,STYKO,1.29
922,b,9806,17450,sense,1.22
922,b,9806,13670,nawwk,1.0
922,b,9806,18790,CacaNito,0.74
922,b,9806,8248,jkaem,0.7
795,a,11811,16885,Woro2k,1.5
795,a,11811,20282,kRaSnaL,1.29
795,a,11811,21217,ryu,0.98
795,a,11811,21816,Gizmy,0.97
795,a,11811,19733,DemQQ,0.85
795,b,9928,17937,isak,1.37
795,b,9928,20358,volt,0.93
795,b,9928,20870,sl3nd,0.82
795,b,9928,20926,aNdu,0.82
795,b,9928,2553,Snax,0.71
2656,a,8840,22922,EmiliaQAQ,1.12
2656,a,8840,18744,z4KR,1.08
2656,a,8840,16551,Westmelon,0.93
2656,a,8840,20254,Starry,0.77
2656,a,8840,20702,Jee,0.6
2656,b,6248,20275,Techno,1.54
2656,b,6248,20903,Senzu,1.48
2656,b,6248,20194,bLitz,1.26
2656,b,6248,21809,910,1.2
2656,b,6248,21001,mzinho,0.69
793,a,9806,18790,CacaNito,0.85
793,a,9806,17450,sense,0.74
793,a,9806,8248,jkaem,0.59
793,a,9806,6904,STYKO,0.54
793,a,9806,13670,nawwk,0.5
793,b,11811,16885,Woro2k,2.13
793,b,11811,21816,Gizmy,1.44
793,b,11811,19733,DemQQ,1.4
793,b,11811,20282,kRaSnaL,1.26
793,b,11811,21217,ryu,1.0
672,b,11811,16885,Woro2k,1.58
672,b,11811,21217,ryu,1.1
672,b,11811,20282,kRaSnaL,0.9
672,b,11811,19733,DemQQ,0.83
672,b,11811,21816,Gizmy,0.81
672,a,11641,21163,susp,1.55
672,a,11641,20119,nilo,1.43
672,a,11641,20878,adamb,0.99
672,a,11641,16486,ztr,0.98
672,a,11641,13669,Jackinho,0.83
2028,a,4773,20563,lux,1.23
2028,a,4773,18141,biguzera,1.18
2028,a,4773,22126,nyezin,0.91
2028,a,4773,19694,nqz,0.86
2028,a,4773,20085,kauez,0.75
2028,b,9215,21037,insani,1.41
2028,b,9215,18835,saffee,1.1
2028,b,9215,20987,brnz4n,1.08
2028,b,9215,19750,drop,0.99
2028,b,9215,11154,exit,0.79
2492,b,5973,10394,Twistzz,1.71
2492,b,5973,7964,cadiaN,1.37
2492,b,5973,18676,skullz,1.08
2492,b,5973,8520,NAF,1.0
2492,b,5973,13915,YEKINDAR,0.79
2492,a,7175,12018,TeSeS,1.61
2492,a,7175,14148,sjuush,1.03
2492,a,7175,9436,NertZ,0.81
2492,a,7175,19677,kyxsan,0.68
2492,a,7175,13602,nicoodoz,0.55
2945,a,8297,12521,arT,1.42
2945,a,8297,15631,KSCERATO,1.36
2945,a,8297,12553,yuurih,1.15
2945,a,8297,2023,FalleN,1.09
2945,a,8297,10566,chelo,0.92
2945,b,8840,16551,Westmelon,1.07
2945,b,8840,20254,Starry,1.03
2945,b,8840,22922,EmiliaQAQ,0.92
2945,b,8840,20702,Jee,0.92
2945,b,8840,18744,z4KR,0.71
1428,b,5752,8918,electroNic,1.17
1428,b,5752,8528,HObbit,0.95
1428,b,5752,16947,Perfecto,0.9
1428,b,5752,16555,Ax1Le,0.72
1428,b,5752,11840,Boombl4,0.36
1428,a,12774,11140,INS,1.51
1428,a,12774,9115,dexter,1.46
1428,a,12774,11139,aliStair,1.22
1428,a,12774,10588,Liazz,1.2
1428,a,12774,17384,Vexite,1.13
2452,b,5995,19230,m0NESY,1.25
2452,b,5995,9618,nexa,0.9
2452,b,5995,3741,NiKo,0.83
2452,b,5995,10096,HooXi,0.8
2452,b,5995,3972,huNter-,0.66
2452,a,5973,8520,NAF,1.54
2452,a,5973,10394,Twistzz,1.24
2452,a,5973,7964,cadiaN,1.04
2452,a,5973,18676,skullz,1.03
2452,a,5973,13915,YEKINDAR,0.89
1769,b,8297,2023,FalleN,1.32
1769,b,8297,10566,chelo,1.02
1769,b,8297,15631,KSCERATO,0.92
1769,b,8297,12521,arT,0.63
1769,b,8297,12553,yuurih,0.52
1769,a,4494,20312,xertioN,1.53
1769,a,4494,13666,Brollan,1.33
1769,a,4494,18072,torzsi,1.12
1769,a,4494,18850,Jimpphat,0.97
1769,a,4494,16820,siuhy,0.93
676,b,11641,16486,ztr,1.04
676,b,11641,20119,nilo,1.03
676,b,11641,21163,susp,0.99
676,b,11641,20878,adamb,0.8
676,b,11641,13669,Jackinho,0.69
676,a,11883,12004,clax,1.81
676,a,11883,20357,d1Ledez,1.66
676,a,11883,14273,iDISBALANCE,1.25
676,a,11883,17508,glowiing,0.78
676,a,11883,3347,seized,0.75
57,a,11861,20709,r3salt,1.96
57,a,11861,19236,KENSI,1.24
57,a,11861,19882,Norwi,1.11
57,a,11861,13240,Lack1,0.79
57,a,11861,20113,deko,0.77
57,b,10503,20447,HeavyGod,1.51
57,b,10503,20872,Nexius,1.22
57,b,10503,19044,F1KU,0.8
57,b,10503,21113,MoDo,0.68
57,b,10503,12781,k1to,0.64
675,b,11861,19236,KENSI,1.4
675,b,11861,20709,r3salt,1.37
675,b,11861,20113,deko,1.24
675,b,11861,13240,Lack1,1.2
675,b,11861,19882,Norwi,0.88
675,a,11641,21163,susp,1.56
675,a,11641,20878,adamb,0.83
675,a,11641,13669,Jackinho,0.78
675,a,11641,20119,nilo,0.75
675,a,11641,16486,ztr,0.69
1426,a,12774,10588,Liazz,0.92
1426,a,12774,17384,Vexite,0.89
1426,a,12774,11140,INS,0.87
1426,a,12774,9115,dexter,0.86
1426,a,12774,11139,aliStair,0.64
1426,b,5378,20101,fame,1.85
1426,b,5378,13776,Jame,1.21
1426,b,5378,12732,FL1T,1.05
1426,b,5378,16612,n0rb3r7,0.98
1426,b,5378,8789,mir,0.83
2690,a,6665,20304,Staehr,1.62
2690,a,6665,7592,device,1.44
2690,a,6665,10994,stavn,1.44
2690,a,6665,17956,jabbi,1.38
2690,a,6665,16717,br0,1.29
2690,b,6667,429,karrigan,1.08
2690,b,6667,11816,ropz,0.77
2690,b,6667,18053,broky,0.74
2690,b,6667,9960,frozen,0.68
2690,b,6667,8183,rain,0.66
797,b,11883,12004,clax,1.17
797,b,11883,20357,d1Ledez,0.93
797,b,11883,14273,iDISBALANCE,0.73
797,b,11883,17508,glowiing,0.57
797,b,11883,3347,seized,0.54
797,a,11861,20709,r3salt,1.67
797,a,11861,19882,Norwi,1.58
797,a,11861,13240,Lack1,1.55
797,a,11861,19236,KENSI,1.22
797,a,11861,20113,deko,0.68
2877,b,7175,19677,kyxsan,1.59
2877,b,7175,13602,nicoodoz,1.22
2877,b,7175,9436,NertZ,1.1
2877,b,7175,12018,TeSeS,0.96
2877,b,7175,14148,sjuush,0.53
2877,a,8297,10566,chelo,1.04
2877,a,8297,12553,yuurih,1.03
2877,a,8297,15631,KSCERATO,0.97
2877,a,8297,12521,arT,0.87
2877,a,8297,2023,FalleN,0.8
2591,b,5995,3741,NiKo,1.66
2591,b,5995,3972,huNter-,1.43
2591,b,5995,19230,m0NESY,1.37
2591,b,5995,9618,nexa,0.89
2591,b,5995,10096,HooXi,0.74
2591,a,8840,20254,Starry,1.44
2591,a,8840,16551,Westmelon,0.95
2591,a,8840,20702,Jee,0.84
2591,a,8840,22922,EmiliaQAQ,0.78
2591,a,8840,18744,z4KR,0.62
1166,b,7532,19899,Krimbo,1.24
1166,b,7532,19284,prosus,0.81
1166,b,7532,14929,JDC,0.77
1166,b,7532,7266,syrsoN,0.77
1166,b,7532,5794,tabseN,0.57
1166,a,12394,19920,KaiR0N-,1.91
1166,a,12394,21667,Magnojez,1.91
1166,a,12394,18506,S1ren,1.06
1166,a,12394,15662,zorte,0.74
1166,a,12394,16921,nafany,0.74
1411,b,12591,8998,JUST,1.06
1411,b,12591,11205,stadodo,0.97
1411,b,12591,19509,dav1g,0.92
1411,b,12591,19698,adamS,0.91
1411,b,12591,9254,mopoz,0.9
1411,a,9806,13670,nawwk,1.3
1411,a,9806,8248,jkaem,1.3
1411,a,9806,18790,CacaNito,1.25
1411,a,9806,6904,STYKO,1.0
1411,a,9806,17450,sense,0.7
2041,a,9455,9219,felps,1.35
2041,a,9455,20183,decenty,1.34
2041,a,9455,12822,VINI,1.26
2041,a,9455,22564,noway,1.06
2041,a,9455,8565,HEN1,0.89
2041,b,4773,20563,lux,1.42
2041,b,4773,19694,nqz,1.1
2041,b,4773,22126,nyezin,1.08
2041,b,4773,18141,biguzera,0.71
2041,b,4773,20085,kauez,0.71
152,b,10567,630,MUTiRiS,1.09
152,b,10567,20465,arrozdoce,0.98
152,b,10567,2241,roman,0.97
152,b,10567,20464,ewjerkz,0.94
152,b,10567,20462,story,0.93
152,a,4914,21969,Graviti,1.54
152,a,4914,13497,Lucky,1.15
152,a,4914,19739,Ex3rcice,1.1
152,a,4914,19738,Djoko,0.89
152,a,4914,13138,Maka,0.75
815,b,12591,8998,JUST,2.01
815,b,12591,19698,adamS,1.58
815,b,12591,9254,mopoz,1.45
815,b,12591,19509,dav1g,1.28
815,b,12591,11205,stadodo,0.99
815,a,11861,19882,Norwi,0.98
815,a,11861,20709,r3salt,0.84
815,a,11861,20113,deko,0.69
815,a,11861,13240,Lack1,0.64
815,a,11861,19236,KENSI,0.45
2435,a,5752,16555,Ax1Le,1.2
2435,a,5752,8528,HObbit,1.01
2435,a,5752,16947,Perfecto,0.98
2435,a,5752,11840,Boombl4,0.87
2435,a,5752,8918,electroNic,0.84
2435,b,6667,9960,frozen,1.49
2435,b,6667,11816,ropz,1.14
2435,b,6667,8183,rain,0.99
2435,b,6667,18053,broky,0.9
2435,b,6667,429,karrigan,0.89
2365,a,5378,12732,FL1T,1.4
2365,a,5378,13776,Jame,0.85
2365,a,5378,20101,fame,0.74
2365,a,5378,16612,n0rb3r7,0.65
2365,a,5378,8789,mir,0.6
2365,b,6665,10994,stavn,1.83
2365,b,6665,7592,device,1.47
2365,b,6665,16717,br0,1.38
2365,b,6665,17956,jabbi,1.32
2365,b,6665,20304,Staehr,0.57
1694,a,5973,8520,NAF,1.03
1694,a,5973,10394,Twistzz,0.9
1694,a,5973,13915,YEKINDAR,0.68
1694,a,5973,7964,cadiaN,0.68
1694,a,5973,18676,skullz,0.65
1694,b,4494,18850,Jimpphat,1.85
1694,b,4494,13666,Brollan,1.57
1694,b,4494,20312,xertioN,1.47
1694,b,4494,18072,torzsi,0.97
1694,b,4494,16820,siuhy,0.85
1436,b,6667,9960,frozen,2.23
1436,b,6667,8183,rain,1.32
1436,b,6667,11816,ropz,1.15
1436,b,6667,18053,broky,0.85
1436,b,6667,429,karrigan,0.52
1436,a,12774,9115,dexter,1.24
1436,a,12774,11140,INS,1.07
1436,a,12774,17384,Vexite,1.04
1436,a,12774,11139,aliStair,1.01
1436,a,12774,10588,Liazz,0.52
2570,b,5995,3741,NiKo,1.35
2570,b,5995,19230,m0NESY,1.32
2570,b,5995,9618,nexa,1.14
2570,b,5995,3972,huNter-,1.03
2570,b,5995,10096,HooXi,0.82
2570,a,7175,13602,nicoodoz,1.09
2570,a,7175,14148,sjuush,1.05
2570,a,7175,9436,NertZ,0.97
2570,a,7175,19677,kyxsan,0.96
2570,a,7175,12018,TeSeS,0.65
81,b,4869,15428,Goofy,1.21
81,b,4869,7412,gla1ve,1.11
81,b,4869,16080,dycha,1.06
81,b,4869,16848,hades,0.8
81,b,4869,19114,Kylar,0.72
81,a,10503,20872,Nexius,1.61
81,a,10503,19044,F1KU,1.42
81,a,10503,21113,MoDo,0.92
81,a,10503,12781,k1to,0.72
81,a,10503,20447,HeavyGod,0.65
803,a,12394,18506,S1ren,1.57
803,a,12394,15662,zorte,1.44
803,a,12394,21667,Magnojez,1.36
803,a,12394,16921,nafany,1.29
803,a,12394,19920,KaiR0N-,1.02
803,b,11861,20113,deko,1.05
803,b,11861,20709,r3salt,0.76
803,b,11861,19236,KENSI,0.76
803,b,11861,19882,Norwi,0.5
803,b,11861,13240,Lack1,0.43
2983,b,9455,8565,HEN1,1.18
2983,b,9455,9219,felps,0.83
2983,b,9455,12822,VINI,0.79
2983,b,9455,22564,noway,0.74
2983,b,9455,20183,decenty,0.74
2983,a,9215,20987,brnz4n,1.85
2983,a,9215,11154,exit,1.35
2983,a,9215,18835,saffee,1.13
2983,a,9215,21037,insani,1.01
2983,a,9215,19750,drop,0.99
125,a,11883,14273,iDISBALANCE,1.24
125,a,11883,12004,clax,1.06
125,a,11883,20357,d1Ledez,1.0
125,a,11883,17508,glowiing,0.82
125,a,11883,3347,seized,0.71
125,b,10567,20464,ewjerkz,1.6
125,b,10567,20465,arrozdoce,1.41
125,b,10567,20462,story,0.91
125,b,10567,2241,roman,0.89
125,b,10567,630,MUTiRiS,0.67
1398,a,12586,13982,Forester,1.71
1398,a,12586,12027,Krad,1.55
1398,a,12586,21439,ICY,1.13
1398,a,12586,23047,Sdaim,1.08
1398,a,12586,16948,TRAVIS,1.02
1398,b,9806,18790,CacaNito,1.0
1398,b,9806,13670,nawwk,0.81
1398,b,9806,8248,jkaem,0.81
1398,b,9806,17450,sense,0.7
1398,b,9806,6904,STYKO,0.58
1103,b,12394,15662,zorte,1.22
1103,b,12394,19920,KaiR0N-,1.17
1103,b,12394,18506,S1ren,0.92
1103,b,12394,21667,Magnojez,0.91
1103,b,12394,16921,nafany,0.72
1103,a,12586,21439,ICY,1.3
1103,a,12586,12027,Krad,1.25
1103,a,12586,23047,Sdaim,1.12
1103,a,12586,13982,Forester,0.91
1103,a,12586,16948,TRAVIS,0.86
923,a,11861,20709,r3salt,1.85
923,a,11861,19236,KENSI,1.62
923,a,11861,13240,Lack1,1.58
923,a,11861,19882,Norwi,1.44
923,a,11861,20113,deko,1.2
923,b,9806,17450,sense,1.0
923,b,9806,13670,nawwk,0.9
923,b,9806,8248,jkaem,0.72
923,b,9806,6904,STYKO,0.4
923,b,9806,18790,CacaNito,0.31
2042,a,9455,20183,decenty,1.12
2042,a,9455,9219,felps,1.08
2042,a,9455,8565,HEN1,0.9
2042,a,9455,12822,VINI,0.79
2042,a,9455,22564,noway,0.59
2042,b,4773,20563,lux,1.82
2042,b,4773,22126,nyezin,1.16
2042,b,4773,19694,nqz,1.16
2042,b,4773,20085,kauez,1.0
2042,b,4773,18141,biguzera,0.81
804,b,12394,18506,S1ren,0.86
804,b,12394,19920,KaiR0N-,0.83
804,b,12394,21667,Magnojez,0.81
804,b,12394,15662,zorte,0.8
804,b,12394,16921,nafany,0.66
804,a,11861,20113,deko,2.25
804,a,11861,19236,KENSI,1.44
804,a,11861,20709,r3salt,1.3
804,a,11861,13240,Lack1,1.07
804,a,11861,19882,Norwi,0.95
2029,a,9215,18835,saffee,1.17
2029,a,9215,11154,exit,1.15
2029,a,9215,20987,brnz4n,0.98
2029,a,9215,19750,drop,0.98
2029,a,9215,21037,insani,0.94
2029,b,4773,18141,biguzera,1.31
2029,b,4773,20563,lux,1.22
2029,b,4773,22126,nyezin,1.09
2029,b,4773,19694,nqz,0.99
2029,b,4773,20085,kauez,0.83
2356,b,5378,20101,fame,1.52
2356,b,5378,12732,FL1T,0.99
2356,b,5378,8789,mir,0.91
2356,b,5378,16612,n0rb3r7,0.81
2356,b,5378,13776,Jame,0.64
2356,a,5995,3741,NiKo,1.49
2356,a,5995,19230,m0NESY,1.47
2356,a,5995,10096,HooXi,0.93
2356,a,5995,3972,huNter-,0.86
2356,a,5995,9618,nexa,0.8
2475,a,5973,8520,NAF,1.18
2475,a,5973,18676,skullz,1.06
2475,a,5973,7964,cadiaN,1.05
2475,a,5973,13915,YEKINDAR,0.8
2475,a,5973,10394,Twistzz,0.78
2475,b,6667,8183,rain,1.3
2475,b,6667,18053,broky,1.19
2475,b,6667,9960,frozen,1.18
2475,b,6667,429,karrigan,0.98
2475,b,6667,11816,ropz,0.78
814,b,12586,12027,Krad,1.19
814,b,12586,13982,Forester,1.14
814,b,12586,23047,Sdaim,0.93
814,b,12586,21439,ICY,0.87
814,b,12586,16948,TRAVIS,0.83
814,a,11861,20709,r3salt,1.6
814,a,11861,20113,deko,1.39
814,a,11861,19236,KENSI,1.04
814,a,11861,13240,Lack1,0.99
814,a,11861,19882,Norwi,0.88
1704,a,4494,20312,xertioN,1.3
1704,a,4494,18850,Jimpphat,1.29
1704,a,4494,13666,Brollan,1.28
1704,a,4494,18072,torzsi,1.09
1704,a,4494,16820,siuhy,0.66
1704,b,5995,19230,m0NESY,1.15
1704,b,5995,3972,huNter-,1.09
1704,b,5995,3741,NiKo,0.98
1704,b,5995,9618,nexa,0.73
1704,b,5995,10096,HooXi,0.72
2691,b,6665,10994,stavn,1.35
2691,b,6665,20304,Staehr,0.95
2691,b,6665,17956,jabbi,0.91
2691,b,6665,16717,br0,0.79
2691,b,6665,7592,device,0.56
2691,a,6667,8183,rain,1.28
2691,a,6667,429,karrigan,1.21
2691,a,6667,18053,broky,1.19
2691,a,6667,9960,frozen,1.12
2691,a,6667,11816,ropz,0.99
92,b,10503,19044,F1KU,1.75
92,b,10503,21113,MoDo,1.57
92,b,10503,20447,HeavyGod,1.39
92,b,10503,20872,Nexius,1.18
92,b,10503,12781,k1to,1.04
92,a,7532,19899,Krimbo,1.04
92,a,7532,19284,prosus,0.85
92,a,7532,14929,JDC,0.79
92,a,7532,5794,tabseN,0.72
92,a,7532,7266,syrsoN,0.6
802,a,11861,19236,KENSI,1.74
802,a,11861,20113,deko,1.51
802,a,11861,19882,Norwi,0.97
802,a,11861,20709,r3salt,0.94
802,a,11861,13240,Lack1,0.88
802,b,12394,15662,zorte,1.03
802,b,12394,21667,Magnojez,1.01
802,b,12394,18506,S1ren,1.01
802,b,12394,19920,KaiR0N-,0.92
802,b,12394,16921,nafany,0.55
63,b,10503,19044,F1KU,1.84
63,b,10503,20872,Nexius,1.34
63,b,10503,12781,k1to,1.18
63,b,10503,21113,MoDo,1.14
63,b,10503,20447,HeavyGod,1.05
63,a,12394,21667,Magnojez,0.97
63,a,12394,19920,KaiR0N-,0.96
63,a,12394,18506,S1ren,0.92
63,a,12394,15662,zorte,0.85
63,a,12394,16921,nafany,0.66
1731,a,4494,18850,Jimpphat,1.54
1731,a,4494,18072,torzsi,1.02
1731,a,4494,13666,Brollan,1.0
1731,a,4494,20312,xertioN,0.67
1731,a,4494,16820,siuhy,0.56
1731,b,6667,9960,frozen,1.51
1731,b,6667,8183,rain,1.41
1731,b,6667,11816,ropz,1.34
1731,b,6667,18053,broky,1.04
1731,b,6667,429,karrigan,0.53
1127,a,12394,18506,S1ren,2.46
1127,a,12394,19920,KaiR0N-,1.66
1127,a,12394,15662,zorte,1.18
1127,a,12394,21667,Magnojez,1.14
1127,a,12394,16921,nafany,0.54
1127,b,4914,13138,Maka,1.07
1127,b,4914,19738,Djoko,0.87
1127,b,4914,21969,Graviti,0.82
1127,b,4914,13497,Lucky,0.81
1127,b,4914,19739,Ex3rcice,0.62
58,b,11861,20113,deko,1.93
58,b,11861,13240,Lack1,1.77
58,b,11861,19236,KENSI,1.44
58,b,11861,20709,r3salt,1.41
58,b,11861,19882,Norwi,1.23
58,a,10503,20872,Nexius,1.18
58,a,10503,21113,MoDo,0.97
58,a,10503,20447,HeavyGod,0.83
58,a,10503,19044,F1KU,0.69
58,a,10503,12781,k1to,0.28
2040,b,4773,18141,biguzera,1.1
2040,b,4773,20085,kauez,0.89
2040,b,4773,22126,nyezin,0.88
2040,b,4773,19694,nqz,0.71
2040,b,4773,20563,lux,0.69
2040,a,9455,20183,decenty,1.62
2040,a,9455,8565,HEN1,1.47
2040,a,9455,22564,noway,1.43
2040,a,9455,12822,VINI,1.17
2040,a,9455,9219,felps,0.88
2982,a,9455,22564,noway,1.16
2982,a,9455,8565,HEN1,0.88
2982,a,9455,9219,felps,0.81
2982,a,9455,12822,VINI,0.57
2982,a,9455,20183,decenty,0.51
2982,b,9215,21037,insani,2.35
2982,b,9215,11154,exit,1.39
2982,b,9215,19750,drop,1.12
2982,b,9215,20987,brnz4n,0.93
2982,b,9215,18835,saffee,0.88
751,b,11811,16885,Woro2k,1.1
751,b,11811,20282,kRaSnaL,1.05
751,b,11811,21217,ryu,0.95
751,b,11811,19733,DemQQ,0.91
751,b,11811,21816,Gizmy,0.76
751,a,4773,19694,nqz,1.56
751,a,4773,20563,lux,1.18
751,a,4773,22126,nyezin,1.1
751,a,4773,18141,biguzera,1.05
751,a,4773,20085,kauez,0.64
704,b,9928,2553,Snax,1.93
704,b,9928,20926,aNdu,1.2
704,b,9928,20870,sl3nd,1.04
704,b,9928,17937,isak,0.71
704,b,9928,20358,volt,0.63
704,a,11712,21199,MistR,1.28
704,a,11712,13843,Lucky,1.13
704,a,11712,16731,IceBerg,0.95
704,a,11712,13170,kwezz,0.85
704,a,11712,16723,Cabbi,0.79
1399,b,9806,6904,STYKO,1.43
1399,b,9806,8248,jkaem,1.12
1399,b,9806,13670,nawwk,1.06
1399,b,9806,18790,CacaNito,1.03
1399,b,9806,17450,sense,0.93
1399,a,12586,13982,Forester,1.22
1399,a,12586,23047,Sdaim,1.17
1399,a,12586,12027,Krad,1.15
1399,a,12586,16948,TRAVIS,0.74
1399,a,12586,21439,ICY,0.67
684,a,9455,9219,felps,1.34
684,a,9455,22564,noway,1.1
684,a,9455,8565,HEN1,1.06
684,a,9455,20183,decenty,0.99
684,a,9455,12822,VINI,0.92
684,b,11641,14218,Plopski,1.45
684,b,11641,16486,ztr,1.12
684,b,11641,13669,Jackinho,1.0
684,b,11641,21163,susp,0.95
684,b,11641,20878,adamb,0.74
1189,b,12394,18506,S1ren,1.78
1189,b,12394,21667,Magnojez,1.51
1189,b,12394,19920,KaiR0N-,1.1
1189,b,12394,15662,zorte,0.89
1189,b,12394,16921,nafany,0.86
1189,a,9806,13670,nawwk,1.43
1189,a,9806,17450,sense,0.82
1189,a,9806,8248,jkaem,0.8
1189,a,9806,18790,CacaNito,0.7
1189,a,9806,6904,STYKO,0.69
98,b,9215,18835,saffee,2.83
98,b,9215,21037,insani,1.29
98,b,9215,11154,exit,1.15
98,b,9215,19750,drop,0.93
98,b,9215,20987,brnz4n,0.74
98,a,10503,21113,MoDo,1.23
98,a,10503,20447,HeavyGod,1.11
98,a,10503,20872,Nexius,0.88
98,a,10503,19044,F1KU,0.82
98,a,10503,12781,k1to,0.37
1328,a,5973,10394,Twistzz,1.57
1328,a,5973,13915,YEKINDAR,1.48
1328,a,5973,18676,skullz,1.23
1328,a,5973,8520,NAF,1.21
1328,a,5973,7964,cadiaN,0.95
1328,b,12468,19045,latto,1.06
1328,b,12468,9482,NEKIZ,0.94
1328,b,12468,15698,dumau,0.85
1328,b,12468,17585,b4rtiN,0.68
1328,b,12468,8797,Stewie2K,0.58
2026,b,9215,11154,exit,2.18
2026,b,9215,19750,drop,1.94
2026,b,9215,20987,brnz4n,1.89
2026,b,9215,21037,insani,1.37
2026,b,9215,18835,saffee,1.02
2026,a,4773,19694,nqz,0.88
2026,a,4773,20085,kauez,0.67
2026,a,4773,20563,lux,0.64
2026,a,4773,22126,nyezin,0.36
2026,a,4773,18141,biguzera,0.18
1059,b,12376,20104,s1n,1.45
1059,b,12376,11617,malbsMd,0.98
1059,b,12376,15370,slaxz-,0.65
1059,b,12376,16599,Swisher,0.51
1059,b,12376,17378,reck,0.49
1059,a,5973,13915,YEKINDAR,1.64
1059,a,5973,18676,skullz,1.47
1059,a,5973,7964,cadiaN,1.28
1059,a,5973,10394,Twistzz,1.26
1059,a,5973,8520,NAF,1.13
2981,b,9455,22564,noway,1.05
2981,b,9455,12822,VINI,0.89
2981,b,9455,9219,felps,0.77
2981,b,9455,8565,HEN1,0.56
2981,b,9455,20183,decenty,0.52
2981,a,9215,19750,drop,2.15
2981,a,9215,11154,exit,1.65
2981,a,9215,21037,insani,1.45
2981,a,9215,20987,brnz4n,0.84
2981,a,9215,18835,saffee,0.71
698,a,5752,16947,Perfecto,1.49
698,a,5752,8528,HObbit,0.99
698,a,5752,20430,alpha,0.93
698,a,5752,16555,Ax1Le,0.9
698,a,5752,11840,Boombl4,0.73
698,b,11712,16731,IceBerg,1.66
698,b,11712,16723,Cabbi,1.1
698,b,11712,21199,MistR,1.08
698,b,11712,13170,kwezz,1.04
698,b,11712,13843,Lucky,0.74
354,b,12394,21667,Magnojez,0.99
354,b,12394,18506,S1ren,0.95
354,b,12394,19920,KaiR0N-,0.81
354,b,12394,15662,zorte,0.81
354,b,12394,16921,nafany,0.72
354,a,11251,7938,XANTARES,1.72
354,a,11251,21243,Wicadia,1.32
354,a,11251,150,MAJ3R,1.29
354,a,11251,8574,woxic,1.04
354,a,11251,8575,Calyx,0.83
683,b,11641,14218,Plopski,1.1
683,b,11641,20878,adamb,1.09
683,b,11641,13669,Jackinho,1.01
683,b,11641,16486,ztr,0.93
683,b,11641,21163,susp,0.84
683,a,8297,20385,kye,1.31
683,a,8297,2023,FalleN,1.23
683,a,8297,10566,chelo,1.18
683,a,8297,12553,yuurih,1.06
683,a,8297,15631,KSCERATO,0.91
1391,b,4869,15428,Goofy,1.39
1391,b,4869,16848,hades,1.1
1391,b,4869,7412,gla1ve,1.0
1391,b,4869,19114,Kylar,0.81
1391,b,4869,16080,dycha,0.41
1391,a,12586,23047,Sdaim,1.69
1391,a,12586,13982,Forester,1.28
1391,a,12586,12027,Krad,1.11
1391,a,12586,21439,ICY,1.1
1391,a,12586,16948,TRAVIS,0.85
2024,a,4773,19694,nqz,1.36
2024,a,4773,20085,kauez,1.19
2024,a,4773,18141,biguzera,1.16
2024,a,4773,20563,lux,1.12
2024,a,4773,22126,nyezin,0.63
2024,b,9215,20987,brnz4n,1.25
2024,b,9215,21037,insani,1.13
2024,b,9215,11154,exit,1.07
2024,b,9215,19750,drop,0.77
2024,b,9215,18835,saffee,0.59
1141,b,12394,21667,Magnojez,1.32
1141,b,12394,19920,KaiR0N-,0.71
1141,b,12394,15662,zorte,0.64
1141,b,12394,18506,S1ren,0.56
1141,b,12394,16921,nafany,0.55
1141,a,5752,16555,Ax1Le,1.63
1141,a,5752,20430,alpha,1.53
1141,a,5752,11840,Boombl4,1.37
1141,a,5752,8528,HObbit,1.32
1141,a,5752,16947,Perfecto,0.98
343,b,11251,7938,XANTARES,1.88
343,b,11251,8575,Calyx,1.42
343,b,11251,8574,woxic,1.21
343,b,11251,150,MAJ3R,0.98
343,b,11251,21243,Wicadia,0.96
343,a,11712,21199,MistR,1.26
343,a,11712,16723,Cabbi,0.8
343,a,11712,13170,kwezz,0.71
343,a,11712,13843,Lucky,0.7
343,a,11712,16731,IceBerg,0.58
56,a,11811,21816,Gizmy,1.09
56,a,11811,19733,DemQQ,1.01
56,a,11811,21217,ryu,0.98
56,a,11811,20282,kRaSnaL,0.93
56,a,11811,16885,Woro2k,0.46
56,b,10503,21113,MoDo,1.78
56,b,10503,19044,F1KU,1.65
56,b,10503,20872,Nexius,1.37
56,b,10503,20447,HeavyGod,1.05
56,b,10503,12781,k1to,0.83
2039,b,9455,20183,decenty,1.33
2039,b,9455,12822,VINI,0.98
2039,b,9455,9219,felps,0.91
2039,b,9455,22564,noway,0.83
2039,b,9455,8565,HEN1,0.55
2039,a,4773,20563,lux,1.4
2039,a,4773,20085,kauez,1.38
2039,a,4773,18141,biguzera,1.16
2039,a,4773,19694,nqz,1.15
2039,a,4773,22126,nyezin,0.87
1029,a,12376,11617,malbsMd,1.53
1029,a,12376,15370,slaxz-,1.51
1029,a,12376,20104,s1n,1.44
1029,a,12376,17378,reck,1.34
1029,a,12376,16599,Swisher,0.71
1029,b,12468,15698,dumau,1.06
1029,b,12468,17585,b4rtiN,0.85
1029,b,12468,19045,latto,0.82
1029,b,12468,8797,Stewie2K,0.78
1029,b,12468,9482,NEKIZ,0.74
2950,b,9215,19750,drop,1.7
2950,b,9215,18835,saffee,1.23
2950,b,9215,21037,insani,1.15
2950,b,9215,11154,exit,1.12
2950,b,9215,20987,brnz4n,0.97
2950,a,8297,12553,yuurih,1.54
2950,a,8297,15631,KSCERATO,0.92
2950,a,8297,10566,chelo,0.78
2950,a,8297,2023,FalleN,0.75
2950,a,8297,20385,kye,0.48
1060,a,5973,10394,Twistzz,1.0
1060,a,5973,18676,skullz,0.93
1060,a,5973,13915,YEKINDAR,0.69
1060,a,5973,8520,NAF,0.47
1060,a,5973,7964,cadiaN,0.47
1060,b,12376,11617,malbsMd,2.95
1060,b,12376,20104,s1n,1.78
1060,b,12376,16599,Swisher,1.38
1060,b,12376,15370,slaxz-,1.12
1060,b,12376,17378,reck,0.9
2027,a,9215,19750,drop,1.46
2027,a,9215,20987,brnz4n,1.33
2027,a,9215,21037,insani,1.02
2027,a,9215,18835,saffee,1.0
2027,a,9215,11154,exit,0.95
2027,b,4773,20563,lux,1.26
2027,b,4773,18141,biguzera,1.17
2027,b,4773,20085,kauez,0.96
2027,b,4773,22126,nyezin,0.65
2027,b,4773,19694,nqz,0.48
2037,a,9455,22564,noway,1.72
2037,a,9455,9219,felps,1.44
2037,a,9455,12822,VINI,1.18
2037,a,9455,20183,decenty,1.1
2037,a,9455,8565,HEN1,1.03
2037,b,4773,20563,lux,1.15
2037,b,4773,18141,biguzera,0.94
2037,b,4773,20085,kauez,0.86
2037,b,4773,19694,nqz,0.85
2037,b,4773,22126,nyezin,0.81
99,a,9215,19750,drop,1.89
99,a,9215,11154,exit,1.36
99,a,9215,21037,insani,1.14
99,a,9215,18835,saffee,0.78
99,a,9215,20987,brnz4n,0.69
99,b,10503,20872,Nexius,1.54
99,b,10503,21113,MoDo,1.12
99,b,10503,12781,k1to,1.04
99,b,10503,19044,F1KU,0.9
99,b,10503,20447,HeavyGod,0.68
699,a,11712,16723,Cabbi,1.6
699,a,11712,16731,IceBerg,1.45
699,a,11712,21199,MistR,1.4
699,a,11712,13170,kwezz,1.37
699,a,11712,13843,Lucky,0.86
699,b,5752,20430,alpha,1.03
699,b,5752,8528,HObbit,0.81
699,b,5752,16947,Perfecto,0.78
699,b,5752,11840,Boombl4,0.67
699,b,5752,16555,Ax1Le,0.47
2925,a,9928,20870,sl3nd,1.47
2925,a,9928,20926,aNdu,1.27
2925,a,9928,20358,volt,1.12
2925,a,9928,20782,Goody,0.81
2925,a,9928,2553,Snax,0.76
2925,b,7532,14929,JDC,1.32
2925,b,7532,19899,Krimbo,1.09
2925,b,7532,19284,prosus,0.99
2925,b,7532,5794,tabseN,0.93
2925,b,7532,7266,syrsoN,0.87
344,b,11251,8574,woxic,1.29
344,b,11251,21243,Wicadia,1.09
344,b,11251,150,MAJ3R,0.95
344,b,11251,8575,Calyx,0.56
344,b,11251,7938,XANTARES,0.28
344,a,11712,16723,Cabbi,2.33
344,a,11712,21199,MistR,1.51
344,a,11712,13170,kwezz,1.16
344,a,11712,13843,Lucky,1.11
344,a,11712,16731,IceBerg,1.05
2025,a,4773,19694,nqz,1.37
2025,a,4773,18141,biguzera,1.31
2025,a,4773,20563,lux,1.21
2025,a,4773,20085,kauez,1.08
2025,a,4773,22126,nyezin,0.73
2025,b,9215,18835,saffee,1.34
2025,b,9215,20987,brnz4n,1.11
2025,b,9215,19750,drop,1.06
2025,b,9215,21037,insani,0.68
2025,b,9215,11154,exit,0.67
2038,a,9455,22564,noway,1.97
2038,a,9455,9219,felps,0.8
2038,a,9455,8565,HEN1,0.78
2038,a,9455,20183,decenty,0.67
2038,a,9455,12822,VINI,0.51
2038,b,4773,18141,biguzera,1.5
2038,b,4773,20563,lux,1.43
2038,b,4773,19694,nqz,1.37
2038,b,4773,20085,kauez,0.95
2038,b,4773,22126,nyezin,0.8
635,b,12586,13982,Forester,1.17
635,b,12586,16948,TRAVIS,0.99
635,b,12586,23047,Sdaim,0.97
635,b,12586,21439,ICY,0.85
635,b,12586,12027,Krad,0.83
635,a,11571,8891,Nodios,1.56
635,a,11571,20300,kraghen,1.45
635,a,11571,21379,salazar,1.17
635,a,11571,13749,Queenix,0.98
635,a,11571,13077,Patti,0.71
151,b,4914,13497,Lucky,1.7
151,b,4914,13138,Maka,1.09
151,b,4914,19738,Djoko,0.92
151,b,4914,19739,Ex3rcice,0.9
151,b,4914,21969,Graviti,0.7
151,a,10567,20465,arrozdoce,1.8
151,a,10567,20462,story,1.19
151,a,10567,20464,ewjerkz,0.92
151,a,10567,630,MUTiRiS,0.85
151,a,10567,2241,roman,0.83
631,a,11571,13749,Queenix,1.22
631,a,11571,20300,kraghen,1.09
631,a,11571,13077,Patti,0.86
631,a,11571,21379,salazar,0.78
631,a,11571,8891,Nodios,0.76
631,b,11712,13843,Lucky,1.77
631,b,11712,21199,MistR,1.68
631,b,11712,16731,IceBerg,1.14
631,b,11712,16723,Cabbi,0.81
631,b,11712,13170,kwezz,0.68
399,b,6665,16717,br0,1.67
399,b,6665,20304,Staehr,1.08
399,b,6665,10994,stavn,1.04
399,b,6665,7592,device,1.03
399,b,6665,17956,jabbi,0.94
399,a,11251,21243,Wicadia,1.1
399,a,11251,8574,woxic,0.94
399,a,11251,7938,XANTARES,0.94
399,a,11251,150,MAJ3R,0.82
399,a,11251,8575,Calyx,0.82
2784,b,6667,9960,frozen,1.48
2784,b,6667,8183,rain,1.36
2784,b,6667,11816,ropz,1.34
2784,b,6667,429,karrigan,1.19
2784,b,6667,18053,broky,1.18
2784,a,9455,22564,noway,1.19
2784,a,9455,20183,decenty,0.81
2784,a,9455,12822,VINI,0.78
2784,a,9455,9219,felps,0.69
2784,a,9455,8565,HEN1,0.54
1023,b,12376,11617,malbsMd,1.35
1023,b,12376,15370,slaxz-,0.98
1023,b,12376,17378,reck,0.91
1023,b,12376,20104,s1n,0.85
1023,b,12376,16599,Swisher,0.85
1023,a,12394,18506,S1ren,1.44
1023,a,12394,21667,Magnojez,1.05
1023,a,12394,19920,KaiR0N-,1.01
1023,a,12394,16921,nafany,0.97
1023,a,12394,15662,zorte,0.95
521,a,11283,7398,dupreeh,1.34
521,a,11283,19164,SunPayus,1.2
521,a,11283,9032,Magisk,1.08
521,a,11283,11777,Maden,1.07
521,a,11283,922,Snappi,0.32
521,b,6248,20275,Techno,1.89
521,b,6248,20903,Senzu,1.2
521,b,6248,21809,910,1.09
521,b,6248,21001,mzinho,0.96
521,b,6248,20194,bLitz,0.72
165,b,10567,20462,story,1.15
165,b,10567,2241,roman,1.13
165,b,10567,20465,arrozdoce,1.06
165,b,10567,20464,ewjerkz,1.01
165,b,10567,630,MUTiRiS,0.83
165,a,5378,20101,fame,1.54
165,a,5378,12732,FL1T,1.11
165,a,5378,16612,n0rb3r7,1.05
165,a,5378,13776,Jame,1.04
165,a,5378,8918,electroNic,0.79
425,b,11251,150,MAJ3R,1.34
425,b,11251,7938,XANTARES,1.29
425,b,11251,21243,Wicadia,1.24
425,b,11251,8574,woxic,1.18
425,b,11251,8575,Calyx,0.96
425,a,9455,12822,VINI,1.43
425,a,9455,9219,felps,1.12
425,a,9455,22564,noway,0.84
425,a,9455,20183,decenty,0.81
425,a,9455,8565,HEN1,0.58
2692,a,6665,10994,stavn,1.69
2692,a,6665,20304,Staehr,1.3
2692,a,6665,7592,device,1.17
2692,a,6665,16717,br0,1.01
2692,a,6665,17956,jabbi,0.69
2692,b,6667,11816,ropz,1.47
2692,b,6667,18053,broky,0.96
2692,b,6667,8183,rain,0.83
2692,b,6667,429,karrigan,0.82
2692,b,6667,9960,frozen,0.78
2527,a,5995,9618,nexa,1.44
2527,a,5995,19230,m0NESY,0.92
2527,a,5995,3972,huNter-,0.91
2527,a,5995,3741,NiKo,0.78
2527,a,5995,10096,HooXi,0.61
2527,b,6248,21809,910,1.83
2527,b,6248,20194,bLitz,1.31
2527,b,6248,20275,Techno,1.24
2527,b,6248,20903,Senzu,1.04
2527,b,6248,21001,mzinho,0.91
1185,a,9565,11893,ZywOo,2.09
1185,a,9565,16693,flameZ,1.23
1185,a,9565,18221,Spinx,1.19
1185,a,9565,18462,mezii,1.06
1185,a,9565,7322,apEX,1.05
1185,b,12394,19920,KaiR0N-,1.26
1185,b,12394,15662,zorte,0.98
1185,b,12394,18506,S1ren,0.86
1185,b,12394,21667,Magnojez,0.74
1185,b,12394,16921,nafany,0.66
2374,a,5378,8918,electroNic,1.01
2374,a,5378,12732,FL1T,0.79
2374,a,5378,16612,n0rb3r7,0.76
2374,a,5378,13776,Jame,0.73
2374,a,5378,20101,fame,0.49
2374,b,6667,9960,frozen,1.86
2374,b,6667,18053,broky,1.69
2374,b,6667,8183,rain,1.27
2374,b,6667,429,karrigan,1.23
2374,b,6667,11816,ropz,0.92
921,b,9806,18790,CacaNito,1.91
921,b,9806,17450,sense,1.25
921,b,9806,6904,STYKO,0.96
921,b,9806,8248,jkaem,0.86
921,b,9806,13670,nawwk,0.66
921,a,11861,19882,Norwi,1.43
921,a,11861,20113,deko,1.01
921,a,11861,20709,r3salt,0.98
921,a,11861,13240,Lack1,0.86
921,a,11861,19236,KENSI,0.82
442,b,11283,7398,dupreeh,1.96
442,b,11283,9032,Magisk,1.29
442,b,11283,19164,SunPayus,0.74
442,b,11283,922,Snappi,0.52
442,b,11283,11777,Maden,0.46
442,a,12394,21667,Magnojez,1.89
442,a,12394,15662,zorte,1.71
442,a,12394,19920,KaiR0N-,1.09
442,a,12394,18506,S1ren,0.9
442,a,12394,16921,nafany,0.7
1064,a,5995,3972,huNter-,1.43
1064,a,5995,10096,HooXi,1.34
1064,a,5995,9618,nexa,0.91
1064,a,5995,3741,NiKo,0.76
1064,a,5995,19230,m0NESY,0.63
1064,b,12376,15370,slaxz-,1.56
1064,b,12376,11617,malbsMd,1.46
1064,b,12376,17378,reck,1.03
1064,b,12376,20104,s1n,0.87
1064,b,12376,16599,Swisher,0.79
197,a,10567,20464,ewjerkz,1.38
197,a,10567,20462,story,1.17
197,a,10567,2241,roman,1.01
197,a,10567,20465,arrozdoce,0.92
197,a,10567,630,MUTiRiS,0.75
197,b,9455,20183,decenty,1.29
197,b,9455,22564,noway,1.02
197,b,9455,12822,VINI,1.02
197,b,9455,9219,felps,0.96
197,b,9455,8565,HEN1,0.9
404,b,6667,18053,broky,1.64
404,b,6667,429,karrigan,1.49
404,b,6667,8183,rain,1.35
404,b,6667,11816,ropz,0.93
404,b,6667,9960,frozen,0.68
404,a,11251,8574,woxic,1.74
404,a,11251,8575,Calyx,1.49
404,a,11251,150,MAJ3R,0.77
404,a,11251,21243,Wicadia,0.61
404,a,11251,7938,XANTARES,0.49
1024,b,12394,21667,Magnojez,1.45
1024,b,12394,18506,S1ren,1.25
1024,b,12394,15662,zorte,1.13
1024,b,12394,16921,nafany,0.91
1024,b,12394,19920,KaiR0N-,0.83
1024,a,12376,11617,malbsMd,1.23
1024,a,12376,16599,Swisher,0.93
1024,a,12376,17378,reck,0.86
1024,a,12376,20104,s1n,0.86
1024,a,12376,15370,slaxz-,0.84
515,b,11283,922,Snappi,1.25
515,b,11283,11777,Maden,1.0
515,b,11283,7398,dupreeh,0.92
515,b,11283,19164,SunPayus,0.9
515,b,11283,9032,Magisk,0.42
515,a,5995,19230,m0NESY,1.55
515,a,5995,3741,NiKo,1.51
515,a,5995,3972,huNter-,1.31
515,a,5995,10096,HooXi,1.29
515,a,5995,9618,nexa,0.88
2203,a,4914,21969,Graviti,0.96
2203,a,4914,19739,Ex3rcice,0.8
2203,a,4914,19738,Djoko,0.71
2203,a,4914,13138,Maka,0.51
2203,a,4914,13497,Lucky,0.35
2203,b,6665,17956,jabbi,1.96
2203,b,6665,10994,stavn,1.64
2203,b,6665,7592,device,1.5
2203,b,6665,20304,Staehr,1.19
2203,b,6665,16717,br0,1.13
106,b,10567,630,MUTiRiS,1.74
106,b,10567,20465,arrozdoce,1.59
106,b,10567,2241,roman,1.54
106,b,10567,20462,story,1.34
106,b,10567,20464,ewjerkz,1.17
106,a,11251,150,MAJ3R,0.98
106,a,11251,8575,Calyx,0.74
106,a,11251,7938,XANTARES,0.71
106,a,11251,8574,woxic,0.5
106,a,11251,21243,Wicadia,0.4
2993,a,9806,13670,nawwk,0.72
2993,a,9806,8248,jkaem,0.65
2993,a,9806,17450,sense,0.49
2993,a,9806,6904,STYKO,0.44
2993,a,9806,18790,CacaNito,0.32
2993,b,9215,20987,brnz4n,2.22
2993,b,9215,11154,exit,2.19
2993,b,9215,21037,insani,1.66
2993,b,9215,18835,saffee,1.4
2993,b,9215,19750,drop,1.32
633,b,11571,8891,Nodios,1.1
633,b,11571,21379,salazar,1.08
633,b,11571,13077,Patti,0.99
633,b,11571,20300,kraghen,0.84
633,b,11571,13749,Queenix,0.81
633,a,11883,12004,clax,1.67
633,a,11883,14273,iDISBALANCE,1.09
633,a,11883,20357,d1Ledez,1.02
633,a,11883,17508,glowiing,0.93
633,a,11883,3347,seized,0.91
913,b,9215,21037,insani,2.12
913,b,9215,18835,saffee,1.28
913,b,9215,11154,exit,1.12
913,b,9215,19750,drop,0.87
913,b,9215,20987,brnz4n,0.83
913,a,11861,20709,r3salt,1.31
913,a,11861,20113,deko,1.12
913,a,11861,19882,Norwi,0.95
913,a,11861,19236,KENSI,0.91
913,a,11861,13240,Lack1,0.41
2666,a,6248,21001,mzinho,1.13
2666,a,6248,20194,bLitz,0.87
2666,a,6248,20275,Techno,0.85
2666,a,6248,20903,Senzu,0.66
2666,a,6248,21809,910,0.37
2666,b,9565,16693,flameZ,1.97
2666,b,9565,11893,ZywOo,1.62
2666,b,9565,18221,Spinx,1.35
2666,b,9565,18462,mezii,1.21
2666,b,9565,7322,apEX,0.79
166,b,5378,20101,fame,1.47
166,b,5378,12732,FL1T,1.11
166,b,5378,8918,electroNic,1.04
166,b,5378,13776,Jame,0.95
166,b,5378,16612,n0rb3r7,0.94
166,a,10567,20464,ewjerkz,1.35
166,a,10567,20462,story,1.18
166,a,10567,20465,arrozdoce,0.98
166,a,10567,2241,roman,0.86
166,a,10567,630,MUTiRiS,0.55
1065,b,5995,3972,huNter-,1.85
1065,b,5995,9618,nexa,1.53
1065,b,5995,3741,NiKo,1.41
1065,b,5995,10096,HooXi,0.9
1065,b,5995,19230,m0NESY,0.83
1065,a,12376,16599,Swisher,1.39
1065,a,12376,11617,malbsMd,1.25
1065,a,12376,17378,reck,0.72
1065,a,12376,15370,slaxz-,0.67
1065,a,12376,20104,s1n,0.64
1126,b,12394,21667,Magnojez,1.16
1126,b,12394,16921,nafany,0.95
1126,b,12394,15662,zorte,0.71
1126,b,12394,18506,S1ren,0.62
1126,b,12394,19920,KaiR0N-,0.54
1126,a,4914,19738,Djoko,1.81
1126,a,4914,19739,Ex3rcice,1.71
1126,a,4914,13497,Lucky,1.32
1126,a,4914,13138,Maka,1.08
1126,a,4914,21969,Graviti,1.02
2161,a,4869,19114,Kylar,1.29
2161,a,4869,15428,Goofy,0.87
2161,a,4869,16080,dycha,0.71
2161,a,4869,16848,hades,0.7
2161,a,4869,7412,gla1ve,0.57
2161,b,9928,2553,Snax,1.69
2161,b,9928,20870,sl3nd,1.62
2161,b,9928,17937,isak,1.38
2161,b,9928,20358,volt,1.07
2161,b,9928,20926,aNdu,0.87
55,a,10503,20447,HeavyGod,1.49
55,a,10503,19044,F1KU,0.98
55,a,10503,21113,MoDo,0.93
55,a,10503,12781,k1to,0.83
55,a,10503,20872,Nexius,0.81
55,b,11712,13170,kwezz,1.72
55,b,11712,21199,MistR,1.22
55,b,11712,16731,IceBerg,1.08
55,b,11712,16723,Cabbi,0.82
55,b,11712,13843,Lucky,0.82
634,a,11571,13749,Queenix,0.98
634,a,11571,21379,salazar,0.95
634,a,11571,8891,Nodios,0.88
634,a,11571,13077,Patti,0.76
634,a,11571,20300,kraghen,0.37
634,b,12586,16948,TRAVIS,1.92
634,b,12586,13982,Forester,1.49
634,b,12586,12027,Krad,1.23
634,b,12586,21439,ICY,1.14
634,b,12586,23047,Sdaim,0.74
2501,a,8297,15631,KSCERATO,1.28
2501,a,8297,10566,chelo,1.01
2501,a,8297,12553,yuurih,0.91
2501,a,8297,2023,FalleN,0.86
2501,a,8297,20385,kye,0.67
2501,b,5973,13915,YEKINDAR,1.28
2501,b,5973,8520,NAF,1.25
2501,b,5973,10394,Twistzz,1.2
2501,b,5973,18676,skullz,1.18
2501,b,5973,7964,cadiaN,0.74
696,b,4914,13497,Lucky,1.22
696,b,4914,19739,Ex3rcice,1.02
696,b,4914,13138,Maka,0.9
696,b,4914,19738,Djoko,0.82
696,b,4914,21969,Graviti,0.68
696,a,11712,16723,Cabbi,1.72
696,a,11712,13843,Lucky,1.3
696,a,11712,16731,IceBerg,1.28
696,a,11712,13170,kwezz,1.03
696,a,11712,21199,MistR,0.74
1414,a,12774,11140,INS,1.3
1414,a,12774,11139,aliStair,0.75
1414,a,12774,10588,Liazz,0.73
1414,a,12774,9115,dexter,0.59
1414,a,12774,17384,Vexite,0.52
1414,b,4608,20127,w0nderful,1.66
1414,b,4608,14759,iM,1.56
1414,b,4608,18987,b1t,1.28
1414,b,4608,9816,Aleksib,1.19
1414,b,4608,19206,jL,0.9
1803,b,4494,18072,torzsi,1.37
1803,b,4494,13666,Brollan,1.3
1803,b,4494,18850,Jimpphat,1.2
1803,b,4494,20312,xertioN,1.05
1803,b,4494,16820,siuhy,0.96
1803,a,9928,2553,Snax,1.11
1803,a,9928,17937,isak,1.03
1803,a,9928,20358,volt,0.91
1803,a,9928,20870,sl3nd,0.88
1803,a,9928,20926,aNdu,0.62
767,b,11811,20282,kRaSnaL,1.32
767,b,11811,19733,DemQQ,1.26
767,b,11811,16885,Woro2k,1.07
767,b,11811,21816,Gizmy,0.66
767,b,11811,21217,ryu,0.55
767,a,5973,18676,skullz,1.35
767,a,5973,10394,Twistzz,1.23
767,a,5973,8520,NAF,1.19
767,a,5973,7964,cadiaN,1.15
767,a,5973,13915,YEKINDAR,0.82
1907,b,4608,18987,b1t,1.7
1907,b,4608,19206,jL,1.3
1907,b,4608,20127,w0nderful,1.26
1907,b,4608,9816,Aleksib,1.09
1907,b,4608,14759,iM,0.96
1907,a,7532,7266,syrsoN,1.3
1907,a,7532,19284,prosus,1.0
1907,a,7532,19899,Krimbo,0.83
1907,a,7532,14929,JDC,0.69
1907,a,7532,5794,tabseN,0.68
2325,b,5005,8738,EliGE,2.09
2325,b,5005,12840,hallzerk,1.57
2325,b,5005,13578,Grim,1.19
2325,b,5005,11630,JT,0.96
2325,b,5005,12713,floppy,0.93
2325,a,7175,9436,NertZ,1.09
2325,a,7175,19677,kyxsan,0.97
2325,a,7175,12018,TeSeS,0.81
2325,a,7175,14148,sjuush,0.74
2325,a,7175,13602,nicoodoz,0.63
754,a,4869,16848,hades,1.81
754,a,4869,15428,Goofy,1.39
754,a,4869,19114,Kylar,1.04
754,a,4869,16080,dycha,0.74
754,a,4869,7412,gla1ve,0.63
754,b,11811,19733,DemQQ,1.27
754,b,11811,16885,Woro2k,1.05
754,b,11811,21217,ryu,0.96
754,b,11811,21816,Gizmy,0.83
754,b,11811,20282,kRaSnaL,0.65
1444,a,12774,10588,Liazz,1.35
1444,a,12774,11140,INS,1.09
1444,a,12774,17384,Vexite,0.85
1444,a,12774,11139,aliStair,0.83
1444,a,12774,9115,dexter,0.46
1444,b,7175,9436,NertZ,1.45
1444,b,7175,13602,nicoodoz,1.27
1444,b,7175,12018,TeSeS,1.2
1444,b,7175,14148,sjuush,1.18
1444,b,7175,19677,kyxsan,0.78
636,a,11571,13749,Queenix,1.21
636,a,11571,8891,Nodios,1.11
636,a,11571,21379,salazar,0.89
636,a,11571,13077,Patti,0.85
636,a,11571,20300,kraghen,0.85
636,b,12586,13982,Forester,1.38
636,b,12586,21439,ICY,1.22
636,b,12586,16948,TRAVIS,1.14
636,b,12586,23047,Sdaim,0.96
636,b,12586,12027,Krad,0.94
2162,a,4869,19114,Kylar,1.41
2162,a,4869,7412,gla1ve,1.06
2162,a,4869,16848,hades,1.03
2162,a,4869,15428,Goofy,0.91
2162,a,4869,16080,dycha,0.83
2162,b,9928,20870,sl3nd,1.66
2162,b,9928,2553,Snax,1.19
2162,b,9928,20926,aNdu,0.98
2162,b,9928,17937,isak,0.84
2162,b,9928,20358,volt,0.68
2861,a,7175,14148,sjuush,1.36
2861,a,7175,13602,nicoodoz,1.08
2861,a,7175,12018,TeSeS,0.65
2861,a,7175,19677,kyxsan,0.65
2861,a,7175,9436,NertZ,0.57
2861,b,7532,14929,JDC,1.86
2861,b,7532,5794,tabseN,1.53
2861,b,7532,19899,Krimbo,1.31
2861,b,7532,7266,syrsoN,0.89
2861,b,7532,19284,prosus,0.87
679,b,12586,21439,ICY,1.46
679,b,12586,16948,TRAVIS,1.4
679,b,12586,13982,Forester,0.92
679,b,12586,12027,Krad,0.92
679,b,12586,23047,Sdaim,0.83
679,a,11641,20119,nilo,1.4
679,a,11641,20878,adamb,1.16
679,a,11641,21163,susp,0.87
679,a,11641,13669,Jackinho,0.85
679,a,11641,16486,ztr,0.7
929,a,12394,15662,zorte,1.93
929,a,12394,21667,Magnojez,1.14
929,a,12394,18506,S1ren,1.13
929,a,12394,19920,KaiR0N-,1.12
929,a,12394,16921,nafany,0.86
929,b,11883,12004,clax,1.14
929,b,11883,14273,iDISBALANCE,1.1
929,b,11883,3347,seized,0.92
929,b,11883,17508,glowiing,0.7
929,b,11883,20357,d1Ledez,0.65
2153,b,8297,15631,KSCERATO,1.97
2153,b,8297,20385,kye,1.3
2153,b,8297,12553,yuurih,1.17
2153,b,8297,10566,chelo,0.93
2153,b,8297,2023,FalleN,0.85
2153,a,4869,16848,hades,1.39
2153,a,4869,15428,Goofy,0.76
2153,a,4869,16080,dycha,0.75
2153,a,4869,19114,Kylar,0.61
2153,a,4869,7412,gla1ve,0.56
1104,a,12586,13982,Forester,1.68
1104,a,12586,23047,Sdaim,1.65
1104,a,12586,16948,TRAVIS,1.24
1104,a,12586,12027,Krad,1.17
1104,a,12586,21439,ICY,0.99
1104,b,12394,18506,S1ren,1.2
1104,b,12394,21667,Magnojez,0.91
1104,b,12394,15662,zorte,0.8
1104,b,12394,19920,KaiR0N-,0.7
1104,b,12394,16921,nafany,0.45
1695,b,4494,18850,Jimpphat,1.42
1695,b,4494,13666,Brollan,1.41
1695,b,4494,16820,siuhy,1.34
1695,b,4494,20312,xertioN,1.13
1695,b,4494,18072,torzsi,0.97
1695,a,5973,10394,Twistzz,1.71
1695,a,5973,8520,NAF,1.37
1695,a,5973,13915,YEKINDAR,0.84
1695,a,5973,7964,cadiaN,0.48
1695,a,5973,18676,skullz,0.33
786,b,11811,19733,DemQQ,2.03
786,b,11811,16885,Woro2k,1.12
786,b,11811,20282,kRaSnaL,1.02
786,b,11811,21816,Gizmy,1.01
786,b,11811,21217,ryu,0.85
786,a,8297,10566,chelo,1.73
786,a,8297,15631,KSCERATO,1.25
786,a,8297,12553,yuurih,0.78
786,a,8297,2023,FalleN,0.55
786,a,8297,20385,kye,0.41
1827,a,4608,18987,b1t,1.31
1827,a,4608,14759,iM,1.14
1827,a,4608,19206,jL,0.85
1827,a,4608,20127,w0nderful,0.77
1827,a,4608,9816,Aleksib,0.66
1827,b,5005,8738,EliGE,1.72
1827,b,5005,12713,floppy,1.27
1827,b,5005,13578,Grim,1.13
1827,b,5005,12840,hallzerk,1.09
1827,b,5005,11630,JT,0.87
692,b,11712,13843,Lucky,1.48
692,b,11712,16723,Cabbi,1.37
692,b,11712,16731,IceBerg,1.24
692,b,11712,21199,MistR,1.13
692,b,11712,13170,kwezz,0.72
692,a,11883,3347,seized,1.41
692,a,11883,14273,iDISBALANCE,1.01
692,a,11883,17508,glowiing,0.9
692,a,11883,20357,d1Ledez,0.8
692,a,11883,12004,clax,0.59
1105,a,12394,21667,Magnojez,1.17
1105,a,12394,16921,nafany,1.15
1105,a,12394,15662,zorte,0.84
1105,a,12394,19920,KaiR0N-,0.76
1105,a,12394,18506,S1ren,0.54
1105,b,12774,11139,aliStair,1.9
1105,b,12774,10588,Liazz,1.4
1105,b,12774,17384,Vexite,1.19
1105,b,12774,9115,dexter,0.9
1105,b,12774,11140,INS,0.62
2574,b,7532,19899,Krimbo,1.3
2574,b,7532,14929,JDC,0.81
2574,b,7532,5794,tabseN,0.8
2574,b,7532,19284,prosus,0.61
2574,b,7532,7266,syrsoN,0.42
2574,a,5995,3741,NiKo,2.5
2574,a,5995,9618,nexa,1.47
2574,a,5995,3972,huNter-,1.46
2574,a,5995,19230,m0NESY,1.02
2574,a,5995,10096,HooXi,0.77
775,a,6667,18053,broky,1.98
775,a,6667,9960,frozen,1.47
775,a,6667,8183,rain,0.99
775,a,6667,429,karrigan,0.98
775,a,6667,11816,ropz,0.96
775,b,11811,19733,DemQQ,1.12
775,b,11811,21816,Gizmy,1.04
775,b,11811,21217,ryu,0.98
775,b,11811,16885,Woro2k,0.89
775,b,11811,20282,kRaSnaL,0.57
2425,a,9928,20870,sl3nd,1.2
2425,a,9928,2553,Snax,1.11
2425,a,9928,17937,isak,0.99
2425,a,9928,20926,aNdu,0.88
2425,a,9928,20358,volt,0.73
2425,b,5378,13776,Jame,1.34
2425,b,5378,8918,electroNic,1.26
2425,b,5378,12732,FL1T,1.0
2425,b,5378,20101,fame,0.99
2425,b,5378,16612,n0rb3r7,0.63
1429,a,5973,8520,NAF,1.59
1429,a,5973,13915,YEKINDAR,1.48
1429,a,5973,18676,skullz,1.01
1429,a,5973,10394,Twistzz,0.93
1429,a,5973,7964,cadiaN,0.88
1429,b,12774,11140,INS,1.51
1429,b,12774,11139,aliStair,1.05
1429,b,12774,9115,dexter,0.89
1429,b,12774,17384,Vexite,0.66
1429,b,12774,10588,Liazz,0.32
2182,a,4914,19739,Ex3rcice,1.2
2182,a,4914,19738,Djoko,0.9
2182,a,4914,21969,Graviti,0.81
2182,a,4914,13497,Lucky,0.59
2182,a,4914,13138,Maka,0.58
2182,b,5995,3741,NiKo,1.66
2182,b,5995,19230,m0NESY,1.45
2182,b,5995,3972,huNter-,1.32
2182,b,5995,9618,nexa,1.26
2182,b,5995,10096,HooXi,0.66
2364,a,6248,20903,Senzu,1.43
2364,a,6248,20194,bLitz,1.41
2364,a,6248,21809,910,1.07
2364,a,6248,20275,Techno,1.06
2364,a,6248,21001,mzinho,0.68
2364,b,5378,13776,Jame,1.46
2364,b,5378,8918,electroNic,1.36
2364,b,5378,20101,fame,1.02
2364,b,5378,12732,FL1T,0.85
2364,b,5378,16612,n0rb3r7,0.64
1877,b,4608,9816,Aleksib,1.31
1877,b,4608,20127,w0nderful,1.29
1877,b,4608,14759,iM,0.98
1877,b,4608,18987,b1t,0.9
1877,b,4608,19206,jL,0.89
1877,a,6667,18053,broky,1.41
1877,a,6667,11816,ropz,1.19
1877,a,6667,8183,rain,1.12
1877,a,6667,429,karrigan,1.12
1877,a,6667,9960,frozen,0.63
2292,b,5005,13578,Grim,2.05
2292,b,5005,12840,hallzerk,2.0
2292,b,5005,8738,EliGE,1.42
2292,b,5005,11630,JT,1.16
2292,b,5005,12713,floppy,1.1
2292,a,5378,13776,Jame,0.84
2292,a,5378,16612,n0rb3r7,0.6
2292,a,5378,12732,FL1T,0.55
2292,a,5378,20101,fame,0.5
2292,a,5378,8918,electroNic,0.47
1706,b,4494,20312,xertioN,1.62
1706,b,4494,18072,torzsi,1.58
1706,b,4494,16820,siuhy,1.23
1706,b,4494,18850,Jimpphat,1.19
1706,b,4494,13666,Brollan,1.14
1706,a,5995,19230,m0NESY,0.94
1706,a,5995,3741,NiKo,0.8
1706,a,5995,10096,HooXi,0.73
1706,a,5995,3972,huNter-,0.72
1706,a,5995,9618,nexa,0.55
2469,b,6665,7592,device,1.95
2469,b,6665,17956,jabbi,1.49
2469,b,6665,20304,Staehr,1.4
2469,b,6665,10994,stavn,0.93
2469,b,6665,16717,br0,0.91
2469,a,5973,10394,Twistzz,1.21
2469,a,5973,7964,cadiaN,0.92
2469,a,5973,8520,NAF,0.8
2469,a,5973,18676,skullz,0.7
2469,a,5973,13915,YEKINDAR,0.53
2790,a,9565,11893,ZywOo,2.29
2790,a,9565,18462,mezii,1.35
2790,a,9565,16693,flameZ,1.21
2790,a,9565,18221,Spinx,1.01
2790,a,9565,7322,apEX,0.67
2790,b,6667,11816,ropz,1.53
2790,b,6667,429,karrigan,1.15
2790,b,6667,18053,broky,0.95
2790,b,6667,8183,rain,0.88
2790,b,6667,9960,frozen,0.67
2736,b,6665,20304,Staehr,1.0
2736,b,6665,17956,jabbi,1.0
2736,b,6665,16717,br0,0.85
2736,b,6665,7592,device,0.81
2736,b,6665,10994,stavn,0.78
2736,a,9565,11893,ZywOo,1.68
2736,a,9565,7322,apEX,1.53
2736,a,9565,18462,mezii,1.45
2736,a,9565,18221,Spinx,1.23
2736,a,9565,16693,flameZ,0.6
1685,b,5005,12840,hallzerk,0.87
1685,b,5005,8738,EliGE,0.83
1685,b,5005,11630,JT,0.58
1685,b,5005,12713,floppy,0.55
1685,b,5005,13578,Grim,0.53
1685,a,4494,16820,siuhy,2.29
1685,a,4494,20312,xertioN,1.61
1685,a,4494,18850,Jimpphat,1.42
1685,a,4494,13666,Brollan,1.24
1685,a,4494,18072,torzsi,1.02
930,a,11883,3347,seized,1.27
930,a,11883,17508,glowiing,0.99
930,a,11883,14273,iDISBALANCE,0.95
930,a,11883,20357,d1Ledez,0.86
930,a,11883,12004,clax,0.7
930,b,12394,16921,nafany,1.69
930,b,12394,15662,zorte,1.39
930,b,12394,21667,Magnojez,1.18
930,b,12394,19920,KaiR0N-,0.98
930,b,12394,18506,S1ren,0.89
1785,b,9565,11893,ZywOo,1.15
1785,b,9565,18221,Spinx,1.1
1785,b,9565,16693,flameZ,1.07
1785,b,9565,7322,apEX,0.57
1785,b,9565,18462,mezii,0.24
1785,a,4494,20312,xertioN,1.69
1785,a,4494,18072,torzsi,1.46
1785,a,4494,13666,Brollan,1.33
1785,a,4494,16820,siuhy,1.32
1785,a,4494,18850,Jimpphat,1.17
2060,b,4773,20085,kauez,1.48
2060,b,4773,18141,biguzera,1.15
2060,b,4773,20563,lux,1.1
2060,b,4773,19694,nqz,1.08
2060,b,4773,20171,snow,0.71
2060,a,9996,21239,MartinezSa,1.26
2060,a,9996,22613,HUASOPEEK,1.15
2060,a,9996,14736,dgt,1.08
2060,a,9996,20607,buda,0.85
2060,a,9996,12092,max,0.55
1119,a,4494,18072,torzsi,1.48
1119,a,4494,20312,xertioN,1.34
1119,a,4494,13666,Brollan,1.21
1119,a,4494,18850,Jimpphat,1.09
1119,a,4494,16820,siuhy,1.01
1119,b,12394,21667,Magnojez,1.14
1119,b,12394,15662,zorte,1.09
1119,b,12394,18506,S1ren,0.96
1119,b,12394,19920,KaiR0N-,0.81
1119,b,12394,16921,nafany,0.48
505,b,5378,20101,fame,2.39
505,b,5378,12732,FL1T,1.63
505,b,5378,13776,Jame,1.47
505,b,5378,16612,n0rb3r7,1.09
505,b,5378,8918,electroNic,0.89
505,a,11283,19164,SunPayus,1.09
505,a,11283,922,Snappi,0.94
505,a,11283,9032,Magisk,0.42
505,a,11283,11777,Maden,0.39
505,a,11283,7398,dupreeh,0.39
881,b,7020,21167,donk,2.49
881,b,7020,7716,chopper,1.43
881,b,7020,18317,magixx,1.17
881,b,7020,20423,zont1x,1.14
881,b,7020,16920,sh1ro,0.97
881,a,11861,19882,Norwi,1.25
881,a,11861,20709,r3salt,0.95
881,a,11861,19236,KENSI,0.66
881,a,11861,13240,Lack1,0.55
881,a,11861,20113,deko,0.54
2886,a,7175,9436,NertZ,1.84
2886,a,7175,19677,kyxsan,1.46
2886,a,7175,17306,degster,1.25
2886,a,7175,12018,TeSeS,1.22
2886,a,7175,14148,sjuush,0.91
2886,b,9215,21037,insani,1.14
2886,b,9215,11154,exit,0.93
2886,b,9215,19750,drop,0.84
2886,b,9215,18835,saffee,0.58
2886,b,9215,20987,brnz4n,0.53
443,a,12394,15662,zorte,1.04
443,a,12394,18506,S1ren,0.91
443,a,12394,21667,Magnojez,0.86
443,a,12394,19920,KaiR0N-,0.59
443,a,12394,16921,nafany,0.5
443,b,11283,9032,Magisk,1.93
443,b,11283,7398,dupreeh,1.76
443,b,11283,19164,SunPayus,1.65
443,b,11283,922,Snappi,0.84
443,b,11283,11777,Maden,0.79
116,a,10567,20465,arrozdoce,1.36
116,a,10567,630,MUTiRiS,1.25
116,a,10567,20464,ewjerkz,1.14
116,a,10567,20462,story,1.11
116,a,10567,2241,roman,0.91
116,b,11861,19236,KENSI,1.1
116,b,11861,20709,r3salt,1.09
116,b,11861,19882,Norwi,0.8
116,b,11861,20113,deko,0.74
116,b,11861,13240,Lack1,0.73
1688,a,4494,18850,Jimpphat,1.8
1688,a,4494,18072,torzsi,1.67
1688,a,4494,20312,xertioN,1.54
1688,a,4494,13666,Brollan,1.15
1688,a,4494,16820,siuhy,0.98
1688,b,5378,20101,fame,0.89
1688,b,5378,12732,FL1T,0.87
1688,b,5378,13776,Jame,0.75
1688,b,5378,8918,electroNic,0.47
1688,b,5378,16612,n0rb3r7,0.35
2815,b,7020,21167,donk,1.49
2815,b,7020,7716,chopper,1.41
2815,b,7020,16920,sh1ro,1.3
2815,b,7020,20423,zont1x,1.16
2815,b,7020,18317,magixx,0.66
2815,a,7175,17306,degster,1.09
2815,a,7175,9436,NertZ,1.05
2815,a,7175,14148,sjuush,0.84
2815,a,7175,12018,TeSeS,0.83
2815,a,7175,19677,kyxsan,0.77
914,a,11861,20709,r3salt,1.38
914,a,11861,20113,deko,1.08
914,a,11861,19882,Norwi,1.07
914,a,11861,13240,Lack1,0.54
914,a,11861,19236,KENSI,0.51
914,b,9215,18835,saffee,1.51
914,b,9215,11154,exit,1.28
914,b,9215,21037,insani,1.19
914,b,9215,19750,drop,1.08
914,b,9215,20987,brnz4n,0.89
107,b,10567,20465,arrozdoce,1.3
107,b,10567,630,MUTiRiS,1.3
107,b,10567,20462,story,0.82
107,b,10567,20464,ewjerkz,0.66
107,b,10567,2241,roman,0.32
107,a,11251,21243,Wicadia,2.22
107,a,11251,7938,XANTARES,1.33
107,a,11251,8574,woxic,1.02
107,a,11251,150,MAJ3R,1.0
107,a,11251,8575,Calyx,0.91
3010,a,9455,20183,decenty,1.69
3010,a,9455,8565,HEN1,1.56
3010,a,9455,12822,VINI,1.52
3010,a,9455,22564,noway,1.06
3010,a,9455,9219,felps,0.81
3010,b,9996,21239,MartinezSa,1.09
3010,b,9996,14736,dgt,0.92
3010,b,9996,20607,buda,0.83
3010,b,9996,22613,HUASOPEEK,0.81
3010,b,9996,12092,max,0.55
117,a,10567,20465,arrozdoce,1.67
117,a,10567,2241,roman,1.01
117,a,10567,20464,ewjerkz,0.92
117,a,10567,20462,story,0.77
117,a,10567,630,MUTiRiS,0.75
117,b,11861,20709,r3salt,1.36
117,b,11861,19882,Norwi,1.18
117,b,11861,20113,deko,1.01
117,b,11861,13240,Lack1,0.97
117,b,11861,19236,KENSI,0.96
506,a,11283,11777,Maden,1.33
506,a,11283,7398,dupreeh,1.29
506,a,11283,9032,Magisk,1.2
506,a,11283,19164,SunPayus,1.14
506,a,11283,922,Snappi,0.86
506,b,5378,8918,electroNic,1.25
506,b,5378,16612,n0rb3r7,1.19
506,b,5378,12732,FL1T,0.75
506,b,5378,20101,fame,0.7
506,b,5378,13776,Jame,0.51
2118,a,4869,16080,dycha,1.42
2118,a,4869,7412,gla1ve,0.88
2118,a,4869,19114,Kylar,0.85
2118,a,4869,15428,Goofy,0.84
2118,a,4869,16848,hades,0.77
2118,b,4991,21062,MATYS,1.67
2118,b,4991,15165,blameF,1.32
2118,b,4991,8374,bodyy,1.18
2118,b,4991,19926,afro,1.09
2118,b,4991,7528,KRIMZ,0.95
2887,a,7175,14148,sjuush,1.56
2887,a,7175,19677,kyxsan,1.34
2887,a,7175,12018,TeSeS,1.2
2887,a,7175,17306,degster,1.12
2887,a,7175,9436,NertZ,1.05
2887,b,9215,20987,brnz4n,1.18
2887,b,9215,21037,insani,0.84
2887,b,9215,18835,saffee,0.8
2887,b,9215,19750,drop,0.78
2887,b,9215,11154,exit,0.69
640,a,11571,20300,kraghen,1.04
640,a,11571,13749,Queenix,1.0
640,a,11571,21379,salazar,0.98
640,a,11571,8891,Nodios,0.87
640,a,11571,13077,Patti,0.81
640,b,9928,20926,aNdu,1.68
640,b,9928,2553,Snax,1.51
640,b,9928,20870,sl3nd,1.17
640,b,9928,20358,volt,0.91
640,b,9928,20994,FL4MUS,0.73
637,a,4869,16080,dycha,1.74
637,a,4869,19114,Kylar,1.35
637,a,4869,16848,hades,1.05
637,a,4869,7412,gla1ve,1.02
637,a,4869,15428,Goofy,0.97
637,b,11571,13077,Patti,1.5
637,b,11571,13749,Queenix,1.02
637,b,11571,8891,Nodios,0.92
637,b,11571,20300,kraghen,0.75
637,b,11571,21379,salazar,0.47
2285,b,4991,7528,KRIMZ,1.04
2285,b,4991,21062,MATYS,0.9
2285,b,4991,15165,blameF,0.88
2285,b,4991,19926,afro,0.86
2285,b,4991,8374,bodyy,0.72
2285,a,9928,20870,sl3nd,1.33
2285,a,9928,20994,FL4MUS,1.27
2285,a,9928,20926,aNdu,1.24
2285,a,9928,20358,volt,1.1
2285,a,9928,2553,Snax,0.92
546,a,7020,16920,sh1ro,1.83
546,a,7020,7716,chopper,1.78
546,a,7020,21167,donk,1.54
546,a,7020,18317,magixx,1.35
546,a,7020,20423,zont1x,1.18
546,b,11283,7398,dupreeh,1.36
546,b,11283,922,Snappi,0.71
546,b,11283,19164,SunPayus,0.51
546,b,11283,11777,Maden,0.44
546,b,11283,9032,Magisk,0.38
687,b,11811,20282,kRaSnaL,1.12
687,b,11811,19733,DemQQ,0.92
687,b,11811,16885,Woro2k,0.87
687,b,11811,9656,hAdji,0.66
687,b,11811,6904,STYKO,0.42
687,a,11712,13843,Lucky,1.87
687,a,11712,16723,Cabbi,1.64
687,a,11712,13170,kwezz,1.08
687,a,11712,21199,MistR,1.07
687,a,11712,16731,IceBerg,0.85
2119,a,4869,16848,hades,1.82
2119,a,4869,7412,gla1ve,1.04
2119,a,4869,15428,Goofy,1.01
2119,a,4869,16080,dycha,0.94
2119,a,4869,19114,Kylar,0.82
2119,b,4991,19926,afro,1.21
2119,b,4991,7528,KRIMZ,1.04
2119,b,4991,21062,MATYS,0.97
2119,b,4991,8374,bodyy,0.84
2119,b,4991,15165,blameF,0.79
1763,b,4494,18850,Jimpphat,1.33
1763,b,4494,20312,xertioN,1.27
1763,b,4494,13666,Brollan,1.27
1763,b,4494,18072,torzsi,0.99
1763,b,4494,16820,siuhy,0.97
1763,a,7175,9436,NertZ,1.15
1763,a,7175,12018,TeSeS,1.04
1763,a,7175,17306,degster,1.0
1763,a,7175,19677,kyxsan,0.72
1763,a,7175,14148,sjuush,0.59
1389,b,4773,20563,lux,1.29
1389,b,4773,20171,snow,1.1
1389,b,4773,18141,biguzera,1.04
1389,b,4773,20085,kauez,0.81
1389,b,4773,19694,nqz,0.59
1389,a,12586,12027,Krad,1.3
1389,a,12586,23047,Sdaim,1.26
1389,a,12586,16948,TRAVIS,1.17
1389,a,12586,21439,ICY,1.08
1389,a,12586,13982,Forester,0.71
88,b,5973,10394,Twistzz,1.5
88,b,5973,7964,cadiaN,1.45
88,b,5973,8520,NAF,1.43
88,b,5973,13915,YEKINDAR,0.72
88,b,5973,18676,skullz,0.69
88,a,10503,21113,MoDo,1.72
88,a,10503,20872,Nexius,1.04
88,a,10503,20447,HeavyGod,1.0
88,a,10503,12781,k1to,0.63
88,a,10503,19044,F1KU,0.55
79,a,4773,18141,biguzera,1.92
79,a,4773,19694,nqz,1.23
79,a,4773,20085,kauez,1.17
79,a,4773,20563,lux,1.15
79,a,4773,20171,snow,0.87
79,b,10503,20447,HeavyGod,1.06
79,b,10503,21113,MoDo,0.97
79,b,10503,19044,F1KU,0.89
79,b,10503,12781,k1to,0.58
79,b,10503,20872,Nexius,0.52
1748,a,7020,21167,donk,1.23
1748,a,7020,16920,sh1ro,1.09
1748,a,7020,18317,magixx,0.82
1748,a,7020,7716,chopper,0.61
1748,a,7020,20423,zont1x,0.14
1748,b,4494,16820,siuhy,1.79
1748,b,4494,18072,torzsi,1.71
1748,b,4494,20312,xertioN,1.55
1748,b,4494,13666,Brollan,1.1
1748,b,4494,18850,Jimpphat,1.0
1393,b,12586,23047,Sdaim,1.65
1393,b,12586,16948,TRAVIS,1.08
1393,b,12586,13982,Forester,0.84
1393,b,12586,21439,ICY,0.64
1393,b,12586,12027,Krad,0.52
1393,a,5973,18676,skullz,1.52
1393,a,5973,8520,NAF,1.1
1393,a,5973,7964,cadiaN,1.09
1393,a,5973,13915,YEKINDAR,1.02
1393,a,5973,10394,Twistzz,0.7
1390,b,4773,20563,lux,1.15
1390,b,4773,18141,biguzera,1.02
1390,b,4773,20085,kauez,0.99
1390,b,4773,20171,snow,0.69
1390,b,4773,19694,nqz,0.61
1390,a,12586,13982,Forester,1.63
1390,a,12586,16948,TRAVIS,1.52
1390,a,12586,21439,ICY,1.29
1390,a,12586,23047,Sdaim,1.17
1390,a,12586,12027,Krad,0.87
2717,b,6665,7592,device,1.63
2717,b,6665,10994,stavn,1.49
2717,b,6665,16717,br0,1.22
2717,b,6665,17956,jabbi,1.06
2717,b,6665,20304,Staehr,0.85
2717,a,7532,14929,JDC,1.35
2717,a,7532,5794,tabseN,1.2
2717,a,7532,19899,Krimbo,0.85
2717,a,7532,7266,syrsoN,0.62
2717,a,7532,19284,prosus,0.59
1179,a,9215,11154,exit,0.91
1179,a,9215,21037,insani,0.71
1179,a,9215,18835,saffee,0.56
1179,a,9215,20987,brnz4n,0.51
1179,a,9215,19750,drop,0.48
1179,b,12394,19920,KaiR0N-,2.8
1179,b,12394,15662,zorte,1.72
1179,b,12394,18506,S1ren,1.62
1179,b,12394,16921,nafany,1.4
1179,b,12394,21667,Magnojez,0.8
688,b,11811,6904,STYKO,1.36
688,b,11811,19733,DemQQ,1.22
688,b,11811,16885,Woro2k,1.15
688,b,11811,20282,kRaSnaL,0.93
688,b,11811,9656,hAdji,0.89
688,a,11712,21199,MistR,1.26
688,a,11712,16723,Cabbi,1.24
688,a,11712,13843,Lucky,1.11
688,a,11712,13170,kwezz,0.86
688,a,11712,16731,IceBerg,0.78
2917,a,7532,19284,prosus,1.23
2917,a,7532,7266,syrsoN,0.95
2917,a,7532,5794,tabseN,0.9
2917,a,7532,19899,Krimbo,0.86
2917,a,7532,14929,JDC,0.76
2917,b,9215,21037,insani,1.51
2917,b,9215,19750,drop,1.2
2917,b,9215,11154,exit,1.05
2917,b,9215,18835,saffee,1.01
2917,b,9215,20987,brnz4n,0.9
1150,a,6665,10994,stavn,1.68
1150,a,6665,17956,jabbi,1.19
1150,a,6665,20304,Staehr,1.1
1150,a,6665,16717,br0,1.09
1150,a,6665,7592,device,0.82
1150,b,12394,21667,Magnojez,1.28
1150,b,12394,18506,S1ren,1.0
1150,b,12394,15662,zorte,0.94
1150,b,12394,19920,KaiR0N-,0.9
1150,b,12394,16921,nafany,0.83
1180,b,9215,11154,exit,1.31
1180,b,9215,20987,brnz4n,1.28
1180,b,9215,18835,saffee,1.0
1180,b,9215,21037,insani,0.98
1180,b,9215,19750,drop,0.67
1180,a,12394,21667,Magnojez,1.74
1180,a,12394,15662,zorte,1.1
1180,a,12394,18506,S1ren,1.07
1180,a,12394,19920,KaiR0N-,0.91
1180,a,12394,16921,nafany,0.74
2125,b,5973,13915,YEKINDAR,1.21
2125,b,5973,8520,NAF,1.2
2125,b,5973,7964,cadiaN,1.03
2125,b,5973,10394,Twistzz,1.02
2125,b,5973,18676,skullz,0.85
2125,a,4869,19114,Kylar,1.27
2125,a,4869,16080,dycha,0.99
2125,a,4869,15428,Goofy,0.94
2125,a,4869,16848,hades,0.74
2125,a,4869,7412,gla1ve,0.68
867,b,11861,20709,r3salt,0.74
867,b,11861,19236,KENSI,0.7
867,b,11861,20113,deko,0.57
867,b,11861,13240,Lack1,0.56
867,b,11861,19882,Norwi,0.23
867,a,6665,16717,br0,2.02
867,a,6665,17956,jabbi,2.02
867,a,6665,7592,device,1.54
867,a,6665,10994,stavn,1.19
867,a,6665,20304,Staehr,1.13
352,b,11251,7938,XANTARES,2.03
352,b,11251,8574,woxic,1.82
352,b,11251,8575,Calyx,1.73
352,b,11251,21243,Wicadia,1.28
352,b,11251,150,MAJ3R,0.54
352,a,12394,15662,zorte,1.0
352,a,12394,21667,Magnojez,0.77
352,a,12394,19920,KaiR0N-,0.73
352,a,12394,18506,S1ren,0.48
352,a,12394,16921,nafany,0.36
1401,b,9928,20994,FL4MUS,1.79
1401,b,9928,20358,volt,1.29
1401,b,9928,2553,Snax,1.14
1401,b,9928,20870,sl3nd,1.13
1401,b,9928,20926,aNdu,0.81
1401,a,12586,21439,ICY,1.13
1401,a,12586,16948,TRAVIS,1.12
1401,a,12586,23047,Sdaim,0.86
1401,a,12586,12027,Krad,0.73
1401,a,12586,13982,Forester,0.62
2470,b,5973,8520,NAF,2.02
2470,b,5973,10394,Twistzz,1.39
2470,b,5973,13915,YEKINDAR,1.34
2470,b,5973,18676,skullz,1.3
2470,b,5973,7964,cadiaN,1.27
2470,a,6665,16717,br0,0.86
2470,a,6665,7592,device,0.71
2470,a,6665,20304,Staehr,0.56
2470,a,6665,17956,jabbi,0.52
2470,a,6665,10994,stavn,0.43
430,a,11251,21243,Wicadia,1.68
430,a,11251,7938,XANTARES,1.64
430,a,11251,8575,Calyx,1.13
430,a,11251,8574,woxic,1.1
430,a,11251,150,MAJ3R,0.9
430,b,9928,20870,sl3nd,1.22
430,b,9928,20926,aNdu,0.79
430,b,9928,20358,volt,0.72
430,b,9928,20994,FL4MUS,0.66
430,b,9928,2553,Snax,0.61
2022,a,9215,21037,insani,1.73
2022,a,9215,18835,saffee,1.4
2022,a,9215,20987,brnz4n,1.39
2022,a,9215,19750,drop,1.38
2022,a,9215,11154,exit,1.33
2022,b,4773,20563,lux,0.75
2022,b,4773,20085,kauez,0.65
2022,b,4773,18141,biguzera,0.5
2022,b,4773,19694,nqz,0.48
2022,b,4773,20171,snow,0.38
3008,b,9996,14736,dgt,1.33
3008,b,9996,21239,MartinezSa,1.03
3008,b,9996,20607,buda,0.91
3008,b,9996,22613,HUASOPEEK,0.87
3008,b,9996,12092,max,0.69
3008,a,9455,9219,felps,1.37
3008,a,9455,20183,decenty,1.19
3008,a,9455,12822,VINI,1.09
3008,a,9455,8565,HEN1,1.01
3008,a,9455,22564,noway,0.92
385,a,5973,18676,skullz,1.65
385,a,5973,10394,Twistzz,1.21
385,a,5973,8520,NAF,0.94
385,a,5973,13915,YEKINDAR,0.88
385,a,5973,7964,cadiaN,0.56
385,b,11251,21243,Wicadia,1.36
385,b,11251,8575,Calyx,1.28
385,b,11251,7938,XANTARES,1.24
385,b,11251,150,MAJ3R,0.91
385,b,11251,8574,woxic,0.85
790,a,9565,11893,ZywOo,1.66
790,a,9565,7322,apEX,1.39
790,a,9565,18221,Spinx,1.17
790,a,9565,16693,flameZ,0.84
790,a,9565,18462,mezii,0.7
790,b,11811,20282,kRaSnaL,1.25
790,b,11811,9656,hAdji,1.19
790,b,11811,16885,Woro2k,0.96
790,b,11811,19733,DemQQ,0.96
790,b,11811,6904,STYKO,0.94
514,a,5995,19230,m0NESY,2.08
514,a,5995,3972,huNter-,1.1
514,a,5995,9618,nexa,1.08
514,a,5995,3741,NiKo,0.84
514,a,5995,8797,Stewie2K,0.73
514,b,11283,19164,SunPayus,1.28
514,b,11283,7398,dupreeh,1.06
514,b,11283,9032,Magisk,1.05
514,b,11283,11777,Maden,0.82
514,b,11283,922,Snappi,0.75
2300,a,5005,11630,JT,1.19
2300,a,5005,8738,EliGE,1.04
2300,a,5005,12840,hallzerk,0.78
2300,a,5005,12713,floppy,0.74
2300,a,5005,13578,Grim,0.52
2300,b,5973,10394,Twistzz,1.66
2300,b,5973,8520,NAF,1.6
2300,b,5973,13915,YEKINDAR,1.36
2300,b,5973,18676,skullz,1.07
2300,b,5973,7964,cadiaN,0.73
1808,b,4494,20312,xertioN,1.79
1808,b,4494,13666,Brollan,1.11
1808,b,4494,18850,Jimpphat,0.86
1808,b,4494,18072,torzsi,0.77
1808,b,4494,16820,siuhy,0.47
1808,a,9996,20607,buda,1.93
1808,a,9996,12092,max,1.37
1808,a,9996,14736,dgt,1.02
1808,a,9996,21239,MartinezSa,0.95
1808,a,9996,22613,HUASOPEEK,0.91
1906,b,4608,20127,w0nderful,1.5
1906,b,4608,18987,b1t,1.2
1906,b,4608,14759,iM,1.15
1906,b,4608,19206,jL,1.09
1906,b,4608,9816,Aleksib,0.77
1906,a,7532,14929,JDC,1.8
1906,a,7532,5794,tabseN,0.89
1906,a,7532,19284,prosus,0.81
1906,a,7532,19899,Krimbo,0.77
1906,a,7532,7266,syrsoN,0.7
1074,b,6667,11816,ropz,1.73
1074,b,6667,8183,rain,1.34
1074,b,6667,9960,frozen,1.27
1074,b,6667,18053,broky,0.98
1074,b,6667,429,karrigan,0.9
1074,a,12376,20104,s1n,1.11
1074,a,12376,17378,reck,1.01
1074,a,12376,15370,slaxz-,0.81
1074,a,12376,11617,malbsMd,0.67
1074,a,12376,16599,Swisher,0.63
1440,a,7020,21167,donk,1.85
1440,a,7020,7716,chopper,1.84
1440,a,7020,16920,sh1ro,1.68
1440,a,7020,18317,magixx,1.55
1440,a,7020,20423,zont1x,1.45
1440,b,12774,11140,INS,0.91
1440,b,12774,17384,Vexite,0.61
1440,b,12774,10588,Liazz,0.6
1440,b,12774,11139,aliStair,0.4
1440,b,12774,9115,dexter,0.18
2388,a,5378,8918,electroNic,1.74
2388,a,5378,12732,FL1T,1.74
2388,a,5378,20101,fame,1.12
2388,a,5378,16612,n0rb3r7,1.11
2388,a,5378,13776,Jame,1.06
2388,b,7175,12018,TeSeS,0.9
2388,b,7175,9436,NertZ,0.87
2388,b,7175,14148,sjuush,0.71
2388,b,7175,13602,nicoodoz,0.6
2388,b,7175,19677,kyxsan,0.47
2597,a,5995,9618,nexa,1.33
2597,a,5995,3741,NiKo,1.21
2597,a,5995,19230,m0NESY,0.74
2597,a,5995,8797,Stewie2K,0.61
2597,a,5995,3972,huNter-,0.39
2597,b,9565,18221,Spinx,1.81
2597,b,9565,18462,mezii,1.36
2597,b,9565,16693,flameZ,1.09
2597,b,9565,11893,ZywOo,1.06
2597,b,9565,7322,apEX,0.93
433,b,11283,7398,dupreeh,1.9
433,b,11283,11777,Maden,1.46
433,b,11283,19164,SunPayus,1.43
433,b,11283,9032,Magisk,1.08
433,b,11283,922,Snappi,0.99
433,a,11811,19733,DemQQ,1.16
433,a,11811,16885,Woro2k,0.89
433,a,11811,20282,kRaSnaL,0.83
433,a,11811,6904,STYKO,0.76
433,a,11811,9656,hAdji,0.7
2526,b,5973,13915,YEKINDAR,1.42
2526,b,5973,8520,NAF,1.06
2526,b,5973,10394,Twistzz,0.88
2526,b,5973,18676,skullz,0.78
2526,b,5973,7964,cadiaN,0.65
2526,a,9996,21239,MartinezSa,2.04
2526,a,9996,12092,max,0.98
2526,a,9996,20607,buda,0.96
2526,a,9996,22613,HUASOPEEK,0.93
2526,a,9996,14736,dgt,0.58
1683,a,5005,12840,hallzerk,1.11
1683,a,5005,8738,EliGE,1.11
1683,a,5005,11630,JT,0.79
1683,a,5005,13578,Grim,0.7
1683,a,5005,12713,floppy,0.69
1683,b,4494,18072,torzsi,1.87
1683,b,4494,13666,Brollan,1.85
1683,b,4494,20312,xertioN,1.13
1683,b,4494,18850,Jimpphat,1.04
1683,b,4494,16820,siuhy,0.96
639,a,6248,21001,mzinho,2.05
639,a,6248,20903,Senzu,1.67
639,a,6248,20194,bLitz,1.46
639,a,6248,21809,910,1.16
639,a,6248,20275,Techno,1.05
639,b,11571,20300,kraghen,0.88
639,b,11571,13077,Patti,0.71
639,b,11571,21379,salazar,0.7
639,b,11571,13749,Queenix,0.69
639,b,11571,8891,Nodios,0.33
1890,b,4608,14759,iM,1.25
1890,b,4608,20127,w0nderful,1.23
1890,b,4608,18987,b1t,0.87
1890,b,4608,9816,Aleksib,0.8
1890,b,4608,19206,jL,0.46
1890,a,7020,21167,donk,1.52
1890,a,7020,20423,zont1x,1.44
1890,a,7020,16920,sh1ro,1.09
1890,a,7020,7716,chopper,0.94
1890,a,7020,18317,magixx,0.86
1078,a,12376,20104,s1n,1.39
1078,a,12376,11617,malbsMd,0.94
1078,a,12376,17378,reck,0.75
1078,a,12376,15370,slaxz-,0.67
1078,a,12376,16599,Swisher,0.59
1078,b,7175,12018,TeSeS,1.65
1078,b,7175,14148,sjuush,1.33
1078,b,7175,19677,kyxsan,1.21
1078,b,7175,9436,NertZ,1.17
1078,b,7175,13602,nicoodoz,1.02
2373,a,6667,8183,rain,1.58
2373,a,6667,9960,frozen,1.23
2373,a,6667,429,karrigan,1.09
2373,a,6667,18053,broky,0.97
2373,a,6667,11816,ropz,0.88
2373,b,5378,8918,electroNic,1.85
2373,b,5378,16612,n0rb3r7,1.12
2373,b,5378,20101,fame,0.86
2373,b,5378,13776,Jame,0.65
2373,b,5378,12732,FL1T,0.45
1447,a,7532,7266,syrsoN,1.53
1447,a,7532,14929,JDC,1.13
1447,a,7532,19284,prosus,1.1
1447,a,7532,19899,Krimbo,1.06
1447,a,7532,5794,tabseN,1.04
1447,b,12774,11140,INS,1.32
1447,b,12774,10588,Liazz,0.98
1447,b,12774,11139,aliStair,0.93
1447,b,12774,9115,dexter,0.89
1447,b,12774,17384,Vexite,0.68
511,b,5973,13915,YEKINDAR,1.47
511,b,5973,10394,Twistzz,1.19
511,b,5973,8520,NAF,1.15
511,b,5973,18676,skullz,1.04
511,b,5973,7964,cadiaN,1.01
511,a,11283,11777,Maden,1.6
511,a,11283,7398,dupreeh,1.28
511,a,11283,922,Snappi,0.82
511,a,11283,9032,Magisk,0.63
511,a,11283,19164,SunPayus,0.59
1705,b,5995,3741,NiKo,1.63
1705,b,5995,3972,huNter-,1.21
1705,b,5995,9618,nexa,0.99
1705,b,5995,19230,m0NESY,0.94
1705,b,5995,8797,Stewie2K,0.89
1705,a,4494,18850,Jimpphat,1.2
1705,a,4494,13666,Brollan,1.14
1705,a,4494,18072,torzsi,1.0
1705,a,4494,20312,xertioN,0.84
1705,a,4494,16820,siuhy,0.72
857,b,11861,20709,r3salt,1.4
857,b,11861,19236,KENSI,1.16
857,b,11861,20113,deko,1.04
857,b,11861,13240,Lack1,1.0
857,b,11861,19882,Norwi,0.71
857,a,6248,20194,bLitz,1.48
857,a,6248,21809,910,1.16
857,a,6248,20903,Senzu,1.06
857,a,6248,21001,mzinho,0.86
857,a,6248,20275,Techno,0.73
1902,b,4608,19206,jL,1.19
1902,b,4608,20127,w0nderful,1.08
1902,b,4608,14759,iM,0.99
1902,b,4608,18987,b1t,0.85
1902,b,4608,9816,Aleksib,0.56
1902,a,7175,19677,kyxsan,1.68
1902,a,7175,9436,NertZ,1.21
1902,a,7175,13602,nicoodoz,1.12
1902,a,7175,12018,TeSeS,1.03
1902,a,7175,14148,sjuush,0.99
2393,b,5378,13776,Jame,1.42
2393,b,5378,16612,n0rb3r7,0.75
2393,b,5378,20101,fame,0.58
2393,b,5378,12732,FL1T,0.56
2393,b,5378,8918,electroNic,0.45
2393,a,7532,14929,JDC,1.92
2393,a,7532,5794,tabseN,1.77
2393,a,7532,19284,prosus,1.35
2393,a,7532,19899,Krimbo,1.19
2393,a,7532,7266,syrsoN,0.76
2759,b,6667,18053,broky,1.18
2759,b,6667,8183,rain,1.04
2759,b,6667,11816,ropz,0.87
2759,b,6667,9960,frozen,0.77
2759,b,6667,429,karrigan,0.77
2759,a,7020,18317,magixx,1.42
2759,a,7020,16920,sh1ro,1.37
2759,a,7020,7716,chopper,1.23
2759,a,7020,20423,zont1x,0.94
2759,a,7020,21167,donk,0.88
3020,b,9996,21239,MartinezSa,1.32
3020,b,9996,14736,dgt,1.22
3020,b,9996,12092,max,1.16
3020,b,9996,20607,buda,0.86
3020,b,9996,22613,HUASOPEEK,0.74
3020,a,9565,11893,ZywOo,1.76
3020,a,9565,18221,Spinx,1.27
3020,a,9565,7322,apEX,0.94
3020,a,9565,18462,mezii,0.92
3020,a,9565,16693,flameZ,0.67
2860,b,7175,12018,TeSeS,2.07
2860,b,7175,14148,sjuush,1.63
2860,b,7175,9436,NertZ,1.35
2860,b,7175,19677,kyxsan,1.22
2860,b,7175,13602,nicoodoz,0.95
2860,a,7532,19899,Krimbo,1.05
2860,a,7532,5794,tabseN,0.85
2860,a,7532,7266,syrsoN,0.84
2860,a,7532,14929,JDC,0.69
2860,a,7532,19284,prosus,0.42
2453,a,5995,3741,NiKo,1.4
2453,a,5995,3972,huNter-,0.99
2453,a,5995,9618,nexa,0.97
2453,a,5995,19230,m0NESY,0.97
2453,a,5995,8797,Stewie2K,0.86
2453,b,5973,13915,YEKINDAR,1.18
2453,b,5973,10394,Twistzz,0.95
2453,b,5973,7964,cadiaN,0.87
2453,b,5973,18676,skullz,0.81
2453,b,5973,8520,NAF,0.77
159,b,10567,20464,ewjerkz,1.54
159,b,10567,2241,roman,1.04
159,b,10567,630,MUTiRiS,0.85
159,b,10567,20465,arrozdoce,0.75
159,b,10567,20462,story,0.67
159,a,4991,15165,blameF,1.53
159,a,4991,8374,bodyy,1.24
159,a,4991,21062,MATYS,1.16
159,a,4991,19926,afro,1.0
159,a,4991,7528,KRIMZ,0.83
2892,b,9565,11893,ZywOo,2.02
2892,b,9565,18221,Spinx,1.6
2892,b,9565,16693,flameZ,1.57
2892,b,9565,18462,mezii,1.52
2892,b,9565,7322,apEX,1.11
2892,a,7175,14148,sjuush,0.82
2892,a,7175,19677,kyxsan,0.75
2892,a,7175,9436,NertZ,0.49
2892,a,7175,13602,nicoodoz,0.48
2892,a,7175,12018,TeSeS,0.38
2544,b,6667,9960,frozen,0.96
2544,b,6667,11816,ropz,0.78
2544,b,6667,18053,broky,0.71
2544,b,6667,429,karrigan,0.46
2544,b,6667,8183,rain,0.24
2544,a,5995,19230,m0NESY,1.99
2544,a,5995,3741,NiKo,1.95
2544,a,5995,3972,huNter-,1.5
2544,a,5995,9618,nexa,1.24
2544,a,5995,8797,Stewie2K,1.02
2841,b,7020,16920,sh1ro,1.66
2841,b,7020,20423,zont1x,1.23
2841,b,7020,21167,donk,1.23
2841,b,7020,18317,magixx,0.87
2841,b,7020,7716,chopper,0.54
2841,a,9565,11893,ZywOo,1.54
2841,a,9565,18462,mezii,1.52
2841,a,9565,18221,Spinx,1.27
2841,a,9565,16693,flameZ,0.93
2841,a,9565,7322,apEX,0.57
2614,b,9996,14736,dgt,1.42
2614,b,9996,21239,MartinezSa,1.07
2614,b,9996,22613,HUASOPEEK,1.07
2614,b,9996,20607,buda,0.55
2614,b,9996,12092,max,0.37
2614,a,5995,3972,huNter-,1.54
2614,a,5995,19230,m0NESY,1.36
2614,a,5995,3741,NiKo,1.16
2614,a,5995,9618,nexa,1.08
2614,a,5995,8797,Stewie2K,0.85
2598,b,5995,19230,m0NESY,1.6
2598,b,5995,3972,huNter-,1.37
2598,b,5995,3741,NiKo,1.35
2598,b,5995,8797,Stewie2K,1.11
2598,b,5995,9618,nexa,0.94
2598,a,9565,18221,Spinx,1.24
2598,a,9565,18462,mezii,1.08
2598,a,9565,16693,flameZ,0.93
2598,a,9565,7322,apEX,0.92
2598,a,9565,11893,ZywOo,0.56
840,b,11861,20709,r3salt,1.37
840,b,11861,20113,deko,1.03
840,b,11861,19882,Norwi,0.81
840,b,11861,19236,KENSI,0.72
840,b,11861,13240,Lack1,0.62
840,a,4914,19739,Ex3rcice,1.35
840,a,4914,13138,Maka,1.34
840,a,4914,21969,Graviti,1.24
840,a,4914,13497,Lucky,1.23
840,a,4914,19738,Djoko,0.97
2710,a,6665,7592,device,1.77
2710,a,6665,17956,jabbi,1.37
2710,a,6665,20304,Staehr,1.36
2710,a,6665,10994,stavn,1.26
2710,a,6665,16717,br0,1.11
2710,b,7175,12018,TeSeS,1.06
2710,b,7175,14148,sjuush,0.82
2710,b,7175,9436,NertZ,0.67
2710,b,7175,19677,kyxsan,0.51
2710,b,7175,17306,degster,0.4
380,a,5005,13578,Grim,1.23
380,a,5005,8738,EliGE,1.2
380,a,5005,11630,JT,1.07
380,a,5005,12713,floppy,1.05
380,a,5005,12840,hallzerk,1.05
380,b,11251,150,MAJ3R,1.31
380,b,11251,8574,woxic,1.21
380,b,11251,7938,XANTARES,1.0
380,b,11251,21243,Wicadia,0.76
380,b,11251,8575,Calyx,0.72
700,a,11712,13843,Lucky,1.53
700,a,11712,16723,Cabbi,1.18
700,a,11712,16731,IceBerg,0.82
700,a,11712,21199,MistR,0.76
700,a,11712,13170,kwezz,0.52
700,b,6248,21001,mzinho,1.64
700,b,6248,20275,Techno,1.3
700,b,6248,20903,Senzu,1.07
700,b,6248,21809,910,0.97
700,b,6248,20194,bLitz,0.71
2912,a,8297,12553,yuurih,1.36
2912,a,8297,2023,FalleN,0.77
2912,a,8297,20385,kye,0.7
2912,a,8297,10566,chelo,0.63
2912,a,8297,15631,KSCERATO,0.6
2912,b,7532,5794,tabseN,1.74
2912,b,7532,19899,Krimbo,1.64
2912,b,7532,7266,syrsoN,1.22
2912,b,7532,19284,prosus,1.14
2912,b,7532,14929,JDC,1.09
1597,b,4411,20879,maxster,1.52
1597,b,4411,9278,REZ,1.46
1597,b,4411,8371,alex,1.16
1597,b,4411,17937,isak,1.13
1597,b,4411,20425,r1nkle,1.1
1597,a,4869,12731,sdy,1.28
1597,a,4869,21815,podi,1.0
1597,a,4869,7412,gla1ve,0.77
1597,a,4869,19114,Kylar,0.75
1597,a,4869,15428,Goofy,0.58
1131,b,4991,21062,MATYS,1.03
1131,b,4991,15165,blameF,1.0
1131,b,4991,19926,afro,0.96
1131,b,4991,8374,bodyy,0.72
1131,b,4991,7528,KRIMZ,0.64
1131,a,12394,21667,Magnojez,1.35
1131,a,12394,15662,zorte,1.32
1131,a,12394,18506,S1ren,1.28
1131,a,12394,19920,KaiR0N-,1.13
1131,a,12394,16921,nafany,1.04
701,b,6665,7592,device,1.21
701,b,6665,10994,stavn,0.95
701,b,6665,17956,jabbi,0.83
701,b,6665,16717,br0,0.77
701,b,6665,20304,Staehr,0.68
701,a,11712,13843,Lucky,1.58
701,a,11712,16723,Cabbi,1.25
701,a,11712,13170,kwezz,1.13
701,a,11712,21199,MistR,1.13
701,a,11712,16731,IceBerg,0.88
2330,a,5005,8738,EliGE,1.58
2330,a,5005,13578,Grim,1.54
2330,a,5005,11630,JT,1.5
2330,a,5005,12840,hallzerk,1.06
2330,a,5005,12713,floppy,0.72
2330,b,7532,14929,JDC,1.47
2330,b,7532,19899,Krimbo,1.12
2330,b,7532,5794,tabseN,0.8
2330,b,7532,19284,prosus,0.53
2330,b,7532,7266,syrsoN,0.4
2129,a,6248,20275,Techno,1.42
2129,a,6248,20903,Senzu,1.41
2129,a,6248,21809,910,1.35
2129,a,6248,21001,mzinho,1.16
2129,a,6248,20194,bLitz,0.82
2129,b,4869,15428,Goofy,1.05
2129,b,4869,19114,Kylar,0.84
2129,b,4869,7412,gla1ve,0.79
2129,b,4869,21815,podi,0.77
2129,b,4869,12731,sdy,0.58
1175,b,8297,15631,KSCERATO,2.18
1175,b,8297,10566,chelo,2.02
1175,b,8297,12553,yuurih,1.96
1175,b,8297,20385,kye,1.48
1175,b,8297,2023,FalleN,0.92
1175,a,12394,15662,zorte,1.0
1175,a,12394,18506,S1ren,0.56
1175,a,12394,16921,nafany,0.55
1175,a,12394,19920,KaiR0N-,0.52
1175,a,12394,21667,Magnojez,0.5
1638,a,4411,20425,r1nkle,1.55
1638,a,4411,8371,alex,1.34
1638,a,4411,9278,REZ,1.01
1638,a,4411,20879,maxster,0.92
1638,a,4411,17937,isak,0.78
1638,b,7175,12018,TeSeS,1.37
1638,b,7175,9436,NertZ,0.9
1638,b,7175,17306,degster,0.89
1638,b,7175,14148,sjuush,0.78
1638,b,7175,19677,kyxsan,0.59
379,b,4991,7528,KRIMZ,1.73
379,b,4991,19926,afro,1.58
379,b,4991,15165,blameF,1.58
379,b,4991,8374,bodyy,1.16
379,b,4991,21062,MATYS,1.09
379,a,11251,8574,woxic,1.18
379,a,11251,7938,XANTARES,0.65
379,a,11251,8575,Calyx,0.58
379,a,11251,21243,Wicadia,0.58
379,a,11251,150,MAJ3R,0.57
695,a,11712,21199,MistR,0.83
695,a,11712,16723,Cabbi,0.82
695,a,11712,13843,Lucky,0.58
695,a,11712,16731,IceBerg,0.53
695,a,11712,13170,kwezz,0.48
695,b,4869,12731,sdy,1.9
695,b,4869,7412,gla1ve,1.64
695,b,4869,19114,Kylar,1.52
695,b,4869,21815,podi,1.15
695,b,4869,15428,Goofy,1.15
1165,b,7532,5794,tabseN,1.46
1165,b,7532,14929,JDC,1.32
1165,b,7532,7266,syrsoN,1.22
1165,b,7532,19284,prosus,0.8
1165,b,7532,19899,Krimbo,0.68
1165,a,12394,19920,KaiR0N-,1.46
1165,a,12394,21667,Magnojez,1.37
1165,a,12394,15662,zorte,0.91
1165,a,12394,16921,nafany,0.9
1165,a,12394,18506,S1ren,0.6
2635,b,6248,21001,mzinho,1.46
2635,b,6248,21809,910,1.38
2635,b,6248,20903,Senzu,1.28
2635,b,6248,20194,bLitz,0.95
2635,b,6248,20275,Techno,0.8
2635,a,7175,9436,NertZ,1.11
2635,a,7175,17306,degster,1.02
2635,a,7175,19677,kyxsan,0.94
2635,a,7175,14148,sjuush,0.83
2635,a,7175,12018,TeSeS,0.62
417,b,8297,12553,yuurih,1.69
417,b,8297,15631,KSCERATO,1.63
417,b,8297,10566,chelo,1.11
417,b,8297,2023,FalleN,0.97
417,b,8297,20385,kye,0.82
417,a,11251,21243,Wicadia,1.28
417,a,11251,8575,Calyx,1.23
417,a,11251,8574,woxic,0.98
417,a,11251,150,MAJ3R,0.74
417,a,11251,7938,XANTARES,0.36
2262,a,4991,7528,KRIMZ,1.72
2262,a,4991,19926,afro,1.66
2262,a,4991,15165,blameF,1.51
2262,a,4991,21062,MATYS,1.46
2262,a,4991,8374,bodyy,1.03
2262,b,5005,12713,floppy,1.37
2262,b,5005,13578,Grim,0.86
2262,b,5005,8738,EliGE,0.72
2262,b,5005,11630,JT,0.4
2262,b,5005,12840,hallzerk,0.4
1621,b,4411,20425,r1nkle,1.48
1621,b,4411,9278,REZ,1.16
1621,b,4411,20879,maxster,0.95
1621,b,4411,17937,isak,0.91
1621,b,4411,8371,alex,0.88
1621,a,6665,17956,jabbi,1.15
1621,a,6665,16717,br0,1.12
1621,a,6665,10994,stavn,1.05
1621,a,6665,20304,Staehr,0.86
1621,a,6665,7592,device,0.74
413,a,7532,5794,tabseN,1.17
413,a,7532,7266,syrsoN,1.1
413,a,7532,19899,Krimbo,0.92
413,a,7532,14929,JDC,0.83
413,a,7532,19284,prosus,0.55
413,b,11251,7938,XANTARES,1.96
413,b,11251,8574,woxic,1.41
413,b,11251,21243,Wicadia,0.96
413,b,11251,8575,Calyx,0.91
413,b,11251,150,MAJ3R,0.9
702,a,11712,13843,Lucky,1.34
702,a,11712,21199,MistR,1.03
702,a,11712,16723,Cabbi,0.75
702,a,11712,16731,IceBerg,0.54
702,a,11712,13170,kwezz,0.5
702,b,7175,9436,NertZ,1.89
702,b,7175,14148,sjuush,1.41
702,b,7175,12018,TeSeS,1.24
702,b,7175,19677,kyxsan,1.21
702,b,7175,17306,degster,0.86
1135,a,5005,8738,EliGE,1.68
1135,a,5005,12840,hallzerk,1.01
1135,a,5005,11630,JT,0.87
1135,a,5005,12713,floppy,0.75
1135,a,5005,13578,Grim,0.55
1135,b,12394,19920,KaiR0N-,1.85
1135,b,12394,18506,S1ren,1.56
1135,b,12394,21667,Magnojez,1.1
1135,b,12394,16921,nafany,0.9
1135,b,12394,15662,zorte,0.81
2134,b,6665,17956,jabbi,2.21
2134,b,6665,20304,Staehr,1.69
2134,b,6665,7592,device,1.15
2134,b,6665,10994,stavn,1.09
2134,b,6665,16717,br0,0.97
2134,a,4869,21815,podi,1.02
2134,a,4869,7412,gla1ve,0.85
2134,a,4869,15428,Goofy,0.85
2134,a,4869,19114,Kylar,0.61
2134,a,4869,12731,sdy,0.36
2281,a,4991,21062,MATYS,1.18
2281,a,4991,8374,bodyy,1.15
2281,a,4991,19926,afro,1.07
2281,a,4991,15165,blameF,0.94
2281,a,4991,7528,KRIMZ,0.79
2281,b,8297,20385,kye,1.36
2281,b,8297,15631,KSCERATO,1.27
2281,b,8297,12553,yuurih,1.1
2281,b,8297,2023,FalleN,0.96
2281,b,8297,10566,chelo,0.56
1618,b,4411,17937,isak,0.98
1618,b,4411,9278,REZ,0.93
1618,b,4411,20879,maxster,0.92
1618,b,4411,20425,r1nkle,0.62
1618,b,4411,8371,alex,0.45
1618,a,6248,21809,910,1.66
1618,a,6248,20275,Techno,1.65
1618,a,6248,21001,mzinho,1.56
1618,a,6248,20194,bLitz,1.16
1618,a,6248,20903,Senzu,1.06
351,a,11251,8574,woxic,1.12
351,a,11251,8575,Calyx,1.11
351,a,11251,7938,XANTARES,1.05
351,a,11251,150,MAJ3R,0.88
351,a,11251,21243,Wicadia,0.77
351,b,12394,21667,Magnojez,1.59
351,b,12394,18506,S1ren,1.42
351,b,12394,15662,zorte,1.13
351,b,12394,19920,KaiR0N-,0.87
351,b,12394,16921,nafany,0.75
2141,a,7175,12018,TeSeS,1.62
2141,a,7175,17306,degster,1.6
2141,a,7175,9436,NertZ,1.28
2141,a,7175,14148,sjuush,1.04
2141,a,7175,19677,kyxsan,0.95
2141,b,4869,21815,podi,1.23
2141,b,4869,12731,sdy,1.14
2141,b,4869,19114,Kylar,1.06
2141,b,4869,7412,gla1ve,0.65
2141,b,4869,15428,Goofy,0.41
2615,b,6665,20304,Staehr,1.9
2615,b,6665,17956,jabbi,1.51
2615,b,6665,10994,stavn,1.24
2615,b,6665,7592,device,1.0
2615,b,6665,16717,br0,0.82
2615,a,6248,21809,910,1.32
2615,a,6248,20903,Senzu,0.9
2615,a,6248,20194,bLitz,0.88
2615,a,6248,20275,Techno,0.69
2615,a,6248,21001,mzinho,0.61
2336,a,5005,12840,hallzerk,1.19
2336,a,5005,8738,EliGE,0.93
2336,a,5005,13578,Grim,0.92
2336,a,5005,11630,JT,0.82
2336,a,5005,12713,floppy,0.61
2336,b,8297,12553,yuurih,1.7
2336,b,8297,20385,kye,1.62
2336,b,8297,15631,KSCERATO,1.32
2336,b,8297,2023,FalleN,0.76
2336,b,8297,10566,chelo,0.72
2277,b,4991,7528,KRIMZ,1.62
2277,b,4991,21062,MATYS,1.23
2277,b,4991,8374,bodyy,1.23
2277,b,4991,15165,blameF,1.03
2277,b,4991,19926,afro,0.78
2277,a,7532,7266,syrsoN,1.41
2277,a,7532,5794,tabseN,1.26
2277,a,7532,19899,Krimbo,0.99
2277,a,7532,19284,prosus,0.7
2277,a,7532,14929,JDC,0.65
693,b,4411,20879,maxster,1.44
693,b,4411,8371,alex,1.38
693,b,4411,17937,isak,1.18
693,b,4411,20425,r1nkle,1.1
693,b,4411,9278,REZ,1.07
693,a,11712,21199,MistR,1.7
693,a,11712,16731,IceBerg,1.21
693,a,11712,13170,kwezz,0.96
693,a,11712,13843,Lucky,0.7
693,a,11712,16723,Cabbi,0.65
3000,b,9996,21239,MartinezSa,1.79
3000,b,9996,12092,max,1.72
3000,b,9996,22613,HUASOPEEK,1.5
3000,b,9996,20607,buda,1.15
3000,b,9996,14736,dgt,1.11
3000,a,9215,11154,exit,1.03
3000,a,9215,21037,insani,0.94
3000,a,9215,20987,brnz4n,0.89
3000,a,9215,19750,drop,0.66
3000,a,9215,18835,saffee,0.38
1149,a,12394,15662,zorte,1.15
1149,a,12394,19920,KaiR0N-,1.15
1149,a,12394,18506,S1ren,1.02
1149,a,12394,21667,Magnojez,0.85
1149,a,12394,16921,nafany,0.73
1149,b,6665,16717,br0,1.29
1149,b,6665,10994,stavn,1.28
1149,b,6665,17956,jabbi,1.2
1149,b,6665,20304,Staehr,1.13
1149,b,6665,7592,device,0.85
638,b,11571,20300,kraghen,0.96
638,b,11571,8891,Nodios,0.89
638,b,11571,21379,salazar,0.83
638,b,11571,13077,Patti,0.78
638,b,11571,13749,Queenix,0.43
638,a,4914,19738,Djoko,1.84
638,a,4914,13497,Lucky,1.59
638,a,4914,19739,Ex3rcice,1.3
638,a,4914,13138,Maka,1.25
638,a,4914,21969,Graviti,0.97
1605,b,4411,17937,isak,1.59
1605,b,4411,20425,r1nkle,1.18
1605,b,4411,9278,REZ,1.17
1605,b,4411,20879,maxster,1.0
1605,b,4411,8371,alex,0.83
1605,a,4991,21062,MATYS,1.12
1605,a,4991,19926,afro,1.09
1605,a,4991,8374,bodyy,1.01
1605,a,4991,7528,KRIMZ,0.67
1605,a,4991,15165,blameF,0.67
2616,b,6248,21809,910,1.22
2616,b,6248,20903,Senzu,1.07
2616,b,6248,21001,mzinho,1.06
2616,b,6248,20194,bLitz,1.02
2616,b,6248,20275,Techno,0.81
2616,a,6665,17956,jabbi,1.22
2616,a,6665,10994,stavn,1.19
2616,a,6665,16717,br0,1.06
2616,a,6665,20304,Staehr,0.99
2616,a,6665,7592,device,0.77
740,a,11811,9656,hAdji,1.01
740,a,11811,6904,STYKO,0.94
740,a,11811,16885,Woro2k,0.92
740,a,11811,19733,DemQQ,0.85
740,a,11811,20282,kRaSnaL,0.71
740,b,12586,13982,Forester,1.81
740,b,12586,21439,ICY,1.52
740,b,12586,12027,Krad,1.19
740,b,12586,16948,TRAVIS,1.06
740,b,12586,23047,Sdaim,0.76
1650,b,8297,15631,KSCERATO,1.31
1650,b,8297,2023,FalleN,0.97
1650,b,8297,10566,chelo,0.94
1650,b,8297,12553,yuurih,0.81
1650,b,8297,20385,kye,0.37
1650,a,4411,8371,alex,1.53
1650,a,4411,9278,REZ,1.25
1650,a,4411,20879,maxster,1.16
1650,a,4411,20425,r1nkle,1.08
1650,a,4411,17937,isak,0.82
3009,a,9455,8565,HEN1,2.08
3009,a,9455,9219,felps,1.45
3009,a,9455,12822,VINI,1.35
3009,a,9455,20183,decenty,1.0
3009,a,9455,22564,noway,0.96
3009,b,9996,22613,HUASOPEEK,1.06
3009,b,9996,12092,max,0.9
3009,b,9996,20607,buda,0.87
3009,b,9996,14736,dgt,0.77
3009,b,9996,21239,MartinezSa,0.48
841,a,4914,19739,Ex3rcice,1.61
841,a,4914,13138,Maka,1.37
841,a,4914,19738,Djoko,1.26
841,a,4914,13497,Lucky,1.17
841,a,4914,21969,Graviti,0.92
841,b,11861,20113,deko,1.08
841,b,11861,13240,Lack1,1.08
841,b,11861,20709,r3salt,0.82
841,b,11861,19882,Norwi,0.8
841,b,11861,19236,KENSI,0.7
115,b,11811,9656,hAdji,1.23
115,b,11811,20282,kRaSnaL,0.95
115,b,11811,19733,DemQQ,0.89
115,b,11811,6904,STYKO,0.82
115,b,11811,16885,Woro2k,0.65
115,a,10567,20465,arrozdoce,1.87
115,a,10567,20464,ewjerkz,1.21
115,a,10567,20462,story,1.2
115,a,10567,2241,roman,0.98
115,a,10567,630,MUTiRiS,0.87
757,b,11811,9656,hAdji,1.84
757,b,11811,19733,DemQQ,1.57
757,b,11811,6904,STYKO,1.29
757,b,11811,20282,kRaSnaL,1.26
757,b,11811,16885,Woro2k,1.09
757,a,4914,13138,Maka,0.87
757,a,4914,19739,Ex3rcice,0.75
757,a,4914,21969,Graviti,0.74
757,a,4914,19738,Djoko,0.73
757,a,4914,13497,Lucky,0.48
1619,b,6248,20903,Senzu,1.65
1619,b,6248,20194,bLitz,1.4
1619,b,6248,21001,mzinho,1.23
1619,b,6248,20275,Techno,1.03
1619,b,6248,21809,910,0.95
1619,a,4411,17937,isak,1.28
1619,a,4411,20879,maxster,1.04
1619,a,4411,9278,REZ,0.81
1619,a,4411,8371,alex,0.76
1619,a,4411,20425,r1nkle,0.45
727,b,11861,19882,Norwi,1.32
727,b,11861,20709,r3salt,0.95
727,b,11861,20113,deko,0.62
727,b,11861,19236,KENSI,0.55
727,b,11861,13240,Lack1,0.41
727,a,11811,19733,DemQQ,1.76
727,a,11811,20282,kRaSnaL,1.69
727,a,11811,6904,STYKO,1.57
727,a,11811,16885,Woro2k,1.47
727,a,11811,9656,hAdji,0.74
741,b,12586,13982,Forester,1.59
741,b,12586,12027,Krad,1.58
741,b,12586,21439,ICY,1.48
741,b,12586,16948,TRAVIS,1.15
741,b,12586,23047,Sdaim,0.82
741,a,11811,20282,kRaSnaL,1.2
741,a,11811,6904,STYKO,1.11
741,a,11811,9656,hAdji,0.71
741,a,11811,19733,DemQQ,0.69
741,a,11811,16885,Woro2k,0.58
119,b,10567,20464,ewjerkz,1.52
119,b,10567,630,MUTiRiS,1.2
119,b,10567,2241,roman,1.18
119,b,10567,20462,story,1.04
119,b,10567,20465,arrozdoce,0.95
119,a,11861,20709,r3salt,1.62
119,a,11861,13240,Lack1,0.97
119,a,11861,20113,deko,0.92
119,a,11861,19882,Norwi,0.72
119,a,11861,19236,KENSI,0.64
726,b,11811,19733,DemQQ,1.33
726,b,11811,16885,Woro2k,1.16
726,b,11811,20282,kRaSnaL,1.02
726,b,11811,9656,hAdji,0.92
726,b,11811,6904,STYKO,0.83
726,a,11861,19882,Norwi,1.69
726,a,11861,20709,r3salt,1.36
726,a,11861,20113,deko,1.17
726,a,11861,13240,Lack1,0.96
726,a,11861,19236,KENSI,0.88
154,a,10567,630,MUTiRiS,1.36
154,a,10567,2241,roman,1.08
154,a,10567,20464,ewjerkz,0.94
154,a,10567,20462,story,0.91
154,a,10567,20465,arrozdoce,0.72
154,b,4914,19739,Ex3rcice,1.44
154,b,4914,13138,Maka,1.27
154,b,4914,13497,Lucky,1.25
154,b,4914,19738,Djoko,0.91
154,b,4914,21969,Graviti,0.78
2045,a,9455,9219,felps,1.15
2045,a,9455,22564,noway,1.03
2045,a,9455,8565,HEN1,0.99
2045,a,9455,20183,decenty,0.83
2045,a,9455,12822,VINI,0.76
2045,b,4773,20085,kauez,1.32
2045,b,4773,20171,snow,1.29
2045,b,4773,18141,biguzera,1.22
2045,b,4773,20563,lux,0.91
2045,b,4773,19694,nqz,0.88
179,b,6667,11816,ropz,1.62
179,b,6667,18053,broky,1.45
179,b,6667,8183,rain,1.39
179,b,6667,9960,frozen,1.34
179,b,6667,429,karrigan,1.14
179,a,10567,20464,ewjerkz,1.35
179,a,10567,20462,story,0.66
179,a,10567,20465,arrozdoce,0.59
179,a,10567,630,MUTiRiS,0.57
179,a,10567,2241,roman,0.53
1868,b,4608,18987,b1t,1.77
1868,b,4608,19206,jL,1.44
1868,b,4608,14759,iM,1.1
1868,b,4608,9816,Aleksib,0.79
1868,b,4608,20127,w0nderful,0.55
1868,a,6665,16717,br0,1.37
1868,a,6665,10994,stavn,1.02
1868,a,6665,7592,device,0.93
1868,a,6665,20304,Staehr,0.75
1868,a,6665,17956,jabbi,0.59
2414,a,9565,18462,mezii,1.49
2414,a,9565,11893,ZywOo,0.99
2414,a,9565,18221,Spinx,0.97
2414,a,9565,16693,flameZ,0.96
2414,a,9565,7322,apEX,0.39
2414,b,5378,12732,FL1T,1.76
2414,b,5378,20101,fame,1.17
2414,b,5378,8918,electroNic,1.12
2414,b,5378,13776,Jame,0.99
2414,b,5378,16612,n0rb3r7,0.78
2554,a,7020,16920,sh1ro,1.99
2554,a,7020,20423,zont1x,1.89
2554,a,7020,18317,magixx,1.34
2554,a,7020,21167,donk,1.32
2554,a,7020,7716,chopper,0.91
2554,b,5995,3972,huNter-,0.86
2554,b,5995,161,TaZ,0.83
2554,b,5995,3741,NiKo,0.78
2554,b,5995,9618,nexa,0.58
2554,b,5995,10096,HooXi,0.4
176,a,10567,20464,ewjerkz,0.87
176,a,10567,20465,arrozdoce,0.71
176,a,10567,630,MUTiRiS,0.63
176,a,10567,2241,roman,0.61
176,a,10567,20462,story,0.47
176,b,6665,7592,device,1.8
176,b,6665,20304,Staehr,1.73
176,b,6665,10994,stavn,1.66
176,b,6665,16717,br0,1.32
176,b,6665,17956,jabbi,1.06
1878,a,6667,18053,broky,1.24
1878,a,6667,9960,frozen,0.98
1878,a,6667,11816,ropz,0.81
1878,a,6667,429,karrigan,0.72
1878,a,6667,8183,rain,0.63
1878,b,4608,20127,w0nderful,1.54
1878,b,4608,9816,Aleksib,1.39
1878,b,4608,14759,iM,1.15
1878,b,4608,19206,jL,1.05
1878,b,4608,18987,b1t,0.82
2599,a,9565,7322,apEX,1.49
2599,a,9565,11893,ZywOo,1.41
2599,a,9565,16693,flameZ,1.32
2599,a,9565,18462,mezii,1.26
2599,a,9565,18221,Spinx,1.01
2599,b,5995,3972,huNter-,1.08
2599,b,5995,19230,m0NESY,1.08
2599,b,5995,3741,NiKo,0.73
2599,b,5995,9618,nexa,0.71
2599,b,5995,10096,HooXi,0.46
2379,b,5378,13776,Jame,1.17
2379,b,5378,20101,fame,0.96
2379,b,5378,12732,FL1T,0.95
2379,b,5378,16612,n0rb3r7,0.94
2379,b,5378,8918,electroNic,0.91
2379,a,7020,21167,donk,1.34
2379,a,7020,18317,magixx,1.13
2379,a,7020,7716,chopper,1.13
2379,a,7020,16920,sh1ro,1.06
2379,a,7020,20423,zont1x,0.76
437,a,11861,20113,deko,1.52
437,a,11861,19882,Norwi,1.22
437,a,11861,19236,KENSI,1.13
437,a,11861,20709,r3salt,1.07
437,a,11861,13240,Lack1,1.03
437,b,11283,7398,dupreeh,1.26
437,b,11283,922,Snappi,1.15
437,b,11283,19164,SunPayus,0.92
437,b,11283,9032,Magisk,0.69
437,b,11283,11777,Maden,0.59
2155,a,4869,21815,podi,1.43
2155,a,4869,19114,Kylar,1.21
2155,a,4869,15428,Goofy,1.19
2155,a,4869,12731,sdy,1.18
2155,a,4869,7412,gla1ve,1.14
2155,b,9215,20987,brnz4n,1.1
2155,b,9215,21037,insani,0.89
2155,b,9215,11154,exit,0.89
2155,b,9215,19750,drop,0.84
2155,b,9215,18835,saffee,0.65
697,a,4914,13497,Lucky,1.86
697,a,4914,13138,Maka,1.2
697,a,4914,19739,Ex3rcice,1.16
697,a,4914,19738,Djoko,0.91
697,a,4914,21969,Graviti,0.73
697,b,11712,21199,MistR,1.3
697,b,11712,16731,IceBerg,1.14
697,b,11712,16723,Cabbi,0.92
697,b,11712,13170,kwezz,0.89
697,b,11712,13843,Lucky,0.79
856,b,6248,21809,910,1.1
856,b,6248,20903,Senzu,1.03
856,b,6248,20275,Techno,1.02
856,b,6248,21001,mzinho,1.01
856,b,6248,20194,bLitz,0.58
856,a,11861,20113,deko,2.01
856,a,11861,20709,r3salt,1.2
856,a,11861,19236,KENSI,1.02
856,a,11861,19882,Norwi,0.99
856,a,11861,13240,Lack1,0.86
2791,a,6667,9960,frozen,1.62
2791,a,6667,18053,broky,0.96
2791,a,6667,11816,ropz,0.69
2791,a,6667,8183,rain,0.62
2791,a,6667,429,karrigan,0.44
2791,b,9565,16693,flameZ,2.61
2791,b,9565,11893,ZywOo,1.72
2791,b,9565,18221,Spinx,1.07
2791,b,9565,7322,apEX,0.87
2791,b,9565,18462,mezii,0.86
2122,a,5005,12840,hallzerk,1.27
2122,a,5005,13578,Grim,1.09
2122,a,5005,8738,EliGE,1.05
2122,a,5005,11630,JT,0.69
2122,a,5005,12713,floppy,0.64
2122,b,4869,7412,gla1ve,1.62
2122,b,4869,15428,Goofy,1.38
2122,b,4869,12731,sdy,1.08
2122,b,4869,21815,podi,0.93
2122,b,4869,19114,Kylar,0.75
2367,a,6665,7592,device,1.06
2367,a,6665,17956,jabbi,0.95
2367,a,6665,16717,br0,0.8
2367,a,6665,20304,Staehr,0.8
2367,a,6665,10994,stavn,0.78
2367,b,5378,8918,electroNic,1.31
2367,b,5378,13776,Jame,1.21
2367,b,5378,20101,fame,1.17
2367,b,5378,12732,FL1T,1.05
2367,b,5378,16612,n0rb3r7,1.03
1656,a,4411,8371,alex,1.42
1656,a,4411,9278,REZ,1.34
1656,a,4411,20879,maxster,1.11
1656,a,4411,20425,r1nkle,1.11
1656,a,4411,17937,isak,0.98
1656,b,9996,22613,HUASOPEEK,1.2
1656,b,9996,21239,MartinezSa,1.14
1656,b,9996,14736,dgt,0.93
1656,b,9996,20607,buda,0.88
1656,b,9996,12092,max,0.71
1592,b,4773,18141,biguzera,1.19
1592,b,4773,19694,nqz,1.08
1592,b,4773,20563,lux,1.0
1592,b,4773,20171,snow,0.99
1592,b,4773,20085,kauez,0.94
1592,a,4411,20425,r1nkle,1.45
1592,a,4411,9278,REZ,1.25
1592,a,4411,17937,isak,0.91
1592,a,4411,20879,maxster,0.89
1592,a,4411,8371,alex,0.74
2338,a,5005,13578,Grim,1.37
2338,a,5005,12840,hallzerk,1.19
2338,a,5005,8738,EliGE,1.17
2338,a,5005,12713,floppy,1.08
2338,a,5005,11630,JT,0.77
2338,b,9215,21037,insani,1.3
2338,b,9215,18835,saffee,1.16
2338,b,9215,20987,brnz4n,0.81
2338,b,9215,19750,drop,0.71
2338,b,9215,11154,exit,0.67
522,b,6248,20903,Senzu,2.14
522,b,6248,20194,bLitz,0.78
522,b,6248,21809,910,0.75
522,b,6248,20275,Techno,0.69
522,b,6248,21001,mzinho,0.3
522,a,11283,11777,Maden,2.27
522,a,11283,19164,SunPayus,1.47
522,a,11283,9032,Magisk,1.13
522,a,11283,7398,dupreeh,0.99
522,a,11283,922,Snappi,0.55
2842,a,7020,16920,sh1ro,1.75
2842,a,7020,20423,zont1x,1.26
2842,a,7020,21167,donk,1.23
2842,a,7020,7716,chopper,0.83
2842,a,7020,18317,magixx,0.77
2842,b,9565,11893,ZywOo,1.17
2842,b,9565,16693,flameZ,1.14
2842,b,9565,18462,mezii,0.9
2842,b,9565,18221,Spinx,0.87
2842,b,9565,7322,apEX,0.86
2282,a,4991,21062,MATYS,1.41
2282,a,4991,15165,blameF,1.2
2282,a,4991,8374,bodyy,1.05
2282,a,4991,7528,KRIMZ,0.95
2282,a,4991,19926,afro,0.88
2282,b,9455,20183,decenty,1.43
2282,b,9455,9219,felps,1.01
2282,b,9455,8565,HEN1,0.99
2282,b,9455,22564,noway,0.91
2282,b,9455,12822,VINI,0.9
1833,b,4608,19206,jL,1.29
1833,b,4608,20127,w0nderful,1.13
1833,b,4608,18987,b1t,1.08
1833,b,4608,14759,iM,1.0
1833,b,4608,9816,Aleksib,0.87
1833,a,5378,13776,Jame,1.05
1833,a,5378,12732,FL1T,0.9
1833,a,5378,20101,fame,0.88
1833,a,5378,8918,electroNic,0.73
1833,a,5378,16612,n0rb3r7,0.59
2058,a,4773,18141,biguzera,1.31
2058,a,4773,20085,kauez,0.97
2058,a,4773,20171,snow,0.97
2058,a,4773,20563,lux,0.96
2058,a,4773,19694,nqz,0.78
2058,b,9996,22613,HUASOPEEK,1.48
2058,b,9996,20607,buda,1.26
2058,b,9996,12092,max,1.19
2058,b,9996,14736,dgt,1.09
2058,b,9996,21239,MartinezSa,0.86
846,b,11861,19882,Norwi,1.09
846,b,11861,19236,KENSI,0.84
846,b,11861,13240,Lack1,0.5
846,b,11861,20709,r3salt,0.48
846,b,11861,20113,deko,0.46
846,a,5005,8738,EliGE,2.87
846,a,5005,11630,JT,1.66
846,a,5005,12840,hallzerk,1.43
846,a,5005,13578,Grim,1.1
846,a,5005,12713,floppy,0.91
488,b,4869,21815,podi,1.05
488,b,4869,19114,Kylar,0.83
488,b,4869,7412,gla1ve,0.8
488,b,4869,15428,Goofy,0.77
488,b,4869,12731,sdy,0.49
488,a,11283,7398,dupreeh,1.73
488,a,11283,9032,Magisk,1.5
488,a,11283,11777,Maden,1.29
488,a,11283,19164,SunPayus,1.01
488,a,11283,922,Snappi,0.87
500,a,5005,8738,EliGE,2.04
500,a,5005,12713,floppy,1.5
500,a,5005,13578,Grim,0.87
500,a,5005,12840,hallzerk,0.83
500,a,5005,11630,JT,0.8
500,b,11283,19164,SunPayus,1.44
500,b,11283,7398,dupreeh,1.41
500,b,11283,9032,Magisk,0.8
500,b,11283,922,Snappi,0.54
500,b,11283,11777,Maden,0.5
1892,a,7020,20423,zont1x,1.74
1892,a,7020,21167,donk,1.44
1892,a,7020,18317,magixx,1.06
1892,a,7020,16920,sh1ro,1.06
1892,a,7020,7716,chopper,0.79
1892,b,4608,19206,jL,1.38
1892,b,4608,9816,Aleksib,0.78
1892,b,4608,14759,iM,0.76
1892,b,4608,18987,b1t,0.75
1892,b,4608,20127,w0nderful,0.72
1602,a,4411,20879,maxster,1.1
1602,a,4411,20425,r1nkle,0.91
1602,a,4411,9278,REZ,0.88
1602,a,4411,8371,alex,0.8
1602,a,4411,17937,isak,0.73
1602,b,4991,19926,afro,1.62
1602,b,4991,21062,MATYS,1.53
1602,b,4991,8374,bodyy,1.44
1602,b,4991,7528,KRIMZ,1.08
1602,b,4991,15165,blameF,0.61
2289,a,9996,21239,MartinezSa,2.16
2289,a,9996,14736,dgt,1.48
2289,a,9996,12092,max,1.13
2289,a,9996,20607,buda,1.04
2289,a,9996,22613,HUASOPEEK,0.86
2289,b,4991,15165,blameF,1.36
2289,b,4991,19926,afro,1.08
2289,b,4991,8374,bodyy,0.84
2289,b,4991,7528,KRIMZ,0.78
2289,b,4991,21062,MATYS,0.66
694,a,4494,18850,Jimpphat,1.49
694,a,4494,16820,siuhy,1.47
694,a,4494,13666,Brollan,1.22
694,a,4494,18072,torzsi,1.22
694,a,4494,20312,xertioN,1.2
694,b,11712,16723,Cabbi,1.21
694,b,11712,13843,Lucky,1.21
694,b,11712,13170,kwezz,0.97
694,b,11712,16731,IceBerg,0.79
694,b,11712,21199,MistR,0.41
2529,b,5995,3741,NiKo,1.28
2529,b,5995,19230,m0NESY,1.25
2529,b,5995,11617,malbsMd,1.13
2529,b,5995,3972,huNter-,1.07
2529,b,5995,2553,Snax,0.92
2529,a,6248,20194,bLitz,1.41
2529,a,6248,20275,Techno,1.14
2529,a,6248,20903,Senzu,1.03
2529,a,6248,21809,910,0.7
2529,a,6248,21001,mzinho,0.7
1438,b,6667,11816,ropz,1.75
1438,b,6667,9960,frozen,1.31
1438,b,6667,8183,rain,1.14
1438,b,6667,18053,broky,1.12
1438,b,6667,429,karrigan,0.48
1438,a,12774,11140,INS,1.34
1438,a,12774,17384,Vexite,1.1
1438,a,12774,10588,Liazz,0.91
1438,a,12774,11139,aliStair,0.82
1438,a,12774,9115,dexter,0.76
1092,b,9565,11893,ZywOo,1.69
1092,b,9565,18462,mezii,1.54
1092,b,9565,16693,flameZ,1.48
1092,b,9565,7322,apEX,1.27
1092,b,9565,18221,Spinx,1.06
1092,a,12376,16599,Swisher,1.1
1092,a,12376,20104,s1n,0.9
1092,a,12376,22921,Lake,0.68
1092,a,12376,15370,slaxz-,0.68
1092,a,12376,17378,reck,0.68
1913,b,4608,14759,iM,1.8
1913,b,4608,20127,w0nderful,1.42
1913,b,4608,18987,b1t,1.4
1913,b,4608,19206,jL,1.26
1913,b,4608,9816,Aleksib,1.26
1913,a,8297,15631,KSCERATO,1.46
1913,a,8297,12553,yuurih,0.88
1913,a,8297,18676,skullz,0.85
1913,a,8297,2023,FalleN,0.69
1913,a,8297,10566,chelo,0.46
2293,b,5378,8918,electroNic,2.14
2293,b,5378,12732,FL1T,1.5
2293,b,5378,13776,Jame,1.23
2293,b,5378,20101,fame,1.19
2293,b,5378,16612,n0rb3r7,1.09
2293,a,5005,13578,Grim,1.1
2293,a,5005,11630,JT,0.91
2293,a,5005,12840,hallzerk,0.64
2293,a,5005,8738,EliGE,0.49
2293,a,5005,12713,floppy,0.41
2837,a,7020,18317,magixx,1.93
2837,a,7020,16920,sh1ro,1.62
2837,a,7020,20423,zont1x,1.47
2837,a,7020,21167,donk,1.37
2837,a,7020,7716,chopper,1.15
2837,b,9215,21037,insani,0.91
2837,b,9215,18835,saffee,0.88
2837,b,9215,19750,drop,0.87
2837,b,9215,11154,exit,0.67
2837,b,9215,20987,brnz4n,0.6
30,a,10567,20464,ewjerkz,1.6
30,a,10567,20465,arrozdoce,1.29
30,a,10567,20462,story,1.14
30,a,10567,630,MUTiRiS,0.95
30,a,10567,2241,roman,0.7
30,b,10333,22361,jottAAA,1.32
30,b,10333,22047,yxngstxr,1.13
30,b,10333,20245,SaMey,0.98
30,b,10333,19310,LNZ,0.8
30,b,10333,19187,xfl0ud,0.76
1453,b,12774,11139,aliStair,0.95
1453,b,12774,11140,INS,0.9
1453,b,12774,17384,Vexite,0.74
1453,b,12774,9115,dexter,0.63
1453,b,12774,10588,Liazz,0.51
1453,a,8297,12553,yuurih,1.8
1453,a,8297,15631,KSCERATO,1.54
1453,a,8297,2023,FalleN,1.32
1453,a,8297,18676,skullz,1.28
1453,a,8297,10566,chelo,1.15
2659,b,6248,21001,mzinho,2.47
2659,b,6248,20903,Senzu,1.73
2659,b,6248,20275,Techno,1.62
2659,b,6248,20194,bLitz,1.04
2659,b,6248,21809,910,0.95
2659,a,9215,11154,exit,1.01
2659,a,9215,18835,saffee,0.67
2659,a,9215,19750,drop,0.55
2659,a,9215,20987,brnz4n,0.51
2659,a,9215,21037,insani,0.5
1053,b,12376,22921,Lake,1.44
1053,b,12376,17378,reck,1.09
1053,b,12376,20104,s1n,0.97
1053,b,12376,15370,slaxz-,0.96
1053,b,12376,16599,Swisher,0.95
1053,a,5005,13578,Grim,1.14
1053,a,5005,12713,floppy,1.04
1053,a,5005,8738,EliGE,1.02
1053,a,5005,11630,JT,1.02
1053,a,5005,12840,hallzerk,0.9
703,a,11712,13170,kwezz,1.04
703,a,11712,21199,MistR,0.9
703,a,11712,13843,Lucky,0.9
703,a,11712,16723,Cabbi,0.87
703,a,11712,16731,IceBerg,0.7
703,b,8297,15631,KSCERATO,1.44
703,b,8297,12553,yuurih,1.32
703,b,8297,18676,skullz,1.3
703,b,8297,10566,chelo,0.89
703,b,8297,2023,FalleN,0.84
1071,b,6248,20194,bLitz,1.66
1071,b,6248,20903,Senzu,1.27
1071,b,6248,21809,910,1.15
1071,b,6248,21001,mzinho,0.89
1071,b,6248,20275,Techno,0.78
1071,a,12376,17378,reck,1.42
1071,a,12376,20104,s1n,0.87
1071,a,12376,16599,Swisher,0.84
1071,a,12376,15370,slaxz-,0.77
1071,a,12376,22921,Lake,0.72
2642,b,8297,15631,KSCERATO,1.69
2642,b,8297,18676,skullz,1.2
2642,b,8297,2023,FalleN,1.08
2642,b,8297,12553,yuurih,1.08
2642,b,8297,10566,chelo,1.07
2642,a,6248,21001,mzinho,0.97
2642,a,6248,20194,bLitz,0.97
2642,a,6248,20903,Senzu,0.87
2642,a,6248,21809,910,0.86
2642,a,6248,20275,Techno,0.74
2558,a,7020,16920,sh1ro,1.17
2558,a,7020,7716,chopper,0.73
2558,a,7020,18317,magixx,0.71
2558,a,7020,20423,zont1x,0.57
2558,a,7020,21167,donk,0.47
2558,b,5995,11617,malbsMd,1.47
2558,b,5995,2553,Snax,1.46
2558,b,5995,3741,NiKo,1.34
2558,b,5995,3972,huNter-,1.33
2558,b,5995,19230,m0NESY,1.13
2415,a,9565,11893,ZywOo,1.09
2415,a,9565,16693,flameZ,0.9
2415,a,9565,18221,Spinx,0.77
2415,a,9565,7322,apEX,0.6
2415,a,9565,18462,mezii,0.59
2415,b,5378,12732,FL1T,1.51
2415,b,5378,20101,fame,1.33
2415,b,5378,13776,Jame,1.27
2415,b,5378,16612,n0rb3r7,1.22
2415,b,5378,8918,electroNic,1.01
1772,a,4494,18850,Jimpphat,1.57
1772,a,4494,13666,Brollan,1.4
1772,a,4494,16820,siuhy,1.15
1772,a,4494,20312,xertioN,1.07
1772,a,4494,18072,torzsi,1.01
1772,b,8297,18676,skullz,0.94
1772,b,8297,15631,KSCERATO,0.91
1772,b,8297,2023,FalleN,0.85
1772,b,8297,10566,chelo,0.74
1772,b,8297,12553,yuurih,0.69
1881,a,4608,18987,b1t,1.81
1881,a,4608,20127,w0nderful,1.34
1881,a,4608,19206,jL,1.17
1881,a,4608,14759,iM,0.98
1881,a,4608,9816,Aleksib,0.62
1881,b,6667,8183,rain,1.49
1881,b,6667,9960,frozen,0.93
1881,b,6667,18053,broky,0.92
1881,b,6667,11816,ropz,0.67
1881,b,6667,429,karrigan,0.67
37,b,10333,22361,jottAAA,1.62
37,b,10333,19187,xfl0ud,1.09
37,b,10333,22047,yxngstxr,0.93
37,b,10333,19310,LNZ,0.8
37,b,10333,20245,SaMey,0.77
37,a,4991,7528,KRIMZ,1.33
37,a,4991,15165,blameF,1.27
37,a,4991,19926,afro,1.06
37,a,4991,21062,MATYS,0.98
37,a,4991,8374,bodyy,0.75
2357,b,5995,3741,NiKo,1.61
2357,b,5995,19230,m0NESY,1.57
2357,b,5995,2553,Snax,1.35
2357,b,5995,11617,malbsMd,1.1
2357,b,5995,3972,huNter-,0.53
2357,a,5378,13776,Jame,1.35
2357,a,5378,8918,electroNic,1.0
2357,a,5378,16612,n0rb3r7,0.71
2357,a,5378,12732,FL1T,0.64
2357,a,5378,20101,fame,0.57
1660,b,4494,18850,Jimpphat,1.36
1660,b,4494,18072,torzsi,0.82
1660,b,4494,20312,xertioN,0.78
1660,b,4494,13666,Brollan,0.73
1660,b,4494,16820,siuhy,0.71
1660,a,4608,20127,w0nderful,2.12
1660,a,4608,14759,iM,1.53
1660,a,4608,19206,jL,1.24
1660,a,4608,9816,Aleksib,0.93
1660,a,4608,18987,b1t,0.84
2043,a,9455,22564,noway,1.45
2043,a,9455,12822,VINI,1.29
2043,a,9455,20183,decenty,1.0
2043,a,9455,19869,try,0.77
2043,a,9455,9219,felps,0.71
2043,b,4773,19694,nqz,1.41
2043,b,4773,20085,kauez,1.38
2043,b,4773,20563,lux,1.01
2043,b,4773,20171,snow,0.95
2043,b,4773,18141,biguzera,0.92
1849,a,5995,11617,malbsMd,1.19
1849,a,5995,3741,NiKo,1.08
1849,a,5995,2553,Snax,0.7
1849,a,5995,19230,m0NESY,0.66
1849,a,5995,3972,huNter-,0.52
1849,b,4608,18987,b1t,1.73
1849,b,4608,14759,iM,1.5
1849,b,4608,9816,Aleksib,1.32
1849,b,4608,19206,jL,1.17
1849,b,4608,20127,w0nderful,0.84
2131,a,6248,20903,Senzu,2.53
2131,a,6248,21809,910,1.14
2131,a,6248,20194,bLitz,1.13
2131,a,6248,21001,mzinho,1.04
2131,a,6248,20275,Techno,0.98
2131,b,4869,12731,sdy,1.09
2131,b,4869,21815,podi,0.93
2131,b,4869,19114,Kylar,0.83
2131,b,4869,7412,gla1ve,0.69
2131,b,4869,15428,Goofy,0.68
839,a,11861,19882,Norwi,1.62
839,a,11861,20113,deko,0.98
839,a,11861,19236,KENSI,0.96
839,a,11861,20709,r3salt,0.86
839,a,11861,13240,Lack1,0.79
839,b,4869,21815,podi,1.45
839,b,4869,12731,sdy,1.29
839,b,4869,19114,Kylar,1.12
839,b,4869,7412,gla1ve,0.86
839,b,4869,15428,Goofy,0.68
858,a,6248,20194,bLitz,1.98
858,a,6248,20275,Techno,1.37
858,a,6248,21809,910,1.33
858,a,6248,20903,Senzu,1.15
858,a,6248,21001,mzinho,1.07
858,b,11861,19882,Norwi,0.8
858,b,11861,13240,Lack1,0.78
858,b,11861,20709,r3salt,0.77
858,b,11861,20113,deko,0.67
858,b,11861,19236,KENSI,0.55
374,a,11251,8574,woxic,1.37
374,a,11251,21243,Wicadia,1.13
374,a,11251,7938,XANTARES,1.11
374,a,11251,8575,Calyx,1.0
374,a,11251,150,MAJ3R,0.85
374,b,4914,19739,Ex3rcice,1.24
374,b,4914,13138,Maka,1.16
374,b,4914,19738,Djoko,1.06
374,b,4914,21969,Graviti,0.93
374,b,4914,13497,Lucky,0.86
2115,b,4914,13138,Maka,1.39
2115,b,4914,19739,Ex3rcice,1.11
2115,b,4914,13497,Lucky,1.0
2115,b,4914,19738,Djoko,0.98
2115,b,4914,21969,Graviti,0.91
2115,a,4869,19114,Kylar,1.21
2115,a,4869,15428,Goofy,1.07
2115,a,4869,7412,gla1ve,0.99
2115,a,4869,12731,sdy,0.98
2115,a,4869,21815,podi,0.79
396,b,11251,8574,woxic,1.38
396,b,11251,7938,XANTARES,1.2
396,b,11251,8575,Calyx,0.94
396,b,11251,21243,Wicadia,0.55
396,b,11251,150,MAJ3R,0.52
396,a,6248,20903,Senzu,1.85
396,a,6248,20194,bLitz,1.56
396,a,6248,21809,910,1.52
396,a,6248,21001,mzinho,1.2
396,a,6248,20275,Techno,0.89
842,a,11861,13240,Lack1,1.17
842,a,11861,20113,deko,1.15
842,a,11861,20709,r3salt,1.06
842,a,11861,19882,Norwi,0.96
842,a,11861,19236,KENSI,0.64
842,b,4914,13138,Maka,1.9
842,b,4914,19738,Djoko,1.35
842,b,4914,21969,Graviti,0.97
842,b,4914,19739,Ex3rcice,0.97
842,b,4914,13497,Lucky,0.91
160,b,4991,19926,afro,2.01
160,b,4991,7528,KRIMZ,1.59
160,b,4991,15165,blameF,1.35
160,b,4991,8374,bodyy,0.89
160,b,4991,21062,MATYS,0.82
160,a,10567,20464,ewjerkz,1.42
160,a,10567,20465,arrozdoce,1.03
160,a,10567,630,MUTiRiS,0.95
160,a,10567,20462,story,0.67
160,a,10567,2241,roman,0.36
2195,b,6248,20275,Techno,0.92
2195,b,6248,21001,mzinho,0.83
2195,b,6248,21809,910,0.66
2195,b,6248,20903,Senzu,0.64
2195,b,6248,20194,bLitz,0.36
2195,a,4914,13497,Lucky,1.58
2195,a,4914,19738,Djoko,1.49
2195,a,4914,13138,Maka,1.37
2195,a,4914,19739,Ex3rcice,1.3
2195,a,4914,21969,Graviti,1.22
36,b,10333,19187,xfl0ud,1.74
36,b,10333,22361,jottAAA,1.59
36,b,10333,22047,yxngstxr,1.41
36,b,10333,19310,LNZ,1.36
36,b,10333,20245,SaMey,1.01
36,a,4991,19926,afro,1.34
36,a,4991,21062,MATYS,1.08
36,a,4991,7528,KRIMZ,0.75
36,a,4991,15165,blameF,0.7
36,a,4991,8374,bodyy,0.36
2986,b,9455,20183,decenty,1.68
2986,b,9455,19869,try,1.24
2986,b,9455,22564,noway,1.12
2986,b,9455,12822,VINI,1.08
2986,b,9455,9219,felps,0.84
2986,a,9215,20987,brnz4n,1.29
2986,a,9215,18835,saffee,1.01
2986,a,9215,11154,exit,0.99
2986,a,9215,19750,drop,0.8
2986,a,9215,21037,insani,0.72
2048,b,9455,19869,try,1.2
2048,b,9455,9219,felps,1.19
2048,b,9455,20183,decenty,1.18
2048,b,9455,22564,noway,1.07
2048,b,9455,12822,VINI,0.69
2048,a,4773,20171,snow,1.25
2048,a,4773,18141,biguzera,1.21
2048,a,4773,20563,lux,1.12
2048,a,4773,20085,kauez,1.1
2048,a,4773,19694,nqz,0.86
2326,b,5005,12840,hallzerk,1.58
2326,b,5005,13578,Grim,1.05
2326,b,5005,12713,floppy,0.88
2326,b,5005,8738,EliGE,0.83
2326,b,5005,11630,JT,0.77
2326,a,7175,12018,TeSeS,1.42
2326,a,7175,9436,NertZ,1.37
2326,a,7175,14148,sjuush,1.12
2326,a,7175,7821,sAw,0.88
2326,a,7175,19677,kyxsan,0.88
3012,a,9565,11893,ZywOo,2.14
3012,a,9565,18221,Spinx,1.93
3012,a,9565,16693,flameZ,1.48
3012,a,9565,18462,mezii,0.98
3012,a,9565,7322,apEX,0.73
3012,b,9928,20994,FL4MUS,1.37
3012,b,9928,16486,ztr,0.71
3012,b,9928,20358,volt,0.68
3012,b,9928,20870,sl3nd,0.43
3012,b,9928,20926,aNdu,0.41
528,b,6665,17956,jabbi,1.48
528,b,6665,20304,Staehr,1.23
528,b,6665,7592,device,1.19
528,b,6665,10994,stavn,1.0
528,b,6665,16717,br0,0.87
528,a,11283,11777,Maden,1.1
528,a,11283,9032,Magisk,1.08
528,a,11283,922,Snappi,1.0
528,a,11283,19164,SunPayus,0.89
528,a,11283,7398,dupreeh,0.75
2987,a,9215,20987,brnz4n,0.94
2987,a,9215,18835,saffee,0.76
2987,a,9215,21037,insani,0.74
2987,a,9215,11154,exit,0.71
2987,a,9215,19750,drop,0.68
2987,b,9455,9219,felps,1.76
2987,b,9455,19869,try,1.74
2987,b,9455,20183,decenty,1.14
2987,b,9455,22564,noway,1.09
2987,b,9455,12822,VINI,1.06
2049,a,4773,20171,snow,1.7
2049,a,4773,19694,nqz,1.39
2049,a,4773,18141,biguzera,1.24
2049,a,4773,20085,kauez,0.98
2049,a,4773,20563,lux,0.87
2049,b,9455,12822,VINI,0.97
2049,b,9455,19869,try,0.95
2049,b,9455,20183,decenty,0.87
2049,b,9455,9219,felps,0.8
2049,b,9455,22564,noway,0.72
2813,a,7020,20423,zont1x,1.71
2813,a,7020,18317,magixx,1.46
2813,a,7020,21167,donk,1.31
2813,a,7020,16920,sh1ro,1.21
2813,a,7020,7716,chopper,0.9
2813,b,7175,9436,NertZ,1.02
2813,b,7175,12018,TeSeS,1.0
2813,b,7175,19677,kyxsan,0.97
2813,b,7175,7821,sAw,0.59
2813,b,7175,14148,sjuush,0.57
2739,b,9565,7322,apEX,1.45
2739,b,9565,16693,flameZ,1.29
2739,b,9565,18462,mezii,1.15
2739,b,9565,18221,Spinx,1.07
2739,b,9565,11893,ZywOo,0.79
2739,a,6665,16717,br0,1.43
2739,a,6665,7592,device,1.34
2739,a,6665,10994,stavn,1.06
2739,a,6665,17956,jabbi,0.82
2739,a,6665,20304,Staehr,0.45
585,a,9928,20358,volt,1.16
585,a,9928,20870,sl3nd,1.04
585,a,9928,20926,aNdu,0.82
585,a,9928,20994,FL4MUS,0.38
585,a,9928,16486,ztr,0.32
585,b,11283,11777,Maden,2.19
585,b,11283,19164,SunPayus,2.0
585,b,11283,9032,Magisk,1.22
585,b,11283,7398,dupreeh,1.16
585,b,11283,922,Snappi,0.88
1614,b,5995,19230,m0NESY,1.87
1614,b,5995,3741,NiKo,1.54
1614,b,5995,3972,huNter-,1.3
1614,b,5995,11617,malbsMd,1.03
1614,b,5995,2553,Snax,0.6
1614,a,4411,20425,r1nkle,1.03
1614,a,4411,8371,alex,0.95
1614,a,4411,17937,isak,0.87
1614,a,4411,20879,maxster,0.85
1614,a,4411,9278,REZ,0.59
1908,b,4608,19206,jL,2.48
1908,b,4608,14759,iM,2.03
1908,b,4608,20127,w0nderful,1.04
1908,b,4608,9816,Aleksib,1.02
1908,b,4608,18987,b1t,0.91
1908,a,7532,14929,JDC,1.21
1908,a,7532,19899,Krimbo,0.88
1908,a,7532,7266,syrsoN,0.73
1908,a,7532,5794,tabseN,0.72
1908,a,7532,12708,rigoN,0.68
2352,b,5378,13776,Jame,1.15
2352,b,5378,20101,fame,1.13
2352,b,5378,12732,FL1T,1.05
2352,b,5378,8918,electroNic,0.71
2352,b,5378,16612,n0rb3r7,0.44
2352,a,5973,8520,NAF,2.0
2352,a,5973,10394,Twistzz,1.98
2352,a,5973,4679,jks,0.95
2352,a,5973,21763,ultimate,0.84
2352,a,5973,13915,YEKINDAR,0.82
2547,b,6667,9960,frozen,1.46
2547,b,6667,18053,broky,0.97
2547,b,6667,8183,rain,0.7
2547,b,6667,11816,ropz,0.69
2547,b,6667,429,karrigan,0.48
2547,a,5995,3741,NiKo,1.68
2547,a,5995,3972,huNter-,1.35
2547,a,5995,19230,m0NESY,1.32
2547,a,5995,2553,Snax,1.03
2547,a,5995,11617,malbsMd,0.91
1838,b,4608,18987,b1t,1.32
1838,b,4608,14759,iM,1.05
1838,b,4608,19206,jL,0.97
1838,b,4608,20127,w0nderful,0.84
1838,b,4608,9816,Aleksib,0.82
1838,a,5973,10394,Twistzz,1.44
1838,a,5973,8520,NAF,1.37
1838,a,5973,21763,ultimate,1.08
1838,a,5973,13915,YEKINDAR,0.9
1838,a,5973,4679,jks,0.69
2396,a,7532,14929,JDC,1.65
2396,a,7532,19899,Krimbo,1.55
2396,a,7532,5794,tabseN,1.26
2396,a,7532,7266,syrsoN,1.05
2396,a,7532,12708,rigoN,0.78
2396,b,5378,12732,FL1T,1.0
2396,b,5378,13776,Jame,0.96
2396,b,5378,20101,fame,0.92
2396,b,5378,16612,n0rb3r7,0.56
2396,b,5378,8918,electroNic,0.49
2327,b,7175,12018,TeSeS,1.27
2327,b,7175,19677,kyxsan,1.08
2327,b,7175,14148,sjuush,0.85
2327,b,7175,9436,NertZ,0.84
2327,b,7175,7821,sAw,0.51
2327,a,5005,8738,EliGE,1.54
2327,a,5005,12840,hallzerk,1.48
2327,a,5005,12713,floppy,1.15
2327,a,5005,13578,Grim,1.13
2327,a,5005,11630,JT,0.74
529,a,6665,20304,Staehr,1.45
529,a,6665,17956,jabbi,1.3
529,a,6665,7592,device,1.18
529,a,6665,10994,stavn,1.12
529,a,6665,16717,br0,0.72
529,b,11283,9032,Magisk,1.77
529,b,11283,7398,dupreeh,1.25
529,b,11283,19164,SunPayus,0.86
529,b,11283,11777,Maden,0.76
529,b,11283,922,Snappi,0.62
1629,b,6667,9960,frozen,1.66
1629,b,6667,11816,ropz,1.16
1629,b,6667,8183,rain,0.99
1629,b,6667,18053,broky,0.88
1629,b,6667,429,karrigan,0.78
1629,a,4411,20879,maxster,1.22
1629,a,4411,9278,REZ,1.15
1629,a,4411,20425,r1nkle,1.1
1629,a,4411,17937,isak,1.04
1629,a,4411,8371,alex,0.84
1909,a,4608,14759,iM,1.87
1909,a,4608,20127,w0nderful,1.73
1909,a,4608,19206,jL,1.62
1909,a,4608,18987,b1t,1.4
1909,a,4608,9816,Aleksib,1.02
1909,b,7532,12708,rigoN,1.76
1909,b,7532,5794,tabseN,0.62
1909,b,7532,14929,JDC,0.57
1909,b,7532,19899,Krimbo,0.49
1909,b,7532,7266,syrsoN,0.29
2033,b,9215,19750,drop,1.05
2033,b,9215,20987,brnz4n,0.98
2033,b,9215,18835,saffee,0.61
2033,b,9215,21037,insani,0.5
2033,b,9215,11154,exit,0.21
2033,a,4773,19694,nqz,2.22
2033,a,4773,20171,snow,1.94
2033,a,4773,20085,kauez,1.76
2033,a,4773,20563,lux,1.69
2033,a,4773,18141,biguzera,1.24
2323,b,7020,7716,chopper,1.5
2323,b,7020,16920,sh1ro,1.21
2323,b,7020,21167,donk,1.07
2323,b,7020,20423,zont1x,0.86
2323,b,7020,18317,magixx,0.7
2323,a,5005,12840,hallzerk,1.37
2323,a,5005,12713,floppy,1.22
2323,a,5005,13578,Grim,1.19
2323,a,5005,11630,JT,0.96
2323,a,5005,8738,EliGE,0.64
2740,b,9565,11893,ZywOo,1.95
2740,b,9565,18462,mezii,1.46
2740,b,9565,18221,Spinx,1.28
2740,b,9565,16693,flameZ,1.05
2740,b,9565,7322,apEX,0.7
2740,a,6665,10994,stavn,0.97
2740,a,6665,20304,Staehr,0.88
2740,a,6665,7592,device,0.85
2740,a,6665,16717,br0,0.81
2740,a,6665,17956,jabbi,0.74
1615,b,5995,11617,malbsMd,1.46
1615,b,5995,3741,NiKo,1.16
1615,b,5995,3972,huNter-,1.14
1615,b,5995,19230,m0NESY,1.09
1615,b,5995,2553,Snax,1.04
1615,a,4411,8371,alex,1.04
1615,a,4411,9278,REZ,0.99
1615,a,4411,20879,maxster,0.99
1615,a,4411,20425,r1nkle,0.75
1615,a,4411,17937,isak,0.5
1839,b,5973,21763,ultimate,1.61
1839,b,5973,13915,YEKINDAR,1.2
1839,b,5973,10394,Twistzz,1.19
1839,b,5973,8520,NAF,1.09
1839,b,5973,4679,jks,0.75
1839,a,4608,20127,w0nderful,1.45
1839,a,4608,18987,b1t,1.29
1839,a,4608,19206,jL,0.92
1839,a,4608,14759,iM,0.74
1839,a,4608,9816,Aleksib,0.49
2169,b,4991,8374,bodyy,1.08
2169,b,4991,15165,blameF,1.0
2169,b,4991,21062,MATYS,0.81
2169,b,4991,19926,afro,0.71
2169,b,4991,7528,KRIMZ,0.41
2169,a,4914,19738,Djoko,1.44
2169,a,4914,19739,Ex3rcice,1.38
2169,a,4914,13138,Maka,1.36
2169,a,4914,13497,Lucky,1.11
2169,a,4914,21969,Graviti,0.64
1622,b,6665,20304,Staehr,1.85
1622,b,6665,16717,br0,1.36
1622,b,6665,7592,device,1.24
1622,b,6665,17956,jabbi,0.99
1622,b,6665,10994,stavn,0.78
1622,a,4411,17937,isak,1.12
1622,a,4411,20425,r1nkle,0.9
1622,a,4411,9278,REZ,0.9
1622,a,4411,20879,maxster,0.81
1622,a,4411,8371,alex,0.74
1829,a,5005,12713,floppy,1.06
1829,a,5005,13578,Grim,0.91
1829,a,5005,8738,EliGE,0.78
1829,a,5005,11630,JT,0.68
1829,a,5005,12840,hallzerk,0.6
1829,b,4608,20127,w0nderful,1.71
1829,b,4608,18987,b1t,1.52
1829,b,4608,14759,iM,1.27
1829,b,4608,9816,Aleksib,0.97
1829,b,4608,19206,jL,0.81
175,a,6248,20194,bLitz,0.85
175,a,6248,20903,Senzu,0.85
175,a,6248,21809,910,0.83
175,a,6248,21001,mzinho,0.81
175,a,6248,20275,Techno,0.49
175,b,10567,20464,ewjerkz,2.01
175,b,10567,20465,arrozdoce,1.89
175,b,10567,2241,roman,1.72
175,b,10567,20462,story,0.77
175,b,10567,630,MUTiRiS,0.65
1449,a,12774,11139,aliStair,1.41
1449,a,12774,11140,INS,1.23
1449,a,12774,9115,dexter,1.09
1449,a,12774,10588,Liazz,0.88
1449,a,12774,17384,Vexite,0.7
1449,b,7532,19899,Krimbo,1.79
1449,b,7532,7266,syrsoN,1.31
1449,b,7532,5794,tabseN,0.86
1449,b,7532,14929,JDC,0.84
1449,b,7532,12708,rigoN,0.74
2259,a,4914,19738,Djoko,1.06
2259,a,4914,21969,Graviti,1.05
2259,a,4914,13138,Maka,0.64
2259,a,4914,13497,Lucky,0.61
2259,a,4914,19739,Ex3rcice,0.52
2259,b,9996,12092,max,2.36
2259,b,9996,20607,buda,1.34
2259,b,9996,14736,dgt,1.29
2259,b,9996,21239,MartinezSa,1.03
2259,b,9996,22613,HUASOPEEK,0.99
2885,b,7175,9436,NertZ,1.2
2885,b,7175,12018,TeSeS,0.75
2885,b,7175,19677,kyxsan,0.66
2885,b,7175,14148,sjuush,0.6
2885,b,7175,16885,Woro2k,0.52
2885,a,9215,18835,saffee,1.57
2885,a,9215,21037,insani,1.44
2885,a,9215,20987,brnz4n,1.34
2885,a,9215,19750,drop,1.33
2885,a,9215,11154,exit,0.97
337,b,11251,8575,Calyx,1.21
337,b,11251,7938,XANTARES,1.18
337,b,11251,8574,woxic,1.13
337,b,11251,21243,Wicadia,0.99
337,b,11251,150,MAJ3R,0.77
337,a,11283,9032,Magisk,1.23
337,a,11283,7398,dupreeh,1.02
337,a,11283,11777,Maden,0.98
337,a,11283,19164,SunPayus,0.93
337,a,11283,922,Snappi,0.79
2956,b,8297,15631,KSCERATO,2.29
2956,b,8297,12553,yuurih,1.83
2956,b,8297,18676,skullz,1.72
2956,b,8297,2023,FalleN,1.63
2956,b,8297,10566,chelo,1.37
2956,a,9455,22564,noway,0.99
2956,a,9455,20183,decenty,0.85
2956,a,9455,12822,VINI,0.49
2956,a,9455,9219,felps,0.28
2956,a,9455,19869,try,0.22
1962,a,4773,18141,biguzera,1.26
1962,a,4773,19694,nqz,1.15
1962,a,4773,20171,snow,0.86
1962,a,4773,20085,kauez,0.77
1962,a,4773,20563,lux,0.69
1962,b,5973,21763,ultimate,1.34
1962,b,5973,10394,Twistzz,1.21
1962,b,5973,13915,YEKINDAR,1.07
1962,b,5973,4679,jks,1.06
1962,b,5973,8520,NAF,0.99
186,a,10567,20464,ewjerkz,1.68
186,a,10567,20465,arrozdoce,1.14
186,a,10567,2241,roman,0.83
186,a,10567,630,MUTiRiS,0.8
186,a,10567,20462,story,0.7
186,b,7532,14929,JDC,1.26
186,b,7532,7266,syrsoN,1.12
186,b,7532,12708,rigoN,1.05
186,b,7532,5794,tabseN,0.94
186,b,7532,19899,Krimbo,0.6
1433,b,6248,20275,Techno,1.61
1433,b,6248,20903,Senzu,1.57
1433,b,6248,21809,910,1.5
1433,b,6248,20194,bLitz,1.47
1433,b,6248,21001,mzinho,1.24
1433,a,12774,11139,aliStair,1.05
1433,a,12774,11140,INS,0.72
1433,a,12774,10588,Liazz,0.7
1433,a,12774,17384,Vexite,0.6
1433,a,12774,9115,dexter,0.38
2503,b,8297,12553,yuurih,1.23
2503,b,8297,15631,KSCERATO,1.09
2503,b,8297,10566,chelo,0.95
2503,b,8297,18676,skullz,0.78
2503,b,8297,2023,FalleN,0.69
2503,a,5973,4679,jks,1.46
2503,a,5973,10394,Twistzz,1.3
2503,a,5973,13915,YEKINDAR,1.13
2503,a,5973,8520,NAF,1.11
2503,a,5973,21763,ultimate,1.01
2219,a,4914,19738,Djoko,1.56
2219,a,4914,13497,Lucky,1.17
2219,a,4914,13138,Maka,0.92
2219,a,4914,21969,Graviti,0.55
2219,a,4914,19739,Ex3rcice,0.35
2219,b,7175,9436,NertZ,1.82
2219,b,7175,12018,TeSeS,1.58
2219,b,7175,17306,degster,1.33
2219,b,7175,14148,sjuush,1.16
2219,b,7175,19677,kyxsan,0.85
381,b,5005,13578,Grim,1.44
381,b,5005,11630,JT,1.21
381,b,5005,8738,EliGE,1.21
381,b,5005,12840,hallzerk,1.0
381,b,5005,12713,floppy,0.86
381,a,11251,8574,woxic,1.44
381,a,11251,150,MAJ3R,1.09
381,a,11251,8575,Calyx,0.92
381,a,11251,21243,Wicadia,0.9
381,a,11251,7938,XANTARES,0.89
2036,b,9455,22564,noway,1.51
2036,b,9455,20183,decenty,1.31
2036,b,9455,19869,try,0.89
2036,b,9455,9219,felps,0.54
2036,b,9455,12822,VINI,0.51
2036,a,4773,20563,lux,1.75
2036,a,4773,20085,kauez,1.22
2036,a,4773,19694,nqz,1.12
2036,a,4773,20171,snow,1.06
2036,a,4773,18141,biguzera,1.01
3001,b,9996,22613,HUASOPEEK,1.74
3001,b,9996,21239,MartinezSa,1.68
3001,b,9996,12092,max,1.51
3001,b,9996,14736,dgt,1.38
3001,b,9996,20607,buda,1.2
3001,a,9215,11154,exit,1.43
3001,a,9215,18835,saffee,0.85
3001,a,9215,20987,brnz4n,0.52
3001,a,9215,19750,drop,0.46
3001,a,9215,21037,insani,0.46
2878,b,8297,15631,KSCERATO,1.37
2878,b,8297,18676,skullz,1.2
2878,b,8297,12553,yuurih,1.09
2878,b,8297,2023,FalleN,1.07
2878,b,8297,10566,chelo,1.02
2878,a,7175,19677,kyxsan,1.02
2878,a,7175,14148,sjuush,0.88
2878,a,7175,9436,NertZ,0.86
2878,a,7175,17306,degster,0.81
2878,a,7175,12018,TeSeS,0.77
559,b,7532,5794,tabseN,1.45
559,b,7532,12708,rigoN,0.91
559,b,7532,19899,Krimbo,0.9
559,b,7532,7266,syrsoN,0.84
559,b,7532,14929,JDC,0.8
559,a,11283,19164,SunPayus,2.09
559,a,11283,7398,dupreeh,0.98
559,a,11283,11777,Maden,0.92
559,a,11283,9032,Magisk,0.75
559,a,11283,922,Snappi,0.71
395,b,6248,20275,Techno,1.38
395,b,6248,20903,Senzu,1.26
395,b,6248,21809,910,1.1
395,b,6248,21001,mzinho,0.85
395,b,6248,20194,bLitz,0.78
395,a,11251,7938,XANTARES,1.47
395,a,11251,8575,Calyx,1.11
395,a,11251,8574,woxic,0.95
395,a,11251,21243,Wicadia,0.75
395,a,11251,150,MAJ3R,0.68
2023,b,9215,11154,exit,0.94
2023,b,9215,20987,brnz4n,0.81
2023,b,9215,18835,saffee,0.76
2023,b,9215,19750,drop,0.62
2023,b,9215,21037,insani,0.43
2023,a,4773,18141,biguzera,1.9
2023,a,4773,20171,snow,1.84
2023,a,4773,20563,lux,1.81
2023,a,4773,19694,nqz,0.97
2023,a,4773,20085,kauez,0.91
2473,b,6667,11816,ropz,1.34
2473,b,6667,8183,rain,1.15
2473,b,6667,9960,frozen,1.06
2473,b,6667,18053,broky,0.84
2473,b,6667,429,karrigan,0.75
2473,a,5973,4679,jks,1.47
2473,a,5973,21763,ultimate,1.16
2473,a,5973,10394,Twistzz,1.05
2473,a,5973,8520,NAF,0.96
2473,a,5973,13915,YEKINDAR,0.8
2291,b,5378,13776,Jame,1.29
2291,b,5378,20101,fame,0.96
2291,b,5378,12732,FL1T,0.7
2291,b,5378,16612,n0rb3r7,0.69
2291,b,5378,8918,electroNic,0.47
2291,a,5005,8738,EliGE,1.63
2291,a,5005,12840,hallzerk,1.54
2291,a,5005,12713,floppy,1.29
2291,a,5005,13578,Grim,1.05
2291,a,5005,11630,JT,1.03
172,b,5995,3972,huNter-,1.29
172,b,5995,3741,NiKo,1.03
172,b,5995,2553,Snax,0.97
172,b,5995,11617,malbsMd,0.88
172,b,5995,19230,m0NESY,0.78
172,a,10567,20465,arrozdoce,1.45
172,a,10567,20464,ewjerkz,1.39
172,a,10567,630,MUTiRiS,1.0
172,a,10567,20462,story,1.0
172,a,10567,2241,roman,0.81
2753,b,6665,20304,Staehr,2.18
2753,b,6665,16717,br0,1.42
2753,b,6665,7592,device,1.27
2753,b,6665,17956,jabbi,1.07
2753,b,6665,10994,stavn,0.91
2753,a,9996,21239,MartinezSa,1.13
2753,a,9996,22613,HUASOPEEK,0.87
2753,a,9996,12092,max,0.74
2753,a,9996,20607,buda,0.61
2753,a,9996,14736,dgt,0.52
2626,b,7020,18317,magixx,0.81
2626,b,7020,20423,zont1x,0.79
2626,b,7020,21167,donk,0.69
2626,b,7020,16920,sh1ro,0.62
2626,b,7020,7716,chopper,0.61
2626,a,6248,20194,bLitz,1.49
2626,a,6248,21001,mzinho,1.38
2626,a,6248,21809,910,1.31
2626,a,6248,20903,Senzu,1.19
2626,a,6248,20275,Techno,1.01
1813,b,4608,18987,b1t,1.63
1813,b,4608,9816,Aleksib,1.59
1813,b,4608,20127,w0nderful,1.42
1813,b,4608,19206,jL,1.35
1813,b,4608,14759,iM,1.07
1813,a,4773,20563,lux,0.97
1813,a,4773,20171,snow,0.85
1813,a,4773,18141,biguzera,0.84
1813,a,4773,20085,kauez,0.59
1813,a,4773,19694,nqz,0.46
2959,b,9565,18221,Spinx,2.05
2959,b,9565,11893,ZywOo,1.69
2959,b,9565,7322,apEX,1.54
2959,b,9565,18462,mezii,1.36
2959,b,9565,16693,flameZ,0.96
2959,a,8297,2023,FalleN,0.89
2959,a,8297,18676,skullz,0.78
2959,a,8297,15631,KSCERATO,0.77
2959,a,8297,12553,yuurih,0.48
2959,a,8297,10566,chelo,0.4
460,b,4494,18072,torzsi,1.66
460,b,4494,20312,xertioN,1.39
460,b,4494,18850,Jimpphat,1.11
460,b,4494,13666,Brollan,0.99
460,b,4494,16820,siuhy,0.86
460,a,11283,9032,Magisk,1.29
460,a,11283,922,Snappi,0.97
460,a,11283,7398,dupreeh,0.8
460,a,11283,19164,SunPayus,0.79
460,a,11283,11777,Maden,0.67
174,b,10567,20464,ewjerkz,1.61
174,b,10567,20465,arrozdoce,1.47
174,b,10567,2241,roman,0.95
174,b,10567,20462,story,0.9
174,b,10567,630,MUTiRiS,0.66
174,a,6248,20194,bLitz,1.33
174,a,6248,21809,910,1.31
174,a,6248,20903,Senzu,0.89
174,a,6248,21001,mzinho,0.8
174,a,6248,20275,Techno,0.71
1867,a,6665,7592,device,1.46
1867,a,6665,20304,Staehr,1.05
1867,a,6665,16717,br0,0.75
1867,a,6665,10994,stavn,0.65
1867,a,6665,17956,jabbi,0.63
1867,b,4608,19206,jL,1.71
1867,b,4608,14759,iM,1.47
1867,b,4608,20127,w0nderful,1.0
1867,b,4608,18987,b1t,0.97
1867,b,4608,9816,Aleksib,0.93
2553,b,5995,3741,NiKo,2.27
2553,b,5995,19230,m0NESY,2.11
2553,b,5995,11617,malbsMd,1.76
2553,b,5995,3972,huNter-,1.75
2553,b,5995,2553,Snax,1.05
2553,a,7020,20423,zont1x,0.85
2553,a,7020,18317,magixx,0.7
2553,a,7020,7716,chopper,0.54
2553,a,7020,16920,sh1ro,0.38
2553,a,7020,21167,donk,0.31
2059,a,9996,21239,MartinezSa,1.27
2059,a,9996,20607,buda,1.11
2059,a,9996,14736,dgt,0.93
2059,a,9996,22613,HUASOPEEK,0.93
2059,a,9996,12092,max,0.77
2059,b,4773,19694,nqz,1.37
2059,b,4773,20085,kauez,1.36
2059,b,4773,20171,snow,1.23
2059,b,4773,18141,biguzera,1.1
2059,b,4773,20563,lux,0.8
502,b,5378,12732,FL1T,1.06
502,b,5378,16612,n0rb3r7,1.02
502,b,5378,20101,fame,0.79
502,b,5378,13776,Jame,0.62
502,b,5378,8918,electroNic,0.6
502,a,11283,19164,SunPayus,1.46
502,a,11283,922,Snappi,1.43
502,a,11283,11777,Maden,1.39
502,a,11283,7398,dupreeh,1.3
502,a,11283,9032,Magisk,0.71
2500,a,5973,21763,ultimate,2.01
2500,a,5973,10394,Twistzz,1.69
2500,a,5973,4679,jks,1.52
2500,a,5973,13915,YEKINDAR,1.26
2500,a,5973,8520,NAF,0.7
2500,b,8297,15631,KSCERATO,0.96
2500,b,8297,18676,skullz,0.66
2500,b,8297,10566,chelo,0.53
2500,b,8297,12553,yuurih,0.49
2500,b,8297,2023,FalleN,0.41
2789,b,6667,8183,rain,1.36
2789,b,6667,9960,frozen,1.11
2789,b,6667,11816,ropz,0.88
2789,b,6667,18053,broky,0.87
2789,b,6667,429,karrigan,0.74
2789,a,9565,18221,Spinx,1.42
2789,a,9565,16693,flameZ,1.41
2789,a,9565,18462,mezii,1.18
2789,a,9565,11893,ZywOo,0.81
2789,a,9565,7322,apEX,0.65
111,a,10567,20462,story,1.82
111,a,10567,20464,ewjerkz,1.53
111,a,10567,20465,arrozdoce,1.16
111,a,10567,630,MUTiRiS,1.02
111,a,10567,2241,roman,0.92
111,b,11712,13843,Lucky,1.02
111,b,11712,16731,IceBerg,0.98
111,b,11712,13170,kwezz,0.86
111,b,11712,21199,MistR,0.51
111,b,11712,16723,Cabbi,0.44
1682,a,5005,12713,floppy,1.11
1682,a,5005,8738,EliGE,1.03
1682,a,5005,11630,JT,0.84
1682,a,5005,13578,Grim,0.71
1682,a,5005,12840,hallzerk,0.64
1682,b,4494,13666,Brollan,1.72
1682,b,4494,18850,Jimpphat,1.61
1682,b,4494,20312,xertioN,1.03
1682,b,4494,18072,torzsi,0.94
1682,b,4494,16820,siuhy,0.8
1971,b,6248,21001,mzinho,1.15
1971,b,6248,20903,Senzu,1.06
1971,b,6248,20275,Techno,1.04
1971,b,6248,21809,910,0.98
1971,b,6248,20194,bLitz,0.7
1971,a,4773,19694,nqz,1.65
1971,a,4773,20171,snow,1.25
1971,a,4773,20563,lux,1.14
1971,a,4773,18141,biguzera,0.96
1971,a,4773,20085,kauez,0.92
2538,a,6665,17956,jabbi,1.19
2538,a,6665,7592,device,0.98
2538,a,6665,10994,stavn,0.71
2538,a,6665,16717,br0,0.6
2538,a,6665,20304,Staehr,0.26
2538,b,5995,11617,malbsMd,2.59
2538,b,5995,19230,m0NESY,2.12
2538,b,5995,3972,huNter-,1.07
2538,b,5995,3741,NiKo,0.91
2538,b,5995,2553,Snax,0.52
2299,a,5973,21763,ultimate,1.78
2299,a,5973,8520,NAF,1.39
2299,a,5973,10394,Twistzz,1.34
2299,a,5973,4679,jks,1.32
2299,a,5973,13915,YEKINDAR,0.99
2299,b,5005,13578,Grim,1.0
2299,b,5005,8738,EliGE,0.97
2299,b,5005,12713,floppy,0.77
2299,b,5005,11630,JT,0.73
2299,b,5005,12840,hallzerk,0.41
535,a,11283,19164,SunPayus,0.99
535,a,11283,9032,Magisk,0.93
535,a,11283,7398,dupreeh,0.85
535,a,11283,922,Snappi,0.71
535,a,11283,11777,Maden,0.67
535,b,6667,8183,rain,1.8
535,b,6667,429,karrigan,1.54
535,b,6667,11816,ropz,1.45
535,b,6667,18053,broky,0.96
535,b,6667,9960,frozen,0.86
1964,b,5995,11617,malbsMd,2.39
1964,b,5995,3972,huNter-,1.91
1964,b,5995,19230,m0NESY,1.85
1964,b,5995,3741,NiKo,1.06
1964,b,5995,2553,Snax,0.95
1964,a,4773,19694,nqz,0.83
1964,a,4773,20171,snow,0.83
1964,a,4773,18141,biguzera,0.62
1964,a,4773,20085,kauez,0.5
1964,a,4773,20563,lux,0.37
144,a,4608,18987,b1t,1.68
144,a,4608,14759,iM,1.65
144,a,4608,20127,w0nderful,1.19
144,a,4608,9816,Aleksib,1.11
144,a,4608,19206,jL,0.94
144,b,10567,20465,arrozdoce,1.16
144,b,10567,20462,story,1.13
144,b,10567,630,MUTiRiS,0.69
144,b,10567,20464,ewjerkz,0.68
144,b,10567,2241,roman,0.52
2474,a,5973,4679,jks,1.11
2474,a,5973,13915,YEKINDAR,1.0
2474,a,5973,21763,ultimate,0.99
2474,a,5973,10394,Twistzz,0.98
2474,a,5973,8520,NAF,0.69
2474,b,6667,11816,ropz,1.41
2474,b,6667,429,karrigan,1.14
2474,b,6667,8183,rain,1.06
2474,b,6667,18053,broky,1.0
2474,b,6667,9960,frozen,1.0
1783,b,4494,13666,Brollan,1.18
1783,b,4494,18850,Jimpphat,1.13
1783,b,4494,20312,xertioN,1.03
1783,b,4494,18072,torzsi,0.82
1783,b,4494,16820,siuhy,0.69
1783,a,9565,16693,flameZ,1.43
1783,a,9565,7322,apEX,1.18
1783,a,9565,18221,Spinx,1.12
1783,a,9565,11893,ZywOo,0.92
1783,a,9565,18462,mezii,0.88
178,a,10567,20464,ewjerkz,1.3
178,a,10567,20465,arrozdoce,1.14
178,a,10567,20462,story,1.06
178,a,10567,630,MUTiRiS,1.04
178,a,10567,2241,roman,0.8
178,b,6667,8183,rain,1.1
178,b,6667,9960,frozen,1.1
178,b,6667,429,karrigan,1.04
178,b,6667,11816,ropz,1.02
178,b,6667,18053,broky,0.74
1703,b,4494,18072,torzsi,1.67
1703,b,4494,18850,Jimpphat,1.26
1703,b,4494,20312,xertioN,1.16
1703,b,4494,13666,Brollan,1.14
1703,b,4494,16820,siuhy,0.87
1703,a,5995,19230,m0NESY,1.61
1703,a,5995,3972,huNter-,0.82
1703,a,5995,2553,Snax,0.76
1703,a,5995,3741,NiKo,0.68
1703,a,5995,11617,malbsMd,0.56
198,b,9565,18462,mezii,1.82
198,b,9565,7322,apEX,1.81
198,b,9565,11893,ZywOo,1.66
198,b,9565,16693,flameZ,1.2
198,b,9565,18221,Spinx,0.92
198,a,10567,20465,arrozdoce,1.03
198,a,10567,20462,story,0.96
198,a,10567,630,MUTiRiS,0.83
198,a,10567,20464,ewjerkz,0.55
198,a,10567,2241,roman,0.23
1658,b,4608,18987,b1t,1.45
1658,b,4608,20127,w0nderful,1.19
1658,b,4608,14759,iM,1.11
1658,b,4608,19206,jL,0.95
1658,b,4608,9816,Aleksib,0.93
1658,a,4494,20312,xertioN,1.47
1658,a,4494,18072,torzsi,0.93
1658,a,4494,18850,Jimpphat,0.93
1658,a,4494,13666,Brollan,0.89
1658,a,4494,16820,siuhy,0.86
1927,b,9565,11893,ZywOo,1.67
1927,b,9565,7322,apEX,1.37
1927,b,9565,16693,flameZ,1.36
1927,b,9565,18221,Spinx,0.87
1927,b,9565,18462,mezii,0.85
1927,a,4608,18987,b1t,1.42
1927,a,4608,20127,w0nderful,0.94
1927,a,4608,19206,jL,0.85
1927,a,4608,9816,Aleksib,0.85
1927,a,4608,14759,iM,0.7
690,a,11712,16731,IceBerg,1.08
690,a,11712,16723,Cabbi,1.02
690,a,11712,21199,MistR,0.97
690,a,11712,13170,kwezz,0.85
690,a,11712,13843,Lucky,0.85
690,b,11861,20113,deko,1.62
690,b,11861,13240,Lack1,1.37
690,b,11861,19882,Norwi,1.15
690,b,11861,19236,KENSI,0.83
690,b,11861,12004,clax,0.62
226,b,11712,13843,Lucky,1.22
226,b,11712,16731,IceBerg,0.77
226,b,11712,16723,Cabbi,0.66
226,b,11712,13170,kwezz,0.6
226,b,11712,21199,MistR,0.5
226,a,11241,16147,cptkurtka023,1.67
226,a,11241,21708,npl,1.41
226,a,11241,19592,headtr1ck,1.37
226,a,11241,23643,esenthial,1.24
226,a,11241,20112,alex666,1.23
440,b,11283,19164,SunPayus,1.51
440,b,11283,7398,dupreeh,1.16
440,b,11283,11777,Maden,1.0
440,b,11283,922,Snappi,0.93
440,b,11283,9032,Magisk,0.92
440,a,12376,22921,Lake,1.31
440,a,12376,15370,slaxz-,1.09
440,a,12376,17378,reck,0.99
440,a,12376,16599,Swisher,0.81
440,a,12376,20104,s1n,0.81
592,b,11283,7398,dupreeh,1.22
592,b,11283,922,Snappi,1.01
592,b,11283,19164,SunPayus,0.97
592,b,11283,11777,Maden,0.89
592,b,11283,9032,Magisk,0.84
592,a,9996,22613,HUASOPEEK,1.41
592,a,9996,14736,dgt,1.41
592,a,9996,20607,buda,1.05
592,a,9996,21239,MartinezSa,0.88
592,a,9996,12092,max,0.83
1123,b,4773,19694,nqz,1.98
1123,b,4773,20171,snow,1.21
1123,b,4773,20085,kauez,0.93
1123,b,4773,18141,biguzera,0.88
1123,b,4773,20563,lux,0.83
1123,a,12394,18506,S1ren,1.39
1123,a,12394,21667,Magnojez,1.17
1123,a,12394,15662,zorte,0.93
1123,a,12394,16921,nafany,0.92
1123,a,12394,19920,KaiR0N-,0.83
499,a,5005,8738,EliGE,0.96
499,a,5005,11630,JT,0.92
499,a,5005,13578,Grim,0.75
499,a,5005,12840,hallzerk,0.49
499,a,5005,12713,floppy,0.43
499,b,11283,19164,SunPayus,1.99
499,b,11283,7398,dupreeh,1.32
499,b,11283,922,Snappi,1.21
499,b,11283,9032,Magisk,1.15
499,b,11283,11777,Maden,1.13
1988,b,6667,11816,ropz,2.03
1988,b,6667,18053,broky,1.76
1988,b,6667,8183,rain,1.24
1988,b,6667,9960,frozen,0.95
1988,b,6667,429,karrigan,0.67
1988,a,4773,20171,snow,1.23
1988,a,4773,20563,lux,0.96
1988,a,4773,18141,biguzera,0.91
1988,a,4773,19694,nqz,0.9
1988,a,4773,20085,kauez,0.42
2397,b,5378,13776,Jame,1.52
2397,b,5378,8918,electroNic,1.3
2397,b,5378,20101,fame,1.26
2397,b,5378,16612,n0rb3r7,1.0
2397,b,5378,12732,FL1T,0.98
2397,a,7532,14929,JDC,1.21
2397,a,7532,7266,syrsoN,0.98
2397,a,7532,5794,tabseN,0.92
2397,a,7532,19899,Krimbo,0.86
2397,a,7532,12708,rigoN,0.65
444,b,11283,19164,SunPayus,1.52
444,b,11283,9032,Magisk,1.33
444,b,11283,7398,dupreeh,1.21
444,b,11283,11777,Maden,1.12
444,b,11283,922,Snappi,0.86
444,a,12394,15662,zorte,1.87
444,a,12394,18506,S1ren,0.85
444,a,12394,19920,KaiR0N-,0.81
444,a,12394,16921,nafany,0.75
444,a,12394,21667,Magnojez,0.59
2062,a,9996,12092,max,1.48
2062,a,9996,21239,MartinezSa,1.01
2062,a,9996,22613,HUASOPEEK,0.97
2062,a,9996,14736,dgt,0.74
2062,a,9996,20607,buda,0.57
2062,b,4773,20171,snow,1.23
2062,b,4773,18141,biguzera,1.2
2062,b,4773,19694,nqz,1.18
2062,b,4773,20563,lux,1.07
2062,b,4773,20085,kauez,0.9
348,b,11251,8574,woxic,1.89
348,b,11251,7938,XANTARES,1.79
348,b,11251,8575,Calyx,1.61
348,b,11251,150,MAJ3R,1.58
348,b,11251,21243,Wicadia,1.32
348,a,11861,20113,deko,0.99
348,a,11861,13240,Lack1,0.64
348,a,11861,19882,Norwi,0.62
348,a,11861,12004,clax,0.61
348,a,11861,19236,KENSI,0.28
504,a,11283,9032,Magisk,1.56
504,a,11283,7398,dupreeh,1.29
504,a,11283,11777,Maden,1.19
504,a,11283,922,Snappi,1.16
504,a,11283,19164,SunPayus,1.09
504,b,5378,20101,fame,1.05
504,b,5378,13776,Jame,1.01
504,b,5378,8918,electroNic,0.86
504,b,5378,12732,FL1T,0.81
504,b,5378,16612,n0rb3r7,0.68
593,a,11283,922,Snappi,2.02
593,a,11283,9032,Magisk,1.84
593,a,11283,7398,dupreeh,1.75
593,a,11283,19164,SunPayus,1.66
593,a,11283,11777,Maden,1.03
593,b,9996,12092,max,0.8
593,b,9996,22613,HUASOPEEK,0.7
593,b,9996,21239,MartinezSa,0.65
593,b,9996,14736,dgt,0.46
593,b,9996,20607,buda,0.3
903,b,11861,19882,Norwi,1.41
903,b,11861,12004,clax,1.03
903,b,11861,20113,deko,0.95
903,b,11861,19236,KENSI,0.82
903,b,11861,13240,Lack1,0.27
903,a,8297,2023,FalleN,1.73
903,a,8297,12553,yuurih,1.35
903,a,8297,10566,chelo,1.35
903,a,8297,15631,KSCERATO,1.2
903,a,8297,18676,skullz,1.04
222,b,11251,8575,Calyx,1.65
222,b,11251,8574,woxic,1.4
222,b,11251,21243,Wicadia,1.16
222,b,11251,7938,XANTARES,1.05
222,b,11251,150,MAJ3R,0.84
222,a,11241,20112,alex666,1.4
222,a,11241,21708,npl,1.2
222,a,11241,16147,cptkurtka023,0.88
222,a,11241,19592,headtr1ck,0.76
222,a,11241,23643,esenthial,0.76
2168,a,4991,21062,MATYS,1.68
2168,a,4991,15165,blameF,1.14
2168,a,4991,8374,bodyy,0.93
2168,a,4991,19926,afro,0.78
2168,a,4991,7528,KRIMZ,0.65
2168,b,4914,21969,Graviti,1.72
2168,b,4914,19739,Ex3rcice,1.5
2168,b,4914,13138,Maka,1.4
2168,b,4914,19738,Djoko,0.54
2168,b,4914,13497,Lucky,0.4
305,a,11241,16147,cptkurtka023,1.02
305,a,11241,20112,alex666,0.97
305,a,11241,23643,esenthial,0.95
305,a,11241,19592,headtr1ck,0.88
305,a,11241,21708,npl,0.82
305,b,7175,17306,degster,1.61
305,b,7175,19677,kyxsan,1.5
305,b,7175,14148,sjuush,1.4
305,b,7175,12018,TeSeS,1.08
305,b,7175,9436,NertZ,0.77
492,a,11283,7398,dupreeh,1.51
492,a,11283,922,Snappi,1.15
492,a,11283,19164,SunPayus,1.12
492,a,11283,9032,Magisk,0.99
492,a,11283,11777,Maden,0.9
492,b,4914,21969,Graviti,1.21
492,b,4914,13497,Lucky,1.2
492,b,4914,13138,Maka,1.1
492,b,4914,19738,Djoko,0.85
492,b,4914,19739,Ex3rcice,0.71
481,a,4773,18141,biguzera,1.73
481,a,4773,20171,snow,1.36
481,a,4773,20085,kauez,1.31
481,a,4773,20563,lux,0.87
481,a,4773,19694,nqz,0.73
481,b,11283,9032,Magisk,1.26
481,b,11283,7398,dupreeh,1.04
481,b,11283,11777,Maden,0.97
481,b,11283,19164,SunPayus,0.93
481,b,11283,922,Snappi,0.62
2221,a,7175,12018,TeSeS,2.26
2221,a,7175,14148,sjuush,1.57
2221,a,7175,19677,kyxsan,1.46
2221,a,7175,9436,NertZ,1.37
2221,a,7175,17306,degster,0.8
2221,b,4914,19739,Ex3rcice,1.11
2221,b,4914,13138,Maka,0.8
2221,b,4914,21969,Graviti,0.68
2221,b,4914,13497,Lucky,0.59
2221,b,4914,19738,Djoko,0.37
420,a,11251,7938,XANTARES,1.23
420,a,11251,21243,Wicadia,1.1
420,a,11251,8574,woxic,0.9
420,a,11251,8575,Calyx,0.81
420,a,11251,150,MAJ3R,0.81
420,b,8297,15631,KSCERATO,1.35
420,b,8297,10566,chelo,1.29
420,b,8297,12553,yuurih,1.09
420,b,8297,18676,skullz,1.03
420,b,8297,2023,FalleN,0.94
2274,a,7175,19677,kyxsan,1.41
2274,a,7175,17306,degster,1.41
2274,a,7175,14148,sjuush,1.34
2274,a,7175,9436,NertZ,1.31
2274,a,7175,12018,TeSeS,1.02
2274,b,4991,15165,blameF,1.31
2274,b,4991,8374,bodyy,0.92
2274,b,4991,7528,KRIMZ,0.82
2274,b,4991,21062,MATYS,0.79
2274,b,4991,19926,afro,0.64
339,b,11251,21243,Wicadia,1.66
339,b,11251,8574,woxic,1.25
339,b,11251,7938,XANTARES,1.22
339,b,11251,150,MAJ3R,1.07
339,b,11251,8575,Calyx,0.82
339,a,11283,11777,Maden,1.28
339,a,11283,19164,SunPayus,1.02
339,a,11283,9032,Magisk,0.82
339,a,11283,7398,dupreeh,0.63
339,a,11283,922,Snappi,0.63
549,a,7020,16920,sh1ro,2.17
549,a,7020,21167,donk,1.79
549,a,7020,7716,chopper,1.21
549,a,7020,20423,zont1x,0.82
549,a,7020,18317,magixx,0.4
549,b,11283,9032,Magisk,1.22
549,b,11283,19164,SunPayus,1.2
549,b,11283,11777,Maden,1.13
549,b,11283,7398,dupreeh,0.84
549,b,11283,922,Snappi,0.55
2404,b,5378,20101,fame,1.21
2404,b,5378,13776,Jame,1.01
2404,b,5378,16612,n0rb3r7,0.8
2404,b,5378,8918,electroNic,0.76
2404,b,5378,12732,FL1T,0.67
2404,a,8297,12553,yuurih,1.45
2404,a,8297,15631,KSCERATO,1.2
2404,a,8297,18676,skullz,1.15
2404,a,8297,2023,FalleN,1.05
2404,a,8297,10566,chelo,0.9
556,b,11283,19164,SunPayus,1.31
556,b,11283,9032,Magisk,0.78
556,b,11283,11777,Maden,0.72
556,b,11283,922,Snappi,0.66
556,b,11283,7398,dupreeh,0.59
556,a,7175,17306,degster,1.85
556,a,7175,12018,TeSeS,1.58
556,a,7175,9436,NertZ,1.49
556,a,7175,14148,sjuush,0.96
556,a,7175,19677,kyxsan,0.84
1998,b,7175,19677,kyxsan,0.95
1998,b,7175,9436,NertZ,0.9
1998,b,7175,17306,degster,0.89
1998,b,7175,12018,TeSeS,0.7
1998,b,7175,14148,sjuush,0.68
1998,a,4773,18141,biguzera,1.56
1998,a,4773,20085,kauez,1.36
1998,a,4773,19694,nqz,1.25
1998,a,4773,20563,lux,1.22
1998,a,4773,20171,snow,0.88
362,b,4494,18850,Jimpphat,2.31
362,b,4494,16820,siuhy,1.82
362,b,4494,20312,xertioN,1.58
362,b,4494,18072,torzsi,0.84
362,b,4494,13666,Brollan,0.81
362,a,11251,21243,Wicadia,0.85
362,a,11251,8574,woxic,0.69
362,a,11251,8575,Calyx,0.69
362,a,11251,7938,XANTARES,0.69
362,a,11251,150,MAJ3R,0.67
509,b,11283,19164,SunPayus,1.15
509,b,11283,922,Snappi,0.86
509,b,11283,11777,Maden,0.84
509,b,11283,9032,Magisk,0.83
509,b,11283,7398,dupreeh,0.81
509,a,5378,20101,fame,1.31
509,a,5378,12732,FL1T,1.31
509,a,5378,16612,n0rb3r7,1.24
509,a,5378,13776,Jame,1.01
509,a,5378,8918,electroNic,0.98
411,b,7175,9436,NertZ,1.13
411,b,7175,19677,kyxsan,0.9
411,b,7175,17306,degster,0.88
411,b,7175,12018,TeSeS,0.88
411,b,7175,14148,sjuush,0.74
411,a,11251,7938,XANTARES,1.51
411,a,11251,8575,Calyx,1.18
411,a,11251,150,MAJ3R,1.06
411,a,11251,8574,woxic,1.02
411,a,11251,21243,Wicadia,1.0
2829,a,7020,21167,donk,2.41
2829,a,7020,7716,chopper,1.79
2829,a,7020,20423,zont1x,1.55
2829,a,7020,16920,sh1ro,1.46
2829,a,7020,18317,magixx,1.19
2829,b,8297,18676,skullz,0.99
2829,b,8297,15631,KSCERATO,0.8
2829,b,8297,2023,FalleN,0.58
2829,b,8297,10566,chelo,0.41
2829,b,8297,12553,yuurih,0.37
1669,a,4773,20171,snow,1.35
1669,a,4773,18141,biguzera,0.85
1669,a,4773,20563,lux,0.81
1669,a,4773,20085,kauez,0.67
1669,a,4773,19694,nqz,0.55
1669,b,4494,18850,Jimpphat,1.6
1669,b,4494,20312,xertioN,1.59
1669,b,4494,18072,torzsi,1.37
1669,b,4494,13666,Brollan,1.17
1669,b,4494,16820,siuhy,0.7
419,b,11251,8575,Calyx,1.62
419,b,11251,8574,woxic,1.6
419,b,11251,7938,XANTARES,1.08
419,b,11251,150,MAJ3R,0.84
419,b,11251,21243,Wicadia,0.71
419,a,8297,18676,skullz,1.39
419,a,8297,2023,FalleN,1.11
419,a,8297,12553,yuurih,1.04
419,a,8297,10566,chelo,0.68
419,a,8297,15631,KSCERATO,0.56
691,b,11712,16723,Cabbi,1.06
691,b,11712,13170,kwezz,1.03
691,b,11712,13843,Lucky,1.0
691,b,11712,21199,MistR,0.95
691,b,11712,16731,IceBerg,0.46
691,a,11861,19882,Norwi,1.91
691,a,11861,19236,KENSI,1.35
691,a,11861,20113,deko,1.19
691,a,11861,22884,gr1ks,1.07
691,a,11861,13240,Lack1,0.93
1956,a,5378,16612,n0rb3r7,1.02
1956,a,5378,13776,Jame,0.99
1956,a,5378,20101,fame,0.96
1956,a,5378,8918,electroNic,0.94
1956,a,5378,12732,FL1T,0.78
1956,b,4773,18141,biguzera,1.23
1956,b,4773,20563,lux,1.16
1956,b,4773,20171,snow,1.1
1956,b,4773,20085,kauez,1.1
1956,b,4773,19694,nqz,0.91
1752,a,7020,21167,donk,1.83
1752,a,7020,18317,magixx,1.24
1752,a,7020,20423,zont1x,1.02
1752,a,7020,7716,chopper,0.93
1752,a,7020,16920,sh1ro,0.76
1752,b,4494,18850,Jimpphat,1.59
1752,b,4494,18072,torzsi,1.03
1752,b,4494,16820,siuhy,1.03
1752,b,4494,13666,Brollan,0.84
1752,b,4494,20312,xertioN,0.58
370,a,11251,21243,Wicadia,1.86
370,a,11251,8575,Calyx,1.54
370,a,11251,8574,woxic,1.46
370,a,11251,7938,XANTARES,1.0
370,a,11251,150,MAJ3R,0.97
370,b,4773,20563,lux,0.91
370,b,4773,18141,biguzera,0.8
370,b,4773,20085,kauez,0.76
370,b,4773,20171,snow,0.69
370,b,4773,19694,nqz,0.6
363,b,4494,13666,Brollan,1.28
363,b,4494,18072,torzsi,1.23
363,b,4494,16820,siuhy,1.09
363,b,4494,18850,Jimpphat,1.09
363,b,4494,20312,xertioN,0.71
363,a,11251,150,MAJ3R,1.51
363,a,11251,8574,woxic,1.34
363,a,11251,8575,Calyx,0.88
363,a,11251,7938,XANTARES,0.8
363,a,11251,21243,Wicadia,0.8
408,b,7020,20423,zont1x,1.62
408,b,7020,16920,sh1ro,1.45
408,b,7020,21167,donk,1.36
408,b,7020,18317,magixx,0.65
408,b,7020,7716,chopper,0.63
408,a,11251,150,MAJ3R,1.13
408,a,11251,7938,XANTARES,0.94
408,a,11251,21243,Wicadia,0.92
408,a,11251,8574,woxic,0.79
408,a,11251,8575,Calyx,0.57
356,a,12774,17384,Vexite,1.5
356,a,12774,10588,Liazz,1.0
356,a,12774,9115,dexter,0.83
356,a,12774,11140,INS,0.69
356,a,12774,11139,aliStair,0.6
356,b,11251,8575,Calyx,1.46
356,b,11251,7938,XANTARES,1.44
356,b,11251,150,MAJ3R,1.26
356,b,11251,8574,woxic,1.25
356,b,11251,21243,Wicadia,0.99
39,a,6667,9960,frozen,1.42
39,a,6667,18053,broky,1.35
39,a,6667,8183,rain,1.14
39,a,6667,429,karrigan,0.8
39,a,6667,11816,ropz,0.8
39,b,10333,22361,jottAAA,1.67
39,b,10333,22047,yxngstxr,1.12
39,b,10333,19187,xfl0ud,0.86
39,b,10333,19310,LNZ,0.66
39,b,10333,20245,SaMey,0.61
2997,a,9215,19750,drop,1.39
2997,a,9215,21037,insani,1.27
2997,a,9215,18835,saffee,1.1
2997,a,9215,11154,exit,0.93
2997,a,9215,20987,brnz4n,0.92
2997,b,9996,14736,dgt,1.65
2997,b,9996,12092,max,1.19
2997,b,9996,21239,MartinezSa,1.17
2997,b,9996,22613,HUASOPEEK,0.7
2997,b,9996,20607,buda,0.37
989,b,7020,21167,donk,1.96
989,b,7020,20423,zont1x,1.46
989,b,7020,16920,sh1ro,1.33
989,b,7020,7716,chopper,0.72
989,b,7020,18317,magixx,0.7
989,a,12257,21163,susp,1.12
989,a,12257,8711,Sonic,1.04
989,a,12257,8507,stanislaw,0.98
989,a,12257,16726,phzy,0.98
989,a,12257,21665,JBa,0.67
2192,b,6248,21809,910,1.21
2192,b,6248,20194,bLitz,1.02
2192,b,6248,21001,mzinho,0.95
2192,b,6248,20275,Techno,0.8
2192,b,6248,20903,Senzu,0.62
2192,a,4914,13497,Lucky,1.33
2192,a,4914,21969,Graviti,1.25
2192,a,4914,13138,Maka,1.16
2192,a,4914,19739,Ex3rcice,0.96
2192,a,4914,19738,Djoko,0.95
1437,a,12774,11140,INS,1.3
1437,a,12774,10588,Liazz,0.91
1437,a,12774,9115,dexter,0.91
1437,a,12774,17384,Vexite,0.86
1437,a,12774,11139,aliStair,0.59
1437,b,6667,9960,frozen,1.67
1437,b,6667,11816,ropz,1.45
1437,b,6667,429,karrigan,1.22
1437,b,6667,8183,rain,1.01
1437,b,6667,18053,broky,0.76
32,a,11251,8574,woxic,2.15
32,a,11251,8575,Calyx,2.02
32,a,11251,21243,Wicadia,1.76
32,a,11251,7938,XANTARES,1.2
32,a,11251,150,MAJ3R,0.87
32,b,10333,19187,xfl0ud,1.11
32,b,10333,19310,LNZ,0.99
32,b,10333,22047,yxngstxr,0.5
32,b,10333,22361,jottAAA,0.48
32,b,10333,20245,SaMey,0.25
1588,b,4608,19206,jL,1.5
1588,b,4608,14759,iM,1.41
1588,b,4608,9816,Aleksib,1.09
1588,b,4608,20127,w0nderful,1.01
1588,b,4608,18987,b1t,0.89
1588,a,4411,9278,REZ,1.41
1588,a,4411,20879,maxster,1.31
1588,a,4411,20425,r1nkle,0.96
1588,a,4411,17937,isak,0.71
1588,a,4411,8371,alex,0.44
2834,b,9215,11154,exit,1.61
2834,b,9215,21037,insani,1.59
2834,b,9215,18835,saffee,1.14
2834,b,9215,20987,brnz4n,0.75
2834,b,9215,19750,drop,0.68
2834,a,7020,21167,donk,1.56
2834,a,7020,16920,sh1ro,1.11
2834,a,7020,18317,magixx,0.84
2834,a,7020,7716,chopper,0.74
2834,a,7020,20423,zont1x,0.64
1003,b,9996,20607,buda,1.81
1003,b,9996,14736,dgt,1.21
1003,b,9996,22613,HUASOPEEK,0.81
1003,b,9996,21239,MartinezSa,0.78
1003,b,9996,12092,max,0.67
1003,a,12257,8507,stanislaw,1.2
1003,a,12257,8711,Sonic,1.17
1003,a,12257,21163,susp,1.04
1003,a,12257,16726,phzy,0.99
1003,a,12257,21665,JBa,0.99
2183,b,5995,19230,m0NESY,1.86
2183,b,5995,11617,malbsMd,1.76
2183,b,5995,3741,NiKo,1.08
2183,b,5995,3972,huNter-,1.03
2183,b,5995,2553,Snax,0.52
2183,a,4914,19738,Djoko,1.22
2183,a,4914,19739,Ex3rcice,1.04
2183,a,4914,13138,Maka,0.82
2183,a,4914,21969,Graviti,0.81
2183,a,4914,13497,Lucky,0.78
41,a,10333,19187,xfl0ud,1.46
41,a,10333,19310,LNZ,1.23
41,a,10333,22361,jottAAA,1.11
41,a,10333,20245,SaMey,1.04
41,a,10333,22047,yxngstxr,0.79
41,b,7175,12018,TeSeS,1.33
41,b,7175,17306,degster,1.09
41,b,7175,19677,kyxsan,1.06
41,b,7175,14148,sjuush,1.04
41,b,7175,9436,NertZ,0.71
1628,b,6667,8183,rain,2.61
1628,b,6667,11816,ropz,1.67
1628,b,6667,9960,frozen,1.53
1628,b,6667,429,karrigan,1.23
1628,b,6667,18053,broky,1.1
1628,a,4411,17937,isak,1.13
1628,a,4411,9278,REZ,1.04
1628,a,4411,20425,r1nkle,0.57
1628,a,4411,20879,maxster,0.38
1628,a,4411,8371,alex,0.17
2627,a,6248,20194,bLitz,1.17
2627,a,6248,21001,mzinho,1.17
2627,a,6248,20903,Senzu,1.01
2627,a,6248,21809,910,0.83
2627,a,6248,20275,Techno,0.72
2627,b,7020,20423,zont1x,1.37
2627,b,7020,21167,donk,1.36
2627,b,7020,16920,sh1ro,1.21
2627,b,7020,18317,magixx,0.96
2627,b,7020,7716,chopper,0.75
2258,b,9996,21239,MartinezSa,1.23
2258,b,9996,14736,dgt,0.9
2258,b,9996,12092,max,0.87
2258,b,9996,22613,HUASOPEEK,0.73
2258,b,9996,20607,buda,0.57
2258,a,4914,19738,Djoko,1.93
2258,a,4914,13138,Maka,1.74
2258,a,4914,13497,Lucky,1.54
2258,a,4914,21969,Graviti,0.78
2258,a,4914,19739,Ex3rcice,0.71
40,a,10333,19187,xfl0ud,0.95
40,a,10333,20245,SaMey,0.93
40,a,10333,19310,LNZ,0.81
40,a,10333,22361,jottAAA,0.73
40,a,10333,22047,yxngstxr,0.4
40,b,6667,11816,ropz,1.87
40,b,6667,8183,rain,1.85
40,b,6667,9960,frozen,1.8
40,b,6667,18053,broky,0.89
40,b,6667,429,karrigan,0.73
2217,b,4914,21969,Graviti,0.87
2217,b,4914,19738,Djoko,0.72
2217,b,4914,19739,Ex3rcice,0.71
2217,b,4914,13497,Lucky,0.61
2217,b,4914,13138,Maka,0.26
2217,a,7020,20423,zont1x,2.62
2217,a,7020,21167,donk,1.83
2217,a,7020,16920,sh1ro,1.24
2217,a,7020,18317,magixx,1.14
2217,a,7020,7716,chopper,1.1
2685,a,9996,14736,dgt,1.26
2685,a,9996,21239,MartinezSa,1.16
2685,a,9996,22613,HUASOPEEK,0.99
2685,a,9996,12092,max,0.79
2685,a,9996,20607,buda,0.49
2685,b,6248,20903,Senzu,1.28
2685,b,6248,21809,910,1.18
2685,b,6248,20275,Techno,1.15
2685,b,6248,21001,mzinho,0.9
2685,b,6248,20194,bLitz,0.86
34,a,10333,22361,jottAAA,1.62
34,a,10333,19187,xfl0ud,1.62
34,a,10333,20245,SaMey,1.1
34,a,10333,19310,LNZ,1.04
34,a,10333,22047,yxngstxr,0.9
34,b,12774,9115,dexter,1.14
34,b,12774,11140,INS,1.06
34,b,12774,17384,Vexite,1.01
34,b,12774,10588,Liazz,0.82
34,b,12774,11139,aliStair,0.75
1637,a,7175,9436,NertZ,1.81
1637,a,7175,14148,sjuush,1.26
1637,a,7175,19677,kyxsan,1.13
1637,a,7175,17306,degster,0.96
1637,a,7175,12018,TeSeS,0.92
1637,b,4411,20425,r1nkle,1.21
1637,b,4411,9278,REZ,0.98
1637,b,4411,8371,alex,0.91
1637,b,4411,20879,maxster,0.76
1637,b,4411,17937,isak,0.7
978,a,12257,21665,JBa,1.01
978,a,12257,8711,Sonic,0.99
978,a,12257,8507,stanislaw,0.96
978,a,12257,16726,phzy,0.79
978,a,12257,21163,susp,0.65
978,b,4914,19739,Ex3rcice,1.62
978,b,4914,13138,Maka,1.6
978,b,4914,19738,Djoko,1.59
978,b,4914,13497,Lucky,1.05
978,b,4914,21969,Graviti,0.81
366,a,11251,21243,Wicadia,1.16
366,a,11251,8575,Calyx,1.08
366,a,11251,7938,XANTARES,0.8
366,a,11251,8574,woxic,0.58
366,a,11251,150,MAJ3R,0.46
366,b,4608,19206,jL,1.92
366,b,4608,9816,Aleksib,1.65
366,b,4608,20127,w0nderful,1.38
366,b,4608,14759,iM,1.25
366,b,4608,18987,b1t,0.92
2193,b,6248,20275,Techno,1.53
2193,b,6248,21001,mzinho,1.5
2193,b,6248,21809,910,1.42
2193,b,6248,20194,bLitz,1.34
2193,b,6248,20903,Senzu,0.95
2193,a,4914,19739,Ex3rcice,1.32
2193,a,4914,21969,Graviti,0.8
2193,a,4914,13497,Lucky,0.78
2193,a,4914,13138,Maka,0.76
2193,a,4914,19738,Djoko,0.67
42,a,10333,22361,jottAAA,1.11
42,a,10333,19187,xfl0ud,1.1
42,a,10333,22047,yxngstxr,0.91
42,a,10333,20245,SaMey,0.82
42,a,10333,19310,LNZ,0.58
42,b,7175,19677,kyxsan,1.43
42,b,7175,12018,TeSeS,1.4
42,b,7175,17306,degster,1.23
42,b,7175,14148,sjuush,1.07
42,b,7175,9436,NertZ,1.03
2594,a,9215,11154,exit,1.21
2594,a,9215,19750,drop,0.88
2594,a,9215,18835,saffee,0.79
2594,a,9215,21037,insani,0.74
2594,a,9215,20987,brnz4n,0.57
2594,b,5995,3741,NiKo,1.56
2594,b,5995,11617,malbsMd,1.56
2594,b,5995,3972,huNter-,1.55
2594,b,5995,2553,Snax,0.82
2594,b,5995,19230,m0NESY,0.82
2269,a,4991,15165,blameF,1.88
2269,a,4991,7528,KRIMZ,1.73
2269,a,4991,21062,MATYS,1.67
2269,a,4991,19926,afro,0.81
2269,a,4991,8374,bodyy,0.74
2269,b,6665,10994,stavn,1.1
2269,b,6665,7592,device,0.88
2269,b,6665,16717,br0,0.88
2269,b,6665,20304,Staehr,0.74
2269,b,6665,17956,jabbi,0.62
2124,a,5973,21763,ultimate,1.83
2124,a,5973,4679,jks,1.45
2124,a,5973,10394,Twistzz,1.42
2124,a,5973,8520,NAF,0.93
2124,a,5973,13915,YEKINDAR,0.76
2124,b,4869,19114,Kylar,1.18
2124,b,4869,15428,Goofy,0.92
2124,b,4869,12731,sdy,0.8
2124,b,4869,7412,gla1ve,0.78
2124,b,4869,21815,podi,0.74
2920,b,7532,5794,tabseN,1.06
2920,b,7532,7266,syrsoN,1.06
2920,b,7532,14929,JDC,0.84
2920,b,7532,12708,rigoN,0.83
2920,b,7532,19899,Krimbo,0.68
2920,a,9455,19869,try,1.55
2920,a,9455,9219,felps,1.36
2920,a,9455,20183,decenty,1.16
2920,a,9455,12822,VINI,1.05
2920,a,9455,22564,noway,0.81
1052,a,5005,13578,Grim,1.3
1052,a,5005,8738,EliGE,1.29
1052,a,5005,11630,JT,0.87
1052,a,5005,12713,floppy,0.87
1052,a,5005,12840,hallzerk,0.85
1052,b,12376,17378,reck,1.38
1052,b,12376,22921,Lake,1.22
1052,b,12376,15370,slaxz-,1.11
1052,b,12376,20104,s1n,0.98
1052,b,12376,16599,Swisher,0.72
2392,a,7176,21288,venomzera,0.81
2392,a,7176,8565,HEN1,0.69
2392,a,7176,9216,coldzera,0.67
2392,a,7176,18865,dav1deuS,0.63
2392,a,7176,18743,nython,0.24
2392,b,5378,20101,fame,2.04
2392,b,5378,12732,FL1T,1.48
2392,b,5378,8918,electroNic,1.47
2392,b,5378,13776,Jame,1.37
2392,b,5378,16612,n0rb3r7,1.21
560,a,8297,15631,KSCERATO,1.4
560,a,8297,12553,yuurih,1.06
560,a,8297,18676,skullz,1.02
560,a,8297,2023,FalleN,0.94
560,a,8297,10566,chelo,0.94
560,b,11283,11777,Maden,1.32
560,b,11283,7398,dupreeh,1.02
560,b,11283,19164,SunPayus,0.92
560,b,11283,922,Snappi,0.85
560,b,11283,9032,Magisk,0.76
2313,b,6665,10994,stavn,1.32
2313,b,6665,16717,br0,1.1
2313,b,6665,17956,jabbi,0.76
2313,b,6665,20304,Staehr,0.74
2313,b,6665,7592,device,0.64
2313,a,5005,12840,hallzerk,1.38
2313,a,5005,11630,JT,1.25
2313,a,5005,8738,EliGE,1.12
2313,a,5005,12713,floppy,1.02
2313,a,5005,13578,Grim,0.85
1050,b,4991,15165,blameF,1.6
1050,b,4991,8374,bodyy,1.05
1050,b,4991,21062,MATYS,0.87
1050,b,4991,19926,afro,0.79
1050,b,4991,7528,KRIMZ,0.57
1050,a,12376,22921,Lake,1.59
1050,a,12376,20104,s1n,1.13
1050,a,12376,16599,Swisher,0.96
1050,a,12376,17378,reck,0.96
1050,a,12376,15370,slaxz-,0.8
1782,b,4494,20312,xertioN,1.33
1782,b,4494,16820,siuhy,1.21
1782,b,4494,18072,torzsi,1.13
1782,b,4494,18850,Jimpphat,0.99
1782,b,4494,13666,Brollan,0.38
1782,a,9455,20183,decenty,1.51
1782,a,9455,19869,try,1.38
1782,a,9455,9219,felps,1.1
1782,a,9455,22564,noway,0.9
1782,a,9455,12822,VINI,0.75
2351,a,5973,21763,ultimate,1.7
2351,a,5973,4679,jks,1.64
2351,a,5973,10394,Twistzz,1.22
2351,a,5973,13915,YEKINDAR,1.17
2351,a,5973,8520,NAF,0.79
2351,b,5378,13776,Jame,1.39
2351,b,5378,16612,n0rb3r7,0.86
2351,b,5378,8918,electroNic,0.84
2351,b,5378,20101,fame,0.56
2351,b,5378,12732,FL1T,0.51
2960,b,9565,11893,ZywOo,1.87
2960,b,9565,16693,flameZ,1.64
2960,b,9565,18462,mezii,1.28
2960,b,9565,18221,Spinx,1.13
2960,b,9565,7322,apEX,1.05
2960,a,8297,2023,FalleN,0.89
2960,a,8297,15631,KSCERATO,0.8
2960,a,8297,18676,skullz,0.6
2960,a,8297,12553,yuurih,0.51
2960,a,8297,10566,chelo,0.48
2145,b,4869,15428,Goofy,1.53
2145,b,4869,19114,Kylar,1.15
2145,b,4869,12731,sdy,1.03
2145,b,4869,21815,podi,0.64
2145,b,4869,7412,gla1ve,0.63
2145,a,7176,9216,coldzera,1.5
2145,a,7176,8565,HEN1,1.35
2145,a,7176,18865,dav1deuS,1.24
2145,a,7176,18743,nython,1.07
2145,a,7176,21288,venomzera,0.97
2276,b,7532,7266,syrsoN,1.64
2276,b,7532,19899,Krimbo,1.35
2276,b,7532,14929,JDC,1.29
2276,b,7532,12708,rigoN,1.16
2276,b,7532,5794,tabseN,0.83
2276,a,4991,15165,blameF,1.2
2276,a,4991,7528,KRIMZ,1.03
2276,a,4991,8374,bodyy,0.75
2276,a,4991,21062,MATYS,0.62
2276,a,4991,19926,afro,0.58
1686,a,5005,8738,EliGE,1.59
1686,a,5005,13578,Grim,1.36
1686,a,5005,12713,floppy,1.31
1686,a,5005,12840,hallzerk,1.18
1686,a,5005,11630,JT,1.03
1686,b,4494,13666,Brollan,1.06
1686,b,4494,18072,torzsi,0.87
1686,b,4494,20312,xertioN,0.78
1686,b,4494,16820,siuhy,0.72
1686,b,4494,18850,Jimpphat,0.41
2900,b,8297,12553,yuurih,1.44
2900,b,8297,2023,FalleN,1.25
2900,b,8297,15631,KSCERATO,1.2
2900,b,8297,10566,chelo,0.74
2900,b,8297,18676,skullz,0.68
2900,a,7176,8565,HEN1,1.14
2900,a,7176,18865,dav1deuS,1.06
2900,a,7176,21288,venomzera,1.0
2900,a,7176,9216,coldzera,0.9
2900,a,7176,18743,nython,0.8
503,b,11283,7398,dupreeh,1.31
503,b,11283,19164,SunPayus,1.21
503,b,11283,9032,Magisk,0.87
503,b,11283,922,Snappi,0.81
503,b,11283,11777,Maden,0.75
503,a,5378,8918,electroNic,1.43
503,a,5378,16612,n0rb3r7,1.28
503,a,5378,13776,Jame,1.12
503,a,5378,12732,FL1T,0.93
503,a,5378,20101,fame,0.88
2329,a,7532,7266,syrsoN,2.33
2329,a,7532,19899,Krimbo,2.14
2329,a,7532,12708,rigoN,1.78
2329,a,7532,14929,JDC,1.25
2329,a,7532,5794,tabseN,0.91
2329,b,5005,8738,EliGE,1.0
2329,b,5005,13578,Grim,0.65
2329,b,5005,12713,floppy,0.61
2329,b,5005,12840,hallzerk,0.42
2329,b,5005,11630,JT,0.36
2402,a,8297,15631,KSCERATO,1.74
2402,a,8297,12553,yuurih,0.97
2402,a,8297,10566,chelo,0.85
2402,a,8297,18676,skullz,0.59
2402,a,8297,2023,FalleN,0.44
2402,b,5378,20101,fame,1.64
2402,b,5378,12732,FL1T,1.44
2402,b,5378,16612,n0rb3r7,1.28
2402,b,5378,13776,Jame,1.02
2402,b,5378,8918,electroNic,0.62
1678,a,4991,21062,MATYS,1.51
1678,a,4991,7528,KRIMZ,0.92
1678,a,4991,19926,afro,0.84
1678,a,4991,15165,blameF,0.59
1678,a,4991,8374,bodyy,0.52
1678,b,4494,13666,Brollan,1.53
1678,b,4494,18072,torzsi,1.51
1678,b,4494,18850,Jimpphat,1.51
1678,b,4494,20312,xertioN,1.24
1678,b,4494,16820,siuhy,0.74
558,b,11283,9032,Magisk,1.17
558,b,11283,19164,SunPayus,1.14
558,b,11283,11777,Maden,0.79
558,b,11283,7398,dupreeh,0.71
558,b,11283,922,Snappi,0.55
558,a,7176,9216,coldzera,1.48
558,a,7176,18865,dav1deuS,1.41
558,a,7176,21288,venomzera,1.15
558,a,7176,8565,HEN1,1.03
558,a,7176,18743,nython,0.74
2314,a,5005,12840,hallzerk,1.46
2314,a,5005,13578,Grim,1.39
2314,a,5005,12713,floppy,1.17
2314,a,5005,11630,JT,1.04
2314,a,5005,8738,EliGE,0.73
2314,b,6665,7592,device,1.47
2314,b,6665,10994,stavn,1.14
2314,b,6665,17956,jabbi,0.85
2314,b,6665,16717,br0,0.79
2314,b,6665,20304,Staehr,0.78
1090,b,9455,22564,noway,1.17
1090,b,9455,20183,decenty,1.15
1090,b,9455,12822,VINI,1.11
1090,b,9455,19869,try,1.04
1090,b,9455,9219,felps,0.58
1090,a,12376,22921,Lake,1.82
1090,a,12376,20104,s1n,1.16
1090,a,12376,15370,slaxz-,1.05
1090,a,12376,17378,reck,0.76
1090,a,12376,16599,Swisher,0.64
1687,b,4494,13666,Brollan,1.45
1687,b,4494,20312,xertioN,1.4
1687,b,4494,16820,siuhy,0.78
1687,b,4494,18850,Jimpphat,0.7
1687,b,4494,18072,torzsi,0.61
1687,a,5005,12713,floppy,1.46
1687,a,5005,11630,JT,1.18
1687,a,5005,13578,Grim,1.13
1687,a,5005,8738,EliGE,0.93
1687,a,5005,12840,hallzerk,0.89
2901,a,7176,9216,coldzera,1.33
2901,a,7176,21288,venomzera,1.12
2901,a,7176,8565,HEN1,0.96
2901,a,7176,18865,dav1deuS,0.86
2901,a,7176,18743,nython,0.52
2901,b,8297,18676,skullz,1.49
2901,b,8297,15631,KSCERATO,1.29
2901,b,8297,12553,yuurih,1.28
2901,b,8297,10566,chelo,1.1
2901,b,8297,2023,FalleN,0.84
2513,b,5973,8520,NAF,1.18
2513,b,5973,21763,ultimate,1.04
2513,b,5973,4679,jks,0.85
2513,b,5973,10394,Twistzz,0.82
2513,b,5973,13915,YEKINDAR,0.65
2513,a,9565,18221,Spinx,1.49
2513,a,9565,7322,apEX,1.14
2513,a,9565,11893,ZywOo,1.14
2513,a,9565,18462,mezii,0.95
2513,a,9565,16693,flameZ,0.93
2389,b,5378,8918,electroNic,1.74
2389,b,5378,16612,n0rb3r7,0.85
2389,b,5378,12732,FL1T,0.72
2389,b,5378,20101,fame,0.56
2389,b,5378,13776,Jame,0.49
2389,a,7175,9436,NertZ,1.47
2389,a,7175,17306,degster,1.26
2389,a,7175,12018,TeSeS,1.21
2389,a,7175,14148,sjuush,1.21
2389,a,7175,19677,kyxsan,0.99
2640,a,7532,19899,Krimbo,1.17
2640,a,7532,7266,syrsoN,0.98
2640,a,7532,14929,JDC,0.98
2640,a,7532,5794,tabseN,0.84
2640,a,7532,12708,rigoN,0.82
2640,b,6248,21809,910,1.53
2640,b,6248,20903,Senzu,1.23
2640,b,6248,20194,bLitz,1.02
2640,b,6248,21001,mzinho,1.0
2640,b,6248,20275,Techno,0.95
2824,b,7020,16920,sh1ro,1.33
2824,b,7020,20423,zont1x,1.27
2824,b,7020,21167,donk,1.13
2824,b,7020,7716,chopper,0.78
2824,b,7020,18317,magixx,0.73
2824,a,8297,10566,chelo,1.45
2824,a,8297,15631,KSCERATO,1.19
2824,a,8297,18676,skullz,1.12
2824,a,8297,12553,yuurih,0.64
2824,a,8297,2023,FalleN,0.53
2318,b,6667,11816,ropz,1.42
2318,b,6667,429,karrigan,1.19
2318,b,6667,8183,rain,1.08
2318,b,6667,9960,frozen,0.84
2318,b,6667,18053,broky,0.55
2318,a,5005,12713,floppy,1.26
2318,a,5005,8738,EliGE,1.21
2318,a,5005,12840,hallzerk,1.15
2318,a,5005,13578,Grim,1.04
2318,a,5005,11630,JT,0.97
2884,b,9215,21037,insani,2.07
2884,b,9215,19750,drop,1.49
2884,b,9215,11154,exit,1.21
2884,b,9215,18835,saffee,1.19
2884,b,9215,20987,brnz4n,1.03
2884,a,7175,12018,TeSeS,0.96
2884,a,7175,14148,sjuush,0.79
2884,a,7175,17306,degster,0.78
2884,a,7175,19677,kyxsan,0.64
2884,a,7175,9436,NertZ,0.5
394,a,11251,8575,Calyx,1.29
394,a,11251,7938,XANTARES,1.16
394,a,11251,150,MAJ3R,1.07
394,a,11251,8574,woxic,1.01
394,a,11251,21243,Wicadia,0.91
394,b,6248,21809,910,1.11
394,b,6248,21001,mzinho,1.1
394,b,6248,20275,Techno,1.04
394,b,6248,20903,Senzu,0.87
394,b,6248,20194,bLitz,0.84
2840,b,9455,20183,decenty,0.72
2840,b,9455,9219,felps,0.66
2840,b,9455,22564,noway,0.51
2840,b,9455,19869,try,0.47
2840,b,9455,12822,VINI,0.34
2840,a,7020,18317,magixx,2.07
2840,a,7020,20423,zont1x,2.04
2840,a,7020,21167,donk,1.56
2840,a,7020,16920,sh1ro,1.38
2840,a,7020,7716,chopper,1.03
2302,b,5973,21763,ultimate,1.96
2302,b,5973,8520,NAF,1.16
2302,b,5973,4679,jks,1.11
2302,b,5973,10394,Twistzz,1.09
2302,b,5973,13915,YEKINDAR,0.79
2302,a,5005,13578,Grim,1.0
2302,a,5005,11630,JT,0.99
2302,a,5005,8738,EliGE,0.86
2302,a,5005,12840,hallzerk,0.76
2302,a,5005,12713,floppy,0.69
689,a,11712,16705,Altekz,1.82
689,a,11712,21199,MistR,1.17
689,a,11712,13843,Lucky,0.98
689,a,11712,16723,Cabbi,0.61
689,a,11712,16731,IceBerg,0.27
689,b,11811,16848,hades,1.55
689,b,11811,19733,DemQQ,1.52
689,b,11811,17504,KEi,1.43
689,b,11811,16080,dycha,1.32
689,b,11811,20282,kRaSnaL,0.97
1089,b,12376,15370,slaxz-,1.16
1089,b,12376,22921,Lake,0.97
1089,b,12376,20104,s1n,0.77
1089,b,12376,17378,reck,0.74
1089,b,12376,16599,Swisher,0.69
1089,a,9215,21037,insani,1.76
1089,a,9215,11154,exit,1.32
1089,a,9215,18835,saffee,1.02
1089,a,9215,20987,brnz4n,0.96
1089,a,9215,19750,drop,0.93
427,a,9565,11893,ZywOo,1.4
427,a,9565,18462,mezii,1.19
427,a,9565,18221,Spinx,0.96
427,a,9565,16693,flameZ,0.88
427,a,9565,7322,apEX,0.54
427,b,11251,7938,XANTARES,1.77
427,b,11251,8574,woxic,1.2
427,b,11251,21243,Wicadia,1.13
427,b,11251,8575,Calyx,0.97
427,b,11251,150,MAJ3R,0.72
1891,b,4608,19206,jL,1.95
1891,b,4608,14759,iM,1.28
1891,b,4608,18987,b1t,1.04
1891,b,4608,9816,Aleksib,1.01
1891,b,4608,20127,w0nderful,0.82
1891,a,7020,16920,sh1ro,1.57
1891,a,7020,18317,magixx,0.98
1891,a,7020,21167,donk,0.91
1891,a,7020,7716,chopper,0.61
1891,a,7020,20423,zont1x,0.48
2454,a,5995,19230,m0NESY,1.99
2454,a,5995,3972,huNter-,1.86
2454,a,5995,11617,malbsMd,1.59
2454,a,5995,3741,NiKo,1.21
2454,a,5995,2553,Snax,0.94
2454,b,5973,10394,Twistzz,0.96
2454,b,5973,4679,jks,0.78
2454,b,5973,8520,NAF,0.75
2454,b,5973,13915,YEKINDAR,0.74
2454,b,5973,21763,ultimate,0.28
422,a,9215,21037,insani,1.23
422,a,9215,11154,exit,1.0
422,a,9215,18835,saffee,0.9
422,a,9215,19750,drop,0.74
422,a,9215,20987,brnz4n,0.61
422,b,11251,21243,Wicadia,1.53
422,b,11251,7938,XANTARES,1.25
422,b,11251,8574,woxic,1.06
422,b,11251,8575,Calyx,0.82
422,b,11251,150,MAJ3R,0.78
1844,a,4608,19206,jL,1.71
1844,a,4608,20127,w0nderful,1.38
1844,a,4608,18987,b1t,1.23
1844,a,4608,14759,iM,1.18
1844,a,4608,9816,Aleksib,0.95
1844,b,5995,3741,NiKo,1.12
1844,b,5995,19230,m0NESY,1.0
1844,b,5995,2553,Snax,0.8
1844,b,5995,11617,malbsMd,0.65
1844,b,5995,3972,huNter-,0.61
367,a,11251,150,MAJ3R,1.1
367,a,11251,21243,Wicadia,1.08
367,a,11251,7938,XANTARES,0.95
367,a,11251,8574,woxic,0.91
367,a,11251,8575,Calyx,0.56
367,b,4608,18987,b1t,1.35
367,b,4608,20127,w0nderful,1.25
367,b,4608,19206,jL,1.07
367,b,4608,9816,Aleksib,1.06
367,b,4608,14759,iM,1.04
2002,b,4773,20085,kauez,1.62
2002,b,4773,20563,lux,1.25
2002,b,4773,20171,snow,1.1
2002,b,4773,18141,biguzera,1.08
2002,b,4773,19694,nqz,1.08
2002,a,7176,21288,venomzera,1.67
2002,a,7176,18865,dav1deuS,0.74
2002,a,7176,18743,nython,0.69
2002,a,7176,24477,gtw,0.56
2002,a,7176,8565,HEN1,0.49
782,b,7532,12708,rigoN,1.43
782,b,7532,14929,JDC,1.24
782,b,7532,5794,tabseN,1.01
782,b,7532,7266,syrsoN,0.98
782,b,7532,19899,Krimbo,0.57
782,a,11811,19733,DemQQ,1.48
782,a,11811,16080,dycha,1.27
782,a,11811,16848,hades,1.13
782,a,11811,17504,KEi,0.95
782,a,11811,20282,kRaSnaL,0.72
476,b,4608,18987,b1t,1.36
476,b,4608,14759,iM,1.32
476,b,4608,19206,jL,1.32
476,b,4608,20127,w0nderful,1.11
476,b,4608,9816,Aleksib,1.04
476,a,11283,7398,dupreeh,0.92
476,a,11283,19164,SunPayus,0.9
476,a,11283,9032,Magisk,0.9
476,a,11283,11777,Maden,0.88
476,a,11283,922,Snappi,0.83
2548,a,5995,11617,malbsMd,1.42
2548,a,5995,3741,NiKo,1.21
2548,a,5995,19230,m0NESY,1.19
2548,a,5995,2553,Snax,1.14
2548,a,5995,3972,huNter-,0.86
2548,b,6667,429,karrigan,1.11
2548,b,6667,11816,ropz,1.01
2548,b,6667,8183,rain,0.9
2548,b,6667,9960,frozen,0.82
2548,b,6667,18053,broky,0.74
2741,b,9565,18221,Spinx,1.93
2741,b,9565,11893,ZywOo,1.57
2741,b,9565,18462,mezii,1.29
2741,b,9565,16693,flameZ,1.28
2741,b,9565,7322,apEX,1.16
2741,a,6665,7592,device,0.74
2741,a,6665,10994,stavn,0.7
2741,a,6665,7964,cadiaN,0.68
2741,a,6665,17956,jabbi,0.62
2741,a,6665,20304,Staehr,0.49
2485,b,7020,21167,donk,1.62
2485,b,7020,16920,sh1ro,1.36
2485,b,7020,20423,zont1x,0.87
2485,b,7020,18317,magixx,0.71
2485,b,7020,7716,chopper,0.65
2485,a,5973,4679,jks,1.44
2485,a,5973,8520,NAF,1.39
2485,a,5973,21763,ultimate,1.11
2485,a,5973,13915,YEKINDAR,1.02
2485,a,5973,10394,Twistzz,0.87
758,b,4914,13497,Lucky,1.35
758,b,4914,21969,Graviti,1.26
758,b,4914,19738,Djoko,0.97
758,b,4914,13138,Maka,0.96
758,b,4914,19739,Ex3rcice,0.86
758,a,11811,16848,hades,1.17
758,a,11811,17504,KEi,1.12
758,a,11811,16080,dycha,1.02
758,a,11811,20282,kRaSnaL,0.9
758,a,11811,19733,DemQQ,0.84
536,a,11283,922,Snappi,1.14
536,a,11283,7398,dupreeh,1.13
536,a,11283,11777,Maden,0.85
536,a,11283,9032,Magisk,0.72
536,a,11283,19164,SunPayus,0.62
536,b,6667,18053,broky,1.76
536,b,6667,8183,rain,1.6
536,b,6667,9960,frozen,1.43
536,b,6667,11816,ropz,1.38
536,b,6667,429,karrigan,0.75
1847,b,4608,14759,iM,1.93
1847,b,4608,18987,b1t,1.34
1847,b,4608,20127,w0nderful,1.09
1847,b,4608,19206,jL,0.98
1847,b,4608,9816,Aleksib,0.64
1847,a,5995,19230,m0NESY,1.38
1847,a,5995,3741,NiKo,1.33
1847,a,5995,11617,malbsMd,0.96
1847,a,5995,2553,Snax,0.82
1847,a,5995,3972,huNter-,0.64
843,a,4914,13138,Maka,2.14
843,a,4914,13497,Lucky,1.6
843,a,4914,19738,Djoko,1.28
843,a,4914,21969,Graviti,1.12
843,a,4914,19739,Ex3rcice,1.07
843,b,11861,12004,clax,0.99
843,b,11861,19882,Norwi,0.87
843,b,11861,19236,KENSI,0.77
843,b,11861,13240,Lack1,0.59
843,b,11861,20113,deko,0.46
2700,a,6665,20304,Staehr,1.41
2700,a,6665,17956,jabbi,1.14
2700,a,6665,7964,cadiaN,1.03
2700,a,6665,10994,stavn,0.83
2700,a,6665,7592,device,0.83
2700,b,7020,20423,zont1x,1.41
2700,b,7020,16920,sh1ro,1.31
2700,b,7020,18317,magixx,1.06
2700,b,7020,21167,donk,0.9
2700,b,7020,7716,chopper,0.63
2514,b,9565,11893,ZywOo,1.72
2514,b,9565,16693,flameZ,1.31
2514,b,9565,18462,mezii,0.88
2514,b,9565,7322,apEX,0.8
2514,b,9565,18221,Spinx,0.78
2514,a,5973,4679,jks,1.28
2514,a,5973,10394,Twistzz,1.24
2514,a,5973,8520,NAF,1.15
2514,a,5973,21763,ultimate,0.65
2514,a,5973,13915,YEKINDAR,0.62
2231,b,4914,13138,Maka,1.79
2231,b,4914,21969,Graviti,1.26
2231,b,4914,19739,Ex3rcice,1.17
2231,b,4914,13497,Lucky,1.11
2231,b,4914,19738,Djoko,0.88
2231,a,7969,22460,riskyb0b,1.22
2231,a,7969,21266,1eeR,1.1
2231,a,7969,23317,khaN,1.03
2231,a,7969,20387,Xant3r,0.6
2231,a,7969,23685,zweih,0.48
2555,b,5995,19230,m0NESY,1.89
2555,b,5995,3741,NiKo,1.08
2555,b,5995,11617,malbsMd,1.0
2555,b,5995,2553,Snax,0.97
2555,b,5995,3972,huNter-,0.65
2555,a,7020,20423,zont1x,1.55
2555,a,7020,16920,sh1ro,1.09
2555,a,7020,21167,donk,0.95
2555,a,7020,18317,magixx,0.89
2555,a,7020,7716,chopper,0.44
2478,a,6667,11816,ropz,1.89
2478,a,6667,18053,broky,1.5
2478,a,6667,9960,frozen,1.41
2478,a,6667,429,karrigan,1.32
2478,a,6667,8183,rain,1.07
2478,b,5973,10394,Twistzz,0.84
2478,b,5973,13915,YEKINDAR,0.78
2478,b,5973,8520,NAF,0.78
2478,b,5973,21763,ultimate,0.54
2478,b,5973,4679,jks,0.48
2260,b,4914,13138,Maka,1.52
2260,b,4914,19739,Ex3rcice,1.47
2260,b,4914,13497,Lucky,1.04
2260,b,4914,19738,Djoko,0.92
2260,b,4914,21969,Graviti,0.84
2260,a,9996,20607,buda,1.19
2260,a,9996,14736,dgt,1.18
2260,a,9996,21239,MartinezSa,0.87
2260,a,9996,22613,HUASOPEEK,0.87
2260,a,9996,12092,max,0.77
33,b,10333,19310,LNZ,1.22
33,b,10333,19187,xfl0ud,1.14
33,b,10333,22047,yxngstxr,1.13
33,b,10333,22361,jottAAA,1.04
33,b,10333,20245,SaMey,0.64
33,a,12394,19920,KaiR0N-,1.59
33,a,12394,21667,Magnojez,1.2
33,a,12394,15662,zorte,1.08
33,a,12394,18506,S1ren,0.96
33,a,12394,16921,nafany,0.9
104,b,10567,20465,arrozdoce,1.25
104,b,10567,2241,roman,0.99
104,b,10567,630,MUTiRiS,0.94
104,b,10567,20464,ewjerkz,0.77
104,b,10567,20462,story,0.63
104,a,11241,19592,headtr1ck,1.42
104,a,11241,21708,npl,1.25
104,a,11241,20112,alex666,1.2
104,a,11241,23643,esenthial,1.15
104,a,11241,16147,cptkurtka023,0.62
1128,b,12394,19920,KaiR0N-,2.0
1128,b,12394,18670,SELLTER,1.35
1128,b,12394,21667,Magnojez,1.35
1128,b,12394,15662,zorte,1.07
1128,b,12394,18506,S1ren,1.0
1128,a,4914,21969,Graviti,0.9
1128,a,4914,13497,Lucky,0.82
1128,a,4914,19739,Ex3rcice,0.74
1128,a,4914,19738,Djoko,0.72
1128,a,4914,13138,Maka,0.71
190,b,10567,20464,ewjerkz,1.59
190,b,10567,20465,arrozdoce,1.5
190,b,10567,630,MUTiRiS,1.37
190,b,10567,2241,roman,1.14
190,b,10567,20462,story,0.94
190,a,7969,23685,zweih,1.34
190,a,7969,23317,khaN,1.11
190,a,7969,20387,Xant3r,0.73
190,a,7969,22460,riskyb0b,0.64
190,a,7969,21266,1eeR,0.49
2600,b,9565,11893,ZywOo,1.37
2600,b,9565,18221,Spinx,1.23
2600,b,9565,16693,flameZ,0.83
2600,b,9565,18462,mezii,0.83
2600,b,9565,7322,apEX,0.69
2600,a,5995,3741,NiKo,1.57
2600,a,5995,11617,malbsMd,1.35
2600,a,5995,2553,Snax,1.18
2600,a,5995,19230,m0NESY,1.03
2600,a,5995,3972,huNter-,0.85
279,a,11241,16147,cptkurtka023,1.48
279,a,11241,21708,npl,1.28
279,a,11241,23643,esenthial,1.22
279,a,11241,20112,alex666,1.07
279,a,11241,19592,headtr1ck,0.97
279,b,4914,19739,Ex3rcice,1.07
279,b,4914,13138,Maka,0.97
279,b,4914,21969,Graviti,0.96
279,b,4914,19738,Djoko,0.91
279,b,4914,13497,Lucky,0.68
206,a,9996,12092,max,1.18
206,a,9996,22613,HUASOPEEK,1.09
206,a,9996,14736,dgt,0.8
206,a,9996,21239,MartinezSa,0.78
206,a,9996,20607,buda,0.72
206,b,10567,20464,ewjerkz,1.65
206,b,10567,2241,roman,1.32
206,b,10567,630,MUTiRiS,1.05
206,b,10567,20465,arrozdoce,0.92
206,b,10567,20462,story,0.76
1879,b,4608,19206,jL,2.11
1879,b,4608,14759,iM,1.75
1879,b,4608,9816,Aleksib,1.43
1879,b,4608,20127,w0nderful,1.41
1879,b,4608,18987,b1t,0.95
1879,a,6667,18053,broky,1.3
1879,a,6667,11816,ropz,0.91
1879,a,6667,429,karrigan,0.63
1879,a,6667,8183,rain,0.57
1879,a,6667,9960,frozen,0.46
2003,b,4773,20085,kauez,1.62
2003,b,4773,20563,lux,1.28
2003,b,4773,20171,snow,1.11
2003,b,4773,19694,nqz,0.98
2003,b,4773,18141,biguzera,0.9
2003,a,7176,18743,nython,1.25
2003,a,7176,18865,dav1deuS,0.92
2003,a,7176,9216,coldzera,0.75
2003,a,7176,21288,venomzera,0.69
2003,a,7176,8565,HEN1,0.54
157,a,10567,20464,ewjerkz,1.84
157,a,10567,20462,story,1.38
157,a,10567,630,MUTiRiS,1.17
157,a,10567,20465,arrozdoce,1.02
157,a,10567,2241,roman,0.7
157,b,4914,19739,Ex3rcice,1.45
157,b,4914,21969,Graviti,0.96
157,b,4914,13138,Maka,0.85
157,b,4914,19738,Djoko,0.82
157,b,4914,13497,Lucky,0.56
1848,b,5995,11617,malbsMd,1.65
1848,b,5995,3972,huNter-,1.22
1848,b,5995,19230,m0NESY,1.18
1848,b,5995,3741,NiKo,0.89
1848,b,5995,2553,Snax,0.67
1848,a,4608,19206,jL,1.36
1848,a,4608,9816,Aleksib,1.19
1848,a,4608,18987,b1t,1.07
1848,a,4608,14759,iM,0.61
1848,a,4608,20127,w0nderful,0.5
1106,b,12394,19920,KaiR0N-,0.9
1106,b,12394,21667,Magnojez,0.66
1106,b,12394,18506,S1ren,0.58
1106,b,12394,15662,zorte,0.58
1106,b,12394,16921,nafany,0.51
1106,a,12774,11140,INS,2.59
1106,a,12774,11139,aliStair,1.65
1106,a,12774,9115,dexter,1.63
1106,a,12774,10588,Liazz,1.58
1106,a,12774,17384,Vexite,0.72
966,a,12257,8711,Sonic,1.28
966,a,12257,8507,stanislaw,0.91
966,a,12257,21665,JBa,0.9
966,a,12257,20018,fr3nd,0.7
966,a,12257,21163,susp,0.57
966,b,12376,22921,Lake,1.71
966,b,12376,17378,reck,1.34
966,b,12376,20104,s1n,1.17
966,b,12376,16599,Swisher,0.96
966,b,12376,15370,slaxz-,0.68
2906,a,9455,12822,VINI,1.46
2906,a,9455,9219,felps,1.38
2906,a,9455,22564,noway,1.11
2906,a,9455,20183,decenty,0.84
2906,a,9455,19869,try,0.83
2906,b,7176,8565,HEN1,1.62
2906,b,7176,9216,coldzera,1.44
2906,b,7176,18865,dav1deuS,0.99
2906,b,7176,21288,venomzera,0.62
2906,b,7176,18743,nython,0.47
136,b,12774,9115,dexter,1.38
136,b,12774,11140,INS,1.37
136,b,12774,17384,Vexite,1.19
136,b,12774,11139,aliStair,1.02
136,b,12774,10588,Liazz,0.64
136,a,10567,20465,arrozdoce,1.23
136,a,10567,20462,story,1.16
136,a,10567,20464,ewjerkz,1.01
136,a,10567,2241,roman,0.94
136,a,10567,630,MUTiRiS,0.68
1081,a,7532,7266,syrsoN,1.69
1081,a,7532,12708,rigoN,1.12
1081,a,7532,19899,Krimbo,1.07
1081,a,7532,14929,JDC,1.06
1081,a,7532,5794,tabseN,1.04
1081,b,12376,15370,slaxz-,1.08
1081,b,12376,20104,s1n,0.91
1081,b,12376,16599,Swisher,0.85
1081,b,12376,22921,Lake,0.84
1081,b,12376,17378,reck,0.81
967,b,12376,17378,reck,1.29
967,b,12376,22921,Lake,1.03
967,b,12376,15370,slaxz-,0.9
967,b,12376,16599,Swisher,0.86
967,b,12376,20104,s1n,0.77
967,a,12257,20018,fr3nd,1.33
967,a,12257,21163,susp,1.3
967,a,12257,21665,JBa,1.27
967,a,12257,8507,stanislaw,1.14
967,a,12257,8711,Sonic,0.96
129,a,10567,20462,story,1.4
129,a,10567,20464,ewjerkz,1.19
129,a,10567,630,MUTiRiS,1.15
129,a,10567,20465,arrozdoce,0.97
129,a,10567,2241,roman,0.94
129,b,12394,19920,KaiR0N-,1.44
129,b,12394,16921,nafany,1.1
129,b,12394,15662,zorte,0.91
129,b,12394,18506,S1ren,0.8
129,b,12394,21667,Magnojez,0.6
975,b,12774,9115,dexter,2.47
975,b,12774,11139,aliStair,1.4
975,b,12774,10588,Liazz,1.39
975,b,12774,11140,INS,1.05
975,b,12774,17384,Vexite,1.04
975,a,12257,8711,Sonic,0.93
975,a,12257,8507,stanislaw,0.79
975,a,12257,21665,JBa,0.67
975,a,12257,20018,fr3nd,0.55
975,a,12257,21163,susp,0.43
185,b,7532,19899,Krimbo,1.54
185,b,7532,7266,syrsoN,1.37
185,b,7532,14929,JDC,0.93
185,b,7532,5794,tabseN,0.92
185,b,7532,12708,rigoN,0.84
185,a,10567,20464,ewjerkz,1.64
185,a,10567,2241,roman,1.12
185,a,10567,20465,arrozdoce,0.83
185,a,10567,20462,story,0.72
185,a,10567,630,MUTiRiS,0.64
1448,a,12774,9115,dexter,1.4
1448,a,12774,11139,aliStair,1.36
1448,a,12774,11140,INS,1.06
1448,a,12774,17384,Vexite,1.0
1448,a,12774,10588,Liazz,0.95
1448,b,7532,19899,Krimbo,1.64
1448,b,7532,14929,JDC,1.16
1448,b,7532,5794,tabseN,0.79
1448,b,7532,12708,rigoN,0.77
1448,b,7532,7266,syrsoN,0.5
1666,b,4494,18850,Jimpphat,1.48
1666,b,4494,20312,xertioN,1.31
1666,b,4494,16820,siuhy,0.99
1666,b,4494,18072,torzsi,0.76
1666,b,4494,13666,Brollan,0.76
1666,a,4773,20563,lux,1.87
1666,a,4773,18141,biguzera,1.1
1666,a,4773,19694,nqz,0.81
1666,a,4773,20085,kauez,0.77
1666,a,4773,20171,snow,0.75
2777,a,6667,9960,frozen,0.93
2777,a,6667,429,karrigan,0.9
2777,a,6667,11816,ropz,0.83
2777,a,6667,8183,rain,0.81
2777,a,6667,18053,broky,0.76
2777,b,8297,15631,KSCERATO,2.12
2777,b,8297,10566,chelo,1.29
2777,b,8297,12553,yuurih,1.27
2777,b,8297,18676,skullz,1.13
2777,b,8297,2023,FalleN,0.86
2301,b,5973,4679,jks,1.8
2301,b,5973,8520,NAF,1.42
2301,b,5973,21763,ultimate,1.28
2301,b,5973,10394,Twistzz,1.23
2301,b,5973,13915,YEKINDAR,0.71
2301,a,5005,13578,Grim,1.15
2301,a,5005,12840,hallzerk,0.88
2301,a,5005,11630,JT,0.81
2301,a,5005,8738,EliGE,0.61
2301,a,5005,12713,floppy,0.6
1923,a,4608,18987,b1t,2.0
1923,a,4608,14759,iM,1.74
1923,a,4608,19206,jL,1.52
1923,a,4608,9816,Aleksib,1.34
1923,a,4608,20127,w0nderful,1.29
1923,b,9455,12822,VINI,0.94
1923,b,9455,19869,try,0.65
1923,b,9455,9219,felps,0.63
1923,b,9455,22564,noway,0.49
1923,b,9455,20183,decenty,0.24
3021,b,9565,11893,ZywOo,1.8
3021,b,9565,16693,flameZ,1.68
3021,b,9565,18221,Spinx,1.49
3021,b,9565,18462,mezii,1.17
3021,b,9565,7322,apEX,1.12
3021,a,9996,21239,MartinezSa,1.07
3021,a,9996,14736,dgt,0.93
3021,a,9996,12092,max,0.7
3021,a,9996,20607,buda,0.58
3021,a,9996,22613,HUASOPEEK,0.31
2571,a,5995,11617,malbsMd,1.49
2571,a,5995,19230,m0NESY,1.37
2571,a,5995,2553,Snax,0.7
2571,a,5995,3741,NiKo,0.63
2571,a,5995,3972,huNter-,0.61
2571,b,7175,12018,TeSeS,2.27
2571,b,7175,14148,sjuush,1.35
2571,b,7175,17306,degster,1.35
2571,b,7175,9436,NertZ,1.03
2571,b,7175,19677,kyxsan,0.75
2362,b,5378,8918,electroNic,1.41
2362,b,5378,16612,n0rb3r7,1.37
2362,b,5378,12732,FL1T,0.98
2362,b,5378,13776,Jame,0.56
2362,b,5378,20101,fame,0.47
2362,a,6248,20275,Techno,1.45
2362,a,6248,21809,910,1.31
2362,a,6248,21001,mzinho,1.01
2362,a,6248,20194,bLitz,0.99
2362,a,6248,20903,Senzu,0.98
398,b,11251,8574,woxic,1.26
398,b,11251,21243,Wicadia,1.1
398,b,11251,7938,XANTARES,1.0
398,b,11251,150,MAJ3R,0.89
398,b,11251,8575,Calyx,0.74
398,a,6665,20304,Staehr,1.52
398,a,6665,17956,jabbi,1.28
398,a,6665,10994,stavn,1.24
398,a,6665,7592,device,0.77
398,a,6665,7964,cadiaN,0.58
1770,b,8297,2023,FalleN,1.44
1770,b,8297,18676,skullz,1.37
1770,b,8297,12553,yuurih,1.34
1770,b,8297,10566,chelo,1.29
1770,b,8297,15631,KSCERATO,1.22
1770,a,4494,18850,Jimpphat,1.38
1770,a,4494,18072,torzsi,1.16
1770,a,4494,20312,xertioN,0.83
1770,a,4494,13666,Brollan,0.7
1770,a,4494,16820,siuhy,0.3
1987,b,6667,11816,ropz,1.46
1987,b,6667,9960,frozen,1.34
1987,b,6667,18053,broky,1.24
1987,b,6667,429,karrigan,1.21
1987,b,6667,8183,rain,0.84
1987,a,4773,20171,snow,1.26
1987,a,4773,19694,nqz,1.19
1987,a,4773,18141,biguzera,0.98
1987,a,4773,20563,lux,0.5
1987,a,4773,20085,kauez,0.49
2340,b,9455,19869,try,0.96
2340,b,9455,20183,decenty,0.8
2340,b,9455,22564,noway,0.72
2340,b,9455,12822,VINI,0.65
2340,b,9455,9219,felps,0.54
2340,a,5005,13578,Grim,1.85
2340,a,5005,11630,JT,1.46
2340,a,5005,8738,EliGE,1.38
2340,a,5005,12713,floppy,1.24
2340,a,5005,12840,hallzerk,1.07
1836,a,4608,14759,iM,1.49
1836,a,4608,18987,b1t,1.21
1836,a,4608,20127,w0nderful,0.98
1836,a,4608,9816,Aleksib,0.9
1836,a,4608,19206,jL,0.73
1836,b,5973,4679,jks,1.22
1836,b,5973,13915,YEKINDAR,1.18
1836,b,5973,10394,Twistzz,1.06
1836,b,5973,8520,NAF,0.88
1836,b,5973,21763,ultimate,0.57
2430,a,9996,12092,max,0.91
2430,a,9996,14736,dgt,0.57
2430,a,9996,22613,HUASOPEEK,0.51
2430,a,9996,20607,buda,0.44
2430,a,9996,21239,MartinezSa,0.42
2430,b,5378,20101,fame,1.85
2430,b,5378,16612,n0rb3r7,1.6
2430,b,5378,8918,electroNic,1.54
2430,b,5378,13776,Jame,1.24
2430,b,5378,12732,FL1T,1.16
2665,b,9565,11893,ZywOo,2.22
2665,b,9565,18462,mezii,1.33
2665,b,9565,7322,apEX,1.07
2665,b,9565,16693,flameZ,0.74
2665,b,9565,18221,Spinx,0.72
2665,a,6248,20194,bLitz,1.23
2665,a,6248,20903,Senzu,1.19
2665,a,6248,21001,mzinho,1.04
2665,a,6248,20275,Techno,0.84
2665,a,6248,21809,910,0.63
389,b,5995,19230,m0NESY,1.5
389,b,5995,11617,malbsMd,0.84
389,b,5995,2553,Snax,0.8
389,b,5995,3972,huNter-,0.67
389,b,5995,3741,NiKo,0.66
389,a,11251,7938,XANTARES,1.58
389,a,11251,8574,woxic,1.34
389,a,11251,21243,Wicadia,1.21
389,a,11251,150,MAJ3R,0.96
389,a,11251,8575,Calyx,0.93
2709,a,7175,17306,degster,1.43
2709,a,7175,14148,sjuush,1.2
2709,a,7175,9436,NertZ,1.15
2709,a,7175,19677,kyxsan,1.05
2709,a,7175,12018,TeSeS,1.0
2709,b,6665,10994,stavn,1.28
2709,b,6665,17956,jabbi,1.18
2709,b,6665,7964,cadiaN,0.8
2709,b,6665,20304,Staehr,0.77
2709,b,6665,7592,device,0.62
2030,b,9215,21037,insani,0.98
2030,b,9215,19750,drop,0.85
2030,b,9215,11154,exit,0.56
2030,b,9215,18717,Lucaozy,0.45
2030,b,9215,18835,saffee,0.43
2030,a,4773,20085,kauez,1.76
2030,a,4773,20563,lux,1.68
2030,a,4773,18141,biguzera,1.61
2030,a,4773,20171,snow,1.31
2030,a,4773,19694,nqz,1.21
2476,b,6667,429,karrigan,1.89
2476,b,6667,9960,frozen,1.39
2476,b,6667,8183,rain,1.09
2476,b,6667,18053,broky,1.07
2476,b,6667,11816,ropz,0.88
2476,a,5973,8520,NAF,1.24
2476,a,5973,4679,jks,1.22
2476,a,5973,10394,Twistzz,0.76
2476,a,5973,21763,ultimate,0.73
2476,a,5973,13915,YEKINDAR,0.44
1684,b,4494,13666,Brollan,1.42
1684,b,4494,18850,Jimpphat,1.31
1684,b,4494,20312,xertioN,1.08
1684,b,4494,16820,siuhy,0.99
1684,b,4494,18072,torzsi,0.86
1684,a,5005,8738,EliGE,1.27
1684,a,5005,11630,JT,1.1
1684,a,5005,12840,hallzerk,1.04
1684,a,5005,12713,floppy,0.98
1684,a,5005,13578,Grim,0.6
2366,b,5378,20101,fame,1.5
2366,b,5378,16612,n0rb3r7,1.36
2366,b,5378,12732,FL1T,1.17
2366,b,5378,13776,Jame,1.14
2366,b,5378,8918,electroNic,0.72
2366,a,6665,10994,stavn,1.46
2366,a,6665,17956,jabbi,1.11
2366,a,6665,20304,Staehr,0.94
2366,a,6665,7964,cadiaN,0.88
2366,a,6665,7592,device,0.66
393,b,6248,20903,Senzu,2.06
393,b,6248,21001,mzinho,1.73
393,b,6248,20275,Techno,1.39
393,b,6248,21809,910,1.25
393,b,6248,20194,bLitz,0.78
393,a,11251,8575,Calyx,1.44
393,a,11251,8574,woxic,0.65
393,a,11251,7938,XANTARES,0.63
393,a,11251,21243,Wicadia,0.59
393,a,11251,150,MAJ3R,0.4
2893,a,9565,18221,Spinx,1.12
2893,a,9565,11893,ZywOo,1.01
2893,a,9565,18462,mezii,0.98
2893,a,9565,7322,apEX,0.66
2893,a,9565,16693,flameZ,0.59
2893,b,7175,12018,TeSeS,2.01
2893,b,7175,9436,NertZ,1.46
2893,b,7175,14148,sjuush,1.05
2893,b,7175,17306,degster,0.9
2893,b,7175,19677,kyxsan,0.85
1912,a,8297,15631,KSCERATO,1.7
1912,a,8297,18676,skullz,1.56
1912,a,8297,12553,yuurih,1.53
1912,a,8297,2023,FalleN,1.12
1912,a,8297,10566,chelo,0.73
1912,b,4608,20127,w0nderful,1.19
1912,b,4608,19206,jL,1.14
1912,b,4608,18987,b1t,1.1
1912,b,4608,14759,iM,0.61
1912,b,4608,9816,Aleksib,0.38
2363,b,5378,13776,Jame,2.3
2363,b,5378,8918,electroNic,1.83
2363,b,5378,20101,fame,1.29
2363,b,5378,12732,FL1T,1.05
2363,b,5378,16612,n0rb3r7,0.9
2363,a,6248,21809,910,1.08
2363,a,6248,21001,mzinho,1.03
2363,a,6248,20194,bLitz,0.84
2363,a,6248,20275,Techno,0.58
2363,a,6248,20903,Senzu,0.21
1732,a,6667,11816,ropz,1.3
1732,a,6667,429,karrigan,0.86
1732,a,6667,8183,rain,0.73
1732,a,6667,18053,broky,0.66
1732,a,6667,9960,frozen,0.53
1732,b,4494,18072,torzsi,1.52
1732,b,4494,20312,xertioN,1.44
1732,b,4494,13666,Brollan,1.44
1732,b,4494,18850,Jimpphat,1.37
1732,b,4494,16820,siuhy,0.87
2902,a,9215,19750,drop,1.84
2902,a,9215,18835,saffee,1.33
2902,a,9215,18717,Lucaozy,1.13
2902,a,9215,11154,exit,1.09
2902,a,9215,21037,insani,0.89
2902,b,7176,21288,venomzera,1.04
2902,b,7176,18865,dav1deuS,0.99
2902,b,7176,8565,HEN1,0.95
2902,b,7176,18743,nython,0.85
2902,b,7176,9216,coldzera,0.4
1832,a,5378,8918,electroNic,1.24
1832,a,5378,16612,n0rb3r7,1.0
1832,a,5378,13776,Jame,0.97
1832,a,5378,12732,FL1T,0.9
1832,a,5378,20101,fame,0.89
1832,b,4608,19206,jL,1.73
1832,b,4608,14759,iM,0.97
1832,b,4608,20127,w0nderful,0.9
1832,b,4608,9816,Aleksib,0.85
1832,b,4608,18987,b1t,0.79
1784,a,9565,16693,flameZ,1.32
1784,a,9565,11893,ZywOo,1.08
1784,a,9565,18221,Spinx,0.86
1784,a,9565,7322,apEX,0.69
1784,a,9565,18462,mezii,0.57
1784,b,4494,18850,Jimpphat,1.68
1784,b,4494,20312,xertioN,1.52
1784,b,4494,18072,torzsi,1.13
1784,b,4494,13666,Brollan,0.91
1784,b,4494,16820,siuhy,0.81
1903,a,7175,9436,NertZ,0.93
1903,a,7175,19677,kyxsan,0.8
1903,a,7175,17306,degster,0.78
1903,a,7175,12018,TeSeS,0.66
1903,a,7175,14148,sjuush,0.42
1903,b,4608,19206,jL,1.68
1903,b,4608,18987,b1t,1.45
1903,b,4608,20127,w0nderful,1.33
1903,b,4608,14759,iM,1.17
1903,b,4608,9816,Aleksib,1.12
1771,a,8297,12553,yuurih,1.11
1771,a,8297,2023,FalleN,0.99
1771,a,8297,15631,KSCERATO,0.79
1771,a,8297,18676,skullz,0.61
1771,a,8297,10566,chelo,0.36
1771,b,4494,18850,Jimpphat,1.73
1771,b,4494,13666,Brollan,1.69
1771,b,4494,18072,torzsi,1.51
1771,b,4494,16820,siuhy,1.02
1771,b,4494,20312,xertioN,1.0
1659,b,4608,19206,jL,1.31
1659,b,4608,14759,iM,1.31
1659,b,4608,20127,w0nderful,1.23
1659,b,4608,18987,b1t,1.22
1659,b,4608,9816,Aleksib,0.88
1659,a,4494,18850,Jimpphat,1.38
1659,a,4494,13666,Brollan,1.28
1659,a,4494,20312,xertioN,0.91
1659,a,4494,18072,torzsi,0.73
1659,a,4494,16820,siuhy,0.61
962,b,12144,20394,luchov,1.6
962,b,12144,20690,zock,1.02
962,b,12144,22570,tomaszin,1.01
962,b,12144,21155,naz,0.84
962,b,12144,2161,Noktse,0.7
962,a,7176,8565,HEN1,1.19
962,a,7176,21288,venomzera,1.16
962,a,7176,18865,dav1deuS,1.1
962,a,7176,9216,coldzera,1.09
962,a,7176,18743,nython,0.8
43,a,10333,22361,jottAAA,2.17
43,a,10333,20245,SaMey,1.31
43,a,10333,19310,LNZ,1.31
43,a,10333,22047,yxngstxr,0.99
43,a,10333,19187,xfl0ud,0.9
43,b,7969,23317,khaN,1.4
43,b,7969,21266,1eeR,0.93
43,b,7969,20387,Xant3r,0.87
43,b,7969,23685,zweih,0.59
43,b,7969,22460,riskyb0b,0.55
260,a,4411,9278,REZ,1.33
260,a,4411,20425,r1nkle,1.24
260,a,4411,17937,isak,1.1
260,a,4411,16811,MisteM,0.84
260,a,4411,22759,jocab,0.74
260,b,11241,20112,alex666,1.46
260,b,11241,19592,headtr1ck,1.39
260,b,11241,23643,esenthial,1.06
260,b,11241,21708,npl,1.01
260,b,11241,16147,cptkurtka023,0.69
289,b,6248,20275,Techno,1.64
289,b,6248,21001,mzinho,1.44
289,b,6248,20194,bLitz,1.14
289,b,6248,21809,910,1.02
289,b,6248,20903,Senzu,0.87
289,a,11241,23643,esenthial,1.15
289,a,11241,19592,headtr1ck,0.95
289,a,11241,16147,cptkurtka023,0.84
289,a,11241,20112,alex666,0.66
289,a,11241,21708,npl,0.57
31,b,10567,21014,Ag1l,1.53
31,b,10567,2241,roman,0.85
31,b,10567,20462,story,0.79
31,b,10567,20464,ewjerkz,0.78
31,b,10567,630,MUTiRiS,0.62
31,a,10333,20245,SaMey,1.42
31,a,10333,19187,xfl0ud,1.3
31,a,10333,22361,jottAAA,1.24
31,a,10333,19310,LNZ,1.2
31,a,10333,22047,yxngstxr,0.87
2229,b,7969,20387,Xant3r,1.68
2229,b,7969,23317,khaN,1.13
2229,b,7969,23685,zweih,1.11
2229,b,7969,21266,1eeR,1.02
2229,b,7969,22460,riskyb0b,0.98
2229,a,4914,13497,Lucky,1.47
2229,a,4914,19739,Ex3rcice,0.98
2229,a,4914,13138,Maka,0.9
2229,a,4914,21969,Graviti,0.78
2229,a,4914,19738,Djoko,0.66
2903,a,9215,21037,insani,2.64
2903,a,9215,19750,drop,1.99
2903,a,9215,18717,Lucaozy,1.73
2903,a,9215,11154,exit,0.93
2903,a,9215,18835,saffee,0.55
2903,b,7176,8565,HEN1,1.17
2903,b,7176,21288,venomzera,1.03
2903,b,7176,9216,coldzera,0.88
2903,b,7176,18865,dav1deuS,0.35
2903,b,7176,18743,nython,0.33
2164,a,9996,14736,dgt,1.03
2164,a,9996,12092,max,0.93
2164,a,9996,21239,MartinezSa,0.92
2164,a,9996,20607,buda,0.79
2164,a,9996,22613,HUASOPEEK,0.72
2164,b,4869,7412,gla1ve,1.53
2164,b,4869,12731,sdy,1.29
2164,b,4869,23372,xKacpersky,1.27
2164,b,4869,21972,Neityu,1.19
2164,b,4869,21815,podi,0.7
2143,b,7175,19677,kyxsan,1.68
2143,b,7175,9436,NertZ,1.59
2143,b,7175,12018,TeSeS,1.18
2143,b,7175,17306,degster,0.9
2143,b,7175,14148,sjuush,0.89
2143,a,4869,7412,gla1ve,1.31
2143,a,4869,23372,xKacpersky,1.03
2143,a,4869,12731,sdy,1.02
2143,a,4869,21972,Neityu,0.81
2143,a,4869,21815,podi,0.73
44,a,10333,20245,SaMey,1.64
44,a,10333,19187,xfl0ud,1.47
44,a,10333,19310,LNZ,1.22
44,a,10333,22047,yxngstxr,1.11
44,a,10333,22361,jottAAA,0.98
44,b,7969,23685,zweih,1.48
44,b,7969,20387,Xant3r,0.91
44,b,7969,21266,1eeR,0.8
44,b,7969,22460,riskyb0b,0.64
44,b,7969,23317,khaN,0.58
2904,a,9455,20183,decenty,1.76
2904,a,9455,9219,felps,1.02
2904,a,9455,22564,noway,0.92
2904,a,9455,12822,VINI,0.71
2904,a,9455,19869,try,0.52
2904,b,7176,21288,venomzera,1.33
2904,b,7176,18865,dav1deuS,1.33
2904,b,7176,8565,HEN1,1.19
2904,b,7176,9216,coldzera,1.15
2904,b,7176,18743,nython,0.95
2031,a,4773,20563,lux,1.71
2031,a,4773,20171,snow,1.31
2031,a,4773,19694,nqz,1.31
2031,a,4773,18141,biguzera,1.23
2031,a,4773,20085,kauez,1.1
2031,b,9215,11154,exit,1.13
2031,b,9215,19750,drop,1.07
2031,b,9215,21037,insani,0.67
2031,b,9215,18717,Lucaozy,0.54
2031,b,9215,18835,saffee,0.52
2165,a,4869,23372,xKacpersky,1.67
2165,a,4869,21815,podi,1.57
2165,a,4869,12731,sdy,0.99
2165,a,4869,7412,gla1ve,0.86
2165,a,4869,21972,Neityu,0.81
2165,b,9996,20607,buda,1.17
2165,b,9996,14736,dgt,1.1
2165,b,9996,21239,MartinezSa,1.07
2165,b,9996,22613,HUASOPEEK,0.94
2165,b,9996,12092,max,0.72
153,b,4914,21969,Graviti,1.61
153,b,4914,19738,Djoko,1.51
153,b,4914,13497,Lucky,1.19
153,b,4914,19739,Ex3rcice,1.11
153,b,4914,13138,Maka,0.48
153,a,10567,20464,ewjerkz,1.43
153,a,10567,630,MUTiRiS,1.06
153,a,10567,20462,story,0.97
153,a,10567,21014,Ag1l,0.96
153,a,10567,2241,roman,0.9
963,b,12144,20394,luchov,1.58
963,b,12144,21155,naz,1.27
963,b,12144,22570,tomaszin,1.17
963,b,12144,20690,zock,1.01
963,b,12144,2161,Noktse,0.91
963,a,7176,18865,dav1deuS,1.16
963,a,7176,8565,HEN1,1.14
963,a,7176,9216,coldzera,0.96
963,a,7176,21288,venomzera,0.83
963,a,7176,18743,nython,0.72
2278,b,4991,7528,KRIMZ,1.08
2278,b,4991,8374,bodyy,1.02
2278,b,4991,13670,nawwk,0.94
2278,b,4991,15165,blameF,0.9
2278,b,4991,21062,MATYS,0.6
2278,a,7969,23317,khaN,1.21
2278,a,7969,23685,zweih,1.08
2278,a,7969,22460,riskyb0b,1.07
2278,a,7969,20387,Xant3r,1.06
2278,a,7969,21266,1eeR,1.01
2132,b,6248,20194,bLitz,1.04
2132,b,6248,21809,910,0.95
2132,b,6248,20903,Senzu,0.85
2132,b,6248,20275,Techno,0.73
2132,b,6248,21001,mzinho,0.65
2132,a,4869,23372,xKacpersky,1.47
2132,a,4869,12731,sdy,1.35
2132,a,4869,21972,Neityu,1.25
2132,a,4869,21815,podi,1.23
2132,a,4869,7412,gla1ve,0.97
2230,b,7969,23317,khaN,2.1
2230,b,7969,20387,Xant3r,1.68
2230,b,7969,22460,riskyb0b,1.33
2230,b,7969,21266,1eeR,1.15
2230,b,7969,23685,zweih,0.95
2230,a,4914,19739,Ex3rcice,1.17
2230,a,4914,13138,Maka,1.04
2230,a,4914,21969,Graviti,0.92
2230,a,4914,13497,Lucky,0.47
2230,a,4914,19738,Djoko,0.36
304,a,11241,20112,alex666,1.02
304,a,11241,21708,npl,1.0
304,a,11241,16147,cptkurtka023,0.96
304,a,11241,19592,headtr1ck,0.83
304,a,11241,23643,esenthial,0.59
304,b,7175,19677,kyxsan,1.35
304,b,7175,12018,TeSeS,1.33
304,b,7175,14148,sjuush,1.31
304,b,7175,17306,degster,1.12
304,b,7175,9436,NertZ,1.11
965,b,9215,21037,insani,1.67
965,b,9215,11154,exit,1.51
965,b,9215,18717,Lucaozy,0.98
965,b,9215,19750,drop,0.85
965,b,9215,18835,saffee,0.82
965,a,12144,20394,luchov,1.31
965,a,12144,21155,naz,1.19
965,a,12144,22570,tomaszin,0.87
965,a,12144,2161,Noktse,0.87
965,a,12144,20690,zock,0.59
2144,a,4869,7412,gla1ve,2.06
2144,a,4869,23372,xKacpersky,1.42
2144,a,4869,21972,Neityu,1.19
2144,a,4869,12731,sdy,1.06
2144,a,4869,21815,podi,0.76
2144,b,7175,9436,NertZ,1.12
2144,b,7175,19677,kyxsan,0.99
2144,b,7175,12018,TeSeS,0.89
2144,b,7175,17306,degster,0.62
2144,b,7175,14148,sjuush,0.55
45,b,10333,19187,xfl0ud,1.32
45,b,10333,22361,jottAAA,1.28
45,b,10333,22047,yxngstxr,1.18
45,b,10333,19310,LNZ,1.17
45,b,10333,20245,SaMey,0.85
45,a,7969,22460,riskyb0b,1.05
45,a,7969,23685,zweih,1.01
45,a,7969,20387,Xant3r,0.79
45,a,7969,23317,khaN,0.78
45,a,7969,21266,1eeR,0.69
2032,a,4773,20563,lux,1.59
2032,a,4773,20085,kauez,1.45
2032,a,4773,20171,snow,0.9
2032,a,4773,19694,nqz,0.86
2032,a,4773,18141,biguzera,0.62
2032,b,9215,19750,drop,1.1
2032,b,9215,18717,Lucaozy,1.05
2032,b,9215,21037,insani,0.97
2032,b,9215,11154,exit,0.74
2032,b,9215,18835,saffee,0.68
491,b,11283,7998,s1mple,2.13
491,b,11283,9032,Magisk,0.94
491,b,11283,922,Snappi,0.76
491,b,11283,11777,Maden,0.62
491,b,11283,7398,dupreeh,0.5
491,a,4914,19739,Ex3rcice,1.54
491,a,4914,21969,Graviti,1.37
491,a,4914,13497,Lucky,1.28
491,a,4914,13138,Maka,1.03
491,a,4914,19738,Djoko,0.67
507,a,11283,7998,s1mple,1.78
507,a,11283,9032,Magisk,1.19
507,a,11283,922,Snappi,0.82
507,a,11283,11777,Maden,0.8
507,a,11283,7398,dupreeh,0.35
507,b,5378,13776,Jame,1.57
507,b,5378,12732,FL1T,1.46
507,b,5378,16612,n0rb3r7,1.23
507,b,5378,8918,electroNic,1.18
507,b,5378,20101,fame,0.82
2290,a,9996,21239,MartinezSa,1.25
2290,a,9996,20607,buda,0.89
2290,a,9996,14736,dgt,0.88
2290,a,9996,12092,max,0.8
2290,a,9996,22613,HUASOPEEK,0.57
2290,b,4991,7528,KRIMZ,1.71
2290,b,4991,15165,blameF,1.68
2290,b,4991,8374,bodyy,1.15
2290,b,4991,13670,nawwk,0.87
2290,b,4991,21062,MATYS,0.67
2268,a,6248,21809,910,1.71
2268,a,6248,20194,bLitz,1.42
2268,a,6248,21001,mzinho,1.33
2268,a,6248,20903,Senzu,1.03
2268,a,6248,20275,Techno,0.77
2268,b,4991,8374,bodyy,1.12
2268,b,4991,7528,KRIMZ,0.97
2268,b,4991,13670,nawwk,0.81
2268,b,4991,21062,MATYS,0.78
2268,b,4991,15165,blameF,0.63
1652,a,9455,20183,decenty,1.34
1652,a,9455,9219,felps,1.12
1652,a,9455,22564,noway,1.1
1652,a,9455,19869,try,0.81
1652,a,9455,12822,VINI,0.78
1652,b,4411,22759,jocab,1.32
1652,b,4411,16811,MisteM,1.29
1652,b,4411,9278,REZ,1.28
1652,b,4411,20425,r1nkle,0.96
1652,b,4411,17937,isak,0.82
1639,a,7175,17306,degster,1.55
1639,a,7175,12018,TeSeS,1.1
1639,a,7175,19677,kyxsan,1.09
1639,a,7175,9436,NertZ,1.05
1639,a,7175,14148,sjuush,0.78
1639,b,4411,22759,jocab,1.74
1639,b,4411,20425,r1nkle,1.19
1639,b,4411,9278,REZ,0.86
1639,b,4411,17937,isak,0.81
1639,b,4411,16811,MisteM,0.8
956,a,12376,16599,Swisher,0.8
956,a,12376,22921,Lake,0.74
956,a,12376,20104,s1n,0.61
956,a,12376,15370,slaxz-,0.54
956,a,12376,17378,reck,0.41
956,b,12144,20394,luchov,1.97
956,b,12144,22570,tomaszin,1.94
956,b,12144,21155,naz,1.84
956,b,12144,2161,Noktse,1.6
956,b,12144,20690,zock,0.8
964,b,7532,12708,rigoN,1.48
964,b,7532,19899,Krimbo,1.33
964,b,7532,14929,JDC,1.09
964,b,7532,7266,syrsoN,1.08
964,b,7532,5794,tabseN,0.83
964,a,12144,22570,tomaszin,1.51
964,a,12144,20394,luchov,0.98
964,a,12144,2161,Noktse,0.91
964,a,12144,21155,naz,0.9
964,a,12144,20690,zock,0.54
220,a,11251,7938,XANTARES,1.21
220,a,11251,21243,Wicadia,1.11
220,a,11251,8575,Calyx,0.99
220,a,11251,8574,woxic,0.94
220,a,11251,150,MAJ3R,0.86
220,b,11241,16147,cptkurtka023,1.22
220,b,11241,21708,npl,1.2
220,b,11241,23643,esenthial,1.12
220,b,11241,20112,alex666,0.99
220,b,11241,19592,headtr1ck,0.84
108,b,11283,7398,dupreeh,1.38
108,b,11283,9032,Magisk,1.01
108,b,11283,11777,Maden,0.9
108,b,11283,7998,s1mple,0.85
108,b,11283,922,Snappi,0.62
108,a,10567,630,MUTiRiS,1.23
108,a,10567,2241,roman,1.23
108,a,10567,21014,Ag1l,1.21
108,a,10567,20462,story,1.03
108,a,10567,20464,ewjerkz,0.92
750,b,11811,16080,dycha,1.04
750,b,11811,20282,kRaSnaL,0.99
750,b,11811,19733,DemQQ,0.88
750,b,11811,16848,hades,0.86
750,b,11811,17504,KEi,0.8
750,a,4773,19694,nqz,1.68
750,a,4773,20563,lux,1.25
750,a,4773,20085,kauez,1.2
750,a,4773,18141,biguzera,0.96
750,a,4773,20171,snow,0.93
102,b,11241,19592,headtr1ck,1.33
102,b,11241,20112,alex666,1.18
102,b,11241,23643,esenthial,1.11
102,b,11241,21708,npl,1.1
102,b,11241,16147,cptkurtka023,0.44
102,a,10567,2241,roman,1.3
102,a,10567,21014,Ag1l,1.25
102,a,10567,20462,story,1.21
102,a,10567,20464,ewjerkz,0.98
102,a,10567,630,MUTiRiS,0.81
1653,a,9455,12822,VINI,1.28
1653,a,9455,19869,try,1.27
1653,a,9455,20183,decenty,1.22
1653,a,9455,22564,noway,1.21
1653,a,9455,9219,felps,0.75
1653,b,4411,16811,MisteM,1.53
1653,b,4411,9278,REZ,1.16
1653,b,4411,20425,r1nkle,1.06
1653,b,4411,22759,jocab,0.87
1653,b,4411,17937,isak,0.8
788,b,11811,16080,dycha,1.64
788,b,11811,16848,hades,1.21
788,b,11811,20282,kRaSnaL,0.95
788,b,11811,19733,DemQQ,0.92
788,b,11811,17504,KEi,0.85
788,a,9215,11154,exit,1.23
788,a,9215,19750,drop,1.13
788,a,9215,18717,Lucaozy,1.09
788,a,9215,21037,insani,0.77
788,a,9215,18835,saffee,0.72
957,b,12376,16599,Swisher,1.17
957,b,12376,17378,reck,0.94
957,b,12376,20104,s1n,0.92
957,b,12376,15370,slaxz-,0.79
957,b,12376,22921,Lake,0.55
957,a,12144,22570,tomaszin,1.83
957,a,12144,21155,naz,1.33
957,a,12144,20394,luchov,1.17
957,a,12144,20690,zock,1.11
957,a,12144,2161,Noktse,0.69
336,a,11251,7938,XANTARES,1.71
336,a,11251,21243,Wicadia,1.69
336,a,11251,150,MAJ3R,1.44
336,a,11251,8575,Calyx,1.35
336,a,11251,8574,woxic,1.18
336,b,11283,9032,Magisk,0.79
336,b,11283,7998,s1mple,0.73
336,b,11283,11777,Maden,0.64
336,b,11283,922,Snappi,0.63
336,b,11283,7398,dupreeh,0.44
2273,a,7175,12018,TeSeS,1.76
2273,a,7175,17306,degster,1.53
2273,a,7175,9436,NertZ,1.09
2273,a,7175,14148,sjuush,0.9
2273,a,7175,19677,kyxsan,0.82
2273,b,4991,7528,KRIMZ,1.27
2273,b,4991,15165,blameF,1.16
2273,b,4991,21062,MATYS,1.04
2273,b,4991,8374,bodyy,0.75
2273,b,4991,13670,nawwk,0.6
2662,b,6248,20903,Senzu,1.94
2662,b,6248,20275,Techno,1.25
2662,b,6248,21809,910,1.03
2662,b,6248,20194,bLitz,0.99
2662,b,6248,21001,mzinho,0.98
2662,a,9455,20183,decenty,1.23
2662,a,9455,12822,VINI,0.98
2662,a,9455,9219,felps,0.85
2662,a,9455,19869,try,0.63
2662,a,9455,22564,noway,0.49
221,a,11241,21708,npl,1.38
221,a,11241,16147,cptkurtka023,1.22
221,a,11241,19592,headtr1ck,1.15
221,a,11241,20112,alex666,0.89
221,a,11241,23643,esenthial,0.74
221,b,11251,7938,XANTARES,1.58
221,b,11251,21243,Wicadia,1.17
221,b,11251,8575,Calyx,1.09
221,b,11251,8574,woxic,0.8
221,b,11251,150,MAJ3R,0.71
959,a,4914,13138,Maka,1.72
959,a,4914,19739,Ex3rcice,1.59
959,a,4914,13497,Lucky,1.4
959,a,4914,19738,Djoko,0.79
959,a,4914,21969,Graviti,0.68
959,b,12144,22570,tomaszin,1.4
959,b,12144,20394,luchov,1.16
959,b,12144,2161,Noktse,0.78
959,b,12144,21155,naz,0.75
959,b,12144,20690,zock,0.4
113,b,10567,20464,ewjerkz,1.36
113,b,10567,21014,Ag1l,1.23
113,b,10567,2241,roman,1.23
113,b,10567,630,MUTiRiS,1.04
113,b,10567,20462,story,0.96
113,a,11811,16080,dycha,1.05
113,a,11811,19733,DemQQ,0.99
113,a,11811,16848,hades,0.93
113,a,11811,20282,kRaSnaL,0.87
113,a,11811,17504,KEi,0.76
271,b,4773,20563,lux,1.03
271,b,4773,20171,snow,0.92
271,b,4773,19694,nqz,0.91
271,b,4773,20085,kauez,0.59
271,b,4773,18141,biguzera,0.56
271,a,11241,20112,alex666,1.92
271,a,11241,19592,headtr1ck,1.77
271,a,11241,21708,npl,1.33
271,a,11241,16147,cptkurtka023,1.29
271,a,11241,23643,esenthial,0.65
103,b,10567,2241,roman,1.51
103,b,10567,630,MUTiRiS,1.39
103,b,10567,20462,story,1.23
103,b,10567,20464,ewjerkz,1.22
103,b,10567,21014,Ag1l,1.17
103,a,11241,16147,cptkurtka023,1.02
103,a,11241,19592,headtr1ck,0.97
103,a,11241,20112,alex666,0.71
103,a,11241,21708,npl,0.7
103,a,11241,23643,esenthial,0.59
1869,b,4608,18987,b1t,1.7
1869,b,4608,14759,iM,1.03
1869,b,4608,19206,jL,0.69
1869,b,4608,20127,w0nderful,0.63
1869,b,4608,9816,Aleksib,0.47
1869,a,6665,17956,jabbi,2.22
1869,a,6665,10994,stavn,1.3
1869,a,6665,7964,cadiaN,1.25
1869,a,6665,7592,device,1.07
1869,a,6665,20304,Staehr,0.81
1734,b,4494,16820,siuhy,1.62
1734,b,4494,13666,Brollan,1.46
1734,b,4494,18850,Jimpphat,1.02
1734,b,4494,20312,xertioN,0.69
1734,b,4494,18072,torzsi,0.57
1734,a,6667,9960,frozen,1.5
1734,a,6667,8183,rain,1.31
1734,a,6667,429,karrigan,1.03
1734,a,6667,18053,broky,0.81
1734,a,6667,11816,ropz,0.75
2456,a,5995,19230,m0NESY,2.0
2456,a,5995,3972,huNter-,1.2
2456,a,5995,3741,NiKo,1.16
2456,a,5995,11617,malbsMd,1.1
2456,a,5995,2553,Snax,0.93
2456,b,5973,10394,Twistzz,1.44
2456,b,5973,8520,NAF,1.26
2456,b,5973,4679,jks,0.94
2456,b,5973,13915,YEKINDAR,0.74
2456,b,5973,21763,ultimate,0.4
2843,b,9565,11893,ZywOo,1.36
2843,b,9565,7322,apEX,1.07
2843,b,9565,18221,Spinx,0.82
2843,b,9565,16693,flameZ,0.71
2843,b,9565,284,JACKZ,0.64
2843,a,7020,21167,donk,1.34
2843,a,7020,7716,chopper,1.22
2843,a,7020,16920,sh1ro,1.1
2843,a,7020,20423,zont1x,1.02
2843,a,7020,18317,magixx,0.93
1880,b,4608,18987,b1t,1.12
1880,b,4608,9816,Aleksib,0.91
1880,b,4608,14759,iM,0.9
1880,b,4608,20127,w0nderful,0.72
1880,b,4608,19206,jL,0.66
1880,a,6667,9960,frozen,1.73
1880,a,6667,11816,ropz,1.61
1880,a,6667,429,karrigan,1.22
1880,a,6667,8183,rain,1.05
1880,a,6667,18053,broky,0.96
1720,a,6665,17956,jabbi,1.45
1720,a,6665,20304,Staehr,1.34
1720,a,6665,7592,device,1.23
1720,a,6665,7964,cadiaN,0.94
1720,a,6665,10994,stavn,0.82
1720,b,4494,13666,Brollan,1.26
1720,b,4494,20312,xertioN,1.22
1720,b,4494,18850,Jimpphat,1.0
1720,b,4494,16820,siuhy,0.83
1720,b,4494,18072,torzsi,0.68
2515,b,5973,4679,jks,1.46
2515,b,5973,8520,NAF,1.23
2515,b,5973,10394,Twistzz,1.1
2515,b,5973,13915,YEKINDAR,0.82
2515,b,5973,21763,ultimate,0.79
2515,a,9565,11893,ZywOo,1.74
2515,a,9565,16693,flameZ,1.32
2515,a,9565,284,JACKZ,0.98
2515,a,9565,18221,Spinx,0.7
2515,a,9565,7322,apEX,0.5
2556,b,5995,3741,NiKo,1.36
2556,b,5995,3972,huNter-,1.31
2556,b,5995,11617,malbsMd,1.26
2556,b,5995,19230,m0NESY,1.08
2556,b,5995,2553,Snax,0.8
2556,a,7020,21167,donk,1.28
2556,a,7020,20423,zont1x,1.12
2556,a,7020,7716,chopper,1.1
2556,a,7020,16920,sh1ro,1.09
2556,a,7020,18317,magixx,0.52
1786,b,4494,20312,xertioN,1.27
1786,b,4494,13666,Brollan,1.02
1786,b,4494,16820,siuhy,0.63
1786,b,4494,18850,Jimpphat,0.57
1786,b,4494,18072,torzsi,0.54
1786,a,9565,16693,flameZ,1.61
1786,a,9565,18221,Spinx,1.52
1786,a,9565,11893,ZywOo,1.33
1786,a,9565,7322,apEX,1.03
1786,a,9565,284,JACKZ,0.85
2762,b,6667,8183,rain,1.13
2762,b,6667,429,karrigan,1.04
2762,b,6667,9960,frozen,1.01
2762,b,6667,18053,broky,0.9
2762,b,6667,11816,ropz,0.86
2762,a,7020,20423,zont1x,1.34
2762,a,7020,16920,sh1ro,1.27
2762,a,7020,7716,chopper,1.16
2762,a,7020,21167,donk,1.02
2762,a,7020,18317,magixx,0.85
2601,a,5995,3741,NiKo,1.37
2601,a,5995,19230,m0NESY,1.23
2601,a,5995,2553,Snax,1.1
2601,a,5995,11617,malbsMd,1.07
2601,a,5995,3972,huNter-,0.99
2601,b,9565,11893,ZywOo,1.11
2601,b,9565,16693,flameZ,1.05
2601,b,9565,18221,Spinx,0.94
2601,b,9565,284,JACKZ,0.77
2601,b,9565,7322,apEX,0.56
2701,a,6665,17956,jabbi,1.24
2701,a,6665,20304,Staehr,1.12
2701,a,6665,7592,device,0.64
2701,a,6665,10994,stavn,0.6
2701,a,6665,7964,cadiaN,0.57
2701,b,7020,18317,magixx,1.74
2701,b,7020,16920,sh1ro,1.55
2701,b,7020,7716,chopper,1.5
2701,b,7020,21167,donk,1.27
2701,b,7020,20423,zont1x,0.94
2194,a,4914,13138,Maka,1.24
2194,a,4914,21969,Graviti,1.22
2194,a,4914,19739,Ex3rcice,0.89
2194,a,4914,19738,Djoko,0.83
2194,a,4914,13497,Lucky,0.71
2194,b,6248,21001,mzinho,1.32
2194,b,6248,20194,bLitz,1.28
2194,b,6248,20275,Techno,1.23
2194,b,6248,21809,910,1.07
2194,b,6248,20903,Senzu,0.88
2557,b,5995,3972,huNter-,2.28
2557,b,5995,19230,m0NESY,1.35
2557,b,5995,11617,malbsMd,1.08
2557,b,5995,2553,Snax,0.91
2557,b,5995,3741,NiKo,0.57
2557,a,7020,21167,donk,1.66
2557,a,7020,16920,sh1ro,0.96
2557,a,7020,7716,chopper,0.78
2557,a,7020,18317,magixx,0.73
2557,a,7020,20423,zont1x,0.43
2637,a,7175,9436,NertZ,0.7
2637,a,7175,17306,degster,0.69
2637,a,7175,12018,TeSeS,0.63
2637,a,7175,14148,sjuush,0.44
2637,a,7175,19677,kyxsan,0.36
2637,b,6248,21809,910,1.91
2637,b,6248,21001,mzinho,1.8
2637,b,6248,20903,Senzu,1.77
2637,b,6248,20275,Techno,1.47
2637,b,6248,20194,bLitz,1.18
984,b,5973,21763,ultimate,1.2
984,b,5973,4679,jks,1.17
984,b,5973,13915,YEKINDAR,0.95
984,b,5973,8520,NAF,0.8
984,b,5973,10394,Twistzz,0.59
984,a,12257,8711,Sonic,1.44
984,a,12257,8507,stanislaw,1.16
984,a,12257,16726,phzy,1.16
984,a,12257,21665,JBa,1.13
984,a,12257,21163,susp,0.7
960,a,5005,8738,EliGE,1.55
960,a,5005,12713,floppy,1.43
960,a,5005,12840,hallzerk,1.38
960,a,5005,13578,Grim,1.34
960,a,5005,11630,JT,0.95
960,b,12144,20394,luchov,0.97
960,b,12144,2161,Noktse,0.93
960,b,12144,22570,tomaszin,0.88
960,b,12144,20690,zock,0.74
960,b,12144,21155,naz,0.63
2907,b,9996,21239,MartinezSa,1.53
2907,b,9996,22613,HUASOPEEK,1.33
2907,b,9996,20607,buda,1.11
2907,b,9996,12092,max,0.83
2907,b,9996,14736,dgt,0.79
2907,a,7176,9216,coldzera,1.27
2907,a,7176,18865,dav1deuS,1.13
2907,a,7176,21288,venomzera,0.97
2907,a,7176,18743,nython,0.62
2907,a,7176,8565,HEN1,0.6
976,b,12257,21665,JBa,1.35
976,b,12257,21163,susp,1.18
976,b,12257,8507,stanislaw,1.16
976,b,12257,16726,phzy,1.1
976,b,12257,8711,Sonic,0.97
976,a,4773,19694,nqz,1.48
976,a,4773,20171,snow,1.2
976,a,4773,20563,lux,1.15
976,a,4773,18141,biguzera,0.7
976,a,4773,20085,kauez,0.53
1080,b,12376,16599,Swisher,1.69
1080,b,12376,22921,Lake,1.44
1080,b,12376,15370,slaxz-,1.03
1080,b,12376,20104,s1n,1.01
1080,b,12376,17378,reck,0.74
1080,a,7176,9216,coldzera,1.09
1080,a,7176,21288,venomzera,1.01
1080,a,7176,18743,nython,0.82
1080,a,7176,8565,HEN1,0.77
1080,a,7176,18865,dav1deuS,0.68
2985,b,9455,12822,VINI,1.51
2985,b,9455,19869,try,1.41
2985,b,9455,20183,decenty,0.84
2985,b,9455,22564,noway,0.71
2985,b,9455,9219,felps,0.6
2985,a,9215,11154,exit,1.58
2985,a,9215,18835,saffee,1.44
2985,a,9215,21037,insani,1.15
2985,a,9215,19750,drop,0.76
2985,a,9215,18717,Lucaozy,0.72
961,a,5973,8520,NAF,1.85
961,a,5973,21763,ultimate,1.8
961,a,5973,10394,Twistzz,1.43
961,a,5973,13915,YEKINDAR,1.28
961,a,5973,4679,jks,1.17
961,b,12144,22570,tomaszin,0.73
961,b,12144,2161,Noktse,0.65
961,b,12144,20394,luchov,0.63
961,b,12144,20690,zock,0.51
961,b,12144,21155,naz,0.37
2047,a,4773,20085,kauez,1.63
2047,a,4773,20171,snow,1.63
2047,a,4773,19694,nqz,1.38
2047,a,4773,20563,lux,1.12
2047,a,4773,18141,biguzera,1.04
2047,b,9455,22564,noway,0.92
2047,b,9455,20183,decenty,0.75
2047,b,9455,19869,try,0.73
2047,b,9455,12822,VINI,0.61
2047,b,9455,9219,felps,0.43
1004,a,12257,8711,Sonic,1.62
1004,a,12257,21665,JBa,1.29
1004,a,12257,21163,susp,1.25
1004,a,12257,16726,phzy,1.21
1004,a,12257,8507,stanislaw,1.03
1004,b,9996,14736,dgt,1.06
1004,b,9996,20607,buda,0.91
1004,b,9996,22613,HUASOPEEK,0.84
1004,b,9996,21239,MartinezSa,0.66
1004,b,9996,12092,max,0.45
2339,b,5005,8738,EliGE,1.34
2339,b,5005,12840,hallzerk,0.98
2339,b,5005,13578,Grim,0.88
2339,b,5005,11630,JT,0.86
2339,b,5005,12713,floppy,0.85
2339,a,9215,18835,saffee,1.62
2339,a,9215,11154,exit,1.19
2339,a,9215,18717,Lucaozy,1.12
2339,a,9215,21037,insani,0.76
2339,a,9215,19750,drop,0.72
2061,b,9996,22613,HUASOPEEK,0.95
2061,b,9996,21239,MartinezSa,0.61
2061,b,9996,20607,buda,0.53
2061,b,9996,14736,dgt,0.44
2061,b,9996,12092,max,0.37
2061,a,4773,20085,kauez,2.66
2061,a,4773,19694,nqz,1.8
2061,a,4773,20563,lux,1.79
2061,a,4773,20171,snow,1.62
2061,a,4773,18141,biguzera,0.63
1054,b,5005,12713,floppy,1.75
1054,b,5005,8738,EliGE,1.72
1054,b,5005,13578,Grim,1.3
1054,b,5005,11630,JT,0.96
1054,b,5005,12840,hallzerk,0.89
1054,a,12376,16599,Swisher,0.97
1054,a,12376,17378,reck,0.97
1054,a,12376,22921,Lake,0.9
1054,a,12376,20104,s1n,0.79
1054,a,12376,15370,slaxz-,0.7
2504,b,5973,10394,Twistzz,1.6
2504,b,5973,8520,NAF,1.52
2504,b,5973,4679,jks,1.39
2504,b,5973,21763,ultimate,1.2
2504,b,5973,13915,YEKINDAR,0.51
2504,a,8297,18676,skullz,1.15
2504,a,8297,12553,yuurih,1.08
2504,a,8297,2023,FalleN,1.08
2504,a,8297,15631,KSCERATO,0.68
2504,a,8297,10566,chelo,0.62
958,b,12144,22570,tomaszin,1.81
958,b,12144,20690,zock,0.92
958,b,12144,2161,Noktse,0.8
958,b,12144,20394,luchov,0.8
958,b,12144,21155,naz,0.71
958,a,12376,20104,s1n,1.5
958,a,12376,15370,slaxz-,1.18
958,a,12376,22921,Lake,1.13
958,a,12376,17378,reck,1.07
958,a,12376,16599,Swisher,0.75
2905,b,9455,20183,decenty,1.39
2905,b,9455,19869,try,1.13
2905,b,9455,12822,VINI,1.04
2905,b,9455,22564,noway,1.0
2905,b,9455,9219,felps,0.98
2905,a,7176,8565,HEN1,1.25
2905,a,7176,9216,coldzera,1.19
2905,a,7176,18865,dav1deuS,1.14
2905,a,7176,21288,venomzera,0.98
2905,a,7176,18743,nython,0.67
2975,a,9996,21239,MartinezSa,1.56
2975,a,9996,22613,HUASOPEEK,1.15
2975,a,9996,12092,max,0.68
2975,a,9996,14736,dgt,0.6
2975,a,9996,20607,buda,0.57
2975,b,8297,15631,KSCERATO,1.44
2975,b,8297,10566,chelo,1.27
2975,b,8297,18676,skullz,1.15
2975,b,8297,12553,yuurih,1.0
2975,b,8297,2023,FalleN,0.76
1083,a,12376,17378,reck,1.18
1083,a,12376,20104,s1n,1.01
1083,a,12376,22921,Lake,0.97
1083,a,12376,15370,slaxz-,0.7
1083,a,12376,16599,Swisher,0.47
1083,b,8297,15631,KSCERATO,1.49
1083,b,8297,10566,chelo,1.42
1083,b,8297,12553,yuurih,1.17
1083,b,8297,2023,FalleN,1.16
1083,b,8297,18676,skullz,0.74
1824,a,4608,18987,b1t,1.62
1824,a,4608,19206,jL,1.47
1824,a,4608,14759,iM,1.19
1824,a,4608,20127,w0nderful,1.12
1824,a,4608,9816,Aleksib,0.75
1824,b,4991,15165,blameF,1.37
1824,b,4991,7528,KRIMZ,1.14
1824,b,4991,13670,nawwk,0.86
1824,b,4991,21062,MATYS,0.81
1824,b,4991,8374,bodyy,0.8
3014,a,9565,11893,ZywOo,1.82
3014,a,9565,18462,mezii,1.28
3014,a,9565,18221,Spinx,1.15
3014,a,9565,16693,flameZ,0.87
3014,a,9565,7322,apEX,0.64
3014,b,9928,20994,FL4MUS,1.28
3014,b,9928,16486,ztr,0.89
3014,b,9928,20301,Tauson,0.84
3014,b,9928,20358,volt,0.76
3014,b,9928,20870,sl3nd,0.66
1767,b,4494,13666,Brollan,2.38
1767,b,4494,18072,torzsi,2.02
1767,b,4494,18850,Jimpphat,1.37
1767,b,4494,20312,xertioN,1.19
1767,b,4494,16820,siuhy,0.87
1767,a,7969,20387,Xant3r,1.16
1767,a,7969,23685,zweih,0.95
1767,a,7969,23317,khaN,0.63
1767,a,7969,22460,riskyb0b,0.56
1767,a,7969,21266,1eeR,0.4
2436,a,6667,18053,broky,1.43
2436,a,6667,8183,rain,1.4
2436,a,6667,429,karrigan,1.01
2436,a,6667,9960,frozen,0.94
2436,a,6667,11816,ropz,0.77
2436,b,5752,20447,HeavyGod,1.2
2436,b,5752,21439,ICY,1.03
2436,b,5752,11840,Boombl4,0.96
2436,b,5752,16555,Ax1Le,0.81
2436,b,5752,15071,interz,0.75
1186,a,9565,18462,mezii,2.09
1186,a,9565,18221,Spinx,1.72
1186,a,9565,16693,flameZ,1.62
1186,a,9565,7322,apEX,1.17
1186,a,9565,11893,ZywOo,0.83
1186,b,12394,21667,Magnojez,0.76
1186,b,12394,18506,S1ren,0.74
1186,b,12394,19920,KaiR0N-,0.7
1186,b,12394,15662,zorte,0.64
1186,b,12394,16921,nafany,0.36
35,a,4494,20312,xertioN,2.0
35,a,4494,18850,Jimpphat,1.79
35,a,4494,18072,torzsi,1.65
35,a,4494,13666,Brollan,1.39
35,a,4494,16820,siuhy,0.89
35,b,10333,22361,jottAAA,1.12
35,b,10333,20245,SaMey,0.87
35,b,10333,19187,xfl0ud,0.79
35,b,10333,19310,LNZ,0.39
35,b,10333,22047,yxngstxr,0.35
2443,a,7969,23685,zweih,1.01
2443,a,7969,20387,Xant3r,0.93
2443,a,7969,22460,riskyb0b,0.71
2443,a,7969,23317,khaN,0.68
2443,a,7969,21266,1eeR,0.55
2443,b,5752,20447,HeavyGod,2.07
2443,b,5752,16555,Ax1Le,1.54
2443,b,5752,15071,interz,1.31
2443,b,5752,11840,Boombl4,1.27
2443,b,5752,21439,ICY,1.02
537,a,6667,9960,frozen,1.49
537,a,6667,8183,rain,1.45
537,a,6667,429,karrigan,1.09
537,a,6667,18053,broky,1.02
537,a,6667,11816,ropz,0.85
537,b,11283,9032,Magisk,1.21
537,b,11283,7398,dupreeh,1.1
537,b,11283,922,Snappi,1.01
537,b,11283,7998,s1mple,0.77
537,b,11283,11777,Maden,0.72
38,b,5752,20447,HeavyGod,1.85
38,b,5752,15071,interz,1.76
38,b,5752,21439,ICY,1.5
38,b,5752,11840,Boombl4,1.42
38,b,5752,16555,Ax1Le,1.21
38,a,10333,22047,yxngstxr,0.82
38,a,10333,19187,xfl0ud,0.74
38,a,10333,22361,jottAAA,0.64
38,a,10333,19310,LNZ,0.54
38,a,10333,20245,SaMey,0.51
1132,a,4991,15165,blameF,1.56
1132,a,4991,21062,MATYS,1.53
1132,a,4991,7528,KRIMZ,1.15
1132,a,4991,8374,bodyy,0.8
1132,a,4991,13670,nawwk,0.74
1132,b,12394,15662,zorte,1.47
1132,b,12394,18506,S1ren,1.39
1132,b,12394,21667,Magnojez,1.03
1132,b,12394,19920,KaiR0N-,0.73
1132,b,12394,16921,nafany,0.61
109,b,11283,11777,Maden,0.87
109,b,11283,7998,s1mple,0.74
109,b,11283,922,Snappi,0.73
109,b,11283,9032,Magisk,0.73
109,b,11283,7398,dupreeh,0.66
109,a,10567,21014,Ag1l,1.9
109,a,10567,20464,ewjerkz,1.38
109,a,10567,20462,story,1.3
109,a,10567,2241,roman,1.23
109,a,10567,630,MUTiRiS,1.03
1661,a,4608,19206,jL,1.25
1661,a,4608,18987,b1t,1.2
1661,a,4608,9816,Aleksib,0.85
1661,a,4608,14759,iM,0.6
1661,a,4608,20127,w0nderful,0.56
1661,b,4494,13666,Brollan,1.37
1661,b,4494,18850,Jimpphat,1.34
1661,b,4494,16820,siuhy,1.29
1661,b,4494,18072,torzsi,1.25
1661,b,4494,20312,xertioN,0.85
2793,a,6667,9960,frozen,1.4
2793,a,6667,8183,rain,1.02
2793,a,6667,429,karrigan,0.96
2793,a,6667,11816,ropz,0.9
2793,a,6667,18053,broky,0.82
2793,b,9565,11893,ZywOo,1.53
2793,b,9565,18221,Spinx,1.03
2793,b,9565,18462,mezii,1.0
2793,b,9565,16693,flameZ,0.86
2793,b,9565,7322,apEX,0.83
1170,b,12394,21667,Magnojez,1.62
1170,b,12394,18506,S1ren,1.21
1170,b,12394,15662,zorte,1.1
1170,b,12394,19920,KaiR0N-,1.08
1170,b,12394,16921,nafany,1.03
1170,a,7969,20387,Xant3r,1.27
1170,a,7969,23317,khaN,0.92
1170,a,7969,22460,riskyb0b,0.8
1170,a,7969,23685,zweih,0.75
1170,a,7969,21266,1eeR,0.58
145,b,4608,18987,b1t,2.41
145,b,4608,19206,jL,1.73
145,b,4608,14759,iM,1.41
145,b,4608,20127,w0nderful,1.2
145,b,4608,9816,Aleksib,1.05
145,a,10567,2241,roman,1.17
145,a,10567,630,MUTiRiS,0.55
145,a,10567,20464,ewjerkz,0.5
145,a,10567,21014,Ag1l,0.46
145,a,10567,20462,story,0.43
2271,b,6667,11816,ropz,1.53
2271,b,6667,8183,rain,1.22
2271,b,6667,18053,broky,1.14
2271,b,6667,9960,frozen,0.93
2271,b,6667,429,karrigan,0.88
2271,a,4991,15165,blameF,1.23
2271,a,4991,8374,bodyy,0.98
2271,a,4991,21062,MATYS,0.94
2271,a,4991,7528,KRIMZ,0.84
2271,a,4991,13670,nawwk,0.57
586,a,11283,7998,s1mple,1.71
586,a,11283,9032,Magisk,0.9
586,a,11283,922,Snappi,0.75
586,a,11283,11777,Maden,0.68
586,a,11283,7398,dupreeh,0.59
586,b,9928,20994,FL4MUS,1.64
586,b,9928,20870,sl3nd,1.39
586,b,9928,16486,ztr,1.08
586,b,9928,20358,volt,1.08
586,b,9928,20301,Tauson,1.05
2437,a,6667,8183,rain,1.97
2437,a,6667,9960,frozen,1.74
2437,a,6667,11816,ropz,1.23
2437,a,6667,18053,broky,1.16
2437,a,6667,429,karrigan,0.76
2437,b,5752,20447,HeavyGod,1.23
2437,b,5752,16555,Ax1Le,1.1
2437,b,5752,21439,ICY,0.77
2437,b,5752,15071,interz,0.64
2437,b,5752,11840,Boombl4,0.43
130,a,10567,21014,Ag1l,1.29
130,a,10567,20462,story,1.16
130,a,10567,20464,ewjerkz,1.12
130,a,10567,2241,roman,0.7
130,a,10567,630,MUTiRiS,0.65
130,b,12394,21667,Magnojez,1.21
130,b,12394,18506,S1ren,1.07
130,b,12394,16921,nafany,1.05
130,b,12394,15662,zorte,1.04
130,b,12394,19920,KaiR0N-,0.95
1192,a,12394,15662,zorte,1.74
1192,a,12394,21667,Magnojez,1.2
1192,a,12394,16921,nafany,1.17
1192,a,12394,19920,KaiR0N-,0.85
1192,a,12394,18506,S1ren,0.56
1192,b,9928,20870,sl3nd,1.51
1192,b,9928,20358,volt,1.24
1192,b,9928,16486,ztr,1.06
1192,b,9928,20301,Tauson,0.79
1192,b,9928,20994,FL4MUS,0.78
301,a,7020,21167,donk,2.63
301,a,7020,20423,zont1x,2.21
301,a,7020,16920,sh1ro,1.74
301,a,7020,7716,chopper,0.96
301,a,7020,18317,magixx,0.89
301,b,11241,21708,npl,0.95
301,b,11241,20112,alex666,0.93
301,b,11241,16147,cptkurtka023,0.58
301,b,11241,19592,headtr1ck,0.54
301,b,11241,23643,esenthial,0.52
1213,a,5378,13776,Jame,1.6
1213,a,5378,12732,FL1T,1.1
1213,a,5378,16612,n0rb3r7,1.02
1213,a,5378,8918,electroNic,0.8
1213,a,5378,20101,fame,0.79
1213,b,12426,23415,zeRRoFIX,1.46
1213,b,12426,23414,jackasmo,1.22
1213,b,12426,23413,s-chilla,1.08
1213,b,12426,23046,jambo,0.92
1213,b,12426,17803,fEAR,0.81
1225,b,7020,16920,sh1ro,1.58
1225,b,7020,21167,donk,1.38
1225,b,7020,18317,magixx,0.94
1225,b,7020,20423,zont1x,0.91
1225,b,7020,7716,chopper,0.7
1225,a,12426,23046,jambo,1.38
1225,a,12426,23414,jackasmo,1.31
1225,a,12426,23415,zeRRoFIX,1.14
1225,a,12426,23413,s-chilla,0.99
1225,a,12426,17803,fEAR,0.72
375,a,11251,7938,XANTARES,1.27
375,a,11251,21243,Wicadia,1.23
375,a,11251,8575,Calyx,1.01
375,a,11251,150,MAJ3R,0.94
375,a,11251,8574,woxic,0.8
375,b,4914,13497,Lucky,1.55
375,b,4914,13138,Maka,1.39
375,b,4914,19739,Ex3rcice,1.23
375,b,4914,19738,Djoko,0.82
375,b,4914,21969,Graviti,0.57
2865,a,7175,9436,NertZ,1.37
2865,a,7175,12018,TeSeS,0.89
2865,a,7175,19677,kyxsan,0.89
2865,a,7175,14148,sjuush,0.78
2865,a,7175,17306,degster,0.49
2865,b,7532,7266,syrsoN,1.37
2865,b,7532,12708,rigoN,1.35
2865,b,7532,14929,JDC,1.27
2865,b,7532,5794,tabseN,1.12
2865,b,7532,19899,Krimbo,0.85
1230,b,12426,23413,s-chilla,1.46
1230,b,12426,23415,zeRRoFIX,1.42
1230,b,12426,17803,fEAR,0.88
1230,b,12426,23414,jackasmo,0.83
1230,b,12426,23046,jambo,0.68
1230,a,7532,12708,rigoN,1.41
1230,a,7532,14929,JDC,1.38
1230,a,7532,7266,syrsoN,1.13
1230,a,7532,5794,tabseN,1.04
1230,a,7532,19899,Krimbo,0.73
2185,a,5995,3741,NiKo,1.39
2185,a,5995,11617,malbsMd,1.32
2185,a,5995,19230,m0NESY,0.88
2185,a,5995,2553,Snax,0.87
2185,a,5995,3972,huNter-,0.45
2185,b,4914,13497,Lucky,1.98
2185,b,4914,13138,Maka,1.26
2185,b,4914,21969,Graviti,1.07
2185,b,4914,19739,Ex3rcice,0.99
2185,b,4914,19738,Djoko,0.73
293,a,6665,10994,stavn,1.37
293,a,6665,17956,jabbi,1.26
293,a,6665,20304,Staehr,1.22
293,a,6665,16717,br0,1.14
293,a,6665,7964,cadiaN,1.1
293,b,11241,16147,cptkurtka023,1.06
293,b,11241,19592,headtr1ck,0.99
293,b,11241,21708,npl,0.84
293,b,11241,20112,alex666,0.82
293,b,11241,23643,esenthial,0.64
1226,a,12426,23414,jackasmo,1.03
1226,a,12426,23046,jambo,0.98
1226,a,12426,23413,s-chilla,0.98
1226,a,12426,23415,zeRRoFIX,0.95
1226,a,12426,17803,fEAR,0.45
1226,b,7175,9436,NertZ,1.59
1226,b,7175,12018,TeSeS,1.54
1226,b,7175,17306,degster,1.28
1226,b,7175,19677,kyxsan,0.99
1226,b,7175,14148,sjuush,0.95
400,a,11251,21243,Wicadia,1.25
400,a,11251,7938,XANTARES,0.9
400,a,11251,8574,woxic,0.81
400,a,11251,8575,Calyx,0.79
400,a,11251,150,MAJ3R,0.72
400,b,6665,16717,br0,1.31
400,b,6665,7964,cadiaN,1.18
400,b,6665,10994,stavn,1.18
400,b,6665,17956,jabbi,1.11
400,b,6665,20304,Staehr,0.84
2559,a,5995,3741,NiKo,1.65
2559,a,5995,11617,malbsMd,1.63
2559,a,5995,19230,m0NESY,1.07
2559,a,5995,3972,huNter-,0.8
2559,a,5995,2553,Snax,0.64
2559,b,7020,21167,donk,1.33
2559,b,7020,7716,chopper,1.26
2559,b,7020,20423,zont1x,1.11
2559,b,7020,16920,sh1ro,0.71
2559,b,7020,18317,magixx,0.46
1219,a,6665,17956,jabbi,1.43
1219,a,6665,16717,br0,1.17
1219,a,6665,20304,Staehr,0.98
1219,a,6665,7964,cadiaN,0.7
1219,a,6665,10994,stavn,0.69
1219,b,12426,17803,fEAR,1.41
1219,b,12426,23046,jambo,1.38
1219,b,12426,23414,jackasmo,1.32
1219,b,12426,23413,s-chilla,0.8
1219,b,12426,23415,zeRRoFIX,0.77
755,a,11811,19733,DemQQ,0.86
755,a,11811,20282,kRaSnaL,0.83
755,a,11811,17504,KEi,0.74
755,a,11811,16848,hades,0.69
755,a,11811,16080,dycha,0.57
755,b,4869,21815,podi,1.65
755,b,4869,23372,xKacpersky,1.61
755,b,4869,21972,Neityu,1.54
755,b,4869,7412,gla1ve,1.42
755,b,4869,12731,sdy,1.23
2408,a,5378,8918,electroNic,1.08
2408,a,5378,20101,fame,0.93
2408,a,5378,13776,Jame,0.86
2408,a,5378,12732,FL1T,0.74
2408,a,5378,16612,n0rb3r7,0.44
2408,b,9215,18717,Lucaozy,1.61
2408,b,9215,21037,insani,1.6
2408,b,9215,19750,drop,1.28
2408,b,9215,18835,saffee,1.02
2408,b,9215,11154,exit,0.88
2971,b,8297,10566,chelo,1.27
2971,b,8297,12553,yuurih,1.12
2971,b,8297,18676,skullz,1.07
2971,b,8297,15631,KSCERATO,0.84
2971,b,8297,2023,FalleN,0.54
2971,a,9928,20870,sl3nd,1.39
2971,a,9928,20301,Tauson,1.23
2971,a,9928,20994,FL4MUS,1.13
2971,a,9928,20358,volt,1.12
2971,a,9928,16486,ztr,0.92
2431,b,5973,21763,ultimate,1.63
2431,b,5973,10394,Twistzz,1.47
2431,b,5973,4679,jks,1.02
2431,b,5973,13915,YEKINDAR,0.76
2431,b,5973,8520,NAF,0.67
2431,a,5752,20447,HeavyGod,1.62
2431,a,5752,21439,ICY,1.37
2431,a,5752,16555,Ax1Le,1.0
2431,a,5752,11840,Boombl4,0.76
2431,a,5752,15071,interz,0.41
1425,a,5005,13578,Grim,1.04
1425,a,5005,12713,floppy,0.94
1425,a,5005,8738,EliGE,0.81
1425,a,5005,12840,hallzerk,0.72
1425,a,5005,11630,JT,0.71
1425,b,12774,11140,INS,1.78
1425,b,12774,11139,aliStair,1.61
1425,b,12774,10588,Liazz,1.27
1425,b,12774,9115,dexter,1.17
1425,b,12774,17384,Vexite,0.84
1229,a,7532,7266,syrsoN,1.48
1229,a,7532,5794,tabseN,1.14
1229,a,7532,14929,JDC,1.1
1229,a,7532,19899,Krimbo,1.05
1229,a,7532,12708,rigoN,1.0
1229,b,12426,17803,fEAR,1.18
1229,b,12426,23414,jackasmo,1.1
1229,b,12426,23415,zeRRoFIX,0.7
1229,b,12426,23413,s-chilla,0.69
1229,b,12426,23046,jambo,0.6
979,a,4991,15165,blameF,1.45
979,a,4991,21062,MATYS,0.97
979,a,4991,8374,bodyy,0.96
979,a,4991,7528,KRIMZ,0.73
979,a,4991,13670,nawwk,0.71
979,b,12257,21665,JBa,1.26
979,b,12257,8711,Sonic,1.26
979,b,12257,21163,susp,1.21
979,b,12257,8507,stanislaw,0.73
979,b,12257,16726,phzy,0.64
2046,a,4773,20085,kauez,1.95
2046,a,4773,18141,biguzera,1.72
2046,a,4773,20563,lux,1.23
2046,a,4773,20171,snow,1.01
2046,a,4773,19694,nqz,0.79
2046,b,9455,20183,decenty,1.38
2046,b,9455,22564,noway,1.02
2046,b,9455,9219,felps,0.97
2046,b,9455,12822,VINI,0.54
2046,b,9455,19869,try,0.5
2267,a,4991,7528,KRIMZ,1.14
2267,a,4991,13670,nawwk,1.05
2267,a,4991,15165,blameF,0.82
2267,a,4991,21062,MATYS,0.67
2267,a,4991,8374,bodyy,0.31
2267,b,5752,21439,ICY,2.56
2267,b,5752,16555,Ax1Le,1.52
2267,b,5752,20447,HeavyGod,1.28
2267,b,5752,11840,Boombl4,0.93
2267,b,5752,15071,interz,0.81
1450,a,7532,19899,Krimbo,1.4
1450,a,7532,5794,tabseN,0.92
1450,a,7532,14929,JDC,0.89
1450,a,7532,7266,syrsoN,0.89
1450,a,7532,12708,rigoN,0.34
1450,b,12774,9115,dexter,2.24
1450,b,12774,11140,INS,1.67
1450,b,12774,11139,aliStair,0.95
1450,b,12774,10588,Liazz,0.92
1450,b,12774,17384,Vexite,0.88
1212,a,5005,8738,EliGE,1.7
1212,a,5005,13578,Grim,1.38
1212,a,5005,12713,floppy,0.89
1212,a,5005,12840,hallzerk,0.68
1212,a,5005,11630,JT,0.39
1212,b,12426,23046,jambo,1.66
1212,b,12426,23415,zeRRoFIX,1.28
1212,b,12426,23414,jackasmo,1.01
1212,b,12426,23413,s-chilla,0.98
1212,b,12426,17803,fEAR,0.76
2660,b,6248,20275,Techno,1.7
2660,b,6248,21001,mzinho,1.57
2660,b,6248,21809,910,1.23
2660,b,6248,20903,Senzu,0.98
2660,b,6248,20194,bLitz,0.76
2660,a,9215,11154,exit,1.16
2660,a,9215,21037,insani,1.15
2660,a,9215,18835,saffee,0.75
2660,a,9215,18717,Lucaozy,0.74
2660,a,9215,19750,drop,0.51
983,a,5973,13915,YEKINDAR,1.63
983,a,5973,21763,ultimate,1.3
983,a,5973,4679,jks,1.05
983,a,5973,10394,Twistzz,0.96
983,a,5973,8520,NAF,0.76
983,b,12257,21163,susp,1.4
983,b,12257,8507,stanislaw,1.15
983,b,12257,8711,Sonic,0.92
983,b,12257,21665,JBa,0.91
983,b,12257,16726,phzy,0.67
2957,b,9455,20183,decenty,1.17
2957,b,9455,9219,felps,1.14
2957,b,9455,19869,try,1.05
2957,b,9455,22564,noway,0.82
2957,b,9455,12822,VINI,0.74
2957,a,8297,15631,KSCERATO,1.65
2957,a,8297,18676,skullz,1.29
2957,a,8297,2023,FalleN,1.03
2957,a,8297,12553,yuurih,0.87
2957,a,8297,10566,chelo,0.42
2052,a,4773,20085,kauez,1.21
2052,a,4773,20171,snow,0.93
2052,a,4773,20563,lux,0.92
2052,a,4773,18141,biguzera,0.85
2052,a,4773,19694,nqz,0.84
2052,b,9928,20994,FL4MUS,1.55
2052,b,9928,20870,sl3nd,1.37
2052,b,9928,20358,volt,1.16
2052,b,9928,16486,ztr,0.79
2052,b,9928,20301,Tauson,0.73
2398,b,7532,5794,tabseN,1.47
2398,b,7532,7266,syrsoN,1.33
2398,b,7532,14929,JDC,1.19
2398,b,7532,19899,Krimbo,0.82
2398,b,7532,12708,rigoN,0.81
2398,a,5378,13776,Jame,1.32
2398,a,5378,20101,fame,1.09
2398,a,5378,16612,n0rb3r7,1.01
2398,a,5378,8918,electroNic,0.95
2398,a,5378,12732,FL1T,0.73
1233,a,9215,21037,insani,1.46
1233,a,9215,18835,saffee,0.95
1233,a,9215,11154,exit,0.8
1233,a,9215,19750,drop,0.69
1233,a,9215,18717,Lucaozy,0.57
1233,b,12426,17803,fEAR,2.13
1233,b,12426,23414,jackasmo,1.35
1233,b,12426,23415,zeRRoFIX,1.14
1233,b,12426,23413,s-chilla,1.06
1233,b,12426,23046,jambo,0.89
995,a,8297,18676,skullz,1.56
995,a,8297,12553,yuurih,1.33
995,a,8297,15631,KSCERATO,1.11
995,a,8297,10566,chelo,1.05
995,a,8297,2023,FalleN,0.78
995,b,12257,21163,susp,1.26
995,b,12257,21665,JBa,1.15
995,b,12257,16726,phzy,0.99
995,b,12257,8711,Sonic,0.95
995,b,12257,8507,stanislaw,0.66
1961,b,4773,20563,lux,1.41
1961,b,4773,20171,snow,1.18
1961,b,4773,18141,biguzera,0.93
1961,b,4773,19694,nqz,0.89
1961,b,4773,20085,kauez,0.89
1961,a,5752,21439,ICY,1.43
1961,a,5752,20447,HeavyGod,0.94
1961,a,5752,16555,Ax1Le,0.84
1961,a,5752,11840,Boombl4,0.82
1961,a,5752,15071,interz,0.81
1430,a,5973,21763,ultimate,2.29
1430,a,5973,13915,YEKINDAR,1.83
1430,a,5973,4679,jks,1.56
1430,a,5973,10394,Twistzz,1.34
1430,a,5973,8520,NAF,1.01
1430,b,12774,11139,aliStair,0.78
1430,b,12774,10588,Liazz,0.69
1430,b,12774,17384,Vexite,0.68
1430,b,12774,11140,INS,0.66
1430,b,12774,9115,dexter,0.52
2341,b,5005,8738,EliGE,1.51
2341,b,5005,13578,Grim,1.49
2341,b,5005,12713,floppy,1.25
2341,b,5005,12840,hallzerk,1.07
2341,b,5005,11630,JT,0.99
2341,a,9455,12822,VINI,1.05
2341,a,9455,20183,decenty,0.85
2341,a,9455,9219,felps,0.83
2341,a,9455,22564,noway,0.72
2341,a,9455,19869,try,0.68
2680,b,6248,20903,Senzu,2.14
2680,b,6248,21809,910,1.45
2680,b,6248,20275,Techno,1.37
2680,b,6248,20194,bLitz,1.33
2680,b,6248,21001,mzinho,1.21
2680,a,9928,20358,volt,1.0
2680,a,9928,16486,ztr,0.69
2680,a,9928,20870,sl3nd,0.65
2680,a,9928,20994,FL4MUS,0.47
2680,a,9928,20301,Tauson,0.45
2913,a,7532,14929,JDC,1.01
2913,a,7532,5794,tabseN,0.81
2913,a,7532,7266,syrsoN,0.58
2913,a,7532,19899,Krimbo,0.57
2913,a,7532,12708,rigoN,0.51
2913,b,8297,2023,FalleN,1.88
2913,b,8297,10566,chelo,1.49
2913,b,8297,12553,yuurih,1.33
2913,b,8297,18676,skullz,1.18
2913,b,8297,15631,KSCERATO,1.17
1417,b,12774,11139,aliStair,1.55
1417,b,12774,11140,INS,1.08
1417,b,12774,9115,dexter,0.54
1417,b,12774,10588,Liazz,0.53
1417,b,12774,17384,Vexite,0.38
1417,a,4773,19694,nqz,1.81
1417,a,4773,18141,biguzera,1.33
1417,a,4773,20171,snow,1.21
1417,a,4773,20085,kauez,1.04
1417,a,4773,20563,lux,0.76
2297,b,5752,21439,ICY,1.25
2297,b,5752,16555,Ax1Le,0.88
2297,b,5752,11840,Boombl4,0.86
2297,b,5752,15071,interz,0.75
2297,b,5752,20447,HeavyGod,0.69
2297,a,5005,8738,EliGE,1.41
2297,a,5005,12713,floppy,1.35
2297,a,5005,13578,Grim,1.23
2297,a,5005,12840,hallzerk,1.21
2297,a,5005,11630,JT,0.72
1235,b,9928,20994,FL4MUS,1.41
1235,b,9928,16486,ztr,1.28
1235,b,9928,20358,volt,1.18
1235,b,9928,20301,Tauson,1.17
1235,b,9928,20870,sl3nd,0.96
1235,a,12426,23413,s-chilla,1.38
1235,a,12426,23046,jambo,1.11
1235,a,12426,17803,fEAR,1.08
1235,a,12426,23414,jackasmo,0.64
1235,a,12426,23415,zeRRoFIX,0.59
981,b,12257,8507,stanislaw,1.69
981,b,12257,16726,phzy,1.46
981,b,12257,8711,Sonic,1.21
981,b,12257,21665,JBa,1.12
981,b,12257,21163,susp,0.69
981,a,5378,20101,fame,1.22
981,a,5378,16612,n0rb3r7,1.02
981,a,5378,8918,electroNic,0.75
981,a,5378,13776,Jame,0.75
981,a,5378,12732,FL1T,0.71
2331,a,7532,19899,Krimbo,1.59
2331,a,7532,14929,JDC,1.38
2331,a,7532,12708,rigoN,1.04
2331,a,7532,5794,tabseN,0.92
2331,a,7532,7266,syrsoN,0.92
2331,b,5005,12840,hallzerk,2.08
2331,b,5005,8738,EliGE,1.03
2331,b,5005,11630,JT,0.77
2331,b,5005,13578,Grim,0.6
2331,b,5005,12713,floppy,0.5
1455,a,9215,11154,exit,1.58
1455,a,9215,18717,Lucaozy,1.54
1455,a,9215,21037,insani,1.34
1455,a,9215,19750,drop,1.2
1455,a,9215,18835,saffee,1.12
1455,b,12774,11140,INS,1.31
1455,b,12774,10588,Liazz,0.92
1455,b,12774,17384,Vexite,0.87
1455,b,12774,11139,aliStair,0.69
1455,b,12774,9115,dexter,0.38
972,b,12257,8507,stanislaw,1.63
972,b,12257,21163,susp,1.37
972,b,12257,16726,phzy,1.02
972,b,12257,8711,Sonic,0.92
972,b,12257,21665,JBa,0.79
972,a,12426,23414,jackasmo,1.27
972,a,12426,23046,jambo,1.17
972,a,12426,23413,s-chilla,1.02
972,a,12426,17803,fEAR,0.87
972,a,12426,23415,zeRRoFIX,0.66
1837,a,4608,18987,b1t,1.52
1837,a,4608,20127,w0nderful,1.52
1837,a,4608,19206,jL,1.01
1837,a,4608,14759,iM,0.9
1837,a,4608,9816,Aleksib,0.7
1837,b,5973,8520,NAF,1.42
1837,b,5973,10394,Twistzz,1.14
1837,b,5973,21763,ultimate,0.95
1837,b,5973,13915,YEKINDAR,0.91
1837,b,5973,4679,jks,0.73
2528,a,5995,2553,Snax,1.2
2528,a,5995,3741,NiKo,1.18
2528,a,5995,19230,m0NESY,1.13
2528,a,5995,3972,huNter-,0.84
2528,a,5995,11617,malbsMd,0.65
2528,b,6248,20903,Senzu,1.42
2528,b,6248,20194,bLitz,1.14
2528,b,6248,21001,mzinho,1.08
2528,b,6248,20275,Techno,1.04
2528,b,6248,21809,910,0.84
2827,a,7020,21167,donk,1.34
2827,a,7020,18317,magixx,0.75
2827,a,7020,7716,chopper,0.71
2827,a,7020,16920,sh1ro,0.65
2827,a,7020,20423,zont1x,0.65
2827,b,8297,10566,chelo,1.51
2827,b,8297,18676,skullz,1.44
2827,b,8297,2023,FalleN,1.33
2827,b,8297,15631,KSCERATO,1.12
2827,b,8297,12553,yuurih,1.03
3011,a,9565,11893,ZywOo,1.9
3011,a,9565,16693,flameZ,1.49
3011,a,9565,7322,apEX,1.24
3011,a,9565,18221,Spinx,1.12
3011,a,9565,18462,mezii,0.78
3011,b,9928,20994,FL4MUS,1.04
3011,b,9928,20358,volt,0.94
3011,b,9928,20870,sl3nd,0.9
3011,b,9928,20301,Tauson,0.77
3011,b,9928,16486,ztr,0.59
1667,a,4494,18850,Jimpphat,1.94
1667,a,4494,16820,siuhy,1.26
1667,a,4494,13666,Brollan,1.15
1667,a,4494,18072,torzsi,0.92
1667,a,4494,20312,xertioN,0.8
1667,b,4773,20085,kauez,1.24
1667,b,4773,19694,nqz,1.0
1667,b,4773,18141,biguzera,0.86
1667,b,4773,20171,snow,0.76
1667,b,4773,20563,lux,0.63
988,a,6667,8183,rain,2.04
988,a,6667,9960,frozen,1.62
988,a,6667,11816,ropz,1.12
988,a,6667,429,karrigan,0.79
988,a,6667,18053,broky,0.71
988,b,12257,16726,phzy,1.09
988,b,12257,21665,JBa,0.86
988,b,12257,21163,susp,0.79
988,b,12257,8711,Sonic,0.71
988,b,12257,8507,stanislaw,0.71
2862,a,7175,12018,TeSeS,1.73
2862,a,7175,9436,NertZ,1.71
2862,a,7175,17306,degster,1.17
2862,a,7175,19677,kyxsan,1.14
2862,a,7175,14148,sjuush,0.93
2862,b,7532,14929,JDC,1.27
2862,b,7532,19899,Krimbo,1.22
2862,b,7532,5794,tabseN,0.72
2862,b,7532,7266,syrsoN,0.67
2862,b,7532,12708,rigoN,0.58
2240,b,4914,19739,Ex3rcice,1.48
2240,b,4914,19738,Djoko,1.21
2240,b,4914,13138,Maka,0.91
2240,b,4914,21969,Graviti,0.88
2240,b,4914,13497,Lucky,0.57
2240,a,9215,18835,saffee,1.61
2240,a,9215,11154,exit,1.24
2240,a,9215,18717,Lucaozy,1.02
2240,a,9215,21037,insani,0.97
2240,a,9215,19750,drop,0.72
2961,a,9565,18462,mezii,1.51
2961,a,9565,11893,ZywOo,1.46
2961,a,9565,18221,Spinx,1.07
2961,a,9565,7322,apEX,1.02
2961,a,9565,16693,flameZ,0.83
2961,b,8297,18676,skullz,1.16
2961,b,8297,15631,KSCERATO,1.14
2961,b,8297,12553,yuurih,1.0
2961,b,8297,2023,FalleN,0.89
2961,b,8297,10566,chelo,0.77
2521,a,5973,13915,YEKINDAR,1.21
2521,a,5973,21763,ultimate,1.2
2521,a,5973,8520,NAF,1.16
2521,a,5973,10394,Twistzz,1.04
2521,a,5973,4679,jks,0.97
2521,b,9928,20358,volt,1.38
2521,b,9928,16486,ztr,0.97
2521,b,9928,20870,sl3nd,0.94
2521,b,9928,20994,FL4MUS,0.83
2521,b,9928,20301,Tauson,0.67
990,a,7020,18317,magixx,1.57
990,a,7020,21167,donk,1.53
990,a,7020,20423,zont1x,1.37
990,a,7020,16920,sh1ro,1.21
990,a,7020,7716,chopper,1.18
990,b,12257,16726,phzy,0.99
990,b,12257,21163,susp,0.99
990,b,12257,21665,JBa,0.68
990,b,12257,8711,Sonic,0.6
990,b,12257,8507,stanislaw,0.43
1712,a,4494,20312,xertioN,1.2
1712,a,4494,18072,torzsi,1.14
1712,a,4494,18850,Jimpphat,0.96
1712,a,4494,16820,siuhy,0.78
1712,a,4494,13666,Brollan,0.66
1712,b,6248,21809,910,1.4
1712,b,6248,20194,bLitz,1.11
1712,b,6248,20903,Senzu,1.01
1712,b,6248,21001,mzinho,0.96
1712,b,6248,20275,Techno,0.96
1921,a,4608,14759,iM,1.53
1921,a,4608,9816,Aleksib,1.24
1921,a,4608,20127,w0nderful,1.0
1921,a,4608,18987,b1t,0.9
1921,a,4608,19206,jL,0.56
1921,b,9215,21037,insani,1.81
1921,b,9215,18835,saffee,1.57
1921,b,9215,18717,Lucaozy,0.81
1921,b,9215,19750,drop,0.78
1921,b,9215,11154,exit,0.54
2575,a,5995,19230,m0NESY,2.06
2575,a,5995,3741,NiKo,1.45
2575,a,5995,2553,Snax,1.15
2575,a,5995,3972,huNter-,1.1
2575,a,5995,11617,malbsMd,0.84
2575,b,7532,19899,Krimbo,1.22
2575,b,7532,7266,syrsoN,0.95
2575,b,7532,14929,JDC,0.71
2575,b,7532,12708,rigoN,0.7
2575,b,7532,5794,tabseN,0.4
1945,b,4914,13497,Lucky,1.54
1945,b,4914,19739,Ex3rcice,1.21
1945,b,4914,13138,Maka,1.11
1945,b,4914,19738,Djoko,1.09
1945,b,4914,21969,Graviti,0.76
1945,a,4773,20171,snow,1.21
1945,a,4773,18141,biguzera,1.08
1945,a,4773,19694,nqz,1.07
1945,a,4773,20563,lux,1.07
1945,a,4773,20085,kauez,0.63
2769,a,6667,8183,rain,1.31
2769,a,6667,11816,ropz,1.16
2769,a,6667,18053,broky,1.04
2769,a,6667,9960,frozen,0.99
2769,a,6667,429,karrigan,0.56
2769,b,7175,12018,TeSeS,1.63
2769,b,7175,9436,NertZ,1.15
2769,b,7175,19677,kyxsan,1.12
2769,b,7175,17306,degster,0.97
2769,b,7175,14148,sjuush,0.91
2502,a,8297,18676,skullz,1.21
2502,a,8297,12553,yuurih,1.09
2502,a,8297,15631,KSCERATO,1.01
2502,a,8297,2023,FalleN,0.96
2502,a,8297,10566,chelo,0.9
2502,b,5973,21763,ultimate,1.34
2502,b,5973,8520,NAF,1.15
2502,b,5973,10394,Twistzz,1.12
2502,b,5973,13915,YEKINDAR,1.08
2502,b,5973,4679,jks,0.75
1893,a,4608,19206,jL,1.06
1893,a,4608,14759,iM,0.81
1893,a,4608,9816,Aleksib,0.75
1893,a,4608,20127,w0nderful,0.35
1893,a,4608,18987,b1t,0.26
1893,b,7020,7716,chopper,2.04
1893,b,7020,20423,zont1x,1.78
1893,b,7020,16920,sh1ro,1.65
1893,b,7020,21167,donk,1.44
1893,b,7020,18317,magixx,1.28
2184,a,5995,3741,NiKo,1.55
2184,a,5995,3972,huNter-,1.18
2184,a,5995,11617,malbsMd,1.01
2184,a,5995,19230,m0NESY,0.99
2184,a,5995,2553,Snax,0.99
2184,b,4914,19738,Djoko,1.98
2184,b,4914,19739,Ex3rcice,0.83
2184,b,4914,13138,Maka,0.74
2184,b,4914,21969,Graviti,0.67
2184,b,4914,13497,Lucky,0.55
1733,a,4494,20312,xertioN,1.22
1733,a,4494,18072,torzsi,1.0
1733,a,4494,16820,siuhy,0.85
1733,a,4494,18850,Jimpphat,0.82
1733,a,4494,13666,Brollan,0.57
1733,b,6667,11816,ropz,1.38
1733,b,6667,9960,frozen,1.25
1733,b,6667,429,karrigan,1.2
1733,b,6667,8183,rain,1.0
1733,b,6667,18053,broky,0.92
1001,b,9928,20994,FL4MUS,2.25
1001,b,9928,16486,ztr,1.44
1001,b,9928,20870,sl3nd,1.37
1001,b,9928,20301,Tauson,1.04
1001,b,9928,20358,volt,0.9
1001,a,12257,8711,Sonic,1.11
1001,a,12257,21665,JBa,1.04
1001,a,12257,8507,stanislaw,0.79
1001,a,12257,21163,susp,0.69
1001,a,12257,16726,phzy,0.66
2991,b,9565,18462,mezii,1.49
2991,b,9565,18221,Spinx,1.43
2991,b,9565,11893,ZywOo,1.38
2991,b,9565,16693,flameZ,1.3
2991,b,9565,7322,apEX,1.16
2991,a,9215,21037,insani,0.87
2991,a,9215,11154,exit,0.82
2991,a,9215,18835,saffee,0.8
2991,a,9215,19750,drop,0.65
2991,a,9215,18717,Lucaozy,0.53
2005,a,7532,12708,rigoN,1.03
2005,a,7532,14929,JDC,1.0
2005,a,7532,19899,Krimbo,0.72
2005,a,7532,5794,tabseN,0.65
2005,a,7532,7266,syrsoN,0.59
2005,b,4773,18141,biguzera,1.63
2005,b,4773,19694,nqz,1.46
2005,b,4773,20171,snow,1.3
2005,b,4773,20085,kauez,1.13
2005,b,4773,20563,lux,0.99
2636,b,6248,20903,Senzu,1.86
2636,b,6248,20275,Techno,1.13
2636,b,6248,20194,bLitz,1.04
2636,b,6248,21001,mzinho,0.97
2636,b,6248,21809,910,0.94
2636,a,7175,9436,NertZ,1.52
2636,a,7175,14148,sjuush,0.86
2636,a,7175,19677,kyxsan,0.83
2636,a,7175,12018,TeSeS,0.76
2636,a,7175,17306,degster,0.67
2545,b,5995,3972,huNter-,2.25
2545,b,5995,3741,NiKo,1.94
2545,b,5995,11617,malbsMd,1.27
2545,b,5995,19230,m0NESY,1.08
2545,b,5995,2553,Snax,0.89
2545,a,6667,18053,broky,0.99
2545,a,6667,9960,frozen,0.88
2545,a,6667,429,karrigan,0.79
2545,a,6667,8183,rain,0.59
2545,a,6667,11816,ropz,0.58
1674,b,4494,16820,siuhy,1.31
1674,b,4494,13666,Brollan,1.11
1674,b,4494,20312,xertioN,1.1
1674,b,4494,18850,Jimpphat,1.1
1674,b,4494,18072,torzsi,0.95
1674,a,4914,21969,Graviti,1.26
1674,a,4914,19739,Ex3rcice,1.08
1674,a,4914,13138,Maka,0.95
1674,a,4914,19738,Djoko,0.92
1674,a,4914,13497,Lucky,0.82
1936,a,4608,18987,b1t,1.55
1936,a,4608,20127,w0nderful,1.4
1936,a,4608,14759,iM,1.29
1936,a,4608,9816,Aleksib,1.17
1936,a,4608,19206,jL,0.67
1936,b,9928,20870,sl3nd,1.2
1936,b,9928,16486,ztr,1.01
1936,b,9928,20301,Tauson,0.76
1936,b,9928,20994,FL4MUS,0.74
1936,b,9928,20358,volt,0.52
2509,b,9215,21037,insani,0.9
2509,b,9215,11154,exit,0.89
2509,b,9215,18835,saffee,0.81
2509,b,9215,18717,Lucaozy,0.5
2509,b,9215,19750,drop,0.46
2509,a,5973,4679,jks,1.65
2509,a,5973,8520,NAF,1.64
2509,a,5973,21763,ultimate,1.31
2509,a,5973,13915,YEKINDAR,1.23
2509,a,5973,10394,Twistzz,0.95
2012,b,8297,10566,chelo,1.61
2012,b,8297,15631,KSCERATO,1.55
2012,b,8297,12553,yuurih,1.07
2012,b,8297,18676,skullz,0.83
2012,b,8297,2023,FalleN,0.56
2012,a,4773,20085,kauez,1.18
2012,a,4773,18141,biguzera,1.03
2012,a,4773,20171,snow,0.97
2012,a,4773,19694,nqz,0.87
2012,a,4773,20563,lux,0.77
2812,b,7020,16920,sh1ro,1.84
2812,b,7020,21167,donk,1.54
2812,b,7020,20423,zont1x,1.21
2812,b,7020,18317,magixx,1.09
2812,b,7020,7716,chopper,0.81
2812,a,7175,17306,degster,1.01
2812,a,7175,14148,sjuush,0.83
2812,a,7175,19677,kyxsan,0.76
2812,a,7175,9436,NertZ,0.64
2812,a,7175,12018,TeSeS,0.61
1780,b,9215,19750,drop,1.17
1780,b,9215,18717,Lucaozy,0.9
1780,b,9215,11154,exit,0.82
1780,b,9215,18835,saffee,0.58
1780,b,9215,21037,insani,0.52
1780,a,4494,13666,Brollan,1.7
1780,a,4494,20312,xertioN,1.6
1780,a,4494,18850,Jimpphat,1.31
1780,a,4494,16820,siuhy,1.15
1780,a,4494,18072,torzsi,0.82
1904,b,7175,9436,NertZ,1.68
1904,b,7175,14148,sjuush,1.05
1904,b,7175,12018,TeSeS,1.03
1904,b,7175,17306,degster,1.01
1904,b,7175,19677,kyxsan,0.99
1904,a,4608,20127,w0nderful,1.35
1904,a,4608,18987,b1t,1.3
1904,a,4608,14759,iM,1.0
1904,a,4608,19206,jL,0.75
1904,a,4608,9816,Aleksib,0.62
2778,b,6667,11816,ropz,2.09
2778,b,6667,9960,frozen,1.12
2778,b,6667,429,karrigan,0.88
2778,b,6667,18053,broky,0.87
2778,b,6667,8183,rain,0.87
2778,a,8297,15631,KSCERATO,1.4
2778,a,8297,12553,yuurih,1.1
2778,a,8297,18676,skullz,0.86
2778,a,8297,10566,chelo,0.72
2778,a,8297,2023,FalleN,0.62
1713,a,6248,21001,mzinho,1.35
1713,a,6248,21809,910,1.09
1713,a,6248,20194,bLitz,0.8
1713,a,6248,20275,Techno,0.67
1713,a,6248,20903,Senzu,0.54
1713,b,4494,18850,Jimpphat,1.48
1713,b,4494,20312,xertioN,1.21
1713,b,4494,13666,Brollan,1.2
1713,b,4494,18072,torzsi,1.19
1713,b,4494,16820,siuhy,1.09
2483,b,7020,21167,donk,1.68
2483,b,7020,7716,chopper,1.26
2483,b,7020,16920,sh1ro,1.16
2483,b,7020,20423,zont1x,0.94
2483,b,7020,18317,magixx,0.85
2483,a,5973,10394,Twistzz,1.65
2483,a,5973,4679,jks,1.13
2483,a,5973,13915,YEKINDAR,0.8
2483,a,5973,8520,NAF,0.71
2483,a,5973,21763,ultimate,0.48
2572,a,5995,11617,malbsMd,1.68
2572,a,5995,19230,m0NESY,1.14
2572,a,5995,2553,Snax,1.11
2572,a,5995,3972,huNter-,0.99
2572,a,5995,3741,NiKo,0.76
2572,b,7175,17306,degster,1.45
2572,b,7175,9436,NertZ,1.14
2572,b,7175,12018,TeSeS,0.85
2572,b,7175,19677,kyxsan,0.71
2572,b,7175,14148,sjuush,0.65
2792,b,9565,11893,ZywOo,1.53
2792,b,9565,18221,Spinx,0.98
2792,b,9565,18462,mezii,0.72
2792,b,9565,16693,flameZ,0.63
2792,b,9565,7322,apEX,0.52
2792,a,6667,11816,ropz,2.07
2792,a,6667,18053,broky,1.23
2792,a,6667,9960,frozen,1.23
2792,a,6667,429,karrigan,1.09
2792,a,6667,8183,rain,1.02
1745,b,4494,16820,siuhy,1.16
1745,b,4494,18072,torzsi,0.92
1745,b,4494,18850,Jimpphat,0.76
1745,b,4494,20312,xertioN,0.74
1745,b,4494,13666,Brollan,0.64
1745,a,7020,21167,donk,1.4
1745,a,7020,16920,sh1ro,1.35
1745,a,7020,7716,chopper,1.31
1745,a,7020,18317,magixx,1.25
1745,a,7020,20423,zont1x,1.09
2546,b,5995,2553,Snax,1.42
2546,b,5995,3972,huNter-,1.0
2546,b,5995,11617,malbsMd,0.91
2546,b,5995,19230,m0NESY,0.84
2546,b,5995,3741,NiKo,0.76
2546,a,6667,11816,ropz,1.38
2546,a,6667,18053,broky,1.31
2546,a,6667,9960,frozen,1.25
2546,a,6667,8183,rain,1.21
2546,a,6667,429,karrigan,0.74
2760,a,7020,21167,donk,1.84
2760,a,7020,18317,magixx,1.63
2760,a,7020,16920,sh1ro,1.14
2760,a,7020,20423,zont1x,0.91
2760,a,7020,7716,chopper,0.48
2760,b,6667,18053,broky,1.15
2760,b,6667,8183,rain,1.11
2760,b,6667,11816,ropz,1.09
2760,b,6667,9960,frozen,0.84
2760,b,6667,429,karrigan,0.73
1456,a,12774,20123,regali,1.52
1456,a,12774,17384,Vexite,1.44
1456,a,12774,9115,dexter,1.42
1456,a,12774,11140,INS,1.05
1456,a,12774,10588,Liazz,1.05
1456,b,9215,21037,insani,1.03
1456,b,9215,11154,exit,0.86
1456,b,9215,18835,saffee,0.78
1456,b,9215,19750,drop,0.66
1456,b,9215,18717,Lucaozy,0.64
2220,b,4914,19739,Ex3rcice,1.25
2220,b,4914,13138,Maka,1.0
2220,b,4914,21969,Graviti,0.96
2220,b,4914,13497,Lucky,0.66
2220,b,4914,19738,Djoko,0.46
2220,a,7175,19187,xfl0ud,1.43
2220,a,7175,19164,SunPayus,1.28
2220,a,7175,19310,LNZ,1.23
2220,a,7175,19808,tN1R,1.14
2220,a,7175,22047,yxngstxr,0.92
2272,b,7020,21167,donk,2.07
2272,b,7020,20423,zont1x,1.66
2272,b,7020,18317,magixx,1.56
2272,b,7020,16920,sh1ro,1.15
2272,b,7020,7716,chopper,0.82
2272,a,4991,21062,MATYS,1.09
2272,a,4991,17803,fEAR,1.07
2272,a,4991,22904,Burmylov,0.66
2272,a,4991,7528,KRIMZ,0.54
2272,a,4991,15165,blameF,0.28
987,b,6665,20304,Staehr,1.6
987,b,6665,10994,stavn,1.54
987,b,6665,7964,cadiaN,1.32
987,b,6665,17956,jabbi,1.19
987,b,6665,7592,device,1.19
987,a,12257,16726,phzy,1.27
987,a,12257,21665,JBa,1.04
987,a,12257,8507,stanislaw,0.77
987,a,12257,21163,susp,0.73
987,a,12257,8711,Sonic,0.24
187,b,10567,20462,story,1.22
187,b,10567,2241,roman,1.14
187,b,10567,21014,Ag1l,1.0
187,b,10567,21136,Shr,0.77
187,b,10567,630,MUTiRiS,0.65
187,a,7532,5794,tabseN,1.54
187,a,7532,21468,hyped,1.35
187,a,7532,14929,JDC,0.96
187,a,7532,20170,kyuubii,0.93
187,a,7532,19899,Krimbo,0.84
489,b,11283,3741,NiKo,1.54
489,b,11283,12018,TeSeS,1.36
489,b,11283,9032,Magisk,1.05
489,b,11283,17306,degster,0.99
489,b,11283,19677,kyxsan,0.84
489,a,4869,21972,Neityu,1.32
489,a,4869,7412,gla1ve,0.93
489,a,4869,21815,podi,0.83
489,a,4869,23372,xKacpersky,0.82
489,a,4869,12731,sdy,0.8
2294,b,5005,12840,hallzerk,1.21
2294,b,5005,21620,nicx,1.11
2294,b,5005,17353,Cxzi,1.0
2294,b,5005,13578,Grim,0.83
2294,b,5005,11630,JT,0.79
2294,a,5378,20101,fame,1.89
2294,a,5378,20994,FL4MUS,1.4
2294,a,5378,8918,electroNic,0.95
2294,a,5378,12732,FL1T,0.81
2294,a,5378,21439,ICY,0.79
1075,a,6667,8738,EliGE,1.51
1075,a,6667,8183,rain,1.25
1075,a,6667,429,karrigan,1.21
1075,a,6667,18053,broky,1.15
1075,a,6667,9960,frozen,0.73
1075,b,12376,12781,k1to,1.42
1075,b,12376,20104,s1n,1.04
1075,b,12376,22921,Lake,0.96
1075,b,12376,16599,Swisher,0.64
1075,b,12376,15370,slaxz-,0.63
2053,a,4773,18141,biguzera,1.52
2053,a,4773,19694,nqz,1.29
2053,a,4773,20171,snow,1.21
2053,a,4773,18865,dav1deuS,1.08
2053,a,4773,20085,kauez,0.74
2053,b,9928,20870,sl3nd,1.05
2053,b,9928,22279,PR,1.02
2053,b,9928,9278,REZ,0.92
2053,b,9928,16486,ztr,0.88
2053,b,9928,20301,Tauson,0.66
1120,a,4494,20312,xertioN,1.4
1120,a,4494,18072,torzsi,1.29
1120,a,4494,18850,Jimpphat,1.15
1120,a,4494,16820,siuhy,0.63
1120,a,4494,13666,Brollan,0.62
1120,b,12394,21667,Magnojez,1.58
1120,b,12394,16555,Ax1Le,1.32
1120,b,12394,11840,Boombl4,1.13
1120,b,12394,15662,zorte,0.83
1120,b,12394,18506,S1ren,0.72
287,b,5995,19230,m0NESY,1.46
287,b,5995,3972,huNter-,1.29
287,b,5995,2553,Snax,1.12
287,b,5995,20447,HeavyGod,1.03
287,b,5995,11617,malbsMd,0.84
287,a,11241,19592,headtr1ck,1.65
287,a,11241,22842,kensizor,1.15
287,a,11241,21708,npl,0.87
287,a,11241,20112,alex666,0.85
287,a,11241,23643,esenthial,0.49
2493,a,7175,19310,LNZ,1.52
2493,a,7175,19164,SunPayus,1.29
2493,a,7175,19187,xfl0ud,1.14
2493,a,7175,22047,yxngstxr,1.05
2493,a,7175,19808,tN1R,0.95
2493,b,5973,9436,NertZ,1.09
2493,b,5973,10394,Twistzz,1.08
2493,b,5973,8520,NAF,0.97
2493,b,5973,21763,ultimate,0.82
2493,b,5973,4679,jks,0.72
1989,a,4773,19694,nqz,1.26
1989,a,4773,18865,dav1deuS,1.21
1989,a,4773,18141,biguzera,1.18
1989,a,4773,20171,snow,0.76
1989,a,4773,20085,kauez,0.72
1989,b,6667,8183,rain,1.18
1989,b,6667,18053,broky,1.14
1989,b,6667,429,karrigan,0.96
1989,b,6667,9960,frozen,0.91
1989,b,6667,8738,EliGE,0.76
1441,a,12774,20123,regali,1.05
1441,a,12774,11140,INS,1.0
1441,a,12774,10588,Liazz,0.61
1441,a,12774,17384,Vexite,0.5
1441,a,12774,9115,dexter,0.3
1441,b,7020,21167,donk,2.33
1441,b,7020,20423,zont1x,2.19
1441,b,7020,16920,sh1ro,1.34
1441,b,7020,7716,chopper,1.21
1441,b,7020,18317,magixx,1.03
1870,a,6665,10994,stavn,1.08
1870,a,6665,20304,Staehr,1.04
1870,a,6665,17956,jabbi,0.84
1870,a,6665,7964,cadiaN,0.62
1870,a,6665,7592,device,0.49
1870,b,4608,18987,b1t,1.77
1870,b,4608,20127,w0nderful,1.15
1870,b,4608,14759,iM,1.13
1870,b,4608,9816,Aleksib,1.02
1870,b,4608,19206,jL,0.93
338,a,11251,21243,Wicadia,1.54
338,a,11251,7938,XANTARES,1.27
338,a,11251,22361,jottAAA,1.02
338,a,11251,8574,woxic,0.93
338,a,11251,150,MAJ3R,0.87
338,b,11283,12018,TeSeS,1.53
338,b,11283,17306,degster,1.15
338,b,11283,3741,NiKo,0.98
338,b,11283,19677,kyxsan,0.79
338,b,11283,9032,Magisk,0.61
1176,a,8297,18676,skullz,1.35
1176,a,8297,15631,KSCERATO,1.07
1176,a,8297,12553,yuurih,0.91
1176,a,8297,2023,FalleN,0.76
1176,a,8297,10566,chelo,0.51
1176,b,12394,11840,Boombl4,1.66
1176,b,12394,18506,S1ren,1.64
1176,b,12394,16555,Ax1Le,1.16
1176,b,12394,21667,Magnojez,1.15
1176,b,12394,15662,zorte,0.9
2417,b,5378,12732,FL1T,1.41
2417,b,5378,21439,ICY,1.12
2417,b,5378,8918,electroNic,0.86
2417,b,5378,20994,FL4MUS,0.66
2417,b,5378,20101,fame,0.32
2417,a,9565,11893,ZywOo,1.9
2417,a,9565,18462,mezii,1.58
2417,a,9565,11816,ropz,1.21
2417,a,9565,7322,apEX,0.67
2417,a,9565,16693,flameZ,0.62
2576,b,7532,20170,kyuubii,1.16
2576,b,7532,14929,JDC,1.15
2576,b,7532,19899,Krimbo,0.84
2576,b,7532,5794,tabseN,0.82
2576,b,7532,21468,hyped,0.39
2576,a,5995,20447,HeavyGod,2.19
2576,a,5995,19230,m0NESY,1.45
2576,a,5995,11617,malbsMd,1.28
2576,a,5995,3972,huNter-,0.92
2576,a,5995,2553,Snax,0.79
945,b,12376,22921,Lake,1.5
945,b,12376,15370,slaxz-,1.02
945,b,12376,16599,Swisher,0.87
945,b,12376,12781,k1to,0.65
945,b,12376,20104,s1n,0.56
945,a,12000,18697,oxygeN,1.63
945,a,12000,11219,CeRq,1.26
945,a,12000,17145,Rainwaker,1.22
945,a,12000,11217,SPELLAN,1.1
945,a,12000,11343,SHiPZ,0.99
946,b,12000,11343,SHiPZ,1.64
946,b,12000,17145,Rainwaker,1.63
946,b,12000,18697,oxygeN,1.21
946,b,12000,11217,SPELLAN,0.77
946,b,12000,11219,CeRq,0.69
946,a,12376,22921,Lake,1.44
946,a,12376,15370,slaxz-,1.2
946,a,12376,16599,Swisher,0.88
946,a,12376,20104,s1n,0.85
946,a,12376,12781,k1to,0.63
2816,b,7020,16920,sh1ro,2.04
2816,b,7020,18317,magixx,1.7
2816,b,7020,7716,chopper,1.48
2816,b,7020,20423,zont1x,1.27
2816,b,7020,21167,donk,1.01
2816,a,7175,19164,SunPayus,1.52
2816,a,7175,19310,LNZ,0.58
2816,a,7175,19187,xfl0ud,0.57
2816,a,7175,22047,yxngstxr,0.5
2816,a,7175,11777,Maden,0.42
1144,b,5995,20447,HeavyGod,1.9
1144,b,5995,19230,m0NESY,1.6
1144,b,5995,3972,huNter-,1.4
1144,b,5995,11617,malbsMd,1.18
1144,b,5995,2553,Snax,0.99
1144,a,12394,19920,KaiR0N-,1.27
1144,a,12394,16555,Ax1Le,1.04
1144,a,12394,21667,Magnojez,0.85
1144,a,12394,16921,nafany,0.49
1144,a,12394,18506,S1ren,0.35
428,b,9565,11893,ZywOo,1.32
428,b,9565,16693,flameZ,1.22
428,b,9565,18462,mezii,1.14
428,b,9565,11816,ropz,0.71
428,b,9565,7322,apEX,0.59
428,a,11251,8574,woxic,1.48
428,a,11251,22361,jottAAA,1.32
428,a,11251,21243,Wicadia,1.07
428,a,11251,7938,XANTARES,1.03
428,a,11251,150,MAJ3R,0.63
1814,a,4608,18987,b1t,1.38
1814,a,4608,19206,jL,1.37
1814,a,4608,14759,iM,1.26
1814,a,4608,9816,Aleksib,0.93
1814,a,4608,20127,w0nderful,0.8
1814,b,4773,20171,snow,1.23
1814,b,4773,18865,dav1deuS,0.99
1814,b,4773,19694,nqz,0.77
1814,b,4773,20085,kauez,0.7
1814,b,4773,18141,biguzera,0.66
391,b,5995,19230,m0NESY,1.2
391,b,5995,3972,huNter-,1.19
391,b,5995,20447,HeavyGod,1.18
391,b,5995,2553,Snax,0.82
391,b,5995,11617,malbsMd,0.61
391,a,11251,8574,woxic,1.32
391,a,11251,22361,jottAAA,1.25
391,a,11251,150,MAJ3R,1.22
391,a,11251,7938,XANTARES,1.04
391,a,11251,21243,Wicadia,1.03
1896,b,4608,18987,b1t,1.45
1896,b,4608,20127,w0nderful,0.89
1896,b,4608,9816,Aleksib,0.88
1896,b,4608,14759,iM,0.88
1896,b,4608,19206,jL,0.84
1896,a,7020,21167,donk,1.35
1896,a,7020,7716,chopper,1.26
1896,a,7020,16920,sh1ro,1.22
1896,a,7020,18317,magixx,0.93
1896,a,7020,20423,zont1x,0.8
407,a,11251,22361,jottAAA,1.11
407,a,11251,8574,woxic,0.94
407,a,11251,7938,XANTARES,0.88
407,a,11251,21243,Wicadia,0.82
407,a,11251,150,MAJ3R,0.65
407,b,7020,16920,sh1ro,1.92
407,b,7020,21167,donk,1.42
407,b,7020,18317,magixx,1.26
407,b,7020,20423,zont1x,1.07
407,b,7020,7716,chopper,0.82
1423,b,4914,19738,Djoko,1.41
1423,b,4914,19739,Ex3rcice,1.33
1423,b,4914,13497,Lucky,1.17
1423,b,4914,13138,Maka,1.07
1423,b,4914,21969,Graviti,0.71
1423,a,12774,9115,dexter,1.0
1423,a,12774,20123,regali,0.88
1423,a,12774,10588,Liazz,0.81
1423,a,12774,11140,INS,0.75
1423,a,12774,17384,Vexite,0.7
1959,b,4773,20171,snow,2.16
1959,b,4773,19694,nqz,1.6
1959,b,4773,18865,dav1deuS,1.47
1959,b,4773,18141,biguzera,1.18
1959,b,4773,20085,kauez,1.17
1959,a,5378,12732,FL1T,1.06
1959,a,5378,8918,electroNic,0.93
1959,a,5378,21439,ICY,0.8
1959,a,5378,20994,FL4MUS,0.6
1959,a,5378,20101,fame,0.4
203,a,10567,21014,Ag1l,1.29
203,a,10567,20462,story,1.02
203,a,10567,630,MUTiRiS,1.01
203,a,10567,21136,Shr,0.95
203,a,10567,2241,roman,0.65
203,b,9928,16486,ztr,1.56
203,b,9928,9278,REZ,1.45
203,b,9928,22279,PR,1.29
203,b,9928,20870,sl3nd,1.2
203,b,9928,20301,Tauson,0.79
2734,a,6665,17956,jabbi,1.33
2734,a,6665,20304,Staehr,1.27
2734,a,6665,10994,stavn,0.84
2734,a,6665,7964,cadiaN,0.72
2734,a,6665,7592,device,0.67
2734,b,9215,21037,insani,1.58
2734,b,9215,18717,Lucaozy,1.47
2734,b,9215,11154,exit,1.42
2734,b,9215,18835,saffee,0.86
2734,b,9215,19750,drop,0.73
994,a,12257,21665,JBa,1.89
994,a,12257,8507,stanislaw,1.13
994,a,12257,21163,susp,1.02
994,a,12257,16726,phzy,1.01
994,a,12257,8711,Sonic,0.95
994,b,7532,5794,tabseN,1.12
994,b,7532,21468,hyped,1.07
994,b,7532,14929,JDC,0.88
994,b,7532,19899,Krimbo,0.74
994,b,7532,20170,kyuubii,0.67
382,b,5005,21620,nicx,1.34
382,b,5005,12840,hallzerk,0.97
382,b,5005,13578,Grim,0.91
382,b,5005,17353,Cxzi,0.91
382,b,5005,11630,JT,0.9
382,a,11251,8574,woxic,1.97
382,a,11251,7938,XANTARES,1.18
382,a,11251,21243,Wicadia,1.06
382,a,11251,22361,jottAAA,0.93
382,a,11251,150,MAJ3R,0.82
2496,a,5973,10394,Twistzz,1.33
2496,a,5973,9436,NertZ,1.04
2496,a,5973,8520,NAF,0.89
2496,a,5973,21763,ultimate,0.88
2496,a,5973,4679,jks,0.84
2496,b,7175,19808,tN1R,1.4
2496,b,7175,19187,xfl0ud,1.25
2496,b,7175,19164,SunPayus,1.16
2496,b,7175,22047,yxngstxr,1.15
2496,b,7175,19310,LNZ,0.93
283,b,11241,19592,headtr1ck,1.6
283,b,11241,20112,alex666,1.32
283,b,11241,22842,kensizor,1.26
283,b,11241,23643,esenthial,1.26
283,b,11241,21708,npl,1.14
283,a,4991,22904,Burmylov,1.31
283,a,4991,15165,blameF,0.83
283,a,4991,17803,fEAR,0.74
283,a,4991,7528,KRIMZ,0.72
283,a,4991,21062,MATYS,0.47
2055,b,4773,19694,nqz,1.25
2055,b,4773,18865,dav1deuS,1.24
2055,b,4773,20085,kauez,0.92
2055,b,4773,18141,biguzera,0.54
2055,b,4773,20171,snow,0.36
2055,a,9928,22279,PR,1.5
2055,a,9928,20870,sl3nd,1.46
2055,a,9928,16486,ztr,1.26
2055,a,9928,9278,REZ,1.22
2055,a,9928,20301,Tauson,0.8
167,a,5378,12732,FL1T,1.62
167,a,5378,20101,fame,1.56
167,a,5378,8918,electroNic,1.41
167,a,5378,20994,FL4MUS,1.31
167,a,5378,21439,ICY,1.2
167,b,10567,2241,roman,1.01
167,b,10567,21014,Ag1l,0.98
167,b,10567,630,MUTiRiS,0.83
167,b,10567,21136,Shr,0.56
167,b,10567,20462,story,0.46
1434,a,12774,10588,Liazz,1.47
1434,a,12774,20123,regali,1.12
1434,a,12774,17384,Vexite,1.04
1434,a,12774,9115,dexter,0.99
1434,a,12774,11140,INS,0.85
1434,b,6665,20304,Staehr,1.66
1434,b,6665,7592,device,1.16
1434,b,6665,10994,stavn,1.0
1434,b,6665,7964,cadiaN,0.9
1434,b,6665,17956,jabbi,0.6
2243,a,4914,13497,Lucky,1.9
2243,a,4914,19738,Djoko,1.46
2243,a,4914,21969,Graviti,1.43
2243,a,4914,13138,Maka,1.05
2243,a,4914,19739,Ex3rcice,0.76
2243,b,9215,18835,saffee,1.17
2243,b,9215,11154,exit,1.09
2243,b,9215,19750,drop,1.04
2243,b,9215,21037,insani,0.62
2243,b,9215,18717,Lucaozy,0.51
412,a,11251,21243,Wicadia,1.39
412,a,11251,8574,woxic,1.24
412,a,11251,7938,XANTARES,1.11
412,a,11251,22361,jottAAA,0.99
412,a,11251,150,MAJ3R,0.9
412,b,7175,19187,xfl0ud,1.13
412,b,7175,19808,tN1R,1.09
412,b,7175,22047,yxngstxr,1.04
412,b,7175,19164,SunPayus,0.91
412,b,7175,19310,LNZ,0.71
2303,b,5005,17353,Cxzi,1.14
2303,b,5005,12840,hallzerk,1.04
2303,b,5005,13578,Grim,1.03
2303,b,5005,11630,JT,0.91
2303,b,5005,21620,nicx,0.68
2303,a,5973,10394,Twistzz,1.42
2303,a,5973,9436,NertZ,1.24
2303,a,5973,21763,ultimate,1.01
2303,a,5973,8520,NAF,1.0
2303,a,5973,4679,jks,0.91
997,a,12257,16726,phzy,1.22
997,a,12257,21665,JBa,1.16
997,a,12257,21163,susp,1.07
997,a,12257,8507,stanislaw,1.01
997,a,12257,8711,Sonic,0.92
997,b,8297,15631,KSCERATO,1.94
997,b,8297,18676,skullz,1.45
997,b,8297,2023,FalleN,0.83
997,b,8297,10566,chelo,0.73
997,b,8297,12553,yuurih,0.72
2867,b,7532,21468,hyped,1.98
2867,b,7532,14929,JDC,1.6
2867,b,7532,5794,tabseN,1.37
2867,b,7532,20170,kyuubii,1.23
2867,b,7532,19899,Krimbo,1.2
2867,a,7175,19808,tN1R,1.25
2867,a,7175,22047,yxngstxr,1.13
2867,a,7175,19310,LNZ,0.86
2867,a,7175,19187,xfl0ud,0.58
2867,a,7175,19164,SunPayus,0.46
2412,a,5378,12732,FL1T,1.57
2412,a,5378,20101,fame,1.26
2412,a,5378,8918,electroNic,1.18
2412,a,5378,21439,ICY,1.08
2412,a,5378,20994,FL4MUS,0.97
2412,b,9215,11154,exit,1.24
2412,b,9215,19750,drop,0.91
2412,b,9215,18717,Lucaozy,0.9
2412,b,9215,21037,insani,0.73
2412,b,9215,18835,saffee,0.61
985,a,5973,21763,ultimate,2.63
985,a,5973,10394,Twistzz,2.1
985,a,5973,9436,NertZ,1.97
985,a,5973,4679,jks,1.74
985,a,5973,8520,NAF,1.03
985,b,12257,21665,JBa,0.64
985,b,12257,8507,stanislaw,0.61
985,b,12257,8711,Sonic,0.52
985,b,12257,16726,phzy,0.3
985,b,12257,21163,susp,0.27
1982,b,4773,20085,kauez,1.76
1982,b,4773,19694,nqz,0.89
1982,b,4773,20171,snow,0.84
1982,b,4773,18865,dav1deuS,0.83
1982,b,4773,18141,biguzera,0.65
1982,a,6665,17956,jabbi,1.73
1982,a,6665,7964,cadiaN,1.17
1982,a,6665,7592,device,1.05
1982,a,6665,20304,Staehr,0.87
1982,a,6665,10994,stavn,0.71
340,b,11283,9032,Magisk,1.04
340,b,11283,3741,NiKo,0.93
340,b,11283,19677,kyxsan,0.88
340,b,11283,12018,TeSeS,0.84
340,b,11283,17306,degster,0.57
340,a,11251,7938,XANTARES,1.79
340,a,11251,21243,Wicadia,1.37
340,a,11251,8574,woxic,1.26
340,a,11251,22361,jottAAA,1.17
340,a,11251,150,MAJ3R,1.14
2247,b,9565,11816,ropz,1.54
2247,b,9565,11893,ZywOo,1.25
2247,b,9565,18462,mezii,1.24
2247,b,9565,7322,apEX,1.09
2247,b,9565,16693,flameZ,1.04
2247,a,4914,19738,Djoko,1.1
2247,a,4914,13497,Lucky,0.97
2247,a,4914,21969,Graviti,0.93
2247,a,4914,19739,Ex3rcice,0.75
2247,a,4914,13138,Maka,0.63
2773,b,6667,8183,rain,1.82
2773,b,6667,429,karrigan,1.42
2773,b,6667,9960,frozen,1.36
2773,b,6667,18053,broky,1.12
2773,b,6667,8738,EliGE,0.8
2773,a,7532,14929,JDC,1.17
2773,a,7532,5794,tabseN,0.79
2773,a,7532,21468,hyped,0.77
2773,a,7532,20170,kyuubii,0.71
2773,a,7532,19899,Krimbo,0.5
2358,b,5995,20447,HeavyGod,1.19
2358,b,5995,2553,Snax,1.08
2358,b,5995,19230,m0NESY,1.02
2358,b,5995,3972,huNter-,0.86
2358,b,5995,11617,malbsMd,0.83
2358,a,5378,21439,ICY,1.29
2358,a,5378,12732,FL1T,1.24
2358,a,5378,20994,FL4MUS,1.05
2358,a,5378,20101,fame,0.89
2358,a,5378,8918,electroNic,0.86
1804,b,4494,18072,torzsi,1.29
1804,b,4494,13666,Brollan,1.27
1804,b,4494,20312,xertioN,1.08
1804,b,4494,18850,Jimpphat,0.97
1804,b,4494,24457,xelex,0.81
1804,a,9928,22279,PR,1.34
1804,a,9928,16486,ztr,1.09
1804,a,9928,20301,Tauson,0.91
1804,a,9928,9278,REZ,0.9
1804,a,9928,20870,sl3nd,0.87
1915,b,4608,18987,b1t,2.05
1915,b,4608,14759,iM,1.92
1915,b,4608,20127,w0nderful,1.61
1915,b,4608,19206,jL,1.31
1915,b,4608,9816,Aleksib,1.0
1915,a,8297,15631,KSCERATO,1.02
1915,a,8297,18676,skullz,0.7
1915,a,8297,12553,yuurih,0.59
1915,a,8297,2023,FalleN,0.52
1915,a,8297,10566,chelo,0.35
2703,b,7020,21167,donk,2.16
2703,b,7020,7716,chopper,1.66
2703,b,7020,18317,magixx,1.64
2703,b,7020,20423,zont1x,0.93
2703,b,7020,16920,sh1ro,0.83
2703,a,6665,20304,Staehr,0.83
2703,a,6665,7592,device,0.82
2703,a,6665,17956,jabbi,0.76
2703,a,6665,10994,stavn,0.71
2703,a,6665,7964,cadiaN,0.65
2462,a,6248,21001,mzinho,1.27
2462,a,6248,20903,Senzu,1.1
2462,a,6248,21809,910,1.01
2462,a,6248,20194,bLitz,0.91
2462,a,6248,20275,Techno,0.74
2462,b,5973,9436,NertZ,1.44
2462,b,5973,4679,jks,1.08
2462,b,5973,10394,Twistzz,1.01
2462,b,5973,8520,NAF,1.0
2462,b,5973,21763,ultimate,0.64
516,b,11283,3741,NiKo,1.21
516,b,11283,9032,Magisk,1.07
516,b,11283,12018,TeSeS,1.06
516,b,11283,17306,degster,0.93
516,b,11283,19677,kyxsan,0.88
516,a,5995,20447,HeavyGod,1.45
516,a,5995,19230,m0NESY,1.26
516,a,5995,11617,malbsMd,1.2
516,a,5995,3972,huNter-,1.18
516,a,5995,2553,Snax,0.77
384,b,11251,8574,woxic,1.45
384,b,11251,7938,XANTARES,1.24
384,b,11251,21243,Wicadia,0.69
384,b,11251,150,MAJ3R,0.64
384,b,11251,22361,jottAAA,0.62
384,a,5378,20101,fame,1.38
384,a,5378,20994,FL4MUS,1.19
384,a,5378,12732,FL1T,1.11
384,a,5378,8918,electroNic,1.09
384,a,5378,21439,ICY,0.96
2795,a,9565,11893,ZywOo,1.6
2795,a,9565,18462,mezii,1.18
2795,a,9565,7322,apEX,1.06
2795,a,9565,11816,ropz,0.96
2795,a,9565,16693,flameZ,0.95
2795,b,6667,429,karrigan,1.14
2795,b,6667,9960,frozen,1.08
2795,b,6667,8183,rain,1.01
2795,b,6667,8738,EliGE,0.89
2795,b,6667,18053,broky,0.83
2227,b,4914,13497,Lucky,1.99
2227,b,4914,13138,Maka,1.79
2227,b,4914,21969,Graviti,1.49
2227,b,4914,19738,Djoko,0.74
2227,b,4914,19739,Ex3rcice,0.57
2227,a,7532,19899,Krimbo,1.61
2227,a,7532,5794,tabseN,1.33
2227,a,7532,14929,JDC,1.0
2227,a,7532,21468,hyped,0.48
2227,a,7532,20170,kyuubii,0.48
2681,a,9928,22279,PR,1.08
2681,a,9928,16486,ztr,0.93
2681,a,9928,20301,Tauson,0.84
2681,a,9928,9278,REZ,0.77
2681,a,9928,20870,sl3nd,0.68
2681,b,6248,21809,910,1.61
2681,b,6248,20194,bLitz,1.57
2681,b,6248,21001,mzinho,1.49
2681,b,6248,20903,Senzu,1.3
2681,b,6248,20275,Techno,0.72
1697,b,4494,18072,torzsi,1.11
1697,b,4494,24457,xelex,1.02
1697,b,4494,13666,Brollan,0.77
1697,b,4494,18850,Jimpphat,0.73
1697,b,4494,20312,xertioN,0.72
1697,a,5973,10394,Twistzz,1.77
1697,a,5973,9436,NertZ,1.56
1697,a,5973,21763,ultimate,1.09
1697,a,5973,4679,jks,0.97
1697,a,5973,8520,NAF,0.81
2722,b,8297,10566,chelo,1.26
2722,b,8297,2023,FalleN,0.98
2722,b,8297,12553,yuurih,0.97
2722,b,8297,18676,skullz,0.86
2722,b,8297,15631,KSCERATO,0.84
2722,a,6665,10994,stavn,1.49
2722,a,6665,17956,jabbi,1.13
2722,a,6665,20304,Staehr,1.04
2722,a,6665,7592,device,1.02
2722,a,6665,7964,cadiaN,0.72
1897,b,4608,14759,iM,1.28
1897,b,4608,19206,jL,1.25
1897,b,4608,20127,w0nderful,1.13
1897,b,4608,18987,b1t,1.02
1897,b,4608,9816,Aleksib,0.85
1897,a,7020,21167,donk,1.38
1897,a,7020,20423,zont1x,1.17
1897,a,7020,16920,sh1ro,0.93
1897,a,7020,7716,chopper,0.77
1897,a,7020,18317,magixx,0.74
376,b,11251,21243,Wicadia,1.3
376,b,11251,8574,woxic,1.18
376,b,11251,7938,XANTARES,1.08
376,b,11251,150,MAJ3R,1.06
376,b,11251,22361,jottAAA,1.04
376,a,4914,13497,Lucky,1.18
376,a,4914,21969,Graviti,1.13
376,a,4914,19739,Ex3rcice,0.97
376,a,4914,13138,Maka,0.96
376,a,4914,19738,Djoko,0.53
2550,a,5995,3972,huNter-,1.15
2550,a,5995,11617,malbsMd,1.09
2550,a,5995,20447,HeavyGod,0.89
2550,a,5995,19230,m0NESY,0.86
2550,a,5995,2553,Snax,0.36
2550,b,6667,9960,frozen,1.76
2550,b,6667,18053,broky,1.2
2550,b,6667,8183,rain,1.11
2550,b,6667,8738,EliGE,1.02
2550,b,6667,429,karrigan,1.02
2487,a,5973,8520,NAF,1.08
2487,a,5973,9436,NertZ,1.01
2487,a,5973,10394,Twistzz,1.0
2487,a,5973,4679,jks,0.97
2487,a,5973,21763,ultimate,0.72
2487,b,7020,21167,donk,1.84
2487,b,7020,18317,magixx,1.59
2487,b,7020,16920,sh1ro,0.93
2487,b,7020,20423,zont1x,0.89
2487,b,7020,7716,chopper,0.7
2746,b,9928,22279,PR,2.76
2746,b,9928,9278,REZ,1.14
2746,b,9928,20870,sl3nd,1.06
2746,b,9928,16486,ztr,1.02
2746,b,9928,20301,Tauson,0.81
2746,a,6665,10994,stavn,1.02
2746,a,6665,7964,cadiaN,0.96
2746,a,6665,17956,jabbi,0.88
2746,a,6665,7592,device,0.86
2746,a,6665,20304,Staehr,0.41
2419,a,5378,12732,FL1T,1.3
2419,a,5378,8918,electroNic,1.19
2419,a,5378,21439,ICY,0.84
2419,a,5378,20994,FL4MUS,0.7
2419,a,5378,20101,fame,0.65
2419,b,9565,16693,flameZ,1.54
2419,b,9565,11816,ropz,1.49
2419,b,9565,11893,ZywOo,1.34
2419,b,9565,7322,apEX,1.05
2419,b,9565,18462,mezii,0.92
405,a,11251,7938,XANTARES,1.61
405,a,11251,150,MAJ3R,1.21
405,a,11251,8574,woxic,1.13
405,a,11251,21243,Wicadia,0.85
405,a,11251,22361,jottAAA,0.84
405,b,6667,9960,frozen,1.26
405,b,6667,18053,broky,1.13
405,b,6667,8183,rain,1.02
405,b,6667,429,karrigan,0.88
405,b,6667,8738,EliGE,0.82
1857,b,6248,20275,Techno,1.36
1857,b,6248,20194,bLitz,1.05
1857,b,6248,21809,910,0.86
1857,b,6248,21001,mzinho,0.65
1857,b,6248,20903,Senzu,0.53
1857,a,4608,19206,jL,1.44
1857,a,4608,18987,b1t,1.41
1857,a,4608,20127,w0nderful,1.27
1857,a,4608,9816,Aleksib,1.15
1857,a,4608,14759,iM,0.98
2853,b,9928,22279,PR,1.03
2853,b,9928,16486,ztr,0.83
2853,b,9928,20870,sl3nd,0.83
2853,b,9928,9278,REZ,0.77
2853,b,9928,20301,Tauson,0.45
2853,a,7020,20423,zont1x,1.56
2853,a,7020,21167,donk,1.49
2853,a,7020,7716,chopper,1.36
2853,a,7020,18317,magixx,1.15
2853,a,7020,16920,sh1ro,1.04
139,a,10567,630,MUTiRiS,1.03
139,a,10567,20462,story,0.96
139,a,10567,2241,roman,0.73
139,a,10567,21014,Ag1l,0.37
139,a,10567,21136,Shr,0.32
139,b,12878,9618,nexa,1.65
139,b,12878,18571,CYPHER,1.55
139,b,12878,13670,nawwk,1.54
139,b,12878,21139,pr1metapz,1.53
139,b,12878,8248,jkaem,1.19
1096,b,12426,23415,zeRRoFIX,1.43
1096,b,12426,23046,jambo,1.21
1096,b,12426,17008,Topa,1.08
1096,b,12426,23414,jackasmo,1.03
1096,b,12426,21452,Kvem,0.82
1096,a,12394,15662,zorte,1.33
1096,a,12394,11840,Boombl4,1.01
1096,a,12394,21667,Magnojez,0.98
1096,a,12394,16555,Ax1Le,0.91
1096,a,12394,18506,S1ren,0.83
949,b,12000,11343,SHiPZ,1.31
949,b,12000,18697,oxygeN,1.22
949,b,12000,11217,SPELLAN,1.13
949,b,12000,17145,Rainwaker,1.09
949,b,12000,11219,CeRq,0.54
949,a,12878,9618,nexa,1.39
949,a,12878,8248,jkaem,1.34
949,a,12878,18571,CYPHER,1.28
949,a,12878,13670,nawwk,0.9
949,a,12878,21139,pr1metapz,0.68
241,a,12467,13776,Jame,1.14
241,a,12467,22929,nota,1.11
241,a,12467,19235,BELCHONOKK,0.89
241,a,12467,16948,TRAVIS,0.83
241,a,12467,13239,Qikert,0.66
241,b,11241,23643,esenthial,1.41
241,b,11241,21708,npl,1.34
241,b,11241,19592,headtr1ck,1.23
241,b,11241,20112,alex666,1.14
241,b,11241,22842,kensizor,0.8
2908,b,9996,15914,Luken,1.18
2908,b,9996,12092,max,1.1
2908,b,9996,14736,dgt,0.89
2908,b,9996,21239,MartinezSa,0.84
2908,b,9996,22613,HUASOPEEK,0.63
2908,a,7176,8565,HEN1,1.55
2908,a,7176,22126,nyezin,1.2
2908,a,7176,9216,coldzera,1.13
2908,a,7176,21288,venomzera,1.12
2908,a,7176,9219,felps,1.02
126,a,10567,2241,roman,0.95
126,a,10567,21014,Ag1l,0.83
126,a,10567,21136,Shr,0.56
126,a,10567,20462,story,0.53
126,a,10567,630,MUTiRiS,0.38
126,b,12000,17145,Rainwaker,2.1
126,b,12000,11343,SHiPZ,1.96
126,b,12000,11219,CeRq,1.52
126,b,12000,18697,oxygeN,1.24
126,b,12000,11217,SPELLAN,0.88
242,a,11241,20112,alex666,0.86
242,a,11241,19592,headtr1ck,0.85
242,a,11241,21708,npl,0.72
242,a,11241,22842,kensizor,0.53
242,a,11241,23643,esenthial,0.51
242,b,12467,22929,nota,2.01
242,b,12467,13239,Qikert,1.64
242,b,12467,16948,TRAVIS,1.26
242,b,12467,19235,BELCHONOKK,1.25
242,b,12467,13776,Jame,1.06
950,a,12878,21139,pr1metapz,1.3
950,a,12878,18571,CYPHER,1.11
950,a,12878,9618,nexa,0.68
950,a,12878,13670,nawwk,0.66
950,a,12878,8248,jkaem,0.43
950,b,12000,11343,SHiPZ,1.75
950,b,12000,11219,CeRq,1.51
950,b,12000,11217,SPELLAN,1.49
950,b,12000,18697,oxygeN,1.33
950,b,12000,17145,Rainwaker,0.87
1097,a,12426,23046,jambo,1.44
1097,a,12426,23415,zeRRoFIX,1.32
1097,a,12426,21452,Kvem,1.28
1097,a,12426,23414,jackasmo,1.23
1097,a,12426,17008,Topa,0.79
1097,b,12394,21667,Magnojez,1.26
1097,b,12394,16555,Ax1Le,0.94
1097,b,12394,11840,Boombl4,0.84
1097,b,12394,18506,S1ren,0.78
1097,b,12394,15662,zorte,0.56
397,b,6248,20275,Techno,1.7
397,b,6248,20194,bLitz,1.24
397,b,6248,21001,mzinho,0.95
397,b,6248,20903,Senzu,0.93
397,b,6248,21809,910,0.88
397,a,11251,21243,Wicadia,1.16
397,a,11251,7938,XANTARES,1.1
397,a,11251,22361,jottAAA,1.03
397,a,11251,150,MAJ3R,0.88
397,a,11251,8574,woxic,0.78
2384,a,5378,8789,mir,1.11
2384,a,5378,21439,ICY,1.1
2384,a,5378,12732,FL1T,0.8
2384,a,5378,8918,electroNic,0.6
2384,a,5378,20101,fame,0.48
2384,b,7020,18317,magixx,1.86
2384,b,7020,7716,chopper,1.25
2384,b,7020,21167,donk,1.24
2384,b,7020,20423,zont1x,0.94
2384,b,7020,16920,sh1ro,0.88
1294,b,9928,22279,PR,1.14
1294,b,9928,20301,Tauson,1.09
1294,b,9928,16486,ztr,1.05
1294,b,9928,9278,REZ,1.02
1294,b,9928,20870,sl3nd,0.67
1294,a,12467,16948,TRAVIS,1.7
1294,a,12467,22929,nota,1.14
1294,a,12467,13776,Jame,1.13
1294,a,12467,13239,Qikert,0.96
1294,a,12467,19235,BELCHONOKK,0.62
1228,b,7175,19164,SunPayus,1.46
1228,b,7175,19187,xfl0ud,1.18
1228,b,7175,19310,LNZ,1.17
1228,b,7175,19808,tN1R,1.01
1228,b,7175,22047,yxngstxr,0.81
1228,a,12426,23414,jackasmo,1.42
1228,a,12426,21452,Kvem,1.07
1228,a,12426,23046,jambo,1.05
1228,a,12426,17008,Topa,0.95
1228,a,12426,23415,zeRRoFIX,0.8
954,b,7532,21468,hyped,1.31
954,b,7532,14929,JDC,1.17
954,b,7532,5794,tabseN,1.08
954,b,7532,20170,kyuubii,0.75
954,b,7532,19899,Krimbo,0.27
954,a,12000,11343,SHiPZ,2.23
954,a,12000,17145,Rainwaker,1.46
954,a,12000,18697,oxygeN,1.07
954,a,12000,11217,SPELLAN,0.87
954,a,12000,11219,CeRq,0.79
2669,b,9565,16693,flameZ,1.52
2669,b,9565,11893,ZywOo,1.42
2669,b,9565,18462,mezii,1.22
2669,b,9565,11816,ropz,1.17
2669,b,9565,7322,apEX,0.84
2669,a,6248,20194,bLitz,1.45
2669,a,6248,20903,Senzu,1.14
2669,a,6248,20275,Techno,0.82
2669,a,6248,21001,mzinho,0.69
2669,a,6248,21809,910,0.56
1898,a,4608,14759,iM,1.27
1898,a,4608,19206,jL,1.12
1898,a,4608,18987,b1t,1.1
1898,a,4608,20127,w0nderful,0.85
1898,a,4608,9816,Aleksib,0.67
1898,b,7020,21167,donk,1.6
1898,b,7020,18317,magixx,1.33
1898,b,7020,16920,sh1ro,1.2
1898,b,7020,7716,chopper,0.86
1898,b,7020,20423,zont1x,0.77
2004,b,4773,18865,dav1deuS,1.94
2004,b,4773,19694,nqz,1.93
2004,b,4773,20171,snow,1.23
2004,b,4773,18141,biguzera,1.23
2004,b,4773,20085,kauez,0.89
2004,a,7176,8565,HEN1,1.38
2004,a,7176,22126,nyezin,0.79
2004,a,7176,9219,felps,0.57
2004,a,7176,21288,venomzera,0.48
2004,a,7176,9216,coldzera,0.43
1283,a,7175,19164,SunPayus,1.33
1283,a,7175,22047,yxngstxr,0.95
1283,a,7175,19808,tN1R,0.77
1283,a,7175,19310,LNZ,0.71
1283,a,7175,19187,xfl0ud,0.69
1283,b,12467,19235,BELCHONOKK,1.53
1283,b,12467,13776,Jame,1.4
1283,b,12467,16948,TRAVIS,1.39
1283,b,12467,13239,Qikert,1.14
1283,b,12467,22929,nota,0.86
952,a,12000,11343,SHiPZ,1.24
952,a,12000,11217,SPELLAN,1.01
952,a,12000,18697,oxygeN,0.89
952,a,12000,17145,Rainwaker,0.88
952,a,12000,11219,CeRq,0.81
952,b,6665,7592,device,1.5
952,b,6665,10994,stavn,1.44
952,b,6665,20304,Staehr,1.2
952,b,6665,7964,cadiaN,0.95
952,b,6665,17956,jabbi,0.85
2050,a,9455,12822,VINI,1.27
2050,a,9455,22564,noway,1.22
2050,a,9455,20026,chayJESUS,1.18
2050,a,9455,20183,decenty,0.98
2050,a,9455,19869,try,0.89
2050,b,4773,19694,nqz,1.13
2050,b,4773,18141,biguzera,1.09
2050,b,4773,20085,kauez,0.92
2050,b,4773,20171,snow,0.74
2050,b,4773,18865,dav1deuS,0.74
2847,a,9565,7322,apEX,1.31
2847,a,9565,11893,ZywOo,1.26
2847,a,9565,18462,mezii,1.25
2847,a,9565,16693,flameZ,1.16
2847,a,9565,11816,ropz,0.92
2847,b,7020,18317,magixx,1.35
2847,b,7020,20423,zont1x,1.15
2847,b,7020,16920,sh1ro,1.01
2847,b,7020,21167,donk,0.71
2847,b,7020,7716,chopper,0.65
1275,a,12467,16948,TRAVIS,1.21
1275,a,12467,22929,nota,1.0
1275,a,12467,13239,Qikert,0.99
1275,a,12467,13776,Jame,0.93
1275,a,12467,19235,BELCHONOKK,0.69
1275,b,6665,7592,device,1.65
1275,b,6665,17956,jabbi,1.47
1275,b,6665,10994,stavn,0.85
1275,b,6665,7964,cadiaN,0.73
1275,b,6665,20304,Staehr,0.68
2988,a,9455,20183,decenty,1.51
2988,a,9455,12822,VINI,1.12
2988,a,9455,22564,noway,1.05
2988,a,9455,20026,chayJESUS,0.96
2988,a,9455,19869,try,0.95
2988,b,9215,19750,drop,1.15
2988,b,9215,18835,saffee,1.08
2988,b,9215,21037,insani,0.98
2988,b,9215,11154,exit,0.94
2988,b,9215,18717,Lucaozy,0.8
1473,a,7532,14929,JDC,1.45
1473,a,7532,21468,hyped,1.12
1473,a,7532,20170,kyuubii,1.04
1473,a,7532,19899,Krimbo,0.88
1473,a,7532,5794,tabseN,0.73
1473,b,12878,13670,nawwk,1.25
1473,b,12878,21139,pr1metapz,1.15
1473,b,12878,9618,nexa,1.01
1473,b,12878,18790,CacaNito,1.0
1473,b,12878,18571,CYPHER,0.66
1171,a,7969,23317,khaN,1.26
1171,a,7969,23685,zweih,0.77
1171,a,7969,20387,Xant3r,0.62
1171,a,7969,21266,1eeR,0.52
1171,a,7969,22460,riskyb0b,0.5
1171,b,12394,16555,Ax1Le,1.63
1171,b,12394,21667,Magnojez,1.41
1171,b,12394,15662,zorte,1.23
1171,b,12394,11840,Boombl4,1.22
1171,b,12394,18506,S1ren,1.03
445,b,11283,9032,Magisk,2.09
445,b,11283,12018,TeSeS,1.73
445,b,11283,19677,kyxsan,1.57
445,b,11283,3741,NiKo,1.25
445,b,11283,17306,degster,0.87
445,a,12394,21667,Magnojez,1.18
445,a,12394,16555,Ax1Le,0.93
445,a,12394,18506,S1ren,0.53
445,a,12394,11840,Boombl4,0.44
445,a,12394,15662,zorte,0.42
1470,b,6665,20304,Staehr,1.68
1470,b,6665,7964,cadiaN,1.0
1470,b,6665,7592,device,0.98
1470,b,6665,17956,jabbi,0.87
1470,b,6665,10994,stavn,0.81
1470,a,12878,9618,nexa,1.42
1470,a,12878,8248,jkaem,1.29
1470,a,12878,13670,nawwk,1.11
1470,a,12878,21139,pr1metapz,0.98
1470,a,12878,18571,CYPHER,0.76
2224,b,7175,19808,tN1R,1.07
2224,b,7175,19187,xfl0ud,1.05
2224,b,7175,22047,yxngstxr,0.86
2224,b,7175,19310,LNZ,0.78
2224,b,7175,19164,SunPayus,0.77
2224,a,4914,8374,bodyy,1.77
2224,a,4914,13497,Lucky,1.18
2224,a,4914,21969,Graviti,1.13
2224,a,4914,19739,Ex3rcice,1.13
2224,a,4914,13138,Maka,0.97
623,b,4863,21621,Moseyuh,1.42
623,b,4863,19645,JamYoung,0.85
623,b,4863,20702,Jee,0.69
623,b,4863,20895,Mercury,0.63
623,b,4863,8552,Attacker,0.2
623,a,11514,7028,Summer,1.79
623,a,11514,8950,kaze,1.69
623,a,11514,21825,L1haNg,1.59
623,a,11514,19681,ChildKing,1.31
623,a,11514,8605,somebody,1.14
2868,b,7532,5794,tabseN,2.03
2868,b,7532,20170,kyuubii,0.87
2868,b,7532,21468,hyped,0.73
2868,b,7532,19899,Krimbo,0.64
2868,b,7532,14929,JDC,0.51
2868,a,7175,19187,xfl0ud,1.73
2868,a,7175,19164,SunPayus,1.25
2868,a,7175,19310,LNZ,1.2
2868,a,7175,19808,tN1R,1.15
2868,a,7175,22047,yxngstxr,0.57
1152,b,6665,7592,device,1.76
1152,b,6665,20304,Staehr,1.6
1152,b,6665,7964,cadiaN,1.41
1152,b,6665,17956,jabbi,1.3
1152,b,6665,10994,stavn,1.23
1152,a,12394,21667,Magnojez,1.23
1152,a,12394,18506,S1ren,0.86
1152,a,12394,11840,Boombl4,0.74
1152,a,12394,16555,Ax1Le,0.41
1152,a,12394,15662,zorte,0.35
951,b,4991,21062,MATYS,1.65
951,b,4991,15165,blameF,1.57
951,b,4991,22904,Burmylov,1.24
951,b,4991,7528,KRIMZ,0.85
951,b,4991,17803,fEAR,0.76
951,a,12000,18697,oxygeN,1.38
951,a,12000,11343,SHiPZ,1.27
951,a,12000,11217,SPELLAN,0.94
951,a,12000,17145,Rainwaker,0.85
951,a,12000,11219,CeRq,0.55
1766,b,4494,18221,Spinx,1.61
1766,b,4494,20312,xertioN,1.47
1766,b,4494,18850,Jimpphat,1.34
1766,b,4494,18072,torzsi,1.33
1766,b,4494,13666,Brollan,0.99
1766,a,7532,21468,hyped,1.11
1766,a,7532,19899,Krimbo,0.95
1766,a,7532,14929,JDC,0.78
1766,a,7532,20170,kyuubii,0.64
1766,a,7532,5794,tabseN,0.51
2174,a,4914,8374,bodyy,1.53
2174,a,4914,19739,Ex3rcice,1.45
2174,a,4914,13138,Maka,0.92
2174,a,4914,13497,Lucky,0.88
2174,a,4914,21969,Graviti,0.67
2174,b,5378,12732,FL1T,1.59
2174,b,5378,8918,electroNic,1.15
2174,b,5378,20101,fame,1.07
2174,b,5378,20994,FL4MUS,0.91
2174,b,5378,21439,ICY,0.52
180,a,6667,429,karrigan,1.56
180,a,6667,18053,broky,1.47
180,a,6667,9960,frozen,1.2
180,a,6667,8183,rain,0.7
180,a,6667,8738,EliGE,0.53
180,b,10567,20462,story,1.31
180,b,10567,21014,Ag1l,1.14
180,b,10567,630,MUTiRiS,0.99
180,b,10567,2241,roman,0.87
180,b,10567,21136,Shr,0.66
458,b,11283,3741,NiKo,1.72
458,b,11283,9032,Magisk,1.39
458,b,11283,17306,degster,1.18
458,b,11283,12018,TeSeS,1.06
458,b,11283,19677,kyxsan,0.73
458,a,12774,11140,INS,1.28
458,a,12774,10588,Liazz,1.04
458,a,12774,9115,dexter,0.87
458,a,12774,17384,Vexite,0.65
458,a,12774,20123,regali,0.6
2311,b,6248,21001,mzinho,1.63
2311,b,6248,20903,Senzu,1.49
2311,b,6248,20275,Techno,1.2
2311,b,6248,20194,bLitz,0.95
2311,b,6248,21809,910,0.88
2311,a,5005,11630,JT,1.79
2311,a,5005,17353,Cxzi,0.84
2311,a,5005,12840,hallzerk,0.76
2311,a,5005,21620,nicx,0.7
2311,a,5005,13578,Grim,0.6
1979,a,4773,18865,dav1deuS,1.55
1979,a,4773,20085,kauez,1.2
1979,a,4773,19694,nqz,1.13
1979,a,4773,20171,snow,1.03
1979,a,4773,18141,biguzera,0.93
1979,b,6665,20304,Staehr,1.02
1979,b,6665,7592,device,1.02
1979,b,6665,17956,jabbi,0.94
1979,b,6665,7964,cadiaN,0.9
1979,b,6665,10994,stavn,0.84
999,b,9215,11154,exit,1.25
999,b,9215,19750,drop,0.69
999,b,9215,21037,insani,0.69
999,b,9215,18835,saffee,0.6
999,b,9215,18717,Lucaozy,0.38
999,a,12257,8507,stanislaw,1.81
999,a,12257,16726,phzy,1.76
999,a,12257,8711,Sonic,1.34
999,a,12257,21665,JBa,1.31
999,a,12257,21163,susp,0.99
316,a,7969,20387,Xant3r,1.29
316,a,7969,21266,1eeR,0.88
316,a,7969,23685,zweih,0.83
316,a,7969,22460,riskyb0b,0.49
316,a,7969,23317,khaN,0.42
316,b,11241,21708,npl,1.68
316,b,11241,20112,alex666,1.64
316,b,11241,22842,kensizor,1.35
316,b,11241,19592,headtr1ck,1.3
316,b,11241,23643,esenthial,0.74
948,a,12000,17145,Rainwaker,1.34
948,a,12000,11217,SPELLAN,1.07
948,a,12000,18697,oxygeN,1.04
948,a,12000,11343,SHiPZ,0.9
948,a,12000,11219,CeRq,0.79
948,b,12878,8248,jkaem,1.61
948,b,12878,9618,nexa,1.25
948,b,12878,13670,nawwk,0.99
948,b,12878,21139,pr1metapz,0.93
948,b,12878,18571,CYPHER,0.66
1209,b,4869,12731,sdy,2.24
1209,b,4869,23372,xKacpersky,1.75
1209,b,4869,7412,gla1ve,1.26
1209,b,4869,21972,Neityu,1.0
1209,b,4869,21815,podi,0.99
1209,a,12426,23414,jackasmo,1.13
1209,a,12426,21452,Kvem,0.84
1209,a,12426,17008,Topa,0.74
1209,a,12426,23046,jambo,0.51
1209,a,12426,23415,zeRRoFIX,0.42
1451,a,7532,21468,hyped,1.65
1451,a,7532,14929,JDC,1.61
1451,a,7532,20170,kyuubii,1.34
1451,a,7532,19899,Krimbo,1.27
1451,a,7532,5794,tabseN,1.23
1451,b,12774,17384,Vexite,1.05
1451,b,12774,10588,Liazz,0.97
1451,b,12774,20123,regali,0.9
1451,b,12774,11140,INS,0.77
1451,b,12774,9115,dexter,0.25
1676,b,4494,18850,Jimpphat,1.83
1676,b,4494,18072,torzsi,1.34
1676,b,4494,13666,Brollan,1.03
1676,b,4494,20312,xertioN,1.02
1676,b,4494,18221,Spinx,0.86
1676,a,4914,13138,Maka,1.05
1676,a,4914,13497,Lucky,0.83
1676,a,4914,21969,Graviti,0.81
1676,a,4914,8374,bodyy,0.79
1676,a,4914,19739,Ex3rcice,0.65
986,b,6248,20275,Techno,1.4
986,b,6248,21001,mzinho,1.25
986,b,6248,20903,Senzu,1.02
986,b,6248,20194,bLitz,1.01
986,b,6248,21809,910,0.76
986,a,12257,16726,phzy,1.29
986,a,12257,21163,susp,1.12
986,a,12257,8711,Sonic,1.08
986,a,12257,8507,stanislaw,0.7
986,a,12257,21665,JBa,0.68
2295,b,5005,12840,hallzerk,1.25
2295,b,5005,17353,Cxzi,1.15
2295,b,5005,13578,Grim,1.12
2295,b,5005,11630,JT,0.98
2295,b,5005,21620,nicx,0.67
2295,a,5378,21439,ICY,1.34
2295,a,5378,20994,FL4MUS,1.24
2295,a,5378,8918,electroNic,1.19
2295,a,5378,20101,fame,0.97
2295,a,5378,12732,FL1T,0.88
230,b,12000,11343,SHiPZ,1.44
230,b,12000,11217,SPELLAN,1.32
230,b,12000,18697,oxygeN,1.26
230,b,12000,17145,Rainwaker,1.19
230,b,12000,11219,CeRq,0.82
230,a,11241,22842,kensizor,1.19
230,a,11241,23643,esenthial,1.0
230,a,11241,19592,headtr1ck,0.95
230,a,11241,21708,npl,0.82
230,a,11241,20112,alex666,0.79
406,b,6667,8183,rain,1.46
406,b,6667,9960,frozen,1.45
406,b,6667,8738,EliGE,1.12
406,b,6667,18053,broky,0.83
406,b,6667,429,karrigan,0.71
406,a,11251,21243,Wicadia,1.27
406,a,11251,150,MAJ3R,1.03
406,a,11251,7938,XANTARES,0.89
406,a,11251,22361,jottAAA,0.85
406,a,11251,8574,woxic,0.84
177,a,10567,2241,roman,0.94
177,a,10567,20462,story,0.87
177,a,10567,21136,Shr,0.81
177,a,10567,21014,Ag1l,0.8
177,a,10567,630,MUTiRiS,0.68
177,b,6665,10994,stavn,1.79
177,b,6665,17956,jabbi,1.38
177,b,6665,7592,device,1.23
177,b,6665,20304,Staehr,1.23
177,b,6665,7964,cadiaN,1.01
482,a,11283,3741,NiKo,1.32
482,a,11283,12018,TeSeS,1.04
482,a,11283,9032,Magisk,0.94
482,a,11283,19677,kyxsan,0.93
482,a,11283,17306,degster,0.65
482,b,4773,19694,nqz,1.38
482,b,4773,18141,biguzera,1.32
482,b,4773,20085,kauez,1.09
482,b,4773,18865,dav1deuS,0.87
482,b,4773,20171,snow,0.6
2241,b,4914,13497,Lucky,2.52
2241,b,4914,13138,Maka,1.2
2241,b,4914,21969,Graviti,0.97
2241,b,4914,19739,Ex3rcice,0.67
2241,b,4914,8374,bodyy,0.58
2241,a,9215,11154,exit,1.57
2241,a,9215,18717,Lucaozy,1.13
2241,a,9215,21037,insani,0.89
2241,a,9215,19750,drop,0.85
2241,a,9215,18835,saffee,0.67
415,a,11251,21243,Wicadia,1.66
415,a,11251,8574,woxic,1.19
415,a,11251,7938,XANTARES,1.17
415,a,11251,150,MAJ3R,0.88
415,a,11251,22361,jottAAA,0.73
415,b,7532,14929,JDC,1.17
415,b,7532,5794,tabseN,1.0
415,b,7532,20170,kyuubii,0.96
415,b,7532,21468,hyped,0.86
415,b,7532,19899,Krimbo,0.52
982,b,12257,21665,JBa,1.36
982,b,12257,16726,phzy,1.13
982,b,12257,8711,Sonic,1.05
982,b,12257,8507,stanislaw,1.02
982,b,12257,21163,susp,0.7
982,a,5378,12732,FL1T,1.35
982,a,5378,20101,fame,1.16
982,a,5378,21439,ICY,1.08
982,a,5378,8918,electroNic,0.98
982,a,5378,20994,FL4MUS,0.94
532,a,11283,3741,NiKo,1.65
532,a,11283,9032,Magisk,1.54
532,a,11283,12018,TeSeS,1.2
532,a,11283,19677,kyxsan,1.19
532,a,11283,17306,degster,0.83
532,b,6665,17956,jabbi,1.38
532,b,6665,7592,device,0.9
532,b,6665,10994,stavn,0.85
532,b,6665,20304,Staehr,0.65
532,b,6665,7964,cadiaN,0.62
1740,b,4494,18850,Jimpphat,1.27
1740,b,4494,18221,Spinx,0.88
1740,b,4494,20312,xertioN,0.79
1740,b,4494,13666,Brollan,0.72
1740,b,4494,18072,torzsi,0.72
1740,a,6667,8738,EliGE,1.9
1740,a,6667,9960,frozen,1.37
1740,a,6667,18053,broky,1.33
1740,a,6667,8183,rain,1.21
1740,a,6667,429,karrigan,0.45
137,b,10567,21136,Shr,1.46
137,b,10567,20462,story,1.22
137,b,10567,630,MUTiRiS,1.1
137,b,10567,21014,Ag1l,1.06
137,b,10567,2241,roman,0.93
137,a,12774,20123,regali,1.55
137,a,12774,17384,Vexite,1.29
137,a,12774,10588,Liazz,0.82
137,a,12774,11140,INS,0.74
137,a,12774,9115,dexter,0.45
1975,a,4773,19694,nqz,1.14
1975,a,4773,20085,kauez,1.0
1975,a,4773,18865,dav1deuS,0.8
1975,a,4773,18141,biguzera,0.71
1975,a,4773,20171,snow,0.52
1975,b,6248,20903,Senzu,1.64
1975,b,6248,20275,Techno,1.15
1975,b,6248,21809,910,1.1
1975,b,6248,21001,mzinho,1.06
1975,b,6248,20194,bLitz,0.99
470,a,4494,18221,Spinx,1.22
470,a,4494,13666,Brollan,1.03
470,a,4494,18072,torzsi,0.87
470,a,4494,18850,Jimpphat,0.7
470,a,4494,20312,xertioN,0.69
470,b,11283,17306,degster,1.48
470,b,11283,3741,NiKo,1.48
470,b,11283,9032,Magisk,1.13
470,b,11283,19677,kyxsan,1.01
470,b,11283,12018,TeSeS,0.91
993,a,12257,8711,Sonic,1.49
993,a,12257,21163,susp,1.12
993,a,12257,8507,stanislaw,0.94
993,a,12257,16726,phzy,0.85
993,a,12257,21665,JBa,0.64
993,b,7532,20170,kyuubii,1.29
993,b,7532,5794,tabseN,1.25
993,b,7532,14929,JDC,1.13
993,b,7532,19899,Krimbo,1.13
993,b,7532,21468,hyped,1.12
2730,a,6665,10994,stavn,1.78
2730,a,6665,20304,Staehr,1.77
2730,a,6665,17956,jabbi,1.22
2730,a,6665,7592,device,1.03
2730,a,6665,7964,cadiaN,0.67
2730,b,9215,18717,Lucaozy,1.23
2730,b,9215,18835,saffee,1.1
2730,b,9215,19750,drop,0.72
2730,b,9215,11154,exit,0.66
2730,b,9215,21037,insani,0.65
377,a,4914,13497,Lucky,1.13
377,a,4914,8374,bodyy,1.09
377,a,4914,13138,Maka,1.03
377,a,4914,19739,Ex3rcice,0.97
377,a,4914,21969,Graviti,0.67
377,b,11251,22361,jottAAA,1.31
377,b,11251,21243,Wicadia,1.15
377,b,11251,7938,XANTARES,1.1
377,b,11251,8574,woxic,0.93
377,b,11251,150,MAJ3R,0.89
1957,b,4773,19694,nqz,1.5
1957,b,4773,18865,dav1deuS,1.33
1957,b,4773,18141,biguzera,0.88
1957,b,4773,20085,kauez,0.85
1957,b,4773,20171,snow,0.84
1957,a,5378,21439,ICY,1.22
1957,a,5378,8918,electroNic,1.05
1957,a,5378,12732,FL1T,0.86
1957,a,5378,20994,FL4MUS,0.84
1957,a,5378,20101,fame,0.84
161,a,5005,17353,Cxzi,1.05
161,a,5005,21620,nicx,0.92
161,a,5005,13578,Grim,0.88
161,a,5005,12840,hallzerk,0.63
161,a,5005,11630,JT,0.53
161,b,10567,2241,roman,1.82
161,b,10567,20462,story,1.3
161,b,10567,630,MUTiRiS,1.14
161,b,10567,21136,Shr,1.03
161,b,10567,21014,Ag1l,0.94
2719,b,6665,20304,Staehr,1.58
2719,b,6665,10994,stavn,1.58
2719,b,6665,7592,device,1.24
2719,b,6665,7964,cadiaN,0.78
2719,b,6665,17956,jabbi,0.62
2719,a,7532,19899,Krimbo,1.62
2719,a,7532,21468,hyped,1.1
2719,a,7532,20170,kyuubii,0.82
2719,a,7532,5794,tabseN,0.63
2719,a,7532,14929,JDC,0.62
155,b,4914,13138,Maka,1.2
155,b,4914,13497,Lucky,1.09
155,b,4914,8374,bodyy,1.06
155,b,4914,21969,Graviti,0.86
155,b,4914,19739,Ex3rcice,0.51
155,a,10567,21136,Shr,1.35
155,a,10567,20462,story,1.24
155,a,10567,21014,Ag1l,1.06
155,a,10567,2241,roman,0.94
155,a,10567,630,MUTiRiS,0.82
1691,a,4494,18850,Jimpphat,2.44
1691,a,4494,20312,xertioN,1.85
1691,a,4494,18072,torzsi,1.59
1691,a,4494,13666,Brollan,1.22
1691,a,4494,18221,Spinx,1.11
1691,b,5378,20994,FL4MUS,0.93
1691,b,5378,12732,FL1T,0.9
1691,b,5378,8918,electroNic,0.57
1691,b,5378,20101,fame,0.56
1691,b,5378,21439,ICY,0.38
2714,a,7175,22047,yxngstxr,2.73
2714,a,7175,19164,SunPayus,2.32
2714,a,7175,19310,LNZ,1.16
2714,a,7175,19808,tN1R,1.09
2714,a,7175,19187,xfl0ud,1.02
2714,b,6665,17956,jabbi,0.8
2714,b,6665,7964,cadiaN,0.61
2714,b,6665,20304,Staehr,0.54
2714,b,6665,10994,stavn,0.44
2714,b,6665,7592,device,0.29
1670,b,4773,18141,biguzera,1.66
1670,b,4773,19694,nqz,0.85
1670,b,4773,20085,kauez,0.78
1670,b,4773,18865,dav1deuS,0.75
1670,b,4773,20171,snow,0.75
1670,a,4494,18850,Jimpphat,1.53
1670,a,4494,18072,torzsi,1.21
1670,a,4494,18221,Spinx,1.09
1670,a,4494,13666,Brollan,1.05
1670,a,4494,20312,xertioN,0.86
2618,a,6248,20194,bLitz,1.07
2618,a,6248,21809,910,1.06
2618,a,6248,20275,Techno,0.92
2618,a,6248,20903,Senzu,0.83
2618,a,6248,21001,mzinho,0.77
2618,b,6665,20304,Staehr,1.43
2618,b,6665,17956,jabbi,1.33
2618,b,6665,10994,stavn,1.3
2618,b,6665,7592,device,1.07
2618,b,6665,7964,cadiaN,0.87
341,a,11283,3741,NiKo,1.97
341,a,11283,9032,Magisk,1.28
341,a,11283,17306,degster,1.21
341,a,11283,12018,TeSeS,1.13
341,a,11283,19677,kyxsan,0.92
341,b,11251,21243,Wicadia,1.1
341,b,11251,150,MAJ3R,1.09
341,b,11251,8574,woxic,0.79
341,b,11251,22361,jottAAA,0.79
341,b,11251,7938,XANTARES,0.51
181,a,6667,8183,rain,1.45
181,a,6667,8738,EliGE,1.41
181,a,6667,18053,broky,1.33
181,a,6667,9960,frozen,0.93
181,a,6667,429,karrigan,0.82
181,b,10567,20462,story,1.23
181,b,10567,21014,Ag1l,1.19
181,b,10567,21136,Shr,0.93
181,b,10567,2241,roman,0.89
181,b,10567,630,MUTiRiS,0.78
1722,a,4494,20312,xertioN,1.7
1722,a,4494,18072,torzsi,1.53
1722,a,4494,18850,Jimpphat,1.43
1722,a,4494,18221,Spinx,1.39
1722,a,4494,13666,Brollan,1.2
1722,b,6665,20304,Staehr,0.85
1722,b,6665,17956,jabbi,0.79
1722,b,6665,7592,device,0.74
1722,b,6665,10994,stavn,0.58
1722,b,6665,7964,cadiaN,0.45
72,b,12878,9618,nexa,1.1
72,b,12878,21139,pr1metapz,0.94
72,b,12878,13670,nawwk,0.8
72,b,12878,18571,CYPHER,0.57
72,b,12878,8248,jkaem,0.36
72,a,10503,13602,nicoodoz,1.66
72,a,10503,21983,Chr1zN,1.55
72,a,10503,19064,spooke,1.52
72,a,10503,19044,F1KU,1.4
72,a,10503,20941,Buzz,1.02
539,a,11283,19677,kyxsan,1.75
539,a,11283,17306,degster,1.46
539,a,11283,3741,NiKo,1.23
539,a,11283,12018,TeSeS,1.19
539,a,11283,9032,Magisk,0.64
539,b,6667,9960,frozen,1.07
539,b,6667,8183,rain,0.96
539,b,6667,8738,EliGE,0.96
539,b,6667,18053,broky,0.67
539,b,6667,429,karrigan,0.62
2695,a,6665,7592,device,1.46
2695,a,6665,10994,stavn,1.28
2695,a,6665,20304,Staehr,1.19
2695,a,6665,17956,jabbi,0.99
2695,a,6665,7964,cadiaN,0.89
2695,b,6667,9960,frozen,1.33
2695,b,6667,8183,rain,1.06
2695,b,6667,429,karrigan,0.92
2695,b,6667,18053,broky,0.78
2695,b,6667,8738,EliGE,0.7
253,b,11241,20112,alex666,1.85
253,b,11241,19592,headtr1ck,1.65
253,b,11241,22842,kensizor,1.2
253,b,11241,23643,esenthial,1.03
253,b,11241,21708,npl,0.95
253,a,12878,21139,pr1metapz,1.07
253,a,12878,9618,nexa,1.07
253,a,12878,13670,nawwk,1.05
253,a,12878,18571,CYPHER,1.04
253,a,12878,8248,jkaem,0.53
471,b,4494,20312,xertioN,1.65
471,b,4494,18850,Jimpphat,1.25
471,b,4494,18072,torzsi,0.99
471,b,4494,18221,Spinx,0.95
471,b,4494,13666,Brollan,0.69
471,a,11283,9032,Magisk,1.38
471,a,11283,12018,TeSeS,1.25
471,a,11283,17306,degster,0.88
471,a,11283,19677,kyxsan,0.8
471,a,11283,3741,NiKo,0.74
1242,a,12878,21139,pr1metapz,1.16
1242,a,12878,9618,nexa,1.09
1242,a,12878,13670,nawwk,0.92
1242,a,12878,8248,jkaem,0.86
1242,a,12878,18571,CYPHER,0.76
1242,b,12467,19235,BELCHONOKK,1.95
1242,b,12467,13776,Jame,1.69
1242,b,12467,16948,TRAVIS,1.39
1242,b,12467,13239,Qikert,0.78
1242,b,12467,22929,nota,0.74
1243,b,12878,13670,nawwk,1.15
1243,b,12878,18571,CYPHER,0.73
1243,b,12878,21139,pr1metapz,0.71
1243,b,12878,8248,jkaem,0.67
1243,b,12878,9618,nexa,0.65
1243,a,12467,22929,nota,1.72
1243,a,12467,19235,BELCHONOKK,1.47
1243,a,12467,13776,Jame,1.41
1243,a,12467,13239,Qikert,1.36
1243,a,12467,16948,TRAVIS,0.72
1034,a,12376,15370,slaxz-,1.63
1034,a,12376,22921,Lake,1.37
1034,a,12376,17378,reck,1.34
1034,a,12376,16599,Swisher,1.23
1034,a,12376,20104,s1n,0.94
1034,b,12774,11140,INS,1.25
1034,b,12774,9115,dexter,1.08
1034,b,12774,20123,regali,0.91
1034,b,12774,17384,Vexite,0.75
1034,b,12774,10588,Liazz,0.64
184,b,7175,19808,tN1R,1.03
184,b,7175,19310,LNZ,0.91
184,b,7175,19187,xfl0ud,0.9
184,b,7175,19164,SunPayus,0.77
184,b,7175,22047,yxngstxr,0.67
184,a,10567,20462,story,1.36
184,a,10567,22702,cej0t,1.19
184,a,10567,630,MUTiRiS,1.14
184,a,10567,21014,Ag1l,1.07
184,a,10567,22106,AZUWU,0.97
2066,b,4914,19739,Ex3rcice,1.13
2066,b,4914,13138,Maka,1.09
2066,b,4914,21969,Graviti,0.71
2066,b,4914,13497,Lucky,0.63
2066,b,4914,8374,bodyy,0.53
2066,a,4863,19645,JamYoung,1.52
2066,a,4863,20702,Jee,1.45
2066,a,4863,8552,Attacker,1.33
2066,a,4863,20895,Mercury,1.15
2066,a,4863,21621,Moseyuh,1.1
2937,b,9215,20987,brnz4n,1.48
2937,b,9215,18835,saffee,1.46
2937,b,9215,18717,Lucaozy,1.23
2937,b,9215,21037,insani,1.17
2937,b,9215,11154,exit,1.06
2937,a,7969,23317,khaN,1.25
2937,a,7969,21266,1eeR,0.89
2937,a,7969,20387,Xant3r,0.85
2937,a,7969,23685,zweih,0.83
2937,a,7969,22460,riskyb0b,0.7
373,a,11251,21243,Wicadia,1.03
373,a,11251,150,MAJ3R,0.99
373,a,11251,7938,XANTARES,0.98
373,a,11251,8574,woxic,0.92
373,a,11251,22361,jottAAA,0.73
373,b,4863,21621,Moseyuh,1.43
373,b,4863,20702,Jee,1.35
373,b,4863,19645,JamYoung,1.31
373,b,4863,20895,Mercury,0.95
373,b,4863,8552,Attacker,0.88
193,b,8297,12553,yuurih,1.07
193,b,8297,2023,FalleN,1.03
193,b,8297,15631,KSCERATO,0.97
193,b,8297,18676,skullz,0.85
193,b,8297,10566,chelo,0.81
193,a,10567,20462,story,1.36
193,a,10567,21014,Ag1l,1.33
193,a,10567,22106,AZUWU,1.01
193,a,10567,630,MUTiRiS,0.96
193,a,10567,22702,cej0t,0.58
2995,b,9928,22279,PR,1.42
2995,b,9928,16486,ztr,1.34
2995,b,9928,20870,sl3nd,0.94
2995,b,9928,9278,REZ,0.87
2995,b,9928,20301,Tauson,0.81
2995,a,9215,21037,insani,1.18
2995,a,9215,18717,Lucaozy,0.96
2995,a,9215,11154,exit,0.86
2995,a,9215,20987,brnz4n,0.85
2995,a,9215,18835,saffee,0.84
1044,b,4773,20171,snow,0.99
1044,b,4773,19694,nqz,0.84
1044,b,4773,18141,biguzera,0.7
1044,b,4773,18865,dav1deuS,0.66
1044,b,4773,20085,kauez,0.44
1044,a,12376,20104,s1n,2.04
1044,a,12376,15370,slaxz-,1.17
1044,a,12376,17378,reck,1.12
1044,a,12376,16599,Swisher,1.12
1044,a,12376,22921,Lake,0.92
2222,a,7175,19310,LNZ,1.37
2222,a,7175,19187,xfl0ud,1.04
2222,a,7175,19164,SunPayus,1.0
2222,a,7175,19808,tN1R,0.95
2222,a,7175,22047,yxngstxr,0.9
2222,b,4914,8374,bodyy,1.36
2222,b,4914,19739,Ex3rcice,1.3
2222,b,4914,13138,Maka,0.97
2222,b,4914,13497,Lucky,0.88
2222,b,4914,21969,Graviti,0.88
2110,a,9928,16486,ztr,1.34
2110,a,9928,20301,Tauson,1.32
2110,a,9928,9278,REZ,1.09
2110,a,9928,20870,sl3nd,0.95
2110,a,9928,22279,PR,0.78
2110,b,4863,21621,Moseyuh,1.41
2110,b,4863,20895,Mercury,1.22
2110,b,4863,20702,Jee,0.97
2110,b,4863,19645,JamYoung,0.78
2110,b,4863,8552,Attacker,0.74
128,b,12376,15370,slaxz-,1.32
128,b,12376,22921,Lake,1.17
128,b,12376,20104,s1n,0.84
128,b,12376,16599,Swisher,0.83
128,b,12376,17378,reck,0.83
128,a,10567,22702,cej0t,2.4
128,a,10567,22106,AZUWU,1.1
128,a,10567,630,MUTiRiS,0.73
128,a,10567,20462,story,0.68
128,a,10567,21014,Ag1l,0.62
2951,b,8297,12553,yuurih,1.27
2951,b,8297,15631,KSCERATO,1.14
2951,b,8297,2023,FalleN,1.0
2951,b,8297,18676,skullz,0.94
2951,b,8297,10566,chelo,0.57
2951,a,9215,11154,exit,1.12
2951,a,9215,20987,brnz4n,1.1
2951,a,9215,21037,insani,1.05
2951,a,9215,18717,Lucaozy,1.01
2951,a,9215,18835,saffee,0.89
1418,a,12774,10588,Liazz,1.39
1418,a,12774,11140,INS,1.09
1418,a,12774,17384,Vexite,1.0
1418,a,12774,20123,regali,1.0
1418,a,12774,9115,dexter,0.87
1418,b,4773,20171,snow,1.3
1418,b,4773,19694,nqz,1.24
1418,b,4773,18141,biguzera,1.03
1418,b,4773,18865,dav1deuS,0.97
1418,b,4773,20085,kauez,0.81
2872,a,7175,19808,tN1R,1.2
2872,a,7175,22047,yxngstxr,0.96
2872,a,7175,19310,LNZ,0.86
2872,a,7175,19187,xfl0ud,0.84
2872,a,7175,19164,SunPayus,0.82
2872,b,7969,23685,zweih,1.5
2872,b,7969,22460,riskyb0b,1.35
2872,b,7969,20387,Xant3r,1.21
2872,b,7969,21266,1eeR,1.14
2872,b,7969,23317,khaN,0.69
2106,a,9215,18835,saffee,1.71
2106,a,9215,20987,brnz4n,1.44
2106,a,9215,18717,Lucaozy,1.41
2106,a,9215,11154,exit,1.26
2106,a,9215,21037,insani,0.77
2106,b,4863,19645,JamYoung,1.34
2106,b,4863,21621,Moseyuh,0.98
2106,b,4863,20895,Mercury,0.83
2106,b,4863,8552,Attacker,0.59
2106,b,4863,20702,Jee,0.55
357,b,11251,21243,Wicadia,1.66
357,b,11251,8574,woxic,1.46
357,b,11251,7938,XANTARES,1.36
357,b,11251,22361,jottAAA,1.33
357,b,11251,150,MAJ3R,0.97
357,a,12774,11140,INS,1.12
357,a,12774,9115,dexter,0.81
357,a,12774,17384,Vexite,0.79
357,a,12774,10588,Liazz,0.59
357,a,12774,20123,regali,0.57
1049,b,4914,13138,Maka,1.7
1049,b,4914,8374,bodyy,1.51
1049,b,4914,19739,Ex3rcice,1.3
1049,b,4914,21969,Graviti,1.27
1049,b,4914,13497,Lucky,1.14
1049,a,12376,20104,s1n,1.17
1049,a,12376,17378,reck,0.86
1049,a,12376,15370,slaxz-,0.71
1049,a,12376,22921,Lake,0.64
1049,a,12376,16599,Swisher,0.44
1419,a,12774,20123,regali,1.3
1419,a,12774,17384,Vexite,1.23
1419,a,12774,11140,INS,1.13
1419,a,12774,9115,dexter,0.99
1419,a,12774,10588,Liazz,0.56
1419,b,4863,21621,Moseyuh,1.48
1419,b,4863,8552,Attacker,1.27
1419,b,4863,20702,Jee,1.18
1419,b,4863,19645,JamYoung,1.0
1419,b,4863,20895,Mercury,0.71
2009,b,4773,18865,dav1deuS,1.37
2009,b,4773,19694,nqz,1.28
2009,b,4773,20085,kauez,1.07
2009,b,4773,18141,biguzera,0.87
2009,b,4773,20171,snow,0.66
2009,a,7969,23317,khaN,1.04
2009,a,7969,23685,zweih,1.02
2009,a,7969,20387,Xant3r,0.97
2009,a,7969,21266,1eeR,0.91
2009,a,7969,22460,riskyb0b,0.86
1085,a,8297,18676,skullz,1.74
1085,a,8297,15631,KSCERATO,1.56
1085,a,8297,10566,chelo,1.47
1085,a,8297,2023,FalleN,1.19
1085,a,8297,12553,yuurih,0.89
1085,b,12376,22921,Lake,0.95
1085,b,12376,20104,s1n,0.86
1085,b,12376,16599,Swisher,0.86
1085,b,12376,17378,reck,0.86
1085,b,12376,15370,slaxz-,0.8
2992,a,9565,11816,ropz,1.77
2992,a,9565,11893,ZywOo,1.34
2992,a,9565,7322,apEX,1.18
2992,a,9565,16693,flameZ,1.04
2992,a,9565,18462,mezii,0.88
2992,b,9215,21037,insani,1.41
2992,b,9215,18717,Lucaozy,1.17
2992,b,9215,18835,saffee,1.01
2992,b,9215,20987,brnz4n,0.88
2992,b,9215,11154,exit,0.59
2091,b,7020,21167,donk,2.12
2091,b,7020,20423,zont1x,1.54
2091,b,7020,16920,sh1ro,1.43
2091,b,7020,7716,chopper,0.88
2091,b,7020,18317,magixx,0.83
2091,a,4863,19645,JamYoung,1.07
2091,a,4863,20895,Mercury,0.91
2091,a,4863,20702,Jee,0.9
2091,a,4863,8552,Attacker,0.68
2091,a,4863,21621,Moseyuh,0.44
1198,b,12426,23046,jambo,1.58
1198,b,12426,23414,jackasmo,1.39
1198,b,12426,23415,zeRRoFIX,1.06
1198,b,12426,21452,Kvem,0.87
1198,b,12426,17008,Topa,0.66
1198,a,12878,9618,nexa,1.56
1198,a,12878,8248,jkaem,1.08
1198,a,12878,13670,nawwk,1.03
1198,a,12878,21139,pr1metapz,0.77
1198,a,12878,18571,CYPHER,0.68
82,b,4869,21972,Neityu,1.56
82,b,4869,21815,podi,1.19
82,b,4869,12731,sdy,0.92
82,b,4869,23372,xKacpersky,0.78
82,b,4869,7412,gla1ve,0.6
82,a,10503,19044,F1KU,1.47
82,a,10503,13602,nicoodoz,1.16
82,a,10503,21983,Chr1zN,1.1
82,a,10503,19064,spooke,1.02
82,a,10503,20941,Buzz,0.9
2684,a,6248,20903,Senzu,1.84
2684,a,6248,21001,mzinho,1.22
2684,a,6248,21809,910,1.01
2684,a,6248,20275,Techno,0.84
2684,a,6248,20194,bLitz,0.78
2684,b,9928,20870,sl3nd,1.36
2684,b,9928,16486,ztr,1.22
2684,b,9928,22279,PR,1.18
2684,b,9928,9278,REZ,0.75
2684,b,9928,20301,Tauson,0.73
378,a,11251,21243,Wicadia,1.16
378,a,11251,7938,XANTARES,1.16
378,a,11251,22361,jottAAA,0.93
378,a,11251,150,MAJ3R,0.8
378,a,11251,8574,woxic,0.62
378,b,4914,13497,Lucky,1.57
378,b,4914,8374,bodyy,1.35
378,b,4914,19739,Ex3rcice,1.3
378,b,4914,13138,Maka,1.15
378,b,4914,21969,Graviti,0.81
146,b,4608,18987,b1t,0.95
146,b,4608,20127,w0nderful,0.84
146,b,4608,14759,iM,0.73
146,b,4608,19206,jL,0.72
146,b,4608,9816,Aleksib,0.46
146,a,10567,22702,cej0t,1.63
146,a,10567,22106,AZUWU,1.54
146,a,10567,21014,Ag1l,1.51
146,a,10567,630,MUTiRiS,1.48
146,a,10567,20462,story,1.02
1777,b,4494,18072,torzsi,1.2
1777,b,4494,13666,Brollan,1.2
1777,b,4494,18221,Spinx,1.05
1777,b,4494,20312,xertioN,1.01
1777,b,4494,18850,Jimpphat,0.96
1777,a,8297,2023,FalleN,1.27
1777,a,8297,12553,yuurih,1.19
1777,a,8297,15631,KSCERATO,1.0
1777,a,8297,10566,chelo,0.98
1777,a,8297,18676,skullz,0.74
1969,b,5995,19230,m0NESY,2.0
1969,b,5995,20447,HeavyGod,1.65
1969,b,5995,3972,huNter-,1.07
1969,b,5995,11617,malbsMd,0.9
1969,b,5995,2553,Snax,0.64
1969,a,4773,18865,dav1deuS,1.16
1969,a,4773,19694,nqz,1.14
1969,a,4773,20171,snow,0.76
1969,a,4773,20085,kauez,0.65
1969,a,4773,18141,biguzera,0.52
513,b,11283,12018,TeSeS,1.5
513,b,11283,17306,degster,1.06
513,b,11283,3741,NiKo,0.95
513,b,11283,19677,kyxsan,0.89
513,b,11283,9032,Magisk,0.66
513,a,5973,21763,ultimate,1.54
513,a,5973,9436,NertZ,1.1
513,a,5973,4679,jks,1.1
513,a,5973,10394,Twistzz,0.88
513,a,5973,8520,NAF,0.73
1817,a,4608,9816,Aleksib,1.5
1817,a,4608,18987,b1t,1.47
1817,a,4608,19206,jL,1.38
1817,a,4608,20127,w0nderful,1.24
1817,a,4608,14759,iM,0.99
1817,b,4863,19645,JamYoung,1.2
1817,b,4863,8552,Attacker,0.88
1817,b,4863,21621,Moseyuh,0.74
1817,b,4863,20895,Mercury,0.74
1817,b,4863,20702,Jee,0.56
424,b,11251,21243,Wicadia,2.39
424,b,11251,7938,XANTARES,1.14
424,b,11251,150,MAJ3R,1.11
424,b,11251,22361,jottAAA,1.0
424,b,11251,8574,woxic,0.93
424,a,9215,21037,insani,1.07
424,a,9215,11154,exit,0.98
424,a,9215,18717,Lucaozy,0.9
424,a,9215,20987,brnz4n,0.79
424,a,9215,18835,saffee,0.56
2057,a,9928,22279,PR,1.35
2057,a,9928,9278,REZ,1.05
2057,a,9928,20301,Tauson,0.99
2057,a,9928,20870,sl3nd,0.69
2057,a,9928,16486,ztr,0.29
2057,b,4773,18865,dav1deuS,2.02
2057,b,4773,20171,snow,1.76
2057,b,4773,20085,kauez,1.47
2057,b,4773,19694,nqz,1.09
2057,b,4773,18141,biguzera,1.06
2537,a,5995,19230,m0NESY,1.51
2537,a,5995,11617,malbsMd,1.07
2537,a,5995,20447,HeavyGod,0.82
2537,a,5995,3972,huNter-,0.78
2537,a,5995,2553,Snax,0.69
2537,b,6248,20903,Senzu,1.63
2537,b,6248,21001,mzinho,1.3
2537,b,6248,20194,bLitz,1.06
2537,b,6248,21809,910,1.02
2537,b,6248,20275,Techno,0.6
1475,a,7532,14929,JDC,1.46
1475,a,7532,5794,tabseN,0.84
1475,a,7532,19899,Krimbo,0.74
1475,a,7532,20170,kyuubii,0.73
1475,a,7532,21468,hyped,0.58
1475,b,12878,13670,nawwk,1.61
1475,b,12878,9618,nexa,1.4
1475,b,12878,18571,CYPHER,1.27
1475,b,12878,8248,jkaem,1.04
1475,b,12878,21139,pr1metapz,0.81
66,b,12426,23046,jambo,1.04
66,b,12426,21452,Kvem,0.91
66,b,12426,23414,jackasmo,0.88
66,b,12426,17008,Topa,0.88
66,b,12426,23415,zeRRoFIX,0.7
66,a,10503,19044,F1KU,1.54
66,a,10503,13602,nicoodoz,1.16
66,a,10503,20941,Buzz,1.04
66,a,10503,21983,Chr1zN,1.01
66,a,10503,19064,spooke,1.0
474,b,4494,13666,Brollan,1.47
474,b,4494,18850,Jimpphat,1.34
474,b,4494,18072,torzsi,1.27
474,b,4494,18221,Spinx,1.16
474,b,4494,20312,xertioN,0.85
474,a,11283,17306,degster,1.07
474,a,11283,9032,Magisk,0.92
474,a,11283,3741,NiKo,0.74
474,a,11283,19677,kyxsan,0.68
474,a,11283,12018,TeSeS,0.66
2250,b,9565,11816,ropz,1.54
2250,b,9565,11893,ZywOo,1.32
2250,b,9565,7322,apEX,1.31
2250,b,9565,16693,flameZ,1.3
2250,b,9565,18462,mezii,1.16
2250,a,4914,13138,Maka,1.32
2250,a,4914,19739,Ex3rcice,0.96
2250,a,4914,8374,bodyy,0.87
2250,a,4914,13497,Lucky,0.62
2250,a,4914,21969,Graviti,0.53
2507,a,5973,10394,Twistzz,1.42
2507,a,5973,8520,NAF,1.28
2507,a,5973,4679,jks,1.14
2507,a,5973,9436,NertZ,1.08
2507,a,5973,21763,ultimate,0.93
2507,b,8297,12553,yuurih,1.31
2507,b,8297,10566,chelo,0.93
2507,b,8297,2023,FalleN,0.92
2507,b,8297,15631,KSCERATO,0.73
2507,b,8297,18676,skullz,0.58
183,a,7020,21167,donk,1.55
183,a,7020,7716,chopper,1.35
183,a,7020,16920,sh1ro,1.06
183,a,7020,18317,magixx,0.98
183,a,7020,20423,zont1x,0.94
183,b,10567,630,MUTiRiS,1.33
183,b,10567,20462,story,0.97
183,b,10567,22106,AZUWU,0.88
183,b,10567,21014,Ag1l,0.76
183,b,10567,22702,cej0t,0.74
1467,a,12878,18571,CYPHER,1.52
1467,a,12878,13670,nawwk,1.18
1467,a,12878,9618,nexa,0.89
1467,a,12878,21139,pr1metapz,0.85
1467,a,12878,8248,jkaem,0.54
1467,b,4869,12731,sdy,1.25
1467,b,4869,21815,podi,1.15
1467,b,4869,7412,gla1ve,1.07
1467,b,4869,21972,Neityu,1.06
1467,b,4869,23372,xKacpersky,1.0
497,a,11283,17306,degster,0.71
497,a,11283,9032,Magisk,0.63
497,a,11283,12018,TeSeS,0.55
497,a,11283,3741,NiKo,0.49
497,a,11283,19677,kyxsan,0.38
497,b,4914,8374,bodyy,2.11
497,b,4914,19739,Ex3rcice,1.91
497,b,4914,21969,Graviti,1.62
497,b,4914,13138,Maka,1.28
497,b,4914,13497,Lucky,1.14
2112,b,9928,20870,sl3nd,1.12
2112,b,9928,16486,ztr,1.11
2112,b,9928,9278,REZ,1.1
2112,b,9928,22279,PR,1.05
2112,b,9928,20301,Tauson,1.05
2112,a,4863,21621,Moseyuh,1.27
2112,a,4863,8552,Attacker,0.98
2112,a,4863,20702,Jee,0.9
2112,a,4863,19645,JamYoung,0.85
2112,a,4863,20895,Mercury,0.82
2147,a,7532,19899,Krimbo,1.02
2147,a,7532,20170,kyuubii,0.97
2147,a,7532,21468,hyped,0.94
2147,a,7532,14929,JDC,0.85
2147,a,7532,5794,tabseN,0.79
2147,b,4869,23372,xKacpersky,1.67
2147,b,4869,7412,gla1ve,1.42
2147,b,4869,21815,podi,1.12
2147,b,4869,12731,sdy,1.07
2147,b,4869,21972,Neityu,0.86
173,a,5995,11617,malbsMd,1.76
173,a,5995,20447,HeavyGod,1.66
173,a,5995,19230,m0NESY,1.39
173,a,5995,3972,huNter-,1.0
173,a,5995,2553,Snax,0.77
173,b,10567,20462,story,1.01
173,b,10567,630,MUTiRiS,0.93
173,b,10567,22702,cej0t,0.84
173,b,10567,22106,AZUWU,0.75
173,b,10567,21014,Ag1l,0.6
2634,b,7020,18317,magixx,1.67
2634,b,7020,21167,donk,1.4
2634,b,7020,20423,zont1x,0.98
2634,b,7020,16920,sh1ro,0.87
2634,b,7020,7716,chopper,0.66
2634,a,6248,21001,mzinho,1.34
2634,a,6248,20903,Senzu,0.97
2634,a,6248,21809,910,0.91
2634,a,6248,20194,bLitz,0.89
2634,a,6248,20275,Techno,0.54
1816,a,4773,19694,nqz,0.86
1816,a,4773,20171,snow,0.81
1816,a,4773,20085,kauez,0.74
1816,a,4773,18141,biguzera,0.74
1816,a,4773,18865,dav1deuS,0.71
1816,b,4608,18987,b1t,1.68
1816,b,4608,19206,jL,1.58
1816,b,4608,14759,iM,1.31
1816,b,4608,20127,w0nderful,0.97
1816,b,4608,9816,Aleksib,0.81
1798,b,9565,11893,ZywOo,2.38
1798,b,9565,11816,ropz,1.3
1798,b,9565,18462,mezii,1.11
1798,b,9565,7322,apEX,0.98
1798,b,9565,16693,flameZ,0.96
1798,a,4494,20312,xertioN,0.92
1798,a,4494,18221,Spinx,0.72
1798,a,4494,18072,torzsi,0.67
1798,a,4494,18850,Jimpphat,0.64
1798,a,4494,13666,Brollan,0.62
947,a,12426,23046,jambo,1.56
947,a,12426,21452,Kvem,1.55
947,a,12426,23414,jackasmo,1.05
947,a,12426,17008,Topa,1.01
947,a,12426,23415,zeRRoFIX,1.0
947,b,12000,17145,Rainwaker,1.11
947,b,12000,18697,oxygeN,0.98
947,b,12000,11219,CeRq,0.85
947,b,12000,11217,SPELLAN,0.57
947,b,12000,11343,SHiPZ,0.54
2954,b,8297,12553,yuurih,2.18
2954,b,8297,2023,FalleN,2.11
2954,b,8297,15631,KSCERATO,2.09
2954,b,8297,18676,skullz,1.3
2954,b,8297,10566,chelo,1.0
2954,a,9215,18717,Lucaozy,0.81
2954,a,9215,20987,brnz4n,0.61
2954,a,9215,18835,saffee,0.45
2954,a,9215,21037,insani,0.33
2954,a,9215,11154,exit,0.33
387,a,5973,10394,Twistzz,1.62
387,a,5973,21763,ultimate,1.49
387,a,5973,8520,NAF,1.14
387,a,5973,9436,NertZ,0.91
387,a,5973,4679,jks,0.83
387,b,11251,22361,jottAAA,1.1
387,b,11251,21243,Wicadia,1.03
387,b,11251,7938,XANTARES,0.93
387,b,11251,8574,woxic,0.9
387,b,11251,150,MAJ3R,0.6
2201,b,6248,20194,bLitz,1.58
2201,b,6248,20903,Senzu,1.45
2201,b,6248,21001,mzinho,1.18
2201,b,6248,21809,910,1.01
2201,b,6248,20275,Techno,0.78
2201,a,4914,19739,Ex3rcice,1.18
2201,a,4914,13138,Maka,0.99
2201,a,4914,13497,Lucky,0.85
2201,a,4914,21969,Graviti,0.75
2201,a,4914,8374,bodyy,0.73
204,b,10567,630,MUTiRiS,1.09
204,b,10567,22702,cej0t,1.0
204,b,10567,20462,story,0.9
204,b,10567,22106,AZUWU,0.81
204,b,10567,21014,Ag1l,0.67
204,a,9928,22279,PR,1.78
204,a,9928,20870,sl3nd,1.52
204,a,9928,9278,REZ,1.23
204,a,9928,20301,Tauson,1.07
204,a,9928,16486,ztr,0.79
1199,a,12878,18571,CYPHER,1.49
1199,a,12878,21139,pr1metapz,1.31
1199,a,12878,9618,nexa,1.08
1199,a,12878,13670,nawwk,0.96
1199,a,12878,8248,jkaem,0.82
1199,b,12426,17008,Topa,1.28
1199,b,12426,23046,jambo,1.09
1199,b,12426,23415,zeRRoFIX,1.07
1199,b,12426,21452,Kvem,0.73
1199,b,12426,23414,jackasmo,0.64
1700,b,4494,18221,Spinx,2.13
1700,b,4494,13666,Brollan,1.62
1700,b,4494,18072,torzsi,1.61
1700,b,4494,18850,Jimpphat,1.1
1700,b,4494,20312,xertioN,0.8
1700,a,5973,10394,Twistzz,1.09
1700,a,5973,4679,jks,0.92
1700,a,5973,9436,NertZ,0.7
1700,a,5973,8520,NAF,0.59
1700,a,5973,21763,ultimate,0.52
371,b,11251,22361,jottAAA,2.11
371,b,11251,7938,XANTARES,1.33
371,b,11251,21243,Wicadia,1.02
371,b,11251,8574,woxic,0.94
371,b,11251,150,MAJ3R,0.79
371,a,4773,19694,nqz,1.04
371,a,4773,20171,snow,0.87
371,a,4773,18865,dav1deuS,0.85
371,a,4773,20085,kauez,0.83
371,a,4773,18141,biguzera,0.62
1852,b,5995,3972,huNter-,1.22
1852,b,5995,20447,HeavyGod,1.09
1852,b,5995,19230,m0NESY,0.83
1852,b,5995,2553,Snax,0.69
1852,b,5995,11617,malbsMd,0.64
1852,a,4608,19206,jL,2.04
1852,a,4608,9816,Aleksib,1.34
1852,a,4608,18987,b1t,1.16
1852,a,4608,20127,w0nderful,1.15
1852,a,4608,14759,iM,0.75
569,b,11283,3741,NiKo,1.77
569,b,11283,12018,TeSeS,1.36
569,b,11283,9032,Magisk,1.13
569,b,11283,19677,kyxsan,0.94
569,b,11283,17306,degster,0.74
569,a,8297,15631,KSCERATO,1.31
569,a,8297,10566,chelo,1.13
569,a,8297,18676,skullz,1.1
569,a,8297,12553,yuurih,0.75
569,a,8297,2023,FalleN,0.65
1173,a,7969,22460,riskyb0b,1.27
1173,a,7969,21266,1eeR,0.84
1173,a,7969,20387,Xant3r,0.84
1173,a,7969,23685,zweih,0.83
1173,a,7969,23317,khaN,0.63
1173,b,12394,11840,Boombl4,1.41
1173,b,12394,16555,Ax1Le,1.28
1173,b,12394,21667,Magnojez,1.21
1173,b,12394,18506,S1ren,1.12
1173,b,12394,15662,zorte,1.1
980,a,12257,21163,susp,1.52
980,a,12257,16726,phzy,0.88
980,a,12257,21665,JBa,0.83
980,a,12257,8711,Sonic,0.71
980,a,12257,8507,stanislaw,0.5
980,b,5005,13578,Grim,1.97
980,b,5005,11630,JT,1.29
980,b,5005,21620,nicx,1.06
980,b,5005,12840,hallzerk,0.91
980,b,5005,17353,Cxzi,0.87
91,b,7175,19187,xfl0ud,1.31
91,b,7175,19164,SunPayus,0.98
91,b,7175,22047,yxngstxr,0.82
91,b,7175,19808,tN1R,0.67
91,b,7175,19310,LNZ,0.53
91,a,10503,13602,nicoodoz,1.84
91,a,10503,21983,Chr1zN,1.58
91,a,10503,20941,Buzz,1.23
91,a,10503,19064,spooke,0.96
91,a,10503,19044,F1KU,0.77
2181,b,5973,21763,ultimate,1.72
2181,b,5973,10394,Twistzz,1.47
2181,b,5973,9436,NertZ,1.43
2181,b,5973,4679,jks,1.15
2181,b,5973,8520,NAF,0.9
2181,a,4914,21969,Graviti,1.04
2181,a,4914,8374,bodyy,0.9
2181,a,4914,13138,Maka,0.81
2181,a,4914,19739,Ex3rcice,0.73
2181,a,4914,13497,Lucky,0.31
1111,a,12916,18070,Demho,1.72
1111,a,12916,22383,jcobbb,1.32
1111,a,12916,18979,Prism,1.02
1111,a,12916,23765,hfah,0.93
1111,a,12916,23766,hypex,0.83
1111,b,12394,21667,Magnojez,1.08
1111,b,12394,18506,S1ren,1.07
1111,b,12394,16555,Ax1Le,1.06
1111,b,12394,15662,zorte,0.97
1111,b,12394,11840,Boombl4,0.68
342,a,11283,19677,kyxsan,1.12
342,a,11283,17306,degster,1.05
342,a,11283,9032,Magisk,0.78
342,a,11283,12018,TeSeS,0.69
342,a,11283,3741,NiKo,0.56
342,b,11251,21243,Wicadia,1.67
342,b,11251,8574,woxic,1.14
342,b,11251,7938,XANTARES,1.14
342,b,11251,150,MAJ3R,1.05
342,b,11251,22361,jottAAA,0.73
2612,b,5995,19230,m0NESY,1.36
2612,b,5995,11617,malbsMd,1.32
2612,b,5995,20447,HeavyGod,1.31
2612,b,5995,2553,Snax,1.16
2612,b,5995,3972,huNter-,0.91
2612,a,9928,20301,Tauson,1.25
2612,a,9928,22279,PR,1.15
2612,a,9928,16486,ztr,0.79
2612,a,9928,9278,REZ,0.73
2612,a,9928,20870,sl3nd,0.57
1231,a,12426,23415,zeRRoFIX,1.1
1231,a,12426,17008,Topa,1.07
1231,a,12426,23046,jambo,1.0
1231,a,12426,23414,jackasmo,0.92
1231,a,12426,21452,Kvem,0.88
1231,b,7532,14929,JDC,1.38
1231,b,7532,21468,hyped,1.27
1231,b,7532,5794,tabseN,0.96
1231,b,7532,19899,Krimbo,0.82
1231,b,7532,20170,kyuubii,0.71
73,b,10503,19044,F1KU,1.35
73,b,10503,13602,nicoodoz,1.08
73,b,10503,19064,spooke,1.03
73,b,10503,21983,Chr1zN,0.65
73,b,10503,20941,Buzz,0.59
73,a,12916,18979,Prism,1.52
73,a,12916,18070,Demho,1.38
73,a,12916,23766,hypex,1.25
73,a,12916,23765,hfah,1.14
73,a,12916,22383,jcobbb,0.72
409,a,11251,8574,woxic,0.83
409,a,11251,150,MAJ3R,0.82
409,a,11251,22361,jottAAA,0.71
409,a,11251,7938,XANTARES,0.7
409,a,11251,21243,Wicadia,0.66
409,b,7020,16920,sh1ro,1.32
409,b,7020,20423,zont1x,1.28
409,b,7020,7716,chopper,1.21
409,b,7020,21167,donk,1.15
409,b,7020,18317,magixx,1.03
1711,b,4494,20312,xertioN,1.34
1711,b,4494,13666,Brollan,1.22
1711,b,4494,18850,Jimpphat,1.14
1711,b,4494,18072,torzsi,1.13
1711,b,4494,18221,Spinx,0.74
1711,a,5995,3972,huNter-,1.6
1711,a,5995,19230,m0NESY,1.33
1711,a,5995,11617,malbsMd,0.88
1711,a,5995,20447,HeavyGod,0.78
1711,a,5995,2553,Snax,0.5
75,b,10503,20941,Buzz,1.63
75,b,10503,19064,spooke,1.47
75,b,10503,13602,nicoodoz,1.24
75,b,10503,21983,Chr1zN,1.18
75,b,10503,19044,F1KU,0.72
75,a,12916,23766,hypex,1.2
75,a,12916,23765,hfah,1.12
75,a,12916,22383,jcobbb,0.78
75,a,12916,18979,Prism,0.75
75,a,12916,18070,Demho,0.65
1285,a,7532,5794,tabseN,0.85
1285,a,7532,21468,hyped,0.78
1285,a,7532,19899,Krimbo,0.46
1285,a,7532,14929,JDC,0.42
1285,a,7532,20170,kyuubii,0.35
1285,b,12467,19235,BELCHONOKK,1.91
1285,b,12467,22929,nota,1.91
1285,b,12467,16948,TRAVIS,1.61
1285,b,12467,13776,Jame,1.01
1285,b,12467,13239,Qikert,0.93
2519,b,9565,11816,ropz,1.51
2519,b,9565,11893,ZywOo,1.26
2519,b,9565,18462,mezii,1.18
2519,b,9565,7322,apEX,1.08
2519,b,9565,16693,flameZ,0.7
2519,a,5973,4679,jks,1.14
2519,a,5973,8520,NAF,1.08
2519,a,5973,10394,Twistzz,0.98
2519,a,5973,21763,ultimate,0.97
2519,a,5973,9436,NertZ,0.59
1864,a,4608,20127,w0nderful,1.21
1864,a,4608,9816,Aleksib,0.88
1864,a,4608,18987,b1t,0.77
1864,a,4608,19206,jL,0.7
1864,a,4608,14759,iM,0.46
1864,b,6248,21001,mzinho,2.19
1864,b,6248,20903,Senzu,1.41
1864,b,6248,20275,Techno,1.04
1864,b,6248,21809,910,1.01
1864,b,6248,20194,bLitz,0.98
95,a,7969,20387,Xant3r,0.98
95,a,7969,22460,riskyb0b,0.98
95,a,7969,23685,zweih,0.57
95,a,7969,23317,khaN,0.53
95,a,7969,21266,1eeR,0.4
95,b,10503,19044,F1KU,1.88
95,b,10503,19064,spooke,1.86
95,b,10503,13602,nicoodoz,1.43
95,b,10503,21983,Chr1zN,1.39
95,b,10503,20941,Buzz,1.03
1760,b,7020,16920,sh1ro,1.21
1760,b,7020,20423,zont1x,1.19
1760,b,7020,21167,donk,1.12
1760,b,7020,7716,chopper,0.75
1760,b,7020,18317,magixx,0.65
1760,a,4494,20312,xertioN,1.56
1760,a,4494,18072,torzsi,1.33
1760,a,4494,13666,Brollan,0.97
1760,a,4494,18850,Jimpphat,0.93
1760,a,4494,18221,Spinx,0.79
74,b,10503,21983,Chr1zN,1.51
74,b,10503,19044,F1KU,1.46
74,b,10503,20941,Buzz,1.38
74,b,10503,19064,spooke,0.82
74,b,10503,13602,nicoodoz,0.79
74,a,12916,23766,hypex,1.11
74,a,12916,22383,jcobbb,1.1
74,a,12916,18070,Demho,1.08
74,a,12916,23765,hfah,0.8
74,a,12916,18979,Prism,0.74
2678,b,9565,16693,flameZ,2.57
2678,b,9565,11893,ZywOo,1.4
2678,b,9565,7322,apEX,1.24
2678,b,9565,18462,mezii,1.16
2678,b,9565,11816,ropz,1.11
2678,a,6248,21001,mzinho,1.11
2678,a,6248,20194,bLitz,0.69
2678,a,6248,21809,910,0.68
2678,a,6248,20903,Senzu,0.56
2678,a,6248,20275,Techno,0.29
68,a,12467,13776,Jame,1.15
68,a,12467,19235,BELCHONOKK,1.08
68,a,12467,13239,Qikert,0.97
68,a,12467,16948,TRAVIS,0.96
68,a,12467,22929,nota,0.65
68,b,10503,21983,Chr1zN,1.36
68,b,10503,19044,F1KU,1.36
68,b,10503,20941,Buzz,1.3
68,b,10503,13602,nicoodoz,1.07
68,b,10503,19064,spooke,0.78
1799,a,4494,18850,Jimpphat,1.49
1799,a,4494,18221,Spinx,0.98
1799,a,4494,13666,Brollan,0.93
1799,a,4494,18072,torzsi,0.7
1799,a,4494,20312,xertioN,0.37
1799,b,9565,11893,ZywOo,1.8
1799,b,9565,7322,apEX,1.52
1799,b,9565,11816,ropz,1.24
1799,b,9565,16693,flameZ,1.08
1799,b,9565,18462,mezii,0.91
59,b,12000,17145,Rainwaker,1.17
59,b,12000,11343,SHiPZ,0.81
59,b,12000,11219,CeRq,0.79
59,b,12000,18697,oxygeN,0.65
59,b,12000,11217,SPELLAN,0.39
59,a,10503,19044,F1KU,1.77
59,a,10503,20941,Buzz,1.51
59,a,10503,13602,nicoodoz,1.35
59,a,10503,21983,Chr1zN,1.19
59,a,10503,19064,spooke,0.89
461,b,4494,20312,xertioN,1.4
461,b,4494,18072,torzsi,1.34
461,b,4494,18221,Spinx,1.22
461,b,4494,18850,Jimpphat,1.16
461,b,4494,13666,Brollan,0.64
461,a,11283,12018,TeSeS,1.38
461,a,11283,3741,NiKo,0.99
461,a,11283,19677,kyxsan,0.86
461,a,11283,17306,degster,0.81
461,a,11283,9032,Magisk,0.68
2742,b,9565,18462,mezii,1.57
2742,b,9565,11893,ZywOo,1.57
2742,b,9565,16693,flameZ,1.22
2742,b,9565,11816,ropz,1.08
2742,b,9565,7322,apEX,0.95
2742,a,6665,17956,jabbi,1.22
2742,a,6665,10994,stavn,1.06
2742,a,6665,20304,Staehr,0.91
2742,a,6665,7592,device,0.82
2742,a,6665,7964,cadiaN,0.33
2375,a,6667,8738,EliGE,0.89
2375,a,6667,8183,rain,0.73
2375,a,6667,9960,frozen,0.53
2375,a,6667,429,karrigan,0.5
2375,a,6667,18053,broky,0.46
2375,b,5378,12732,FL1T,2.38
2375,b,5378,20994,FL4MUS,2.25
2375,b,5378,20101,fame,1.92
2375,b,5378,21439,ICY,1.65
2375,b,5378,8918,electroNic,0.63
2596,b,5995,11617,malbsMd,1.43
2596,b,5995,20447,HeavyGod,1.22
2596,b,5995,3972,huNter-,1.17
2596,b,5995,19230,m0NESY,1.02
2596,b,5995,2553,Snax,1.01
2596,a,9455,19869,try,1.58
2596,a,9455,20026,chayJESUS,0.91
2596,a,9455,22564,noway,0.84
2596,a,9455,20183,decenty,0.71
2596,a,9455,12822,VINI,0.61
386,a,11251,150,MAJ3R,2.01
386,a,11251,22361,jottAAA,1.29
386,a,11251,8574,woxic,1.24
386,a,11251,7938,XANTARES,1.12
386,a,11251,21243,Wicadia,0.82
386,b,5973,21763,ultimate,1.2
386,b,5973,9436,NertZ,0.9
386,b,5973,10394,Twistzz,0.88
386,b,5973,4679,jks,0.75
386,b,5973,8520,NAF,0.63
1072,a,6248,20903,Senzu,1.65
1072,a,6248,20275,Techno,1.63
1072,a,6248,20194,bLitz,1.42
1072,a,6248,21001,mzinho,1.39
1072,a,6248,21809,910,1.23
1072,b,12376,17378,reck,0.94
1072,b,12376,20104,s1n,0.78
1072,b,12376,15370,slaxz-,0.54
1072,b,12376,22921,Lake,0.4
1072,b,12376,16599,Swisher,0.36
1914,b,4608,18987,b1t,1.62
1914,b,4608,14759,iM,1.2
1914,b,4608,19206,jL,1.2
1914,b,4608,9816,Aleksib,0.78
1914,b,4608,20127,w0nderful,0.68
1914,a,8297,10566,chelo,1.44
1914,a,8297,15631,KSCERATO,1.43
1914,a,8297,12553,yuurih,0.99
1914,a,8297,2023,FalleN,0.8
1914,a,8297,18676,skullz,0.65
2693,a,6665,7592,device,1.0
2693,a,6665,10994,stavn,0.93
2693,a,6665,17956,jabbi,0.86
2693,a,6665,20304,Staehr,0.52
2693,a,6665,7964,cadiaN,0.41
2693,b,6667,8738,EliGE,1.66
2693,b,6667,8183,rain,1.47
2693,b,6667,18053,broky,1.37
2693,b,6667,9960,frozen,1.13
2693,b,6667,429,karrigan,1.01
1750,b,7020,16920,sh1ro,1.24
1750,b,7020,21167,donk,1.11
1750,b,7020,20423,zont1x,0.93
1750,b,7020,7716,chopper,0.72
1750,b,7020,18317,magixx,0.6
1750,a,4494,20312,xertioN,1.69
1750,a,4494,18072,torzsi,1.28
1750,a,4494,13666,Brollan,1.25
1750,a,4494,18850,Jimpphat,0.98
1750,a,4494,18221,Spinx,0.94
2418,b,9565,11816,ropz,1.56
2418,b,9565,18462,mezii,1.47
2418,b,9565,11893,ZywOo,1.39
2418,b,9565,16693,flameZ,1.31
2418,b,9565,7322,apEX,1.0
2418,a,5378,12732,FL1T,1.33
2418,a,5378,8918,electroNic,0.85
2418,a,5378,20994,FL4MUS,0.79
2418,a,5378,21439,ICY,0.63
2418,a,5378,20101,fame,0.58
2512,b,9455,22564,noway,0.93
2512,b,9455,12822,VINI,0.81
2512,b,9455,19869,try,0.74
2512,b,9455,20183,decenty,0.73
2512,b,9455,20026,chayJESUS,0.54
2512,a,5973,10394,Twistzz,2.05
2512,a,5973,8520,NAF,1.58
2512,a,5973,9436,NertZ,1.28
2512,a,5973,21763,ultimate,1.19
2512,a,5973,4679,jks,0.77
1084,a,12376,16599,Swisher,1.29
1084,a,12376,15370,slaxz-,1.29
1084,a,12376,22921,Lake,1.16
1084,a,12376,17378,reck,0.99
1084,a,12376,20104,s1n,0.78
1084,b,8297,12553,yuurih,1.46
1084,b,8297,18676,skullz,1.19
1084,b,8297,15631,KSCERATO,0.95
1084,b,8297,2023,FalleN,0.88
1084,b,8297,10566,chelo,0.7
390,b,5995,11617,malbsMd,1.4
390,b,5995,20447,HeavyGod,1.15
390,b,5995,3972,huNter-,1.11
390,b,5995,19230,m0NESY,0.97
390,b,5995,2553,Snax,0.49
390,a,11251,21243,Wicadia,1.46
390,a,11251,7938,XANTARES,1.13
390,a,11251,8574,woxic,1.07
390,a,11251,150,MAJ3R,1.04
390,a,11251,22361,jottAAA,0.98
1856,b,6248,20903,Senzu,1.34
1856,b,6248,21809,910,1.24
1856,b,6248,20194,bLitz,0.98
1856,b,6248,20275,Techno,0.79
1856,b,6248,21001,mzinho,0.74
1856,a,4608,9816,Aleksib,1.41
1856,a,4608,19206,jL,1.31
1856,a,4608,18987,b1t,1.05
1856,a,4608,20127,w0nderful,1.05
1856,a,4608,14759,iM,0.89
508,b,11283,3741,NiKo,1.18
508,b,11283,9032,Magisk,1.16
508,b,11283,12018,TeSeS,1.05
508,b,11283,17306,degster,0.96
508,b,11283,19677,kyxsan,0.7
508,a,5378,12732,FL1T,1.23
508,a,5378,8918,electroNic,1.16
508,a,5378,20994,FL4MUS,1.12
508,a,5378,21439,ICY,1.09
508,a,5378,20101,fame,0.82
2763,a,6667,9960,frozen,1.48
2763,a,6667,18053,broky,0.78
2763,a,6667,8738,EliGE,0.68
2763,a,6667,429,karrigan,0.59
2763,a,6667,8183,rain,0.47
2763,b,7020,20423,zont1x,1.44
2763,b,7020,16920,sh1ro,1.43
2763,b,7020,18317,magixx,1.2
2763,b,7020,21167,donk,1.17
2763,b,7020,7716,chopper,0.96
2461,a,5973,4679,jks,1.32
2461,a,5973,21763,ultimate,1.19
2461,a,5973,9436,NertZ,0.99
2461,a,5973,10394,Twistzz,0.85
2461,a,5973,8520,NAF,0.64
2461,b,6248,20903,Senzu,2.04
2461,b,6248,21809,910,1.43
2461,b,6248,20275,Techno,1.05
2461,b,6248,20194,bLitz,0.95
2461,b,6248,21001,mzinho,0.55
1066,a,12376,20104,s1n,1.33
1066,a,12376,22921,Lake,1.12
1066,a,12376,17378,reck,1.1
1066,a,12376,15370,slaxz-,0.93
1066,a,12376,16599,Swisher,0.82
1066,b,5995,19230,m0NESY,1.94
1066,b,5995,20447,HeavyGod,1.12
1066,b,5995,2553,Snax,0.96
1066,b,5995,11617,malbsMd,0.84
1066,b,5995,3972,huNter-,0.62
1788,a,4494,18221,Spinx,1.18
1788,a,4494,18850,Jimpphat,1.16
1788,a,4494,20312,xertioN,1.11
1788,a,4494,18072,torzsi,0.9
1788,a,4494,13666,Brollan,0.59
1788,b,9565,11893,ZywOo,1.76
1788,b,9565,11816,ropz,1.42
1788,b,9565,18462,mezii,1.16
1788,b,9565,16693,flameZ,0.91
1788,b,9565,7322,apEX,0.39
2382,b,5378,20101,fame,1.19
2382,b,5378,21439,ICY,1.14
2382,b,5378,12732,FL1T,0.74
2382,b,5378,20994,FL4MUS,0.66
2382,b,5378,8918,electroNic,0.53
2382,a,7020,20423,zont1x,1.67
2382,a,7020,21167,donk,1.25
2382,a,7020,7716,chopper,1.23
2382,a,7020,18317,magixx,1.17
2382,a,7020,16920,sh1ro,1.01
368,a,11251,21243,Wicadia,1.71
368,a,11251,22361,jottAAA,1.62
368,a,11251,150,MAJ3R,1.57
368,a,11251,7938,XANTARES,1.21
368,a,11251,8574,woxic,1.08
368,b,4608,19206,jL,1.19
368,b,4608,14759,iM,0.91
368,b,4608,20127,w0nderful,0.67
368,b,4608,18987,b1t,0.44
368,b,4608,9816,Aleksib,0.33
2531,b,6248,20194,bLitz,1.42
2531,b,6248,20903,Senzu,0.86
2531,b,6248,20275,Techno,0.82
2531,b,6248,21809,910,0.57
2531,b,6248,21001,mzinho,0.57
2531,a,5995,11617,malbsMd,1.58
2531,a,5995,20447,HeavyGod,1.46
2531,a,5995,3972,huNter-,1.45
2531,a,5995,2553,Snax,1.41
2531,a,5995,19230,m0NESY,1.19
315,a,11241,19592,headtr1ck,1.63
315,a,11241,22842,kensizor,1.52
315,a,11241,21708,npl,1.48
315,a,11241,20112,alex666,1.15
315,a,11241,23643,esenthial,0.87
315,b,7969,23685,zweih,1.0
315,b,7969,20387,Xant3r,0.92
315,b,7969,21266,1eeR,0.75
315,b,7969,22460,riskyb0b,0.59
315,b,7969,23317,khaN,0.5
64,a,12394,16555,Ax1Le,1.85
64,a,12394,15662,zorte,1.36
64,a,12394,21667,Magnojez,1.34
64,a,12394,18506,S1ren,0.84
64,a,12394,11840,Boombl4,0.46
64,b,10503,19064,spooke,1.3
64,b,10503,20941,Buzz,1.04
64,b,10503,13602,nicoodoz,0.89
64,b,10503,21983,Chr1zN,0.8
64,b,10503,19044,F1KU,0.74
1707,b,4494,20312,xertioN,1.68
1707,b,4494,18850,Jimpphat,1.63
1707,b,4494,18072,torzsi,1.58
1707,b,4494,13666,Brollan,1.38
1707,b,4494,18221,Spinx,1.23
1707,a,5995,19230,m0NESY,1.05
1707,a,5995,2553,Snax,0.6
1707,a,5995,20447,HeavyGod,0.59
1707,a,5995,11617,malbsMd,0.55
1707,a,5995,3972,huNter-,0.32
1895,a,7020,21167,donk,1.89
1895,a,7020,16920,sh1ro,1.58
1895,a,7020,20423,zont1x,1.35
1895,a,7020,18317,magixx,1.01
1895,a,7020,7716,chopper,0.78
1895,b,4608,9816,Aleksib,1.11
1895,b,4608,19206,jL,0.89
1895,b,4608,14759,iM,0.78
1895,b,4608,20127,w0nderful,0.72
1895,b,4608,18987,b1t,0.51
361,b,11251,21243,Wicadia,1.25
361,b,11251,8574,woxic,1.19
361,b,11251,22361,jottAAA,1.13
361,b,11251,7938,XANTARES,0.74
361,b,11251,150,MAJ3R,0.71
361,a,4494,18850,Jimpphat,1.61
361,a,4494,20312,xertioN,1.22
361,a,4494,18072,torzsi,1.16
361,a,4494,18221,Spinx,0.99
361,a,4494,13666,Brollan,0.76
243,a,11241,20112,alex666,1.57
243,a,11241,22842,kensizor,1.48
243,a,11241,19592,headtr1ck,1.07
243,a,11241,23643,esenthial,1.07
243,a,11241,21708,npl,0.97
243,b,12467,22929,nota,1.78
243,b,12467,16948,TRAVIS,1.07
243,b,12467,13776,Jame,0.77
243,b,12467,13239,Qikert,0.63
243,b,12467,19235,BELCHONOKK,0.6
2844,b,9565,11893,ZywOo,1.75
2844,b,9565,11816,ropz,1.41
2844,b,9565,7322,apEX,0.98
2844,b,9565,16693,flameZ,0.9
2844,b,9565,18462,mezii,0.83
2844,a,7020,16920,sh1ro,1.39
2844,a,7020,21167,donk,1.26
2844,a,7020,20423,zont1x,0.93
2844,a,7020,18317,magixx,0.7
2844,a,7020,7716,chopper,0.62
1789,a,4494,18850,Jimpphat,1.08
1789,a,4494,18072,torzsi,1.03
1789,a,4494,18221,Spinx,0.9
1789,a,4494,20312,xertioN,0.74
1789,a,4494,13666,Brollan,0.41
1789,b,9565,16693,flameZ,1.82
1789,b,9565,11893,ZywOo,1.48
1789,b,9565,7322,apEX,1.18
1789,b,9565,11816,ropz,1.03
1789,b,9565,18462,mezii,0.91
968,b,12257,21163,susp,0.71
968,b,12257,8797,Stewie2K,0.7
968,b,12257,8711,Sonic,0.67
968,b,12257,21665,JBa,0.63
968,b,12257,8507,stanislaw,0.53
968,a,12376,15370,slaxz-,1.7
968,a,12376,22921,Lake,1.58
968,a,12376,20104,s1n,1.52
968,a,12376,16599,Swisher,1.25
968,a,12376,17378,reck,1.08
2333,a,5005,17353,Cxzi,2.58
2333,a,5005,13578,Grim,1.59
2333,a,5005,11630,JT,1.12
2333,a,5005,21620,nicx,1.06
2333,a,5005,12840,hallzerk,0.4
2333,b,7969,23685,zweih,1.29
2333,b,7969,22460,riskyb0b,0.84
2333,b,7969,23317,khaN,0.76
2333,b,7969,20387,Xant3r,0.71
2333,b,7969,21266,1eeR,0.66
627,b,5378,21439,ICY,1.1
627,b,5378,20101,fame,0.99
627,b,5378,12732,FL1T,0.97
627,b,5378,8918,electroNic,0.93
627,b,5378,20994,FL4MUS,0.83
627,a,11514,7028,Summer,1.64
627,a,11514,8605,somebody,1.38
627,a,11514,8950,kaze,1.16
627,a,11514,21825,L1haNg,0.97
627,a,11514,19681,ChildKing,0.9
2198,a,6248,20194,bLitz,1.56
2198,a,6248,20275,Techno,0.97
2198,a,6248,20903,Senzu,0.94
2198,a,6248,21001,mzinho,0.65
2198,a,6248,21809,910,0.64
2198,b,4914,8374,bodyy,1.25
2198,b,4914,13497,Lucky,1.25
2198,b,4914,13138,Maka,1.25
2198,b,4914,21969,Graviti,1.13
2198,b,4914,19739,Ex3rcice,0.99
2610,b,5995,19230,m0NESY,1.38
2610,b,5995,2553,Snax,1.36
2610,b,5995,3972,huNter-,1.23
2610,b,5995,11617,malbsMd,1.03
2610,b,5995,20447,HeavyGod,0.89
2610,a,9928,22279,PR,1.32
2610,a,9928,20301,Tauson,1.17
2610,a,9928,20870,sl3nd,0.8
2610,a,9928,9278,REZ,0.77
2610,a,9928,16486,ztr,0.67
501,b,11283,9032,Magisk,1.24
501,b,11283,12018,TeSeS,0.97
501,b,11283,3741,NiKo,0.87
501,b,11283,17306,degster,0.65
501,b,11283,19677,kyxsan,0.47
501,a,5005,12840,hallzerk,2.04
501,a,5005,21620,nicx,1.23
501,a,5005,17353,Cxzi,1.18
501,a,5005,13578,Grim,1.17
501,a,5005,11630,JT,1.12
834,a,11861,8574,woxic,1.27
834,a,11861,21243,Wicadia,1.26
834,a,11861,7938,XANTARES,1.15
834,a,11861,22361,jottAAA,0.99
834,a,11861,150,MAJ3R,0.85
834,b,4773,18141,biguzera,1.27
834,b,4773,19694,nqz,1.18
834,b,4773,18865,dav1deuS,1.02
834,b,4773,20171,snow,0.79
834,b,4773,22566,deemO,0.71
1330,a,5973,10394,Twistzz,1.41
1330,a,5973,21763,ultimate,1.41
1330,a,5973,9436,NertZ,0.89
1330,a,5973,16820,siuhy,0.86
1330,a,5973,8520,NAF,0.48
1330,b,12468,15698,dumau,1.42
1330,b,12468,20563,lux,1.35
1330,b,12468,19686,n1ssim,1.02
1330,b,12468,19045,latto,0.85
1330,b,12468,22965,saadzin,0.79
2696,a,6667,18053,broky,1.27
2696,a,6667,8183,rain,0.84
2696,a,6667,9960,frozen,0.79
2696,a,6667,429,karrigan,0.75
2696,a,6667,8738,EliGE,0.72
2696,b,6665,10994,stavn,2.05
2696,b,6665,20304,Staehr,1.52
2696,b,6665,7592,device,0.92
2696,b,6665,17956,jabbi,0.85
2696,b,6665,7964,cadiaN,0.84
1482,b,8297,15631,KSCERATO,1.58
1482,b,8297,2023,FalleN,1.48
1482,b,8297,12553,yuurih,1.33
1482,b,8297,10566,chelo,0.91
1482,b,8297,18676,skullz,0.79
1482,a,12916,23766,hypex,1.05
1482,a,12916,18979,Prism,0.83
1482,a,12916,23765,hfah,0.81
1482,a,12916,18070,Demho,0.74
1482,a,12916,22383,jcobbb,0.6
590,a,11283,12018,TeSeS,0.92
590,a,11283,3741,NiKo,0.9
590,a,11283,17306,degster,0.81
590,a,11283,19677,kyxsan,0.69
590,a,11283,9032,Magisk,0.33
590,b,9928,20870,sl3nd,1.89
590,b,9928,20301,Tauson,1.64
590,b,9928,16486,ztr,1.62
590,b,9928,22279,PR,1.43
590,b,9928,9278,REZ,1.4
628,a,5995,11617,malbsMd,1.9
628,a,5995,20447,HeavyGod,1.27
628,a,5995,3972,huNter-,1.27
628,a,5995,2553,Snax,0.92
628,a,5995,19230,m0NESY,0.75
628,b,11514,19681,ChildKing,1.02
628,b,11514,7028,Summer,0.93
628,b,11514,21825,L1haNg,0.83
628,b,11514,8950,kaze,0.7
628,b,11514,8605,somebody,0.64
2354,a,5973,8520,NAF,0.83
2354,a,5973,10394,Twistzz,0.73
2354,a,5973,9436,NertZ,0.61
2354,a,5973,16820,siuhy,0.5
2354,a,5973,21763,ultimate,0.41
2354,b,5378,20994,FL4MUS,1.95
2354,b,5378,20101,fame,1.58
2354,b,5378,8918,electroNic,1.45
2354,b,5378,21439,ICY,1.21
2354,b,5378,12732,FL1T,1.17
809,a,11861,21243,Wicadia,1.57
809,a,11861,8574,woxic,1.49
809,a,11861,150,MAJ3R,1.17
809,a,11861,22361,jottAAA,1.11
809,a,11861,7938,XANTARES,1.0
809,b,12468,19686,n1ssim,1.04
809,b,12468,19045,latto,1.01
809,b,12468,15698,dumau,0.97
809,b,12468,22965,saadzin,0.77
809,b,12468,20563,lux,0.72
2204,b,4914,13138,Maka,1.83
2204,b,4914,21969,Graviti,1.8
2204,b,4914,19739,Ex3rcice,1.07
2204,b,4914,8374,bodyy,0.92
2204,b,4914,13497,Lucky,0.86
2204,a,6665,10994,stavn,1.03
2204,a,6665,20304,Staehr,1.02
2204,a,6665,17956,jabbi,0.67
2204,a,6665,7964,cadiaN,0.65
2204,a,6665,7592,device,0.53
1479,a,6248,20903,Senzu,1.28
1479,a,6248,21809,910,1.2
1479,a,6248,21001,mzinho,0.85
1479,a,6248,20194,bLitz,0.81
1479,a,6248,20275,Techno,0.57
1479,b,12916,18070,Demho,1.36
1479,b,12916,22383,jcobbb,1.29
1479,b,12916,23766,hypex,1.24
1479,b,12916,23765,hfah,1.2
1479,b,12916,18979,Prism,0.57
1991,b,6667,8183,rain,1.53
1991,b,6667,8738,EliGE,1.29
1991,b,6667,429,karrigan,1.24
1991,b,6667,18053,broky,0.77
1991,b,6667,9960,frozen,0.65
1991,a,4773,18141,biguzera,1.36
1991,a,4773,20171,snow,1.1
1991,a,4773,19694,nqz,1.08
1991,a,4773,18865,dav1deuS,0.88
1991,a,4773,22566,deemO,0.6
2337,b,8297,12553,yuurih,1.11
2337,b,8297,15631,KSCERATO,1.03
2337,b,8297,18676,skullz,0.83
2337,b,8297,2023,FalleN,0.83
2337,b,8297,10566,chelo,0.7
2337,a,5005,11630,JT,1.77
2337,a,5005,17353,Cxzi,1.73
2337,a,5005,21620,nicx,1.16
2337,a,5005,12840,hallzerk,0.93
2337,a,5005,13578,Grim,0.74
1370,a,9928,20301,Tauson,1.52
1370,a,9928,16486,ztr,1.38
1370,a,9928,20870,sl3nd,1.22
1370,a,9928,9278,REZ,1.17
1370,a,9928,22279,PR,1.0
1370,b,12468,19045,latto,1.23
1370,b,12468,22965,saadzin,0.93
1370,b,12468,15698,dumau,0.92
1370,b,12468,19686,n1ssim,0.69
1370,b,12468,20563,lux,0.61
1480,b,6665,10994,stavn,1.01
1480,b,6665,7592,device,0.92
1480,b,6665,17956,jabbi,0.91
1480,b,6665,20304,Staehr,0.79
1480,b,6665,7964,cadiaN,0.72
1480,a,12916,18979,Prism,1.36
1480,a,12916,22383,jcobbb,1.33
1480,a,12916,18070,Demho,1.27
1480,a,12916,23766,hypex,1.16
1480,a,12916,23765,hfah,0.77
2405,b,8297,10566,chelo,1.06
2405,b,8297,15631,KSCERATO,1.0
2405,b,8297,2023,FalleN,0.92
2405,b,8297,12553,yuurih,0.87
2405,b,8297,18676,skullz,0.56
2405,a,5378,21439,ICY,1.57
2405,a,5378,20101,fame,1.49
2405,a,5378,20994,FL4MUS,1.0
2405,a,5378,8918,electroNic,0.99
2405,a,5378,12732,FL1T,0.99
629,a,11514,7028,Summer,1.01
629,a,11514,8950,kaze,0.8
629,a,11514,21825,L1haNg,0.75
629,a,11514,19681,ChildKing,0.68
629,a,11514,8605,somebody,0.47
629,b,6667,8738,EliGE,1.92
629,b,6667,9960,frozen,1.82
629,b,6667,429,karrigan,1.48
629,b,6667,18053,broky,0.92
629,b,6667,8183,rain,0.91
2306,b,5995,3972,huNter-,1.95
2306,b,5995,19230,m0NESY,1.47
2306,b,5995,20447,HeavyGod,1.29
2306,b,5995,2553,Snax,0.85
2306,b,5995,11617,malbsMd,0.54
2306,a,5005,21620,nicx,1.1
2306,a,5005,11630,JT,1.09
2306,a,5005,17353,Cxzi,0.98
2306,a,5005,13578,Grim,0.86
2306,a,5005,12840,hallzerk,0.75
483,a,11283,12018,TeSeS,1.7
483,a,11283,9032,Magisk,0.97
483,a,11283,3741,NiKo,0.95
483,a,11283,19677,kyxsan,0.94
483,a,11283,17306,degster,0.91
483,b,4773,20171,snow,1.34
483,b,4773,18865,dav1deuS,0.92
483,b,4773,19694,nqz,0.9
483,b,4773,18141,biguzera,0.86
483,b,4773,22566,deemO,0.55
844,a,11861,22361,jottAAA,1.34
844,a,11861,21243,Wicadia,1.07
844,a,11861,8574,woxic,1.06
844,a,11861,150,MAJ3R,0.88
844,a,11861,7938,XANTARES,0.87
844,b,4914,13138,Maka,1.24
844,b,4914,19739,Ex3rcice,1.24
844,b,4914,21969,Graviti,1.14
844,b,4914,8374,bodyy,1.1
844,b,4914,13497,Lucky,0.8
2465,b,6248,20903,Senzu,1.46
2465,b,6248,20275,Techno,1.31
2465,b,6248,21001,mzinho,1.13
2465,b,6248,21809,910,1.09
2465,b,6248,20194,bLitz,1.03
2465,a,5973,10394,Twistzz,1.58
2465,a,5973,21763,ultimate,0.85
2465,a,5973,8520,NAF,0.84
2465,a,5973,16820,siuhy,0.74
2465,a,5973,9436,NertZ,0.5
1337,a,6665,10994,stavn,1.3
1337,a,6665,17956,jabbi,1.22
1337,a,6665,7592,device,1.17
1337,a,6665,20304,Staehr,1.09
1337,a,6665,7964,cadiaN,0.8
1337,b,12468,20563,lux,1.13
1337,b,12468,22965,saadzin,1.11
1337,b,12468,19045,latto,0.96
1337,b,12468,19686,n1ssim,0.84
1337,b,12468,15698,dumau,0.75
2428,b,9928,20870,sl3nd,1.44
2428,b,9928,16486,ztr,1.37
2428,b,9928,20301,Tauson,1.24
2428,b,9928,9278,REZ,1.18
2428,b,9928,22279,PR,0.99
2428,a,5378,20101,fame,1.48
2428,a,5378,21439,ICY,1.16
2428,a,5378,12732,FL1T,1.11
2428,a,5378,20994,FL4MUS,0.47
2428,a,5378,8918,electroNic,0.32
2319,a,5005,12840,hallzerk,1.53
2319,a,5005,11630,JT,1.17
2319,a,5005,21620,nicx,1.13
2319,a,5005,17353,Cxzi,0.85
2319,a,5005,13578,Grim,0.67
2319,b,6667,9960,frozen,1.68
2319,b,6667,8738,EliGE,1.17
2319,b,6667,429,karrigan,0.93
2319,b,6667,18053,broky,0.72
2319,b,6667,8183,rain,0.69
431,a,11514,8950,kaze,1.43
431,a,11514,8605,somebody,0.68
431,a,11514,19681,ChildKing,0.55
431,a,11514,7028,Summer,0.34
431,a,11514,21825,L1haNg,0.17
431,b,11283,19677,kyxsan,2.13
431,b,11283,12018,TeSeS,1.81
431,b,11283,3741,NiKo,1.77
431,b,11283,9032,Magisk,1.33
431,b,11283,17306,degster,1.12
817,a,11861,8574,woxic,1.23
817,a,11861,7938,XANTARES,1.23
817,a,11861,21243,Wicadia,1.22
817,a,11861,22361,jottAAA,1.19
817,a,11861,150,MAJ3R,0.93
817,b,12916,18070,Demho,1.28
817,b,12916,23766,hypex,1.08
817,b,12916,22383,jcobbb,0.95
817,b,12916,23765,hfah,0.78
817,b,12916,18979,Prism,0.57
2646,b,8297,12553,yuurih,1.38
2646,b,8297,15631,KSCERATO,1.22
2646,b,8297,10566,chelo,0.91
2646,b,8297,18676,skullz,0.77
2646,b,8297,2023,FalleN,0.71
2646,a,6248,21001,mzinho,2.05
2646,a,6248,20903,Senzu,1.09
2646,a,6248,20194,bLitz,1.05
2646,a,6248,21809,910,0.94
2646,a,6248,20275,Techno,0.7
2369,b,6665,20304,Staehr,1.36
2369,b,6665,7592,device,0.96
2369,b,6665,10994,stavn,0.83
2369,b,6665,17956,jabbi,0.76
2369,b,6665,7964,cadiaN,0.48
2369,a,5378,12732,FL1T,1.68
2369,a,5378,20101,fame,1.38
2369,a,5378,21439,ICY,1.17
2369,a,5378,8918,electroNic,1.16
2369,a,5378,20994,FL4MUS,0.64
1481,b,12916,18070,Demho,1.32
1481,b,12916,23766,hypex,1.3
1481,b,12916,23765,hfah,0.93
1481,b,12916,18979,Prism,0.72
1481,b,12916,22383,jcobbb,0.49
1481,a,6667,9960,frozen,1.55
1481,a,6667,8738,EliGE,1.25
1481,a,6667,8183,rain,1.05
1481,a,6667,18053,broky,1.02
1481,a,6667,429,karrigan,0.87
524,a,11283,12018,TeSeS,1.42
524,a,11283,17306,degster,1.33
524,a,11283,3741,NiKo,1.25
524,a,11283,19677,kyxsan,0.9
524,a,11283,9032,Magisk,0.79
524,b,6248,20903,Senzu,1.49
524,b,6248,21001,mzinho,1.11
524,b,6248,21809,910,1.04
524,b,6248,20194,bLitz,0.85
524,b,6248,20275,Techno,0.56
591,a,9928,22279,PR,1.09
591,a,9928,20301,Tauson,0.98
591,a,9928,9278,REZ,0.91
591,a,9928,20870,sl3nd,0.8
591,a,9928,16486,ztr,0.62
591,b,11283,3741,NiKo,1.33
591,b,11283,19677,kyxsan,1.28
591,b,11283,12018,TeSeS,1.26
591,b,11283,17306,degster,1.15
591,b,11283,9032,Magisk,0.91
2212,a,4914,13138,Maka,1.63
2212,a,4914,13497,Lucky,0.95
2212,a,4914,8374,bodyy,0.94
2212,a,4914,21969,Graviti,0.52
2212,a,4914,19739,Ex3rcice,0.48
2212,b,6667,9960,frozen,2.39
2212,b,6667,18053,broky,1.83
2212,b,6667,429,karrigan,0.92
2212,b,6667,8738,EliGE,0.9
2212,b,6667,8183,rain,0.7
847,a,5005,12840,hallzerk,2.09
847,a,5005,13578,Grim,1.24
847,a,5005,17353,Cxzi,1.15
847,a,5005,21620,nicx,0.92
847,a,5005,11630,JT,0.7
847,b,11861,7938,XANTARES,1.23
847,b,11861,22361,jottAAA,1.14
847,b,11861,150,MAJ3R,0.89
847,b,11861,21243,Wicadia,0.87
847,b,11861,8574,woxic,0.7
2360,b,5995,11617,malbsMd,1.63
2360,b,5995,3972,huNter-,1.31
2360,b,5995,20447,HeavyGod,1.28
2360,b,5995,19230,m0NESY,1.01
2360,b,5995,2553,Snax,0.8
2360,a,5378,20101,fame,1.48
2360,a,5378,8918,electroNic,1.06
2360,a,5378,20994,FL4MUS,0.71
2360,a,5378,21439,ICY,0.7
2360,a,5378,12732,FL1T,0.52
1110,a,12394,16555,Ax1Le,2.14
1110,a,12394,21667,Magnojez,1.43
1110,a,12394,15662,zorte,1.42
1110,a,12394,11840,Boombl4,1.11
1110,a,12394,18506,S1ren,0.7
1110,b,12878,13670,nawwk,1.21
1110,b,12878,8248,jkaem,0.93
1110,b,12878,21139,pr1metapz,0.85
1110,b,12878,18571,CYPHER,0.54
1110,b,12878,9618,nexa,0.44
540,a,11283,17306,degster,1.64
540,a,11283,12018,TeSeS,1.18
540,a,11283,3741,NiKo,1.14
540,a,11283,9032,Magisk,1.03
540,a,11283,19677,kyxsan,0.88
540,b,6667,9960,frozen,1.09
540,b,6667,8738,EliGE,1.05
540,b,6667,429,karrigan,0.97
540,b,6667,8183,rain,0.73
540,b,6667,18053,broky,0.48
2307,b,5005,12840,hallzerk,1.38
2307,b,5005,11630,JT,1.13
2307,b,5005,21620,nicx,0.96
2307,b,5005,17353,Cxzi,0.86
2307,b,5005,13578,Grim,0.63
2307,a,5995,19230,m0NESY,1.9
2307,a,5995,20447,HeavyGod,1.39
2307,a,5995,2553,Snax,1.1
2307,a,5995,3972,huNter-,0.98
2307,a,5995,11617,malbsMd,0.7
2320,a,6667,9960,frozen,1.56
2320,a,6667,18053,broky,1.3
2320,a,6667,8183,rain,1.29
2320,a,6667,8738,EliGE,0.82
2320,a,6667,429,karrigan,0.8
2320,b,5005,13578,Grim,1.33
2320,b,5005,17353,Cxzi,1.22
2320,b,5005,11630,JT,0.9
2320,b,5005,12840,hallzerk,0.79
2320,b,5005,21620,nicx,0.53
519,a,11283,3741,NiKo,1.42
519,a,11283,9032,Magisk,1.25
519,a,11283,19677,kyxsan,1.07
519,a,11283,17306,degster,0.88
519,a,11283,12018,TeSeS,0.84
519,b,5995,20447,HeavyGod,1.46
519,b,5995,19230,m0NESY,1.15
519,b,5995,2553,Snax,0.99
519,b,5995,11617,malbsMd,0.81
519,b,5995,3972,huNter-,0.38
1282,a,7175,19808,tN1R,1.59
1282,a,7175,19164,SunPayus,1.49
1282,a,7175,19310,LNZ,1.19
1282,a,7175,19187,xfl0ud,0.75
1282,a,7175,22047,yxngstxr,0.62
1282,b,12467,19235,BELCHONOKK,1.22
1282,b,12467,13776,Jame,1.06
1282,b,12467,22929,nota,1.01
1282,b,12467,16948,TRAVIS,0.8
1282,b,12467,13239,Qikert,0.65
131,a,10567,21014,Ag1l,1.05
131,a,10567,22106,AZUWU,0.91
131,a,10567,20462,story,0.71
131,a,10567,630,MUTiRiS,0.53
131,a,10567,22702,cej0t,0.48
131,b,12394,21667,Magnojez,2.01
131,b,12394,16555,Ax1Le,1.57
131,b,12394,18506,S1ren,1.36
131,b,12394,11840,Boombl4,1.35
131,b,12394,15662,zorte,1.13
2941,b,9928,16486,ztr,1.12
2941,b,9928,20870,sl3nd,0.93
2941,b,9928,22279,PR,0.84
2941,b,9928,20301,Tauson,0.74
2941,b,9928,9278,REZ,0.72
2941,a,7969,23685,zweih,1.72
2941,a,7969,21266,1eeR,1.46
2941,a,7969,20387,Xant3r,1.34
2941,a,7969,23317,khaN,1.33
2941,a,7969,22460,riskyb0b,0.77
89,a,6665,7592,device,1.54
89,a,6665,7964,cadiaN,0.92
89,a,6665,20304,Staehr,0.89
89,a,6665,10994,stavn,0.77
89,a,6665,17956,jabbi,0.7
89,b,10503,13602,nicoodoz,2.33
89,b,10503,21983,Chr1zN,1.42
89,b,10503,20941,Buzz,0.91
89,b,10503,19064,spooke,0.78
89,b,10503,19044,F1KU,0.48
953,a,7532,19899,Krimbo,1.75
953,a,7532,14929,JDC,1.71
953,a,7532,21468,hyped,1.57
953,a,7532,5794,tabseN,1.37
953,a,7532,20170,kyuubii,1.37
953,b,12000,11343,SHiPZ,1.19
953,b,12000,17145,Rainwaker,0.81
953,b,12000,18697,oxygeN,0.71
953,b,12000,11217,SPELLAN,0.61
953,b,12000,11219,CeRq,0.28
105,a,10567,20462,story,1.24
105,a,10567,630,MUTiRiS,1.07
105,a,10567,22702,cej0t,1.03
105,a,10567,22106,AZUWU,0.93
105,a,10567,21014,Ag1l,0.8
105,b,11241,22842,kensizor,1.21
105,b,11241,21708,npl,1.16
105,b,11241,23643,esenthial,1.06
105,b,11241,19592,headtr1ck,1.03
105,b,11241,20112,alex666,0.78
1274,a,6665,17956,jabbi,1.59
1274,a,6665,7592,device,1.32
1274,a,6665,10994,stavn,1.24
1274,a,6665,20304,Staehr,1.17
1274,a,6665,7964,cadiaN,0.92
1274,b,12467,13776,Jame,1.02
1274,b,12467,16948,TRAVIS,0.99
1274,b,12467,22929,nota,0.77
1274,b,12467,19235,BELCHONOKK,0.54
1274,b,12467,13239,Qikert,0.49
1172,b,7969,20387,Xant3r,1.75
1172,b,7969,23685,zweih,1.69
1172,b,7969,22460,riskyb0b,1.49
1172,b,7969,21266,1eeR,1.2
1172,b,7969,23317,khaN,1.06
1172,a,12394,21667,Magnojez,1.23
1172,a,12394,11840,Boombl4,0.98
1172,a,12394,16555,Ax1Le,0.79
1172,a,12394,18506,S1ren,0.75
1172,a,12394,15662,zorte,0.42
240,a,11241,19592,headtr1ck,1.48
240,a,11241,23643,esenthial,1.26
240,a,11241,20112,alex666,0.99
240,a,11241,22842,kensizor,0.83
240,a,11241,21708,npl,0.83
240,b,12467,19235,BELCHONOKK,1.89
240,b,12467,16948,TRAVIS,1.06
240,b,12467,13776,Jame,0.98
240,b,12467,22929,nota,0.62
240,b,12467,13239,Qikert,0.61
955,b,9928,9278,REZ,2.44
955,b,9928,22279,PR,1.79
955,b,9928,20870,sl3nd,1.24
955,b,9928,16486,ztr,1.21
955,b,9928,20301,Tauson,1.07
955,a,12000,11219,CeRq,0.89
955,a,12000,18697,oxygeN,0.89
955,a,12000,17145,Rainwaker,0.84
955,a,12000,11343,SHiPZ,0.44
955,a,12000,11217,SPELLAN,0.29
1474,b,12878,21139,pr1metapz,1.54
1474,b,12878,9618,nexa,0.98
1474,b,12878,18571,CYPHER,0.96
1474,b,12878,8248,jkaem,0.88
1474,b,12878,13670,nawwk,0.69
1474,a,7532,19899,Krimbo,1.43
1474,a,7532,14929,JDC,1.38
1474,a,7532,20170,kyuubii,1.17
1474,a,7532,21468,hyped,0.97
1474,a,7532,5794,tabseN,0.75
2873,b,7175,19164,SunPayus,1.32
2873,b,7175,19187,xfl0ud,1.12
2873,b,7175,22047,yxngstxr,1.07
2873,b,7175,19808,tN1R,1.02
2873,b,7175,19310,LNZ,0.86
2873,a,7969,20387,Xant3r,1.5
2873,a,7969,23685,zweih,1.1
2873,a,7969,21266,1eeR,0.97
2873,a,7969,22460,riskyb0b,0.84
2873,a,7969,23317,khaN,0.72
252,b,12878,9618,nexa,1.09
252,b,12878,21139,pr1metapz,1.09
252,b,12878,8248,jkaem,1.07
252,b,12878,18571,CYPHER,0.99
252,b,12878,13670,nawwk,0.91
252,a,11241,19592,headtr1ck,1.31
252,a,11241,21708,npl,1.3
252,a,11241,22842,kensizor,1.08
252,a,11241,23643,esenthial,1.08
252,a,11241,20112,alex666,0.78
205,b,10567,20462,story,1.64
205,b,10567,22702,cej0t,1.4
205,b,10567,22106,AZUWU,1.19
205,b,10567,21014,Ag1l,0.96
205,b,10567,630,MUTiRiS,0.74
205,a,9928,20870,sl3nd,1.26
205,a,9928,9278,REZ,1.16
205,a,9928,20301,Tauson,1.16
205,a,9928,16486,ztr,0.62
205,a,9928,22279,PR,0.58
2909,b,7969,23685,zweih,2.62
2909,b,7969,22460,riskyb0b,1.42
2909,b,7969,20387,Xant3r,1.33
2909,b,7969,23317,khaN,1.03
2909,b,7969,21266,1eeR,0.7
2909,a,7532,14929,JDC,1.31
2909,a,7532,5794,tabseN,1.15
2909,a,7532,19899,Krimbo,0.65
2909,a,7532,21468,hyped,0.5
2909,a,7532,20170,kyuubii,0.48
2720,a,6665,17956,jabbi,1.65
2720,a,6665,20304,Staehr,1.54
2720,a,6665,7964,cadiaN,1.22
2720,a,6665,7592,device,1.06
2720,a,6665,10994,stavn,0.97
2720,b,7532,14929,JDC,1.33
2720,b,7532,5794,tabseN,1.21
2720,b,7532,19899,Krimbo,0.74
2720,b,7532,21468,hyped,0.52
2720,b,7532,20170,kyuubii,0.48
624,b,11514,19681,ChildKing,1.02
624,b,11514,7028,Summer,1.02
624,b,11514,21825,L1haNg,0.98
624,b,11514,8950,kaze,0.71
624,b,11514,8605,somebody,0.67
624,a,4863,19645,JamYoung,1.71
624,a,4863,21621,Moseyuh,1.66
624,a,4863,20895,Mercury,1.23
624,a,4863,8552,Attacker,1.03
624,a,4863,20702,Jee,0.62
297,a,6665,7592,device,1.54
297,a,6665,20304,Staehr,1.16
297,a,6665,17956,jabbi,0.95
297,a,6665,7964,cadiaN,0.77
297,a,6665,10994,stavn,0.76
297,b,11241,21708,npl,1.36
297,b,11241,22842,kensizor,1.19
297,b,11241,23643,esenthial,1.12
297,b,11241,20112,alex666,1.08
297,b,11241,19592,headtr1ck,0.94
2310,b,6248,20194,bLitz,1.25
2310,b,6248,21001,mzinho,1.19
2310,b,6248,20903,Senzu,1.14
2310,b,6248,21809,910,0.98
2310,b,6248,20275,Techno,0.95
2310,a,5005,13578,Grim,1.43
2310,a,5005,17353,Cxzi,1.01
2310,a,5005,12840,hallzerk,0.99
2310,a,5005,11630,JT,0.72
2310,a,5005,21620,nicx,0.62
1990,b,6667,18053,broky,1.26
1990,b,6667,429,karrigan,1.25
1990,b,6667,8183,rain,1.24
1990,b,6667,8738,EliGE,0.95
1990,b,6667,9960,frozen,0.92
1990,a,4773,18865,dav1deuS,1.33
1990,a,4773,22566,deemO,1.06
1990,a,4773,20171,snow,1.06
1990,a,4773,19694,nqz,0.96
1990,a,4773,5738,rikz,0.51
2254,b,4914,13138,Maka,1.29
2254,b,4914,8374,bodyy,1.12
2254,b,4914,13497,Lucky,0.94
2254,b,4914,21969,Graviti,0.75
2254,b,4914,19739,Ex3rcice,0.45
2254,a,9928,22279,PR,1.52
2254,a,9928,16486,ztr,1.39
2254,a,9928,9278,REZ,1.26
2254,a,9928,20870,sl3nd,0.96
2254,a,9928,20301,Tauson,0.81
1765,a,4494,18072,torzsi,1.38
1765,a,4494,18221,Spinx,1.32
1765,a,4494,13666,Brollan,1.24
1765,a,4494,20312,xertioN,0.98
1765,a,4494,18850,Jimpphat,0.93
1765,b,7532,19899,Krimbo,0.95
1765,b,7532,21468,hyped,0.93
1765,b,7532,14929,JDC,0.83
1765,b,7532,5794,tabseN,0.82
1765,b,7532,20170,kyuubii,0.76
2353,b,5973,16820,siuhy,1.56
2353,b,5973,9436,NertZ,1.25
2353,b,5973,8520,NAF,1.1
2353,b,5973,10394,Twistzz,1.07
2353,b,5973,21763,ultimate,0.77
2353,a,5378,20994,FL4MUS,1.4
2353,a,5378,8918,electroNic,1.3
2353,a,5378,21439,ICY,1.06
2353,a,5378,20101,fame,0.72
2353,a,5378,12732,FL1T,0.61
1458,b,9565,11893,ZywOo,1.42
1458,b,9565,16693,flameZ,1.41
1458,b,9565,11816,ropz,1.31
1458,b,9565,18462,mezii,1.09
1458,b,9565,7322,apEX,0.73
1458,a,12774,20123,regali,1.57
1458,a,12774,17384,Vexite,1.07
1458,a,12774,18214,nettik,0.96
1458,a,12774,10588,Liazz,0.81
1458,a,12774,11140,INS,0.62
1922,b,4608,14759,iM,1.5
1922,b,4608,18987,b1t,1.19
1922,b,4608,19206,jL,1.0
1922,b,4608,20127,w0nderful,0.92
1922,b,4608,9816,Aleksib,0.8
1922,a,9215,11154,exit,1.3
1922,a,9215,18835,saffee,1.05
1922,a,9215,21037,insani,0.8
1922,a,9215,18717,Lucaozy,0.79
1922,a,9215,20987,brnz4n,0.63
110,b,11283,19230,m0NESY,1.46
110,b,11283,19677,kyxsan,1.32
110,b,11283,12018,TeSeS,1.23
110,b,11283,3741,NiKo,1.08
110,b,11283,9032,Magisk,0.84
110,a,10567,630,MUTiRiS,1.17
110,a,10567,21014,Ag1l,1.13
110,a,10567,20462,story,0.96
110,a,10567,22702,cej0t,0.8
110,a,10567,22106,AZUWU,0.46
1805,a,9928,22279,PR,1.12
1805,a,9928,20301,Tauson,1.04
1805,a,9928,9278,REZ,1.03
1805,a,9928,16486,ztr,0.97
1805,a,9928,20870,sl3nd,0.74
1805,b,4494,18221,Spinx,1.56
1805,b,4494,18072,torzsi,1.36
1805,b,4494,20312,xertioN,1.05
1805,b,4494,18850,Jimpphat,0.88
1805,b,4494,13666,Brollan,0.82
1953,a,4773,19694,nqz,1.17
1953,a,4773,22566,deemO,0.97
1953,a,4773,18865,dav1deuS,0.91
1953,a,4773,20171,snow,0.73
1953,a,4773,5738,rikz,0.43
1953,b,5005,13578,Grim,1.51
1953,b,5005,12840,hallzerk,1.51
1953,b,5005,17353,Cxzi,1.25
1953,b,5005,11630,JT,1.23
1953,b,5005,21620,nicx,1.12
2622,a,6667,8738,EliGE,1.2
2622,a,6667,8183,rain,1.18
2622,a,6667,429,karrigan,1.17
2622,a,6667,9960,frozen,0.91
2622,a,6667,18053,broky,0.66
2622,b,6248,21001,mzinho,1.52
2622,b,6248,20275,Techno,1.11
2622,b,6248,21809,910,0.97
2622,b,6248,20194,bLitz,0.91
2622,b,6248,20903,Senzu,0.82
2228,b,4914,13497,Lucky,1.47
2228,b,4914,19739,Ex3rcice,1.42
2228,b,4914,13138,Maka,1.16
2228,b,4914,8374,bodyy,0.97
2228,b,4914,21969,Graviti,0.84
2228,a,7532,21468,hyped,1.45
2228,a,7532,20170,kyuubii,1.02
2228,a,7532,14929,JDC,0.89
2228,a,7532,19899,Krimbo,0.78
2228,a,7532,5794,tabseN,0.69
2517,a,5973,10394,Twistzz,1.33
2517,a,5973,9436,NertZ,1.02
2517,a,5973,16820,siuhy,0.93
2517,a,5973,21763,ultimate,0.88
2517,a,5973,8520,NAF,0.51
2517,b,9565,11816,ropz,1.97
2517,b,9565,16693,flameZ,1.56
2517,b,9565,18462,mezii,1.23
2517,b,9565,11893,ZywOo,0.84
2517,b,9565,7322,apEX,0.65
1427,a,5378,21439,ICY,1.14
1427,a,5378,20101,fame,0.8
1427,a,5378,20994,FL4MUS,0.73
1427,a,5378,12732,FL1T,0.67
1427,a,5378,8918,electroNic,0.53
1427,b,12774,20123,regali,2.23
1427,b,12774,11140,INS,1.54
1427,b,12774,17384,Vexite,1.37
1427,b,12774,18214,nettik,1.25
1427,b,12774,10588,Liazz,0.93
477,a,11283,3741,NiKo,1.71
477,a,11283,19230,m0NESY,1.65
477,a,11283,19677,kyxsan,1.24
477,a,11283,12018,TeSeS,1.14
477,a,11283,9032,Magisk,0.88
477,b,4608,9816,Aleksib,1.37
477,b,4608,19206,jL,0.88
477,b,4608,20127,w0nderful,0.71
477,b,4608,14759,iM,0.52
477,b,4608,18987,b1t,0.42
196,a,10567,22702,cej0t,1.37
196,a,10567,20462,story,0.99
196,a,10567,22106,AZUWU,0.81
196,a,10567,630,MUTiRiS,0.72
196,a,10567,21014,Ag1l,0.68
196,b,9215,18835,saffee,1.56
196,b,9215,20987,brnz4n,1.46
196,b,9215,18717,Lucaozy,1.15
196,b,9215,21037,insani,0.84
196,b,9215,11154,exit,0.72
2209,b,6667,429,karrigan,1.54
2209,b,6667,9960,frozen,1.26
2209,b,6667,8738,EliGE,1.22
2209,b,6667,18053,broky,1.04
2209,b,6667,8183,rain,0.84
2209,a,4914,19739,Ex3rcice,1.11
2209,a,4914,8374,bodyy,1.06
2209,a,4914,13497,Lucky,0.88
2209,a,4914,21969,Graviti,0.85
2209,a,4914,13138,Maka,0.51
2346,b,5005,13578,Grim,1.17
2346,b,5005,11630,JT,1.09
2346,b,5005,12840,hallzerk,0.58
2346,b,5005,21620,nicx,0.46
2346,b,5005,17353,Cxzi,0.35
2346,a,9928,9278,REZ,2.01
2346,a,9928,22279,PR,1.78
2346,a,9928,20301,Tauson,1.63
2346,a,9928,16486,ztr,1.36
2346,a,9928,20870,sl3nd,0.72
1415,b,12774,20123,regali,1.64
1415,b,12774,18214,nettik,0.99
1415,b,12774,11140,INS,0.96
1415,b,12774,10588,Liazz,0.7
1415,b,12774,17384,Vexite,0.5
1415,a,4608,14759,iM,1.39
1415,a,4608,18987,b1t,1.35
1415,a,4608,20127,w0nderful,1.17
1415,a,4608,19206,jL,1.1
1415,a,4608,9816,Aleksib,0.66
2510,b,5973,9436,NertZ,1.6
2510,b,5973,8520,NAF,1.32
2510,b,5973,21763,ultimate,1.01
2510,b,5973,10394,Twistzz,0.89
2510,b,5973,16820,siuhy,0.76
2510,a,9215,21037,insani,1.3
2510,a,9215,11154,exit,0.98
2510,a,9215,20987,brnz4n,0.9
2510,a,9215,18717,Lucaozy,0.86
2510,a,9215,18835,saffee,0.78
2805,b,6667,18053,broky,1.43
2805,b,6667,8738,EliGE,1.36
2805,b,6667,9960,frozen,1.13
2805,b,6667,8183,rain,0.85
2805,b,6667,429,karrigan,0.77
2805,a,9928,9278,REZ,1.36
2805,a,9928,16486,ztr,1.08
2805,a,9928,22279,PR,1.04
2805,a,9928,20301,Tauson,0.99
2805,a,9928,20870,sl3nd,0.8
1714,b,4494,18850,Jimpphat,1.44
1714,b,4494,18221,Spinx,1.27
1714,b,4494,20312,xertioN,1.23
1714,b,4494,18072,torzsi,1.11
1714,b,4494,13666,Brollan,0.94
1714,a,6248,21809,910,1.22
1714,a,6248,21001,mzinho,1.22
1714,a,6248,20903,Senzu,0.84
1714,a,6248,20194,bLitz,0.63
1714,a,6248,20275,Techno,0.61
577,b,9565,11893,ZywOo,1.52
577,b,9565,11816,ropz,1.26
577,b,9565,16693,flameZ,1.23
577,b,9565,7322,apEX,1.19
577,b,9565,18462,mezii,0.88
577,a,11283,3741,NiKo,1.6
577,a,11283,19677,kyxsan,1.02
577,a,11283,19230,m0NESY,1.01
577,a,11283,9032,Magisk,0.68
577,a,11283,12018,TeSeS,0.41
1840,a,5973,16820,siuhy,1.54
1840,a,5973,8520,NAF,1.06
1840,a,5973,9436,NertZ,1.03
1840,a,5973,21763,ultimate,0.96
1840,a,5973,10394,Twistzz,0.81
1840,b,4608,9816,Aleksib,1.4
1840,b,4608,20127,w0nderful,1.31
1840,b,4608,14759,iM,0.91
1840,b,4608,19206,jL,0.89
1840,b,4608,18987,b1t,0.78
1472,a,7175,19164,SunPayus,2.09
1472,a,7175,19310,LNZ,1.63
1472,a,7175,19808,tN1R,1.38
1472,a,7175,19187,xfl0ud,1.0
1472,a,7175,22047,yxngstxr,0.91
1472,b,12878,18571,CYPHER,0.87
1472,b,12878,13670,nawwk,0.86
1472,b,12878,9618,nexa,0.85
1472,b,12878,8248,jkaem,0.6
1472,b,12878,21139,pr1metapz,0.47
970,b,12257,8711,Sonic,0.57
970,b,12257,21163,susp,0.39
970,b,12257,21665,JBa,0.34
970,b,12257,8507,stanislaw,0.15
970,b,12257,16726,phzy,0.15
970,a,12394,21667,Magnojez,2.49
970,a,12394,15662,zorte,2.45
970,a,12394,11840,Boombl4,1.99
970,a,12394,16555,Ax1Le,1.83
970,a,12394,18506,S1ren,1.08
587,a,9928,20301,Tauson,0.83
587,a,9928,9278,REZ,0.76
587,a,9928,16486,ztr,0.69
587,a,9928,20870,sl3nd,0.67
587,a,9928,22279,PR,0.26
587,b,11283,19230,m0NESY,1.96
587,b,11283,9032,Magisk,1.54
587,b,11283,19677,kyxsan,1.41
587,b,11283,3741,NiKo,1.15
587,b,11283,12018,TeSeS,0.93
2463,a,6248,21809,910,2.09
2463,a,6248,21001,mzinho,1.15
2463,a,6248,20194,bLitz,1.1
2463,a,6248,20903,Senzu,0.8
2463,a,6248,20275,Techno,0.6
2463,b,5973,10394,Twistzz,1.69
2463,b,5973,9436,NertZ,1.11
2463,b,5973,21763,ultimate,0.95
2463,b,5973,8520,NAF,0.93
2463,b,5973,16820,siuhy,0.73
308,b,11241,20112,alex666,2.03
308,b,11241,23643,esenthial,1.98
308,b,11241,19592,headtr1ck,1.66
308,b,11241,21708,npl,1.22
308,b,11241,22842,kensizor,0.69
308,a,7175,19187,xfl0ud,1.1
308,a,7175,22047,yxngstxr,0.79
308,a,7175,19164,SunPayus,0.73
308,a,7175,19808,tN1R,0.55
308,a,7175,19310,LNZ,0.36
1183,a,12394,15662,zorte,1.75
1183,a,12394,21667,Magnojez,1.43
1183,a,12394,16555,Ax1Le,1.18
1183,a,12394,11840,Boombl4,0.92
1183,a,12394,18506,S1ren,0.7
1183,b,9455,22564,noway,1.32
1183,b,9455,19869,try,0.99
1183,b,9455,20026,chayJESUS,0.91
1183,b,9455,12822,VINI,0.78
1183,b,9455,20183,decenty,0.63
463,b,4494,18221,Spinx,1.28
463,b,4494,20312,xertioN,1.27
463,b,4494,13666,Brollan,0.7
463,b,4494,18072,torzsi,0.62
463,b,4494,18850,Jimpphat,0.52
463,a,11283,19230,m0NESY,1.53
463,a,11283,3741,NiKo,1.28
463,a,11283,19677,kyxsan,1.23
463,a,11283,12018,TeSeS,1.19
463,a,11283,9032,Magisk,1.07
992,a,12257,21163,susp,1.02
992,a,12257,16726,phzy,0.95
992,a,12257,21665,JBa,0.94
992,a,12257,8507,stanislaw,0.76
992,a,12257,8711,Sonic,0.62
992,b,7175,19187,xfl0ud,1.3
992,b,7175,19164,SunPayus,1.28
992,b,7175,19310,LNZ,1.19
992,b,7175,22047,yxngstxr,1.14
992,b,7175,19808,tN1R,1.05
2670,b,9565,11893,ZywOo,2.33
2670,b,9565,11816,ropz,2.13
2670,b,9565,18462,mezii,1.45
2670,b,9565,16693,flameZ,1.38
2670,b,9565,7322,apEX,0.81
2670,a,6248,20194,bLitz,0.71
2670,a,6248,20275,Techno,0.69
2670,a,6248,21809,910,0.65
2670,a,6248,20903,Senzu,0.51
2670,a,6248,21001,mzinho,0.29
236,b,11241,22842,kensizor,2.01
236,b,11241,23643,esenthial,1.67
236,b,11241,21708,npl,1.01
236,b,11241,20112,alex666,0.77
236,b,11241,19592,headtr1ck,0.62
236,a,12394,15662,zorte,1.29
236,a,12394,16555,Ax1Le,1.03
236,a,12394,18506,S1ren,0.89
236,a,12394,21667,Magnojez,0.88
236,a,12394,11840,Boombl4,0.7
578,a,11283,12018,TeSeS,1.46
578,a,11283,19677,kyxsan,1.09
578,a,11283,3741,NiKo,1.08
578,a,11283,9032,Magisk,0.97
578,a,11283,19230,m0NESY,0.87
578,b,9565,11893,ZywOo,1.38
578,b,9565,18462,mezii,1.25
578,b,9565,11816,ropz,1.21
578,b,9565,16693,flameZ,1.0
578,b,9565,7322,apEX,0.72
1159,b,12394,16555,Ax1Le,1.32
1159,b,12394,18506,S1ren,1.1
1159,b,12394,21667,Magnojez,0.88
1159,b,12394,11840,Boombl4,0.85
1159,b,12394,15662,zorte,0.66
1159,a,7175,19164,SunPayus,1.7
1159,a,7175,19808,tN1R,1.4
1159,a,7175,19310,LNZ,1.14
1159,a,7175,19187,xfl0ud,1.08
1159,a,7175,22047,yxngstxr,0.55
309,a,11241,21708,npl,1.14
309,a,11241,22842,kensizor,0.9
309,a,11241,19592,headtr1ck,0.84
309,a,11241,23643,esenthial,0.83
309,a,11241,20112,alex666,0.75
309,b,7175,19808,tN1R,1.51
309,b,7175,19187,xfl0ud,1.42
309,b,7175,19164,SunPayus,1.39
309,b,7175,19310,LNZ,1.08
309,b,7175,22047,yxngstxr,0.91
1442,b,7020,18317,magixx,1.7
1442,b,7020,21167,donk,1.57
1442,b,7020,20423,zont1x,1.08
1442,b,7020,16920,sh1ro,0.94
1442,b,7020,7716,chopper,0.8
1442,a,12774,11140,INS,1.31
1442,a,12774,18214,nettik,0.97
1442,a,12774,17384,Vexite,0.91
1442,a,12774,10588,Liazz,0.79
1442,a,12774,20123,regali,0.77
1668,b,4494,18221,Spinx,2.45
1668,b,4494,18072,torzsi,2.09
1668,b,4494,18850,Jimpphat,1.74
1668,b,4494,20312,xertioN,1.46
1668,b,4494,13666,Brollan,1.3
1668,a,4773,19694,nqz,0.79
1668,a,4773,18141,biguzera,0.54
1668,a,4773,18865,dav1deuS,0.49
1668,a,4773,14736,dgt,0.46
1668,a,4773,20171,snow,0.2
1000,b,9565,7322,apEX,1.71
1000,b,9565,18462,mezii,1.65
1000,b,9565,16693,flameZ,1.21
1000,b,9565,11893,ZywOo,1.12
1000,b,9565,11816,ropz,0.85
1000,a,12257,21665,JBa,1.13
1000,a,12257,16726,phzy,0.96
1000,a,12257,8711,Sonic,0.75
1000,a,12257,8507,stanislaw,0.67
1000,a,12257,21163,susp,0.64
538,b,6667,8183,rain,1.55
538,b,6667,8738,EliGE,1.01
538,b,6667,18053,broky,0.87
538,b,6667,9960,frozen,0.82
538,b,6667,429,karrigan,0.6
538,a,11283,3741,NiKo,1.65
538,a,11283,19230,m0NESY,1.25
538,a,11283,12018,TeSeS,1.25
538,a,11283,9032,Magisk,0.9
538,a,11283,19677,kyxsan,0.6
977,a,4773,20171,snow,1.28
977,a,4773,19694,nqz,1.0
977,a,4773,18865,dav1deuS,0.88
977,a,4773,14736,dgt,0.73
977,a,4773,18141,biguzera,0.53
977,b,12257,16726,phzy,1.95
977,b,12257,8711,Sonic,1.68
977,b,12257,21665,JBa,1.5
977,b,12257,21163,susp,1.01
977,b,12257,8507,stanislaw,0.61
1790,a,4494,18221,Spinx,1.15
1790,a,4494,20312,xertioN,1.04
1790,a,4494,18072,torzsi,0.83
1790,a,4494,18850,Jimpphat,0.78
1790,a,4494,13666,Brollan,0.74
1790,b,9565,11893,ZywOo,1.54
1790,b,9565,16693,flameZ,1.45
1790,b,9565,11816,ropz,1.33
1790,b,9565,7322,apEX,1.19
1790,b,9565,18462,mezii,0.52
1439,a,12774,17384,Vexite,1.18
1439,a,12774,18214,nettik,1.16
1439,a,12774,11140,INS,1.01
1439,a,12774,10588,Liazz,0.99
1439,a,12774,20123,regali,0.7
1439,b,6667,8738,EliGE,1.58
1439,b,6667,18053,broky,1.15
1439,b,6667,9960,frozen,1.11
1439,b,6667,8183,rain,0.99
1439,b,6667,429,karrigan,0.93
311,a,11241,21708,npl,1.34
311,a,11241,20112,alex666,0.86
311,a,11241,19592,headtr1ck,0.83
311,a,11241,23643,esenthial,0.72
311,a,11241,22842,kensizor,0.51
311,b,7532,14929,JDC,1.59
311,b,7532,20170,kyuubii,1.35
311,b,7532,19899,Krimbo,1.31
311,b,7532,21468,hyped,1.31
311,b,7532,5794,tabseN,1.0
547,b,7020,16920,sh1ro,1.36
547,b,7020,21167,donk,1.08
547,b,7020,18317,magixx,1.0
547,b,7020,7716,chopper,0.74
547,b,7020,20423,zont1x,0.59
547,a,11283,19230,m0NESY,1.64
547,a,11283,9032,Magisk,1.28
547,a,11283,3741,NiKo,1.17
547,a,11283,19677,kyxsan,0.98
547,a,11283,12018,TeSeS,0.88
1736,b,4494,18850,Jimpphat,2.89
1736,b,4494,20312,xertioN,1.85
1736,b,4494,18072,torzsi,1.57
1736,b,4494,13666,Brollan,1.05
1736,b,4494,18221,Spinx,0.91
1736,a,6667,9960,frozen,0.92
1736,a,6667,429,karrigan,0.72
1736,a,6667,8738,EliGE,0.7
1736,a,6667,18053,broky,0.61
1736,a,6667,8183,rain,0.27
991,a,12257,16726,phzy,1.27
991,a,12257,21163,susp,0.64
991,a,12257,8507,stanislaw,0.52
991,a,12257,21665,JBa,0.35
991,a,12257,8711,Sonic,0.31
991,b,7020,21167,donk,2.46
991,b,7020,16920,sh1ro,2.28
991,b,7020,7716,chopper,1.43
991,b,7020,20423,zont1x,1.21
991,b,7020,18317,magixx,0.71
312,a,11241,23643,esenthial,0.99
312,a,11241,21708,npl,0.97
312,a,11241,20112,alex666,0.93
312,a,11241,19592,headtr1ck,0.92
312,a,11241,22842,kensizor,0.58
312,b,7532,14929,JDC,2.34
312,b,7532,20170,kyuubii,1.12
312,b,7532,19899,Krimbo,1.06
312,b,7532,21468,hyped,1.0
312,b,7532,5794,tabseN,0.82
462,b,11283,19230,m0NESY,2.15
462,b,11283,3741,NiKo,1.46
462,b,11283,12018,TeSeS,1.05
462,b,11283,19677,kyxsan,0.98
462,b,11283,9032,Magisk,0.95
462,a,4494,13666,Brollan,1.14
462,a,4494,20312,xertioN,1.05
462,a,4494,18850,Jimpphat,0.86
462,a,4494,18072,torzsi,0.73
462,a,4494,18221,Spinx,0.42
2845,b,9565,16693,flameZ,1.4
2845,b,9565,18462,mezii,1.3
2845,b,9565,7322,apEX,1.21
2845,b,9565,11816,ropz,1.05
2845,b,9565,11893,ZywOo,0.89
2845,a,7020,21167,donk,1.25
2845,a,7020,16920,sh1ro,1.05
2845,a,7020,7716,chopper,1.0
2845,a,7020,20423,zont1x,0.9
2845,a,7020,18317,magixx,0.77
2099,a,8840,16551,Westmelon,1.44
2099,a,8840,22922,EmiliaQAQ,1.21
2099,a,8840,20254,Starry,1.19
2099,a,8840,18744,z4KR,1.07
2099,a,8840,23100,C4LLM3SU3,0.65
2099,b,4863,8552,Attacker,1.27
2099,b,4863,20895,Mercury,1.19
2099,b,4863,21621,Moseyuh,0.88
2099,b,4863,19645,JamYoung,0.84
2099,b,4863,20702,Jee,0.64
2869,b,7532,20170,kyuubii,1.22
2869,b,7532,19899,Krimbo,1.15
2869,b,7532,21468,hyped,0.92
2869,b,7532,14929,JDC,0.79
2869,b,7532,5794,tabseN,0.53
2869,a,7175,19164,SunPayus,1.45
2869,a,7175,19187,xfl0ud,1.41
2869,a,7175,19808,tN1R,1.36
2869,a,7175,19310,LNZ,1.1
2869,a,7175,22047,yxngstxr,0.95
575,a,11283,12018,TeSeS,1.17
575,a,11283,9032,Magisk,1.03
575,a,11283,19677,kyxsan,0.85
575,a,11283,19230,m0NESY,0.8
575,a,11283,3741,NiKo,0.69
575,b,9565,11816,ropz,1.87
575,b,9565,11893,ZywOo,1.79
575,b,9565,18462,mezii,1.03
575,b,9565,7322,apEX,0.91
575,b,9565,16693,flameZ,0.83
625,a,4863,19645,JamYoung,1.61
625,a,4863,20702,Jee,1.51
625,a,4863,8552,Attacker,1.51
625,a,4863,21621,Moseyuh,1.44
625,a,4863,20895,Mercury,1.21
625,b,11514,8605,somebody,1.3
625,b,11514,21825,L1haNg,0.92
625,b,11514,7028,Summer,0.56
625,b,11514,8950,kaze,0.55
625,b,11514,19681,ChildKing,0.52
1420,b,4863,20895,Mercury,1.28
1420,b,4863,20702,Jee,1.23
1420,b,4863,19645,JamYoung,0.96
1420,b,4863,21621,Moseyuh,0.89
1420,b,4863,8552,Attacker,0.8
1420,a,12774,11140,INS,1.35
1420,a,12774,20123,regali,1.28
1420,a,12774,17384,Vexite,1.06
1420,a,12774,18214,nettik,0.94
1420,a,12774,10588,Liazz,0.8
721,a,6665,7592,device,1.59
721,a,6665,10994,stavn,1.35
721,a,6665,10096,HooXi,1.16
721,a,6665,17956,jabbi,1.03
721,a,6665,20304,Staehr,1.0
721,b,11768,22182,ksloks,1.07
721,b,11768,14390,WOOD7,0.85
721,b,11768,20897,matios,0.81
721,b,11768,16314,pancc,0.62
721,b,11768,17181,naitte,0.51
896,a,11861,7938,XANTARES,1.08
896,a,11861,22361,jottAAA,1.04
896,a,11861,8574,woxic,0.77
896,a,11861,150,MAJ3R,0.7
896,a,11861,21243,Wicadia,0.67
896,b,7532,21468,hyped,1.7
896,b,7532,19899,Krimbo,1.33
896,b,7532,20170,kyuubii,1.19
896,b,7532,5794,tabseN,0.87
896,b,7532,14929,JDC,0.86
2595,a,5995,2553,Snax,1.34
2595,a,5995,11617,malbsMd,1.05
2595,a,5995,16848,hades,0.93
2595,a,5995,161,TaZ,0.76
2595,a,5995,20447,HeavyGod,0.67
2595,b,9215,20987,brnz4n,1.81
2595,b,9215,18835,saffee,1.2
2595,b,9215,11154,exit,1.04
2595,b,9215,21037,insani,0.87
2595,b,9215,18717,Lucaozy,0.7
2647,b,6248,20194,bLitz,1.82
2647,b,6248,20903,Senzu,1.38
2647,b,6248,20275,Techno,1.15
2647,b,6248,21809,910,0.84
2647,b,6248,21001,mzinho,0.74
2647,a,8297,2023,FalleN,1.18
2647,a,8297,24144,molodoy,1.1
2647,a,8297,13915,YEKINDAR,1.03
2647,a,8297,15631,KSCERATO,0.85
2647,a,8297,12553,yuurih,0.74
621,a,12774,20123,regali,1.57
621,a,12774,17384,Vexite,1.51
621,a,12774,18214,nettik,1.36
621,a,12774,10588,Liazz,1.24
621,a,12774,11140,INS,0.86
621,b,11514,19681,ChildKing,1.42
621,b,11514,21825,L1haNg,1.17
621,b,11514,8605,somebody,0.68
621,b,11514,7028,Summer,0.67
621,b,11514,8950,kaze,0.64
1608,a,5378,21439,ICY,1.05
1608,a,5378,12732,FL1T,0.88
1608,a,5378,20101,fame,0.87
1608,a,5378,20994,FL4MUS,0.77
1608,a,5378,8918,electroNic,0.73
1608,b,4411,14148,sjuush,1.42
1608,b,4411,922,Snappi,1.15
1608,b,4411,20465,arrozdoce,1.12
1608,b,4411,20464,ewjerkz,0.95
1608,b,4411,20425,r1nkle,0.91
1042,b,4608,9816,Aleksib,1.45
1042,b,4608,20127,w0nderful,1.32
1042,b,4608,19206,jL,1.25
1042,b,4608,14759,iM,1.11
1042,b,4608,18987,b1t,1.03
1042,a,12376,15370,slaxz-,1.14
1042,a,12376,16599,Swisher,1.14
1042,a,12376,22921,Lake,0.93
1042,a,12376,17378,reck,0.85
1042,a,12376,20104,s1n,0.45
2854,b,7020,18317,magixx,1.57
2854,b,7020,16920,sh1ro,1.4
2854,b,7020,21167,donk,1.13
2854,b,7020,20423,zont1x,0.94
2854,b,7020,7716,chopper,0.62
2854,a,9928,9278,REZ,1.33
2854,a,9928,20301,Tauson,1.21
2854,a,9928,16486,ztr,1.1
2854,a,9928,22279,PR,0.77
2854,a,9928,20870,sl3nd,0.52
659,b,4773,18141,biguzera,2.27
659,b,4773,18865,dav1deuS,1.37
659,b,4773,19694,nqz,1.37
659,b,4773,20171,snow,1.31
659,b,4773,5738,rikz,0.93
659,a,11581,21386,lampada,1.06
659,a,11581,18752,kade0,0.94
659,a,11581,21385,mizu,0.76
659,a,11581,24190,youka,0.58
659,a,11581,19823,dukefissura,0.39
2661,b,6248,20275,Techno,2.07
2661,b,6248,21809,910,1.36
2661,b,6248,20903,Senzu,1.31
2661,b,6248,21001,mzinho,1.04
2661,b,6248,20194,bLitz,0.8
2661,a,9215,21037,insani,1.14
2661,a,9215,11154,exit,0.93
2661,a,9215,18835,saffee,0.69
2661,a,9215,18717,Lucaozy,0.58
2661,a,9215,20987,brnz4n,0.48
1056,a,5378,8918,electroNic,1.3
1056,a,5378,20994,FL4MUS,1.3
1056,a,5378,12732,FL1T,1.28
1056,a,5378,21439,ICY,1.25
1056,a,5378,20101,fame,0.88
1056,b,12376,22921,Lake,1.36
1056,b,12376,16599,Swisher,1.32
1056,b,12376,20104,s1n,0.88
1056,b,12376,15370,slaxz-,0.82
1056,b,12376,17378,reck,0.43
1980,a,6665,10994,stavn,2.13
1980,a,6665,20304,Staehr,1.24
1980,a,6665,7592,device,1.21
1980,a,6665,10096,HooXi,0.85
1980,a,6665,17956,jabbi,0.55
1980,b,4773,18865,dav1deuS,1.91
1980,b,4773,19694,nqz,0.92
1980,b,4773,18141,biguzera,0.92
1980,b,4773,20171,snow,0.75
1980,b,4773,5738,rikz,0.51
2973,a,9928,20301,Tauson,1.65
2973,a,9928,22279,PR,1.05
2973,a,9928,9278,REZ,0.83
2973,a,9928,16486,ztr,0.63
2973,a,9928,20870,sl3nd,0.56
2973,b,8297,12553,yuurih,1.76
2973,b,8297,2023,FalleN,1.54
2973,b,8297,15631,KSCERATO,1.12
2973,b,8297,24144,molodoy,1.03
2973,b,8297,13915,YEKINDAR,0.79
1910,b,4608,19206,jL,1.43
1910,b,4608,20127,w0nderful,1.31
1910,b,4608,18987,b1t,1.12
1910,b,4608,9816,Aleksib,0.94
1910,b,4608,14759,iM,0.88
1910,a,7532,14929,JDC,1.14
1910,a,7532,20170,kyuubii,1.08
1910,a,7532,19899,Krimbo,1.06
1910,a,7532,21468,hyped,0.78
1910,a,7532,5794,tabseN,0.72
1421,a,4863,19645,JamYoung,1.51
1421,a,4863,20702,Jee,1.51
1421,a,4863,21621,Moseyuh,1.4
1421,a,4863,20895,Mercury,0.89
1421,a,4863,8552,Attacker,0.79
1421,b,12774,20123,regali,1.3
1421,b,12774,10588,Liazz,1.21
1421,b,12774,17384,Vexite,1.01
1421,b,12774,18214,nettik,0.94
1421,b,12774,11140,INS,0.51
1634,b,7020,21167,donk,2.64
1634,b,7020,16920,sh1ro,1.84
1634,b,7020,20423,zont1x,1.17
1634,b,7020,7716,chopper,0.9
1634,b,7020,18317,magixx,0.81
1634,a,4411,14148,sjuush,1.18
1634,a,4411,20425,r1nkle,0.97
1634,a,4411,20464,ewjerkz,0.53
1634,a,4411,20465,arrozdoce,0.51
1634,a,4411,922,Snappi,0.47
641,a,11861,7938,XANTARES,1.47
641,a,11861,22361,jottAAA,1.19
641,a,11861,8574,woxic,1.1
641,a,11861,21243,Wicadia,1.08
641,a,11861,150,MAJ3R,1.07
641,b,11581,24190,youka,1.36
641,b,11581,19823,dukefissura,1.12
641,b,11581,18752,kade0,1.06
641,b,11581,21385,mizu,1.0
641,b,11581,21386,lampada,0.55
720,a,5995,11617,malbsMd,1.57
720,a,5995,161,TaZ,0.91
720,a,5995,20447,HeavyGod,0.89
720,a,5995,16848,hades,0.8
720,a,5995,2553,Snax,0.39
720,b,11768,16314,pancc,2.0
720,b,11768,17181,naitte,1.34
720,b,11768,22182,ksloks,1.33
720,b,11768,20897,matios,0.73
720,b,11768,14390,WOOD7,0.62
2399,b,7532,19899,Krimbo,0.91
2399,b,7532,14929,JDC,0.9
2399,b,7532,21468,hyped,0.67
2399,b,7532,5794,tabseN,0.5
2399,b,7532,20170,kyuubii,0.49
2399,a,5378,20101,fame,1.62
2399,a,5378,20994,FL4MUS,1.47
2399,a,5378,8918,electroNic,1.34
2399,a,5378,12732,FL1T,1.31
2399,a,5378,21439,ICY,1.19
2952,a,8297,12553,yuurih,1.6
2952,a,8297,13915,YEKINDAR,1.35
2952,a,8297,15631,KSCERATO,1.15
2952,a,8297,24144,molodoy,0.97
2952,a,8297,2023,FalleN,0.87
2952,b,9215,11154,exit,1.1
2952,b,9215,18717,Lucaozy,0.96
2952,b,9215,18835,saffee,0.96
2952,b,9215,20987,brnz4n,0.62
2952,b,9215,21037,insani,0.42
719,b,4773,14736,dgt,1.22
719,b,4773,18141,biguzera,0.96
719,b,4773,18865,dav1deuS,0.85
719,b,4773,20171,snow,0.81
719,b,4773,19694,nqz,0.78
719,a,11768,22182,ksloks,1.55
719,a,11768,16314,pancc,1.42
719,a,11768,17181,naitte,1.17
719,a,11768,14390,WOOD7,0.86
719,a,11768,20897,matios,0.78
821,b,4411,922,Snappi,0.99
821,b,4411,20464,ewjerkz,0.96
821,b,4411,20425,r1nkle,0.94
821,b,4411,14148,sjuush,0.75
821,b,4411,20465,arrozdoce,0.73
821,a,11861,21243,Wicadia,1.54
821,a,11861,150,MAJ3R,1.49
821,a,11861,8574,woxic,1.44
821,a,11861,7938,XANTARES,1.42
821,a,11861,22361,jottAAA,0.78
669,b,9928,22279,PR,1.29
669,b,9928,9278,REZ,1.12
669,b,9928,16486,ztr,0.64
669,b,9928,20301,Tauson,0.6
669,b,9928,20870,sl3nd,0.49
669,a,11581,21386,lampada,1.84
669,a,11581,21385,mizu,1.75
669,a,11581,19823,dukefissura,1.38
669,a,11581,18752,kade0,1.07
669,a,11581,24190,youka,0.96
1067,a,12376,15370,slaxz-,1.15
1067,a,12376,17378,reck,1.06
1067,a,12376,20104,s1n,0.97
1067,a,12376,22921,Lake,0.9
1067,a,12376,16599,Swisher,0.76
1067,b,5995,11617,malbsMd,1.7
1067,b,5995,16848,hades,1.25
1067,b,5995,20447,HeavyGod,1.02
1067,b,5995,2553,Snax,0.97
1067,b,5995,161,TaZ,0.76
1860,b,6248,20275,Techno,1.2
1860,b,6248,20194,bLitz,1.16
1860,b,6248,20903,Senzu,1.11
1860,b,6248,21809,910,0.96
1860,b,6248,21001,mzinho,0.95
1860,a,4608,9816,Aleksib,1.41
1860,a,4608,18987,b1t,1.14
1860,a,4608,19206,jL,1.04
1860,a,4608,14759,iM,0.88
1860,a,4608,20127,w0nderful,0.72
2704,b,6665,17956,jabbi,1.01
2704,b,6665,10096,HooXi,0.96
2704,b,6665,10994,stavn,0.84
2704,b,6665,7592,device,0.74
2704,b,6665,20304,Staehr,0.37
2704,a,7020,16920,sh1ro,1.73
2704,a,7020,21167,donk,1.47
2704,a,7020,20423,zont1x,1.27
2704,a,7020,18317,magixx,1.11
2704,a,7020,7716,chopper,0.79
722,b,8297,15631,KSCERATO,1.68
722,b,8297,2023,FalleN,1.62
722,b,8297,13915,YEKINDAR,1.31
722,b,8297,24144,molodoy,1.22
722,b,8297,12553,yuurih,0.96
722,a,11768,16314,pancc,1.11
722,a,11768,14390,WOOD7,0.87
722,a,11768,22182,ksloks,0.87
722,a,11768,20897,matios,0.74
722,a,11768,17181,naitte,0.69
656,b,4411,14148,sjuush,1.74
656,b,4411,20425,r1nkle,1.63
656,b,4411,20465,arrozdoce,1.22
656,b,4411,20464,ewjerkz,1.19
656,b,4411,922,Snappi,0.64
656,a,11581,19823,dukefissura,1.36
656,a,11581,24190,youka,1.01
656,a,11581,21385,mizu,0.84
656,a,11581,18752,kade0,0.76
656,a,11581,21386,lampada,0.73
2370,a,6665,7592,device,1.4
2370,a,6665,10994,stavn,1.35
2370,a,6665,20304,Staehr,1.31
2370,a,6665,17956,jabbi,1.27
2370,a,6665,10096,HooXi,0.8
2370,b,5378,12732,FL1T,1.24
2370,b,5378,20101,fame,1.21
2370,b,5378,21439,ICY,0.89
2370,b,5378,20994,FL4MUS,0.82
2370,b,5378,8918,electroNic,0.74
2577,b,7532,19899,Krimbo,1.0
2577,b,7532,21468,hyped,0.88
2577,b,7532,5794,tabseN,0.68
2577,b,7532,14929,JDC,0.65
2577,b,7532,20170,kyuubii,0.62
2577,a,5995,11617,malbsMd,1.98
2577,a,5995,20447,HeavyGod,1.41
2577,a,5995,161,TaZ,1.36
2577,a,5995,16848,hades,1.15
2577,a,5995,2553,Snax,0.99
2034,a,9215,18717,Lucaozy,1.37
2034,a,9215,21037,insani,1.37
2034,a,9215,20987,brnz4n,1.17
2034,a,9215,11154,exit,1.16
2034,a,9215,18835,saffee,1.11
2034,b,4773,18141,biguzera,1.11
2034,b,4773,14736,dgt,1.08
2034,b,4773,18865,dav1deuS,1.07
2034,b,4773,20171,snow,0.84
2034,b,4773,19694,nqz,0.51
828,b,4608,14759,iM,1.42
828,b,4608,9816,Aleksib,1.39
828,b,4608,19206,jL,1.11
828,b,4608,18987,b1t,1.07
828,b,4608,20127,w0nderful,0.96
828,a,11861,7938,XANTARES,1.43
828,a,11861,22361,jottAAA,1.12
828,a,11861,8574,woxic,0.82
828,a,11861,150,MAJ3R,0.63
828,a,11861,21243,Wicadia,0.61
1616,b,4411,20465,arrozdoce,1.32
1616,b,4411,20425,r1nkle,1.28
1616,b,4411,14148,sjuush,1.19
1616,b,4411,922,Snappi,1.1
1616,b,4411,20464,ewjerkz,0.72
1616,a,5995,11617,malbsMd,1.11
1616,a,5995,16848,hades,1.07
1616,a,5995,20447,HeavyGod,0.92
1616,a,5995,161,TaZ,0.83
1616,a,5995,2553,Snax,0.82
718,a,11768,17181,naitte,1.33
718,a,11768,16314,pancc,0.86
718,a,11768,20897,matios,0.83
718,a,11768,22182,ksloks,0.78
718,a,11768,14390,WOOD7,0.69
718,b,11861,21243,Wicadia,1.37
718,b,11861,150,MAJ3R,1.31
718,b,11861,8574,woxic,1.17
718,b,11861,7938,XANTARES,1.1
718,b,11861,22361,jottAAA,0.94
2410,a,9215,18835,saffee,1.42
2410,a,9215,11154,exit,1.4
2410,a,9215,21037,insani,1.1
2410,a,9215,18717,Lucaozy,0.74
2410,a,9215,20987,brnz4n,0.72
2410,b,5378,12732,FL1T,1.49
2410,b,5378,21439,ICY,1.01
2410,b,5378,20994,FL4MUS,1.0
2410,b,5378,20101,fame,0.83
2410,b,5378,8918,electroNic,0.82
974,b,12257,16726,phzy,1.22
974,b,12257,21163,susp,1.12
974,b,12257,21665,JBa,1.01
974,b,12257,8711,Sonic,0.75
974,b,12257,8507,stanislaw,0.48
974,a,12468,19045,latto,1.92
974,a,12468,20563,lux,1.19
974,a,12468,15698,dumau,1.06
974,a,12468,22965,saadzin,0.95
974,a,12468,19686,n1ssim,0.9
862,b,6248,21001,mzinho,1.29
862,b,6248,20903,Senzu,1.15
862,b,6248,20194,bLitz,1.1
862,b,6248,21809,910,0.65
862,b,6248,20275,Techno,0.64
862,a,11861,8574,woxic,1.42
862,a,11861,150,MAJ3R,1.31
862,a,11861,21243,Wicadia,1.31
862,a,11861,22361,jottAAA,1.02
862,a,11861,7938,XANTARES,0.95
1873,a,4608,20127,w0nderful,1.17
1873,a,4608,19206,jL,0.98
1873,a,4608,14759,iM,0.88
1873,a,4608,9816,Aleksib,0.67
1873,a,4608,18987,b1t,0.39
1873,b,6665,20304,Staehr,1.72
1873,b,6665,10096,HooXi,1.54
1873,b,6665,10994,stavn,1.13
1873,b,6665,17956,jabbi,0.99
1873,b,6665,7592,device,0.81
2100,b,8840,23100,C4LLM3SU3,1.17
2100,b,8840,18744,z4KR,0.83
2100,b,8840,16551,Westmelon,0.64
2100,b,8840,22922,EmiliaQAQ,0.58
2100,b,8840,20254,Starry,0.48
2100,a,4863,20702,Jee,1.81
2100,a,4863,21621,Moseyuh,1.67
2100,a,4863,19645,JamYoung,1.62
2100,a,4863,8552,Attacker,1.15
2100,a,4863,20895,Mercury,1.01
2953,b,8297,24144,molodoy,2.16
2953,b,8297,15631,KSCERATO,1.73
2953,b,8297,2023,FalleN,1.49
2953,b,8297,13915,YEKINDAR,1.39
2953,b,8297,12553,yuurih,1.08
2953,a,9215,11154,exit,1.1
2953,a,9215,21037,insani,0.54
2953,a,9215,18717,Lucaozy,0.44
2953,a,9215,18835,saffee,0.33
2953,a,9215,20987,brnz4n,0.29
1635,b,7020,7716,chopper,1.42
1635,b,7020,21167,donk,1.41
1635,b,7020,20423,zont1x,1.22
1635,b,7020,16920,sh1ro,1.1
1635,b,7020,18317,magixx,0.78
1635,a,4411,20425,r1nkle,1.2
1635,a,4411,14148,sjuush,0.93
1635,a,4411,20465,arrozdoce,0.89
1635,a,4411,922,Snappi,0.86
1635,a,4411,20464,ewjerkz,0.77
869,b,11861,7938,XANTARES,1.12
869,b,11861,8574,woxic,0.84
869,b,11861,22361,jottAAA,0.61
869,b,11861,150,MAJ3R,0.46
869,b,11861,21243,Wicadia,0.38
869,a,6665,7592,device,2.13
869,a,6665,20304,Staehr,1.92
869,a,6665,10994,stavn,1.47
869,a,6665,10096,HooXi,1.01
869,a,6665,17956,jabbi,0.99
149,b,10567,22702,cej0t,1.69
149,b,10567,21014,Ag1l,1.08
149,b,10567,630,MUTiRiS,0.8
149,b,10567,20462,story,0.78
149,b,10567,22106,AZUWU,0.56
149,a,4869,23372,xKacpersky,1.95
149,a,4869,21972,Neityu,1.24
149,a,4869,21815,podi,1.11
149,a,4869,12731,sdy,1.09
149,a,4869,7412,gla1ve,0.71
2830,b,8297,15631,KSCERATO,1.41
2830,b,8297,12553,yuurih,1.12
2830,b,8297,13915,YEKINDAR,0.99
2830,b,8297,24144,molodoy,0.7
2830,b,8297,2023,FalleN,0.36
2830,a,7020,21167,donk,1.95
2830,a,7020,16920,sh1ro,1.37
2830,a,7020,18317,magixx,1.29
2830,a,7020,20423,zont1x,1.28
2830,a,7020,7716,chopper,0.5
626,b,11514,8950,kaze,1.02
626,b,11514,19681,ChildKing,0.89
626,b,11514,7028,Summer,0.57
626,b,11514,21825,L1haNg,0.52
626,b,11514,8605,somebody,0.44
626,a,4863,20702,Jee,1.73
626,a,4863,21621,Moseyuh,1.65
626,a,4863,20895,Mercury,1.56
626,a,4863,19645,JamYoung,1.12
626,a,4863,8552,Attacker,1.07
905,a,11861,21243,Wicadia,1.6
905,a,11861,22361,jottAAA,1.37
905,a,11861,7938,XANTARES,1.09
905,a,11861,150,MAJ3R,1.06
905,a,11861,8574,woxic,0.72
905,b,8297,13915,YEKINDAR,1.09
905,b,8297,24144,molodoy,1.08
905,b,8297,12553,yuurih,0.87
905,b,8297,15631,KSCERATO,0.84
905,b,8297,2023,FalleN,0.73
2705,b,6665,10994,stavn,1.35
2705,b,6665,17956,jabbi,1.0
2705,b,6665,7592,device,0.99
2705,b,6665,20304,Staehr,0.95
2705,b,6665,10096,HooXi,0.42
2705,a,7020,16920,sh1ro,1.39
2705,a,7020,20423,zont1x,1.35
2705,a,7020,21167,donk,1.3
2705,a,7020,18317,magixx,1.05
2705,a,7020,7716,chopper,0.89
2150,a,4869,12731,sdy,1.82
2150,a,4869,21815,podi,1.79
2150,a,4869,21972,Neityu,1.44
2150,a,4869,23372,xKacpersky,1.32
2150,a,4869,7412,gla1ve,0.98
2150,b,7969,23317,khaN,1.0
2150,b,7969,21266,1eeR,0.86
2150,b,7969,20387,Xant3r,0.7
2150,b,7969,23685,zweih,0.65
2150,b,7969,22460,riskyb0b,0.57
2479,b,5973,9436,NertZ,1.5
2479,b,5973,10394,Twistzz,1.48
2479,b,5973,8520,NAF,1.39
2479,b,5973,16820,siuhy,1.22
2479,b,5973,21763,ultimate,0.74
2479,a,6667,7998,s1mple,1.32
2479,a,6667,9960,frozen,1.07
2479,a,6667,8738,EliGE,0.9
2479,a,6667,429,karrigan,0.85
2479,a,6667,18676,skullz,0.49
2255,b,4914,19739,Ex3rcice,1.34
2255,b,4914,21969,Graviti,1.08
2255,b,4914,8374,bodyy,0.97
2255,b,4914,13138,Maka,0.78
2255,b,4914,13497,Lucky,0.76
2255,a,9928,20301,Tauson,1.48
2255,a,9928,10330,acoR,1.17
2255,a,9928,22279,PR,1.15
2255,a,9928,9278,REZ,1.06
2255,a,9928,16486,ztr,1.0
1367,b,9565,7322,apEX,1.48
1367,b,9565,11816,ropz,1.13
1367,b,9565,16693,flameZ,1.11
1367,b,9565,11893,ZywOo,1.11
1367,b,9565,18462,mezii,0.99
1367,a,12468,22965,saadzin,1.17
1367,a,12468,15698,dumau,1.03
1367,a,12468,19045,latto,0.88
1367,a,12468,20563,lux,0.87
1367,a,12468,19686,n1ssim,0.67
2592,b,5995,20447,HeavyGod,2.03
2592,b,5995,3972,huNter-,1.35
2592,b,5995,16848,hades,0.85
2592,b,5995,2553,Snax,0.82
2592,b,5995,11617,malbsMd,0.64
2592,a,8840,18744,z4KR,1.46
2592,a,8840,20254,Starry,1.07
2592,a,8840,16551,Westmelon,0.87
2592,a,8840,22922,EmiliaQAQ,0.85
2592,a,8840,23100,C4LLM3SU3,0.85
2644,b,6248,20275,Techno,1.38
2644,b,6248,20194,bLitz,1.37
2644,b,6248,21809,910,1.27
2644,b,6248,20903,Senzu,1.22
2644,b,6248,21001,mzinho,0.9
2644,a,8297,2023,FalleN,0.96
2644,a,8297,24144,molodoy,0.87
2644,a,8297,13915,YEKINDAR,0.84
2644,a,8297,15631,KSCERATO,0.81
2644,a,8297,12553,yuurih,0.64
887,b,11861,7938,XANTARES,1.51
887,b,11861,22361,jottAAA,0.93
887,b,11861,21243,Wicadia,0.82
887,b,11861,150,MAJ3R,0.58
887,b,11861,8574,woxic,0.56
887,a,7175,22047,yxngstxr,1.69
887,a,7175,19187,xfl0ud,1.63
887,a,7175,19808,tN1R,1.46
887,a,7175,19164,SunPayus,1.01
887,a,7175,19310,LNZ,0.89
1322,b,4914,13138,Maka,1.82
1322,b,4914,19739,Ex3rcice,1.46
1322,b,4914,21969,Graviti,1.27
1322,b,4914,13497,Lucky,1.1
1322,b,4914,8374,bodyy,0.44
1322,a,12468,22965,saadzin,1.34
1322,a,12468,15698,dumau,1.2
1322,a,12468,19045,latto,1.06
1322,a,12468,20563,lux,0.84
1322,a,12468,19686,n1ssim,0.37
1698,a,5973,10394,Twistzz,0.76
1698,a,5973,8520,NAF,0.7
1698,a,5973,16820,siuhy,0.58
1698,a,5973,9436,NertZ,0.41
1698,a,5973,21763,ultimate,0.4
1698,b,4494,18221,Spinx,1.99
1698,b,4494,18850,Jimpphat,1.81
1698,b,4494,20312,xertioN,1.54
1698,b,4494,18072,torzsi,1.34
1698,b,4494,13666,Brollan,1.29
3016,a,9928,9278,REZ,1.08
3016,a,9928,20301,Tauson,1.06
3016,a,9928,22279,PR,0.92
3016,a,9928,16486,ztr,0.73
3016,a,9928,10330,acoR,0.63
3016,b,9565,11816,ropz,1.48
3016,b,9565,11893,ZywOo,1.23
3016,b,9565,7322,apEX,1.09
3016,b,9565,16693,flameZ,1.08
3016,b,9565,18462,mezii,1.04
557,b,11283,19230,m0NESY,2.4
557,b,11283,12018,TeSeS,1.53
557,b,11283,9032,Magisk,1.28
557,b,11283,3741,NiKo,1.01
557,b,11283,19677,kyxsan,0.9
557,a,7175,22047,yxngstxr,1.01
557,a,7175,19164,SunPayus,0.96
557,a,7175,19187,xfl0ud,0.84
557,a,7175,19310,LNZ,0.82
557,a,7175,19808,tN1R,0.62
2946,b,8840,18744,z4KR,1.02
2946,b,8840,23100,C4LLM3SU3,0.89
2946,b,8840,20254,Starry,0.86
2946,b,8840,22922,EmiliaQAQ,0.8
2946,b,8840,16551,Westmelon,0.54
2946,a,8297,24144,molodoy,1.63
2946,a,8297,2023,FalleN,1.55
2946,a,8297,12553,yuurih,1.34
2946,a,8297,15631,KSCERATO,1.22
2946,a,8297,13915,YEKINDAR,0.63
2532,a,5995,20447,HeavyGod,1.41
2532,a,5995,11617,malbsMd,1.37
2532,a,5995,3972,huNter-,0.95
2532,a,5995,2553,Snax,0.74
2532,a,5995,16848,hades,0.54
2532,b,6248,21809,910,1.8
2532,b,6248,20275,Techno,1.31
2532,b,6248,20903,Senzu,1.29
2532,b,6248,20194,bLitz,0.96
2532,b,6248,21001,mzinho,0.79
2770,a,6667,8738,EliGE,1.43
2770,a,6667,429,karrigan,1.25
2770,a,6667,9960,frozen,1.24
2770,a,6667,7998,s1mple,0.84
2770,a,6667,18676,skullz,0.65
2770,b,7175,19808,tN1R,1.48
2770,b,7175,19187,xfl0ud,1.37
2770,b,7175,22047,yxngstxr,1.3
2770,b,7175,19164,SunPayus,0.96
2770,b,7175,19310,LNZ,0.57
848,b,5973,9436,NertZ,1.3
848,b,5973,10394,Twistzz,1.16
848,b,5973,16820,siuhy,1.06
848,b,5973,21763,ultimate,0.88
848,b,5973,8520,NAF,0.84
848,a,11861,22361,jottAAA,1.5
848,a,11861,8574,woxic,1.31
848,a,11861,7938,XANTARES,1.2
848,a,11861,21243,Wicadia,0.97
848,a,11861,150,MAJ3R,0.44
2972,b,9928,22279,PR,1.5
2972,b,9928,20301,Tauson,1.36
2972,b,9928,10330,acoR,1.28
2972,b,9928,9278,REZ,1.16
2972,b,9928,16486,ztr,0.57
2972,a,8297,13915,YEKINDAR,1.17
2972,a,8297,24144,molodoy,0.99
2972,a,8297,15631,KSCERATO,0.93
2972,a,8297,12553,yuurih,0.61
2972,a,8297,2023,FalleN,0.57
2187,a,4914,13497,Lucky,1.39
2187,a,4914,19739,Ex3rcice,1.18
2187,a,4914,13138,Maka,1.1
2187,a,4914,8374,bodyy,0.86
2187,a,4914,21969,Graviti,0.55
2187,b,5995,11617,malbsMd,1.42
2187,b,5995,20447,HeavyGod,1.33
2187,b,5995,2553,Snax,1.23
2187,b,5995,16848,hades,1.15
2187,b,5995,3972,huNter-,0.76
888,b,11861,22361,jottAAA,1.63
888,b,11861,21243,Wicadia,1.52
888,b,11861,7938,XANTARES,1.27
888,b,11861,150,MAJ3R,0.66
888,b,11861,8574,woxic,0.58
888,a,7175,19808,tN1R,1.45
888,a,7175,19310,LNZ,1.16
888,a,7175,19164,SunPayus,0.93
888,a,7175,19187,xfl0ud,0.91
888,a,7175,22047,yxngstxr,0.68
464,b,4494,18221,Spinx,1.53
464,b,4494,18072,torzsi,1.41
464,b,4494,13666,Brollan,1.08
464,b,4494,18850,Jimpphat,1.04
464,b,4494,20312,xertioN,0.92
464,a,11283,19230,m0NESY,1.13
464,a,11283,19677,kyxsan,1.03
464,a,11283,3741,NiKo,0.99
464,a,11283,12018,TeSeS,0.66
464,a,11283,9032,Magisk,0.51
2671,a,9565,16693,flameZ,1.4
2671,a,9565,11893,ZywOo,1.09
2671,a,9565,18462,mezii,1.0
2671,a,9565,11816,ropz,0.95
2671,a,9565,7322,apEX,0.95
2671,b,6248,20194,bLitz,1.31
2671,b,6248,21001,mzinho,1.26
2671,b,6248,21809,910,1.05
2671,b,6248,20903,Senzu,0.91
2671,b,6248,20275,Techno,0.76
2609,b,9928,22279,PR,1.69
2609,b,9928,9278,REZ,1.04
2609,b,9928,16486,ztr,1.04
2609,b,9928,10330,acoR,0.95
2609,b,9928,20301,Tauson,0.87
2609,a,5995,16848,hades,1.27
2609,a,5995,2553,Snax,0.97
2609,a,5995,20447,HeavyGod,0.93
2609,a,5995,3972,huNter-,0.91
2609,a,5995,11617,malbsMd,0.86
860,a,6248,20903,Senzu,1.77
860,a,6248,21001,mzinho,1.43
860,a,6248,20194,bLitz,1.39
860,a,6248,20275,Techno,1.03
860,a,6248,21809,910,1.01
860,b,11861,7938,XANTARES,1.28
860,b,11861,21243,Wicadia,1.04
860,b,11861,22361,jottAAA,0.92
860,b,11861,8574,woxic,0.73
860,b,11861,150,MAJ3R,0.5
588,a,11283,3741,NiKo,1.48
588,a,11283,12018,TeSeS,1.32
588,a,11283,9032,Magisk,1.23
588,a,11283,19230,m0NESY,1.11
588,a,11283,19677,kyxsan,0.83
588,b,9928,9278,REZ,1.11
588,b,9928,20301,Tauson,1.02
588,b,9928,22279,PR,0.89
588,b,9928,10330,acoR,0.73
588,b,9928,16486,ztr,0.64
1715,b,4494,18072,torzsi,1.45
1715,b,4494,18850,Jimpphat,1.19
1715,b,4494,20312,xertioN,1.06
1715,b,4494,18221,Spinx,1.0
1715,b,4494,13666,Brollan,0.83
1715,a,6248,21809,910,1.12
1715,a,6248,20194,bLitz,1.1
1715,a,6248,20903,Senzu,1.04
1715,a,6248,20275,Techno,0.9
1715,a,6248,21001,mzinho,0.88
579,a,9565,18462,mezii,1.31
579,a,9565,11893,ZywOo,1.22
579,a,9565,16693,flameZ,1.1
579,a,9565,11816,ropz,1.03
579,a,9565,7322,apEX,0.99
579,b,11283,12018,TeSeS,1.33
579,b,11283,9032,Magisk,1.16
579,b,11283,3741,NiKo,1.09
579,b,11283,19230,m0NESY,1.07
579,b,11283,19677,kyxsan,0.71
1792,a,4494,20312,xertioN,1.28
1792,a,4494,18221,Spinx,1.14
1792,a,4494,18072,torzsi,0.8
1792,a,4494,13666,Brollan,0.72
1792,a,4494,18850,Jimpphat,0.55
1792,b,9565,7322,apEX,1.4
1792,b,9565,11893,ZywOo,1.3
1792,b,9565,18462,mezii,1.25
1792,b,9565,16693,flameZ,0.95
1792,b,9565,11816,ropz,0.76
86,b,5005,21620,nicx,1.08
86,b,5005,14494,junior,0.96
86,b,5005,13578,Grim,0.52
86,b,5005,17353,Cxzi,0.45
86,b,5005,11630,JT,0.42
86,a,10503,13602,nicoodoz,3.12
86,a,10503,20941,Buzz,1.42
86,a,10503,19044,F1KU,1.2
86,a,10503,21983,Chr1zN,1.06
86,a,10503,19064,spooke,0.77
328,a,11241,19592,headtr1ck,1.38
328,a,11241,21708,npl,1.26
328,a,11241,22842,kensizor,1.17
328,a,11241,20112,alex666,0.92
328,a,11241,23643,esenthial,0.68
328,b,9455,22564,noway,1.54
328,b,9455,20183,decenty,1.12
328,b,9455,20026,chayJESUS,1.1
328,b,9455,19869,try,0.98
328,b,9455,12822,VINI,0.78
1174,b,12394,18506,S1ren,2.11
1174,b,12394,21667,Magnojez,1.56
1174,b,12394,16555,Ax1Le,1.07
1174,b,12394,11840,Boombl4,0.9
1174,b,12394,15662,zorte,0.71
1174,a,7969,23685,zweih,1.03
1174,a,7969,22460,riskyb0b,0.77
1174,a,7969,23317,khaN,0.73
1174,a,7969,20387,Xant3r,0.68
1174,a,7969,21266,1eeR,0.65
1356,b,8840,22922,EmiliaQAQ,1.65
1356,b,8840,16551,Westmelon,1.42
1356,b,8840,20254,Starry,1.25
1356,b,8840,18744,z4KR,1.08
1356,b,8840,23100,C4LLM3SU3,0.89
1356,a,12468,19686,n1ssim,1.2
1356,a,12468,19045,latto,1.0
1356,a,12468,15698,dumau,0.96
1356,a,12468,22965,saadzin,0.87
1356,a,12468,20563,lux,0.38
48,a,11241,23643,esenthial,1.35
48,a,11241,22842,kensizor,1.28
48,a,11241,20112,alex666,1.1
48,a,11241,19592,headtr1ck,1.07
48,a,11241,21708,npl,0.64
48,b,10503,13602,nicoodoz,1.28
48,b,10503,19064,spooke,1.13
48,b,10503,19044,F1KU,1.02
48,b,10503,20941,Buzz,0.73
48,b,10503,21983,Chr1zN,0.66
998,a,8840,18744,z4KR,1.29
998,a,8840,23100,C4LLM3SU3,1.1
998,a,8840,22922,EmiliaQAQ,1.07
998,a,8840,16551,Westmelon,0.92
998,a,8840,20254,Starry,0.85
998,b,12257,21665,JBa,1.55
998,b,12257,8711,Sonic,1.18
998,b,12257,16726,phzy,1.03
998,b,12257,21163,susp,0.91
998,b,12257,8507,stanislaw,0.83
1107,a,12394,18506,S1ren,1.05
1107,a,12394,21667,Magnojez,0.96
1107,a,12394,15662,zorte,0.89
1107,a,12394,11840,Boombl4,0.81
1107,a,12394,16555,Ax1Le,0.5
1107,b,12774,18214,nettik,1.73
1107,b,12774,20123,regali,1.3
1107,b,12774,10588,Liazz,1.14
1107,b,12774,11140,INS,1.05
1107,b,12774,17384,Vexite,0.8
2939,a,9455,20183,decenty,1.22
2939,a,9455,12822,VINI,0.92
2939,a,9455,22564,noway,0.91
2939,a,9455,19869,try,0.81
2939,a,9455,20026,chayJESUS,0.68
2939,b,7969,23685,zweih,1.62
2939,b,7969,23317,khaN,1.16
2939,b,7969,20387,Xant3r,1.12
2939,b,7969,21266,1eeR,1.11
2939,b,7969,22460,riskyb0b,1.03
1101,b,12394,18506,S1ren,1.76
1101,b,12394,11840,Boombl4,1.51
1101,b,12394,21667,Magnojez,1.32
1101,b,12394,15662,zorte,1.22
1101,b,12394,16555,Ax1Le,1.17
1101,a,12468,19686,n1ssim,0.9
1101,a,12468,22965,saadzin,0.86
1101,a,12468,15698,dumau,0.81
1101,a,12468,19045,latto,0.41
1101,a,12468,20563,lux,0.26
80,b,10503,13602,nicoodoz,1.83
80,b,10503,19064,spooke,1.67
80,b,10503,21983,Chr1zN,1.59
80,b,10503,19044,F1KU,1.54
80,b,10503,20941,Buzz,0.81
80,a,4863,19645,JamYoung,1.44
80,a,4863,21621,Moseyuh,0.89
80,a,4863,20702,Jee,0.89
80,a,4863,8552,Attacker,0.64
80,a,4863,20895,Mercury,0.17
2936,a,8840,20254,Starry,1.23
2936,a,8840,16551,Westmelon,1.07
2936,a,8840,22922,EmiliaQAQ,1.06
2936,a,8840,18744,z4KR,0.79
2936,a,8840,23100,C4LLM3SU3,0.57
2936,b,7969,23685,zweih,1.54
2936,b,7969,23317,khaN,1.14
2936,b,7969,22460,riskyb0b,1.02
2936,b,7969,20387,Xant3r,0.96
2936,b,7969,21266,1eeR,0.95
1445,a,7175,19164,SunPayus,1.81
1445,a,7175,19808,tN1R,1.26
1445,a,7175,19310,LNZ,1.13
1445,a,7175,19187,xfl0ud,1.12
1445,a,7175,22047,yxngstxr,1.0
1445,b,12774,10588,Liazz,1.61
1445,b,12774,18214,nettik,1.31
1445,b,12774,11140,INS,1.2
1445,b,12774,20123,regali,0.6
1445,b,12774,17384,Vexite,0.4
231,a,11241,20112,alex666,2.49
231,a,11241,23643,esenthial,1.79
231,a,11241,21708,npl,1.46
231,a,11241,19592,headtr1ck,1.03
231,a,11241,22842,kensizor,0.86
231,b,12257,21163,susp,0.94
231,b,12257,16726,phzy,0.71
231,b,12257,21665,JBa,0.71
231,b,12257,8507,stanislaw,0.71
231,b,12257,8711,Sonic,0.56
2073,a,5005,14494,junior,1.15
2073,a,5005,11630,JT,0.89
2073,a,5005,17353,Cxzi,0.88
2073,a,5005,21620,nicx,0.85
2073,a,5005,13578,Grim,0.76
2073,b,4863,20895,Mercury,1.48
2073,b,4863,20702,Jee,1.36
2073,b,4863,8552,Attacker,1.26
2073,b,4863,21621,Moseyuh,1.12
2073,b,4863,19645,JamYoung,0.86
971,a,12394,11840,Boombl4,1.2
971,a,12394,21667,Magnojez,1.15
971,a,12394,18506,S1ren,1.01
971,a,12394,15662,zorte,1.01
971,a,12394,16555,Ax1Le,0.77
971,b,12257,16726,phzy,1.23
971,b,12257,21163,susp,1.2
971,b,12257,21665,JBa,1.14
971,b,12257,8711,Sonic,0.91
971,b,12257,8507,stanislaw,0.84
1452,b,12774,20123,regali,1.46
1452,b,12774,18214,nettik,1.24
1452,b,12774,11140,INS,0.91
1452,b,12774,10588,Liazz,0.79
1452,b,12774,17384,Vexite,0.76
1452,a,7969,23685,zweih,1.31
1452,a,7969,22460,riskyb0b,1.17
1452,a,7969,20387,Xant3r,0.96
1452,a,7969,21266,1eeR,0.95
1452,a,7969,23317,khaN,0.9
973,b,12257,21163,susp,1.07
973,b,12257,21665,JBa,0.87
973,b,12257,16726,phzy,0.75
973,b,12257,8507,stanislaw,0.69
973,b,12257,8711,Sonic,0.66
973,a,12468,19686,n1ssim,1.77
973,a,12468,15698,dumau,1.33
973,a,12468,22965,saadzin,1.33
973,a,12468,19045,latto,1.28
973,a,12468,20563,lux,1.03
1422,b,12774,20123,regali,0.99
1422,b,12774,10588,Liazz,0.89
1422,b,12774,11140,INS,0.72
1422,b,12774,17384,Vexite,0.67
1422,b,12774,18214,nettik,0.6
1422,a,4863,19645,JamYoung,2.07
1422,a,4863,20702,Jee,1.89
1422,a,4863,21621,Moseyuh,1.62
1422,a,4863,20895,Mercury,1.19
1422,a,4863,8552,Attacker,0.6
224,a,11283,3741,NiKo,1.32
224,a,11283,12018,TeSeS,1.07
224,a,11283,19677,kyxsan,1.05
224,a,11283,19230,m0NESY,0.53
224,a,11283,9032,Magisk,0.42
224,b,11241,20112,alex666,1.56
224,b,11241,19592,headtr1ck,1.47
224,b,11241,21708,npl,1.02
224,b,11241,22842,kensizor,0.87
224,b,11241,23643,esenthial,0.83
2772,a,6667,9960,frozen,2.28
2772,a,6667,7998,s1mple,1.89
2772,a,6667,8738,EliGE,1.55
2772,a,6667,8183,rain,1.32
2772,a,6667,429,karrigan,1.25
2772,b,7175,19808,tN1R,1.37
2772,b,7175,19187,xfl0ud,0.88
2772,b,7175,19164,SunPayus,0.57
2772,b,7175,19310,LNZ,0.33
2772,b,7175,22047,yxngstxr,0.18
87,a,5378,21439,ICY,2.2
87,a,5378,8918,electroNic,1.87
87,a,5378,20101,fame,1.73
87,a,5378,12732,FL1T,1.25
87,a,5378,20994,FL4MUS,0.74
87,b,10503,19044,F1KU,1.21
87,b,10503,19064,spooke,1.1
87,b,10503,21983,Chr1zN,0.75
87,b,10503,20941,Buzz,0.34
87,b,10503,13602,nicoodoz,0.31
1129,b,4914,13138,Maka,1.59
1129,b,4914,8374,bodyy,1.46
1129,b,4914,21969,Graviti,1.13
1129,b,4914,19739,Ex3rcice,1.11
1129,b,4914,13497,Lucky,1.1
1129,a,12394,16555,Ax1Le,1.15
1129,a,12394,21667,Magnojez,0.98
1129,a,12394,18506,S1ren,0.94
1129,a,12394,15662,zorte,0.67
1129,a,12394,11840,Boombl4,0.5
2948,a,8297,13915,YEKINDAR,1.78
2948,a,8297,24144,molodoy,1.67
2948,a,8297,15631,KSCERATO,1.26
2948,a,8297,12553,yuurih,1.07
2948,a,8297,2023,FalleN,1.06
2948,b,8840,22922,EmiliaQAQ,0.9
2948,b,8840,16551,Westmelon,0.73
2948,b,8840,23100,C4LLM3SU3,0.71
2948,b,8840,20254,Starry,0.69
2948,b,8840,18744,z4KR,0.65
2010,a,4773,19694,nqz,1.68
2010,a,4773,18141,biguzera,1.3
2010,a,4773,14736,dgt,1.26
2010,a,4773,20171,snow,1.07
2010,a,4773,18865,dav1deuS,0.88
2010,b,7969,20387,Xant3r,1.06
2010,b,7969,22460,riskyb0b,0.95
2010,b,7969,23317,khaN,0.86
2010,b,7969,23685,zweih,0.78
2010,b,7969,21266,1eeR,0.69
1361,a,9215,20987,brnz4n,1.25
1361,a,9215,11154,exit,0.96
1361,a,9215,21037,insani,0.92
1361,a,9215,18835,saffee,0.86
1361,a,9215,18717,Lucaozy,0.84
1361,b,12468,22965,saadzin,1.67
1361,b,12468,19045,latto,1.43
1361,b,12468,19686,n1ssim,1.07
1361,b,12468,20563,lux,0.82
1361,b,12468,15698,dumau,0.78
1046,a,12376,16599,Swisher,1.3
1046,a,12376,15370,slaxz-,1.13
1046,a,12376,17378,reck,1.07
1046,a,12376,20104,s1n,1.0
1046,a,12376,22921,Lake,0.44
1046,b,4863,19645,JamYoung,1.33
1046,b,4863,8552,Attacker,1.19
1046,b,4863,20702,Jee,1.15
1046,b,4863,21621,Moseyuh,1.13
1046,b,4863,20895,Mercury,0.93
2019,a,4773,20171,snow,1.52
2019,a,4773,19694,nqz,1.5
2019,a,4773,14736,dgt,0.95
2019,a,4773,18141,biguzera,0.71
2019,a,4773,18865,dav1deuS,0.56
2019,b,8297,13915,YEKINDAR,1.3
2019,b,8297,15631,KSCERATO,1.23
2019,b,8297,12553,yuurih,1.05
2019,b,8297,24144,molodoy,0.83
2019,b,8297,2023,FalleN,0.67
285,a,5378,20101,fame,2.67
285,a,5378,8918,electroNic,1.58
285,a,5378,21439,ICY,1.24
285,a,5378,12732,FL1T,0.84
285,a,5378,20994,FL4MUS,0.74
285,b,11241,22842,kensizor,1.03
285,b,11241,20112,alex666,0.81
285,b,11241,19592,headtr1ck,0.74
285,b,11241,21708,npl,0.67
285,b,11241,23643,esenthial,0.3
1323,a,4914,13138,Maka,1.06
1323,a,4914,8374,bodyy,0.8
1323,a,4914,13497,Lucky,0.76
1323,a,4914,19739,Ex3rcice,0.67
1323,a,4914,21969,Graviti,0.67
1323,b,12468,19045,latto,1.57
1323,b,12468,15698,dumau,1.29
1323,b,12468,22965,saadzin,1.2
1323,b,12468,20563,lux,1.04
1323,b,12468,19686,n1ssim,0.87
2089,b,6667,8183,rain,1.73
2089,b,6667,9960,frozen,1.44
2089,b,6667,7998,s1mple,1.29
2089,b,6667,8738,EliGE,1.2
2089,b,6667,429,karrigan,1.09
2089,a,4863,20702,Jee,1.0
2089,a,4863,21621,Moseyuh,0.72
2089,a,4863,8552,Attacker,0.63
2089,a,4863,19645,JamYoung,0.58
2089,a,4863,20895,Mercury,0.56
1160,a,7175,19164,SunPayus,1.53
1160,a,7175,19310,LNZ,1.22
1160,a,7175,19808,tN1R,1.1
1160,a,7175,19187,xfl0ud,1.05
1160,a,7175,22047,yxngstxr,0.75
1160,b,12394,21667,Magnojez,1.13
1160,b,12394,15662,zorte,1.06
1160,b,12394,18506,S1ren,1.05
1160,b,12394,16555,Ax1Le,1.0
1160,b,12394,11840,Boombl4,0.57
571,a,11283,3741,NiKo,1.04
571,a,11283,12018,TeSeS,0.97
571,a,11283,9032,Magisk,0.96
571,a,11283,19677,kyxsan,0.86
571,a,11283,19230,m0NESY,0.65
571,b,8840,16551,Westmelon,1.88
571,b,8840,22922,EmiliaQAQ,1.18
571,b,8840,18744,z4KR,0.98
571,b,8840,20254,Starry,0.98
571,b,8840,23100,C4LLM3SU3,0.92
61,a,12376,15370,slaxz-,1.66
61,a,12376,22921,Lake,1.41
61,a,12376,17378,reck,1.32
61,a,12376,16599,Swisher,1.11
61,a,12376,20104,s1n,0.87
61,b,10503,13602,nicoodoz,1.21
61,b,10503,20941,Buzz,0.85
61,b,10503,19064,spooke,0.82
61,b,10503,19044,F1KU,0.76
61,b,10503,21983,Chr1zN,0.72
2938,a,9215,21037,insani,1.79
2938,a,9215,20987,brnz4n,1.46
2938,a,9215,11154,exit,0.84
2938,a,9215,18717,Lucaozy,0.65
2938,a,9215,18835,saffee,0.48
2938,b,7969,21266,1eeR,1.48
2938,b,7969,23685,zweih,1.21
2938,b,7969,20387,Xant3r,1.17
2938,b,7969,23317,khaN,0.89
2938,b,7969,22460,riskyb0b,0.71
2101,b,4863,19645,JamYoung,1.08
2101,b,4863,8552,Attacker,0.84
2101,b,4863,20895,Mercury,0.77
2101,b,4863,21621,Moseyuh,0.71
2101,b,4863,20702,Jee,0.57
2101,a,8840,22922,EmiliaQAQ,1.52
2101,a,8840,20254,Starry,1.5
2101,a,8840,16551,Westmelon,1.49
2101,a,8840,18744,z4KR,1.33
2101,a,8840,23100,C4LLM3SU3,1.14
2232,b,4914,21969,Graviti,1.49
2232,b,4914,8374,bodyy,1.22
2232,b,4914,13138,Maka,1.16
2232,b,4914,19739,Ex3rcice,0.91
2232,b,4914,13497,Lucky,0.85
2232,a,7969,23685,zweih,1.82
2232,a,7969,23317,khaN,0.99
2232,a,7969,22460,riskyb0b,0.88
2232,a,7969,21266,1eeR,0.63
2232,a,7969,20387,Xant3r,0.55
1087,b,8297,12553,yuurih,1.61
1087,b,8297,15631,KSCERATO,1.36
1087,b,8297,2023,FalleN,1.19
1087,b,8297,13915,YEKINDAR,1.0
1087,b,8297,24144,molodoy,0.83
1087,a,12376,16599,Swisher,1.04
1087,a,12376,15370,slaxz-,1.0
1087,a,12376,22921,Lake,0.84
1087,a,12376,20104,s1n,0.77
1087,a,12376,17378,reck,0.57
310,a,11241,21708,npl,1.33
310,a,11241,23643,esenthial,1.25
310,a,11241,22842,kensizor,1.19
310,a,11241,20112,alex666,1.08
310,a,11241,19592,headtr1ck,1.07
310,b,7175,19808,tN1R,1.15
310,b,7175,19187,xfl0ud,1.05
310,b,7175,22047,yxngstxr,1.0
310,b,7175,19164,SunPayus,0.79
310,b,7175,19310,LNZ,0.68
1345,b,6667,9960,frozen,1.23
1345,b,6667,8183,rain,0.87
1345,b,6667,7998,s1mple,0.86
1345,b,6667,8738,EliGE,0.74
1345,b,6667,429,karrigan,0.69
1345,a,12468,19045,latto,1.48
1345,a,12468,19686,n1ssim,1.16
1345,a,12468,20563,lux,1.15
1345,a,12468,15698,dumau,1.04
1345,a,12468,22965,saadzin,0.93
1960,b,4773,19694,nqz,1.22
1960,b,4773,14736,dgt,1.11
1960,b,4773,18141,biguzera,0.94
1960,b,4773,18865,dav1deuS,0.9
1960,b,4773,20171,snow,0.83
1960,a,5378,20101,fame,1.5
1960,a,5378,12732,FL1T,1.12
1960,a,5378,8918,electroNic,1.04
1960,a,5378,20994,FL4MUS,1.01
1960,a,5378,21439,ICY,0.83
50,a,10503,19044,F1KU,1.02
50,a,10503,13602,nicoodoz,0.83
50,a,10503,19064,spooke,0.78
50,a,10503,21983,Chr1zN,0.6
50,a,10503,20941,Buzz,0.47
50,b,11283,19230,m0NESY,1.64
50,b,11283,9032,Magisk,1.59
50,b,11283,12018,TeSeS,1.36
50,b,11283,3741,NiKo,1.08
50,b,11283,19677,kyxsan,1.04
1182,a,9215,11154,exit,1.23
1182,a,9215,18835,saffee,1.18
1182,a,9215,20987,brnz4n,0.95
1182,a,9215,18717,Lucaozy,0.9
1182,a,9215,21037,insani,0.79
1182,b,12394,21667,Magnojez,1.38
1182,b,12394,15662,zorte,1.09
1182,b,12394,18506,S1ren,0.78
1182,b,12394,11840,Boombl4,0.74
1182,b,12394,16555,Ax1Le,0.71
1082,b,7969,23317,khaN,2.4
1082,b,7969,20387,Xant3r,1.7
1082,b,7969,23685,zweih,1.26
1082,b,7969,22460,riskyb0b,1.21
1082,b,7969,21266,1eeR,1.15
1082,a,12376,16599,Swisher,0.84
1082,a,12376,15370,slaxz-,0.62
1082,a,12376,20104,s1n,0.59
1082,a,12376,17378,reck,0.57
1082,a,12376,22921,Lake,0.39
2092,a,4863,21621,Moseyuh,1.05
2092,a,4863,19645,JamYoung,1.0
2092,a,4863,20702,Jee,0.96
2092,a,4863,8552,Attacker,0.96
2092,a,4863,20895,Mercury,0.88
2092,b,7175,19164,SunPayus,1.48
2092,b,7175,19808,tN1R,1.3
2092,b,7175,22047,yxngstxr,1.08
2092,b,7175,19310,LNZ,0.95
2092,b,7175,19187,xfl0ud,0.93
2021,b,4773,18865,dav1deuS,2.64
2021,b,4773,14736,dgt,1.6
2021,b,4773,18141,biguzera,1.18
2021,b,4773,20171,snow,1.15
2021,b,4773,19694,nqz,0.84
2021,a,8840,22922,EmiliaQAQ,0.85
2021,a,8840,20254,Starry,0.72
2021,a,8840,16551,Westmelon,0.64
2021,a,8840,18744,z4KR,0.58
2021,a,8840,23100,C4LLM3SU3,0.43
572,a,11283,19677,kyxsan,1.14
572,a,11283,19230,m0NESY,1.13
572,a,11283,12018,TeSeS,1.0
572,a,11283,9032,Magisk,0.94
572,a,11283,3741,NiKo,0.87
572,b,9215,21037,insani,1.36
572,b,9215,20987,brnz4n,1.14
572,b,9215,18835,saffee,1.05
572,b,9215,18717,Lucaozy,0.9
572,b,9215,11154,exit,0.86
321,b,8297,13915,YEKINDAR,1.67
321,b,8297,15631,KSCERATO,1.55
321,b,8297,12553,yuurih,1.26
321,b,8297,24144,molodoy,1.21
321,b,8297,2023,FalleN,0.74
321,a,11241,19592,headtr1ck,1.26
321,a,11241,23643,esenthial,0.79
321,a,11241,22842,kensizor,0.71
321,a,11241,20112,alex666,0.67
321,a,11241,21708,npl,0.61
2215,a,6667,9960,frozen,1.16
2215,a,6667,8738,EliGE,1.15
2215,a,6667,8183,rain,0.92
2215,a,6667,7998,s1mple,0.81
2215,a,6667,429,karrigan,0.62
2215,b,4914,21969,Graviti,1.59
2215,b,4914,19739,Ex3rcice,1.42
2215,b,4914,8374,bodyy,1.33
2215,b,4914,13138,Maka,0.8
2215,b,4914,13497,Lucky,0.77
2874,b,7969,23685,zweih,1.93
2874,b,7969,20387,Xant3r,1.38
2874,b,7969,22460,riskyb0b,0.98
2874,b,7969,21266,1eeR,0.95
2874,b,7969,23317,khaN,0.75
2874,a,7175,19187,xfl0ud,1.34
2874,a,7175,19164,SunPayus,1.05
2874,a,7175,19808,tN1R,0.91
2874,a,7175,22047,yxngstxr,0.71
2874,a,7175,19310,LNZ,0.5
322,b,11241,23643,esenthial,1.22
322,b,11241,21708,npl,0.99
322,b,11241,20112,alex666,0.98
322,b,11241,22842,kensizor,0.67
322,b,11241,19592,headtr1ck,0.4
322,a,8840,18744,z4KR,1.68
322,a,8840,20254,Starry,1.51
322,a,8840,22922,EmiliaQAQ,1.49
322,a,8840,23100,C4LLM3SU3,1.0
322,a,8840,16551,Westmelon,0.83
2781,b,6667,9960,frozen,1.39
2781,b,6667,8738,EliGE,1.3
2781,b,6667,7998,s1mple,1.17
2781,b,6667,8183,rain,1.09
2781,b,6667,429,karrigan,0.78
2781,a,9215,18717,Lucaozy,1.3
2781,a,9215,18835,saffee,1.2
2781,a,9215,21037,insani,0.98
2781,a,9215,20987,brnz4n,0.73
2781,a,9215,11154,exit,0.62
1365,a,9565,16693,flameZ,0.91
1365,a,9565,11893,ZywOo,0.89
1365,a,9565,7322,apEX,0.77
1365,a,9565,18462,mezii,0.69
1365,a,9565,11816,ropz,0.69
1365,b,12468,19045,latto,1.55
1365,b,12468,20563,lux,1.47
1365,b,12468,15698,dumau,1.39
1365,b,12468,22965,saadzin,1.29
1365,b,12468,19686,n1ssim,1.09
1689,a,4494,20312,xertioN,1.14
1689,a,4494,18221,Spinx,1.02
1689,a,4494,18850,Jimpphat,0.96
1689,a,4494,13666,Brollan,0.89
1689,a,4494,18072,torzsi,0.84
1689,b,5378,20994,FL4MUS,1.32
1689,b,5378,21439,ICY,1.23
1689,b,5378,20101,fame,1.17
1689,b,5378,12732,FL1T,0.91
1689,b,5378,8918,electroNic,0.77
1995,b,7020,21167,donk,1.97
1995,b,7020,16920,sh1ro,1.85
1995,b,7020,18317,magixx,1.38
1995,b,7020,20423,zont1x,0.99
1995,b,7020,7716,chopper,0.84
1995,a,4773,19694,nqz,1.36
1995,a,4773,14736,dgt,0.84
1995,a,4773,20171,snow,0.55
1995,a,4773,18865,dav1deuS,0.42
1995,a,4773,18141,biguzera,0.4
2186,a,5995,16848,hades,1.81
2186,a,5995,20447,HeavyGod,0.77
2186,a,5995,11617,malbsMd,0.71
2186,a,5995,2553,Snax,0.66
2186,a,5995,3972,huNter-,0.42
2186,b,4914,13138,Maka,1.86
2186,b,4914,21969,Graviti,1.46
2186,b,4914,8374,bodyy,1.36
2186,b,4914,13497,Lucky,1.28
2186,b,4914,19739,Ex3rcice,1.0
875,b,11861,7938,XANTARES,2.19
875,b,11861,21243,Wicadia,1.57
875,b,11861,22361,jottAAA,1.11
875,b,11861,150,MAJ3R,1.0
875,b,11861,8574,woxic,0.83
875,a,6667,7998,s1mple,1.01
875,a,6667,8738,EliGE,0.94
875,a,6667,9960,frozen,0.91
875,a,6667,429,karrigan,0.64
875,a,6667,8183,rain,0.59
2643,a,6248,20275,Techno,1.25
2643,a,6248,20194,bLitz,0.95
2643,a,6248,20903,Senzu,0.93
2643,a,6248,21809,910,0.92
2643,a,6248,21001,mzinho,0.87
2643,b,8297,24144,molodoy,1.43
2643,b,8297,13915,YEKINDAR,1.15
2643,b,8297,12553,yuurih,1.14
2643,b,8297,2023,FalleN,0.82
2643,b,8297,15631,KSCERATO,0.78
1911,a,4608,19206,jL,2.08
1911,a,4608,20127,w0nderful,1.48
1911,a,4608,18987,b1t,1.38
1911,a,4608,14759,iM,0.97
1911,a,4608,9816,Aleksib,0.74
1911,b,7969,20387,Xant3r,1.42
1911,b,7969,23317,khaN,0.97
1911,b,7969,23685,zweih,0.89
1911,b,7969,22460,riskyb0b,0.64
1911,b,7969,21266,1eeR,0.43
2508,b,5973,10394,Twistzz,1.07
2508,b,5973,16820,siuhy,1.05
2508,b,5973,8520,NAF,0.91
2508,b,5973,9436,NertZ,0.71
2508,b,5973,21763,ultimate,0.67
2508,a,8840,16551,Westmelon,1.68
2508,a,8840,23100,C4LLM3SU3,1.44
2508,a,8840,22922,EmiliaQAQ,1.26
2508,a,8840,18744,z4KR,1.06
2508,a,8840,20254,Starry,0.94
902,a,11861,8574,woxic,1.25
902,a,11861,150,MAJ3R,1.18
902,a,11861,21243,Wicadia,0.73
902,a,11861,7938,XANTARES,0.65
902,a,11861,22361,jottAAA,0.52
902,b,8297,24144,molodoy,1.8
902,b,8297,13915,YEKINDAR,1.45
902,b,8297,12553,yuurih,1.34
902,b,8297,15631,KSCERATO,1.2
902,b,8297,2023,FalleN,0.78
1325,b,5378,20994,FL4MUS,1.43
1325,b,5378,20101,fame,1.42
1325,b,5378,21439,ICY,1.4
1325,b,5378,8918,electroNic,0.83
1325,b,5378,12732,FL1T,0.54
1325,a,12468,19045,latto,1.41
1325,a,12468,15698,dumau,1.22
1325,a,12468,20563,lux,0.87
1325,a,12468,22965,saadzin,0.71
1325,a,12468,19686,n1ssim,0.67
1819,b,4914,13497,Lucky,1.1
1819,b,4914,13138,Maka,0.99
1819,b,4914,19739,Ex3rcice,0.88
1819,b,4914,8374,bodyy,0.86
1819,b,4914,21969,Graviti,0.83
1819,a,4608,14759,iM,1.24
1819,a,4608,18987,b1t,1.13
1819,a,4608,19206,jL,1.08
1819,a,4608,20127,w0nderful,1.06
1819,a,4608,9816,Aleksib,0.94
2833,b,7020,21167,donk,1.44
2833,b,7020,18317,magixx,1.36
2833,b,7020,16920,sh1ro,1.29
2833,b,7020,7716,chopper,0.95
2833,b,7020,20423,zont1x,0.83
2833,a,8840,20254,Starry,1.05
2833,a,8840,22922,EmiliaQAQ,0.84
2833,a,8840,18744,z4KR,0.75
2833,a,8840,23100,C4LLM3SU3,0.75
2833,a,8840,16551,Westmelon,0.72
1735,a,4494,18221,Spinx,1.22
1735,a,4494,20312,xertioN,1.14
1735,a,4494,18850,Jimpphat,0.91
1735,a,4494,18072,torzsi,0.8
1735,a,4494,13666,Brollan,0.63
1735,b,6667,8183,rain,1.46
1735,b,6667,7998,s1mple,1.33
1735,b,6667,8738,EliGE,1.12
1735,b,6667,9960,frozen,1.04
1735,b,6667,429,karrigan,0.91
2940,a,9565,7322,apEX,1.49
2940,a,9565,11893,ZywOo,1.46
2940,a,9565,11816,ropz,1.29
2940,a,9565,16693,flameZ,1.25
2940,a,9565,18462,mezii,0.83
2940,b,7969,23317,khaN,1.31
2940,b,7969,23685,zweih,0.81
2940,b,7969,20387,Xant3r,0.79
2940,b,7969,22460,riskyb0b,0.65
2940,b,7969,21266,1eeR,0.59
2460,a,6248,20194,bLitz,1.88
2460,a,6248,20903,Senzu,1.35
2460,a,6248,21809,910,1.21
2460,a,6248,21001,mzinho,1.11
2460,a,6248,20275,Techno,0.83
2460,b,5973,9436,NertZ,1.16
2460,b,5973,10394,Twistzz,1.0
2460,b,5973,16820,siuhy,0.77
2460,b,5973,8520,NAF,0.53
2460,b,5973,21763,ultimate,0.48
1965,b,5995,2553,Snax,1.74
1965,b,5995,20447,HeavyGod,1.49
1965,b,5995,3972,huNter-,1.33
1965,b,5995,16848,hades,1.31
1965,b,5995,11617,malbsMd,0.98
1965,a,4773,14736,dgt,0.94
1965,a,4773,18865,dav1deuS,0.91
1965,a,4773,20171,snow,0.9
1965,a,4773,18141,biguzera,0.88
1965,a,4773,19694,nqz,0.86
2246,b,4914,8374,bodyy,0.86
2246,b,4914,13138,Maka,0.73
2246,b,4914,21969,Graviti,0.63
2246,b,4914,19739,Ex3rcice,0.55
2246,b,4914,13497,Lucky,0.41
2246,a,9565,11893,ZywOo,1.98
2246,a,9565,11816,ropz,1.87
2246,a,9565,18462,mezii,1.32
2246,a,9565,16693,flameZ,1.32
2246,a,9565,7322,apEX,0.98
1343,b,12468,15698,dumau,0.99
1343,b,12468,19686,n1ssim,0.9
1343,b,12468,19045,latto,0.84
1343,b,12468,22965,saadzin,0.73
1343,b,12468,20563,lux,0.72
1343,a,6667,7998,s1mple,1.77
1343,a,6667,8738,EliGE,1.26
1343,a,6667,429,karrigan,1.18
1343,a,6667,8183,rain,1.04
1343,a,6667,9960,frozen,1.01
852,a,11861,22361,jottAAA,1.84
852,a,11861,7938,XANTARES,0.68
852,a,11861,8574,woxic,0.6
852,a,11861,150,MAJ3R,0.56
852,a,11861,21243,Wicadia,0.5
852,b,5995,3972,huNter-,2.09
852,b,5995,11617,malbsMd,1.35
852,b,5995,20447,HeavyGod,1.26
852,b,5995,2553,Snax,1.13
852,b,5995,16848,hades,1.01
2657,b,6248,20903,Senzu,1.56
2657,b,6248,21809,910,1.41
2657,b,6248,20275,Techno,1.11
2657,b,6248,20194,bLitz,1.04
2657,b,6248,21001,mzinho,1.02
2657,a,8840,18744,z4KR,1.48
2657,a,8840,23100,C4LLM3SU3,0.83
2657,a,8840,16551,Westmelon,0.77
2657,a,8840,20254,Starry,0.75
2657,a,8840,22922,EmiliaQAQ,0.68
1894,a,7020,21167,donk,1.95
1894,a,7020,16920,sh1ro,1.56
1894,a,7020,7716,chopper,1.41
1894,a,7020,18317,magixx,1.2
1894,a,7020,20423,zont1x,1.16
1894,b,4608,20127,w0nderful,1.15
1894,b,4608,18987,b1t,0.81
1894,b,4608,14759,iM,0.63
1894,b,4608,9816,Aleksib,0.5
1894,b,4608,19206,jL,0.3
2403,b,8297,2023,FalleN,1.78
2403,b,8297,13915,YEKINDAR,1.39
2403,b,8297,15631,KSCERATO,1.24
2403,b,8297,12553,yuurih,1.02
2403,b,8297,24144,molodoy,0.96
2403,a,5378,12732,FL1T,0.89
2403,a,5378,21439,ICY,0.89
2403,a,5378,20101,fame,0.8
2403,a,5378,8918,electroNic,0.75
2403,a,5378,20994,FL4MUS,0.64
2008,b,4773,20171,snow,1.63
2008,b,4773,14736,dgt,1.44
2008,b,4773,18865,dav1deuS,1.26
2008,b,4773,19694,nqz,1.21
2008,b,4773,18141,biguzera,0.6
2008,a,7969,22460,riskyb0b,1.28
2008,a,7969,20387,Xant3r,1.28
2008,a,7969,23317,khaN,0.76
2008,a,7969,23685,zweih,0.72
2008,a,7969,21266,1eeR,0.52
1696,a,4494,18221,Spinx,1.27
1696,a,4494,18072,torzsi,1.2
1696,a,4494,20312,xertioN,1.06
1696,a,4494,13666,Brollan,0.96
1696,a,4494,18850,Jimpphat,0.8
1696,b,5973,21763,ultimate,1.5
1696,b,5973,10394,Twistzz,1.09
1696,b,5973,16820,siuhy,0.95
1696,b,5973,8520,NAF,0.88
1696,b,5973,9436,NertZ,0.79
1946,a,4914,19739,Ex3rcice,1.01
1946,a,4914,8374,bodyy,1.01
1946,a,4914,13138,Maka,0.91
1946,a,4914,21969,Graviti,0.68
1946,a,4914,13497,Lucky,0.62
1946,b,4773,18141,biguzera,1.52
1946,b,4773,18865,dav1deuS,1.35
1946,b,4773,20171,snow,1.31
1946,b,4773,19694,nqz,1.21
1946,b,4773,14736,dgt,0.97
1355,a,12468,15698,dumau,1.89
1355,a,12468,19045,latto,1.57
1355,a,12468,19686,n1ssim,1.47
1355,a,12468,22965,saadzin,1.27
1355,a,12468,20563,lux,0.95
1355,b,8840,22922,EmiliaQAQ,1.02
1355,b,8840,20254,Starry,0.67
1355,b,8840,18744,z4KR,0.5
1355,b,8840,16551,Westmelon,0.5
1355,b,8840,23100,C4LLM3SU3,0.29
822,a,11861,150,MAJ3R,1.18
822,a,11861,7938,XANTARES,0.85
822,a,11861,8574,woxic,0.78
822,a,11861,21243,Wicadia,0.76
822,a,11861,22361,jottAAA,0.54
822,b,4494,18072,torzsi,1.55
822,b,4494,18221,Spinx,1.49
822,b,4494,20312,xertioN,1.37
822,b,4494,18850,Jimpphat,1.34
822,b,4494,13666,Brollan,1.09
2620,b,6248,20903,Senzu,1.34
2620,b,6248,21809,910,0.76
2620,b,6248,20194,bLitz,0.73
2620,b,6248,20275,Techno,0.43
2620,b,6248,21001,mzinho,0.27
2620,a,6667,8183,rain,2.16
2620,a,6667,9960,frozen,1.78
2620,a,6667,7998,s1mple,1.66
2620,a,6667,8738,EliGE,1.32
2620,a,6667,429,karrigan,0.75
1850,b,4608,20127,w0nderful,1.3
1850,b,4608,18987,b1t,1.13
1850,b,4608,14759,iM,1.07
1850,b,4608,9816,Aleksib,1.05
1850,b,4608,19206,jL,0.79
1850,a,5995,3972,huNter-,1.16
1850,a,5995,2553,Snax,1.12
1850,a,5995,11617,malbsMd,1.11
1850,a,5995,16848,hades,0.81
1850,a,5995,20447,HeavyGod,0.69
2416,b,5378,20101,fame,1.09
2416,b,5378,12732,FL1T,0.87
2416,b,5378,20994,FL4MUS,0.81
2416,b,5378,21439,ICY,0.79
2416,b,5378,8918,electroNic,0.54
2416,a,9565,11893,ZywOo,1.81
2416,a,9565,11816,ropz,1.34
2416,a,9565,18462,mezii,1.29
2416,a,9565,7322,apEX,1.16
2416,a,9565,16693,flameZ,0.78
1309,a,12468,15698,dumau,1.29
1309,a,12468,19045,latto,1.15
1309,a,12468,19686,n1ssim,1.04
1309,a,12468,22965,saadzin,0.91
1309,a,12468,20563,lux,0.8
1309,b,4494,20312,xertioN,1.37
1309,b,4494,18072,torzsi,1.18
1309,b,4494,18221,Spinx,1.1
1309,b,4494,13666,Brollan,1.06
1309,b,4494,18850,Jimpphat,1.03
2530,a,6248,20903,Senzu,1.64
2530,a,6248,20194,bLitz,1.28
2530,a,6248,21809,910,1.16
2530,a,6248,21001,mzinho,0.85
2530,a,6248,20275,Techno,0.82
2530,b,5995,20447,HeavyGod,1.24
2530,b,5995,11617,malbsMd,1.11
2530,b,5995,3972,huNter-,1.06
2530,b,5995,16848,hades,0.89
2530,b,5995,2553,Snax,0.84
1955,a,5378,12732,FL1T,1.57
1955,a,5378,8918,electroNic,1.37
1955,a,5378,20101,fame,0.93
1955,a,5378,21439,ICY,0.81
1955,a,5378,20994,FL4MUS,0.76
1955,b,4773,18865,dav1deuS,1.55
1955,b,4773,14736,dgt,1.38
1955,b,4773,19694,nqz,1.24
1955,b,4773,18141,biguzera,0.98
1955,b,4773,20171,snow,0.73
1749,a,7020,20423,zont1x,1.43
1749,a,7020,21167,donk,1.42
1749,a,7020,18317,magixx,0.85
1749,a,7020,16920,sh1ro,0.78
1749,a,7020,7716,chopper,0.57
1749,b,4494,18221,Spinx,1.79
1749,b,4494,18072,torzsi,1.15
1749,b,4494,18850,Jimpphat,1.08
1749,b,4494,20312,xertioN,1.01
1749,b,4494,13666,Brollan,0.6
2013,a,8297,12553,yuurih,1.19
2013,a,8297,2023,FalleN,1.01
2013,a,8297,13915,YEKINDAR,0.96
2013,a,8297,24144,molodoy,0.96
2013,a,8297,15631,KSCERATO,0.76
2013,b,4773,19694,nqz,1.63
2013,b,4773,18865,dav1deuS,1.1
2013,b,4773,14736,dgt,1.03
2013,b,4773,18141,biguzera,1.01
2013,b,4773,20171,snow,0.86
1928,a,4608,20127,w0nderful,1.39
1928,a,4608,18987,b1t,1.19
1928,a,4608,9816,Aleksib,1.0
1928,a,4608,19206,jL,0.82
1928,a,4608,14759,iM,0.67
1928,b,9565,18462,mezii,1.54
1928,b,9565,11893,ZywOo,1.49
1928,b,9565,11816,ropz,1.01
1928,b,9565,16693,flameZ,0.9
1928,b,9565,7322,apEX,0.78
2621,a,6667,8738,EliGE,1.34
2621,a,6667,9960,frozen,1.33
2621,a,6667,8183,rain,0.95
2621,a,6667,429,karrigan,0.8
2621,a,6667,7998,s1mple,0.68
2621,b,6248,20275,Techno,1.42
2621,b,6248,20903,Senzu,1.4
2621,b,6248,21809,910,1.15
2621,b,6248,21001,mzinho,0.87
2621,b,6248,20194,bLitz,0.8
1787,b,4494,18221,Spinx,1.11
1787,b,4494,20312,xertioN,1.06
1787,b,4494,13666,Brollan,0.85
1787,b,4494,18850,Jimpphat,0.8
1787,b,4494,18072,torzsi,0.44
1787,a,9565,11893,ZywOo,1.77
1787,a,9565,7322,apEX,1.36
1787,a,9565,11816,ropz,1.34
1787,a,9565,16693,flameZ,1.24
1787,a,9565,18462,mezii,0.93
1972,a,4773,19694,nqz,1.18
1972,a,4773,20171,snow,0.86
1972,a,4773,14736,dgt,0.85
1972,a,4773,18865,dav1deuS,0.7
1972,a,4773,18141,biguzera,0.42
1972,b,6248,21809,910,1.78
1972,b,6248,20903,Senzu,1.54
1972,b,6248,20275,Techno,1.16
1972,b,6248,21001,mzinho,1.14
1972,b,6248,20194,bLitz,0.86
1647,b,7532,20170,kyuubii,1.12
1647,b,7532,5794,tabseN,0.71
1647,b,7532,21468,hyped,0.6
1647,b,7532,19899,Krimbo,0.56
1647,b,7532,14929,JDC,0.53
1647,a,4411,20425,r1nkle,1.78
1647,a,4411,14148,sjuush,1.7
1647,a,4411,20465,arrozdoce,1.55
1647,a,4411,20464,ewjerkz,1.32
1647,a,4411,922,Snappi,1.0
2667,a,9565,16693,flameZ,1.84
2667,a,9565,7322,apEX,1.78
2667,a,9565,18462,mezii,1.46
2667,a,9565,11893,ZywOo,0.97
2667,a,9565,11816,ropz,0.88
2667,b,6248,21001,mzinho,1.37
2667,b,6248,20903,Senzu,0.92
2667,b,6248,20275,Techno,0.83
2667,b,6248,20194,bLitz,0.74
2667,b,6248,21809,910,0.38
1002,a,9928,22279,PR,2.03
1002,a,9928,9278,REZ,1.72
1002,a,9928,20301,Tauson,1.19
1002,a,9928,16486,ztr,1.05
1002,a,9928,20482,Kursy,0.97
1002,b,12257,20018,fr3nd,1.14
1002,b,12257,21665,JBa,0.87
1002,b,12257,8711,Sonic,0.85
1002,b,12257,22135,Peeping,0.48
1002,b,12257,21163,susp,0.43
2238,a,4914,8374,bodyy,1.06
2238,a,4914,13138,Maka,0.78
2238,a,4914,13497,Lucky,0.76
2238,a,4914,19739,Ex3rcice,0.71
2238,a,4914,21969,Graviti,0.5
2238,b,8840,20254,Starry,1.87
2238,b,8840,23100,C4LLM3SU3,1.29
2238,b,8840,18744,z4KR,1.27
2238,b,8840,22922,EmiliaQAQ,1.19
2238,b,8840,16551,Westmelon,0.95
194,a,10567,630,MUTiRiS,1.82
194,a,10567,23140,krazy,1.15
194,a,10567,20462,story,1.03
194,a,10567,21014,Ag1l,1.02
194,a,10567,22807,aragornN,0.8
194,b,8297,13915,YEKINDAR,1.05
194,b,8297,2023,FalleN,0.9
194,b,8297,24144,molodoy,0.88
194,b,8297,12553,yuurih,0.87
194,b,8297,15631,KSCERATO,0.87
96,b,7969,20387,Xant3r,1.33
96,b,7969,22460,riskyb0b,1.24
96,b,7969,22325,sowalio,1.2
96,b,7969,23317,khaN,1.12
96,b,7969,21266,1eeR,0.84
96,a,10503,19064,spooke,1.32
96,a,10503,19044,F1KU,1.28
96,a,10503,20878,adamb,1.02
96,a,10503,21983,Chr1zN,0.62
96,a,10503,13602,nicoodoz,0.48
1136,b,5005,13578,Grim,1.65
1136,b,5005,12840,hallzerk,1.08
1136,b,5005,21620,nicx,0.95
1136,b,5005,17353,Cxzi,0.84
1136,b,5005,11630,JT,0.84
1136,a,12394,21348,ArtFr0st,1.64
1136,a,12394,21667,Magnojez,1.34
1136,a,12394,18506,S1ren,1.01
1136,a,12394,16555,Ax1Le,0.94
1136,a,12394,11840,Boombl4,0.63
2074,a,5378,12732,FL1T,1.31
2074,a,5378,21439,ICY,1.29
2074,a,5378,16947,Perfecto,1.07
2074,a,5378,20101,fame,1.02
2074,a,5378,8918,electroNic,0.91
2074,b,4863,19645,JamYoung,1.31
2074,b,4863,20895,Mercury,1.19
2074,b,4863,21621,Moseyuh,0.93
2074,b,4863,8601,zhokiNg,0.92
2074,b,4863,8552,Attacker,0.85
2866,a,7175,19808,tN1R,1.14
2866,a,7175,22047,yxngstxr,1.11
2866,a,7175,20119,nilo,0.79
2866,a,7175,22884,gr1ks,0.62
2866,a,7175,19310,LNZ,0.61
2866,b,7532,5794,tabseN,1.95
2866,b,7532,19899,Krimbo,1.57
2866,b,7532,14929,JDC,1.18
2866,b,7532,21468,hyped,1.07
2866,b,7532,20170,kyuubii,1.0
2732,b,6665,17956,jabbi,2.02
2732,b,6665,10994,stavn,1.51
2732,b,6665,20304,Staehr,1.11
2732,b,6665,10096,HooXi,1.1
2732,b,6665,7592,device,1.1
2732,a,9215,11154,exit,0.99
2732,a,9215,21037,insani,0.99
2732,a,9215,18835,saffee,0.7
2732,a,9215,22366,nicks,0.6
2732,a,9215,20987,brnz4n,0.56
996,b,12257,21665,JBa,1.15
996,b,12257,20018,fr3nd,0.62
996,b,12257,21163,susp,0.6
996,b,12257,8711,Sonic,0.59
996,b,12257,22135,Peeping,0.45
996,a,8297,24144,molodoy,1.93
996,a,8297,15631,KSCERATO,1.68
996,a,8297,13915,YEKINDAR,1.48
996,a,8297,2023,FalleN,1.16
996,a,8297,12553,yuurih,1.15
202,b,9928,22279,PR,1.72
202,b,9928,9278,REZ,1.45
202,b,9928,20301,Tauson,1.36
202,b,9928,20482,Kursy,1.16
202,b,9928,16486,ztr,0.83
202,a,10567,23140,krazy,1.05
202,a,10567,21014,Ag1l,0.98
202,a,10567,20462,story,0.77
202,a,10567,22807,aragornN,0.63
202,a,10567,630,MUTiRiS,0.42
2020,b,8840,18744,z4KR,1.76
2020,b,8840,16551,Westmelon,1.72
2020,b,8840,23100,C4LLM3SU3,1.17
2020,b,8840,20254,Starry,1.05
2020,b,8840,22922,EmiliaQAQ,0.93
2020,a,4773,19694,nqz,1.01
2020,a,4773,18141,biguzera,0.93
2020,a,4773,18865,dav1deuS,0.86
2020,a,4773,20171,snow,0.71
2020,a,4773,14736,dgt,0.54
2411,b,5378,12732,FL1T,1.4
2411,b,5378,8918,electroNic,0.98
2411,b,5378,20101,fame,0.86
2411,b,5378,16947,Perfecto,0.71
2411,b,5378,21439,ICY,0.7
2411,a,9215,20987,brnz4n,1.85
2411,a,9215,18835,saffee,1.7
2411,a,9215,21037,insani,1.08
2411,a,9215,22366,nicks,0.76
2411,a,9215,11154,exit,0.7
1158,a,12394,18506,S1ren,1.78
1158,a,12394,21348,ArtFr0st,1.14
1158,a,12394,16555,Ax1Le,1.08
1158,a,12394,21667,Magnojez,0.92
1158,a,12394,11840,Boombl4,0.84
1158,b,7175,20119,nilo,1.26
1158,b,7175,19808,tN1R,0.97
1158,b,7175,22884,gr1ks,0.95
1158,b,7175,19310,LNZ,0.93
1158,b,7175,22047,yxngstxr,0.77
2084,b,4863,20895,Mercury,1.69
2084,b,4863,19645,JamYoung,1.68
2084,b,4863,21621,Moseyuh,1.38
2084,b,4863,8552,Attacker,0.85
2084,b,4863,8601,zhokiNg,0.81
2084,a,6665,10994,stavn,1.29
2084,a,6665,17956,jabbi,1.06
2084,a,6665,20304,Staehr,1.0
2084,a,6665,7592,device,0.88
2084,a,6665,10096,HooXi,0.41
1462,b,7969,22325,sowalio,1.1
1462,b,7969,21266,1eeR,0.97
1462,b,7969,20387,Xant3r,0.9
1462,b,7969,22460,riskyb0b,0.88
1462,b,7969,23317,khaN,0.43
1462,a,12833,22643,nifee,1.75
1462,a,12833,24283,cairne,1.39
1462,a,12833,24282,Dawy,1.18
1462,a,12833,23642,Flierax,1.06
1462,a,12833,24168,onic,0.87
2332,b,5005,12840,hallzerk,1.57
2332,b,5005,13578,Grim,1.29
2332,b,5005,21620,nicx,1.07
2332,b,5005,11630,JT,0.85
2332,b,5005,17353,Cxzi,0.76
2332,a,7532,5794,tabseN,1.39
2332,a,7532,14929,JDC,1.06
2332,a,7532,19899,Krimbo,1.01
2332,a,7532,20170,kyuubii,0.79
2332,a,7532,21468,hyped,0.51
1948,a,4914,21969,Graviti,1.18
1948,a,4914,13138,Maka,1.11
1948,a,4914,13497,Lucky,1.1
1948,a,4914,8374,bodyy,1.08
1948,a,4914,19739,Ex3rcice,0.83
1948,b,4773,18865,dav1deuS,1.18
1948,b,4773,20171,snow,1.14
1948,b,4773,18141,biguzera,1.12
1948,b,4773,14736,dgt,0.75
1948,b,4773,19694,nqz,0.72
195,a,8297,2023,FalleN,0.99
195,a,8297,24144,molodoy,0.94
195,a,8297,13915,YEKINDAR,0.91
195,a,8297,12553,yuurih,0.85
195,a,8297,15631,KSCERATO,0.82
195,b,10567,21014,Ag1l,1.58
195,b,10567,630,MUTiRiS,1.04
195,b,10567,20462,story,1.01
195,b,10567,23140,krazy,0.98
195,b,10567,22807,aragornN,0.98
2733,a,9215,22366,nicks,1.29
2733,a,9215,21037,insani,1.15
2733,a,9215,11154,exit,1.11
2733,a,9215,18835,saffee,0.92
2733,a,9215,20987,brnz4n,0.72
2733,b,6665,20304,Staehr,1.56
2733,b,6665,17956,jabbi,1.3
2733,b,6665,10096,HooXi,1.07
2733,b,6665,7592,device,0.9
2733,b,6665,10994,stavn,0.57
1167,b,12394,21667,Magnojez,1.63
1167,b,12394,21348,ArtFr0st,1.51
1167,b,12394,16555,Ax1Le,1.09
1167,b,12394,11840,Boombl4,0.97
1167,b,12394,18506,S1ren,0.89
1167,a,7532,19899,Krimbo,0.93
1167,a,7532,5794,tabseN,0.74
1167,a,7532,21468,hyped,0.68
1167,a,7532,20170,kyuubii,0.62
1167,a,7532,14929,JDC,0.53
2067,b,4863,20895,Mercury,1.61
2067,b,4863,8552,Attacker,1.53
2067,b,4863,8601,zhokiNg,1.4
2067,b,4863,21621,Moseyuh,1.37
2067,b,4863,19645,JamYoung,0.52
2067,a,4914,21969,Graviti,0.97
2067,a,4914,13138,Maka,0.91
2067,a,4914,8374,bodyy,0.86
2067,a,4914,13497,Lucky,0.82
2067,a,4914,19739,Ex3rcice,0.77
162,a,5005,11630,JT,1.21
162,a,5005,12840,hallzerk,1.14
162,a,5005,21620,nicx,1.13
162,a,5005,17353,Cxzi,0.85
162,a,5005,13578,Grim,0.77
162,b,10567,21014,Ag1l,1.75
162,b,10567,20462,story,1.31
162,b,10567,630,MUTiRiS,1.16
162,b,10567,23140,krazy,0.9
162,b,10567,22807,aragornN,0.75
2729,b,8840,20254,Starry,1.2
2729,b,8840,18744,z4KR,1.14
2729,b,8840,16551,Westmelon,1.04
2729,b,8840,23100,C4LLM3SU3,0.88
2729,b,8840,22922,EmiliaQAQ,0.59
2729,a,6665,17956,jabbi,1.42
2729,a,6665,7592,device,1.2
2729,a,6665,10096,HooXi,1.13
2729,a,6665,10994,stavn,1.07
2729,a,6665,20304,Staehr,1.03
1193,a,9928,16486,ztr,1.15
1193,a,9928,9278,REZ,1.08
1193,a,9928,22279,PR,0.8
1193,a,9928,20482,Kursy,0.74
1193,a,9928,20301,Tauson,0.72
1193,b,12394,21348,ArtFr0st,1.59
1193,b,12394,11840,Boombl4,1.32
1193,b,12394,16555,Ax1Le,1.21
1193,b,12394,21667,Magnojez,1.08
1193,b,12394,18506,S1ren,1.03
148,b,4863,19645,JamYoung,1.59
148,b,4863,20895,Mercury,1.35
148,b,4863,8552,Attacker,1.33
148,b,4863,20702,Jee,1.15
148,b,4863,21621,Moseyuh,0.42
148,a,10567,21014,Ag1l,1.52
148,a,10567,20462,story,1.26
148,a,10567,630,MUTiRiS,0.81
148,a,10567,23140,krazy,0.81
148,a,10567,22807,aragornN,0.59
1151,b,6665,7592,device,2.02
1151,b,6665,17956,jabbi,1.17
1151,b,6665,10994,stavn,1.12
1151,b,6665,20304,Staehr,1.03
1151,b,6665,10096,HooXi,0.92
1151,a,12394,18506,S1ren,1.16
1151,a,12394,11840,Boombl4,0.92
1151,a,12394,21348,ArtFr0st,0.77
1151,a,12394,16555,Ax1Le,0.7
1151,a,12394,21667,Magnojez,0.59
2085,a,4863,19645,JamYoung,1.91
2085,a,4863,21621,Moseyuh,1.27
2085,a,4863,8552,Attacker,0.85
2085,a,4863,20702,Jee,0.81
2085,a,4863,20895,Mercury,0.71
2085,b,6665,10096,HooXi,1.18
2085,b,6665,10994,stavn,1.16
2085,b,6665,20304,Staehr,0.94
2085,b,6665,7592,device,0.9
2085,b,6665,17956,jabbi,0.84
2347,b,9928,22279,PR,1.58
2347,b,9928,9278,REZ,1.36
2347,b,9928,20482,Kursy,1.27
2347,b,9928,20301,Tauson,0.73
2347,b,9928,16486,ztr,0.71
2347,a,5005,11630,JT,1.23
2347,a,5005,12840,hallzerk,0.98
2347,a,5005,21620,nicx,0.82
2347,a,5005,17353,Cxzi,0.8
2347,a,5005,13578,Grim,0.72
2075,a,4863,21621,Moseyuh,0.99
2075,a,4863,20895,Mercury,0.85
2075,a,4863,20702,Jee,0.8
2075,a,4863,19645,JamYoung,0.78
2075,a,4863,8552,Attacker,0.44
2075,b,5378,16947,Perfecto,1.74
2075,b,5378,12732,FL1T,1.74
2075,b,5378,21439,ICY,1.38
2075,b,5378,8918,electroNic,1.23
2075,b,5378,20101,fame,0.81
296,b,6665,17956,jabbi,1.65
296,b,6665,20304,Staehr,1.14
296,b,6665,10994,stavn,1.12
296,b,6665,7592,device,1.03
296,b,6665,10096,HooXi,0.9
296,a,11241,22842,kensizor,1.04
296,a,11241,21708,npl,1.03
296,a,11241,20112,alex666,0.82
296,a,11241,19592,headtr1ck,0.8
296,a,11241,23643,esenthial,0.73
1454,b,12774,4679,jks,1.28
1454,b,12774,11140,INS,1.03
1454,b,12774,17384,Vexite,0.89
1454,b,12774,20123,regali,0.88
1454,b,12774,18214,nettik,0.78
1454,a,8297,2023,FalleN,1.36
1454,a,8297,13915,YEKINDAR,1.13
1454,a,8297,12553,yuurih,1.09
1454,a,8297,15631,KSCERATO,0.99
1454,a,8297,24144,molodoy,0.96
2244,b,4914,13497,Lucky,1.77
2244,b,4914,8374,bodyy,1.36
2244,b,4914,13138,Maka,1.35
2244,b,4914,21969,Graviti,1.31
2244,b,4914,19739,Ex3rcice,0.84
2244,a,9215,21037,insani,1.21
2244,a,9215,18835,saffee,0.96
2244,a,9215,20987,brnz4n,0.62
2244,a,9215,22366,nicks,0.53
2244,a,9215,11154,exit,0.52
2774,b,6667,18053,broky,1.27
2774,b,6667,9960,frozen,1.18
2774,b,6667,8183,rain,1.18
2774,b,6667,8738,EliGE,1.18
2774,b,6667,429,karrigan,0.87
2774,a,7532,20170,kyuubii,1.35
2774,a,7532,19899,Krimbo,1.1
2774,a,7532,5794,tabseN,0.79
2774,a,7532,21468,hyped,0.78
2774,a,7532,14929,JDC,0.68
1642,b,4411,20425,r1nkle,1.53
1642,b,4411,922,Snappi,1.29
1642,b,4411,23372,xKacpersky,1.26
1642,b,4411,14148,sjuush,1.08
1642,b,4411,20464,ewjerkz,1.05
1642,a,7175,20119,nilo,1.16
1642,a,7175,19808,tN1R,1.13
1642,a,7175,22884,gr1ks,0.84
1642,a,7175,19310,LNZ,0.68
1642,a,7175,22047,yxngstxr,0.67
1963,a,5973,10394,Twistzz,1.58
1963,a,5973,16820,siuhy,1.55
1963,a,5973,21763,ultimate,1.1
1963,a,5973,8520,NAF,1.09
1963,a,5973,9436,NertZ,0.89
1963,b,4773,19694,nqz,1.08
1963,b,4773,14736,dgt,0.94
1963,b,4773,20171,snow,0.9
1963,b,4773,18141,biguzera,0.82
1963,b,4773,18865,dav1deuS,0.71
2072,a,5005,12840,hallzerk,1.17
2072,a,5005,21620,nicx,1.08
2072,a,5005,13578,Grim,0.88
2072,a,5005,17353,Cxzi,0.84
2072,a,5005,11630,JT,0.77
2072,b,4863,19645,JamYoung,1.34
2072,b,4863,21621,Moseyuh,1.29
2072,b,4863,20702,Jee,1.18
2072,b,4863,8552,Attacker,0.97
2072,b,4863,20895,Mercury,0.84
2429,b,9928,9278,REZ,1.53
2429,b,9928,22279,PR,1.25
2429,b,9928,20482,Kursy,1.04
2429,b,9928,20301,Tauson,0.98
2429,b,9928,16486,ztr,0.65
2429,a,5378,12732,FL1T,1.31
2429,a,5378,8918,electroNic,1.11
2429,a,5378,16947,Perfecto,1.0
2429,a,5378,20101,fame,0.93
2429,a,5378,21439,ICY,0.65
251,b,11241,23643,esenthial,1.19
251,b,11241,21708,npl,1.16
251,b,11241,20112,alex666,1.02
251,b,11241,19592,headtr1ck,0.86
251,b,11241,22842,kensizor,0.73
251,a,12774,18214,nettik,1.48
251,a,12774,20123,regali,1.17
251,a,12774,17384,Vexite,1.1
251,a,12774,4679,jks,1.06
251,a,12774,11140,INS,0.91
1599,b,4914,8374,bodyy,1.38
1599,b,4914,19739,Ex3rcice,0.85
1599,b,4914,21969,Graviti,0.78
1599,b,4914,13138,Maka,0.75
1599,b,4914,13497,Lucky,0.75
1599,a,4411,14148,sjuush,1.66
1599,a,4411,23372,xKacpersky,1.3
1599,a,4411,20425,r1nkle,1.29
1599,a,4411,20464,ewjerkz,1.17
1599,a,4411,922,Snappi,0.89
2482,b,6667,8738,EliGE,3.2
2482,b,6667,9960,frozen,1.54
2482,b,6667,429,karrigan,1.34
2482,b,6667,8183,rain,1.05
2482,b,6667,18053,broky,0.96
2482,a,5973,8520,NAF,1.07
2482,a,5973,21763,ultimate,0.66
2482,a,5973,10394,Twistzz,0.55
2482,a,5973,9436,NertZ,0.52
2482,a,5973,16820,siuhy,0.41
2888,a,9215,21037,insani,1.52
2888,a,9215,11154,exit,0.8
2888,a,9215,18835,saffee,0.63
2888,a,9215,22366,nicks,0.59
2888,a,9215,20987,brnz4n,0.57
2888,b,7175,19310,LNZ,1.84
2888,b,7175,20119,nilo,1.55
2888,b,7175,22047,yxngstxr,1.31
2888,b,7175,19808,tN1R,1.11
2888,b,7175,22884,gr1ks,0.99
2006,a,7532,20170,kyuubii,1.09
2006,a,7532,21468,hyped,1.09
2006,a,7532,5794,tabseN,1.0
2006,a,7532,19899,Krimbo,0.99
2006,a,7532,14929,JDC,0.9
2006,b,4773,14736,dgt,1.52
2006,b,4773,19694,nqz,1.06
2006,b,4773,20171,snow,0.93
2006,b,4773,18865,dav1deuS,0.83
2006,b,4773,18141,biguzera,0.73
2725,a,6665,17956,jabbi,1.26
2725,a,6665,10994,stavn,1.1
2725,a,6665,7592,device,0.99
2725,a,6665,20304,Staehr,0.95
2725,a,6665,10096,HooXi,0.48
2725,b,8297,15631,KSCERATO,1.68
2725,b,8297,24144,molodoy,1.53
2725,b,8297,13915,YEKINDAR,1.47
2725,b,8297,12553,yuurih,0.94
2725,b,8297,2023,FalleN,0.84
1431,b,12774,4679,jks,1.43
1431,b,12774,17384,Vexite,1.09
1431,b,12774,20123,regali,0.88
1431,b,12774,11140,INS,0.68
1431,b,12774,18214,nettik,0.5
1431,a,5973,9436,NertZ,1.43
1431,a,5973,8520,NAF,1.27
1431,a,5973,21763,ultimate,1.19
1431,a,5973,16820,siuhy,1.14
1431,a,5973,10394,Twistzz,0.85
2391,a,5378,16947,Perfecto,1.48
2391,a,5378,8918,electroNic,1.31
2391,a,5378,20101,fame,0.87
2391,a,5378,21439,ICY,0.7
2391,a,5378,12732,FL1T,0.64
2391,b,7175,19808,tN1R,2.26
2391,b,7175,22884,gr1ks,1.24
2391,b,7175,20119,nilo,1.05
2391,b,7175,19310,LNZ,0.9
2391,b,7175,22047,yxngstxr,0.71
2068,b,4914,13497,Lucky,1.72
2068,b,4914,8374,bodyy,1.32
2068,b,4914,19739,Ex3rcice,1.23
2068,b,4914,13138,Maka,0.76
2068,b,4914,21969,Graviti,0.68
2068,a,4863,21621,Moseyuh,1.32
2068,a,4863,20895,Mercury,1.19
2068,a,4863,8552,Attacker,1.15
2068,a,4863,20702,Jee,1.09
2068,a,4863,19645,JamYoung,0.68
1983,a,6665,17956,jabbi,1.95
1983,a,6665,10994,stavn,1.35
1983,a,6665,20304,Staehr,1.08
1983,a,6665,7592,device,0.77
1983,a,6665,10096,HooXi,0.75
1983,b,4773,14736,dgt,1.58
1983,b,4773,18865,dav1deuS,1.13
1983,b,4773,19694,nqz,1.09
1983,b,4773,18141,biguzera,0.88
1983,b,4773,20171,snow,0.42
589,b,11283,3741,NiKo,1.65
589,b,11283,24177,kyousuke,1.44
589,b,11283,19230,m0NESY,1.39
589,b,11283,19677,kyxsan,1.28
589,b,11283,12018,TeSeS,1.15
589,a,9928,9278,REZ,1.27
589,a,9928,20482,Kursy,0.89
589,a,9928,22279,PR,0.78
589,a,9928,20301,Tauson,0.61
589,a,9928,16486,ztr,0.54
2584,b,5995,3972,huNter-,1.7
2584,b,5995,11617,malbsMd,1.51
2584,b,5995,20447,HeavyGod,1.09
2584,b,5995,21062,MATYS,0.85
2584,b,5995,19164,SunPayus,0.66
2584,a,8297,12553,yuurih,1.38
2584,a,8297,24144,molodoy,1.06
2584,a,8297,2023,FalleN,0.97
2584,a,8297,13915,YEKINDAR,0.79
2584,a,8297,15631,KSCERATO,0.76
2743,b,9565,11816,ropz,1.63
2743,b,9565,18462,mezii,1.39
2743,b,9565,7322,apEX,1.32
2743,b,9565,16693,flameZ,1.03
2743,b,9565,11893,ZywOo,1.01
2743,a,6665,17956,jabbi,1.48
2743,a,6665,7592,device,1.21
2743,a,6665,10096,HooXi,0.75
2743,a,6665,10994,stavn,0.72
2743,a,6665,20304,Staehr,0.44
2196,b,6248,20194,bLitz,1.32
2196,b,6248,21001,mzinho,1.3
2196,b,6248,20275,Techno,1.1
2196,b,6248,20903,Senzu,1.09
2196,b,6248,21809,910,1.01
2196,a,4914,8374,bodyy,1.12
2196,a,4914,13138,Maka,1.08
2196,a,4914,21969,Graviti,0.98
2196,a,4914,13497,Lucky,0.88
2196,a,4914,19739,Ex3rcice,0.84
820,a,11861,21243,Wicadia,1.51
820,a,11861,8574,woxic,1.44
820,a,11861,22361,jottAAA,1.19
820,a,11861,19187,xfl0ud,0.96
820,a,11861,150,MAJ3R,0.72
820,b,4411,23372,xKacpersky,1.16
820,b,4411,20464,ewjerkz,1.02
820,b,4411,20425,r1nkle,0.9
820,b,4411,922,Snappi,0.81
820,b,4411,14148,sjuush,0.69
1883,b,4608,18987,b1t,1.5
1883,b,4608,22673,makazze,1.4
1883,b,4608,14759,iM,1.36
1883,b,4608,20127,w0nderful,1.31
1883,b,4608,9816,Aleksib,0.83
1883,a,6667,9960,frozen,1.53
1883,a,6667,429,karrigan,0.78
1883,a,6667,8738,EliGE,0.72
1883,a,6667,8183,rain,0.69
1883,a,6667,18053,broky,0.59
1699,b,4494,18072,torzsi,1.31
1699,b,4494,18850,Jimpphat,1.3
1699,b,4494,13666,Brollan,0.95
1699,b,4494,20312,xertioN,0.84
1699,b,4494,18221,Spinx,0.81
1699,a,5973,21763,ultimate,1.46
1699,a,5973,9436,NertZ,1.27
1699,a,5973,8520,NAF,0.83
1699,a,5973,16820,siuhy,0.75
1699,a,5973,10394,Twistzz,0.69
2817,b,7020,16920,sh1ro,1.79
2817,b,7020,20423,zont1x,1.66
2817,b,7020,23685,zweih,1.09
2817,b,7020,21167,donk,1.07
2817,b,7020,7716,chopper,0.87
2817,a,7175,19808,tN1R,1.16
2817,a,7175,22884,gr1ks,1.1
2817,a,7175,19310,LNZ,1.01
2817,a,7175,22047,yxngstxr,0.74
2817,a,7175,20119,nilo,0.57
523,a,11283,12018,TeSeS,1.37
523,a,11283,24177,kyousuke,1.09
523,a,11283,19677,kyxsan,1.05
523,a,11283,19230,m0NESY,0.67
523,a,11283,3741,NiKo,0.65
523,b,6248,20903,Senzu,1.76
523,b,6248,20194,bLitz,1.28
523,b,6248,21809,910,1.21
523,b,6248,21001,mzinho,0.93
523,b,6248,20275,Techno,0.72
2256,a,9928,20301,Tauson,1.12
2256,a,9928,9278,REZ,1.06
2256,a,9928,20482,Kursy,1.01
2256,a,9928,16486,ztr,0.98
2256,a,9928,22279,PR,0.94
2256,b,4914,13497,Lucky,1.33
2256,b,4914,13138,Maka,1.25
2256,b,4914,19739,Ex3rcice,1.17
2256,b,4914,8374,bodyy,0.99
2256,b,4914,21969,Graviti,0.81
2603,a,5995,20447,HeavyGod,1.55
2603,a,5995,3972,huNter-,1.06
2603,a,5995,21062,MATYS,0.87
2603,a,5995,19164,SunPayus,0.74
2603,a,5995,11617,malbsMd,0.56
2603,b,9565,11893,ZywOo,1.45
2603,b,9565,7322,apEX,1.22
2603,b,9565,16693,flameZ,1.15
2603,b,9565,11816,ropz,1.12
2603,b,9565,18462,mezii,1.01
2723,b,8297,15631,KSCERATO,1.71
2723,b,8297,13915,YEKINDAR,1.67
2723,b,8297,12553,yuurih,1.48
2723,b,8297,24144,molodoy,1.22
2723,b,8297,2023,FalleN,1.06
2723,a,6665,17956,jabbi,0.67
2723,a,6665,10096,HooXi,0.66
2723,a,6665,10994,stavn,0.63
2723,a,6665,20304,Staehr,0.6
2723,a,6665,7592,device,0.44
1662,a,4608,20127,w0nderful,1.2
1662,a,4608,14759,iM,1.09
1662,a,4608,18987,b1t,1.04
1662,a,4608,22673,makazze,0.81
1662,a,4608,9816,Aleksib,0.74
1662,b,4494,13666,Brollan,1.3
1662,b,4494,18072,torzsi,1.28
1662,b,4494,20312,xertioN,1.17
1662,b,4494,18850,Jimpphat,1.12
1662,b,4494,18221,Spinx,1.03
1640,b,4411,20464,ewjerkz,1.71
1640,b,4411,20425,r1nkle,1.6
1640,b,4411,922,Snappi,1.21
1640,b,4411,14148,sjuush,0.99
1640,b,4411,23372,xKacpersky,0.92
1640,a,7175,22047,yxngstxr,1.11
1640,a,7175,20119,nilo,0.89
1640,a,7175,19808,tN1R,0.8
1640,a,7175,19310,LNZ,0.79
1640,a,7175,22884,gr1ks,0.76
2480,b,6667,8738,EliGE,2.49
2480,b,6667,8183,rain,2.09
2480,b,6667,9960,frozen,1.26
2480,b,6667,18053,broky,1.24
2480,b,6667,429,karrigan,0.95
2480,a,5973,9436,NertZ,1.08
2480,a,5973,8520,NAF,0.67
2480,a,5973,21763,ultimate,0.64
2480,a,5973,10394,Twistzz,0.57
2480,a,5973,16820,siuhy,0.52
882,a,11861,8574,woxic,1.03
882,a,11861,22361,jottAAA,1.0
882,a,11861,19187,xfl0ud,0.98
882,a,11861,21243,Wicadia,0.83
882,a,11861,150,MAJ3R,0.6
882,b,7020,21167,donk,2.69
882,b,7020,7716,chopper,1.09
882,b,7020,16920,sh1ro,0.92
882,b,7020,23685,zweih,0.88
882,b,7020,20423,zont1x,0.81
562,a,11283,24177,kyousuke,1.4
562,a,11283,12018,TeSeS,1.03
562,a,11283,19677,kyxsan,0.72
562,a,11283,19230,m0NESY,0.6
562,a,11283,3741,NiKo,0.5
562,b,8297,13915,YEKINDAR,1.78
562,b,8297,24144,molodoy,1.72
562,b,8297,15631,KSCERATO,1.47
562,b,8297,12553,yuurih,0.85
562,b,8297,2023,FalleN,0.71
2188,a,4914,13497,Lucky,1.24
2188,a,4914,19739,Ex3rcice,1.03
2188,a,4914,21969,Graviti,0.89
2188,a,4914,8374,bodyy,0.49
2188,a,4914,13138,Maka,0.48
2188,b,5995,19164,SunPayus,1.55
2188,b,5995,3972,huNter-,1.34
2188,b,5995,21062,MATYS,1.29
2188,b,5995,20447,HeavyGod,1.22
2188,b,5995,11617,malbsMd,1.2
876,a,6667,8183,rain,2.25
876,a,6667,18053,broky,1.84
876,a,6667,9960,frozen,1.78
876,a,6667,8738,EliGE,1.31
876,a,6667,429,karrigan,1.1
876,b,11861,21243,Wicadia,1.43
876,b,11861,22361,jottAAA,0.75
876,b,11861,19187,xfl0ud,0.55
876,b,11861,8574,woxic,0.44
876,b,11861,150,MAJ3R,0.38
1589,b,4411,23372,xKacpersky,1.61
1589,b,4411,14148,sjuush,1.22
1589,b,4411,922,Snappi,0.98
1589,b,4411,20425,r1nkle,0.79
1589,b,4411,20464,ewjerkz,0.56
1589,a,4608,18987,b1t,1.57
1589,a,4608,20127,w0nderful,1.55
1589,a,4608,9816,Aleksib,1.03
1589,a,4608,14759,iM,0.77
1589,a,4608,22673,makazze,0.72
1753,b,4494,18221,Spinx,1.2
1753,b,4494,18072,torzsi,0.9
1753,b,4494,18850,Jimpphat,0.88
1753,b,4494,13666,Brollan,0.81
1753,b,4494,20312,xertioN,0.81
1753,a,7020,16920,sh1ro,1.51
1753,a,7020,20423,zont1x,1.48
1753,a,7020,21167,donk,1.2
1753,a,7020,23685,zweih,0.95
1753,a,7020,7716,chopper,0.87
2672,a,6248,20903,Senzu,1.06
2672,a,6248,21001,mzinho,0.99
2672,a,6248,20275,Techno,0.96
2672,a,6248,21809,910,0.71
2672,a,6248,20194,bLitz,0.42
2672,b,9565,11893,ZywOo,1.64
2672,b,9565,16693,flameZ,1.6
2672,b,9565,11816,ropz,1.1
2672,b,9565,7322,apEX,1.05
2672,b,9565,18462,mezii,1.04
1884,a,6667,8738,EliGE,1.36
1884,a,6667,9960,frozen,1.16
1884,a,6667,8183,rain,0.99
1884,a,6667,18053,broky,0.72
1884,a,6667,429,karrigan,0.53
1884,b,4608,14759,iM,1.67
1884,b,4608,18987,b1t,1.48
1884,b,4608,20127,w0nderful,1.02
1884,b,4608,22673,makazze,0.91
1884,b,4608,9816,Aleksib,0.84
2585,a,5995,21062,MATYS,1.35
2585,a,5995,11617,malbsMd,1.2
2585,a,5995,20447,HeavyGod,0.92
2585,a,5995,19164,SunPayus,0.79
2585,a,5995,3972,huNter-,0.55
2585,b,8297,24144,molodoy,1.81
2585,b,8297,13915,YEKINDAR,1.54
2585,b,8297,2023,FalleN,0.87
2585,b,8297,12553,yuurih,0.82
2585,b,8297,15631,KSCERATO,0.82
1858,b,6248,20194,bLitz,1.07
1858,b,6248,20275,Techno,0.96
1858,b,6248,21809,910,0.85
1858,b,6248,20903,Senzu,0.83
1858,b,6248,21001,mzinho,0.52
1858,a,4608,22673,makazze,1.79
1858,a,4608,14759,iM,1.67
1858,a,4608,18987,b1t,1.39
1858,a,4608,20127,w0nderful,1.12
1858,a,4608,9816,Aleksib,0.71
1774,a,4494,20312,xertioN,1.47
1774,a,4494,18072,torzsi,1.43
1774,a,4494,18221,Spinx,1.24
1774,a,4494,13666,Brollan,1.01
1774,a,4494,18850,Jimpphat,0.71
1774,b,8297,2023,FalleN,1.28
1774,b,8297,24144,molodoy,0.92
1774,b,8297,13915,YEKINDAR,0.88
1774,b,8297,12553,yuurih,0.81
1774,b,8297,15631,KSCERATO,0.78
969,a,12376,18838,HexT,1.9
969,a,12376,15370,slaxz-,1.86
969,a,12376,22921,Lake,1.21
969,a,12376,20104,s1n,1.12
969,a,12376,16599,Swisher,0.88
969,b,12257,21665,JBa,0.93
969,b,12257,8711,Sonic,0.79
969,b,12257,22135,Peeping,0.74
969,b,12257,8507,stanislaw,0.74
969,b,12257,20018,fr3nd,0.68
1899,b,7020,21167,donk,1.67
1899,b,7020,16920,sh1ro,1.35
1899,b,7020,20423,zont1x,1.3
1899,b,7020,23685,zweih,1.17
1899,b,7020,7716,chopper,0.79
1899,a,4608,18987,b1t,1.03
1899,a,4608,14759,iM,1.01
1899,a,4608,9816,Aleksib,0.92
1899,a,4608,22673,makazze,0.81
1899,a,4608,20127,w0nderful,0.67
1793,b,9565,11816,ropz,1.33
1793,b,9565,7322,apEX,1.2
1793,b,9565,18462,mezii,0.82
1793,b,9565,11893,ZywOo,0.79
1793,b,9565,16693,flameZ,0.36
1793,a,4494,18072,torzsi,1.31
1793,a,4494,18221,Spinx,1.31
1793,a,4494,18850,Jimpphat,1.15
1793,a,4494,20312,xertioN,1.09
1793,a,4494,13666,Brollan,1.08
1754,a,7020,21167,donk,1.54
1754,a,7020,20423,zont1x,1.28
1754,a,7020,7716,chopper,1.19
1754,a,7020,23685,zweih,1.16
1754,a,7020,16920,sh1ro,1.08
1754,b,4494,18072,torzsi,1.0
1754,b,4494,20312,xertioN,0.9
1754,b,4494,18221,Spinx,0.88
1754,b,4494,18850,Jimpphat,0.84
1754,b,4494,13666,Brollan,0.66
2580,a,7969,23317,khaN,1.22
2580,a,7969,20387,Xant3r,1.04
2580,a,7969,22460,riskyb0b,1.03
2580,a,7969,22325,sowalio,0.95
2580,a,7969,21266,1eeR,0.86
2580,b,5995,21062,MATYS,1.5
2580,b,5995,20447,HeavyGod,1.23
2580,b,5995,19164,SunPayus,1.15
2580,b,5995,3972,huNter-,0.98
2580,b,5995,11617,malbsMd,0.79
1153,a,12394,20357,d1Ledez,1.23
1153,a,12394,21348,ArtFr0st,0.89
1153,a,12394,21667,Magnojez,0.76
1153,a,12394,11840,Boombl4,0.68
1153,a,12394,18506,S1ren,0.49
1153,b,6667,8738,EliGE,1.58
1153,b,6667,18053,broky,1.4
1153,b,6667,8183,rain,1.34
1153,b,6667,9960,frozen,1.07
1153,b,6667,429,karrigan,0.8
2409,a,9215,21037,insani,1.31
2409,a,9215,20987,brnz4n,1.01
2409,a,9215,18835,saffee,0.98
2409,a,9215,11154,exit,0.94
2409,a,9215,22366,nicks,0.71
2409,b,5378,8918,electroNic,1.53
2409,b,5378,12732,FL1T,1.52
2409,b,5378,20101,fame,1.02
2409,b,5378,21439,ICY,0.91
2409,b,5378,16947,Perfecto,0.82
1459,b,12833,24283,cairne,1.23
1459,b,12833,24168,onic,1.01
1459,b,12833,23642,Flierax,0.99
1459,b,12833,22643,nifee,0.97
1459,b,12833,24282,Dawy,0.77
1459,a,4608,20127,w0nderful,1.34
1459,a,4608,18987,b1t,1.08
1459,a,4608,14759,iM,1.07
1459,a,4608,9816,Aleksib,0.96
1459,a,4608,22673,makazze,0.96
2914,a,7532,19899,Krimbo,1.52
2914,a,7532,14929,JDC,1.04
2914,a,7532,5794,tabseN,0.96
2914,a,7532,21468,hyped,0.79
2914,a,7532,20170,kyuubii,0.59
2914,b,8297,2023,FalleN,1.39
2914,b,8297,12553,yuurih,1.35
2914,b,8297,24144,molodoy,1.29
2914,b,8297,15631,KSCERATO,0.9
2914,b,8297,13915,YEKINDAR,0.83
78,b,10503,20878,adamb,1.01
78,b,10503,13602,nicoodoz,0.97
78,b,10503,19064,spooke,0.88
78,b,10503,20465,arrozdoce,0.65
78,b,10503,21983,Chr1zN,0.48
78,a,4494,20312,xertioN,1.86
78,a,4494,13666,Brollan,1.41
78,a,4494,18850,Jimpphat,1.33
78,a,4494,18221,Spinx,1.08
78,a,4494,18072,torzsi,0.99
132,b,12394,20357,d1Ledez,1.53
132,b,12394,21667,Magnojez,1.01
132,b,12394,11840,Boombl4,0.89
132,b,12394,21348,ArtFr0st,0.86
132,b,12394,18506,S1ren,0.68
132,a,10567,20462,story,1.4
132,a,10567,21014,Ag1l,1.21
132,a,10567,630,MUTiRiS,1.12
132,a,10567,23140,krazy,1.1
132,a,10567,22807,aragornN,0.96
1593,b,4411,23372,xKacpersky,1.07
1593,b,4411,14148,sjuush,1.02
1593,b,4411,922,Snappi,0.9
1593,b,4411,20425,r1nkle,0.76
1593,b,4411,20464,ewjerkz,0.66
1593,a,4773,20171,snow,1.91
1593,a,4773,14736,dgt,1.59
1593,a,4773,19694,nqz,0.98
1593,a,4773,18865,dav1deuS,0.94
1593,a,4773,18141,biguzera,0.68
1324,a,4991,15165,blameF,0.99
1324,a,4991,7528,KRIMZ,0.98
1324,a,4991,23046,jambo,0.94
1324,a,4991,18571,CYPHER,0.78
1324,a,4991,17803,fEAR,0.76
1324,b,12468,19045,latto,1.21
1324,b,12468,19686,n1ssim,1.18
1324,b,12468,22965,saadzin,1.15
1324,b,12468,20563,lux,1.04
1324,b,12468,15698,dumau,0.88
816,a,12774,17384,Vexite,1.08
816,a,12774,20123,regali,1.0
816,a,12774,4679,jks,0.72
816,a,12774,11140,INS,0.55
816,a,12774,18214,nettik,0.35
816,b,11861,150,MAJ3R,1.53
816,b,11861,8574,woxic,1.51
816,b,11861,7938,XANTARES,1.39
816,b,11861,21243,Wicadia,1.18
816,b,11861,22361,jottAAA,1.12
2328,a,5005,21620,nicx,1.74
2328,a,5005,13578,Grim,1.52
2328,a,5005,11630,JT,1.3
2328,a,5005,12840,hallzerk,0.58
2328,a,5005,17353,Cxzi,0.56
2328,b,7175,19808,tN1R,2.23
2328,b,7175,21575,Scr0b,1.38
2328,b,7175,20119,nilo,1.05
2328,b,7175,19310,LNZ,0.74
2328,b,7175,22047,yxngstxr,0.58
138,b,12833,24283,cairne,1.52
138,b,12833,24282,Dawy,1.02
138,b,12833,22643,nifee,0.79
138,b,12833,23642,Flierax,0.78
138,b,12833,24168,onic,0.73
138,a,10567,23140,krazy,1.5
138,a,10567,630,MUTiRiS,1.43
138,a,10567,22807,aragornN,1.12
138,a,10567,20462,story,0.98
138,a,10567,21014,Ag1l,0.86
1871,b,6665,17956,jabbi,2.57
1871,b,6665,10994,stavn,1.91
1871,b,6665,7592,device,1.39
1871,b,6665,10096,HooXi,1.22
1871,b,6665,20304,Staehr,0.87
1871,a,4608,20127,w0nderful,0.92
1871,a,4608,22673,makazze,0.86
1871,a,4608,18987,b1t,0.51
1871,a,4608,14759,iM,0.44
1871,a,4608,9816,Aleksib,0.36
2376,a,5378,12732,FL1T,1.79
2376,a,5378,8918,electroNic,1.36
2376,a,5378,21439,ICY,1.34
2376,a,5378,20101,fame,0.94
2376,a,5378,16947,Perfecto,0.68
2376,b,6667,8738,EliGE,1.32
2376,b,6667,8183,rain,1.02
2376,b,6667,9960,frozen,1.0
2376,b,6667,18053,broky,0.91
2376,b,6667,429,karrigan,0.78
2560,a,5995,19164,SunPayus,1.21
2560,a,5995,20447,HeavyGod,0.98
2560,a,5995,11617,malbsMd,0.66
2560,a,5995,3972,huNter-,0.66
2560,a,5995,21062,MATYS,0.51
2560,b,7020,16920,sh1ro,1.73
2560,b,7020,7716,chopper,1.35
2560,b,7020,21167,donk,1.29
2560,b,7020,20423,zont1x,1.13
2560,b,7020,23685,zweih,1.04
2505,a,5973,9436,NertZ,1.29
2505,a,5973,10394,Twistzz,1.26
2505,a,5973,21763,ultimate,1.21
2505,a,5973,8520,NAF,1.18
2505,a,5973,16820,siuhy,1.04
2505,b,8297,13915,YEKINDAR,1.29
2505,b,8297,15631,KSCERATO,1.19
2505,b,8297,12553,yuurih,0.97
2505,b,8297,24144,molodoy,0.72
2505,b,8297,2023,FalleN,0.63
1973,a,4773,18865,dav1deuS,1.43
1973,a,4773,20171,snow,1.09
1973,a,4773,19694,nqz,0.77
1973,a,4773,18141,biguzera,0.69
1973,a,4773,14736,dgt,0.66
1973,b,6248,20194,bLitz,1.37
1973,b,6248,20275,Techno,1.25
1973,b,6248,21809,910,1.24
1973,b,6248,20903,Senzu,1.22
1973,b,6248,21001,mzinho,0.8
1266,b,12467,22471,xiELO,1.72
1266,b,12467,22929,nota,1.24
1266,b,12467,19235,BELCHONOKK,1.15
1266,b,12467,22076,AW,1.12
1266,b,12467,13776,Jame,0.95
1266,a,4991,7528,KRIMZ,1.29
1266,a,4991,15165,blameF,1.22
1266,a,4991,17803,fEAR,0.81
1266,a,4991,18571,CYPHER,0.73
1266,a,4991,23046,jambo,0.69
263,a,11241,19592,headtr1ck,1.26
263,a,11241,21708,npl,0.94
263,a,11241,23643,esenthial,0.92
263,a,11241,22842,kensizor,0.75
263,a,11241,20112,alex666,0.67
263,b,4494,18072,torzsi,1.6
263,b,4494,18850,Jimpphat,1.11
263,b,4494,13666,Brollan,1.1
263,b,4494,20312,xertioN,0.98
263,b,4494,18221,Spinx,0.91
47,b,10503,20878,adamb,1.94
47,b,10503,21983,Chr1zN,1.21
47,b,10503,19064,spooke,0.94
47,b,10503,13602,nicoodoz,0.91
47,b,10503,20465,arrozdoce,0.73
47,a,10567,20462,story,1.36
47,a,10567,23140,krazy,1.19
47,a,10567,21014,Ag1l,1.16
47,a,10567,630,MUTiRiS,1.03
47,a,10567,22807,aragornN,0.47
886,a,7175,19310,LNZ,1.28
886,a,7175,20119,nilo,1.21
886,a,7175,19808,tN1R,0.85
886,a,7175,22047,yxngstxr,0.67
886,a,7175,21575,Scr0b,0.46
886,b,11861,150,MAJ3R,1.47
886,b,11861,8574,woxic,1.43
886,b,11861,22361,jottAAA,1.21
886,b,11861,21243,Wicadia,1.04
886,b,11861,7938,XANTARES,0.99
70,b,12467,22076,AW,1.28
70,b,12467,13776,Jame,1.19
70,b,12467,22929,nota,0.87
70,b,12467,19235,BELCHONOKK,0.7
70,b,12467,22471,xiELO,0.68
70,a,10503,21983,Chr1zN,1.8
70,a,10503,19064,spooke,1.4
70,a,10503,13602,nicoodoz,1.06
70,a,10503,20465,arrozdoce,1.03
70,a,10503,20878,adamb,0.87
1366,a,12468,19045,latto,1.36
1366,a,12468,22965,saadzin,1.15
1366,a,12468,19686,n1ssim,1.15
1366,a,12468,15698,dumau,0.53
1366,a,12468,20563,lux,0.51
1366,b,9565,11816,ropz,1.41
1366,b,9565,11893,ZywOo,1.32
1366,b,9565,16693,flameZ,1.3
1366,b,9565,18462,mezii,0.92
1366,b,9565,7322,apEX,0.86
1460,b,12833,23642,Flierax,1.17
1460,b,12833,24283,cairne,1.11
1460,b,12833,22643,nifee,0.94
1460,b,12833,24282,Dawy,0.9
1460,b,12833,24168,onic,0.59
1460,a,7532,5794,tabseN,1.59
1460,a,7532,19899,Krimbo,1.45
1460,a,7532,20170,kyuubii,1.31
1460,a,7532,14929,JDC,0.91
1460,a,7532,21468,hyped,0.78
2926,a,9928,9278,REZ,2.1
2926,a,9928,20301,Tauson,1.34
2926,a,9928,20482,Kursy,1.07
2926,a,9928,16486,ztr,1.0
2926,a,9928,22279,PR,0.98
2926,b,7532,5794,tabseN,1.16
2926,b,7532,20170,kyuubii,1.13
2926,b,7532,19899,Krimbo,0.93
2926,b,7532,21468,hyped,0.47
2926,b,7532,14929,JDC,0.39
1265,a,4991,23046,jambo,1.49
1265,a,4991,18571,CYPHER,1.3
1265,a,4991,15165,blameF,1.13
1265,a,4991,7528,KRIMZ,1.08
1265,a,4991,17803,fEAR,0.42
1265,b,12467,13776,Jame,1.38
1265,b,12467,19235,BELCHONOKK,1.32
1265,b,12467,22471,xiELO,1.02
1265,b,12467,22929,nota,0.93
1265,b,12467,22076,AW,0.92
71,a,12833,24283,cairne,1.24
71,a,12833,22643,nifee,0.98
71,a,12833,24282,Dawy,0.92
71,a,12833,23642,Flierax,0.83
71,a,12833,24168,onic,0.42
71,b,10503,13602,nicoodoz,1.39
71,b,10503,20465,arrozdoce,1.31
71,b,10503,21983,Chr1zN,1.16
71,b,10503,19064,spooke,1.12
71,b,10503,20878,adamb,1.07
1721,b,4494,18072,torzsi,1.96
1721,b,4494,20312,xertioN,1.49
1721,b,4494,18221,Spinx,1.31
1721,b,4494,18850,Jimpphat,1.26
1721,b,4494,13666,Brollan,0.93
1721,a,6665,17956,jabbi,0.93
1721,a,6665,10994,stavn,0.74
1721,a,6665,10096,HooXi,0.69
1721,a,6665,7592,device,0.63
1721,a,6665,20304,Staehr,0.56
859,b,6248,20194,bLitz,1.3
859,b,6248,21001,mzinho,1.18
859,b,6248,20275,Techno,1.17
859,b,6248,21809,910,1.06
859,b,6248,20903,Senzu,0.87
859,a,11861,22361,jottAAA,1.51
859,a,11861,21243,Wicadia,1.38
859,a,11861,8574,woxic,1.16
859,a,11861,7938,XANTARES,0.81
859,a,11861,150,MAJ3R,0.55
1133,a,12394,11840,Boombl4,1.27
1133,a,12394,21667,Magnojez,1.14
1133,a,12394,21348,ArtFr0st,0.99
1133,a,12394,20357,d1Ledez,0.94
1133,a,12394,18506,S1ren,0.59
1133,b,4991,15165,blameF,1.66
1133,b,4991,23046,jambo,1.42
1133,b,4991,7528,KRIMZ,1.14
1133,b,4991,17803,fEAR,1.09
1133,b,4991,18571,CYPHER,0.75
2516,b,9565,11816,ropz,1.39
2516,b,9565,11893,ZywOo,1.34
2516,b,9565,18462,mezii,1.03
2516,b,9565,16693,flameZ,0.96
2516,b,9565,7322,apEX,0.83
2516,a,5973,16820,siuhy,1.07
2516,a,5973,21763,ultimate,1.02
2516,a,5973,8520,NAF,1.02
2516,a,5973,9436,NertZ,0.97
2516,a,5973,10394,Twistzz,0.89
2383,a,7020,21167,donk,2.12
2383,a,7020,20423,zont1x,1.93
2383,a,7020,16920,sh1ro,1.14
2383,a,7020,23685,zweih,0.92
2383,a,7020,7716,chopper,0.79
2383,b,5378,20101,fame,1.69
2383,b,5378,12732,FL1T,0.75
2383,b,5378,16947,Perfecto,0.74
2383,b,5378,21439,ICY,0.57
2383,b,5378,8918,electroNic,0.33
1751,b,4494,20312,xertioN,1.2
1751,b,4494,18850,Jimpphat,0.85
1751,b,4494,18072,torzsi,0.83
1751,b,4494,18221,Spinx,0.63
1751,b,4494,13666,Brollan,0.51
1751,a,7020,23685,zweih,2.44
1751,a,7020,20423,zont1x,1.59
1751,a,7020,21167,donk,1.05
1751,a,7020,16920,sh1ro,0.97
1751,a,7020,7716,chopper,0.94
2668,b,9565,7322,apEX,1.15
2668,b,9565,16693,flameZ,1.02
2668,b,9565,11893,ZywOo,0.96
2668,b,9565,11816,ropz,0.9
2668,b,9565,18462,mezii,0.5
2668,a,6248,20903,Senzu,1.47
2668,a,6248,21809,910,1.37
2668,a,6248,21001,mzinho,1.27
2668,a,6248,20275,Techno,1.05
2668,a,6248,20194,bLitz,0.88
94,a,10503,21983,Chr1zN,1.36
94,a,10503,19064,spooke,1.32
94,a,10503,13602,nicoodoz,1.09
94,a,10503,20465,arrozdoce,0.93
94,a,10503,20878,adamb,0.92
94,b,7532,20170,kyuubii,1.07
94,b,7532,19899,Krimbo,1.05
94,b,7532,5794,tabseN,1.05
94,b,7532,14929,JDC,0.92
94,b,7532,21468,hyped,0.71
2630,b,7020,21167,donk,2.53
2630,b,7020,7716,chopper,1.25
2630,b,7020,23685,zweih,1.2
2630,b,7020,20423,zont1x,1.05
2630,b,7020,16920,sh1ro,1.0
2630,a,6248,20194,bLitz,0.91
2630,a,6248,21809,910,0.87
2630,a,6248,20903,Senzu,0.77
2630,a,6248,20275,Techno,0.72
2630,a,6248,21001,mzinho,0.59
603,b,12467,19235,BELCHONOKK,1.41
603,b,12467,22929,nota,1.19
603,b,12467,22471,xiELO,1.11
603,b,12467,13776,Jame,0.84
603,b,12467,22076,AW,0.68
603,a,11419,22695,sirah,1.51
603,a,11419,20417,Anlelele,1.26
603,a,11419,11995,TMB,0.91
603,a,11419,10961,Kristou,0.79
603,a,11419,21779,nut nut,0.79
1820,b,4608,22673,makazze,1.54
1820,b,4608,9816,Aleksib,1.02
1820,b,4608,18987,b1t,0.9
1820,b,4608,14759,iM,0.78
1820,b,4608,20127,w0nderful,0.72
1820,a,4914,13497,Lucky,1.39
1820,a,4914,21969,Graviti,1.16
1820,a,4914,19739,Ex3rcice,1.11
1820,a,4914,13138,Maka,0.99
1820,a,4914,8374,bodyy,0.74
2682,a,9928,9278,REZ,1.14
2682,a,9928,20301,Tauson,0.83
2682,a,9928,16486,ztr,0.7
2682,a,9928,22279,PR,0.67
2682,a,9928,20482,Kursy,0.62
2682,b,6248,21001,mzinho,1.94
2682,b,6248,20194,bLitz,1.89
2682,b,6248,20275,Techno,1.4
2682,b,6248,21809,910,1.22
2682,b,6248,20903,Senzu,1.01
2083,b,4863,21621,Moseyuh,1.9
2083,b,4863,8552,Attacker,1.22
2083,b,4863,20702,Jee,1.19
2083,b,4863,20895,Mercury,0.9
2083,b,4863,19645,JamYoung,0.48
2083,a,6665,10994,stavn,1.3
2083,a,6665,17956,jabbi,1.19
2083,a,6665,20304,Staehr,1.03
2083,a,6665,7592,device,0.97
2083,a,6665,10096,HooXi,0.89
2518,b,9565,16693,flameZ,1.25
2518,b,9565,11816,ropz,1.19
2518,b,9565,11893,ZywOo,1.18
2518,b,9565,18462,mezii,0.99
2518,b,9565,7322,apEX,0.7
2518,a,5973,10394,Twistzz,1.78
2518,a,5973,8520,NAF,1.03
2518,a,5973,9436,NertZ,1.02
2518,a,5973,21763,ultimate,0.93
2518,a,5973,16820,siuhy,0.73
2818,a,7020,21167,donk,1.32
2818,a,7020,16920,sh1ro,1.25
2818,a,7020,20423,zont1x,1.07
2818,a,7020,23685,zweih,0.85
2818,a,7020,7716,chopper,0.65
2818,b,7175,19808,tN1R,1.3
2818,b,7175,22047,yxngstxr,1.23
2818,b,7175,20119,nilo,1.07
2818,b,7175,23600,Alkaren,1.07
2818,b,7175,19310,LNZ,0.63
877,a,6667,8738,EliGE,1.35
877,a,6667,18053,broky,0.96
877,a,6667,8183,rain,0.88
877,a,6667,429,karrigan,0.78
877,a,6667,9960,frozen,0.72
877,b,11861,7938,XANTARES,1.53
877,b,11861,21243,Wicadia,1.36
877,b,11861,8574,woxic,1.13
877,b,11861,150,MAJ3R,1.11
877,b,11861,22361,jottAAA,0.84
601,b,11419,20417,Anlelele,1.2
601,b,11419,21779,nut nut,1.03
601,b,11419,22695,sirah,1.02
601,b,11419,11995,TMB,0.76
601,b,11419,10961,Kristou,0.57
601,a,12394,21667,Magnojez,1.6
601,a,12394,21348,ArtFr0st,1.27
601,a,12394,18506,S1ren,1.0
601,a,12394,11840,Boombl4,0.95
601,a,12394,20357,d1Ledez,0.69
517,a,5995,20447,HeavyGod,1.26
517,a,5995,19164,SunPayus,1.14
517,a,5995,11617,malbsMd,0.7
517,a,5995,21062,MATYS,0.57
517,a,5995,3972,huNter-,0.54
517,b,11283,3741,NiKo,1.46
517,b,11283,12018,TeSeS,1.44
517,b,11283,24177,kyousuke,1.34
517,b,11283,19677,kyxsan,1.12
517,b,11283,19230,m0NESY,1.12
1690,a,4494,18850,Jimpphat,1.58
1690,a,4494,18221,Spinx,1.52
1690,a,4494,20312,xertioN,0.84
1690,a,4494,18072,torzsi,0.77
1690,a,4494,13666,Brollan,0.67
1690,b,5378,21439,ICY,1.63
1690,b,5378,8918,electroNic,1.34
1690,b,5378,20101,fame,0.84
1690,b,5378,16947,Perfecto,0.71
1690,b,5378,12732,FL1T,0.66
83,a,4991,23046,jambo,1.36
83,a,4991,15165,blameF,1.12
83,a,4991,7528,KRIMZ,0.94
83,a,4991,18571,CYPHER,0.62
83,a,4991,17803,fEAR,0.61
83,b,10503,20878,adamb,1.63
83,b,10503,19064,spooke,1.13
83,b,10503,13602,nicoodoz,1.12
83,b,10503,20465,arrozdoce,0.85
83,b,10503,21983,Chr1zN,0.84
2197,b,6248,20275,Techno,1.41
2197,b,6248,20194,bLitz,1.37
2197,b,6248,21001,mzinho,1.26
2197,b,6248,21809,910,1.25
2197,b,6248,20903,Senzu,1.02
2197,a,4914,13497,Lucky,1.24
2197,a,4914,13138,Maka,0.83
2197,a,4914,21969,Graviti,0.81
2197,a,4914,19739,Ex3rcice,0.75
2197,a,4914,8374,bodyy,0.59
2109,a,4863,20702,Jee,1.18
2109,a,4863,19645,JamYoung,1.06
2109,a,4863,21621,Moseyuh,0.98
2109,a,4863,20895,Mercury,0.77
2109,a,4863,8552,Attacker,0.42
2109,b,9565,16693,flameZ,1.73
2109,b,9565,11893,ZywOo,1.45
2109,b,9565,18462,mezii,1.09
2109,b,9565,11816,ropz,1.0
2109,b,9565,7322,apEX,0.97
1108,a,12394,21348,ArtFr0st,1.62
1108,a,12394,20357,d1Ledez,1.43
1108,a,12394,11840,Boombl4,1.34
1108,a,12394,21667,Magnojez,1.28
1108,a,12394,18506,S1ren,0.89
1108,b,12833,24282,Dawy,1.21
1108,b,12833,23642,Flierax,0.89
1108,b,12833,24283,cairne,0.76
1108,b,12833,24168,onic,0.7
1108,b,12833,22643,nifee,0.5
889,a,7175,20119,nilo,1.53
889,a,7175,19808,tN1R,1.3
889,a,7175,23600,Alkaren,1.06
889,a,7175,22047,yxngstxr,0.86
889,a,7175,19310,LNZ,0.74
889,b,11861,8574,woxic,1.3
889,b,11861,7938,XANTARES,1.11
889,b,11861,22361,jottAAA,1.05
889,b,11861,21243,Wicadia,0.99
889,b,11861,150,MAJ3R,0.68
465,a,11283,24177,kyousuke,1.54
465,a,11283,19677,kyxsan,1.39
465,a,11283,3741,NiKo,1.02
465,a,11283,19230,m0NESY,0.9
465,a,11283,12018,TeSeS,0.72
465,b,4494,18072,torzsi,1.61
465,b,4494,20312,xertioN,1.11
465,b,4494,13666,Brollan,0.92
465,b,4494,18850,Jimpphat,0.77
465,b,4494,18221,Spinx,0.73
2673,a,6248,20275,Techno,2.29
2673,a,6248,20903,Senzu,1.2
2673,a,6248,21809,910,0.94
2673,a,6248,21001,mzinho,0.88
2673,a,6248,20194,bLitz,0.79
2673,b,9565,11816,ropz,1.52
2673,b,9565,11893,ZywOo,1.2
2673,b,9565,16693,flameZ,0.85
2673,b,9565,7322,apEX,0.69
2673,b,9565,18462,mezii,0.6
438,a,11861,7938,XANTARES,1.54
438,a,11861,21243,Wicadia,1.27
438,a,11861,150,MAJ3R,1.02
438,a,11861,8574,woxic,0.8
438,a,11861,22361,jottAAA,0.78
438,b,11283,3741,NiKo,1.49
438,b,11283,19230,m0NESY,1.11
438,b,11283,24177,kyousuke,0.9
438,b,11283,12018,TeSeS,0.88
438,b,11283,19677,kyxsan,0.76
580,a,9565,11893,ZywOo,0.97
580,a,9565,18462,mezii,0.95
580,a,9565,11816,ropz,0.84
580,a,9565,7322,apEX,0.74
580,a,9565,16693,flameZ,0.45
580,b,11283,19230,m0NESY,2.08
580,b,11283,3741,NiKo,1.46
580,b,11283,12018,TeSeS,1.28
580,b,11283,24177,kyousuke,1.11
580,b,11283,19677,kyxsan,1.08
861,b,6248,20903,Senzu,2.71
861,b,6248,21809,910,1.2
861,b,6248,20275,Techno,1.18
861,b,6248,20194,bLitz,1.09
861,b,6248,21001,mzinho,1.06
861,a,11861,7938,XANTARES,1.45
861,a,11861,150,MAJ3R,0.8
861,a,11861,21243,Wicadia,0.79
861,a,11861,22361,jottAAA,0.6
861,a,11861,8574,woxic,0.52
1563,a,13404,19509,dav1g,1.41
1563,a,13404,21239,MartinezSa,1.28
1563,a,13404,8371,alex,1.13
1563,a,13404,9254,mopoz,1.1
1563,a,13404,18749,sausol,0.93
1563,b,7969,23317,khaN,1.22
1563,b,7969,21266,1eeR,1.13
1563,b,7969,20387,Xant3r,0.96
1563,b,7969,1154,roman,0.87
1563,b,7969,22460,riskyb0b,0.86
1093,a,9565,16693,flameZ,1.4
1093,a,9565,11893,ZywOo,1.27
1093,a,9565,7322,apEX,1.07
1093,a,9565,11816,ropz,1.0
1093,a,9565,18462,mezii,0.97
1093,b,12376,20104,s1n,1.05
1093,b,12376,16599,Swisher,1.04
1093,b,12376,18838,HexT,1.01
1093,b,12376,22921,Lake,0.93
1093,b,12376,15370,slaxz-,0.67
2427,b,9928,20301,Tauson,1.79
2427,b,9928,9278,REZ,1.18
2427,b,9928,16486,ztr,1.18
2427,b,9928,22279,PR,1.1
2427,b,9928,20482,Kursy,0.96
2427,a,5378,12732,FL1T,1.21
2427,a,5378,16947,Perfecto,1.12
2427,a,5378,8918,electroNic,0.88
2427,a,5378,21439,ICY,0.69
2427,a,5378,20101,fame,0.6
615,a,6667,18053,broky,1.3
615,a,6667,429,karrigan,1.24
615,a,6667,9960,frozen,1.21
615,a,6667,8183,rain,0.97
615,a,6667,22383,jcobbb,0.92
615,b,11419,20417,Anlelele,1.21
615,b,11419,22695,sirah,0.98
615,b,11419,10961,Kristou,0.96
615,b,11419,11995,TMB,0.93
615,b,11419,21779,nut nut,0.87
76,a,13404,21239,MartinezSa,1.21
76,a,13404,18749,sausol,1.0
76,a,13404,8371,alex,1.0
76,a,13404,19509,dav1g,0.89
76,a,13404,9254,mopoz,0.64
76,b,10503,13602,nicoodoz,1.83
76,b,10503,19064,spooke,1.31
76,b,10503,20465,arrozdoce,1.12
76,b,10503,20878,adamb,0.9
76,b,10503,21983,Chr1zN,0.83
1825,b,4608,22673,makazze,1.61
1825,b,4608,9816,Aleksib,1.34
1825,b,4608,18987,b1t,1.31
1825,b,4608,14759,iM,1.16
1825,b,4608,20127,w0nderful,1.12
1825,a,4991,23046,jambo,1.27
1825,a,4991,18571,CYPHER,1.06
1825,a,4991,7528,KRIMZ,0.92
1825,a,4991,15165,blameF,0.7
1825,a,4991,17803,fEAR,0.63
2457,b,5995,11617,malbsMd,2.59
2457,b,5995,3972,huNter-,1.6
2457,b,5995,21062,MATYS,1.47
2457,b,5995,20447,HeavyGod,0.85
2457,b,5995,19164,SunPayus,0.84
2457,a,5973,10394,Twistzz,1.17
2457,a,5973,21763,ultimate,0.84
2457,a,5973,8520,NAF,0.64
2457,a,5973,9436,NertZ,0.62
2457,a,5973,16820,siuhy,0.41
1443,a,7020,21167,donk,2.1
1443,a,7020,23685,zweih,1.68
1443,a,7020,7716,chopper,1.02
1443,a,7020,16920,sh1ro,1.0
1443,a,7020,20423,zont1x,0.89
1443,b,12774,18214,nettik,1.01
1443,b,12774,17384,Vexite,0.98
1443,b,12774,20123,regali,0.85
1443,b,12774,11140,INS,0.82
1443,b,12774,4679,jks,0.71
1352,a,8297,13915,YEKINDAR,1.54
1352,a,8297,24144,molodoy,1.43
1352,a,8297,15631,KSCERATO,1.37
1352,a,8297,12553,yuurih,1.2
1352,a,8297,2023,FalleN,1.0
1352,b,12468,19686,n1ssim,0.92
1352,b,12468,15698,dumau,0.79
1352,b,12468,19045,latto,0.74
1352,b,12468,20563,lux,0.72
1352,b,12468,22965,saadzin,0.53
69,a,10503,20878,adamb,1.21
69,a,10503,21983,Chr1zN,1.05
69,a,10503,13602,nicoodoz,0.89
69,a,10503,19064,spooke,0.87
69,a,10503,20465,arrozdoce,0.78
69,b,12467,13776,Jame,1.28
69,b,12467,19235,BELCHONOKK,1.18
69,b,12467,22076,AW,1.12
69,b,12467,22929,nota,1.1
69,b,12467,22471,xiELO,0.94
2239,b,4914,19739,Ex3rcice,1.39
2239,b,4914,13497,Lucky,1.33
2239,b,4914,8374,bodyy,1.28
2239,b,4914,21969,Graviti,1.13
2239,b,4914,13138,Maka,1.0
2239,a,8840,18744,z4KR,1.44
2239,a,8840,16551,Westmelon,1.26
2239,a,8840,22922,EmiliaQAQ,0.9
2239,a,8840,20254,Starry,0.6
2239,a,8840,23100,C4LLM3SU3,0.56
275,a,4863,19645,JamYoung,1.7
275,a,4863,20702,Jee,1.52
275,a,4863,21621,Moseyuh,1.43
275,a,4863,20895,Mercury,0.94
275,a,4863,8552,Attacker,0.4
275,b,11241,23643,esenthial,1.11
275,b,11241,22842,kensizor,1.05
275,b,11241,20112,alex666,1.04
275,b,11241,19592,headtr1ck,0.99
275,b,11241,21708,npl,0.98
609,a,11419,20417,Anlelele,1.21
609,a,11419,21779,nut nut,1.04
609,a,11419,10961,Kristou,0.82
609,a,11419,22695,sirah,0.68
609,a,11419,11995,TMB,0.39
609,b,4991,18571,CYPHER,1.74
609,b,4991,15165,blameF,1.59
609,b,4991,23046,jambo,1.27
609,b,4991,17803,fEAR,1.09
609,b,4991,7528,KRIMZ,1.02
2069,b,4914,8374,bodyy,1.88
2069,b,4914,13138,Maka,1.68
2069,b,4914,21969,Graviti,1.62
2069,b,4914,13497,Lucky,1.47
2069,b,4914,19739,Ex3rcice,0.93
2069,a,4863,8552,Attacker,0.79
2069,a,4863,19645,JamYoung,0.63
2069,a,4863,20895,Mercury,0.59
2069,a,4863,20702,Jee,0.57
2069,a,4863,21621,Moseyuh,0.53
1055,a,12376,22921,Lake,1.54
1055,a,12376,18838,HexT,1.45
1055,a,12376,15370,slaxz-,1.06
1055,a,12376,20104,s1n,0.98
1055,a,12376,16599,Swisher,0.71
1055,b,5378,8918,electroNic,1.29
1055,b,5378,20101,fame,1.19
1055,b,5378,21439,ICY,0.98
1055,b,5378,12732,FL1T,0.92
1055,b,5378,16947,Perfecto,0.64
3015,b,9565,11816,ropz,1.91
3015,b,9565,16693,flameZ,1.72
3015,b,9565,7322,apEX,1.6
3015,b,9565,11893,ZywOo,1.55
3015,b,9565,18462,mezii,0.8
3015,a,9928,20301,Tauson,1.15
3015,a,9928,9278,REZ,0.95
3015,a,9928,20482,Kursy,0.81
3015,a,9928,22279,PR,0.38
3015,a,9928,16486,ztr,0.36
2120,a,4991,23046,jambo,1.61
2120,a,4991,18571,CYPHER,1.48
2120,a,4991,7528,KRIMZ,1.46
2120,a,4991,15165,blameF,0.94
2120,a,4991,17803,fEAR,0.87
2120,b,4869,12731,sdy,1.13
2120,b,4869,21972,Neityu,1.03
2120,b,4869,21233,myltsi,0.84
2120,b,4869,12708,rigoN,0.77
2120,b,4869,21815,podi,0.68
1882,b,6667,9960,frozen,1.62
1882,b,6667,18053,broky,1.44
1882,b,6667,8183,rain,1.16
1882,b,6667,22383,jcobbb,0.91
1882,b,6667,429,karrigan,0.59
1882,a,4608,20127,w0nderful,1.27
1882,a,4608,14759,iM,1.09
1882,a,4608,18987,b1t,1.07
1882,a,4608,9816,Aleksib,0.96
1882,a,4608,22673,makazze,0.73
323,a,8840,20254,Starry,1.82
323,a,8840,18744,z4KR,1.64
323,a,8840,22922,EmiliaQAQ,1.11
323,a,8840,23100,C4LLM3SU3,1.09
323,a,8840,16551,Westmelon,0.68
323,b,11241,22842,kensizor,1.24
323,b,11241,21708,npl,0.96
323,b,11241,23643,esenthial,0.76
323,b,11241,20112,alex666,0.67
323,b,11241,19592,headtr1ck,0.65
1598,b,4411,20464,ewjerkz,1.55
1598,b,4411,922,Snappi,1.03
1598,b,4411,14148,sjuush,0.93
1598,b,4411,20425,r1nkle,0.52
1598,b,4411,23372,xKacpersky,0.43
1598,a,4869,21972,Neityu,1.55
1598,a,4869,21233,myltsi,1.36
1598,a,4869,21815,podi,1.29
1598,a,4869,12731,sdy,1.25
1598,a,4869,12708,rigoN,1.13
65,a,12394,20357,d1Ledez,2.01
65,a,12394,21667,Magnojez,1.6
65,a,12394,21348,ArtFr0st,1.16
65,a,12394,11840,Boombl4,1.06
65,a,12394,18506,S1ren,0.72
65,b,10503,21983,Chr1zN,1.11
65,b,10503,20878,adamb,0.95
65,b,10503,19064,spooke,0.88
65,b,10503,13602,nicoodoz,0.78
65,b,10503,20465,arrozdoce,0.59
1299,b,12774,20123,regali,2.17
1299,b,12774,4679,jks,1.08
1299,b,12774,11140,INS,0.99
1299,b,12774,17384,Vexite,0.95
1299,b,12774,18214,nettik,0.85
1299,a,12468,19045,latto,1.5
1299,a,12468,22965,saadzin,0.9
1299,a,12468,15698,dumau,0.9
1299,a,12468,20563,lux,0.86
1299,a,12468,19686,n1ssim,0.74
1553,b,13404,18749,sausol,1.44
1553,b,13404,21239,MartinezSa,1.24
1553,b,13404,9254,mopoz,0.81
1553,b,13404,19509,dav1g,0.53
1553,b,13404,8371,alex,0.46
1553,a,4869,21815,podi,1.6
1553,a,4869,12731,sdy,1.42
1553,a,4869,12708,rigoN,1.37
1553,a,4869,21233,myltsi,1.24
1553,a,4869,21972,Neityu,1.02
1708,b,4494,18850,Jimpphat,1.37
1708,b,4494,18072,torzsi,1.19
1708,b,4494,20312,xertioN,1.16
1708,b,4494,18221,Spinx,1.13
1708,b,4494,13666,Brollan,0.91
1708,a,5995,21062,MATYS,1.37
1708,a,5995,19164,SunPayus,1.03
1708,a,5995,11617,malbsMd,0.95
1708,a,5995,3972,huNter-,0.73
1708,a,5995,20447,HeavyGod,0.59
15,b,4869,21233,myltsi,2.61
15,b,4869,12708,rigoN,1.95
15,b,4869,12731,sdy,1.41
15,b,4869,21815,podi,1.07
15,b,4869,21972,Neityu,1.01
15,a,10278,20300,kraghen,1.02
15,a,10278,22702,cej0t,0.66
15,a,10278,2898,raalz,0.54
15,a,10278,14932,faveN,0.54
15,a,10278,16726,phzy,0.45
2828,b,7020,21167,donk,1.93
2828,b,7020,16920,sh1ro,1.41
2828,b,7020,20423,zont1x,0.88
2828,b,7020,7716,chopper,0.85
2828,b,7020,23685,zweih,0.81
2828,a,8297,15631,KSCERATO,1.79
2828,a,8297,13915,YEKINDAR,1.47
2828,a,8297,24144,molodoy,1.13
2828,a,8297,12553,yuurih,0.91
2828,a,8297,2023,FalleN,0.6
2102,a,4863,19645,JamYoung,1.43
2102,a,4863,20702,Jee,1.28
2102,a,4863,8552,Attacker,1.27
2102,a,4863,21621,Moseyuh,1.26
2102,a,4863,20895,Mercury,0.72
2102,b,8840,20254,Starry,1.87
2102,b,8840,16551,Westmelon,1.12
2102,b,8840,23100,C4LLM3SU3,0.71
2102,b,8840,22922,EmiliaQAQ,0.67
2102,b,8840,18744,z4KR,0.56
2287,a,4991,23046,jambo,1.4
2287,a,4991,7528,KRIMZ,1.15
2287,a,4991,15165,blameF,1.1
2287,a,4991,17803,fEAR,1.02
2287,a,4991,18571,CYPHER,0.96
2287,b,9928,20301,Tauson,1.16
2287,b,9928,9278,REZ,1.09
2287,b,9928,16486,ztr,0.91
2287,b,9928,22279,PR,0.89
2287,b,9928,20482,Kursy,0.68
2070,a,4914,13497,Lucky,1.81
2070,a,4914,8374,bodyy,1.25
2070,a,4914,21969,Graviti,1.13
2070,a,4914,13138,Maka,1.06
2070,a,4914,19739,Ex3rcice,0.71
2070,b,4863,21621,Moseyuh,1.51
2070,b,4863,20895,Mercury,1.22
2070,b,4863,20702,Jee,1.17
2070,b,4863,19645,JamYoung,0.85
2070,b,4863,8552,Attacker,0.44
1041,a,12376,16599,Swisher,1.35
1041,a,12376,22921,Lake,1.34
1041,a,12376,20104,s1n,1.24
1041,a,12376,18838,HexT,1.01
1041,a,12376,15370,slaxz-,0.95
1041,b,4608,14759,iM,1.19
1041,b,4608,20127,w0nderful,1.17
1041,b,4608,9816,Aleksib,1.0
1041,b,4608,22673,makazze,0.71
1041,b,4608,18987,b1t,0.69
2486,a,5973,10394,Twistzz,1.85
2486,a,5973,16820,siuhy,0.87
2486,a,5973,8520,NAF,0.79
2486,a,5973,9436,NertZ,0.7
2486,a,5973,21763,ultimate,0.45
2486,b,7020,16920,sh1ro,1.97
2486,b,7020,21167,donk,1.52
2486,b,7020,7716,chopper,1.06
2486,b,7020,23685,zweih,1.05
2486,b,7020,20423,zont1x,0.63
1109,a,12394,21667,Magnojez,1.55
1109,a,12394,20357,d1Ledez,1.35
1109,a,12394,21348,ArtFr0st,1.25
1109,a,12394,11840,Boombl4,1.14
1109,a,12394,18506,S1ren,0.74
1109,b,12833,24168,onic,1.34
1109,b,12833,24283,cairne,1.21
1109,b,12833,22643,nifee,1.03
1109,b,12833,24282,Dawy,0.82
1109,b,12833,23642,Flierax,0.77
12,b,12467,19235,BELCHONOKK,1.73
12,b,12467,22076,AW,1.6
12,b,12467,22471,xiELO,1.05
12,b,12467,22929,nota,1.05
12,b,12467,13776,Jame,1.02
12,a,10278,20300,kraghen,1.33
12,a,10278,2898,raalz,0.91
12,a,10278,16726,phzy,0.78
12,a,10278,22702,cej0t,0.67
12,a,10278,14932,faveN,0.46
1432,a,12774,20123,regali,1.05
1432,a,12774,4679,jks,0.8
1432,a,12774,17384,Vexite,0.62
1432,a,12774,18214,nettik,0.57
1432,a,12774,11140,INS,0.31
1432,b,5995,3972,huNter-,1.64
1432,b,5995,21062,MATYS,1.44
1432,b,5995,11617,malbsMd,1.4
1432,b,5995,20447,HeavyGod,1.3
1432,b,5995,19164,SunPayus,1.13
2794,b,9565,16693,flameZ,1.91
2794,b,9565,11893,ZywOo,1.6
2794,b,9565,18462,mezii,1.24
2794,b,9565,11816,ropz,1.04
2794,b,9565,7322,apEX,0.92
2794,a,6667,9960,frozen,1.27
2794,a,6667,8183,rain,1.07
2794,a,6667,18053,broky,0.95
2794,a,6667,22383,jcobbb,0.72
2794,a,6667,429,karrigan,0.42
1051,b,4991,15165,blameF,1.37
1051,b,4991,18571,CYPHER,1.05
1051,b,4991,17803,fEAR,1.03
1051,b,4991,7528,KRIMZ,0.81
1051,b,4991,23046,jambo,0.73
1051,a,12376,22921,Lake,1.54
1051,a,12376,18838,HexT,1.12
1051,a,12376,20104,s1n,1.07
1051,a,12376,16599,Swisher,0.92
1051,a,12376,15370,slaxz-,0.92
1773,b,4494,20312,xertioN,1.37
1773,b,4494,13666,Brollan,1.08
1773,b,4494,18072,torzsi,0.9
1773,b,4494,18850,Jimpphat,0.9
1773,b,4494,18221,Spinx,0.76
1773,a,8297,24144,molodoy,1.26
1773,a,8297,12553,yuurih,1.26
1773,a,8297,15631,KSCERATO,1.2
1773,a,8297,2023,FalleN,1.17
1773,a,8297,13915,YEKINDAR,0.76
1098,a,12394,21667,Magnojez,0.95
1098,a,12394,11840,Boombl4,0.69
1098,a,12394,21348,ArtFr0st,0.62
1098,a,12394,18506,S1ren,0.48
1098,a,12394,20357,d1Ledez,0.26
1098,b,12467,22471,xiELO,2.73
1098,b,12467,22929,nota,1.73
1098,b,12467,13776,Jame,1.58
1098,b,12467,19235,BELCHONOKK,1.41
1098,b,12467,22076,AW,0.86
2561,a,7020,20423,zont1x,0.71
2561,a,7020,16920,sh1ro,0.59
2561,a,7020,23685,zweih,0.59
2561,a,7020,21167,donk,0.54
2561,a,7020,7716,chopper,0.31
2561,b,5995,11617,malbsMd,2.07
2561,b,5995,21062,MATYS,1.97
2561,b,5995,3972,huNter-,1.55
2561,b,5995,19164,SunPayus,1.44
2561,b,5995,20447,HeavyGod,1.34
1039,a,4494,18221,Spinx,2.22
1039,a,4494,13666,Brollan,1.5
1039,a,4494,18072,torzsi,1.48
1039,a,4494,18850,Jimpphat,1.14
1039,a,4494,20312,xertioN,0.95
1039,b,12376,20104,s1n,1.26
1039,b,12376,22921,Lake,0.87
1039,b,12376,18838,HexT,0.66
1039,b,12376,15370,slaxz-,0.62
1039,b,12376,16599,Swisher,0.5
2549,b,6667,429,karrigan,1.16
2549,b,6667,9960,frozen,1.05
2549,b,6667,8183,rain,1.0
2549,b,6667,18053,broky,0.89
2549,b,6667,22383,jcobbb,0.76
2549,a,5995,20447,HeavyGod,1.44
2549,a,5995,21062,MATYS,1.44
2549,a,5995,3972,huNter-,1.22
2549,a,5995,19164,SunPayus,1.04
2549,a,5995,11617,malbsMd,0.95
1791,b,9565,11893,ZywOo,1.56
1791,b,9565,16693,flameZ,1.56
1791,b,9565,7322,apEX,1.12
1791,b,9565,18462,mezii,1.01
1791,b,9565,11816,ropz,0.79
1791,a,4494,18221,Spinx,1.31
1791,a,4494,18850,Jimpphat,0.85
1791,a,4494,18072,torzsi,0.83
1791,a,4494,13666,Brollan,0.82
1791,a,4494,20312,xertioN,0.54
2583,b,8297,2023,FalleN,0.84
2583,b,8297,15631,KSCERATO,0.8
2583,b,8297,13915,YEKINDAR,0.76
2583,b,8297,24144,molodoy,0.74
2583,b,8297,12553,yuurih,0.58
2583,a,5995,3972,huNter-,1.87
2583,a,5995,19164,SunPayus,1.72
2583,a,5995,21062,MATYS,1.18
2583,a,5995,20447,HeavyGod,1.13
2583,a,5995,11617,malbsMd,0.97
2602,b,9565,11816,ropz,1.01
2602,b,9565,16693,flameZ,0.93
2602,b,9565,18462,mezii,0.89
2602,b,9565,7322,apEX,0.88
2602,b,9565,11893,ZywOo,0.85
2602,a,5995,20447,HeavyGod,1.92
2602,a,5995,21062,MATYS,1.64
2602,a,5995,3972,huNter-,1.26
2602,a,5995,11617,malbsMd,1.06
2602,a,5995,19164,SunPayus,0.43
602,a,11419,22695,sirah,1.03
602,a,11419,20417,Anlelele,0.87
602,a,11419,10330,acoR,0.81
602,a,11419,21779,nut nut,0.75
602,a,11419,11995,TMB,0.63
602,b,12467,22076,AW,1.87
602,b,12467,13776,Jame,1.82
602,b,12467,22471,xiELO,1.24
602,b,12467,19235,BELCHONOKK,1.15
602,b,12467,22929,nota,0.61
188,b,10567,20462,story,1.22
188,b,10567,23140,krazy,1.19
188,b,10567,630,MUTiRiS,0.94
188,b,10567,21014,Ag1l,0.85
188,b,10567,22807,aragornN,0.47
188,a,7532,5794,tabseN,1.43
188,a,7532,14929,JDC,1.38
188,a,7532,19284,prosus,1.14
188,a,7532,21468,hyped,1.03
188,a,7532,19899,Krimbo,0.81
2149,a,4869,12731,sdy,1.4
2149,a,4869,21972,Neityu,0.95
2149,a,4869,21233,myltsi,0.91
2149,a,4869,21815,podi,0.85
2149,a,4869,12708,rigoN,0.58
2149,b,7969,20387,Xant3r,1.97
2149,b,7969,22460,riskyb0b,1.37
2149,b,7969,21266,1eeR,1.1
2149,b,7969,22325,sowalio,1.02
2149,b,7969,23317,khaN,0.71
62,a,10503,19064,spooke,1.92
62,a,10503,20465,arrozdoce,1.43
62,a,10503,20878,adamb,1.04
62,a,10503,21983,Chr1zN,1.02
62,a,10503,13602,nicoodoz,0.8
62,b,12376,22921,Lake,1.47
62,b,12376,20104,s1n,0.96
62,b,12376,16599,Swisher,0.79
62,b,12376,15370,slaxz-,0.64
62,b,12376,18838,HexT,0.58
93,b,7532,5794,tabseN,0.96
93,b,7532,14929,JDC,0.95
93,b,7532,19899,Krimbo,0.77
93,b,7532,21468,hyped,0.55
93,b,7532,19284,prosus,0.46
93,a,10503,20465,arrozdoce,1.64
93,a,10503,21983,Chr1zN,1.58
93,a,10503,20878,adamb,1.58
93,a,10503,13602,nicoodoz,1.56
93,a,10503,19064,spooke,0.9
2111,b,9928,16486,ztr,0.96
2111,b,9928,22279,PR,0.88
2111,b,9928,20301,Tauson,0.77
2111,b,9928,9278,REZ,0.65
2111,b,9928,20482,Kursy,0.63
2111,a,4863,19645,JamYoung,2.02
2111,a,4863,20702,Jee,1.85
2111,a,4863,21621,Moseyuh,1.85
2111,a,4863,8552,Attacker,0.8
2111,a,4863,20895,Mercury,0.68
2200,b,6248,20275,Techno,1.09
2200,b,6248,20903,Senzu,0.99
2200,b,6248,21001,mzinho,0.98
2200,b,6248,21809,910,0.91
2200,b,6248,20194,bLitz,0.7
2200,a,4914,8374,bodyy,1.3
2200,a,4914,13138,Maka,1.24
2200,a,4914,21969,Graviti,1.17
2200,a,4914,19739,Ex3rcice,1.11
2200,a,4914,13497,Lucky,0.89
510,b,11283,24177,kyousuke,2.43
510,b,11283,19230,m0NESY,1.88
510,b,11283,12018,TeSeS,1.81
510,b,11283,19677,kyxsan,1.31
510,b,11283,3741,NiKo,0.64
510,a,5378,20101,fame,1.1
510,a,5378,12732,FL1T,1.05
510,a,5378,21439,ICY,0.58
510,a,5378,24952,tO0RO,0.52
510,a,5378,16947,Perfecto,0.42
872,b,11861,21243,Wicadia,1.37
872,b,11861,7938,XANTARES,1.25
872,b,11861,150,MAJ3R,1.17
872,b,11861,22361,jottAAA,1.14
872,b,11861,8574,woxic,0.93
872,a,6665,7592,device,1.58
872,a,6665,17956,jabbi,1.15
872,a,6665,10096,HooXi,0.92
872,a,6665,20304,Staehr,0.79
872,a,6665,9032,Magisk,0.56
1350,a,7175,19187,xfl0ud,1.35
1350,a,7175,20119,nilo,1.11
1350,a,7175,22047,yxngstxr,1.01
1350,a,7175,19310,LNZ,0.71
1350,a,7175,23600,Alkaren,0.38
1350,b,12468,15698,dumau,1.79
1350,b,12468,22965,saadzin,1.34
1350,b,12468,19045,latto,1.27
1350,b,12468,19686,n1ssim,1.25
1350,b,12468,20563,lux,1.15
2593,b,5995,20447,HeavyGod,1.89
2593,b,5995,3972,huNter-,1.44
2593,b,5995,19164,SunPayus,0.99
2593,b,5995,11617,malbsMd,0.92
2593,b,5995,21062,MATYS,0.89
2593,a,8840,20254,Starry,1.25
2593,a,8840,18744,z4KR,1.01
2593,a,8840,22922,EmiliaQAQ,0.76
2593,a,8840,16551,Westmelon,0.74
2593,a,8840,23100,C4LLM3SU3,0.64
2151,a,7969,22325,sowalio,1.54
2151,a,7969,20387,Xant3r,1.53
2151,a,7969,23317,khaN,1.3
2151,a,7969,21266,1eeR,1.21
2151,a,7969,22460,riskyb0b,0.86
2151,b,4869,12731,sdy,1.61
2151,b,4869,12708,rigoN,0.99
2151,b,4869,21815,podi,0.79
2151,b,4869,21972,Neityu,0.64
2151,b,4869,21233,myltsi,0.57
1992,b,6667,9960,frozen,2.05
1992,b,6667,22383,jcobbb,1.83
1992,b,6667,18053,broky,1.1
1992,b,6667,429,karrigan,0.91
1992,b,6667,8183,rain,0.83
1992,a,4773,14736,dgt,0.91
1992,a,4773,18865,dav1deuS,0.86
1992,a,4773,18141,biguzera,0.84
1992,a,4773,19694,nqz,0.73
1992,a,4773,20171,snow,0.66
54,b,11581,19823,dukefissura,1.67
54,b,11581,16612,n0rb3r7,1.1
54,b,11581,18752,kade0,0.99
54,b,11581,21385,mizu,0.8
54,b,11581,24806,frontales,0.76
54,a,10503,19064,spooke,1.25
54,a,10503,20465,arrozdoce,1.0
54,a,10503,13602,nicoodoz,0.98
54,a,10503,21983,Chr1zN,0.9
54,a,10503,20878,adamb,0.81
2506,b,8297,15631,KSCERATO,1.83
2506,b,8297,24144,molodoy,1.41
2506,b,8297,2023,FalleN,1.35
2506,b,8297,13915,YEKINDAR,0.9
2506,b,8297,12553,yuurih,0.81
2506,a,5973,21763,ultimate,1.31
2506,a,5973,16820,siuhy,1.12
2506,a,5973,8520,NAF,0.92
2506,a,5973,10394,Twistzz,0.74
2506,a,5973,9436,NertZ,0.51
1461,b,12833,24283,cairne,1.22
1461,b,12833,24282,Dawy,0.97
1461,b,12833,23642,Flierax,0.87
1461,b,12833,24168,onic,0.87
1461,b,12833,22643,nifee,0.45
1461,a,7532,19899,Krimbo,1.69
1461,a,7532,19284,prosus,1.53
1461,a,7532,5794,tabseN,1.48
1461,a,7532,14929,JDC,1.03
1461,a,7532,21468,hyped,0.72
2213,b,4914,13497,Lucky,0.98
2213,b,4914,8374,bodyy,0.93
2213,b,4914,19739,Ex3rcice,0.83
2213,b,4914,13138,Maka,0.76
2213,b,4914,21969,Graviti,0.67
2213,a,6667,22383,jcobbb,1.85
2213,a,6667,8183,rain,1.41
2213,a,6667,9960,frozen,1.22
2213,a,6667,18053,broky,1.16
2213,a,6667,429,karrigan,0.92
2658,b,6248,20194,bLitz,1.73
2658,b,6248,20275,Techno,1.48
2658,b,6248,20903,Senzu,1.46
2658,b,6248,21809,910,1.05
2658,b,6248,21001,mzinho,0.75
2658,a,8840,18744,z4KR,1.13
2658,a,8840,23100,C4LLM3SU3,1.01
2658,a,8840,16551,Westmelon,0.96
2658,a,8840,20254,Starry,0.6
2658,a,8840,22922,EmiliaQAQ,0.38
2279,a,4991,23046,jambo,1.44
2279,a,4991,7528,KRIMZ,1.27
2279,a,4991,18571,CYPHER,1.05
2279,a,4991,15165,blameF,0.72
2279,a,4991,17803,fEAR,0.61
2279,b,7969,22460,riskyb0b,1.16
2279,b,7969,21266,1eeR,1.13
2279,b,7969,22325,sowalio,1.03
2279,b,7969,20387,Xant3r,0.9
2279,b,7969,23317,khaN,0.87
2371,b,5378,24952,tO0RO,1.54
2371,b,5378,20101,fame,1.09
2371,b,5378,12732,FL1T,1.01
2371,b,5378,21439,ICY,0.73
2371,b,5378,16947,Perfecto,0.69
2371,a,6665,20304,Staehr,1.62
2371,a,6665,10096,HooXi,1.13
2371,a,6665,9032,Magisk,1.07
2371,a,6665,7592,device,0.95
2371,a,6665,17956,jabbi,0.8
452,b,11283,3741,NiKo,1.42
452,b,11283,24177,kyousuke,1.27
452,b,11283,12018,TeSeS,1.18
452,b,11283,19230,m0NESY,1.1
452,b,11283,19677,kyxsan,0.96
452,a,12468,19686,n1ssim,1.12
452,a,12468,19045,latto,1.04
452,a,12468,22965,saadzin,0.97
452,a,12468,20563,lux,0.8
452,a,12468,15698,dumau,0.73
2524,b,9928,22279,PR,1.71
2524,b,9928,16486,ztr,1.4
2524,b,9928,20301,Tauson,1.2
2524,b,9928,9278,REZ,1.18
2524,b,9928,20482,Kursy,0.9
2524,a,5973,10394,Twistzz,1.09
2524,a,5973,16820,siuhy,1.06
2524,a,5973,21763,ultimate,0.83
2524,a,5973,8520,NAF,0.8
2524,a,5973,9436,NertZ,0.58
616,a,11419,21779,nut nut,1.89
616,a,11419,22695,sirah,1.56
616,a,11419,20417,Anlelele,1.48
616,a,11419,10330,acoR,1.48
616,a,11419,11995,TMB,1.23
616,b,7532,5794,tabseN,1.11
616,b,7532,14929,JDC,0.99
616,b,7532,21468,hyped,0.68
616,b,7532,19284,prosus,0.53
616,b,7532,19899,Krimbo,0.39
838,b,11861,21243,Wicadia,1.47
838,b,11861,8574,woxic,1.27
838,b,11861,22361,jottAAA,1.25
838,b,11861,7938,XANTARES,1.11
838,b,11861,150,MAJ3R,0.76
838,a,4863,21621,Moseyuh,1.26
838,a,4863,8552,Attacker,1.16
838,a,4863,20895,Mercury,0.89
838,a,4863,20702,Jee,0.76
838,a,4863,19645,JamYoung,0.59
1999,a,7175,20119,nilo,1.21
1999,a,7175,23600,Alkaren,1.2
1999,a,7175,22047,yxngstxr,1.07
1999,a,7175,19187,xfl0ud,0.92
1999,a,7175,19310,LNZ,0.74
1999,b,4773,19694,nqz,1.39
1999,b,4773,20171,snow,1.29
1999,b,4773,18865,dav1deuS,1.16
1999,b,4773,14736,dgt,0.97
1999,b,4773,18141,biguzera,0.91
2589,b,8297,2023,FalleN,1.37
2589,b,8297,24144,molodoy,1.33
2589,b,8297,15631,KSCERATO,1.27
2589,b,8297,13915,YEKINDAR,1.18
2589,b,8297,12553,yuurih,0.52
2589,a,5995,3972,huNter-,1.36
2589,a,5995,19164,SunPayus,1.19
2589,a,5995,20447,HeavyGod,1.1
2589,a,5995,11617,malbsMd,0.83
2589,a,5995,21062,MATYS,0.79
140,b,10567,20462,story,1.44
140,b,10567,630,MUTiRiS,1.29
140,b,10567,21014,Ag1l,1.06
140,b,10567,23140,krazy,0.92
140,b,10567,22807,aragornN,0.82
140,a,13404,21239,MartinezSa,1.22
140,a,13404,18749,sausol,1.09
140,a,13404,8371,alex,0.92
140,a,13404,9254,mopoz,0.82
140,a,13404,19509,dav1g,0.74
610,b,4991,7528,KRIMZ,1.34
610,b,4991,17803,fEAR,1.07
610,b,4991,15165,blameF,1.02
610,b,4991,23046,jambo,1.01
610,b,4991,18571,CYPHER,0.49
610,a,11419,20417,Anlelele,1.65
610,a,11419,21779,nut nut,1.4
610,a,11419,10330,acoR,1.05
610,a,11419,22695,sirah,0.89
610,a,11419,11995,TMB,0.74
2082,b,4863,8552,Attacker,1.2
2082,b,4863,20702,Jee,0.88
2082,b,4863,20895,Mercury,0.8
2082,b,4863,19645,JamYoung,0.77
2082,b,4863,21621,Moseyuh,0.76
2082,a,6248,20275,Techno,1.51
2082,a,6248,20903,Senzu,1.34
2082,a,6248,21001,mzinho,1.3
2082,a,6248,20194,bLitz,1.29
2082,a,6248,21809,910,0.97
2406,b,5378,12732,FL1T,1.47
2406,b,5378,24952,tO0RO,1.25
2406,b,5378,20101,fame,1.2
2406,b,5378,21439,ICY,0.89
2406,b,5378,16947,Perfecto,0.81
2406,a,8840,20254,Starry,1.16
2406,a,8840,23100,C4LLM3SU3,1.08
2406,a,8840,18744,z4KR,1.01
2406,a,8840,16551,Westmelon,0.78
2406,a,8840,22922,EmiliaQAQ,0.6
2495,a,5973,9436,NertZ,1.76
2495,a,5973,21763,ultimate,1.45
2495,a,5973,10394,Twistzz,1.42
2495,a,5973,8520,NAF,0.65
2495,a,5973,16820,siuhy,0.57
2495,b,7175,19187,xfl0ud,1.3
2495,b,7175,20119,nilo,1.22
2495,b,7175,19310,LNZ,0.98
2495,b,7175,22047,yxngstxr,0.72
2495,b,7175,23600,Alkaren,0.71
2257,a,4914,8374,bodyy,1.07
2257,a,4914,19739,Ex3rcice,1.06
2257,a,4914,13497,Lucky,0.94
2257,a,4914,13138,Maka,0.86
2257,a,4914,21969,Graviti,0.67
2257,b,9928,22279,PR,1.25
2257,b,9928,16486,ztr,1.21
2257,b,9928,20301,Tauson,1.18
2257,b,9928,20482,Kursy,1.02
2257,b,9928,9278,REZ,0.91
1332,a,12468,19045,latto,0.98
1332,a,12468,20563,lux,0.89
1332,a,12468,19686,n1ssim,0.74
1332,a,12468,22965,saadzin,0.71
1332,a,12468,15698,dumau,0.55
1332,b,5995,19164,SunPayus,1.83
1332,b,5995,21062,MATYS,1.82
1332,b,5995,20447,HeavyGod,1.25
1332,b,5995,3972,huNter-,1.03
1332,b,5995,11617,malbsMd,0.68
542,a,11283,24177,kyousuke,1.59
542,a,11283,3741,NiKo,1.54
542,a,11283,19677,kyxsan,1.5
542,a,11283,12018,TeSeS,1.22
542,a,11283,19230,m0NESY,1.02
542,b,6667,22383,jcobbb,1.07
542,b,6667,429,karrigan,0.9
542,b,6667,18053,broky,0.7
542,b,6667,9960,frozen,0.53
542,b,6667,8183,rain,0.48
1981,b,6665,7592,device,1.18
1981,b,6665,17956,jabbi,1.13
1981,b,6665,20304,Staehr,1.06
1981,b,6665,10096,HooXi,0.81
1981,b,6665,9032,Magisk,0.8
1981,a,4773,14736,dgt,1.38
1981,a,4773,19694,nqz,1.34
1981,a,4773,18141,biguzera,1.19
1981,a,4773,18865,dav1deuS,0.83
1981,a,4773,20171,snow,0.73
906,a,11861,7938,XANTARES,1.64
906,a,11861,8574,woxic,1.26
906,a,11861,21243,Wicadia,1.04
906,a,11861,150,MAJ3R,0.8
906,a,11861,22361,jottAAA,0.6
906,b,8297,24144,molodoy,1.06
906,b,8297,15631,KSCERATO,1.03
906,b,8297,13915,YEKINDAR,1.0
906,b,8297,2023,FalleN,1.0
906,b,8297,12553,yuurih,0.64
2175,b,4914,13497,Lucky,1.16
2175,b,4914,13138,Maka,1.14
2175,b,4914,21969,Graviti,1.03
2175,b,4914,8374,bodyy,0.69
2175,b,4914,19739,Ex3rcice,0.53
2175,a,5378,20101,fame,1.57
2175,a,5378,12732,FL1T,1.55
2175,a,5378,16947,Perfecto,1.08
2175,a,5378,24952,tO0RO,1.04
2175,a,5378,21439,ICY,0.55
2611,a,5995,21062,MATYS,1.66
2611,a,5995,3972,huNter-,1.28
2611,a,5995,19164,SunPayus,1.1
2611,a,5995,11617,malbsMd,1.03
2611,a,5995,20447,HeavyGod,0.91
2611,b,9928,9278,REZ,1.48
2611,b,9928,20301,Tauson,1.01
2611,b,9928,20482,Kursy,0.9
2611,b,9928,22279,PR,0.73
2611,b,9928,16486,ztr,0.67
2624,a,6667,8183,rain,1.12
2624,a,6667,22383,jcobbb,0.8
2624,a,6667,9960,frozen,0.77
2624,a,6667,18053,broky,0.71
2624,a,6667,429,karrigan,0.54
2624,b,6248,20903,Senzu,1.73
2624,b,6248,20275,Techno,1.29
2624,b,6248,21001,mzinho,1.2
2624,b,6248,20194,bLitz,1.09
2624,b,6248,21809,910,1.08
2076,a,4863,8552,Attacker,1.13
2076,a,4863,21621,Moseyuh,1.02
2076,a,4863,20702,Jee,0.88
2076,a,4863,20895,Mercury,0.83
2076,a,4863,19645,JamYoung,0.72
2076,b,5973,9436,NertZ,1.55
2076,b,5973,10394,Twistzz,1.3
2076,b,5973,21763,ultimate,1.25
2076,b,5973,8520,NAF,1.1
2076,b,5973,16820,siuhy,0.9
2016,b,8297,24144,molodoy,1.43
2016,b,8297,12553,yuurih,1.21
2016,b,8297,13915,YEKINDAR,1.2
2016,b,8297,2023,FalleN,1.07
2016,b,8297,15631,KSCERATO,0.77
2016,a,4773,14736,dgt,1.21
2016,a,4773,18141,biguzera,1.11
2016,a,4773,18865,dav1deuS,0.84
2016,a,4773,19694,nqz,0.81
2016,a,4773,20171,snow,0.73
1339,b,6665,20304,Staehr,1.87
1339,b,6665,9032,Magisk,1.16
1339,b,6665,7592,device,1.07
1339,b,6665,17956,jabbi,1.01
1339,b,6665,10096,HooXi,0.88
1339,a,12468,19045,latto,1.32
1339,a,12468,20563,lux,0.97
1339,a,12468,19686,n1ssim,0.94
1339,a,12468,22965,saadzin,0.8
1339,a,12468,15698,dumau,0.67
2481,b,6667,9960,frozen,1.08
2481,b,6667,8183,rain,0.78
2481,b,6667,22383,jcobbb,0.75
2481,b,6667,18053,broky,0.69
2481,b,6667,429,karrigan,0.68
2481,a,5973,10394,Twistzz,2.03
2481,a,5973,21763,ultimate,1.64
2481,a,5973,9436,NertZ,1.0
2481,a,5973,16820,siuhy,0.95
2481,a,5973,8520,NAF,0.87
2747,b,6665,20304,Staehr,1.53
2747,b,6665,10096,HooXi,1.41
2747,b,6665,7592,device,1.17
2747,b,6665,9032,Magisk,1.02
2747,b,6665,17956,jabbi,0.83
2747,a,9928,9278,REZ,1.16
2747,a,9928,16486,ztr,1.06
2747,a,9928,20301,Tauson,0.98
2747,a,9928,22279,PR,0.78
2747,a,9928,20482,Kursy,0.74
1958,b,4773,14736,dgt,1.58
1958,b,4773,19694,nqz,1.23
1958,b,4773,20171,snow,1.17
1958,b,4773,18141,biguzera,1.01
1958,b,4773,18865,dav1deuS,1.01
1958,a,5378,21439,ICY,1.57
1958,a,5378,16947,Perfecto,0.9
1958,a,5378,24952,tO0RO,0.86
1958,a,5378,20101,fame,0.76
1958,a,5378,12732,FL1T,0.73
245,a,11241,21708,npl,1.06
245,a,11241,22842,kensizor,0.84
245,a,11241,20112,alex666,0.74
245,a,11241,23643,esenthial,0.73
245,a,11241,19592,headtr1ck,0.45
245,b,12467,19235,BELCHONOKK,1.49
245,b,12467,13776,Jame,1.39
245,b,12467,22929,nota,1.17
245,b,12467,22076,AW,1.15
245,b,12467,22471,xiELO,1.14
77,b,4411,20425,r1nkle,1.54
77,b,4411,14148,sjuush,1.17
77,b,4411,922,Snappi,1.09
77,b,4411,23372,xKacpersky,1.08
77,b,4411,20464,ewjerkz,0.7
77,a,10503,19064,spooke,1.17
77,a,10503,13602,nicoodoz,1.1
77,a,10503,20465,arrozdoce,1.04
77,a,10503,21983,Chr1zN,0.69
77,a,10503,20878,adamb,0.6
1202,b,12426,11630,JT,1.34
1202,b,12426,12840,hallzerk,1.3
1202,b,12426,13578,Grim,1.23
1202,b,12426,21620,nicx,0.95
1202,b,12426,21452,Kvem,0.89
1202,a,13404,21239,MartinezSa,1.32
1202,a,13404,19509,dav1g,1.1
1202,a,13404,18749,sausol,0.95
1202,a,13404,8371,alex,0.8
1202,a,13404,9254,mopoz,0.76
14,b,4608,18987,b1t,1.53
14,b,4608,22673,makazze,1.36
14,b,4608,9816,Aleksib,1.31
14,b,4608,20127,w0nderful,0.9
14,b,4608,14759,iM,0.74
14,a,10278,20300,kraghen,1.07
14,a,10278,22702,cej0t,1.01
14,a,10278,2898,raalz,0.96
14,a,10278,21113,MoDo,0.9
14,a,10278,14932,faveN,0.86
2535,b,5995,11617,malbsMd,1.25
2535,b,5995,3972,huNter-,1.25
2535,b,5995,21062,MATYS,1.0
2535,b,5995,19164,SunPayus,0.63
2535,b,5995,20447,HeavyGod,0.61
2535,a,6248,21809,910,1.67
2535,a,6248,20903,Senzu,1.23
2535,a,6248,21001,mzinho,1.17
2535,a,6248,20194,bLitz,1.09
2535,a,6248,20275,Techno,0.69
49,a,11241,19592,headtr1ck,1.69
49,a,11241,20112,alex666,1.16
49,a,11241,22842,kensizor,1.12
49,a,11241,21708,npl,1.01
49,a,11241,23643,esenthial,0.97
49,b,10503,20878,adamb,1.13
49,b,10503,13602,nicoodoz,1.0
49,b,10503,19064,spooke,0.8
49,b,10503,21983,Chr1zN,0.72
49,b,10503,20465,arrozdoce,0.63
13,a,13404,8371,alex,1.36
13,a,13404,21239,MartinezSa,1.34
13,a,13404,9254,mopoz,1.1
13,a,13404,19509,dav1g,1.06
13,a,13404,18749,sausol,0.84
13,b,10278,14932,faveN,1.1
13,b,10278,20300,kraghen,1.03
13,b,10278,21113,MoDo,0.95
13,b,10278,2898,raalz,0.88
13,b,10278,22702,cej0t,0.88
850,b,11861,8574,woxic,1.36
850,b,11861,22361,jottAAA,1.02
850,b,11861,7938,XANTARES,0.91
850,b,11861,21243,Wicadia,0.76
850,b,11861,150,MAJ3R,0.68
850,a,5973,8520,NAF,1.88
850,a,5973,16820,siuhy,1.69
850,a,5973,21763,ultimate,1.01
850,a,5973,10394,Twistzz,0.87
850,a,5973,9436,NertZ,0.5
1252,b,12467,19235,BELCHONOKK,1.04
1252,b,12467,22929,nota,1.01
1252,b,12467,22471,xiELO,1.0
1252,b,12467,22076,AW,0.73
1252,b,12467,13776,Jame,0.65
1252,a,4411,23372,xKacpersky,1.81
1252,a,4411,20464,ewjerkz,1.24
1252,a,4411,14148,sjuush,1.02
1252,a,4411,922,Snappi,0.94
1252,a,4411,20425,r1nkle,0.88
2724,a,8297,13915,YEKINDAR,1.36
2724,a,8297,15631,KSCERATO,1.3
2724,a,8297,24144,molodoy,1.17
2724,a,8297,12553,yuurih,1.13
2724,a,8297,2023,FalleN,0.98
2724,b,6665,20304,Staehr,1.46
2724,b,6665,9032,Magisk,0.96
2724,b,6665,7592,device,0.91
2724,b,6665,17956,jabbi,0.73
2724,b,6665,10096,HooXi,0.61
1206,a,12426,21620,nicx,1.34
1206,a,12426,12840,hallzerk,1.18
1206,a,12426,21452,Kvem,0.86
1206,a,12426,13578,Grim,0.82
1206,a,12426,11630,JT,0.55
1206,b,4608,22673,makazze,1.47
1206,b,4608,18987,b1t,1.41
1206,b,4608,9816,Aleksib,1.13
1206,b,4608,14759,iM,0.97
1206,b,4608,20127,w0nderful,0.79
9,b,10278,14932,faveN,1.36
9,b,10278,22702,cej0t,1.33
9,b,10278,20300,kraghen,1.12
9,b,10278,21113,MoDo,0.88
9,b,10278,2898,raalz,0.75
9,a,11581,16612,n0rb3r7,1.2
9,a,11581,18752,kade0,1.12
9,a,11581,21385,mizu,0.99
9,a,11581,24806,frontales,0.92
9,a,11581,19823,dukefissura,0.69
484,b,11283,24177,kyousuke,1.81
484,b,11283,3741,NiKo,1.65
484,b,11283,19677,kyxsan,1.2
484,b,11283,12018,TeSeS,1.05
484,b,11283,19230,m0NESY,0.8
484,a,4773,18141,biguzera,1.33
484,a,4773,19694,nqz,1.13
484,a,4773,14736,dgt,0.87
484,a,4773,18865,dav1deuS,0.63
484,a,4773,20171,snow,0.54
1247,a,13404,21239,MartinezSa,2.09
1247,a,13404,8371,alex,1.34
1247,a,13404,9254,mopoz,1.12
1247,a,13404,18749,sausol,1.06
1247,a,13404,19509,dav1g,0.73
1247,b,12467,22929,nota,1.39
1247,b,12467,22076,AW,1.23
1247,b,12467,22471,xiELO,0.67
1247,b,12467,13776,Jame,0.66
1247,b,12467,19235,BELCHONOKK,0.59
2466,a,6248,21001,mzinho,1.85
2466,a,6248,20903,Senzu,1.76
2466,a,6248,21809,910,1.33
2466,a,6248,20194,bLitz,1.07
2466,a,6248,20275,Techno,0.67
2466,b,5973,8520,NAF,1.59
2466,b,5973,10394,Twistzz,0.76
2466,b,5973,21763,ultimate,0.71
2466,b,5973,9436,NertZ,0.65
2466,b,5973,16820,siuhy,0.53
238,b,11241,22842,kensizor,1.5
238,b,11241,21708,npl,1.26
238,b,11241,20112,alex666,1.19
238,b,11241,19592,headtr1ck,0.82
238,b,11241,23643,esenthial,0.81
238,a,12426,21620,nicx,1.24
238,a,12426,11630,JT,1.14
238,a,12426,13578,Grim,0.99
238,a,12426,12840,hallzerk,0.93
238,a,12426,21452,Kvem,0.71
1590,a,4411,20464,ewjerkz,1.31
1590,a,4411,14148,sjuush,0.93
1590,a,4411,23372,xKacpersky,0.82
1590,a,4411,922,Snappi,0.68
1590,a,4411,20425,r1nkle,0.59
1590,b,4608,18987,b1t,1.77
1590,b,4608,14759,iM,1.64
1590,b,4608,20127,w0nderful,1.57
1590,b,4608,22673,makazze,1.08
1590,b,4608,9816,Aleksib,0.75
566,a,8297,13915,YEKINDAR,1.17
566,a,8297,24144,molodoy,1.14
566,a,8297,15631,KSCERATO,1.12
566,a,8297,12553,yuurih,1.03
566,a,8297,2023,FalleN,0.73
566,b,11283,12018,TeSeS,1.65
566,b,11283,19677,kyxsan,1.21
566,b,11283,3741,NiKo,1.07
566,b,11283,24177,kyousuke,0.99
566,b,11283,19230,m0NESY,0.7
259,b,13404,8371,alex,1.21
259,b,13404,21239,MartinezSa,1.15
259,b,13404,9254,mopoz,0.86
259,b,13404,19509,dav1g,0.81
259,b,13404,18749,sausol,0.8
259,a,11241,22842,kensizor,1.55
259,a,11241,19592,headtr1ck,1.27
259,a,11241,23643,esenthial,1.14
259,a,11241,21708,npl,1.0
259,a,11241,20112,alex666,0.63
262,a,4411,23372,xKacpersky,1.48
262,a,4411,14148,sjuush,1.25
262,a,4411,20425,r1nkle,1.18
262,a,4411,922,Snappi,0.75
262,a,4411,20464,ewjerkz,0.75
262,b,11241,22842,kensizor,1.42
262,b,11241,21708,npl,1.27
262,b,11241,19592,headtr1ck,1.11
262,b,11241,20112,alex666,0.95
262,b,11241,23643,esenthial,0.68
2649,a,6248,21001,mzinho,1.27
2649,a,6248,21809,910,0.84
2649,a,6248,20903,Senzu,0.84
2649,a,6248,20194,bLitz,0.68
2649,a,6248,20275,Techno,0.59
2649,b,8297,13915,YEKINDAR,1.96
2649,b,8297,2023,FalleN,1.28
2649,b,8297,15631,KSCERATO,1.28
2649,b,8297,12553,yuurih,1.21
2649,b,8297,24144,molodoy,1.14
1591,b,4608,14759,iM,1.8
1591,b,4608,9816,Aleksib,1.4
1591,b,4608,20127,w0nderful,1.12
1591,b,4608,18987,b1t,1.02
1591,b,4608,22673,makazze,0.91
1591,a,4411,23372,xKacpersky,1.15
1591,a,4411,922,Snappi,1.06
1591,a,4411,20425,r1nkle,0.92
1591,a,4411,20464,ewjerkz,0.7
1591,a,4411,14148,sjuush,0.65
150,a,10567,21014,Ag1l,1.7
150,a,10567,20462,story,1.12
150,a,10567,23140,krazy,0.76
150,a,10567,630,MUTiRiS,0.75
150,a,10567,22807,aragornN,0.6
150,b,4869,12731,sdy,1.51
150,b,4869,21233,myltsi,1.22
150,b,4869,21815,podi,1.1
150,b,4869,21972,Neityu,1.06
150,b,4869,12708,rigoN,1.04
2280,b,4991,15165,blameF,1.78
2280,b,4991,23046,jambo,1.25
2280,b,4991,18571,CYPHER,1.23
2280,b,4991,7528,KRIMZ,1.13
2280,b,4991,17803,fEAR,0.79
2280,a,7969,22325,sowalio,1.06
2280,a,7969,23317,khaN,1.04
2280,a,7969,21266,1eeR,0.84
2280,a,7969,20387,Xant3r,0.82
2280,a,7969,22460,riskyb0b,0.74
2121,b,4869,12708,rigoN,1.91
2121,b,4869,21972,Neityu,1.84
2121,b,4869,21233,myltsi,1.19
2121,b,4869,12731,sdy,1.14
2121,b,4869,21815,podi,1.12
2121,a,4991,15165,blameF,0.95
2121,a,4991,23046,jambo,0.91
2121,a,4991,18571,CYPHER,0.87
2121,a,4991,17803,fEAR,0.72
2121,a,4991,7528,KRIMZ,0.42
1508,a,4869,12731,sdy,1.1
1508,a,4869,12708,rigoN,1.08
1508,a,4869,21972,Neityu,0.92
1508,a,4869,21815,podi,0.9
1508,a,4869,21233,myltsi,0.82
1508,b,13286,20584,dem0n,1.28
1508,b,13286,22203,Krabeni,1.18
1508,b,13286,20761,lauNX,1.08
1508,b,13286,22674,cmtry,1.04
1508,b,13286,23553,dziugss,0.88
53,b,11419,10330,acoR,1.33
53,b,11419,22695,sirah,1.01
53,b,11419,20417,Anlelele,0.97
53,b,11419,21779,nut nut,0.94
53,b,11419,11995,TMB,0.54
53,a,10503,19064,spooke,1.65
53,a,10503,20878,adamb,1.64
53,a,10503,13602,nicoodoz,1.47
53,a,10503,20465,arrozdoce,0.73
53,a,10503,21983,Chr1zN,0.59
17,a,10278,21113,MoDo,1.43
17,a,10278,2898,raalz,1.36
17,a,10278,22702,cej0t,1.32
17,a,10278,14932,faveN,1.1
17,a,10278,20300,kraghen,1.05
17,b,5973,21763,ultimate,0.97
17,b,5973,9436,NertZ,0.93
17,b,5973,8520,NAF,0.84
17,b,5973,8738,EliGE,0.76
17,b,5973,16820,siuhy,0.64
1509,a,4869,21815,podi,1.96
1509,a,4869,12708,rigoN,1.12
1509,a,4869,21233,myltsi,1.07
1509,a,4869,12731,sdy,0.8
1509,a,4869,21972,Neityu,0.77
1509,b,13286,22203,Krabeni,1.42
1509,b,13286,23553,dziugss,1.05
1509,b,13286,22674,cmtry,1.03
1509,b,13286,20761,lauNX,0.79
1509,b,13286,20584,dem0n,0.78
1488,b,4914,19739,Ex3rcice,1.03
1488,b,4914,8374,bodyy,0.83
1488,b,4914,13497,Lucky,0.68
1488,b,4914,21969,Graviti,0.65
1488,b,4914,19512,Nivera,0.51
1488,a,13117,24168,onic,1.6
1488,a,13117,22643,nifee,1.58
1488,a,13117,24282,Dawy,1.55
1488,a,13117,23642,Flierax,1.26
1488,a,13117,24283,cairne,1.07
18,a,5973,8520,NAF,1.26
18,a,5973,21763,ultimate,1.17
18,a,5973,8738,EliGE,1.06
18,a,5973,9436,NertZ,0.88
18,a,5973,16820,siuhy,0.41
18,b,10278,14932,faveN,2.06
18,b,10278,22702,cej0t,1.56
18,b,10278,20300,kraghen,1.05
18,b,10278,2898,raalz,1.04
18,b,10278,21113,MoDo,0.56
1099,b,12467,22471,xiELO,1.97
1099,b,12467,13776,Jame,1.77
1099,b,12467,22076,AW,1.69
1099,b,12467,19235,BELCHONOKK,1.27
1099,b,12467,22929,nota,1.07
1099,a,12394,20357,d1Ledez,1.27
1099,a,12394,21667,Magnojez,0.53
1099,a,12394,21348,ArtFr0st,0.48
1099,a,12394,18506,S1ren,0.48
1099,a,12394,11840,Boombl4,0.47
667,b,8297,15631,KSCERATO,1.59
667,b,8297,24144,molodoy,1.07
667,b,8297,12553,yuurih,0.81
667,b,8297,2023,FalleN,0.68
667,b,8297,13915,YEKINDAR,0.63
667,a,11581,19823,dukefissura,1.8
667,a,11581,16612,n0rb3r7,1.37
667,a,11581,21385,mizu,1.32
667,a,11581,18752,kade0,0.95
667,a,11581,24806,frontales,0.7
248,b,12468,15698,dumau,0.95
248,b,12468,20563,lux,0.9
248,b,12468,22965,saadzin,0.82
248,b,12468,19045,latto,0.55
248,b,12468,19686,n1ssim,0.4
248,a,11241,21708,npl,2.34
248,a,11241,23643,esenthial,1.61
248,a,11241,22842,kensizor,1.33
248,a,11241,19592,headtr1ck,1.1
248,a,11241,20112,alex666,1.1
1561,b,7175,22047,yxngstxr,1.3
1561,b,7175,19187,xfl0ud,1.09
1561,b,7175,23600,Alkaren,1.0
1561,b,7175,20119,nilo,0.77
1561,b,7175,19310,LNZ,0.47
1561,a,13404,18749,sausol,1.58
1561,a,13404,9254,mopoz,1.45
1561,a,13404,21239,MartinezSa,1.22
1561,a,13404,19509,dav1g,1.01
1561,a,13404,8371,alex,0.8
1048,a,12376,18838,HexT,1.3
1048,a,12376,16599,Swisher,1.23
1048,a,12376,22921,Lake,0.9
1048,a,12376,15370,slaxz-,0.9
1048,a,12376,20104,s1n,0.66
1048,b,4869,12708,rigoN,1.44
1048,b,4869,12731,sdy,1.18
1048,b,4869,21233,myltsi,1.03
1048,b,4869,21972,Neityu,1.01
1048,b,4869,21815,podi,0.99
67,b,10503,19064,spooke,1.8
67,b,10503,20878,adamb,1.72
67,b,10503,21983,Chr1zN,1.4
67,b,10503,20465,arrozdoce,0.83
67,b,10503,13602,nicoodoz,0.77
67,a,12426,13578,Grim,1.47
67,a,12426,21452,Kvem,1.44
67,a,12426,21620,nicx,0.7
67,a,12426,12840,hallzerk,0.63
67,a,12426,11630,JT,0.47
225,b,11241,23643,esenthial,1.15
225,b,11241,22842,kensizor,1.06
225,b,11241,19592,headtr1ck,1.01
225,b,11241,21708,npl,0.38
225,b,11241,20112,alex666,0.24
225,a,11581,24806,frontales,1.93
225,a,11581,16612,n0rb3r7,1.71
225,a,11581,21385,mizu,1.33
225,a,11581,19823,dukefissura,1.32
225,a,11581,18752,kade0,1.01
1496,b,9928,22279,PR,0.9
1496,b,9928,20301,Tauson,0.72
1496,b,9928,16486,ztr,0.6
1496,b,9928,9278,REZ,0.56
1496,b,9928,23766,hypex,0.5
1496,a,13117,22643,nifee,1.98
1496,a,13117,24282,Dawy,1.85
1496,a,13117,24283,cairne,1.59
1496,a,13117,23642,Flierax,1.57
1496,a,13117,24168,onic,1.1
2137,b,6665,7592,device,1.08
2137,b,6665,9032,Magisk,1.06
2137,b,6665,10096,HooXi,0.83
2137,b,6665,20304,Staehr,0.6
2137,b,6665,17956,jabbi,0.51
2137,a,4869,21815,podi,1.38
2137,a,4869,12708,rigoN,1.35
2137,a,4869,21972,Neityu,1.18
2137,a,4869,21233,myltsi,1.08
2137,a,4869,12731,sdy,0.88
1079,b,12376,16599,Swisher,1.34
1079,b,12376,22921,Lake,1.13
1079,b,12376,15370,slaxz-,1.04
1079,b,12376,20104,s1n,0.72
1079,b,12376,18838,HexT,0.61
1079,a,7175,19310,LNZ,1.48
1079,a,7175,23600,Alkaren,1.2
1079,a,7175,22047,yxngstxr,1.19
1079,a,7175,20119,nilo,0.99
1079,a,7175,19187,xfl0ud,0.75
1558,b,5995,21062,MATYS,0.88
1558,b,5995,20447,HeavyGod,0.82
1558,b,5995,3972,huNter-,0.75
1558,b,5995,19164,SunPayus,0.71
1558,b,5995,11617,malbsMd,0.69
1558,a,13404,21239,MartinezSa,1.44
1558,a,13404,19509,dav1g,1.44
1558,a,13404,18749,sausol,1.41
1558,a,13404,9254,mopoz,1.38
1558,a,13404,8371,alex,0.8
660,a,11581,21385,mizu,2.22
660,a,11581,18752,kade0,1.38
660,a,11581,24806,frontales,1.36
660,a,11581,19823,dukefissura,1.09
660,a,11581,16612,n0rb3r7,0.68
660,b,4869,21233,myltsi,1.18
660,b,4869,21815,podi,1.0
660,b,4869,12731,sdy,0.9
660,b,4869,21972,Neityu,0.74
660,b,4869,12708,rigoN,0.53
1486,a,13117,24282,Dawy,1.45
1486,a,13117,23642,Flierax,1.36
1486,a,13117,24168,onic,1.08
1486,a,13117,22643,nifee,1.02
1486,a,13117,24283,cairne,0.86
1486,b,13404,19509,dav1g,1.33
1486,b,13404,18749,sausol,1.18
1486,b,13404,9254,mopoz,1.15
1486,b,13404,21239,MartinezSa,0.99
1486,b,13404,8371,alex,0.45
288,b,5995,20447,HeavyGod,1.16
288,b,5995,21062,MATYS,1.0
288,b,5995,11617,malbsMd,0.73
288,b,5995,19164,SunPayus,0.65
288,b,5995,3972,huNter-,0.44
288,a,11241,21708,npl,1.73
288,a,11241,19592,headtr1ck,1.58
288,a,11241,23643,esenthial,1.57
288,a,11241,20112,alex666,1.39
288,a,11241,22842,kensizor,1.26
2750,a,6665,7592,device,1.6
2750,a,6665,17956,jabbi,1.02
2750,a,6665,10096,HooXi,0.83
2750,a,6665,20304,Staehr,0.77
2750,a,6665,9032,Magisk,0.64
2750,b,9928,20301,Tauson,1.75
2750,b,9928,16486,ztr,1.48
2750,b,9928,23766,hypex,0.96
2750,b,9928,22279,PR,0.95
2750,b,9928,9278,REZ,0.92
1354,b,8297,13915,YEKINDAR,1.71
1354,b,8297,2023,FalleN,1.19
1354,b,8297,15631,KSCERATO,1.03
1354,b,8297,12553,yuurih,0.77
1354,b,8297,24144,molodoy,0.6
1354,a,12468,15698,dumau,1.49
1354,a,12468,19686,n1ssim,1.17
1354,a,12468,22965,saadzin,1.13
1354,a,12468,20563,lux,1.11
1354,a,12468,19045,latto,0.88
2225,a,7175,22047,yxngstxr,1.52
2225,a,7175,23600,Alkaren,1.18
2225,a,7175,20119,nilo,1.15
2225,a,7175,19310,LNZ,0.47
2225,a,7175,19187,xfl0ud,0.45
2225,b,4914,13138,Maka,1.25
2225,b,4914,13497,Lucky,1.23
2225,b,4914,8374,bodyy,1.21
2225,b,4914,21969,Graviti,1.18
2225,b,4914,19739,Ex3rcice,0.85
332,b,9928,20301,Tauson,1.43
332,b,9928,22279,PR,1.27
332,b,9928,9278,REZ,1.21
332,b,9928,23766,hypex,1.11
332,b,9928,16486,ztr,0.78
332,a,11241,20112,alex666,1.47
332,a,11241,19592,headtr1ck,1.07
332,a,11241,22842,kensizor,1.02
332,a,11241,23643,esenthial,0.78
332,a,11241,21708,npl,0.56
2715,a,6665,17956,jabbi,1.94
2715,a,6665,20304,Staehr,1.6
2715,a,6665,7592,device,1.45
2715,a,6665,9032,Magisk,1.42
2715,a,6665,10096,HooXi,1.2
2715,b,7175,23600,Alkaren,1.36
2715,b,7175,20119,nilo,0.9
2715,b,7175,19187,xfl0ud,0.81
2715,b,7175,22047,yxngstxr,0.44
2715,b,7175,19310,LNZ,0.27
2116,a,4914,13497,Lucky,1.49
2116,a,4914,13138,Maka,1.29
2116,a,4914,8374,bodyy,1.05
2116,a,4914,19739,Ex3rcice,1.03
2116,a,4914,21969,Graviti,0.69
2116,b,4869,12731,sdy,1.2
2116,b,4869,21972,Neityu,1.11
2116,b,4869,21815,podi,1.08
2116,b,4869,21233,myltsi,0.92
2116,b,4869,12708,rigoN,0.58
1086,b,8297,15631,KSCERATO,1.79
1086,b,8297,12553,yuurih,1.64
1086,b,8297,24144,molodoy,0.99
1086,b,8297,13915,YEKINDAR,0.95
1086,b,8297,2023,FalleN,0.61
1086,a,12376,15370,slaxz-,1.39
1086,a,12376,20104,s1n,0.94
1086,a,12376,16599,Swisher,0.67
1086,a,12376,22921,Lake,0.67
1086,a,12376,18838,HexT,0.65
1306,b,12468,15698,dumau,1.48
1306,b,12468,19045,latto,0.95
1306,b,12468,22965,saadzin,0.84
1306,b,12468,19686,n1ssim,0.73
1306,b,12468,20563,lux,0.45
1306,a,13404,8371,alex,2.06
1306,a,13404,19509,dav1g,1.45
1306,a,13404,18749,sausol,1.12
1306,a,13404,9254,mopoz,1.08
1306,a,13404,21239,MartinezSa,1.01
2128,b,5995,3972,huNter-,1.68
2128,b,5995,20447,HeavyGod,1.5
2128,b,5995,21062,MATYS,1.47
2128,b,5995,19164,SunPayus,1.15
2128,b,5995,11617,malbsMd,1.04
2128,a,4869,21972,Neityu,0.84
2128,a,4869,21815,podi,0.81
2128,a,4869,21233,myltsi,0.79
2128,a,4869,12708,rigoN,0.7
2128,a,4869,12731,sdy,0.58
1341,b,6665,7592,device,2.11
1341,b,6665,10096,HooXi,1.38
1341,b,6665,9032,Magisk,1.34
1341,b,6665,20304,Staehr,1.32
1341,b,6665,17956,jabbi,1.13
1341,a,12468,19045,latto,1.12
1341,a,12468,22965,saadzin,0.76
1341,a,12468,15698,dumau,0.63
1341,a,12468,20563,lux,0.52
1341,a,12468,19686,n1ssim,0.51
319,a,8297,13915,YEKINDAR,2.25
319,a,8297,24144,molodoy,1.24
319,a,8297,2023,FalleN,1.07
319,a,8297,15631,KSCERATO,1.06
319,a,8297,12553,yuurih,0.58
319,b,11241,22842,kensizor,1.24
319,b,11241,21708,npl,1.01
319,b,11241,20112,alex666,0.97
319,b,11241,23643,esenthial,0.82
319,b,11241,19592,headtr1ck,0.79
1491,a,7020,19808,tN1R,1.28
1491,a,7020,21167,donk,1.27
1491,a,7020,16920,sh1ro,1.23
1491,a,7020,23685,zweih,0.95
1491,a,7020,7716,chopper,0.93
1491,b,13117,23642,Flierax,1.64
1491,b,13117,24168,onic,0.95
1491,b,13117,24282,Dawy,0.93
1491,b,13117,22643,nifee,0.73
1491,b,13117,24283,cairne,0.73
1806,b,4494,18072,torzsi,2.38
1806,b,4494,18850,Jimpphat,1.98
1806,b,4494,18221,Spinx,1.8
1806,b,4494,20312,xertioN,1.31
1806,b,4494,13666,Brollan,1.0
1806,a,9928,23766,hypex,0.85
1806,a,9928,16486,ztr,0.7
1806,a,9928,9278,REZ,0.49
1806,a,9928,22279,PR,0.43
1806,a,9928,20301,Tauson,0.37
530,b,11283,3741,NiKo,2.19
530,b,11283,19230,m0NESY,2.01
530,b,11283,24177,kyousuke,1.24
530,b,11283,19677,kyxsan,0.81
530,b,11283,12018,TeSeS,0.74
530,a,6665,9032,Magisk,1.19
530,a,6665,10096,HooXi,1.11
530,a,6665,17956,jabbi,1.03
530,a,6665,20304,Staehr,0.59
530,a,6665,7592,device,0.45
661,b,6248,20903,Senzu,1.3
661,b,6248,20275,Techno,0.97
661,b,6248,21001,mzinho,0.91
661,b,6248,21809,910,0.83
661,b,6248,20194,bLitz,0.78
661,a,11581,16612,n0rb3r7,1.4
661,a,11581,19823,dukefissura,1.17
661,a,11581,18752,kade0,1.15
661,a,11581,21385,mizu,1.13
661,a,11581,24806,frontales,1.1
827,b,11861,22361,jottAAA,1.5
827,b,11861,8574,woxic,1.18
827,b,11861,21243,Wicadia,1.01
827,b,11861,7938,XANTARES,0.68
827,b,11861,150,MAJ3R,0.6
827,a,4608,22673,makazze,1.9
827,a,4608,14759,iM,1.53
827,a,4608,18987,b1t,1.28
827,a,4608,9816,Aleksib,0.63
827,a,4608,20127,w0nderful,0.6
1565,b,9565,18462,mezii,1.37
1565,b,9565,16693,flameZ,1.11
1565,b,9565,11893,ZywOo,0.98
1565,b,9565,7322,apEX,0.84
1565,b,9565,11816,ropz,0.79
1565,a,13404,18749,sausol,1.44
1565,a,13404,19509,dav1g,1.1
1565,a,13404,8371,alex,1.02
1565,a,13404,9254,mopoz,0.94
1565,a,13404,21239,MartinezSa,0.88
2234,b,8297,13915,YEKINDAR,1.55
2234,b,8297,24144,molodoy,1.22
2234,b,8297,12553,yuurih,1.22
2234,b,8297,15631,KSCERATO,1.04
2234,b,8297,2023,FalleN,0.97
2234,a,4914,13138,Maka,1.15
2234,a,4914,8374,bodyy,0.86
2234,a,4914,13497,Lucky,0.77
2234,a,4914,19739,Ex3rcice,0.63
2234,a,4914,21969,Graviti,0.57
6,b,10567,23140,krazy,1.34
6,b,10567,630,MUTiRiS,1.03
6,b,10567,22807,aragornN,1.0
6,b,10567,21014,Ag1l,0.64
6,b,10567,20462,story,0.64
6,a,10278,20300,kraghen,1.67
6,a,10278,21113,MoDo,1.46
6,a,10278,2898,raalz,1.18
6,a,10278,22702,cej0t,1.15
6,a,10278,14932,faveN,1.02
478,b,11283,19230,m0NESY,1.47
478,b,11283,12018,TeSeS,1.3
478,b,11283,24177,kyousuke,0.98
478,b,11283,3741,NiKo,0.97
478,b,11283,19677,kyxsan,0.64
478,a,4608,14759,iM,1.69
478,a,4608,18987,b1t,1.2
478,a,4608,20127,w0nderful,1.02
478,a,4608,9816,Aleksib,0.85
478,a,4608,22673,makazze,0.54
1489,b,6248,21809,910,1.24
1489,b,6248,20194,bLitz,0.94
1489,b,6248,20275,Techno,0.88
1489,b,6248,21001,mzinho,0.84
1489,b,6248,20903,Senzu,0.55
1489,a,13117,24282,Dawy,2.3
1489,a,13117,23642,Flierax,1.13
1489,a,13117,24283,cairne,1.08
1489,a,13117,22643,nifee,0.95
1489,a,13117,24168,onic,0.63
1549,b,4494,18850,Jimpphat,1.24
1549,b,4494,18072,torzsi,1.2
1549,b,4494,13666,Brollan,1.15
1549,b,4494,18221,Spinx,1.11
1549,b,4494,20312,xertioN,1.06
1549,a,13404,21239,MartinezSa,1.58
1549,a,13404,19509,dav1g,0.81
1549,a,13404,8371,alex,0.8
1549,a,13404,9254,mopoz,0.76
1549,a,13404,18749,sausol,0.74
868,b,11861,22361,jottAAA,1.51
868,b,11861,7938,XANTARES,1.43
868,b,11861,8574,woxic,1.31
868,b,11861,21243,Wicadia,0.95
868,b,11861,150,MAJ3R,0.87
868,a,6665,7592,device,1.19
868,a,6665,17956,jabbi,1.02
868,a,6665,9032,Magisk,0.89
868,a,6665,10096,HooXi,0.59
868,a,6665,20304,Staehr,0.58
664,b,7020,16920,sh1ro,1.76
664,b,7020,19808,tN1R,1.47
664,b,7020,23685,zweih,1.45
664,b,7020,21167,donk,1.34
664,b,7020,7716,chopper,0.57
664,a,11581,24806,frontales,1.01
664,a,11581,18752,kade0,1.0
664,a,11581,19823,dukefissura,0.92
664,a,11581,16612,n0rb3r7,0.69
664,a,11581,21385,mizu,0.66
84,a,10503,20878,adamb,1.23
84,a,10503,19064,spooke,1.17
84,a,10503,21983,Chr1zN,1.04
84,a,10503,13602,nicoodoz,0.94
84,a,10503,20465,arrozdoce,0.75
84,b,4991,23046,jambo,1.78
84,b,4991,23414,jackasmo,1.22
84,b,4991,18571,CYPHER,1.09
84,b,4991,17803,fEAR,0.91
84,b,4991,15165,blameF,0.7
3017,b,9565,11893,ZywOo,2.47
3017,b,9565,16693,flameZ,2.23
3017,b,9565,11816,ropz,1.63
3017,b,9565,18462,mezii,1.42
3017,b,9565,7322,apEX,0.65
3017,a,9928,9278,REZ,0.93
3017,a,9928,23766,hypex,0.74
3017,a,9928,20301,Tauson,0.72
3017,a,9928,22279,PR,0.53
3017,a,9928,16486,ztr,0.25
2586,b,8297,13915,YEKINDAR,0.93
2586,b,8297,24144,molodoy,0.89
2586,b,8297,15631,KSCERATO,0.86
2586,b,8297,12553,yuurih,0.8
2586,b,8297,2023,FalleN,0.71
2586,a,5995,21062,MATYS,1.86
2586,a,5995,3972,huNter-,1.37
2586,a,5995,19164,SunPayus,1.34
2586,a,5995,11617,malbsMd,0.82
2586,a,5995,20447,HeavyGod,0.8
2210,b,6667,18053,broky,1.6
2210,b,6667,429,karrigan,1.06
2210,b,6667,9960,frozen,0.95
2210,b,6667,8183,rain,0.88
2210,b,6667,10394,Twistzz,0.6
2210,a,4914,13138,Maka,1.59
2210,a,4914,21969,Graviti,1.3
2210,a,4914,13497,Lucky,1.01
2210,a,4914,8374,bodyy,0.97
2210,a,4914,19739,Ex3rcice,0.93
8,a,10278,20300,kraghen,1.42
8,a,10278,21113,MoDo,1.39
8,a,10278,2898,raalz,0.97
8,a,10278,14932,faveN,0.93
8,a,10278,22702,cej0t,0.79
8,b,11419,22695,sirah,1.47
8,b,11419,21779,nut nut,1.4
8,b,11419,10330,acoR,1.09
8,b,11419,11995,TMB,0.76
8,b,11419,20417,Anlelele,0.55
52,b,10503,21983,Chr1zN,1.6
52,b,10503,19064,spooke,1.52
52,b,10503,13602,nicoodoz,1.36
52,b,10503,20878,adamb,1.19
52,b,10503,20465,arrozdoce,1.11
52,a,11419,21779,nut nut,1.19
52,a,11419,22695,sirah,0.94
52,a,11419,11995,TMB,0.92
52,a,11419,20417,Anlelele,0.63
52,a,11419,10330,acoR,0.53
16,a,4991,23414,jackasmo,1.62
16,a,4991,17803,fEAR,1.22
16,a,4991,23046,jambo,1.1
16,a,4991,18571,CYPHER,0.97
16,a,4991,15165,blameF,0.8
16,b,10278,22702,cej0t,1.47
16,b,10278,2898,raalz,1.05
16,b,10278,20300,kraghen,0.93
16,b,10278,14932,faveN,0.81
16,b,10278,21113,MoDo,0.7
668,b,9565,18462,mezii,1.6
668,b,9565,11816,ropz,1.5
668,b,9565,7322,apEX,1.33
668,b,9565,16693,flameZ,1.25
668,b,9565,11893,ZywOo,0.9
668,a,11581,24806,frontales,1.0
668,a,11581,16612,n0rb3r7,0.97
668,a,11581,19823,dukefissura,0.68
668,a,11581,18752,kade0,0.62
668,a,11581,21385,mizu,0.56
819,a,13404,21239,MartinezSa,1.32
819,a,13404,9254,mopoz,1.32
819,a,13404,19509,dav1g,0.85
819,a,13404,18749,sausol,0.75
819,a,13404,8371,alex,0.7
819,b,11861,7938,XANTARES,1.32
819,b,11861,8574,woxic,1.22
819,b,11861,22361,jottAAA,1.14
819,b,11861,150,MAJ3R,0.86
819,b,11861,21243,Wicadia,0.79
1821,b,4914,19739,Ex3rcice,1.74
1821,b,4914,13138,Maka,1.35
1821,b,4914,21969,Graviti,1.15
1821,b,4914,13497,Lucky,0.86
1821,b,4914,8374,bodyy,0.71
1821,a,4608,9816,Aleksib,1.29
1821,a,4608,20127,w0nderful,1.11
1821,a,4608,22673,makazze,0.85
1821,a,4608,18987,b1t,0.77
1821,a,4608,14759,iM,0.59
1494,a,13117,24282,Dawy,1.02
1494,a,13117,23642,Flierax,0.78
1494,a,13117,22643,nifee,0.7
1494,a,13117,24283,cairne,0.38
1494,a,13117,24168,onic,0.19
1494,b,8297,15631,KSCERATO,2.37
1494,b,8297,24144,molodoy,1.72
1494,b,8297,13915,YEKINDAR,1.37
1494,b,8297,12553,yuurih,1.33
1494,b,8297,2023,FalleN,1.23
2694,a,6665,17956,jabbi,1.05
2694,a,6665,7592,device,0.82
2694,a,6665,9032,Magisk,0.77
2694,a,6665,10096,HooXi,0.69
2694,a,6665,20304,Staehr,0.49
2694,b,6667,8183,rain,1.67
2694,b,6667,9960,frozen,1.61
2694,b,6667,10394,Twistzz,1.23
2694,b,6667,18053,broky,1.22
2694,b,6667,429,karrigan,1.21
2683,a,6248,20275,Techno,1.41
2683,a,6248,21001,mzinho,1.35
2683,a,6248,21809,910,1.33
2683,a,6248,20194,bLitz,1.21
2683,a,6248,20903,Senzu,0.75
2683,b,9928,9278,REZ,1.04
2683,b,9928,20301,Tauson,1.04
2683,b,9928,23766,hypex,1.03
2683,b,9928,22279,PR,0.87
2683,b,9928,16486,ztr,0.57
2562,b,7020,21167,donk,1.9
2562,b,7020,19808,tN1R,1.74
2562,b,7020,7716,chopper,0.97
2562,b,7020,23685,zweih,0.85
2562,b,7020,16920,sh1ro,0.73
2562,a,5995,21062,MATYS,1.29
2562,a,5995,11617,malbsMd,1.08
2562,a,5995,20447,HeavyGod,0.9
2562,a,5995,19164,SunPayus,0.65
2562,a,5995,3972,huNter-,0.32
466,a,4494,18221,Spinx,1.24
466,a,4494,20312,xertioN,0.85
466,a,4494,13666,Brollan,0.84
466,a,4494,18850,Jimpphat,0.75
466,a,4494,18072,torzsi,0.6
466,b,11283,24177,kyousuke,2.01
466,b,11283,3741,NiKo,1.18
466,b,11283,12018,TeSeS,1.12
466,b,11283,19230,m0NESY,1.1
466,b,11283,19677,kyxsan,0.84
904,b,8297,13915,YEKINDAR,1.91
904,b,8297,12553,yuurih,1.22
904,b,8297,24144,molodoy,1.21
904,b,8297,15631,KSCERATO,1.1
904,b,8297,2023,FalleN,0.61
904,a,11861,7938,XANTARES,1.57
904,a,11861,21243,Wicadia,1.2
904,a,11861,22361,jottAAA,0.85
904,a,11861,8574,woxic,0.72
904,a,11861,150,MAJ3R,0.66
657,b,4608,18987,b1t,1.95
657,b,4608,14759,iM,1.61
657,b,4608,22673,makazze,1.26
657,b,4608,20127,w0nderful,0.91
657,b,4608,9816,Aleksib,0.61
657,a,11581,16612,n0rb3r7,1.4
657,a,11581,21385,mizu,1.01
657,a,11581,19823,dukefissura,1.0
657,a,11581,24806,frontales,0.73
657,a,11581,18752,kade0,0.68
1559,b,6248,20903,Senzu,1.47
1559,b,6248,21001,mzinho,1.26
1559,b,6248,20275,Techno,1.1
1559,b,6248,21809,910,0.96
1559,b,6248,20194,bLitz,0.87
1559,a,13404,8371,alex,1.21
1559,a,13404,19509,dav1g,1.17
1559,a,13404,9254,mopoz,0.99
1559,a,13404,18749,sausol,0.96
1559,a,13404,21239,MartinezSa,0.8
1675,a,4914,8374,bodyy,1.31
1675,a,4914,13497,Lucky,0.93
1675,a,4914,19739,Ex3rcice,0.79
1675,a,4914,21969,Graviti,0.7
1675,a,4914,13138,Maka,0.6
1675,b,4494,18221,Spinx,1.73
1675,b,4494,13666,Brollan,1.53
1675,b,4494,18072,torzsi,1.25
1675,b,4494,18850,Jimpphat,0.93
1675,b,4494,20312,xertioN,0.77
1490,b,6667,9960,frozen,1.58
1490,b,6667,429,karrigan,1.38
1490,b,6667,18053,broky,0.94
1490,b,6667,10394,Twistzz,0.9
1490,b,6667,8183,rain,0.76
1490,a,13117,24283,cairne,1.72
1490,a,13117,22643,nifee,0.91
1490,a,13117,24282,Dawy,0.78
1490,a,13117,23642,Flierax,0.75
1490,a,13117,24168,onic,0.6
2604,b,9565,18462,mezii,1.41
2604,b,9565,7322,apEX,1.15
2604,b,9565,11816,ropz,1.14
2604,b,9565,11893,ZywOo,1.14
2604,b,9565,16693,flameZ,0.81
2604,a,5995,19164,SunPayus,1.47
2604,a,5995,20447,HeavyGod,1.28
2604,a,5995,21062,MATYS,0.96
2604,a,5995,11617,malbsMd,0.89
2604,a,5995,3972,huNter-,0.64
1859,b,6248,21001,mzinho,1.11
1859,b,6248,20903,Senzu,1.11
1859,b,6248,20275,Techno,1.03
1859,b,6248,21809,910,0.75
1859,b,6248,20194,bLitz,0.5
1859,a,4608,14759,iM,1.23
1859,a,4608,18987,b1t,1.19
1859,a,4608,22673,makazze,1.15
1859,a,4608,9816,Aleksib,1.09
1859,a,4608,20127,w0nderful,1.07
2189,b,5995,19164,SunPayus,1.26
2189,b,5995,11617,malbsMd,1.15
2189,b,5995,3972,huNter-,0.83
2189,b,5995,20447,HeavyGod,0.75
2189,b,5995,21062,MATYS,0.45
2189,a,4914,19739,Ex3rcice,1.49
2189,a,4914,8374,bodyy,1.45
2189,a,4914,21969,Graviti,1.36
2189,a,4914,13497,Lucky,1.07
2189,a,4914,13138,Maka,1.05
878,a,11861,22361,jottAAA,1.52
878,a,11861,7938,XANTARES,1.13
878,a,11861,21243,Wicadia,0.84
878,a,11861,150,MAJ3R,0.74
878,a,11861,8574,woxic,0.67
878,b,6667,9960,frozen,1.62
878,b,6667,18053,broky,1.4
878,b,6667,10394,Twistzz,1.34
878,b,6667,429,karrigan,0.86
878,b,6667,8183,rain,0.82
493,a,4914,8374,bodyy,1.26
493,a,4914,19739,Ex3rcice,1.09
493,a,4914,21969,Graviti,0.86
493,a,4914,13497,Lucky,0.8
493,a,4914,13138,Maka,0.67
493,b,11283,3741,NiKo,1.49
493,b,11283,19230,m0NESY,1.29
493,b,11283,24177,kyousuke,1.14
493,b,11283,19677,kyxsan,0.97
493,b,11283,12018,TeSeS,0.9
1663,a,4494,13666,Brollan,1.38
1663,a,4494,18850,Jimpphat,1.34
1663,a,4494,18072,torzsi,1.26
1663,a,4494,20312,xertioN,1.05
1663,a,4494,18221,Spinx,1.04
1663,b,4608,14759,iM,1.82
1663,b,4608,18987,b1t,0.87
1663,b,4608,20127,w0nderful,0.78
1663,b,4608,9816,Aleksib,0.73
1663,b,4608,22673,makazze,0.67
2764,b,7020,21167,donk,0.97
2764,b,7020,16920,sh1ro,0.93
2764,b,7020,23685,zweih,0.61
2764,b,7020,7716,chopper,0.6
2764,b,7020,19808,tN1R,0.37
2764,a,6667,10394,Twistzz,2.26
2764,a,6667,18053,broky,1.81
2764,a,6667,9960,frozen,1.34
2764,a,6667,8183,rain,1.21
2764,a,6667,429,karrigan,0.77
2963,b,8297,13915,YEKINDAR,1.38
2963,b,8297,2023,FalleN,1.01
2963,b,8297,12553,yuurih,0.96
2963,b,8297,15631,KSCERATO,0.91
2963,b,8297,24144,molodoy,0.42
2963,a,9565,11893,ZywOo,1.68
2963,a,9565,16693,flameZ,1.33
2963,a,9565,11816,ropz,1.17
2963,a,9565,7322,apEX,1.02
2963,a,9565,18462,mezii,0.99
467,a,4494,13666,Brollan,1.24
467,a,4494,18850,Jimpphat,1.03
467,a,4494,18072,torzsi,0.87
467,a,4494,20312,xertioN,0.54
467,a,4494,18221,Spinx,0.47
467,b,11283,12018,TeSeS,1.88
467,b,11283,19230,m0NESY,1.33
467,b,11283,24177,kyousuke,1.09
467,b,11283,3741,NiKo,1.08
467,b,11283,19677,kyxsan,0.97
1248,a,12467,22929,nota,1.54
1248,a,12467,13776,Jame,1.42
1248,a,12467,22471,xiELO,1.35
1248,a,12467,22076,AW,1.2
1248,a,12467,19235,BELCHONOKK,0.95
1248,b,13404,19509,dav1g,1.08
1248,b,13404,18749,sausol,0.96
1248,b,13404,9254,mopoz,0.87
1248,b,13404,8371,alex,0.68
1248,b,13404,21239,MartinezSa,0.48
2796,a,6667,10394,Twistzz,1.26
2796,a,6667,9960,frozen,1.16
2796,a,6667,8183,rain,0.99
2796,a,6667,429,karrigan,0.71
2796,a,6667,18053,broky,0.67
2796,b,9565,11893,ZywOo,1.88
2796,b,9565,7322,apEX,1.13
2796,b,9565,11816,ropz,1.02
2796,b,9565,18462,mezii,0.91
2796,b,9565,16693,flameZ,0.71
1244,b,12467,22929,nota,1.46
1244,b,12467,22076,AW,1.36
1244,b,12467,19235,BELCHONOKK,1.28
1244,b,12467,13776,Jame,0.71
1244,b,12467,22471,xiELO,0.59
1244,a,13117,24282,Dawy,1.35
1244,a,13117,24283,cairne,1.12
1244,a,13117,23642,Flierax,0.98
1244,a,13117,24168,onic,0.91
1244,a,13117,22643,nifee,0.8
1737,b,4494,18221,Spinx,1.34
1737,b,4494,13666,Brollan,1.15
1737,b,4494,18072,torzsi,1.11
1737,b,4494,20312,xertioN,1.07
1737,b,4494,18850,Jimpphat,1.01
1737,a,6667,9960,frozen,1.44
1737,a,6667,8183,rain,0.91
1737,a,6667,10394,Twistzz,0.86
1737,a,6667,429,karrigan,0.85
1737,a,6667,18053,broky,0.63
581,a,11283,19230,m0NESY,1.3
581,a,11283,3741,NiKo,0.86
581,a,11283,24177,kyousuke,0.78
581,a,11283,19677,kyxsan,0.58
581,a,11283,12018,TeSeS,0.45
581,b,9565,18462,mezii,1.8
581,b,9565,16693,flameZ,1.66
581,b,9565,11816,ropz,1.23
581,b,9565,11893,ZywOo,1.17
581,b,9565,7322,apEX,1.17
2523,b,9928,9278,REZ,1.11
2523,b,9928,22279,PR,1.07
2523,b,9928,16486,ztr,0.93
2523,b,9928,20301,Tauson,0.81
2523,b,9928,23766,hypex,0.77
2523,a,5973,9436,NertZ,1.7
2523,a,5973,16820,siuhy,1.2
2523,a,5973,8738,EliGE,1.18
2523,a,5973,21763,ultimate,1.03
2523,a,5973,8520,NAF,0.81
1326,b,5378,16947,Perfecto,0.88
1326,b,5378,21439,ICY,0.72
1326,b,5378,20101,fame,0.64
1326,b,5378,12732,FL1T,0.57
1326,b,5378,24952,tO0RO,0.47
1326,a,12468,22965,saadzin,2.64
1326,a,12468,19045,latto,2.16
1326,a,12468,15698,dumau,1.18
1326,a,12468,20563,lux,1.1
1326,a,12468,19686,n1ssim,0.6
1951,a,4773,18865,dav1deuS,1.11
1951,a,4773,20171,snow,1.0
1951,a,4773,18141,biguzera,0.88
1951,a,4773,19694,nqz,0.79
1951,a,4773,14736,dgt,0.78
1951,b,4991,23414,jackasmo,1.3
1951,b,4991,23046,jambo,1.27
1951,b,4991,17803,fEAR,1.21
1951,b,4991,15165,blameF,1.06
1951,b,4991,7528,KRIMZ,0.91
1526,a,6667,10394,Twistzz,1.21
1526,a,6667,9960,frozen,1.13
1526,a,6667,22383,jcobbb,1.09
1526,a,6667,18053,broky,0.94
1526,a,6667,429,karrigan,0.75
1526,b,13286,20584,dem0n,1.61
1526,b,13286,22674,cmtry,1.21
1526,b,13286,23553,dziugss,1.2
1526,b,13286,20761,lauNX,1.08
1526,b,13286,22203,Krabeni,0.97
306,a,7175,22047,yxngstxr,1.39
306,a,7175,19187,xfl0ud,1.23
306,a,7175,16848,hades,1.2
306,a,7175,20119,nilo,0.93
306,a,7175,19310,LNZ,0.65
306,b,11241,20282,kRaSnaL,1.34
306,b,11241,19592,headtr1ck,1.22
306,b,11241,21708,npl,1.02
306,b,11241,20112,alex666,0.91
306,b,11241,23643,esenthial,0.69
2980,b,9928,22279,PR,1.16
2980,b,9928,9278,REZ,1.14
2980,b,9928,20301,Tauson,1.01
2980,b,9928,23766,hypex,0.86
2980,b,9928,16486,ztr,0.65
2980,a,8840,22922,EmiliaQAQ,1.41
2980,a,8840,23100,C4LLM3SU3,1.25
2980,a,8840,20254,Starry,1.03
2980,a,8840,16551,Westmelon,1.03
2980,a,8840,18744,z4KR,0.99
1320,a,4914,13497,Lucky,1.14
1320,a,4914,13138,Maka,1.07
1320,a,4914,19739,Ex3rcice,0.96
1320,a,4914,8374,bodyy,0.7
1320,a,4914,21969,Graviti,0.65
1320,b,12468,19686,n1ssim,1.57
1320,b,12468,15698,dumau,1.38
1320,b,12468,19045,latto,1.18
1320,b,12468,20563,lux,1.12
1320,b,12468,22965,saadzin,0.82
298,b,6667,18053,broky,1.57
298,b,6667,429,karrigan,1.54
298,b,6667,10394,Twistzz,1.35
298,b,6667,9960,frozen,1.33
298,b,6667,22383,jcobbb,0.88
298,a,11241,21708,npl,1.63
298,a,11241,23643,esenthial,0.93
298,a,11241,20282,kRaSnaL,0.61
298,a,11241,19592,headtr1ck,0.59
298,a,11241,20112,alex666,0.53
1531,a,13286,22203,Krabeni,1.59
1531,a,13286,22674,cmtry,0.87
1531,a,13286,20584,dem0n,0.83
1531,a,13286,20761,lauNX,0.8
1531,a,13286,23553,dziugss,0.58
1531,b,7175,16848,hades,1.59
1531,b,7175,19310,LNZ,1.4
1531,b,7175,20119,nilo,1.09
1531,b,7175,19187,xfl0ud,1.07
1531,b,7175,22047,yxngstxr,1.0
2071,a,4991,15165,blameF,1.51
2071,a,4991,23414,jackasmo,1.23
2071,a,4991,23046,jambo,1.21
2071,a,4991,7528,KRIMZ,1.18
2071,a,4991,17803,fEAR,0.5
2071,b,4863,20895,Mercury,1.32
2071,b,4863,21621,Moseyuh,1.12
2071,b,4863,19645,JamYoung,1.03
2071,b,4863,8552,Attacker,0.66
2071,b,4863,20702,Jee,0.6
97,b,8297,12553,yuurih,1.32
97,b,8297,24144,molodoy,1.3
97,b,8297,15631,KSCERATO,1.17
97,b,8297,2023,FalleN,0.98
97,b,8297,13915,YEKINDAR,0.87
97,a,10503,19064,spooke,1.24
97,a,10503,21983,Chr1zN,1.06
97,a,10503,13602,nicoodoz,0.81
97,a,10503,20878,adamb,0.74
97,a,10503,20465,arrozdoce,0.5
2236,a,8840,20254,Starry,1.39
2236,a,8840,16551,Westmelon,0.92
2236,a,8840,22922,EmiliaQAQ,0.86
2236,a,8840,23100,C4LLM3SU3,0.68
2236,a,8840,18744,z4KR,0.6
2236,b,4914,8374,bodyy,1.43
2236,b,4914,13497,Lucky,1.23
2236,b,4914,19739,Ex3rcice,1.09
2236,b,4914,21969,Graviti,0.97
2236,b,4914,13138,Maka,0.96
2087,b,6667,9960,frozen,1.81
2087,b,6667,10394,Twistzz,1.53
2087,b,6667,18053,broky,1.37
2087,b,6667,429,karrigan,0.82
2087,b,6667,22383,jcobbb,0.74
2087,a,4863,20895,Mercury,1.48
2087,a,4863,21621,Moseyuh,1.06
2087,a,4863,20702,Jee,0.83
2087,a,4863,8552,Attacker,0.73
2087,a,4863,19645,JamYoung,0.65
1504,b,4773,18865,dav1deuS,1.33
1504,b,4773,19694,nqz,1.15
1504,b,4773,20171,snow,0.97
1504,b,4773,18141,biguzera,0.6
1504,b,4773,14736,dgt,0.51
1504,a,13286,23553,dziugss,1.79
1504,a,13286,20584,dem0n,1.68
1504,a,13286,22674,cmtry,1.45
1504,a,13286,22203,Krabeni,1.01
1504,a,13286,20761,lauNX,0.89
2275,b,4991,15165,blameF,1.33
2275,b,4991,23046,jambo,1.16
2275,b,4991,17803,fEAR,0.93
2275,b,4991,7528,KRIMZ,0.88
2275,b,4991,23414,jackasmo,0.77
2275,a,7175,16848,hades,1.35
2275,a,7175,20119,nilo,1.26
2275,a,7175,19187,xfl0ud,1.0
2275,a,7175,19310,LNZ,0.99
2275,a,7175,22047,yxngstxr,0.91
1329,b,5973,8520,NAF,1.35
1329,b,5973,16820,siuhy,1.29
1329,b,5973,8738,EliGE,1.26
1329,b,5973,21763,ultimate,0.87
1329,b,5973,9436,NertZ,0.68
1329,a,12468,15698,dumau,1.17
1329,a,12468,22965,saadzin,1.07
1329,a,12468,19045,latto,1.0
1329,a,12468,19686,n1ssim,0.93
1329,a,12468,20563,lux,0.73
2650,a,8297,12553,yuurih,1.37
2650,a,8297,24144,molodoy,1.35
2650,a,8297,15631,KSCERATO,1.29
2650,a,8297,2023,FalleN,0.9
2650,a,8297,13915,YEKINDAR,0.82
2650,b,6248,20275,Techno,1.14
2650,b,6248,20903,Senzu,1.13
2650,b,6248,20194,bLitz,0.99
2650,b,6248,21001,mzinho,0.92
2650,b,6248,21809,910,0.81
2173,b,5378,16947,Perfecto,1.34
2173,b,5378,21439,ICY,1.11
2173,b,5378,12732,FL1T,1.01
2173,b,5378,24952,tO0RO,0.87
2173,b,5378,20101,fame,0.59
2173,a,4914,21969,Graviti,1.44
2173,a,4914,13138,Maka,1.25
2173,a,4914,13497,Lucky,1.07
2173,a,4914,19739,Ex3rcice,0.93
2173,a,4914,8374,bodyy,0.77
1527,a,13286,20584,dem0n,1.78
1527,a,13286,20761,lauNX,1.72
1527,a,13286,22674,cmtry,1.21
1527,a,13286,23553,dziugss,0.78
1527,a,13286,22203,Krabeni,0.56
1527,b,6667,18053,broky,1.19
1527,b,6667,10394,Twistzz,1.09
1527,b,6667,9960,frozen,1.0
1527,b,6667,22383,jcobbb,0.86
1527,b,6667,429,karrigan,0.65
830,b,4608,22673,makazze,1.29
830,b,4608,9816,Aleksib,1.2
830,b,4608,20127,w0nderful,1.15
830,b,4608,18987,b1t,1.13
830,b,4608,14759,iM,0.86
830,a,11861,21243,Wicadia,1.22
830,a,11861,7938,XANTARES,1.11
830,a,11861,22361,jottAAA,0.85
830,a,11861,8574,woxic,0.74
830,a,11861,150,MAJ3R,0.73
2170,a,4991,17803,fEAR,1.2
2170,a,4991,15165,blameF,0.99
2170,a,4991,23414,jackasmo,0.9
2170,a,4991,7528,KRIMZ,0.8
2170,a,4991,23046,jambo,0.67
2170,b,4914,19739,Ex3rcice,1.34
2170,b,4914,21969,Graviti,1.31
2170,b,4914,8374,bodyy,1.1
2170,b,4914,13138,Maka,1.06
2170,b,4914,13497,Lucky,0.82
1302,a,12468,19045,latto,1.78
1302,a,12468,20563,lux,1.14
1302,a,12468,19686,n1ssim,1.1
1302,a,12468,15698,dumau,1.06
1302,a,12468,22965,saadzin,0.83
1302,b,13286,20761,lauNX,1.3
1302,b,13286,23553,dziugss,1.01
1302,b,13286,22203,Krabeni,0.89
1302,b,13286,22674,cmtry,0.72
1302,b,13286,20584,dem0n,0.52
2177,b,5973,8520,NAF,1.2
2177,b,5973,8738,EliGE,0.9
2177,b,5973,9436,NertZ,0.88
2177,b,5973,21763,ultimate,0.84
2177,b,5973,16820,siuhy,0.76
2177,a,4914,21969,Graviti,1.32
2177,a,4914,13497,Lucky,1.27
2177,a,4914,13138,Maka,1.26
2177,a,4914,19739,Ex3rcice,0.98
2177,a,4914,8374,bodyy,0.9
1349,a,7175,19187,xfl0ud,1.15
1349,a,7175,16848,hades,0.98
1349,a,7175,22047,yxngstxr,0.89
1349,a,7175,20119,nilo,0.8
1349,a,7175,19310,LNZ,0.53
1349,b,12468,19045,latto,1.46
1349,b,12468,22965,saadzin,1.44
1349,b,12468,15698,dumau,1.04
1349,b,12468,20563,lux,1.01
1349,b,12468,19686,n1ssim,0.91
907,b,8297,15631,KSCERATO,1.79
907,b,8297,12553,yuurih,1.56
907,b,8297,24144,molodoy,1.37
907,b,8297,13915,YEKINDAR,1.28
907,b,8297,2023,FalleN,1.06
907,a,11861,8574,woxic,1.12
907,a,11861,150,MAJ3R,0.84
907,a,11861,21243,Wicadia,0.68
907,a,11861,22361,jottAAA,0.61
907,a,11861,7938,XANTARES,0.58
1862,a,4608,22673,makazze,1.41
1862,a,4608,20127,w0nderful,1.36
1862,a,4608,9816,Aleksib,1.08
1862,a,4608,14759,iM,0.99
1862,a,4608,18987,b1t,0.99
1862,b,6248,20903,Senzu,1.15
1862,b,6248,21809,910,0.92
1862,b,6248,21001,mzinho,0.84
1862,b,6248,20275,Techno,0.82
1862,b,6248,20194,bLitz,0.76
2494,a,5973,8520,NAF,1.76
2494,a,5973,8738,EliGE,1.54
2494,a,5973,9436,NertZ,1.17
2494,a,5973,16820,siuhy,1.13
2494,a,5973,21763,ultimate,0.93
2494,b,7175,19187,xfl0ud,1.07
2494,b,7175,20119,nilo,0.84
2494,b,7175,22047,yxngstxr,0.81
2494,b,7175,16848,hades,0.71
2494,b,7175,19310,LNZ,0.64
1321,b,4914,21969,Graviti,0.95
1321,b,4914,13497,Lucky,0.93
1321,b,4914,13138,Maka,0.76
1321,b,4914,19739,Ex3rcice,0.69
1321,b,4914,8374,bodyy,0.44
1321,a,12468,19045,latto,1.99
1321,a,12468,15698,dumau,1.67
1321,a,12468,19686,n1ssim,1.4
1321,a,12468,20563,lux,1.13
1321,a,12468,22965,saadzin,0.95
864,b,11861,7938,XANTARES,1.61
864,b,11861,8574,woxic,1.03
864,b,11861,21243,Wicadia,0.92
864,b,11861,150,MAJ3R,0.9
864,b,11861,22361,jottAAA,0.85
864,a,6248,20194,bLitz,1.23
864,a,6248,21809,910,1.17
864,a,6248,20903,Senzu,1.09
864,a,6248,21001,mzinho,0.97
864,a,6248,20275,Techno,0.87
1918,a,8297,24144,molodoy,2.26
1918,a,8297,12553,yuurih,1.53
1918,a,8297,13915,YEKINDAR,1.42
1918,a,8297,15631,KSCERATO,1.39
1918,a,8297,2023,FalleN,1.37
1918,b,4608,18987,b1t,1.51
1918,b,4608,22673,makazze,0.5
1918,b,4608,20127,w0nderful,0.48
1918,b,4608,14759,iM,0.4
1918,b,4608,9816,Aleksib,0.3
1331,a,12468,19045,latto,1.16
1331,a,12468,19686,n1ssim,1.12
1331,a,12468,22965,saadzin,1.11
1331,a,12468,15698,dumau,0.91
1331,a,12468,20563,lux,0.43
1331,b,5973,8738,EliGE,1.53
1331,b,5973,21763,ultimate,1.44
1331,b,5973,8520,NAF,1.12
1331,b,5973,9436,NertZ,1.02
1331,b,5973,16820,siuhy,0.93
1551,b,4773,14736,dgt,1.38
1551,b,4773,18141,biguzera,1.24
1551,b,4773,18865,dav1deuS,1.19
1551,b,4773,20171,snow,1.11
1551,b,4773,19694,nqz,1.01
1551,a,13404,9254,mopoz,1.32
1551,a,13404,19509,dav1g,0.94
1551,a,13404,18749,sausol,0.76
1551,a,13404,8371,alex,0.7
1551,a,13404,21239,MartinezSa,0.69
1641,b,7175,19187,xfl0ud,1.82
1641,b,7175,20119,nilo,1.22
1641,b,7175,23600,Alkaren,1.18
1641,b,7175,22047,yxngstxr,0.97
1641,b,7175,19310,LNZ,0.58
1641,a,4411,23372,xKacpersky,1.73
1641,a,4411,20425,r1nkle,0.91
1641,a,4411,14148,sjuush,0.8
1641,a,4411,20464,ewjerkz,0.77
1641,a,4411,922,Snappi,0.64
156,b,4914,13497,Lucky,1.84
156,b,4914,19739,Ex3rcice,1.24
156,b,4914,21969,Graviti,1.24
156,b,4914,8374,bodyy,1.12
156,b,4914,13138,Maka,0.96
156,a,10567,20462,story,1.24
156,a,10567,21014,Ag1l,0.94
156,a,10567,630,MUTiRiS,0.87
156,a,10567,23140,krazy,0.83
156,a,10567,22807,aragornN,0.6
294,b,6665,7592,device,1.12
294,b,6665,20304,Staehr,0.66
294,b,6665,17956,jabbi,0.65
294,b,6665,9032,Magisk,0.56
294,b,6665,10096,HooXi,0.5
294,a,11241,22842,kensizor,1.66
294,a,11241,21708,npl,1.45
294,a,11241,19592,headtr1ck,1.33
294,a,11241,20112,alex666,1.25
294,a,11241,23643,esenthial,0.92
845,b,11861,8574,woxic,1.9
845,b,11861,22361,jottAAA,1.65
845,b,11861,21243,Wicadia,1.14
845,b,11861,150,MAJ3R,0.84
845,b,11861,7938,XANTARES,0.79
845,a,4991,15165,blameF,1.37
845,a,4991,17803,fEAR,1.03
845,a,4991,23046,jambo,0.81
845,a,4991,7528,KRIMZ,0.65
845,a,4991,23414,jackasmo,0.46
1305,b,12468,22965,saadzin,1.74
1305,b,12468,15698,dumau,1.27
1305,b,12468,20563,lux,1.0
1305,b,12468,19045,latto,0.97
1305,b,12468,19686,n1ssim,0.69
1305,a,13404,19509,dav1g,1.42
1305,a,13404,8371,alex,1.1
1305,a,13404,18749,sausol,0.86
1305,a,13404,9254,mopoz,0.76
1305,a,13404,21239,MartinezSa,0.74
2054,a,9928,23766,hypex,1.31
2054,a,9928,9278,REZ,1.18
2054,a,9928,20301,Tauson,1.01
2054,a,9928,22279,PR,1.0
2054,a,9928,16486,ztr,0.71
2054,b,4773,20171,snow,1.26
2054,b,4773,19694,nqz,1.23
2054,b,4773,18141,biguzera,1.03
2054,b,4773,18865,dav1deuS,1.02
2054,b,4773,14736,dgt,0.97
142,a,10567,21014,Ag1l,1.73
142,a,10567,630,MUTiRiS,1.21
142,a,10567,23140,krazy,1.04
142,a,10567,20462,story,0.8
142,a,10567,22807,aragornN,0.75
142,b,4411,23372,xKacpersky,1.37
142,b,4411,20464,ewjerkz,1.21
142,b,4411,14148,sjuush,1.08
142,b,4411,20425,r1nkle,0.98
142,b,4411,922,Snappi,0.81
1157,b,7175,23600,Alkaren,1.33
1157,b,7175,19187,xfl0ud,1.02
1157,b,7175,22047,yxngstxr,1.01
1157,b,7175,20119,nilo,0.99
1157,b,7175,19310,LNZ,0.76
1157,a,12394,21667,Magnojez,1.52
1157,a,12394,11840,Boombl4,1.41
1157,a,12394,20357,d1Ledez,0.98
1157,a,12394,18506,S1ren,0.82
1157,a,12394,21348,ArtFr0st,0.71
849,a,11861,7938,XANTARES,1.46
849,a,11861,21243,Wicadia,1.41
849,a,11861,150,MAJ3R,1.25
849,a,11861,22361,jottAAA,1.01
849,a,11861,8574,woxic,0.82
849,b,5973,16820,siuhy,1.15
849,b,5973,9436,NertZ,1.02
849,b,5973,8738,EliGE,0.88
849,b,5973,8520,NAF,0.83
849,b,5973,21763,ultimate,0.64
277,b,4914,8374,bodyy,1.21
277,b,4914,13497,Lucky,1.11
277,b,4914,19739,Ex3rcice,1.02
277,b,4914,13138,Maka,0.78
277,b,4914,21969,Graviti,0.6
277,a,11241,21708,npl,1.73
277,a,11241,23643,esenthial,1.13
277,a,11241,19592,headtr1ck,1.07
277,a,11241,22842,kensizor,1.0
277,a,11241,20112,alex666,0.95
1142,b,5973,8520,NAF,2.15
1142,b,5973,9436,NertZ,1.9
1142,b,5973,21763,ultimate,1.55
1142,b,5973,8738,EliGE,1.25
1142,b,5973,16820,siuhy,1.04
1142,a,12394,18506,S1ren,1.13
1142,a,12394,21667,Magnojez,0.63
1142,a,12394,11840,Boombl4,0.45
1142,a,12394,21348,ArtFr0st,0.41
1142,a,12394,20357,d1Ledez,0.36
200,a,9928,20301,Tauson,1.45
200,a,9928,9278,REZ,0.95
200,a,9928,22279,PR,0.95
200,a,9928,23766,hypex,0.94
200,a,9928,16486,ztr,0.68
200,b,10567,22807,aragornN,1.35
200,b,10567,21014,Ag1l,1.19
200,b,10567,630,MUTiRiS,1.03
200,b,10567,20462,story,0.9
200,b,10567,23140,krazy,0.89
1338,b,6665,9032,Magisk,1.07
1338,b,6665,20304,Staehr,1.07
1338,b,6665,7592,device,0.95
1338,b,6665,17956,jabbi,0.53
1338,b,6665,10096,HooXi,0.16
1338,a,12468,19686,n1ssim,1.84
1338,a,12468,22965,saadzin,1.6
1338,a,12468,15698,dumau,1.48
1338,a,12468,20563,lux,1.31
1338,a,12468,19045,latto,1.2
890,b,11861,22361,jottAAA,1.3
890,b,11861,150,MAJ3R,1.02
890,b,11861,8574,woxic,0.88
890,b,11861,7938,XANTARES,0.8
890,b,11861,21243,Wicadia,0.7
890,a,7175,19187,xfl0ud,1.41
890,a,7175,20119,nilo,1.25
890,a,7175,19310,LNZ,1.15
890,a,7175,22047,yxngstxr,0.96
890,a,7175,23600,Alkaren,0.79
273,b,11241,22842,kensizor,1.29
273,b,11241,23643,esenthial,1.14
273,b,11241,21708,npl,0.88
273,b,11241,20112,alex666,0.81
273,b,11241,19592,headtr1ck,0.62
273,a,4773,14736,dgt,1.35
273,a,4773,18865,dav1deuS,1.23
273,a,4773,18141,biguzera,1.19
273,a,4773,19694,nqz,1.12
273,a,4773,20171,snow,0.83
1544,a,4411,23372,xKacpersky,1.64
1544,a,4411,20464,ewjerkz,0.92
1544,a,4411,20425,r1nkle,0.86
1544,a,4411,922,Snappi,0.82
1544,a,4411,14148,sjuush,0.8
1544,b,13404,21239,MartinezSa,1.28
1544,b,13404,8371,alex,1.22
1544,b,13404,18749,sausol,1.06
1544,b,13404,9254,mopoz,0.98
1544,b,13404,19509,dav1g,0.88
2205,b,4914,19739,Ex3rcice,1.58
2205,b,4914,13138,Maka,0.99
2205,b,4914,13497,Lucky,0.82
2205,b,4914,21969,Graviti,0.76
2205,b,4914,8374,bodyy,0.76
2205,a,6665,10096,HooXi,1.23
2205,a,6665,9032,Magisk,1.22
2205,a,6665,17956,jabbi,1.21
2205,a,6665,20304,Staehr,0.94
2205,a,6665,7592,device,0.74
120,a,11861,7938,XANTARES,1.35
120,a,11861,21243,Wicadia,1.06
120,a,11861,8574,woxic,0.87
120,a,11861,150,MAJ3R,0.82
120,a,11861,22361,jottAAA,0.74
120,b,10567,21014,Ag1l,1.25
120,b,10567,22807,aragornN,1.18
120,b,10567,20462,story,1.08
120,b,10567,23140,krazy,0.99
120,b,10567,630,MUTiRiS,0.96
1114,a,12394,21667,Magnojez,1.16
1114,a,12394,20357,d1Ledez,1.12
1114,a,12394,18506,S1ren,1.02
1114,a,12394,21348,ArtFr0st,1.01
1114,a,12394,11840,Boombl4,0.9
1114,b,13404,9254,mopoz,1.26
1114,b,13404,21239,MartinezSa,1.15
1114,b,13404,8371,alex,1.08
1114,b,13404,18749,sausol,0.94
1114,b,13404,19509,dav1g,0.87
2288,b,9928,20301,Tauson,1.89
2288,b,9928,9278,REZ,1.46
2288,b,9928,22279,PR,1.42
2288,b,9928,23766,hypex,1.01
2288,b,9928,16486,ztr,0.64
2288,a,4991,7528,KRIMZ,1.47
2288,a,4991,23046,jambo,0.91
2288,a,4991,15165,blameF,0.8
2288,a,4991,17803,fEAR,0.61
2288,a,4991,23414,jackasmo,0.35
246,a,11241,19592,headtr1ck,1.36
246,a,11241,23643,esenthial,1.34
246,a,11241,22842,kensizor,1.12
246,a,11241,21708,npl,0.86
246,a,11241,20112,alex666,0.65
246,b,12468,22965,saadzin,1.13
246,b,12468,19686,n1ssim,1.12
246,b,12468,20563,lux,0.93
246,b,12468,19045,latto,0.89
246,b,12468,15698,dumau,0.89
1566,a,9928,22279,PR,1.88
1566,a,9928,20301,Tauson,1.25
1566,a,9928,9278,REZ,0.96
1566,a,9928,16486,ztr,0.88
1566,a,9928,23766,hypex,0.6
1566,b,13404,21239,MartinezSa,1.27
1566,b,13404,19509,dav1g,1.14
1566,b,13404,8371,alex,0.98
1566,b,13404,18749,sausol,0.82
1566,b,13404,9254,mopoz,0.52
870,a,11861,8574,woxic,1.66
870,a,11861,7938,XANTARES,1.4
870,a,11861,21243,Wicadia,1.12
870,a,11861,22361,jottAAA,0.94
870,a,11861,150,MAJ3R,0.82
870,b,6665,9032,Magisk,1.16
870,b,6665,17956,jabbi,1.14
870,b,6665,10096,HooXi,1.1
870,b,6665,20304,Staehr,0.87
870,b,6665,6124,ruggah,0.48
227,a,11241,23643,esenthial,1.25
227,a,11241,20112,alex666,0.59
227,a,11241,21708,npl,0.55
227,a,11241,19592,headtr1ck,0.49
227,a,11241,22842,kensizor,0.38
227,b,11861,7938,XANTARES,2.04
227,b,11861,21243,Wicadia,1.76
227,b,11861,8574,woxic,1.57
227,b,11861,22361,jottAAA,1.15
227,b,11861,150,MAJ3R,1.01
2897,a,7175,19187,xfl0ud,1.12
2897,a,7175,20119,nilo,1.05
2897,a,7175,23600,Alkaren,1.02
2897,a,7175,19310,LNZ,0.9
2897,a,7175,22047,yxngstxr,0.73
2897,b,9928,22279,PR,1.9
2897,b,9928,23766,hypex,1.23
2897,b,9928,20301,Tauson,1.23
2897,b,9928,9278,REZ,0.96
2897,b,9928,16486,ztr,0.83
1317,a,4773,18865,dav1deuS,1.3
1317,a,4773,19694,nqz,0.89
1317,a,4773,18141,biguzera,0.85
1317,a,4773,20171,snow,0.79
1317,a,4773,14736,dgt,0.57
1317,b,12468,20563,lux,1.61
1317,b,12468,19686,n1ssim,1.46
1317,b,12468,19045,latto,1.13
1317,b,12468,22965,saadzin,1.13
1317,b,12468,15698,dumau,1.03
171,b,5973,8520,NAF,0.88
171,b,5973,8738,EliGE,0.7
171,b,5973,9436,NertZ,0.43
171,b,5973,16820,siuhy,0.43
171,b,5973,21763,ultimate,0.26
171,a,10567,20462,story,2.02
171,a,10567,630,MUTiRiS,2.0
171,a,10567,21014,Ag1l,1.65
171,a,10567,22807,aragornN,1.37
171,a,10567,23140,krazy,1.22
924,a,9928,9278,REZ,0.77
924,a,9928,22279,PR,0.74
924,a,9928,20301,Tauson,0.64
924,a,9928,16486,ztr,0.57
924,a,9928,23766,hypex,0.37
924,b,11861,7938,XANTARES,2.26
924,b,11861,8574,woxic,1.62
924,b,11861,21243,Wicadia,1.58
924,b,11861,150,MAJ3R,1.46
924,b,11861,22361,jottAAA,1.16
133,b,10567,20462,story,1.51
133,b,10567,630,MUTiRiS,1.02
133,b,10567,22807,aragornN,0.61
133,b,10567,21014,Ag1l,0.44
133,b,10567,23140,krazy,0.35
133,a,12468,22965,saadzin,2.16
133,a,12468,19045,latto,1.66
133,a,12468,15698,dumau,1.47
133,a,12468,19686,n1ssim,1.24
133,a,12468,20563,lux,0.89
201,b,9928,20301,Tauson,1.18
201,b,9928,9278,REZ,1.08
201,b,9928,22279,PR,1.08
201,b,9928,23766,hypex,0.81
201,b,9928,16486,ztr,0.45
201,a,10567,20462,story,1.9
201,a,10567,22807,aragornN,1.49
201,a,10567,23140,krazy,1.23
201,a,10567,21014,Ag1l,0.87
201,a,10567,630,MUTiRiS,0.81
810,b,11861,8574,woxic,1.22
810,b,11861,22361,jottAAA,1.16
810,b,11861,7938,XANTARES,1.16
810,b,11861,21243,Wicadia,0.92
810,b,11861,150,MAJ3R,0.82
810,a,12468,19686,n1ssim,1.19
810,a,12468,20563,lux,1.19
810,a,12468,22965,saadzin,1.1
810,a,12468,19045,latto,0.9
810,a,12468,15698,dumau,0.87
2947,b,8297,15631,KSCERATO,2.2
2947,b,8297,24144,molodoy,1.68
2947,b,8297,2023,FalleN,1.51
2947,b,8297,13915,YEKINDAR,1.36
2947,b,8297,12553,yuurih,1.22
2947,a,8840,16551,Westmelon,0.83
2947,a,8840,23100,C4LLM3SU3,0.78
2947,a,8840,20254,Starry,0.57
2947,a,8840,22922,EmiliaQAQ,0.38
2947,a,8840,18744,z4KR,0.37
485,a,4863,20702,Jee,1.45
485,a,4863,20895,Mercury,0.78
485,a,4863,8552,Attacker,0.61
485,a,4863,19645,JamYoung,0.52
485,a,4863,21621,Moseyuh,0.52
485,b,11283,19230,m0NESY,2.4
485,b,11283,12018,TeSeS,1.44
485,b,11283,24177,kyousuke,1.32
485,b,11283,3741,NiKo,1.23
485,b,11283,19677,kyxsan,1.18
1738,a,4494,18221,Spinx,1.77
1738,a,4494,20312,xertioN,1.51
1738,a,4494,18850,Jimpphat,1.19
1738,a,4494,18072,torzsi,1.05
1738,a,4494,13666,Brollan,0.9
1738,b,6667,429,karrigan,1.36
1738,b,6667,10394,Twistzz,0.93
1738,b,6667,9960,frozen,0.82
1738,b,6667,22383,jcobbb,0.61
1738,b,6667,18053,broky,0.6
2420,a,9565,11893,ZywOo,2.02
2420,a,9565,18462,mezii,1.56
2420,a,9565,16693,flameZ,1.38
2420,a,9565,11816,ropz,1.07
2420,a,9565,7322,apEX,0.87
2420,b,5378,24952,tO0RO,1.04
2420,b,5378,20101,fame,0.88
2420,b,5378,16947,Perfecto,0.85
2420,b,5378,23637,b1st,0.66
2420,b,5378,12732,FL1T,0.5
2638,b,6248,20194,bLitz,2.0
2638,b,6248,21809,910,1.75
2638,b,6248,21001,mzinho,1.45
2638,b,6248,20275,Techno,1.26
2638,b,6248,21398,controlez,0.61
2638,a,7175,22047,yxngstxr,1.0
2638,a,7175,23600,Alkaren,0.87
2638,a,7175,19310,LNZ,0.82
2638,a,7175,19187,xfl0ud,0.6
2638,a,7175,20119,nilo,0.47
2190,b,5995,20447,HeavyGod,1.66
2190,b,5995,11617,malbsMd,1.3
2190,b,5995,21062,MATYS,1.06
2190,b,5995,19164,SunPayus,1.04
2190,b,5995,3972,huNter-,0.84
2190,a,4914,13497,Lucky,1.04
2190,a,4914,21969,Graviti,1.04
2190,a,4914,13138,Maka,0.82
2190,a,4914,19739,Ex3rcice,0.78
2190,a,4914,8374,bodyy,0.65
1872,a,6665,17956,jabbi,1.26
1872,a,6665,9032,Magisk,1.19
1872,a,6665,20304,Staehr,1.18
1872,a,6665,7592,device,0.98
1872,a,6665,10096,HooXi,0.91
1872,b,4608,18987,b1t,1.33
1872,b,4608,9816,Aleksib,1.11
1872,b,4608,20127,w0nderful,0.96
1872,b,4608,14759,iM,0.77
1872,b,4608,22673,makazze,0.64
1996,b,4773,19694,nqz,1.23
1996,b,4773,18141,biguzera,1.23
1996,b,4773,20171,snow,0.88
1996,b,4773,14736,dgt,0.85
1996,b,4773,18865,dav1deuS,0.72
1996,a,7020,16920,sh1ro,1.4
1996,a,7020,23685,zweih,1.26
1996,a,7020,21167,donk,1.15
1996,a,7020,7716,chopper,0.94
1996,a,7020,19808,tN1R,0.84
2587,b,8297,15631,KSCERATO,1.58
2587,b,8297,12553,yuurih,1.24
2587,b,8297,24144,molodoy,1.17
2587,b,8297,2023,FalleN,0.79
2587,b,8297,13915,YEKINDAR,0.69
2587,a,5995,19164,SunPayus,1.61
2587,a,5995,11617,malbsMd,1.13
2587,a,5995,20447,HeavyGod,0.97
2587,a,5995,3972,huNter-,0.81
2587,a,5995,21062,MATYS,0.62
2237,a,8840,16551,Westmelon,1.23
2237,a,8840,23100,C4LLM3SU3,1.13
2237,a,8840,18744,z4KR,1.09
2237,a,8840,20254,Starry,1.06
2237,a,8840,22922,EmiliaQAQ,0.99
2237,b,4914,21969,Graviti,1.23
2237,b,4914,13138,Maka,0.97
2237,b,4914,13497,Lucky,0.84
2237,b,4914,8374,bodyy,0.69
2237,b,4914,19739,Ex3rcice,0.67
2377,a,6667,9960,frozen,1.18
2377,a,6667,10394,Twistzz,1.07
2377,a,6667,18053,broky,0.84
2377,a,6667,429,karrigan,0.79
2377,a,6667,22383,jcobbb,0.78
2377,b,5378,23637,b1st,1.26
2377,b,5378,12732,FL1T,1.15
2377,b,5378,20101,fame,1.13
2377,b,5378,24952,tO0RO,1.1
2377,b,5378,16947,Perfecto,0.98
1794,b,4494,18221,Spinx,1.47
1794,b,4494,20312,xertioN,1.34
1794,b,4494,13666,Brollan,0.99
1794,b,4494,18850,Jimpphat,0.85
1794,b,4494,18072,torzsi,0.75
1794,a,9565,11893,ZywOo,1.38
1794,a,9565,16693,flameZ,1.19
1794,a,9565,11816,ropz,1.15
1794,a,9565,7322,apEX,0.81
1794,a,9565,18462,mezii,0.74
1905,a,7175,22047,yxngstxr,1.63
1905,a,7175,19310,LNZ,1.4
1905,a,7175,20119,nilo,1.27
1905,a,7175,23600,Alkaren,1.11
1905,a,7175,19187,xfl0ud,0.71
1905,b,4608,22673,makazze,1.23
1905,b,4608,14759,iM,1.07
1905,b,4608,18987,b1t,0.89
1905,b,4608,20127,w0nderful,0.85
1905,b,4608,9816,Aleksib,0.82
2617,b,6248,21809,910,1.66
2617,b,6248,20275,Techno,0.82
2617,b,6248,20194,bLitz,0.75
2617,b,6248,21001,mzinho,0.75
2617,b,6248,21398,controlez,0.7
2617,a,6665,10096,HooXi,1.38
2617,a,6665,9032,Magisk,1.32
2617,a,6665,17956,jabbi,1.19
2617,a,6665,7592,device,1.04
2617,a,6665,20304,Staehr,0.94
1941,b,4863,19645,JamYoung,1.56
1941,b,4863,20895,Mercury,1.12
1941,b,4863,21621,Moseyuh,1.11
1941,b,4863,20702,Jee,0.56
1941,b,4863,8552,Attacker,0.53
1941,a,4773,20171,snow,1.84
1941,a,4773,19694,nqz,1.13
1941,a,4773,14736,dgt,1.12
1941,a,4773,18141,biguzera,0.89
1941,a,4773,18865,dav1deuS,0.82
550,b,11283,19230,m0NESY,1.22
550,b,11283,12018,TeSeS,1.06
550,b,11283,19677,kyxsan,1.05
550,b,11283,3741,NiKo,1.03
550,b,11283,24177,kyousuke,0.9
550,a,7020,16920,sh1ro,1.33
550,a,7020,21167,donk,1.14
550,a,7020,19808,tN1R,0.93
550,a,7020,7716,chopper,0.78
550,a,7020,23685,zweih,0.7
2979,a,8840,22922,EmiliaQAQ,1.26
2979,a,8840,18744,z4KR,0.95
2979,a,8840,20254,Starry,0.67
2979,a,8840,16551,Westmelon,0.64
2979,a,8840,23100,C4LLM3SU3,0.47
2979,b,9565,11816,ropz,1.68
2979,b,9565,11893,ZywOo,1.39
2979,b,9565,16693,flameZ,1.37
2979,b,9565,7322,apEX,1.3
2979,b,9565,18462,mezii,1.17
2359,a,5995,21062,MATYS,2.22
2359,a,5995,20447,HeavyGod,1.93
2359,a,5995,19164,SunPayus,1.8
2359,a,5995,11617,malbsMd,1.15
2359,a,5995,3972,huNter-,0.92
2359,b,5378,23637,b1st,0.75
2359,b,5378,20101,fame,0.74
2359,b,5378,24952,tO0RO,0.68
2359,b,5378,12732,FL1T,0.64
2359,b,5378,16947,Perfecto,0.56
2819,a,7175,23600,Alkaren,1.76
2819,a,7175,22047,yxngstxr,0.77
2819,a,7175,19187,xfl0ud,0.71
2819,a,7175,20119,nilo,0.62
2819,a,7175,19310,LNZ,0.59
2819,b,7020,23685,zweih,1.7
2819,b,7020,16920,sh1ro,1.44
2819,b,7020,21167,donk,1.42
2819,b,7020,7716,chopper,0.98
2819,b,7020,19808,tN1R,0.91
1974,b,6248,21809,910,1.42
1974,b,6248,21398,controlez,1.29
1974,b,6248,20275,Techno,1.21
1974,b,6248,20194,bLitz,1.0
1974,b,6248,21001,mzinho,0.96
1974,a,4773,14736,dgt,1.25
1974,a,4773,18865,dav1deuS,1.07
1974,a,4773,18141,biguzera,0.79
1974,a,4773,19694,nqz,0.78
1974,a,4773,20171,snow,0.73
1775,a,8297,24144,molodoy,1.19
1775,a,8297,12553,yuurih,1.09
1775,a,8297,15631,KSCERATO,1.02
1775,a,8297,2023,FalleN,0.84
1775,a,8297,13915,YEKINDAR,0.81
1775,b,4494,18221,Spinx,1.28
1775,b,4494,20312,xertioN,1.03
1775,b,4494,18072,torzsi,1.03
1775,b,4494,18850,Jimpphat,0.99
1775,b,4494,13666,Brollan,0.87
2605,b,9565,18462,mezii,1.22
2605,b,9565,16693,flameZ,1.19
2605,b,9565,11893,ZywOo,1.02
2605,b,9565,7322,apEX,0.98
2605,b,9565,11816,ropz,0.78
2605,a,5995,19164,SunPayus,1.1
2605,a,5995,21062,MATYS,1.1
2605,a,5995,11617,malbsMd,1.07
2605,a,5995,20447,HeavyGod,1.07
2605,a,5995,7821,sAw,0.83
531,a,6665,20304,Staehr,1.14
531,a,6665,17956,jabbi,0.94
531,a,6665,10096,HooXi,0.9
531,a,6665,9032,Magisk,0.85
531,a,6665,7592,device,0.73
531,b,11283,3741,NiKo,1.97
531,b,11283,19230,m0NESY,1.27
531,b,11283,24177,kyousuke,1.23
531,b,11283,12018,TeSeS,1.12
531,b,11283,19677,kyxsan,0.89
2631,a,7020,21167,donk,1.28
2631,a,7020,19808,tN1R,1.19
2631,a,7020,7716,chopper,0.97
2631,a,7020,16920,sh1ro,0.65
2631,a,7020,23685,zweih,0.63
2631,b,6248,21809,910,1.76
2631,b,6248,20275,Techno,1.28
2631,b,6248,21398,controlez,1.08
2631,b,6248,20194,bLitz,0.91
2631,b,6248,21001,mzinho,0.75
2744,b,9565,11893,ZywOo,1.64
2744,b,9565,16693,flameZ,1.37
2744,b,9565,18462,mezii,1.34
2744,b,9565,7322,apEX,0.95
2744,b,9565,11816,ropz,0.79
2744,a,6665,17956,jabbi,1.09
2744,a,6665,10096,HooXi,0.94
2744,a,6665,7592,device,0.92
2744,a,6665,20304,Staehr,0.85
2744,a,6665,9032,Magisk,0.82
2645,b,8297,24144,molodoy,1.63
2645,b,8297,13915,YEKINDAR,1.55
2645,b,8297,15631,KSCERATO,1.22
2645,b,8297,12553,yuurih,1.01
2645,b,8297,2023,FalleN,0.84
2645,a,6248,21001,mzinho,1.13
2645,a,6248,20194,bLitz,1.11
2645,a,6248,21809,910,0.97
2645,a,6248,21398,controlez,0.88
2645,a,6248,20275,Techno,0.5
1795,a,4494,20312,xertioN,1.6
1795,a,4494,13666,Brollan,1.06
1795,a,4494,18850,Jimpphat,0.87
1795,a,4494,18221,Spinx,0.76
1795,a,4494,18072,torzsi,0.75
1795,b,9565,11816,ropz,1.67
1795,b,9565,11893,ZywOo,1.48
1795,b,9565,7322,apEX,0.95
1795,b,9565,16693,flameZ,0.94
1795,b,9565,18462,mezii,0.85
563,b,11283,24177,kyousuke,1.64
563,b,11283,3741,NiKo,1.04
563,b,11283,19230,m0NESY,1.01
563,b,11283,12018,TeSeS,0.91
563,b,11283,19677,kyxsan,0.74
563,a,8297,24144,molodoy,1.39
563,a,8297,13915,YEKINDAR,1.12
563,a,8297,15631,KSCERATO,1.11
563,a,8297,12553,yuurih,0.9
563,a,8297,2023,FalleN,0.8
468,a,4494,18072,torzsi,1.15
468,a,4494,20312,xertioN,1.13
468,a,4494,18850,Jimpphat,1.0
468,a,4494,18221,Spinx,0.68
468,a,4494,13666,Brollan,0.63
468,b,11283,19230,m0NESY,1.65
468,b,11283,24177,kyousuke,1.51
468,b,11283,12018,TeSeS,1.14
468,b,11283,3741,NiKo,1.03
468,b,11283,19677,kyxsan,1.0
2964,a,9565,11816,ropz,1.25
2964,a,9565,7322,apEX,1.15
2964,a,9565,11893,ZywOo,1.08
2964,a,9565,18462,mezii,1.01
2964,a,9565,16693,flameZ,0.66
2964,b,8297,13915,YEKINDAR,1.67
2964,b,8297,24144,molodoy,1.12
2964,b,8297,12553,yuurih,1.04
2964,b,8297,2023,FalleN,1.02
2964,b,8297,15631,KSCERATO,0.84
1218,b,6248,21809,910,1.27
1218,b,6248,21398,controlez,1.23
1218,b,6248,21001,mzinho,1.15
1218,b,6248,20194,bLitz,0.99
1218,b,6248,20275,Techno,0.97
1218,a,12426,12840,hallzerk,1.64
1218,a,12426,21452,Kvem,1.51
1218,a,12426,13578,Grim,1.31
1218,a,12426,11630,JT,0.81
1218,a,12426,21620,nicx,0.6
548,a,7020,16920,sh1ro,1.13
548,a,7020,19808,tN1R,0.94
548,a,7020,23685,zweih,0.83
548,a,7020,21167,donk,0.75
548,a,7020,7716,chopper,0.74
548,b,11283,19230,m0NESY,1.72
548,b,11283,3741,NiKo,1.41
548,b,11283,12018,TeSeS,1.0
548,b,11283,24177,kyousuke,0.87
548,b,11283,19677,kyxsan,0.81
2014,a,8297,12553,yuurih,1.54
2014,a,8297,13915,YEKINDAR,1.41
2014,a,8297,24144,molodoy,1.3
2014,a,8297,15631,KSCERATO,1.24
2014,a,8297,2023,FalleN,0.65
2014,b,4773,14736,dgt,1.08
2014,b,4773,19694,nqz,1.04
2014,b,4773,20171,snow,0.87
2014,b,4773,18865,dav1deuS,0.7
2014,b,4773,18141,biguzera,0.7
2108,b,9565,11816,ropz,1.68
2108,b,9565,11893,ZywOo,1.38
2108,b,9565,18462,mezii,1.11
2108,b,9565,7322,apEX,0.86
2108,b,9565,16693,flameZ,0.84
2108,a,4863,8552,Attacker,1.08
2108,a,4863,21621,Moseyuh,1.03
2108,a,4863,20702,Jee,1.01
2108,a,4863,19645,JamYoung,0.88
2108,a,4863,20895,Mercury,0.79
2629,b,6248,21398,controlez,1.24
2629,b,6248,21809,910,1.03
2629,b,6248,21001,mzinho,0.98
2629,b,6248,20194,bLitz,0.75
2629,b,6248,20275,Techno,0.65
2629,a,7020,21167,donk,1.6
2629,a,7020,19808,tN1R,1.23
2629,a,7020,16920,sh1ro,1.0
2629,a,7020,23685,zweih,0.97
2629,a,7020,7716,chopper,0.82
447,a,12426,21452,Kvem,1.44
447,a,12426,21620,nicx,1.24
447,a,12426,13578,Grim,1.03
447,a,12426,11630,JT,0.9
447,a,12426,12840,hallzerk,0.73
447,b,11283,19230,m0NESY,1.86
447,b,11283,3741,NiKo,1.27
447,b,11283,24177,kyousuke,0.96
447,b,11283,12018,TeSeS,0.91
447,b,11283,19677,kyxsan,0.73
1940,a,4773,20171,snow,1.69
1940,a,4773,18865,dav1deuS,1.15
1940,a,4773,19694,nqz,1.13
1940,a,4773,18141,biguzera,1.09
1940,a,4773,14736,dgt,0.61
1940,b,4863,19645,JamYoung,1.43
1940,b,4863,20895,Mercury,1.18
1940,b,4863,8552,Attacker,1.14
1940,b,4863,20702,Jee,0.79
1940,b,4863,21621,Moseyuh,0.54
2962,b,8297,2023,FalleN,1.47
2962,b,8297,15631,KSCERATO,1.22
2962,b,8297,13915,YEKINDAR,1.15
2962,b,8297,12553,yuurih,1.07
2962,b,8297,24144,molodoy,0.96
2962,a,9565,16693,flameZ,1.31
2962,a,9565,11893,ZywOo,0.96
2962,a,9565,18462,mezii,0.87
2962,a,9565,7322,apEX,0.75
2962,a,9565,11816,ropz,0.64
1207,b,12426,21620,nicx,1.24
1207,b,12426,13578,Grim,1.15
1207,b,12426,11630,JT,0.69
1207,b,12426,21452,Kvem,0.65
1207,b,12426,12840,hallzerk,0.46
1207,a,4773,14736,dgt,1.35
1207,a,4773,18141,biguzera,1.33
1207,a,4773,20171,snow,1.22
1207,a,4773,18865,dav1deuS,1.16
1207,a,4773,19694,nqz,1.07
2846,b,7020,21167,donk,1.3
2846,b,7020,23685,zweih,1.11
2846,b,7020,16920,sh1ro,0.93
2846,b,7020,7716,chopper,0.83
2846,b,7020,19808,tN1R,0.55
2846,a,9565,11893,ZywOo,1.62
2846,a,9565,11816,ropz,1.16
2846,a,9565,16693,flameZ,1.09
2846,a,9565,18462,mezii,1.03
2846,a,9565,7322,apEX,0.82
2015,b,8297,15631,KSCERATO,2.05
2015,b,8297,2023,FalleN,1.2
2015,b,8297,24144,molodoy,1.15
2015,b,8297,12553,yuurih,1.0
2015,b,8297,13915,YEKINDAR,0.83
2015,a,4773,18141,biguzera,1.57
2015,a,4773,19694,nqz,0.96
2015,a,4773,14736,dgt,0.92
2015,a,4773,18865,dav1deuS,0.7
2015,a,4773,20171,snow,0.66
576,b,11283,19230,m0NESY,1.47
576,b,11283,19677,kyxsan,1.42
576,b,11283,3741,NiKo,1.02
576,b,11283,12018,TeSeS,1.02
576,b,11283,24177,kyousuke,0.91
576,a,9565,11893,ZywOo,1.68
576,a,9565,16693,flameZ,1.05
576,a,9565,7322,apEX,0.88
576,a,9565,11816,ropz,0.69
576,a,9565,18462,mezii,0.4
561,a,8297,13915,YEKINDAR,1.32
561,a,8297,12553,yuurih,1.25
561,a,8297,24144,molodoy,1.2
561,a,8297,2023,FalleN,1.03
561,a,8297,15631,KSCERATO,1.0
561,b,11283,19230,m0NESY,1.32
561,b,11283,19677,kyxsan,1.16
561,b,11283,12018,TeSeS,0.97
561,b,11283,24177,kyousuke,0.74
561,b,11283,3741,NiKo,0.63
1485,b,13286,20761,lauNX,1.72
1485,b,13286,20584,dem0n,1.41
1485,b,13286,22203,Krabeni,1.23
1485,b,13286,23553,dziugss,0.83
1485,b,13286,22674,cmtry,0.79
1485,a,13117,24168,onic,1.22
1485,a,13117,23415,zeRRoFIX,1.15
1485,a,13117,24282,Dawy,0.78
1485,a,13117,24283,cairne,0.77
1485,a,13117,23642,Flierax,0.75
1161,b,12394,21667,Magnojez,1.79
1161,b,12394,18506,S1ren,1.57
1161,b,12394,20357,d1Ledez,1.22
1161,b,12394,11840,Boombl4,1.19
1161,b,12394,21348,ArtFr0st,0.8
1161,a,7175,19310,LNZ,0.93
1161,a,7175,22047,yxngstxr,0.84
1161,a,7175,23600,Alkaren,0.84
1161,a,7175,19187,xfl0ud,0.77
1161,a,7175,20119,nilo,0.76
1201,b,12426,21620,nicx,1.33
1201,b,12426,12840,hallzerk,1.23
1201,b,12426,21452,Kvem,0.58
1201,b,12426,13578,Grim,0.54
1201,b,12426,11630,JT,0.37
1201,a,13286,20761,lauNX,1.62
1201,a,13286,22203,Krabeni,1.55
1201,a,13286,22674,cmtry,1.41
1201,a,13286,20584,dem0n,1.22
1201,a,13286,23553,dziugss,1.15
232,b,11241,22842,kensizor,1.53
232,b,11241,21708,npl,1.37
232,b,11241,19592,headtr1ck,0.99
232,b,11241,23643,esenthial,0.65
232,b,11241,20112,alex666,0.53
232,a,12376,20104,s1n,1.16
232,a,12376,18838,HexT,1.15
232,a,12376,22921,Lake,1.13
232,a,12376,16599,Swisher,1.06
232,a,12376,15370,slaxz-,0.97
1300,a,12468,19045,latto,1.28
1300,a,12468,20563,lux,0.94
1300,a,12468,22965,saadzin,0.87
1300,a,12468,15698,dumau,0.82
1300,a,12468,19686,n1ssim,0.62
1300,b,12774,17384,Vexite,1.77
1300,b,12774,4679,jks,1.28
1300,b,12774,11140,INS,1.13
1300,b,12774,18214,nettik,1.0
1300,b,12774,20123,regali,0.87
2780,a,6667,9960,frozen,2.03
2780,a,6667,10394,Twistzz,1.32
2780,a,6667,429,karrigan,1.28
2780,a,6667,18053,broky,1.22
2780,a,6667,22383,jcobbb,1.03
2780,b,8840,20254,Starry,1.15
2780,b,8840,16551,Westmelon,0.78
2780,b,8840,18744,z4KR,0.64
2780,b,8840,23100,C4LLM3SU3,0.61
2780,b,8840,22922,EmiliaQAQ,0.42
1457,a,9455,19869,try,1.38
1457,a,9455,22564,noway,0.95
1457,a,9455,18676,skullz,0.72
1457,a,9455,12822,VINI,0.52
1457,a,9455,10566,chelo,0.49
1457,b,12774,17384,Vexite,1.59
1457,b,12774,20123,regali,1.29
1457,b,12774,4679,jks,1.27
1457,b,12774,11140,INS,1.19
1457,b,12774,18214,nettik,1.13
1028,a,12467,22471,xiELO,1.41
1028,a,12467,13776,Jame,1.37
1028,a,12467,22076,AW,0.75
1028,a,12467,19235,BELCHONOKK,0.68
1028,a,12467,22929,nota,0.63
1028,b,12376,22921,Lake,1.39
1028,b,12376,18838,HexT,1.26
1028,b,12376,15370,slaxz-,1.14
1028,b,12376,16599,Swisher,1.13
1028,b,12376,20104,s1n,0.78
1651,a,4411,922,Snappi,1.92
1651,a,4411,23372,xKacpersky,1.69
1651,a,4411,20425,r1nkle,1.64
1651,a,4411,14148,sjuush,1.29
1651,a,4411,20464,ewjerkz,0.8
1651,b,8840,16551,Westmelon,1.16
1651,b,8840,22922,EmiliaQAQ,0.95
1651,b,8840,23100,C4LLM3SU3,0.77
1651,b,8840,18744,z4KR,0.44
1651,b,8840,20254,Starry,0.37
244,a,11241,23643,esenthial,1.54
244,a,11241,22842,kensizor,1.36
244,a,11241,21708,npl,1.08
244,a,11241,19592,headtr1ck,0.97
244,a,11241,20112,alex666,0.89
244,b,12467,13776,Jame,1.17
244,b,12467,22471,xiELO,1.11
244,b,12467,22929,nota,1.03
244,b,12467,19235,BELCHONOKK,0.77
244,b,12467,22076,AW,0.63
1630,a,6667,10394,Twistzz,1.28
1630,a,6667,429,karrigan,1.08
1630,a,6667,18053,broky,0.79
1630,a,6667,9960,frozen,0.66
1630,a,6667,22383,jcobbb,0.54
1630,b,4411,23372,xKacpersky,1.67
1630,b,4411,20425,r1nkle,1.37
1630,b,4411,14148,sjuush,1.27
1630,b,4411,922,Snappi,1.15
1630,b,4411,20464,ewjerkz,0.79
2283,a,4991,23046,jambo,1.67
2283,a,4991,15165,blameF,1.66
2283,a,4991,17803,fEAR,1.3
2283,a,4991,7528,KRIMZ,1.13
2283,a,4991,23414,jackasmo,0.98
2283,b,9455,22564,noway,1.28
2283,b,9455,12822,VINI,0.8
2283,b,9455,19869,try,0.59
2283,b,9455,18676,skullz,0.58
2283,b,9455,10566,chelo,0.44
249,b,11241,22842,kensizor,1.94
249,b,11241,21708,npl,1.63
249,b,11241,19592,headtr1ck,1.39
249,b,11241,20112,alex666,1.13
249,b,11241,23643,esenthial,1.09
249,a,12468,19045,latto,0.97
249,a,12468,15698,dumau,0.83
249,a,12468,22965,saadzin,0.79
249,a,12468,19686,n1ssim,0.61
249,a,12468,20563,lux,0.46
1295,b,12467,13776,Jame,1.33
1295,b,12467,19235,BELCHONOKK,1.31
1295,b,12467,22471,xiELO,1.09
1295,b,12467,22929,nota,0.89
1295,b,12467,22076,AW,0.65
1295,a,9928,22279,PR,1.31
1295,a,9928,9278,REZ,1.05
1295,a,9928,20301,Tauson,0.87
1295,a,9928,23766,hypex,0.79
1295,a,9928,16486,ztr,0.71
1240,b,12467,22929,nota,1.38
1240,b,12467,13776,Jame,1.16
1240,b,12467,22471,xiELO,1.11
1240,b,12467,19235,BELCHONOKK,1.1
1240,b,12467,22076,AW,0.86
1240,a,12468,19045,latto,1.28
1240,a,12468,22965,saadzin,1.15
1240,a,12468,19686,n1ssim,1.01
1240,a,12468,15698,dumau,0.83
1240,a,12468,20563,lux,0.7
2171,b,4914,13497,Lucky,1.09
2171,b,4914,13138,Maka,1.0
2171,b,4914,8374,bodyy,0.87
2171,b,4914,19739,Ex3rcice,0.45
2171,b,4914,21969,Graviti,0.44
2171,a,4991,15165,blameF,1.72
2171,a,4991,7528,KRIMZ,1.63
2171,a,4991,23414,jackasmo,1.62
2171,a,4991,23046,jambo,1.37
2171,a,4991,17803,fEAR,0.79
1625,a,6665,20304,Staehr,1.17
1625,a,6665,17956,jabbi,0.98
1625,a,6665,9032,Magisk,0.87
1625,a,6665,7592,device,0.78
1625,a,6665,10096,HooXi,0.74
1625,b,4411,23372,xKacpersky,1.51
1625,b,4411,14148,sjuush,1.29
1625,b,4411,20425,r1nkle,1.14
1625,b,4411,20464,ewjerkz,0.96
1625,b,4411,922,Snappi,0.92
1261,b,12467,22076,AW,1.85
1261,b,12467,22929,nota,1.05
1261,b,12467,22471,xiELO,0.88
1261,b,12467,13776,Jame,0.53
1261,b,12467,19235,BELCHONOKK,0.38
1261,a,4863,20702,Jee,1.5
1261,a,4863,19645,JamYoung,1.49
1261,a,4863,21621,Moseyuh,1.38
1261,a,4863,8552,Attacker,1.36
1261,a,4863,20895,Mercury,1.04
1221,a,12426,13578,Grim,1.2
1221,a,12426,21452,Kvem,1.15
1221,a,12426,21620,nicx,1.14
1221,a,12426,12840,hallzerk,0.97
1221,a,12426,11630,JT,0.83
1221,b,6667,18053,broky,1.49
1221,b,6667,9960,frozen,1.13
1221,b,6667,22383,jcobbb,1.07
1221,b,6667,429,karrigan,0.98
1221,b,6667,10394,Twistzz,0.86
800,a,11861,21243,Wicadia,2.12
800,a,11861,8574,woxic,1.7
800,a,11861,7938,XANTARES,1.05
800,a,11861,22361,jottAAA,0.91
800,a,11861,150,MAJ3R,0.76
800,b,12376,16599,Swisher,1.01
800,b,12376,22921,Lake,0.92
800,b,12376,18838,HexT,0.84
800,b,12376,15370,slaxz-,0.76
800,b,12376,20104,s1n,0.65
1416,a,4608,18987,b1t,2.33
1416,a,4608,20127,w0nderful,1.96
1416,a,4608,14759,iM,1.36
1416,a,4608,22673,makazze,1.22
1416,a,4608,9816,Aleksib,0.99
1416,b,12774,4679,jks,0.98
1416,b,12774,20123,regali,0.78
1416,b,12774,17384,Vexite,0.54
1416,b,12774,18214,nettik,0.38
1416,b,12774,11140,INS,0.3
286,a,5973,8738,EliGE,1.37
286,a,5973,8520,NAF,1.04
286,a,5973,9436,NertZ,0.92
286,a,5973,16820,siuhy,0.8
286,a,5973,21763,ultimate,0.46
286,b,11241,22842,kensizor,1.39
286,b,11241,20112,alex666,1.31
286,b,11241,21708,npl,1.3
286,b,11241,23643,esenthial,1.11
286,b,11241,19592,headtr1ck,1.06
1595,b,4411,23372,xKacpersky,1.71
1595,b,4411,20464,ewjerkz,1.42
1595,b,4411,14148,sjuush,1.41
1595,b,4411,20425,r1nkle,1.02
1595,b,4411,922,Snappi,0.59
1595,a,4863,21621,Moseyuh,1.32
1595,a,4863,19645,JamYoung,1.15
1595,a,4863,20895,Mercury,0.94
1595,a,4863,20702,Jee,0.71
1595,a,4863,8552,Attacker,0.34
1424,a,12774,4679,jks,1.2
1424,a,12774,11140,INS,1.15
1424,a,12774,18214,nettik,0.99
1424,a,12774,20123,regali,0.64
1424,a,12774,17384,Vexite,0.54
1424,b,4914,8374,bodyy,1.62
1424,b,4914,21969,Graviti,1.32
1424,b,4914,19739,Ex3rcice,1.29
1424,b,4914,13497,Lucky,1.24
1424,b,4914,13138,Maka,1.05
1924,a,4608,20127,w0nderful,1.99
1924,a,4608,18987,b1t,1.44
1924,a,4608,22673,makazze,1.1
1924,a,4608,9816,Aleksib,0.77
1924,a,4608,14759,iM,0.73
1924,b,9455,22564,noway,1.13
1924,b,9455,18676,skullz,1.05
1924,b,9455,12822,VINI,0.97
1924,b,9455,19869,try,0.88
1924,b,9455,10566,chelo,0.49
1073,b,12376,22921,Lake,1.38
1073,b,12376,16599,Swisher,1.09
1073,b,12376,18838,HexT,1.07
1073,b,12376,15370,slaxz-,0.98
1073,b,12376,20104,s1n,0.69
1073,a,6665,20304,Staehr,1.53
1073,a,6665,9032,Magisk,1.41
1073,a,6665,10096,HooXi,0.92
1073,a,6665,7592,device,0.82
1073,a,6665,17956,jabbi,0.67
880,a,11861,21243,Wicadia,1.36
880,a,11861,8574,woxic,1.06
880,a,11861,7938,XANTARES,0.82
880,a,11861,22361,jottAAA,0.75
880,a,11861,150,MAJ3R,0.66
880,b,6667,10394,Twistzz,1.74
880,b,6667,22383,jcobbb,1.53
880,b,6667,9960,frozen,1.38
880,b,6667,429,karrigan,0.78
880,b,6667,18053,broky,0.71
284,b,4991,17803,fEAR,1.2
284,b,4991,7528,KRIMZ,1.11
284,b,4991,23414,jackasmo,1.1
284,b,4991,23046,jambo,0.87
284,b,4991,15165,blameF,0.74
284,a,11241,19592,headtr1ck,1.48
284,a,11241,23643,esenthial,1.38
284,a,11241,22842,kensizor,0.98
284,a,11241,21708,npl,0.92
284,a,11241,20112,alex666,0.87
1268,b,12467,22929,nota,2.58
1268,b,12467,22471,xiELO,1.7
1268,b,12467,19235,BELCHONOKK,1.66
1268,b,12467,13776,Jame,0.85
1268,b,12467,22076,AW,0.75
1268,a,5973,9436,NertZ,0.87
1268,a,5973,8520,NAF,0.81
1268,a,5973,8738,EliGE,0.74
1268,a,5973,21763,ultimate,0.51
1268,a,5973,16820,siuhy,0.4
1483,b,13286,22674,cmtry,1.59
1483,b,13286,20761,lauNX,1.42
1483,b,13286,23553,dziugss,1.32
1483,b,13286,20584,dem0n,1.12
1483,b,13286,22203,Krabeni,0.97
1483,a,13117,24168,onic,1.05
1483,a,13117,24282,Dawy,0.95
1483,a,13117,23415,zeRRoFIX,0.93
1483,a,13117,24283,cairne,0.85
1483,a,13117,23642,Flierax,0.49
1210,a,12426,21620,nicx,0.89
1210,a,12426,11630,JT,0.75
1210,a,12426,13578,Grim,0.66
1210,a,12426,21452,Kvem,0.6
1210,a,12426,12840,hallzerk,0.51
1210,b,4914,8374,bodyy,1.76
1210,b,4914,13138,Maka,1.6
1210,b,4914,13497,Lucky,1.49
1210,b,4914,19739,Ex3rcice,1.38
1210,b,4914,21969,Graviti,1.34
1047,b,12376,18838,HexT,1.31
1047,b,12376,16599,Swisher,1.09
1047,b,12376,15370,slaxz-,1.06
1047,b,12376,22921,Lake,1.01
1047,b,12376,20104,s1n,0.97
1047,a,4863,21621,Moseyuh,1.45
1047,a,4863,20702,Jee,1.14
1047,a,4863,19645,JamYoung,0.84
1047,a,4863,8552,Attacker,0.83
1047,a,4863,20895,Mercury,0.81
2284,a,4991,15165,blameF,1.16
2284,a,4991,7528,KRIMZ,1.08
2284,a,4991,23414,jackasmo,1.07
2284,a,4991,23046,jambo,0.93
2284,a,4991,17803,fEAR,0.8
2284,b,9455,22564,noway,1.53
2284,b,9455,18676,skullz,1.32
2284,b,9455,12822,VINI,1.2
2284,b,9455,19869,try,0.92
2284,b,9455,10566,chelo,0.89
807,b,12467,22471,xiELO,1.49
807,b,12467,19235,BELCHONOKK,1.13
807,b,12467,22076,AW,0.98
807,b,12467,13776,Jame,0.92
807,b,12467,22929,nota,0.82
807,a,11861,8574,woxic,1.18
807,a,11861,22361,jottAAA,1.02
807,a,11861,7938,XANTARES,0.96
807,a,11861,21243,Wicadia,0.87
807,a,11861,150,MAJ3R,0.81
1435,a,12774,20123,regali,1.37
1435,a,12774,4679,jks,1.23
1435,a,12774,11140,INS,0.89
1435,a,12774,18214,nettik,0.78
1435,a,12774,17384,Vexite,0.53
1435,b,6665,17956,jabbi,1.31
1435,b,6665,20304,Staehr,1.06
1435,b,6665,10096,HooXi,1.06
1435,b,6665,7592,device,0.93
1435,b,6665,9032,Magisk,0.78
1631,a,6667,10394,Twistzz,1.39
1631,a,6667,22383,jcobbb,1.35
1631,a,6667,9960,frozen,1.32
1631,a,6667,18053,broky,0.98
1631,a,6667,429,karrigan,0.68
1631,b,4411,20464,ewjerkz,1.26
1631,b,4411,14148,sjuush,0.92
1631,b,4411,23372,xKacpersky,0.87
1631,b,4411,922,Snappi,0.84
1631,b,4411,20425,r1nkle,0.74
270,a,4608,14759,iM,1.7
270,a,4608,18987,b1t,1.28
270,a,4608,20127,w0nderful,1.2
270,a,4608,9816,Aleksib,1.1
270,a,4608,22673,makazze,1.01
270,b,11241,19592,headtr1ck,1.2
270,b,11241,21708,npl,0.94
270,b,11241,20112,alex666,0.86
270,b,11241,23643,esenthial,0.81
270,b,11241,22842,kensizor,0.8
1211,b,4991,23046,jambo,0.99
1211,b,4991,7528,KRIMZ,0.95
1211,b,4991,17803,fEAR,0.75
1211,b,4991,23414,jackasmo,0.61
1211,b,4991,15165,blameF,0.56
1211,a,12426,13578,Grim,1.64
1211,a,12426,12840,hallzerk,1.43
1211,a,12426,11630,JT,1.29
1211,a,12426,21452,Kvem,1.18
1211,a,12426,21620,nicx,1.13
1251,a,12467,22929,nota,1.94
1251,a,12467,22076,AW,1.3
1251,a,12467,13776,Jame,1.04
1251,a,12467,19235,BELCHONOKK,0.96
1251,a,12467,22471,xiELO,0.95
1251,b,4411,14148,sjuush,1.3
1251,b,4411,20425,r1nkle,1.24
1251,b,4411,922,Snappi,0.8
1251,b,4411,20464,ewjerkz,0.74
1251,b,4411,23372,xKacpersky,0.63
874,a,11861,21243,Wicadia,1.35
874,a,11861,8574,woxic,1.14
874,a,11861,22361,jottAAA,1.06
874,a,11861,150,MAJ3R,0.88
874,a,11861,7938,XANTARES,0.66
874,b,6665,10096,HooXi,1.36
874,b,6665,9032,Magisk,1.13
874,b,6665,17956,jabbi,1.01
874,b,6665,7592,device,0.98
874,b,6665,20304,Staehr,0.82
1091,a,9455,22564,noway,1.42
1091,a,9455,19869,try,1.24
1091,a,9455,10566,chelo,1.13
1091,a,9455,12822,VINI,0.83
1091,a,9455,18676,skullz,0.66
1091,b,12376,20104,s1n,1.21
1091,b,12376,15370,slaxz-,1.19
1091,b,12376,16599,Swisher,0.87
1091,b,12376,18838,HexT,0.84
1091,b,12376,22921,Lake,0.81
2077,b,5973,21763,ultimate,1.29
2077,b,5973,8738,EliGE,1.25
2077,b,5973,9436,NertZ,1.13
2077,b,5973,16820,siuhy,1.05
2077,b,5973,8520,NAF,0.96
2077,a,4863,20895,Mercury,1.4
2077,a,4863,19645,JamYoung,1.29
2077,a,4863,20702,Jee,0.93
2077,a,4863,21621,Moseyuh,0.88
2077,a,4863,8552,Attacker,0.59
280,a,11241,22842,kensizor,2.06
280,a,11241,20112,alex666,1.72
280,a,11241,21708,npl,1.1
280,a,11241,19592,headtr1ck,0.98
280,a,11241,23643,esenthial,0.87
280,b,4914,13138,Maka,0.92
280,b,4914,21969,Graviti,0.84
280,b,4914,13497,Lucky,0.76
280,b,4914,8374,bodyy,0.74
280,b,4914,19739,Ex3rcice,0.74
1026,a,12426,11630,JT,1.95
1026,a,12426,13578,Grim,1.22
1026,a,12426,12840,hallzerk,1.09
1026,a,12426,21452,Kvem,1.05
1026,a,12426,21620,nicx,0.78
1026,b,12376,18838,HexT,1.19
1026,b,12376,15370,slaxz-,0.95
1026,b,12376,22921,Lake,0.94
1026,b,12376,16599,Swisher,0.8
1026,b,12376,20104,s1n,0.77
2472,b,5973,21763,ultimate,1.49
2472,b,5973,8520,NAF,1.44
2472,b,5973,9436,NertZ,1.27
2472,b,5973,8738,EliGE,1.0
2472,b,5973,16820,siuhy,0.85
2472,a,6665,17956,jabbi,1.21
2472,a,6665,20304,Staehr,1.14
2472,a,6665,10096,HooXi,0.82
2472,a,6665,7592,device,0.69
2472,a,6665,9032,Magisk,0.6
1600,a,4411,20425,r1nkle,1.1
1600,a,4411,23372,xKacpersky,1.08
1600,a,4411,14148,sjuush,1.01
1600,a,4411,20464,ewjerkz,0.78
1600,a,4411,922,Snappi,0.63
1600,b,4914,13138,Maka,1.76
1600,b,4914,19739,Ex3rcice,1.42
1600,b,4914,21969,Graviti,0.99
1600,b,4914,13497,Lucky,0.93
1600,b,4914,8374,bodyy,0.83
2663,b,9455,10566,chelo,1.32
2663,b,9455,19869,try,1.16
2663,b,9455,18676,skullz,1.13
2663,b,9455,12822,VINI,1.05
2663,b,9455,22564,noway,0.98
2663,a,6248,21001,mzinho,1.26
2663,a,6248,20194,bLitz,1.18
2663,a,6248,21398,controlez,1.03
2663,a,6248,21809,910,0.78
2663,a,6248,20275,Techno,0.7
1253,a,4494,20312,xertioN,1.51
1253,a,4494,18221,Spinx,1.26
1253,a,4494,18850,Jimpphat,1.07
1253,a,4494,18072,torzsi,1.04
1253,a,4494,13666,Brollan,0.73
1253,b,12467,22471,xiELO,1.31
1253,b,12467,13776,Jame,1.08
1253,b,12467,22076,AW,0.91
1253,b,12467,22929,nota,0.9
1253,b,12467,19235,BELCHONOKK,0.63
1216,b,12426,21452,Kvem,1.33
1216,b,12426,11630,JT,1.11
1216,b,12426,21620,nicx,0.95
1216,b,12426,13578,Grim,0.83
1216,b,12426,12840,hallzerk,0.39
1216,a,5995,20447,HeavyGod,1.56
1216,a,5995,21062,MATYS,1.41
1216,a,5995,19164,SunPayus,1.26
1216,a,5995,11617,malbsMd,1.14
1216,a,5995,3972,huNter-,1.04
2488,a,7020,21167,donk,2.38
2488,a,7020,16920,sh1ro,1.52
2488,a,7020,19808,tN1R,0.99
2488,a,7020,7716,chopper,0.81
2488,a,7020,23685,zweih,0.77
2488,b,5973,21763,ultimate,1.04
2488,b,5973,8738,EliGE,0.82
2488,b,5973,16820,siuhy,0.78
2488,b,5973,9436,NertZ,0.76
2488,b,5973,8520,NAF,0.67
1947,a,4773,18141,biguzera,1.59
1947,a,4773,14736,dgt,1.5
1947,a,4773,18865,dav1deuS,1.11
1947,a,4773,20171,snow,0.95
1947,a,4773,19694,nqz,0.9
1947,b,4914,8374,bodyy,1.8
1947,b,4914,13138,Maka,0.96
1947,b,4914,13497,Lucky,0.91
1947,b,4914,21969,Graviti,0.62
1947,b,4914,19739,Ex3rcice,0.47
2797,a,9565,11893,ZywOo,1.11
2797,a,9565,16693,flameZ,0.83
2797,a,9565,11816,ropz,0.78
2797,a,9565,7322,apEX,0.77
2797,a,9565,18462,mezii,0.66
2797,b,6667,9960,frozen,1.94
2797,b,6667,22383,jcobbb,1.57
2797,b,6667,10394,Twistzz,1.21
2797,b,6667,18053,broky,0.9
2797,b,6667,429,karrigan,0.82
223,b,11241,21708,npl,1.73
223,b,11241,20112,alex666,1.54
223,b,11241,22842,kensizor,0.96
223,b,11241,19592,headtr1ck,0.84
223,b,11241,23643,esenthial,0.8
223,a,11283,24177,kyousuke,1.24
223,a,11283,19677,kyxsan,1.14
223,a,11283,3741,NiKo,1.04
223,a,11283,12018,TeSeS,0.77
223,a,11283,19230,m0NESY,0.74
1916,a,8297,15631,KSCERATO,1.94
1916,a,8297,24144,molodoy,1.81
1916,a,8297,2023,FalleN,1.54
1916,a,8297,12553,yuurih,1.13
1916,a,8297,13915,YEKINDAR,0.83
1916,b,4608,20127,w0nderful,1.09
1916,b,4608,18987,b1t,0.85
1916,b,4608,14759,iM,0.83
1916,b,4608,9816,Aleksib,0.62
1916,b,4608,22673,makazze,0.22
1966,b,4773,19694,nqz,1.19
1966,b,4773,18865,dav1deuS,0.82
1966,b,4773,18141,biguzera,0.77
1966,b,4773,14736,dgt,0.77
1966,b,4773,20171,snow,0.64
1966,a,5995,19164,SunPayus,1.56
1966,a,5995,21062,MATYS,1.54
1966,a,5995,11617,malbsMd,1.43
1966,a,5995,3972,huNter-,1.28
1966,a,5995,20447,HeavyGod,0.78
2248,b,4914,8374,bodyy,1.31
2248,b,4914,21969,Graviti,1.1
2248,b,4914,13497,Lucky,0.76
2248,b,4914,13138,Maka,0.71
2248,b,4914,19739,Ex3rcice,0.3
2248,a,9565,11816,ropz,1.91
2248,a,9565,16693,flameZ,1.63
2248,a,9565,18462,mezii,1.31
2248,a,9565,11893,ZywOo,1.16
2248,a,9565,7322,apEX,0.88
2765,b,6667,10394,Twistzz,0.77
2765,b,6667,22383,jcobbb,0.72
2765,b,6667,18053,broky,0.64
2765,b,6667,429,karrigan,0.59
2765,b,6667,9960,frozen,0.45
2765,a,7020,21167,donk,1.86
2765,a,7020,7716,chopper,1.74
2765,a,7020,16920,sh1ro,1.31
2765,a,7020,23685,zweih,1.1
2765,a,7020,19808,tN1R,0.89
448,b,12426,13578,Grim,0.98
448,b,12426,21620,nicx,0.84
448,b,12426,12840,hallzerk,0.8
448,b,12426,11630,JT,0.63
448,b,12426,21452,Kvem,0.56
448,a,11283,3741,NiKo,2.41
448,a,11283,12018,TeSeS,1.31
448,a,11283,24177,kyousuke,1.29
448,a,11283,19677,kyxsan,1.25
448,a,11283,19230,m0NESY,0.84
2464,b,5973,8520,NAF,1.11
2464,b,5973,8738,EliGE,0.88
2464,b,5973,9436,NertZ,0.88
2464,b,5973,16820,siuhy,0.8
2464,b,5973,21763,ultimate,0.77
2464,a,6248,21398,controlez,1.31
2464,a,6248,20275,Techno,1.2
2464,a,6248,21001,mzinho,1.15
2464,a,6248,20194,bLitz,1.07
2464,a,6248,21809,910,0.9
264,a,4494,20312,xertioN,1.94
264,a,4494,18221,Spinx,1.56
264,a,4494,18072,torzsi,1.28
264,a,4494,18850,Jimpphat,1.21
264,a,4494,13666,Brollan,0.86
264,b,11241,20112,alex666,1.12
264,b,11241,23643,esenthial,1.08
264,b,11241,21708,npl,0.91
264,b,11241,22842,kensizor,0.49
264,b,11241,19592,headtr1ck,0.43
2958,b,8297,24144,molodoy,1.71
2958,b,8297,12553,yuurih,1.44
2958,b,8297,2023,FalleN,1.42
2958,b,8297,15631,KSCERATO,1.16
2958,b,8297,13915,YEKINDAR,1.13
2958,a,9455,19869,try,1.03
2958,a,9455,12822,VINI,0.94
2958,a,9455,10566,chelo,0.63
2958,a,9455,18676,skullz,0.52
2958,a,9455,22564,noway,0.49
1257,b,12467,19235,BELCHONOKK,1.25
1257,b,12467,22471,xiELO,1.03
1257,b,12467,22929,nota,0.82
1257,b,12467,13776,Jame,0.69
1257,b,12467,22076,AW,0.61
1257,a,4608,22673,makazze,1.7
1257,a,4608,18987,b1t,1.5
1257,a,4608,14759,iM,1.35
1257,a,4608,20127,w0nderful,1.29
1257,a,4608,9816,Aleksib,1.01
2623,a,6667,18053,broky,1.58
2623,a,6667,22383,jcobbb,1.03
2623,a,6667,10394,Twistzz,0.93
2623,a,6667,429,karrigan,0.84
2623,a,6667,9960,frozen,0.71
2623,b,6248,21809,910,2.0
2623,b,6248,21398,controlez,1.34
2623,b,6248,20194,bLitz,0.98
2623,b,6248,21001,mzinho,0.9
2623,b,6248,20275,Techno,0.44
329,a,11241,22842,kensizor,0.88
329,a,11241,23643,esenthial,0.64
329,a,11241,20112,alex666,0.59
329,a,11241,21708,npl,0.4
329,a,11241,19592,headtr1ck,0.38
329,b,9565,11893,ZywOo,2.05
329,b,9565,16693,flameZ,1.84
329,b,9565,11816,ropz,1.72
329,b,9565,18462,mezii,1.43
329,b,9565,7322,apEX,1.2
573,a,9455,19869,try,1.05
573,a,9455,22564,noway,0.74
573,a,9455,18676,skullz,0.7
573,a,9455,12822,VINI,0.5
573,a,9455,10566,chelo,0.33
573,b,11283,24177,kyousuke,2.31
573,b,11283,19230,m0NESY,1.76
573,b,11283,19677,kyxsan,1.51
573,b,11283,3741,NiKo,1.33
573,b,11283,12018,TeSeS,1.17
1815,a,4773,18141,biguzera,0.99
1815,a,4773,14736,dgt,0.87
1815,a,4773,20171,snow,0.75
1815,a,4773,19694,nqz,0.68
1815,a,4773,18865,dav1deuS,0.61
1815,b,4608,14759,iM,1.56
1815,b,4608,22673,makazze,1.44
1815,b,4608,20127,w0nderful,1.24
1815,b,4608,18987,b1t,0.98
1815,b,4608,9816,Aleksib,0.88
1214,a,12426,11630,JT,1.62
1214,a,12426,21452,Kvem,1.57
1214,a,12426,12840,hallzerk,1.28
1214,a,12426,21620,nicx,0.78
1214,a,12426,13578,Grim,0.72
1214,b,5973,8520,NAF,1.44
1214,b,5973,8738,EliGE,0.98
1214,b,5973,21763,ultimate,0.97
1214,b,5973,9436,NertZ,0.91
1214,b,5973,16820,siuhy,0.79
1755,a,4494,20312,xertioN,1.09
1755,a,4494,18072,torzsi,0.9
1755,a,4494,18850,Jimpphat,0.9
1755,a,4494,13666,Brollan,0.86
1755,a,4494,18221,Spinx,0.79
1755,b,7020,21167,donk,1.51
1755,b,7020,16920,sh1ro,1.15
1755,b,7020,19808,tN1R,1.0
1755,b,7020,7716,chopper,0.92
1755,b,7020,23685,zweih,0.86
1263,b,12467,22929,nota,1.08
1263,b,12467,13776,Jame,0.93
1263,b,12467,22076,AW,0.8
1263,b,12467,22471,xiELO,0.69
1263,b,12467,19235,BELCHONOKK,0.67
1263,a,4914,8374,bodyy,1.59
1263,a,4914,13497,Lucky,1.26
1263,a,4914,21969,Graviti,1.23
1263,a,4914,13138,Maka,1.23
1263,a,4914,19739,Ex3rcice,1.16
2588,b,8297,15631,KSCERATO,1.41
2588,b,8297,24144,molodoy,1.33
2588,b,8297,12553,yuurih,1.26
2588,b,8297,13915,YEKINDAR,1.0
2588,b,8297,2023,FalleN,0.77
2588,a,5995,19164,SunPayus,1.8
2588,a,5995,20447,HeavyGod,1.1
2588,a,5995,3972,huNter-,0.85
2588,a,5995,11617,malbsMd,0.78
2588,a,5995,21062,MATYS,0.65
272,b,11241,22842,kensizor,1.46
272,b,11241,20112,alex666,1.24
272,b,11241,23643,esenthial,1.17
272,b,11241,19592,headtr1ck,1.11
272,b,11241,21708,npl,0.93
272,a,4773,18141,biguzera,1.41
272,a,4773,14736,dgt,1.17
272,a,4773,19694,nqz,0.86
272,a,4773,20171,snow,0.74
272,a,4773,18865,dav1deuS,0.66
1929,b,4608,14759,iM,1.27
1929,b,4608,20127,w0nderful,1.18
1929,b,4608,9816,Aleksib,0.92
1929,b,4608,22673,makazze,0.86
1929,b,4608,18987,b1t,0.78
1929,a,9565,11816,ropz,1.5
1929,a,9565,11893,ZywOo,1.43
1929,a,9565,18462,mezii,1.15
1929,a,9565,7322,apEX,0.86
1929,a,9565,16693,flameZ,0.63
469,a,4494,18221,Spinx,1.43
469,a,4494,18850,Jimpphat,1.3
469,a,4494,20312,xertioN,1.08
469,a,4494,18072,torzsi,1.02
469,a,4494,13666,Brollan,0.87
469,b,11283,24177,kyousuke,1.37
469,b,11283,19230,m0NESY,1.18
469,b,11283,3741,NiKo,0.94
469,b,11283,19677,kyxsan,0.87
469,b,11283,12018,TeSeS,0.65
1234,a,12426,11630,JT,1.46
1234,a,12426,12840,hallzerk,1.37
1234,a,12426,13578,Grim,1.23
1234,a,12426,21452,Kvem,0.98
1234,a,12426,21620,nicx,0.7
1234,b,9455,19869,try,1.13
1234,b,9455,12822,VINI,0.96
1234,b,9455,18676,skullz,0.91
1234,b,9455,10566,chelo,0.87
1234,b,9455,22564,noway,0.78
2211,b,4914,8374,bodyy,1.76
2211,b,4914,13497,Lucky,1.01
2211,b,4914,21969,Graviti,0.92
2211,b,4914,19739,Ex3rcice,0.51
2211,b,4914,13138,Maka,0.43
2211,a,6667,22383,jcobbb,2.06
2211,a,6667,18053,broky,1.53
2211,a,6667,10394,Twistzz,1.3
2211,a,6667,9960,frozen,1.06
2211,a,6667,429,karrigan,0.48
2533,b,5995,20447,HeavyGod,1.29
2533,b,5995,19164,SunPayus,0.97
2533,b,5995,3972,huNter-,0.83
2533,b,5995,11617,malbsMd,0.59
2533,b,5995,21062,MATYS,0.55
2533,a,6248,20194,bLitz,1.57
2533,a,6248,21398,controlez,1.52
2533,a,6248,21001,mzinho,1.22
2533,a,6248,21809,910,1.21
2533,a,6248,20275,Techno,0.91
1484,a,13286,20584,dem0n,1.38
1484,a,13286,23553,dziugss,1.29
1484,a,13286,20761,lauNX,1.2
1484,a,13286,22203,Krabeni,1.16
1484,a,13286,22674,cmtry,1.06
1484,b,13117,16147,cptkurtka023,1.42
1484,b,13117,24282,Dawy,1.11
1484,b,13117,24168,onic,0.89
1484,b,13117,23642,Flierax,0.81
1484,b,13117,23415,zeRRoFIX,0.58
266,a,11241,20112,alex666,1.11
266,a,11241,19592,headtr1ck,1.09
266,a,11241,23643,esenthial,1.02
266,a,11241,22842,kensizor,0.96
266,a,11241,21708,npl,0.92
266,b,4608,20127,w0nderful,1.5
266,b,4608,14759,iM,1.26
266,b,4608,18987,b1t,1.09
266,b,4608,22673,makazze,0.93
266,b,4608,9816,Aleksib,0.88
1220,b,6667,9960,frozen,1.61
1220,b,6667,22383,jcobbb,1.47
1220,b,6667,18053,broky,0.94
1220,b,6667,429,karrigan,0.86
1220,b,6667,10394,Twistzz,0.81
1220,a,12426,12840,hallzerk,1.21
1220,a,12426,21452,Kvem,1.2
1220,a,12426,11630,JT,0.83
1220,a,12426,21620,nicx,0.79
1220,a,12426,13578,Grim,0.78
518,a,5995,20447,HeavyGod,1.07
518,a,5995,19164,SunPayus,1.05
518,a,5995,3972,huNter-,0.88
518,a,5995,21062,MATYS,0.88
518,a,5995,11617,malbsMd,0.71
518,b,11283,24177,kyousuke,1.66
518,b,11283,19230,m0NESY,1.57
518,b,11283,3741,NiKo,1.04
518,b,11283,19677,kyxsan,0.9
518,b,11283,12018,TeSeS,0.88
1113,a,12394,21667,Magnojez,1.28
1113,a,12394,21348,ArtFr0st,1.14
1113,a,12394,20357,d1Ledez,0.99
1113,a,12394,18506,S1ren,0.98
1113,a,12394,11840,Boombl4,0.46
1113,b,13286,20761,lauNX,1.79
1113,b,13286,20584,dem0n,1.52
1113,b,13286,23553,dziugss,0.99
1113,b,13286,22203,Krabeni,0.98
1113,b,13286,22674,cmtry,0.83
551,b,7020,21167,donk,1.62
551,b,7020,23685,zweih,1.27
551,b,7020,16920,sh1ro,1.19
551,b,7020,19808,tN1R,1.0
551,b,7020,7716,chopper,0.57
551,a,11283,3741,NiKo,1.21
551,a,11283,19230,m0NESY,1.02
551,a,11283,24177,kyousuke,0.96
551,a,11283,19677,kyxsan,0.9
551,a,11283,12018,TeSeS,0.83
2674,b,9565,11816,ropz,1.93
2674,b,9565,11893,ZywOo,1.74
2674,b,9565,16693,flameZ,1.26
2674,b,9565,18462,mezii,1.02
2674,b,9565,7322,apEX,0.84
2674,a,6248,21809,910,1.29
2674,a,6248,21001,mzinho,1.26
2674,a,6248,20194,bLitz,0.73
2674,a,6248,20275,Techno,0.67
2674,a,6248,21398,controlez,0.45
1739,b,4494,18072,torzsi,1.42
1739,b,4494,18221,Spinx,0.8
1739,b,4494,20312,xertioN,0.63
1739,b,4494,18850,Jimpphat,0.4
1739,b,4494,13666,Brollan,0.2
1739,a,6667,9960,frozen,2.17
1739,a,6667,10394,Twistzz,1.93
1739,a,6667,18053,broky,1.75
1739,a,6667,429,karrigan,1.09
1739,a,6667,22383,jcobbb,1.03
1917,a,8297,15631,KSCERATO,1.08
1917,a,8297,24144,molodoy,0.78
1917,a,8297,12553,yuurih,0.6
1917,a,8297,13915,YEKINDAR,0.59
1917,a,8297,2023,FalleN,0.52
1917,b,4608,22673,makazze,2.23
1917,b,4608,18987,b1t,1.67
1917,b,4608,20127,w0nderful,1.47
1917,b,4608,14759,iM,1.09
1917,b,4608,9816,Aleksib,1.05
2848,b,7020,23685,zweih,1.11
2848,b,7020,21167,donk,1.01
2848,b,7020,16920,sh1ro,0.83
2848,b,7020,19808,tN1R,0.81
2848,b,7020,7716,chopper,0.51
2848,a,9565,11893,ZywOo,1.42
2848,a,9565,16693,flameZ,1.34
2848,a,9565,7322,apEX,1.15
2848,a,9565,11816,ropz,1.15
2848,a,9565,18462,mezii,0.85
1885,a,6667,10394,Twistzz,1.87
1885,a,6667,22383,jcobbb,1.66
1885,a,6667,18053,broky,1.37
1885,a,6667,429,karrigan,1.0
1885,a,6667,9960,frozen,0.97
1885,b,4608,22673,makazze,1.1
1885,b,4608,18987,b1t,0.91
1885,b,4608,9816,Aleksib,0.8
1885,b,4608,20127,w0nderful,0.72
1885,b,4608,14759,iM,0.6
2798,b,9565,11816,ropz,2.89
2798,b,9565,11893,ZywOo,1.7
2798,b,9565,7322,apEX,1.57
2798,b,9565,16693,flameZ,1.17
2798,b,9565,18462,mezii,0.98
2798,a,6667,9960,frozen,0.9
2798,a,6667,10394,Twistzz,0.66
2798,a,6667,429,karrigan,0.62
2798,a,6667,18053,broky,0.56
2798,a,6667,22383,jcobbb,0.38
1545,a,13404,9254,mopoz,1.09
1545,a,13404,19509,dav1g,1.02
1545,a,13404,21239,MartinezSa,0.96
1545,a,13404,18749,sausol,0.9
1545,a,13404,8371,alex,0.82
1545,b,4411,14148,sjuush,1.45
1545,b,4411,23372,xKacpersky,1.33
1545,b,4411,20425,r1nkle,0.99
1545,b,4411,11777,Maden,0.99
1545,b,4411,922,Snappi,0.87
143,a,10567,20462,story,1.37
143,a,10567,23140,krazy,1.25
143,a,10567,630,MUTiRiS,0.9
143,a,10567,22807,aragornN,0.79
143,a,10567,21014,Ag1l,0.78
143,b,4411,922,Snappi,1.38
143,b,4411,14148,sjuush,1.22
143,b,4411,23372,xKacpersky,1.08
143,b,4411,20425,r1nkle,1.02
143,b,4411,11777,Maden,0.93
646,b,12394,21667,Magnojez,1.4
646,b,12394,21348,ArtFr0st,1.33
646,b,12394,20357,d1Ledez,0.97
646,b,12394,18506,S1ren,0.91
646,b,12394,16555,Ax1Le,0.7
646,a,11581,21692,kAlash,1.27
646,a,11581,16612,n0rb3r7,1.26
646,a,11581,24806,frontales,1.21
646,a,11581,21385,mizu,0.89
646,a,11581,19823,dukefissura,0.88
647,b,12394,16555,Ax1Le,1.99
647,b,12394,18506,S1ren,1.66
647,b,12394,21667,Magnojez,1.51
647,b,12394,21348,ArtFr0st,1.32
647,b,12394,20357,d1Ledez,0.96
647,a,11581,16612,n0rb3r7,1.01
647,a,11581,19823,dukefissura,0.85
647,a,11581,24806,frontales,0.56
647,a,11581,21385,mizu,0.51
647,a,11581,21692,kAlash,0.37
2810,a,6673,20333,Jeorge,1.25
2810,a,6673,16717,br0,1.21
2810,a,6673,8711,Sonic,1.2
2810,a,6673,7687,nitr0,1.09
2810,a,6673,13249,oSee,0.81
2810,b,9928,9278,REZ,1.19
2810,b,9928,2553,Snax,1.11
2810,b,9928,20301,Tauson,0.99
2810,b,9928,16486,ztr,0.92
2810,b,9928,23766,hypex,0.88
1095,b,9928,9278,REZ,1.46
1095,b,9928,20301,Tauson,1.44
1095,b,9928,23766,hypex,1.15
1095,b,9928,16486,ztr,1.13
1095,b,9928,2553,Snax,0.68
1095,a,12376,16599,Swisher,1.32
1095,a,12376,20104,s1n,1.09
1095,a,12376,15370,slaxz-,1.03
1095,a,12376,21665,JBa,0.91
1095,a,12376,22921,Lake,0.87
1076,a,12376,16599,Swisher,2.38
1076,a,12376,22921,Lake,2.02
1076,a,12376,20104,s1n,1.64
1076,a,12376,15370,slaxz-,1.53
1076,a,12376,21665,JBa,0.98
1076,b,6673,8711,Sonic,0.81
1076,b,6673,16717,br0,0.78
1076,b,6673,20333,Jeorge,0.58
1076,b,6673,13249,oSee,0.45
1076,b,6673,7687,nitr0,0.37
714,a,11737,21159,bobeksde,2.03
714,a,11737,20879,maxster,1.56
714,a,11737,3849,JW,0.99
714,a,11737,21012,Ro1f,0.91
714,a,11737,22914,dex,0.74
714,b,6667,10394,Twistzz,1.4
714,b,6667,18053,broky,1.19
714,b,6667,22383,jcobbb,0.9
714,b,6667,9960,frozen,0.7
714,b,6667,429,karrigan,0.63
2270,a,4991,17803,fEAR,1.55
2270,a,4991,7528,KRIMZ,1.17
2270,a,4991,23046,jambo,0.74
2270,a,4991,11777,Maden,0.66
2270,a,4991,23414,jackasmo,0.24
2270,b,6665,17956,jabbi,2.18
2270,b,6665,20304,Staehr,1.31
2270,b,6665,21217,ryu,1.27
2270,b,6665,16726,phzy,1.26
2270,b,6665,10096,HooXi,0.84
643,a,11581,21385,mizu,0.94
643,a,11581,19823,dukefissura,0.75
643,a,11581,21692,kAlash,0.75
643,a,11581,16612,n0rb3r7,0.68
643,a,11581,24806,frontales,0.61
643,b,11861,21243,Wicadia,1.79
643,b,11861,7938,XANTARES,1.42
643,b,11861,150,MAJ3R,1.37
643,b,11861,8574,woxic,1.3
643,b,11861,20968,soulfly,0.96
1236,b,12426,21620,nicx,1.21
1236,b,12426,21452,Kvem,1.14
1236,b,12426,11630,JT,1.04
1236,b,12426,12840,hallzerk,0.57
1236,b,12426,13578,Grim,0.51
1236,a,9928,20301,Tauson,1.28
1236,a,9928,9278,REZ,1.18
1236,a,9928,23766,hypex,1.15
1236,a,9928,22279,PR,1.05
1236,a,9928,2553,Snax,0.87
2421,a,5378,24952,tO0RO,1.42
2421,a,5378,16947,Perfecto,0.95
2421,a,5378,20101,fame,0.66
2421,a,5378,12732,FL1T,0.6
2421,a,5378,23637,b1st,0.58
2421,b,9565,11893,ZywOo,2.02
2421,b,9565,16693,flameZ,2.01
2421,b,9565,7322,apEX,1.12
2421,b,9565,18462,mezii,0.99
2421,b,9565,11816,ropz,0.63
1036,a,12376,22921,Lake,1.21
1036,a,12376,16599,Swisher,1.09
1036,a,12376,15370,slaxz-,1.0
1036,a,12376,20104,s1n,0.97
1036,a,12376,21665,JBa,0.75
1036,b,13404,19509,dav1g,1.64
1036,b,13404,8371,alex,1.19
1036,b,13404,21239,MartinezSa,1.05
1036,b,13404,18749,sausol,1.04
1036,b,13404,9254,mopoz,0.83
1611,a,4411,23372,xKacpersky,1.16
1611,a,4411,20425,r1nkle,1.07
1611,a,4411,24283,cairne,1.04
1611,a,4411,922,Snappi,0.94
1611,a,4411,14148,sjuush,0.66
1611,b,5973,8738,EliGE,2.06
1611,b,5973,8520,NAF,1.15
1611,b,5973,9436,NertZ,1.1
1611,b,5973,16820,siuhy,0.85
1611,b,5973,21763,ultimate,0.78
1362,a,9215,23192,kl1m,1.08
1362,a,9215,20987,brnz4n,1.02
1362,a,9215,19310,LNZ,0.89
1362,a,9215,21288,venomzera,0.83
1362,a,9215,21037,insani,0.81
1362,b,12468,22965,saadzin,1.47
1362,b,12468,19045,latto,1.25
1362,b,12468,15698,dumau,1.15
1362,b,12468,20563,lux,1.11
1362,b,12468,19686,n1ssim,1.03
1125,a,12394,21667,Magnojez,1.16
1125,a,12394,21348,ArtFr0st,0.69
1125,a,12394,11840,Boombl4,0.63
1125,a,12394,18506,S1ren,0.55
1125,a,12394,20357,d1Ledez,0.33
1125,b,4773,16816,vsm,1.63
1125,b,4773,18714,piriajr,1.61
1125,b,4773,20171,snow,1.44
1125,b,4773,18141,biguzera,1.4
1125,b,4773,19694,nqz,1.19
2000,a,4773,20171,snow,1.28
2000,a,4773,19694,nqz,1.05
2000,a,4773,16816,vsm,1.03
2000,a,4773,18714,piriajr,0.98
2000,a,4773,18141,biguzera,0.63
2000,b,7175,20119,nilo,1.76
2000,b,7175,21163,susp,1.28
2000,b,7175,19187,xfl0ud,1.1
2000,b,7175,21983,Chr1zN,0.84
2000,b,7175,22047,yxngstxr,0.61
1556,b,13404,9254,mopoz,1.24
1556,b,13404,21239,MartinezSa,1.04
1556,b,13404,18749,sausol,0.86
1556,b,13404,19509,dav1g,0.44
1556,b,13404,8371,alex,0.21
1556,a,5973,9436,NertZ,1.92
1556,a,5973,8520,NAF,1.57
1556,a,5973,21763,ultimate,1.45
1556,a,5973,16820,siuhy,1.12
1556,a,5973,8738,EliGE,1.08
926,b,9928,9278,REZ,1.63
926,b,9928,23766,hypex,1.43
926,b,9928,22279,PR,1.43
926,b,9928,20301,Tauson,1.3
926,b,9928,2553,Snax,0.97
926,a,11861,20968,soulfly,1.29
926,a,11861,150,MAJ3R,0.69
926,a,11861,8574,woxic,0.61
926,a,11861,21243,Wicadia,0.56
926,a,11861,7938,XANTARES,0.53
2989,a,9215,21037,insani,1.3
2989,a,9215,23192,kl1m,1.15
2989,a,9215,19310,LNZ,1.09
2989,a,9215,20987,brnz4n,0.99
2989,a,9215,21288,venomzera,0.84
2989,b,9455,19869,try,1.31
2989,b,9455,10566,chelo,1.16
2989,b,9455,18676,skullz,0.99
2989,b,9455,22564,noway,0.84
2989,b,9455,12822,VINI,0.37
436,a,11811,22106,AZUWU,1.28
436,a,11811,19015,Bymas,0.81
436,a,11811,19926,afro,0.76
436,a,11811,17145,Rainwaker,0.7
436,a,11811,21816,Gizmy,0.58
436,b,11283,19230,m0NESY,2.02
436,b,11283,12018,TeSeS,1.53
436,b,11283,24177,kyousuke,1.3
436,b,11283,3741,NiKo,0.94
436,b,11283,19677,kyxsan,0.9
1363,a,12468,20563,lux,1.09
1363,a,12468,19686,n1ssim,0.95
1363,a,12468,15698,dumau,0.84
1363,a,12468,22965,saadzin,0.79
1363,a,12468,19045,latto,0.51
1363,b,9215,21288,venomzera,1.33
1363,b,9215,20987,brnz4n,1.33
1363,b,9215,21037,insani,1.22
1363,b,9215,23192,kl1m,1.12
1363,b,9215,19310,LNZ,1.11
1276,b,12467,23685,zweih,1.57
1276,b,12467,22929,nota,1.49
1276,b,12467,22471,xiELO,1.08
1276,b,12467,13776,Jame,1.03
1276,b,12467,19235,BELCHONOKK,0.7
1276,a,6665,20304,Staehr,1.09
1276,a,6665,17956,jabbi,1.04
1276,a,6665,21217,ryu,0.92
1276,a,6665,10096,HooXi,0.85
1276,a,6665,16726,phzy,0.73
717,a,11737,21012,Ro1f,1.59
717,a,11737,20879,maxster,1.23
717,a,11737,21159,bobeksde,0.93
717,a,11737,3849,JW,0.56
717,a,11737,22914,dex,0.3
717,b,9565,11893,ZywOo,1.85
717,b,9565,11816,ropz,1.61
717,b,9565,16693,flameZ,1.14
717,b,9565,7322,apEX,0.85
717,b,9565,18462,mezii,0.84
1536,a,13286,22203,Krabeni,1.3
1536,a,13286,23553,dziugss,1.21
1536,a,13286,20584,dem0n,1.11
1536,a,13286,20761,lauNX,0.86
1536,a,13286,22674,cmtry,0.51
1536,b,8297,24144,molodoy,1.7
1536,b,8297,12553,yuurih,1.05
1536,b,8297,15631,KSCERATO,0.98
1536,b,8297,2023,FalleN,0.98
1536,b,8297,13915,YEKINDAR,0.77
653,b,13404,8371,alex,1.45
653,b,13404,21239,MartinezSa,1.31
653,b,13404,9254,mopoz,1.03
653,b,13404,18749,sausol,0.95
653,b,13404,19509,dav1g,0.84
653,a,11581,16612,n0rb3r7,1.73
653,a,11581,21692,kAlash,1.09
653,a,11581,21385,mizu,0.89
653,a,11581,19823,dukefissura,0.77
653,a,11581,24806,frontales,0.66
709,b,13286,20584,dem0n,1.07
709,b,13286,23553,dziugss,1.07
709,b,13286,20761,lauNX,0.94
709,b,13286,22674,cmtry,0.56
709,b,13286,22203,Krabeni,0.54
709,a,11737,21012,Ro1f,1.53
709,a,11737,21159,bobeksde,1.52
709,a,11737,20879,maxster,1.33
709,a,11737,22914,dex,1.05
709,a,11737,3849,JW,0.95
512,a,5973,8520,NAF,0.97
512,a,5973,8738,EliGE,0.97
512,a,5973,16820,siuhy,0.96
512,a,5973,9436,NertZ,0.95
512,a,5973,21763,ultimate,0.48
512,b,11283,19230,m0NESY,1.96
512,b,11283,3741,NiKo,1.67
512,b,11283,12018,TeSeS,1.1
512,b,11283,19677,kyxsan,1.03
512,b,11283,25432,NucleonZ,0.87
2880,a,7175,19187,xfl0ud,1.44
2880,a,7175,21983,Chr1zN,1.08
2880,a,7175,20119,nilo,0.84
2880,a,7175,22047,yxngstxr,0.67
2880,a,7175,21163,susp,0.66
2880,b,8297,24144,molodoy,1.79
2880,b,8297,2023,FalleN,1.27
2880,b,8297,13915,YEKINDAR,1.26
2880,b,8297,12553,yuurih,0.88
2880,b,8297,15631,KSCERATO,0.8
3018,a,9928,9278,REZ,1.54
3018,a,9928,23766,hypex,1.03
3018,a,9928,20301,Tauson,0.76
3018,a,9928,22279,PR,0.69
3018,a,9928,2553,Snax,0.64
3018,b,9565,11893,ZywOo,1.35
3018,b,9565,7322,apEX,1.34
3018,b,9565,18462,mezii,1.0
3018,b,9565,11816,ropz,0.98
3018,b,9565,16693,flameZ,0.91
645,b,11581,16612,n0rb3r7,1.91
645,b,11581,21692,kAlash,1.38
645,b,11581,19823,dukefissura,1.18
645,b,11581,24806,frontales,0.93
645,b,11581,21385,mizu,0.61
645,a,12394,21348,ArtFr0st,1.17
645,a,12394,20357,d1Ledez,1.08
645,a,12394,21667,Magnojez,1.02
645,a,12394,18506,S1ren,0.83
645,a,12394,11840,Boombl4,0.58
1279,b,12467,13776,Jame,1.51
1279,b,12467,19235,BELCHONOKK,1.28
1279,b,12467,22471,xiELO,1.16
1279,b,12467,22929,nota,1.06
1279,b,12467,23685,zweih,0.95
1279,a,7020,20423,zont1x,1.14
1279,a,7020,16920,sh1ro,1.0
1279,a,7020,19808,tN1R,0.83
1279,a,7020,21167,donk,0.83
1279,a,7020,18317,magixx,0.78
1115,a,12394,21348,ArtFr0st,1.16
1115,a,12394,21667,Magnojez,1.04
1115,a,12394,11840,Boombl4,0.93
1115,a,12394,18506,S1ren,0.93
1115,a,12394,20357,d1Ledez,0.68
1115,b,13404,21239,MartinezSa,1.4
1115,b,13404,18749,sausol,1.35
1115,b,13404,9254,mopoz,1.21
1115,b,13404,8371,alex,1.03
1115,b,13404,19509,dav1g,0.88
583,b,9565,18462,mezii,1.0
583,b,9565,11816,ropz,0.97
583,b,9565,16693,flameZ,0.83
583,b,9565,7322,apEX,0.64
583,b,9565,11893,ZywOo,0.56
583,a,11283,3741,NiKo,2.18
583,a,11283,25432,NucleonZ,1.57
583,a,11283,19230,m0NESY,1.17
583,a,11283,19677,kyxsan,1.14
583,a,11283,12018,TeSeS,0.8
1288,b,12467,13776,Jame,1.2
1288,b,12467,22471,xiELO,1.16
1288,b,12467,19235,BELCHONOKK,1.11
1288,b,12467,23685,zweih,1.01
1288,b,12467,22929,nota,0.84
1288,a,8297,15631,KSCERATO,1.34
1288,a,8297,13915,YEKINDAR,1.24
1288,a,8297,12553,yuurih,0.81
1288,a,8297,24144,molodoy,0.72
1288,a,8297,2023,FalleN,0.67
450,a,11283,3741,NiKo,1.4
450,a,11283,19677,kyxsan,1.22
450,a,11283,12018,TeSeS,0.79
450,a,11283,19230,m0NESY,0.78
450,a,11283,25432,NucleonZ,0.66
450,b,12467,22929,nota,1.51
450,b,12467,22471,xiELO,1.37
450,b,12467,13776,Jame,1.0
450,b,12467,23685,zweih,0.99
450,b,12467,19235,BELCHONOKK,0.72
648,a,12394,20357,d1Ledez,1.31
648,a,12394,21667,Magnojez,1.3
648,a,12394,21348,ArtFr0st,1.25
648,a,12394,18506,S1ren,1.09
648,a,12394,11840,Boombl4,0.98
648,b,11581,21385,mizu,1.43
648,b,11581,16612,n0rb3r7,1.32
648,b,11581,24806,frontales,1.02
648,b,11581,21692,kAlash,0.61
648,b,11581,19823,dukefissura,0.54
1284,a,7175,22047,yxngstxr,1.32
1284,a,7175,20119,nilo,1.0
1284,a,7175,21163,susp,0.85
1284,a,7175,21983,Chr1zN,0.8
1284,a,7175,19187,xfl0ud,0.63
1284,b,12467,22929,nota,1.5
1284,b,12467,13776,Jame,1.5
1284,b,12467,23685,zweih,1.25
1284,b,12467,19235,BELCHONOKK,1.25
1284,b,12467,22471,xiELO,1.0
925,b,11861,7938,XANTARES,1.62
925,b,11861,20968,soulfly,1.55
925,b,11861,8574,woxic,1.48
925,b,11861,21243,Wicadia,1.46
925,b,11861,150,MAJ3R,0.63
925,a,9928,20301,Tauson,1.43
925,a,9928,23766,hypex,1.02
925,a,9928,2553,Snax,0.8
925,a,9928,9278,REZ,0.72
925,a,9928,22279,PR,0.24
1985,b,6665,21217,ryu,1.82
1985,b,6665,17956,jabbi,1.24
1985,b,6665,20304,Staehr,1.13
1985,b,6665,10096,HooXi,1.04
1985,b,6665,16726,phzy,1.04
1985,a,4773,20171,snow,1.08
1985,a,4773,19694,nqz,1.05
1985,a,4773,18141,biguzera,0.85
1985,a,4773,16816,vsm,0.79
1985,a,4773,18714,piriajr,0.68
300,b,6673,13249,oSee,1.47
300,b,6673,16717,br0,1.39
300,b,6673,7687,nitr0,1.36
300,b,6673,20333,Jeorge,1.0
300,b,6673,8711,Sonic,0.66
300,a,11241,23643,esenthial,1.47
300,a,11241,21708,npl,1.45
300,a,11241,22842,kensizor,0.88
300,a,11241,25805,segukawa,0.73
300,a,11241,20112,alex666,0.57
1301,b,12468,15698,dumau,0.9
1301,b,12468,19686,n1ssim,0.77
1301,b,12468,22965,saadzin,0.76
1301,b,12468,19045,latto,0.61
1301,b,12468,20563,lux,0.59
1301,a,12878,22807,aragornN,2.27
1301,a,12878,23140,krazy,1.57
1301,a,12878,630,MUTiRiS,1.51
1301,a,12878,7998,s1mple,1.51
1301,a,12878,8918,electroNic,1.15
649,a,12394,21348,ArtFr0st,1.55
649,a,12394,21667,Magnojez,1.23
649,a,12394,20357,d1Ledez,1.15
649,a,12394,18506,S1ren,1.01
649,a,12394,11840,Boombl4,0.91
649,b,11581,19823,dukefissura,1.13
649,b,11581,21692,kAlash,1.05
649,b,11581,16612,n0rb3r7,0.9
649,b,11581,21385,mizu,0.78
649,b,11581,24806,frontales,0.77
1511,b,13286,22203,Krabeni,1.0
1511,b,13286,22674,cmtry,0.96
1511,b,13286,23553,dziugss,0.74
1511,b,13286,20584,dem0n,0.67
1511,b,13286,20761,lauNX,0.64
1511,a,4914,21969,Graviti,1.9
1511,a,4914,13497,Lucky,1.69
1511,a,4914,19739,Ex3rcice,1.16
1511,a,4914,13138,Maka,0.95
1511,a,4914,8374,bodyy,0.89
1610,b,5973,8738,EliGE,1.75
1610,b,5973,21763,ultimate,1.43
1610,b,5973,9436,NertZ,1.11
1610,b,5973,16820,siuhy,0.98
1610,b,5973,19899,Krimbo,0.96
1610,a,4411,14148,sjuush,1.42
1610,a,4411,24283,cairne,0.82
1610,a,4411,922,Snappi,0.71
1610,a,4411,23372,xKacpersky,0.7
1610,a,4411,20425,r1nkle,0.48
1217,a,12426,13578,Grim,0.9
1217,a,12426,21620,nicx,0.7
1217,a,12426,11630,JT,0.6
1217,a,12426,12840,hallzerk,0.44
1217,a,12426,21452,Kvem,0.44
1217,b,5995,21062,MATYS,2.03
1217,b,5995,11617,malbsMd,1.75
1217,b,5995,19164,SunPayus,1.38
1217,b,5995,3972,huNter-,1.29
1217,b,5995,20447,HeavyGod,1.1
274,a,4773,20171,snow,1.81
274,a,4773,19694,nqz,1.5
274,a,4773,16816,vsm,1.34
274,a,4773,18141,biguzera,1.1
274,a,4773,18714,piriajr,0.85
274,b,11241,23643,esenthial,1.3
274,b,11241,22842,kensizor,1.24
274,b,11241,20112,alex666,0.81
274,b,11241,25805,segukawa,0.59
274,b,11241,21708,npl,0.5
808,a,11861,7938,XANTARES,1.0
808,a,11861,21243,Wicadia,0.74
808,a,11861,20968,soulfly,0.7
808,a,11861,8574,woxic,0.46
808,a,11861,150,MAJ3R,0.44
808,b,12467,13776,Jame,1.81
808,b,12467,22929,nota,1.77
808,b,12467,22471,xiELO,1.43
808,b,12467,19235,BELCHONOKK,1.1
808,b,12467,23685,zweih,1.01
1205,a,4411,922,Snappi,1.57
1205,a,4411,23372,xKacpersky,1.32
1205,a,4411,14148,sjuush,0.94
1205,a,4411,24283,cairne,0.93
1205,a,4411,20425,r1nkle,0.82
1205,b,12426,11630,JT,1.46
1205,b,12426,13578,Grim,1.08
1205,b,12426,21452,Kvem,1.01
1205,b,12426,12840,hallzerk,0.75
1205,b,12426,21620,nicx,0.69
1468,b,12878,7998,s1mple,1.25
1468,b,12878,23140,krazy,1.22
1468,b,12878,8918,electroNic,0.76
1468,b,12878,630,MUTiRiS,0.52
1468,b,12878,22807,aragornN,0.46
1468,a,4914,13497,Lucky,2.56
1468,a,4914,8374,bodyy,1.32
1468,a,4914,21969,Graviti,1.08
1468,a,4914,13138,Maka,1.03
1468,a,4914,19739,Ex3rcice,0.83
2458,a,5973,21763,ultimate,1.56
2458,a,5973,9436,NertZ,1.28
2458,a,5973,8738,EliGE,0.91
2458,a,5973,16820,siuhy,0.63
2458,a,5973,19899,Krimbo,0.59
2458,b,5995,11617,malbsMd,1.73
2458,b,5995,3972,huNter-,1.37
2458,b,5995,21062,MATYS,1.27
2458,b,5995,20447,HeavyGod,0.9
2458,b,5995,19164,SunPayus,0.59
1304,a,12468,19686,n1ssim,1.16
1304,a,12468,20563,lux,0.89
1304,a,12468,22965,saadzin,0.88
1304,a,12468,15698,dumau,0.83
1304,a,12468,19045,latto,0.78
1304,b,13286,20584,dem0n,1.56
1304,b,13286,20761,lauNX,1.21
1304,b,13286,22203,Krabeni,1.19
1304,b,13286,23553,dziugss,1.04
1304,b,13286,22674,cmtry,0.75
2699,b,6665,17956,jabbi,1.24
2699,b,6665,16726,phzy,1.14
2699,b,6665,21217,ryu,0.92
2699,b,6665,20304,Staehr,0.85
2699,b,6665,10096,HooXi,0.66
2699,a,6673,20333,Jeorge,1.51
2699,a,6673,16717,br0,1.47
2699,a,6673,7687,nitr0,1.29
2699,a,6673,13249,oSee,1.1
2699,a,6673,8711,Sonic,0.83
2898,a,9928,9278,REZ,1.54
2898,a,9928,2553,Snax,1.37
2898,a,9928,20301,Tauson,1.36
2898,a,9928,22279,PR,1.03
2898,a,9928,23766,hypex,0.96
2898,b,7175,20119,nilo,1.23
2898,b,7175,19187,xfl0ud,1.0
2898,b,7175,22047,yxngstxr,0.77
2898,b,7175,21983,Chr1zN,0.67
2898,b,7175,21163,susp,0.52
1466,a,12878,7998,s1mple,1.6
1466,a,12878,8918,electroNic,1.53
1466,a,12878,23140,krazy,1.19
1466,a,12878,630,MUTiRiS,1.02
1466,a,12878,22807,aragornN,0.86
1466,b,4411,23372,xKacpersky,1.36
1466,b,4411,20425,r1nkle,1.0
1466,b,4411,922,Snappi,0.93
1466,b,4411,14148,sjuush,0.77
1466,b,4411,24283,cairne,0.74
837,a,4773,20171,snow,1.15
837,a,4773,19694,nqz,0.85
837,a,4773,18141,biguzera,0.7
837,a,4773,16816,vsm,0.68
837,a,4773,18714,piriajr,0.62
837,b,11861,7938,XANTARES,2.07
837,b,11861,8574,woxic,1.79
837,b,11861,21243,Wicadia,1.61
837,b,11861,150,MAJ3R,0.99
837,b,11861,20968,soulfly,0.87
2751,a,9928,20301,Tauson,0.99
2751,a,9928,23766,hypex,0.89
2751,a,9928,2553,Snax,0.77
2751,a,9928,9278,REZ,0.41
2751,a,9928,22279,PR,0.32
2751,b,6665,17956,jabbi,2.06
2751,b,6665,16726,phzy,1.7
2751,b,6665,20304,Staehr,1.42
2751,b,6665,10096,HooXi,1.41
2751,b,6665,21217,ryu,1.21
1513,a,13286,22674,cmtry,1.42
1513,a,13286,20584,dem0n,1.24
1513,a,13286,22203,Krabeni,1.12
1513,a,13286,23553,dziugss,1.1
1513,a,13286,20761,lauNX,0.93
1513,b,5973,9436,NertZ,1.38
1513,b,5973,16820,siuhy,1.14
1513,b,5973,8738,EliGE,1.05
1513,b,5973,21763,ultimate,0.83
1513,b,5973,19899,Krimbo,0.51
1258,a,4608,22673,makazze,2.0
1258,a,4608,14759,iM,1.3
1258,a,4608,18987,b1t,1.26
1258,a,4608,20127,w0nderful,1.13
1258,a,4608,9816,Aleksib,0.87
1258,b,12467,22471,xiELO,1.12
1258,b,12467,23685,zweih,1.12
1258,b,12467,19235,BELCHONOKK,0.66
1258,b,12467,13776,Jame,0.61
1258,b,12467,22929,nota,0.56
2536,b,6248,21809,910,1.19
2536,b,6248,23402,cobrazera,1.13
2536,b,6248,20194,bLitz,1.01
2536,b,6248,20275,Techno,1.01
2536,b,6248,21001,mzinho,0.71
2536,a,5995,11617,malbsMd,1.33
2536,a,5995,19164,SunPayus,1.3
2536,a,5995,3972,huNter-,1.09
2536,a,5995,20447,HeavyGod,0.88
2536,a,5995,21062,MATYS,0.82
1534,b,8297,13915,YEKINDAR,1.13
1534,b,8297,2023,FalleN,1.0
1534,b,8297,15631,KSCERATO,0.86
1534,b,8297,24144,molodoy,0.76
1534,b,8297,12553,yuurih,0.73
1534,a,13286,23553,dziugss,1.92
1534,a,13286,22203,Krabeni,1.66
1534,a,13286,20584,dem0n,1.45
1534,a,13286,20761,lauNX,0.96
1534,a,13286,22674,cmtry,0.85
2706,a,7020,21167,donk,1.73
2706,a,7020,20423,zont1x,1.47
2706,a,7020,18317,magixx,1.15
2706,a,7020,16920,sh1ro,1.15
2706,a,7020,19808,tN1R,1.04
2706,b,6665,16726,phzy,1.47
2706,b,6665,21217,ryu,1.05
2706,b,6665,17956,jabbi,0.83
2706,b,6665,10096,HooXi,0.64
2706,b,6665,20304,Staehr,0.46
2214,b,6667,9960,frozen,0.84
2214,b,6667,10394,Twistzz,0.69
2214,b,6667,429,karrigan,0.68
2214,b,6667,22383,jcobbb,0.57
2214,b,6667,18053,broky,0.5
2214,a,4914,8374,bodyy,1.69
2214,a,4914,13138,Maka,1.57
2214,a,4914,21969,Graviti,1.39
2214,a,4914,19739,Ex3rcice,1.37
2214,a,4914,13497,Lucky,1.32
1477,b,9565,16693,flameZ,1.64
1477,b,9565,7322,apEX,1.52
1477,b,9565,11816,ropz,1.51
1477,b,9565,11893,ZywOo,1.26
1477,b,9565,18462,mezii,0.75
1477,a,12878,7998,s1mple,1.3
1477,a,12878,23140,krazy,1.03
1477,a,12878,22807,aragornN,0.73
1477,a,12878,630,MUTiRiS,0.52
1477,a,12878,8918,electroNic,0.43
1742,b,4494,18221,Spinx,1.74
1742,b,4494,18072,torzsi,1.15
1742,b,4494,20312,xertioN,1.09
1742,b,4494,18850,Jimpphat,1.07
1742,b,4494,13666,Brollan,0.83
1742,a,6673,20333,Jeorge,1.23
1742,a,6673,16717,br0,1.17
1742,a,6673,8711,Sonic,0.78
1742,a,6673,13249,oSee,0.77
1742,a,6673,7687,nitr0,0.74
439,a,11283,19230,m0NESY,1.3
439,a,11283,3741,NiKo,1.29
439,a,11283,24177,kyousuke,1.18
439,a,11283,12018,TeSeS,0.77
439,a,11283,19677,kyxsan,0.53
439,b,11861,20968,soulfly,1.29
439,b,11861,150,MAJ3R,1.25
439,b,11861,8574,woxic,0.99
439,b,11861,7938,XANTARES,0.98
439,b,11861,21243,Wicadia,0.84
1514,b,5995,20447,HeavyGod,1.58
1514,b,5995,21062,MATYS,1.35
1514,b,5995,19164,SunPayus,1.24
1514,b,5995,3972,huNter-,0.92
1514,b,5995,11617,malbsMd,0.82
1514,a,13286,22203,Krabeni,1.0
1514,a,13286,23553,dziugss,0.99
1514,a,13286,20584,dem0n,0.95
1514,a,13286,22674,cmtry,0.9
1514,a,13286,20761,lauNX,0.76
2651,b,6248,21001,mzinho,0.93
2651,b,6248,23402,cobrazera,0.82
2651,b,6248,21809,910,0.69
2651,b,6248,20194,bLitz,0.52
2651,b,6248,20275,Techno,0.4
2651,a,8297,13915,YEKINDAR,2.48
2651,a,8297,12553,yuurih,1.78
2651,a,8297,15631,KSCERATO,1.58
2651,a,8297,24144,molodoy,0.99
2651,a,8297,2023,FalleN,0.95
1273,b,12467,22929,nota,1.18
1273,b,12467,13776,Jame,1.16
1273,b,12467,19235,BELCHONOKK,0.75
1273,b,12467,22471,xiELO,0.66
1273,b,12467,23685,zweih,0.59
1273,a,6665,17956,jabbi,2.09
1273,a,6665,21217,ryu,1.71
1273,a,6665,20304,Staehr,1.03
1273,a,6665,16726,phzy,0.86
1273,a,6665,10096,HooXi,0.69
1900,a,4608,18987,b1t,0.9
1900,a,4608,14759,iM,0.63
1900,a,4608,20127,w0nderful,0.62
1900,a,4608,9816,Aleksib,0.55
1900,a,4608,22673,makazze,0.51
1900,b,7020,20423,zont1x,1.96
1900,b,7020,18317,magixx,1.62
1900,b,7020,16920,sh1ro,1.48
1900,b,7020,21167,donk,1.25
1900,b,7020,19808,tN1R,1.1
825,b,4494,18850,Jimpphat,1.09
825,b,4494,18072,torzsi,1.09
825,b,4494,13666,Brollan,1.07
825,b,4494,18221,Spinx,1.0
825,b,4494,20312,xertioN,0.82
825,a,11861,20968,soulfly,1.33
825,a,11861,150,MAJ3R,1.07
825,a,11861,7938,XANTARES,1.06
825,a,11861,21243,Wicadia,1.06
825,a,11861,8574,woxic,0.59
2249,a,4914,21969,Graviti,1.06
2249,a,4914,13138,Maka,0.86
2249,a,4914,8374,bodyy,0.74
2249,a,4914,19739,Ex3rcice,0.69
2249,a,4914,13497,Lucky,0.55
2249,b,9565,11893,ZywOo,1.81
2249,b,9565,11816,ropz,1.51
2249,b,9565,18462,mezii,1.29
2249,b,9565,7322,apEX,1.22
2249,b,9565,16693,flameZ,1.06
543,a,6673,7687,nitr0,1.14
543,a,6673,16717,br0,1.08
543,a,6673,20333,Jeorge,0.89
543,a,6673,13249,oSee,0.87
543,a,6673,8711,Sonic,0.59
543,b,11283,19230,m0NESY,1.59
543,b,11283,3741,NiKo,1.45
543,b,11283,24177,kyousuke,1.15
543,b,11283,12018,TeSeS,0.94
543,b,11283,19677,kyxsan,0.84
1471,a,6667,10394,Twistzz,2.25
1471,a,6667,18053,broky,1.84
1471,a,6667,22383,jcobbb,1.46
1471,a,6667,429,karrigan,1.19
1471,a,6667,9960,frozen,0.83
1471,b,12878,8918,electroNic,0.83
1471,b,12878,7998,s1mple,0.8
1471,b,12878,22807,aragornN,0.77
1471,b,12878,23140,krazy,0.72
1471,b,12878,630,MUTiRiS,0.57
1919,b,8297,13915,YEKINDAR,1.7
1919,b,8297,15631,KSCERATO,1.43
1919,b,8297,24144,molodoy,1.4
1919,b,8297,12553,yuurih,1.3
1919,b,8297,2023,FalleN,1.01
1919,a,4608,22673,makazze,0.97
1919,a,4608,18987,b1t,0.91
1919,a,4608,20127,w0nderful,0.87
1919,a,4608,14759,iM,0.81
1919,a,4608,9816,Aleksib,0.68
1521,a,13286,20584,dem0n,0.91
1521,a,13286,22203,Krabeni,0.84
1521,a,13286,20761,lauNX,0.71
1521,a,13286,23553,dziugss,0.61
1521,a,13286,22674,cmtry,0.32
1521,b,6665,17956,jabbi,2.42
1521,b,6665,10096,HooXi,1.71
1521,b,6665,21217,ryu,1.4
1521,b,6665,16726,phzy,1.39
1521,b,6665,20304,Staehr,1.11
1741,b,4494,18072,torzsi,1.63
1741,b,4494,18850,Jimpphat,1.42
1741,b,4494,18221,Spinx,1.22
1741,b,4494,20312,xertioN,0.96
1741,b,4494,13666,Brollan,0.93
1741,a,6667,22383,jcobbb,1.25
1741,a,6667,9960,frozen,1.22
1741,a,6667,10394,Twistzz,0.83
1741,a,6667,18053,broky,0.72
1741,a,6667,429,karrigan,0.53
495,a,4914,8374,bodyy,1.23
495,a,4914,21969,Graviti,1.18
495,a,4914,13138,Maka,1.0
495,a,4914,19739,Ex3rcice,0.89
495,a,4914,13497,Lucky,0.84
495,b,11283,24177,kyousuke,1.85
495,b,11283,19230,m0NESY,0.99
495,b,11283,19677,kyxsan,0.95
495,b,11283,12018,TeSeS,0.89
495,b,11283,3741,NiKo,0.85
2726,b,6665,21217,ryu,1.4
2726,b,6665,20304,Staehr,1.18
2726,b,6665,16726,phzy,0.82
2726,b,6665,17956,jabbi,0.56
2726,b,6665,10096,HooXi,0.5
2726,a,8297,24144,molodoy,1.45
2726,a,8297,15631,KSCERATO,1.37
2726,a,8297,2023,FalleN,1.21
2726,a,8297,12553,yuurih,0.86
2726,a,8297,13915,YEKINDAR,0.8
2564,b,5995,19164,SunPayus,1.43
2564,b,5995,21062,MATYS,1.35
2564,b,5995,20447,HeavyGod,1.03
2564,b,5995,11617,malbsMd,0.84
2564,b,5995,3972,huNter-,0.48
2564,a,7020,21167,donk,1.4
2564,a,7020,16920,sh1ro,1.21
2564,a,7020,19808,tN1R,1.13
2564,a,7020,20423,zont1x,0.98
2564,a,7020,18317,magixx,0.81
916,b,9565,11893,ZywOo,2.1
916,b,9565,7322,apEX,1.56
916,b,9565,18462,mezii,1.15
916,b,9565,11816,ropz,1.15
916,b,9565,16693,flameZ,0.76
916,a,11861,21243,Wicadia,0.9
916,a,11861,20968,soulfly,0.84
916,a,11861,7938,XANTARES,0.84
916,a,11861,8574,woxic,0.78
916,a,11861,150,MAJ3R,0.75
472,b,11283,19230,m0NESY,1.33
472,b,11283,24177,kyousuke,1.15
472,b,11283,3741,NiKo,1.14
472,b,11283,12018,TeSeS,0.97
472,b,11283,19677,kyxsan,0.74
472,a,4494,20312,xertioN,1.43
472,a,4494,18221,Spinx,1.21
472,a,4494,18850,Jimpphat,1.09
472,a,4494,18072,torzsi,0.9
472,a,4494,13666,Brollan,0.67
908,b,8297,15631,KSCERATO,1.99
908,b,8297,12553,yuurih,1.75
908,b,8297,13915,YEKINDAR,1.38
908,b,8297,24144,molodoy,1.24
908,b,8297,2023,FalleN,1.07
908,a,11861,150,MAJ3R,0.86
908,a,11861,7938,XANTARES,0.85
908,a,11861,8574,woxic,0.71
908,a,11861,20968,soulfly,0.7
908,a,11861,21243,Wicadia,0.49
1546,b,4411,24283,cairne,1.58
1546,b,4411,14148,sjuush,1.28
1546,b,4411,23372,xKacpersky,1.09
1546,b,4411,922,Snappi,0.77
1546,b,4411,20425,r1nkle,0.65
1546,a,13404,21239,MartinezSa,1.32
1546,a,13404,18749,sausol,1.16
1546,a,13404,19509,dav1g,1.08
1546,a,13404,8371,alex,0.97
1546,a,13404,9254,mopoz,0.91
1710,b,5995,21062,MATYS,0.95
1710,b,5995,20447,HeavyGod,0.91
1710,b,5995,19164,SunPayus,0.82
1710,b,5995,11617,malbsMd,0.73
1710,b,5995,3972,huNter-,0.58
1710,a,4494,18072,torzsi,1.33
1710,a,4494,13666,Brollan,1.32
1710,a,4494,18850,Jimpphat,1.17
1710,a,4494,18221,Spinx,1.14
1710,a,4494,20312,xertioN,1.13
1478,b,9928,20301,Tauson,2.14
1478,b,9928,2553,Snax,1.05
1478,b,9928,23766,hypex,0.98
1478,b,9928,9278,REZ,0.97
1478,b,9928,22279,PR,0.93
1478,a,12878,8918,electroNic,1.42
1478,a,12878,7998,s1mple,1.21
1478,a,12878,630,MUTiRiS,0.76
1478,a,12878,22807,aragornN,0.72
1478,a,12878,23140,krazy,0.71
2832,a,7020,21167,donk,1.43
2832,a,7020,20423,zont1x,1.06
2832,a,7020,16920,sh1ro,0.93
2832,a,7020,19808,tN1R,0.85
2832,a,7020,18317,magixx,0.52
2832,b,8297,24144,molodoy,1.96
2832,b,8297,13915,YEKINDAR,1.33
2832,b,8297,15631,KSCERATO,1.19
2832,b,8297,2023,FalleN,1.04
2832,b,8297,12553,yuurih,0.76
1797,b,9565,11893,ZywOo,1.7
1797,b,9565,11816,ropz,1.63
1797,b,9565,16693,flameZ,1.22
1797,b,9565,18462,mezii,1.06
1797,b,9565,7322,apEX,0.76
1797,a,4494,13666,Brollan,0.92
1797,a,4494,18221,Spinx,0.81
1797,a,4494,18072,torzsi,0.75
1797,a,4494,18850,Jimpphat,0.72
1797,a,4494,20312,xertioN,0.56
1027,b,12376,20104,s1n,1.37
1027,b,12376,21665,JBa,0.79
1027,b,12376,15370,slaxz-,0.62
1027,b,12376,22921,Lake,0.51
1027,b,12376,16599,Swisher,0.46
1027,a,12426,13578,Grim,1.73
1027,a,12426,21452,Kvem,1.62
1027,a,12426,21620,nicx,1.35
1027,a,12426,11630,JT,1.33
1027,a,12426,12840,hallzerk,0.85
2103,a,8840,18744,z4KR,1.36
2103,a,8840,22922,EmiliaQAQ,0.92
2103,a,8840,20254,Starry,0.83
2103,a,8840,23100,C4LLM3SU3,0.79
2103,a,8840,16551,Westmelon,0.65
2103,b,4863,21621,Moseyuh,1.43
2103,b,4863,20702,Jee,1.22
2103,b,4863,20895,Mercury,1.09
2103,b,4863,24857,Zero,1.06
2103,b,4863,19645,JamYoung,0.75
1757,a,7020,16920,sh1ro,1.93
1757,a,7020,19808,tN1R,1.65
1757,a,7020,20423,zont1x,1.33
1757,a,7020,21167,donk,1.31
1757,a,7020,18317,magixx,1.09
1757,b,4494,18221,Spinx,0.83
1757,b,4494,20312,xertioN,0.77
1757,b,4494,13666,Brollan,0.74
1757,b,4494,18850,Jimpphat,0.65
1757,b,4494,18072,torzsi,0.38
1654,b,4411,14148,sjuush,1.63
1654,b,4411,23372,xKacpersky,1.36
1654,b,4411,24283,cairne,1.15
1654,b,4411,20425,r1nkle,1.0
1654,b,4411,922,Snappi,0.53
1654,a,9928,20301,Tauson,1.41
1654,a,9928,22279,PR,1.18
1654,a,9928,2553,Snax,1.07
1654,a,9928,9278,REZ,0.8
1654,a,9928,23766,hypex,0.64
2965,a,8297,15631,KSCERATO,1.04
2965,a,8297,2023,FalleN,1.03
2965,a,8297,12553,yuurih,0.91
2965,a,8297,13915,YEKINDAR,0.8
2965,a,8297,24144,molodoy,0.6
2965,b,9565,11893,ZywOo,1.52
2965,b,9565,7322,apEX,1.26
2965,b,9565,16693,flameZ,1.07
2965,b,9565,18462,mezii,1.05
2965,b,9565,11816,ropz,0.97
1223,b,6673,7687,nitr0,1.72
1223,b,6673,13249,oSee,1.67
1223,b,6673,8711,Sonic,1.4
1223,b,6673,20333,Jeorge,1.12
1223,b,6673,16717,br0,1.05
1223,a,12426,12840,hallzerk,1.63
1223,a,12426,13578,Grim,0.71
1223,a,12426,21452,Kvem,0.67
1223,a,12426,21620,nicx,0.55
1223,a,12426,11630,JT,0.42
742,b,11811,17145,Rainwaker,1.51
742,b,11811,19926,afro,1.31
742,b,11811,21816,Gizmy,1.22
742,b,11811,19015,Bymas,1.15
742,b,11811,22106,AZUWU,1.07
742,a,13501,9656,hAdji,1.13
742,a,13501,19698,adamS,1.05
742,a,13501,16080,dycha,1.04
742,a,13501,8311,nEMANHA,0.76
742,a,13501,20889,7Kick,0.48
818,a,11861,8574,woxic,1.09
818,a,11861,20968,soulfly,0.88
818,a,11861,7938,XANTARES,0.79
818,a,11861,21243,Wicadia,0.73
818,a,11861,150,MAJ3R,0.62
818,b,13286,23553,dziugss,1.66
818,b,13286,22674,cmtry,1.55
818,b,13286,22203,Krabeni,1.42
818,b,13286,20584,dem0n,1.24
818,b,13286,20761,lauNX,1.12
1874,b,4608,14759,iM,1.83
1874,b,4608,20127,w0nderful,1.71
1874,b,4608,18987,b1t,1.27
1874,b,4608,9816,Aleksib,0.97
1874,b,4608,22673,makazze,0.85
1874,a,6665,10096,HooXi,1.25
1874,a,6665,16726,phzy,0.89
1874,a,6665,21217,ryu,0.81
1874,a,6665,20304,Staehr,0.75
1874,a,6665,17956,jabbi,0.47
1254,a,4494,13666,Brollan,1.69
1254,a,4494,18221,Spinx,1.59
1254,a,4494,20312,xertioN,1.46
1254,a,4494,18072,torzsi,1.36
1254,a,4494,18850,Jimpphat,1.09
1254,b,12467,22929,nota,1.06
1254,b,12467,19235,BELCHONOKK,0.72
1254,b,12467,13776,Jame,0.69
1254,b,12467,23685,zweih,0.54
1254,b,12467,22471,xiELO,0.42
2771,b,6667,22383,jcobbb,1.78
2771,b,6667,10394,Twistzz,1.21
2771,b,6667,18053,broky,1.2
2771,b,6667,9960,frozen,1.18
2771,b,6667,429,karrigan,0.98
2771,a,7175,19187,xfl0ud,1.27
2771,a,7175,20119,nilo,0.89
2771,a,7175,22047,yxngstxr,0.86
2771,a,7175,21163,susp,0.8
2771,a,7175,21983,Chr1zN,0.76
743,b,11811,19015,Bymas,1.19
743,b,11811,22106,AZUWU,1.14
743,b,11811,19926,afro,1.13
743,b,11811,17145,Rainwaker,1.09
743,b,11811,21816,Gizmy,0.82
743,a,13501,16080,dycha,1.25
743,a,13501,9656,hAdji,1.12
743,a,13501,20889,7Kick,1.04
743,a,13501,19698,adamS,0.96
743,a,13501,8311,nEMANHA,0.73
494,b,11283,19230,m0NESY,2.09
494,b,11283,3741,NiKo,1.52
494,b,11283,24177,kyousuke,1.02
494,b,11283,19677,kyxsan,0.94
494,b,11283,12018,TeSeS,0.85
494,a,4914,13497,Lucky,1.35
494,a,4914,21969,Graviti,1.03
494,a,4914,13138,Maka,0.86
494,a,4914,19739,Ex3rcice,0.7
494,a,4914,8374,bodyy,0.49
2606,b,9565,16693,flameZ,1.61
2606,b,9565,7322,apEX,1.54
2606,b,9565,11893,ZywOo,1.47
2606,b,9565,18462,mezii,1.01
2606,b,9565,11816,ropz,0.45
2606,a,5995,21062,MATYS,1.24
2606,a,5995,3972,huNter-,1.13
2606,a,5995,20447,HeavyGod,0.99
2606,a,5995,19164,SunPayus,0.65
2606,a,5995,11617,malbsMd,0.45
1976,a,6248,23402,cobrazera,2.61
1976,a,6248,20194,bLitz,1.52
1976,a,6248,21809,910,1.42
1976,a,6248,21001,mzinho,1.21
1976,a,6248,20275,Techno,0.98
1976,b,4773,20171,snow,0.94
1976,b,4773,19694,nqz,0.52
1976,b,4773,18714,piriajr,0.49
1976,b,4773,16816,vsm,0.43
1976,b,4773,18141,biguzera,0.38
654,a,13404,19509,dav1g,1.31
654,a,13404,8371,alex,1.3
654,a,13404,21239,MartinezSa,1.18
654,a,13404,18749,sausol,1.11
654,a,13404,9254,mopoz,1.11
654,b,11581,19823,dukefissura,1.52
654,b,11581,21692,kAlash,0.93
654,b,11581,21385,mizu,0.89
654,b,11581,16612,n0rb3r7,0.69
654,b,11581,24806,frontales,0.66
317,b,8297,24144,molodoy,1.64
317,b,8297,13915,YEKINDAR,1.38
317,b,8297,12553,yuurih,1.27
317,b,8297,15631,KSCERATO,0.86
317,b,8297,2023,FalleN,0.61
317,a,11241,20112,alex666,1.04
317,a,11241,23643,esenthial,1.02
317,a,11241,22842,kensizor,0.96
317,a,11241,21708,npl,0.87
317,a,11241,25619,s1zzi,0.72
1664,b,4608,14759,iM,1.09
1664,b,4608,18987,b1t,1.02
1664,b,4608,9816,Aleksib,0.88
1664,b,4608,22673,makazze,0.87
1664,b,4608,20127,w0nderful,0.6
1664,a,4494,18072,torzsi,1.63
1664,a,4494,20312,xertioN,1.52
1664,a,4494,13666,Brollan,1.1
1664,a,4494,18850,Jimpphat,0.9
1664,a,4494,18221,Spinx,0.89
2206,b,4914,19739,Ex3rcice,1.69
2206,b,4914,8374,bodyy,0.96
2206,b,4914,13138,Maka,0.94
2206,b,4914,21969,Graviti,0.88
2206,b,4914,13497,Lucky,0.85
2206,a,6665,10096,HooXi,1.33
2206,a,6665,16726,phzy,1.28
2206,a,6665,21217,ryu,1.11
2206,a,6665,20304,Staehr,0.98
2206,a,6665,17956,jabbi,0.81
1269,a,5995,11617,malbsMd,1.27
1269,a,5995,21062,MATYS,0.84
1269,a,5995,3972,huNter-,0.83
1269,a,5995,20447,HeavyGod,0.68
1269,a,5995,19164,SunPayus,0.59
1269,b,12467,22471,xiELO,1.98
1269,b,12467,22929,nota,1.55
1269,b,12467,19235,BELCHONOKK,1.32
1269,b,12467,23685,zweih,1.21
1269,b,12467,13776,Jame,1.01
541,a,11283,19230,m0NESY,1.92
541,a,11283,12018,TeSeS,1.88
541,a,11283,24177,kyousuke,1.08
541,a,11283,3741,NiKo,1.07
541,a,11283,19677,kyxsan,1.04
541,b,6667,18053,broky,0.97
541,b,6667,10394,Twistzz,0.91
541,b,6667,9960,frozen,0.85
541,b,6667,429,karrigan,0.61
541,b,6667,22383,jcobbb,0.49
835,a,11861,7938,XANTARES,2.18
835,a,11861,8574,woxic,1.47
835,a,11861,21243,Wicadia,1.42
835,a,11861,20968,soulfly,1.32
835,a,11861,150,MAJ3R,0.94
835,b,4773,16816,vsm,1.47
835,b,4773,19694,nqz,0.77
835,b,4773,18141,biguzera,0.51
835,b,4773,20171,snow,0.47
835,b,4773,18714,piriajr,0.33
1533,b,8297,15631,KSCERATO,1.69
1533,b,8297,13915,YEKINDAR,1.34
1533,b,8297,24144,molodoy,1.11
1533,b,8297,12553,yuurih,0.83
1533,b,8297,2023,FalleN,0.77
1533,a,13286,22674,cmtry,1.23
1533,a,13286,20761,lauNX,1.22
1533,a,13286,23553,dziugss,0.93
1533,a,13286,22203,Krabeni,0.82
1533,a,13286,20584,dem0n,0.47
307,b,11241,22842,kensizor,1.97
307,b,11241,20112,alex666,1.28
307,b,11241,25619,s1zzi,1.22
307,b,11241,21708,npl,1.22
307,b,11241,23643,esenthial,1.2
307,a,7175,19187,xfl0ud,1.37
307,a,7175,20119,nilo,0.97
307,a,7175,22047,yxngstxr,0.94
307,a,7175,21163,susp,0.85
307,a,7175,21983,Chr1zN,0.35
2675,a,9565,11816,ropz,1.93
2675,a,9565,18462,mezii,1.69
2675,a,9565,16693,flameZ,1.31
2675,a,9565,11893,ZywOo,1.13
2675,a,9565,7322,apEX,0.98
2675,b,6248,20275,Techno,1.05
2675,b,6248,20194,bLitz,0.88
2675,b,6248,21001,mzinho,0.72
2675,b,6248,23402,cobrazera,0.7
2675,b,6248,21809,910,0.56
829,a,4608,22673,makazze,1.74
829,a,4608,18987,b1t,1.28
829,a,4608,20127,w0nderful,1.01
829,a,4608,9816,Aleksib,1.0
829,a,4608,14759,iM,0.89
829,b,11861,8574,woxic,1.27
829,b,11861,21243,Wicadia,1.19
829,b,11861,7938,XANTARES,1.0
829,b,11861,20968,soulfly,0.79
829,b,11861,150,MAJ3R,0.62
1277,b,6667,429,karrigan,1.22
1277,b,6667,22383,jcobbb,1.07
1277,b,6667,9960,frozen,1.06
1277,b,6667,18053,broky,0.9
1277,b,6667,10394,Twistzz,0.71
1277,a,12467,13776,Jame,1.31
1277,a,12467,19235,BELCHONOKK,1.3
1277,a,12467,22471,xiELO,1.16
1277,a,12467,22929,nota,1.03
1277,a,12467,23685,zweih,0.96
1519,b,13286,20761,lauNX,1.66
1519,b,13286,23553,dziugss,1.56
1519,b,13286,20584,dem0n,1.5
1519,b,13286,22674,cmtry,1.4
1519,b,13286,22203,Krabeni,1.35
1519,a,6665,20304,Staehr,1.41
1519,a,6665,16726,phzy,1.08
1519,a,6665,21217,ryu,0.61
1519,a,6665,17956,jabbi,0.53
1519,a,6665,10096,HooXi,0.38
290,a,6248,21809,910,1.58
290,a,6248,23402,cobrazera,1.07
290,a,6248,20275,Techno,1.04
290,a,6248,20194,bLitz,1.01
290,a,6248,21001,mzinho,0.85
290,b,11241,23643,esenthial,1.19
290,b,11241,22842,kensizor,1.14
290,b,11241,20112,alex666,1.12
290,b,11241,25619,s1zzi,0.88
290,b,11241,21708,npl,0.87
2223,b,4914,13138,Maka,1.68
2223,b,4914,19739,Ex3rcice,1.13
2223,b,4914,8374,bodyy,0.68
2223,b,4914,13497,Lucky,0.65
2223,b,4914,21969,Graviti,0.53
2223,a,7175,21163,susp,1.73
2223,a,7175,19187,xfl0ud,1.21
2223,a,7175,22047,yxngstxr,1.1
2223,a,7175,20119,nilo,1.0
2223,a,7175,21983,Chr1zN,0.79
1796,b,4494,18072,torzsi,1.42
1796,b,4494,13666,Brollan,1.33
1796,b,4494,20312,xertioN,0.7
1796,b,4494,18850,Jimpphat,0.67
1796,b,4494,18221,Spinx,0.59
1796,a,9565,11893,ZywOo,1.63
1796,a,9565,11816,ropz,1.33
1796,a,9565,16693,flameZ,1.27
1796,a,9565,18462,mezii,1.27
1796,a,9565,7322,apEX,0.81
1967,b,5995,21062,MATYS,1.49
1967,b,5995,20447,HeavyGod,1.48
1967,b,5995,11617,malbsMd,1.17
1967,b,5995,19164,SunPayus,1.03
1967,b,5995,3972,huNter-,0.91
1967,a,4773,16816,vsm,1.24
1967,a,4773,19694,nqz,1.06
1967,a,4773,18714,piriajr,0.93
1967,a,4773,18141,biguzera,0.79
1967,a,4773,20171,snow,0.4
564,b,8297,15631,KSCERATO,1.86
564,b,8297,2023,FalleN,1.17
564,b,8297,12553,yuurih,0.78
564,b,8297,13915,YEKINDAR,0.67
564,b,8297,24144,molodoy,0.62
564,a,11283,24177,kyousuke,1.58
564,a,11283,19677,kyxsan,1.3
564,a,11283,3741,NiKo,0.98
564,a,11283,12018,TeSeS,0.87
564,a,11283,19230,m0NESY,0.86
1498,b,4494,20312,xertioN,1.55
1498,b,4494,18850,Jimpphat,1.37
1498,b,4494,18221,Spinx,1.07
1498,b,4494,18072,torzsi,0.99
1498,b,4494,13666,Brollan,0.91
1498,a,13286,20761,lauNX,1.42
1498,a,13286,22674,cmtry,1.11
1498,a,13286,23553,dziugss,0.97
1498,a,13286,22203,Krabeni,0.92
1498,a,13286,20584,dem0n,0.56
2697,b,6667,10394,Twistzz,1.43
2697,b,6667,18053,broky,1.23
2697,b,6667,22383,jcobbb,0.92
2697,b,6667,9960,frozen,0.75
2697,b,6667,429,karrigan,0.72
2697,a,6665,21217,ryu,1.38
2697,a,6665,16726,phzy,1.34
2697,a,6665,17956,jabbi,1.09
2697,a,6665,20304,Staehr,0.87
2697,a,6665,10096,HooXi,0.82
228,b,11241,22842,kensizor,1.07
228,b,11241,23643,esenthial,1.03
228,b,11241,25619,s1zzi,1.03
228,b,11241,21708,npl,1.0
228,b,11241,20112,alex666,0.94
228,a,11861,21243,Wicadia,1.43
228,a,11861,20968,soulfly,1.19
228,a,11861,7938,XANTARES,1.04
228,a,11861,150,MAJ3R,0.89
228,a,11861,8574,woxic,0.87
1861,a,4608,22673,makazze,1.3
1861,a,4608,20127,w0nderful,0.94
1861,a,4608,9816,Aleksib,0.88
1861,a,4608,18987,b1t,0.85
1861,a,4608,14759,iM,0.7
1861,b,6248,20194,bLitz,1.23
1861,b,6248,21001,mzinho,1.15
1861,b,6248,21809,910,1.11
1861,b,6248,20275,Techno,1.1
1861,b,6248,23402,cobrazera,1.04
2573,b,5995,20447,HeavyGod,1.51
2573,b,5995,3972,huNter-,1.35
2573,b,5995,19164,SunPayus,1.28
2573,b,5995,11617,malbsMd,1.07
2573,b,5995,21062,MATYS,0.69
2573,a,7175,19187,xfl0ud,1.32
2573,a,7175,22047,yxngstxr,1.19
2573,a,7175,21163,susp,0.89
2573,a,7175,20119,nilo,0.88
2573,a,7175,21983,Chr1zN,0.75
1287,a,8297,24144,molodoy,1.59
1287,a,8297,13915,YEKINDAR,1.57
1287,a,8297,15631,KSCERATO,1.06
1287,a,8297,2023,FalleN,0.99
1287,a,8297,12553,yuurih,0.77
1287,b,12467,13776,Jame,1.11
1287,b,12467,23685,zweih,1.06
1287,b,12467,19235,BELCHONOKK,0.96
1287,b,12467,22471,xiELO,0.71
1287,b,12467,22929,nota,0.42
871,b,11861,20968,soulfly,1.43
871,b,11861,8574,woxic,1.36
871,b,11861,7938,XANTARES,1.34
871,b,11861,21243,Wicadia,0.94
871,b,11861,150,MAJ3R,0.69
871,a,6665,20304,Staehr,1.97
871,a,6665,10096,HooXi,1.13
871,a,6665,17956,jabbi,1.1
871,a,6665,21217,ryu,0.6
871,a,6665,16726,phzy,0.42
1245,a,13286,22674,cmtry,1.26
1245,a,13286,23553,dziugss,1.24
1245,a,13286,20761,lauNX,0.89
1245,a,13286,20584,dem0n,0.6
1245,a,13286,22203,Krabeni,0.54
1245,b,12467,19235,BELCHONOKK,1.68
1245,b,12467,22929,nota,1.06
1245,b,12467,22471,xiELO,1.04
1245,b,12467,13776,Jame,0.92
1245,b,12467,23685,zweih,0.9
1851,b,4608,18987,b1t,1.78
1851,b,4608,22673,makazze,1.28
1851,b,4608,9816,Aleksib,1.08
1851,b,4608,14759,iM,1.08
1851,b,4608,20127,w0nderful,0.89
1851,a,5995,20447,HeavyGod,1.55
1851,a,5995,19164,SunPayus,1.27
1851,a,5995,3972,huNter-,1.06
1851,a,5995,21062,MATYS,0.66
1851,a,5995,11617,malbsMd,0.64
710,b,13404,9254,mopoz,1.47
710,b,13404,8371,alex,1.39
710,b,13404,21239,MartinezSa,1.04
710,b,13404,18749,sausol,0.93
710,b,13404,19509,dav1g,0.91
710,a,11737,22914,dex,1.18
710,a,11737,21012,Ro1f,1.16
710,a,11737,20879,maxster,0.96
710,a,11737,21159,bobeksde,0.81
710,a,11737,3849,JW,0.79
449,a,11283,19677,kyxsan,1.3
449,a,11283,3741,NiKo,1.19
449,a,11283,19230,m0NESY,0.97
449,a,11283,24177,kyousuke,0.85
449,a,11283,12018,TeSeS,0.68
449,b,12467,19235,BELCHONOKK,1.38
449,b,12467,22929,nota,1.33
449,b,12467,23685,zweih,1.23
449,b,12467,22471,xiELO,0.99
449,b,12467,13776,Jame,0.93
1665,a,4494,20312,xertioN,1.64
1665,a,4494,13666,Brollan,1.5
1665,a,4494,18072,torzsi,1.17
1665,a,4494,18850,Jimpphat,1.13
1665,a,4494,18221,Spinx,0.77
1665,b,4608,14759,iM,1.28
1665,b,4608,22673,makazze,1.08
1665,b,4608,18987,b1t,0.92
1665,b,4608,20127,w0nderful,0.71
1665,b,4608,9816,Aleksib,0.63
915,b,9565,11893,ZywOo,1.86
915,b,9565,16693,flameZ,1.85
915,b,9565,18462,mezii,0.96
915,b,9565,11816,ropz,0.66
915,b,9565,7322,apEX,0.57
915,a,11861,21243,Wicadia,1.38
915,a,11861,8574,woxic,1.07
915,a,11861,7938,XANTARES,1.01
915,a,11861,150,MAJ3R,0.75
915,a,11861,20968,soulfly,0.56
748,b,4411,23372,xKacpersky,1.42
748,b,4411,20425,r1nkle,1.18
748,b,4411,24283,cairne,0.82
748,b,4411,14148,sjuush,0.59
748,b,4411,922,Snappi,0.48
748,a,11811,19926,afro,1.98
748,a,11811,22106,AZUWU,1.25
748,a,11811,19015,Bymas,1.2
748,a,11811,17145,Rainwaker,1.0
748,a,11811,21816,Gizmy,1.0
2648,a,8297,13915,YEKINDAR,1.15
2648,a,8297,12553,yuurih,1.02
2648,a,8297,15631,KSCERATO,0.93
2648,a,8297,24144,molodoy,0.79
2648,a,8297,2023,FalleN,0.71
2648,b,6248,21001,mzinho,1.47
2648,b,6248,23402,cobrazera,1.33
2648,b,6248,20194,bLitz,1.15
2648,b,6248,21809,910,1.14
2648,b,6248,20275,Techno,0.94
1203,b,13404,9254,mopoz,1.57
1203,b,13404,19509,dav1g,1.13
1203,b,13404,18749,sausol,1.09
1203,b,13404,21239,MartinezSa,0.98
1203,b,13404,8371,alex,0.81
1203,a,12426,11630,JT,1.26
1203,a,12426,21452,Kvem,1.07
1203,a,12426,13578,Grim,0.99
1203,a,12426,19869,try,0.82
1203,a,12426,21620,nicx,0.72
1255,a,12467,23685,zweih,1.6
1255,a,12467,19235,BELCHONOKK,1.22
1255,a,12467,22471,xiELO,1.13
1255,a,12467,22929,nota,1.1
1255,a,12467,13776,Jame,0.91
1255,b,4494,18850,Jimpphat,1.31
1255,b,4494,18072,torzsi,1.2
1255,b,4494,20312,xertioN,0.94
1255,b,4494,13666,Brollan,0.85
1255,b,4494,18221,Spinx,0.6
2676,b,9565,11816,ropz,2.37
2676,b,9565,18462,mezii,1.45
2676,b,9565,16693,flameZ,1.39
2676,b,9565,11893,ZywOo,1.34
2676,b,9565,7322,apEX,1.26
2676,a,6248,21809,910,1.08
2676,a,6248,21001,mzinho,0.68
2676,a,6248,20275,Techno,0.64
2676,a,6248,23402,cobrazera,0.56
2676,a,6248,20194,bLitz,0.3
1116,a,13404,8371,alex,1.36
1116,a,13404,9254,mopoz,1.12
1116,a,13404,18749,sausol,1.12
1116,a,13404,21239,MartinezSa,0.96
1116,a,13404,19509,dav1g,0.93
1116,b,12394,20357,d1Ledez,1.36
1116,b,12394,21667,Magnojez,1.09
1116,b,12394,11840,Boombl4,0.93
1116,b,12394,18506,S1ren,0.88
1116,b,12394,21348,ArtFr0st,0.81
1716,b,4494,18221,Spinx,1.42
1716,b,4494,18072,torzsi,1.38
1716,b,4494,20312,xertioN,1.22
1716,b,4494,13666,Brollan,1.16
1716,b,4494,18850,Jimpphat,0.63
1716,a,6248,21001,mzinho,1.19
1716,a,6248,20275,Techno,1.15
1716,a,6248,21809,910,1.13
1716,a,6248,20194,bLitz,0.85
1716,a,6248,23402,cobrazera,0.63
1292,a,12467,19235,BELCHONOKK,1.08
1292,a,12467,23685,zweih,1.04
1292,a,12467,22471,xiELO,0.97
1292,a,12467,13776,Jame,0.95
1292,a,12467,22929,nota,0.73
1292,b,9565,16693,flameZ,1.63
1292,b,9565,11893,ZywOo,1.28
1292,b,9565,11816,ropz,1.03
1292,b,9565,18462,mezii,0.95
1292,b,9565,7322,apEX,0.91
1463,b,12878,8918,electroNic,1.19
1463,b,12878,7998,s1mple,1.11
1463,b,12878,630,MUTiRiS,1.09
1463,b,12878,22807,aragornN,0.76
1463,b,12878,23140,krazy,0.72
1463,a,13501,9656,hAdji,1.8
1463,a,13501,16080,dycha,1.6
1463,a,13501,20889,7Kick,1.44
1463,a,13501,19698,adamS,1.04
1463,a,13501,8311,nEMANHA,0.57
655,a,13404,18749,sausol,1.24
655,a,13404,9254,mopoz,0.9
655,a,13404,21239,MartinezSa,0.7
655,a,13404,19509,dav1g,0.66
655,a,13404,8371,alex,0.59
655,b,11581,16612,n0rb3r7,2.01
655,b,11581,21385,mizu,1.71
655,b,11581,19823,dukefissura,1.05
655,b,11581,21692,kAlash,1.05
655,b,11581,24806,frontales,0.86
1567,b,9928,22279,PR,1.58
1567,b,9928,20301,Tauson,1.51
1567,b,9928,9278,REZ,1.23
1567,b,9928,23766,hypex,1.22
1567,b,9928,2553,Snax,0.91
1567,a,13501,8311,nEMANHA,1.38
1567,a,13501,16080,dycha,0.92
1567,a,13501,19698,adamS,0.9
1567,a,13501,20889,7Kick,0.7
1567,a,13501,9656,hAdji,0.66
1464,b,12878,8918,electroNic,1.56
1464,b,12878,7998,s1mple,0.95
1464,b,12878,22807,aragornN,0.95
1464,b,12878,630,MUTiRiS,0.91
1464,b,12878,23140,krazy,0.63
1464,a,13501,9656,hAdji,1.27
1464,a,13501,16080,dycha,1.18
1464,a,13501,8311,nEMANHA,1.17
1464,a,13501,20889,7Kick,1.06
1464,a,13501,19698,adamS,1.05
1568,b,9928,23766,hypex,1.88
1568,b,9928,9278,REZ,1.49
1568,b,9928,22279,PR,1.26
1568,b,9928,20301,Tauson,1.21
1568,b,9928,2553,Snax,0.91
1568,a,13501,20889,7Kick,1.2
1568,a,13501,19698,adamS,1.05
1568,a,13501,9656,hAdji,0.81
1568,a,13501,16080,dycha,0.71
1568,a,13501,8311,nEMANHA,0.54
1446,b,7175,22047,yxngstxr,1.62
1446,b,7175,21983,Chr1zN,1.03
1446,b,7175,19187,xfl0ud,0.94
1446,b,7175,20119,nilo,0.88
1446,b,7175,21163,susp,0.7
1446,a,12774,11140,INS,1.41
1446,a,12774,20462,story,1.26
1446,a,12774,17384,Vexite,1.1
1446,a,12774,4679,jks,0.96
1446,a,12774,18214,nettik,0.82
2807,b,7175,22047,yxngstxr,1.38
2807,b,7175,19187,xfl0ud,1.23
2807,b,7175,21163,susp,1.12
2807,b,7175,20119,nilo,1.08
2807,b,7175,21983,Chr1zN,0.92
2807,a,6673,7687,nitr0,0.96
2807,a,6673,13249,oSee,0.96
2807,a,6673,13578,Grim,0.92
2807,a,6673,8711,Sonic,0.89
2807,a,6673,16717,br0,0.6
773,a,6665,21217,ryu,1.57
773,a,6665,16726,phzy,1.53
773,a,6665,10096,HooXi,1.23
773,a,6665,20304,Staehr,1.18
773,a,6665,17956,jabbi,0.77
773,b,11811,19015,Bymas,1.18
773,b,11811,21816,Gizmy,0.82
773,b,11811,17145,Rainwaker,0.73
773,b,11811,19926,afro,0.72
773,b,11811,22106,AZUWU,0.64
1307,b,4411,23372,xKacpersky,1.24
1307,b,4411,922,Snappi,0.95
1307,b,4411,24283,cairne,0.84
1307,b,4411,20425,r1nkle,0.65
1307,b,4411,14148,sjuush,0.64
1307,a,12468,19045,latto,1.71
1307,a,12468,22965,saadzin,1.3
1307,a,12468,15698,dumau,1.28
1307,a,12468,19686,n1ssim,1.02
1307,a,12468,12521,arT,0.97
1035,a,13286,20761,lauNX,1.75
1035,a,13286,23553,dziugss,1.57
1035,a,13286,20584,dem0n,1.49
1035,a,13286,22674,cmtry,1.2
1035,a,13286,22203,Krabeni,0.95
1035,b,12376,22921,Lake,0.94
1035,b,12376,16599,Swisher,0.82
1035,b,12376,20104,s1n,0.64
1035,b,12376,21665,JBa,0.55
1035,b,12376,15370,slaxz-,0.42
1949,a,4914,19739,Ex3rcice,1.31
1949,a,4914,13497,Lucky,1.12
1949,a,4914,14176,misutaaa,0.91
1949,a,4914,21969,Graviti,0.73
1949,a,4914,13138,Maka,0.67
1949,b,4773,19694,nqz,1.57
1949,b,4773,20171,snow,1.48
1949,b,4773,18714,piriajr,1.06
1949,b,4773,16816,vsm,0.97
1949,b,4773,18141,biguzera,0.81
1215,b,5973,16820,siuhy,1.24
1215,b,5973,9436,NertZ,1.06
1215,b,5973,21763,ultimate,0.99
1215,b,5973,8520,NAF,0.89
1215,b,5973,8738,EliGE,0.77
1215,a,12426,19869,try,1.45
1215,a,12426,20903,Senzu,1.43
1215,a,12426,21452,Kvem,1.13
1215,a,12426,21620,nicx,0.89
1215,a,12426,11630,JT,0.79
2990,b,9215,23192,kl1m,1.21
2990,b,9215,20987,brnz4n,1.18
2990,b,9215,21037,insani,1.15
2990,b,9215,19310,LNZ,0.79
2990,b,9215,21288,venomzera,0.51
2990,a,9455,22564,noway,1.32
2990,a,9455,22371,levi,1.25
2990,a,9455,12822,VINI,1.12
2990,a,9455,20183,decenty,0.97
2990,a,9455,10566,chelo,0.76
2713,a,7175,22047,yxngstxr,1.34
2713,a,7175,19187,xfl0ud,0.87
2713,a,7175,21163,susp,0.79
2713,a,7175,21983,Chr1zN,0.78
2713,a,7175,20119,nilo,0.76
2713,b,6665,20304,Staehr,1.37
2713,b,6665,17956,jabbi,1.3
2713,b,6665,10096,HooXi,1.06
2713,b,6665,21217,ryu,1.05
2713,b,6665,16726,phzy,0.93
777,a,6673,16717,br0,1.31
777,a,6673,13249,oSee,1.19
777,a,6673,7687,nitr0,0.93
777,a,6673,8711,Sonic,0.93
777,a,6673,13578,Grim,0.73
777,b,11811,19015,Bymas,2.11
777,b,11811,21816,Gizmy,0.96
777,b,11811,19926,afro,0.93
777,b,11811,17145,Rainwaker,0.85
777,b,11811,22106,AZUWU,0.74
1260,b,12467,22929,nota,1.74
1260,b,12467,23685,zweih,1.39
1260,b,12467,19235,BELCHONOKK,1.22
1260,b,12467,13776,Jame,1.18
1260,b,12467,22471,xiELO,0.56
1260,a,4773,16816,vsm,1.09
1260,a,4773,19694,nqz,1.01
1260,a,4773,18141,biguzera,0.79
1260,a,4773,20171,snow,0.77
1260,a,4773,18714,piriajr,0.75
1037,a,4411,23372,xKacpersky,1.27
1037,a,4411,14148,sjuush,1.08
1037,a,4411,20425,r1nkle,1.03
1037,a,4411,24283,cairne,0.81
1037,a,4411,922,Snappi,0.57
1037,b,12376,15370,slaxz-,1.87
1037,b,12376,21665,JBa,1.27
1037,b,12376,20104,s1n,1.11
1037,b,12376,22921,Lake,0.91
1037,b,12376,16599,Swisher,0.76
1200,b,12426,20903,Senzu,1.26
1200,b,12426,19869,try,1.01
1200,b,12426,21452,Kvem,0.85
1200,b,12426,21620,nicx,0.82
1200,b,12426,11630,JT,0.63
1200,a,13286,22203,Krabeni,1.41
1200,a,13286,20761,lauNX,1.22
1200,a,13286,22674,cmtry,1.21
1200,a,13286,23553,dziugss,0.97
1200,a,13286,20584,dem0n,0.77
1333,b,5995,19164,SunPayus,1.03
1333,b,5995,21062,MATYS,0.92
1333,b,5995,11617,malbsMd,0.91
1333,b,5995,20447,HeavyGod,0.77
1333,b,5995,3972,huNter-,0.75
1333,a,12468,19686,n1ssim,1.78
1333,a,12468,12521,arT,1.5
1333,a,12468,15698,dumau,1.11
1333,a,12468,22965,saadzin,1.05
1333,a,12468,19045,latto,0.93
779,b,7175,22047,yxngstxr,1.28
779,b,7175,21163,susp,1.13
779,b,7175,21983,Chr1zN,1.08
779,b,7175,20119,nilo,0.94
779,b,7175,19187,xfl0ud,0.88
779,a,11811,21816,Gizmy,1.34
779,a,11811,17145,Rainwaker,1.29
779,a,11811,19015,Bymas,1.15
779,a,11811,19926,afro,1.11
779,a,11811,22106,AZUWU,0.87
1522,b,13286,20761,lauNX,1.42
1522,b,13286,22203,Krabeni,1.41
1522,b,13286,23553,dziugss,1.03
1522,b,13286,22674,cmtry,0.99
1522,b,13286,20584,dem0n,0.9
1522,a,6665,20304,Staehr,1.53
1522,a,6665,16726,phzy,1.3
1522,a,6665,10096,HooXi,0.89
1522,a,6665,17956,jabbi,0.77
1522,a,6665,21217,ryu,0.65
1238,b,12467,23685,zweih,1.48
1238,b,12467,19235,BELCHONOKK,1.05
1238,b,12467,22471,xiELO,0.89
1238,b,12467,13776,Jame,0.78
1238,b,12467,22929,nota,0.48
1238,a,12468,19045,latto,1.42
1238,a,12468,19686,n1ssim,1.27
1238,a,12468,22965,saadzin,1.26
1238,a,12468,15698,dumau,1.01
1238,a,12468,12521,arT,0.73
1208,a,4773,18714,piriajr,1.65
1208,a,4773,19694,nqz,1.28
1208,a,4773,16816,vsm,0.97
1208,a,4773,20171,snow,0.95
1208,a,4773,18141,biguzera,0.87
1208,b,12426,21620,nicx,1.18
1208,b,12426,21452,Kvem,1.16
1208,b,12426,19869,try,0.83
1208,b,12426,11630,JT,0.75
1208,b,12426,20903,Senzu,0.64
1068,b,5995,19164,SunPayus,1.33
1068,b,5995,11617,malbsMd,1.3
1068,b,5995,3972,huNter-,1.26
1068,b,5995,21062,MATYS,1.06
1068,b,5995,20447,HeavyGod,1.0
1068,a,12376,21665,JBa,1.43
1068,a,12376,15370,slaxz-,1.12
1068,a,12376,22921,Lake,0.73
1068,a,12376,16599,Swisher,0.68
1068,a,12376,20104,s1n,0.67
1633,a,4411,23372,xKacpersky,1.54
1633,a,4411,24283,cairne,1.21
1633,a,4411,14148,sjuush,1.07
1633,a,4411,20425,r1nkle,1.05
1633,a,4411,922,Snappi,0.75
1633,b,6673,13249,oSee,1.25
1633,b,6673,13578,Grim,1.08
1633,b,6673,8711,Sonic,1.03
1633,b,6673,16717,br0,0.96
1633,b,6673,7687,nitr0,0.84
2208,a,4914,14176,misutaaa,0.9
2208,a,4914,21969,Graviti,0.89
2208,a,4914,13138,Maka,0.84
2208,a,4914,13497,Lucky,0.78
2208,a,4914,19739,Ex3rcice,0.53
2208,b,6665,21217,ryu,1.77
2208,b,6665,17956,jabbi,1.51
2208,b,6665,20304,Staehr,1.23
2208,b,6665,16726,phzy,1.21
2208,b,6665,10096,HooXi,1.0
735,a,12467,22471,xiELO,1.0
735,a,12467,23685,zweih,0.8
735,a,12467,22929,nota,0.69
735,a,12467,13776,Jame,0.69
735,a,12467,19235,BELCHONOKK,0.59
735,b,11811,19015,Bymas,1.65
735,b,11811,19926,afro,1.32
735,b,11811,17145,Rainwaker,1.07
735,b,11811,21816,Gizmy,0.9
735,b,11811,22106,AZUWU,0.86
1227,b,7175,19187,xfl0ud,1.5
1227,b,7175,21163,susp,1.35
1227,b,7175,20119,nilo,1.18
1227,b,7175,22047,yxngstxr,0.95
1227,b,7175,21983,Chr1zN,0.91
1227,a,12426,20903,Senzu,1.09
1227,a,12426,19869,try,0.89
1227,a,12426,21620,nicx,0.85
1227,a,12426,11630,JT,0.83
1227,a,12426,21452,Kvem,0.81
1968,b,5995,20447,HeavyGod,1.4
1968,b,5995,21062,MATYS,1.01
1968,b,5995,19164,SunPayus,0.8
1968,b,5995,11617,malbsMd,0.73
1968,b,5995,3972,huNter-,0.61
1968,a,4773,19694,nqz,1.93
1968,a,4773,16816,vsm,1.28
1968,a,4773,18714,piriajr,1.18
1968,a,4773,18141,biguzera,0.93
1968,a,4773,20171,snow,0.67
1061,a,5973,9436,NertZ,1.58
1061,a,5973,8738,EliGE,1.49
1061,a,5973,8520,NAF,1.25
1061,a,5973,21763,ultimate,0.86
1061,a,5973,16820,siuhy,0.86
1061,b,12376,21665,JBa,1.17
1061,b,12376,20104,s1n,1.08
1061,b,12376,16599,Swisher,1.03
1061,b,12376,15370,slaxz-,0.84
1061,b,12376,22921,Lake,0.72
1281,b,12467,13776,Jame,1.1
1281,b,12467,23685,zweih,0.9
1281,b,12467,19235,BELCHONOKK,0.69
1281,b,12467,22929,nota,0.51
1281,b,12467,22471,xiELO,0.47
1281,a,7175,19187,xfl0ud,2.28
1281,a,7175,21163,susp,1.78
1281,a,7175,20119,nilo,1.02
1281,a,7175,22047,yxngstxr,1.0
1281,a,7175,21983,Chr1zN,0.76
1617,b,5995,21062,MATYS,1.91
1617,b,5995,3972,huNter-,1.1
1617,b,5995,19164,SunPayus,1.09
1617,b,5995,11617,malbsMd,0.89
1617,b,5995,20447,HeavyGod,0.8
1617,a,4411,14148,sjuush,1.46
1617,a,4411,922,Snappi,1.15
1617,a,4411,24283,cairne,0.86
1617,a,4411,20425,r1nkle,0.69
1617,a,4411,23372,xKacpersky,0.66
2178,b,4914,14176,misutaaa,1.91
2178,b,4914,13497,Lucky,1.59
2178,b,4914,19739,Ex3rcice,1.37
2178,b,4914,13138,Maka,1.15
2178,b,4914,21969,Graviti,0.32
2178,a,5973,21763,ultimate,1.39
2178,a,5973,9436,NertZ,1.09
2178,a,5973,8520,NAF,1.01
2178,a,5973,8738,EliGE,0.96
2178,a,5973,16820,siuhy,0.31
749,a,4608,22673,makazze,1.8
749,a,4608,18987,b1t,1.18
749,a,4608,20127,w0nderful,1.09
749,a,4608,9816,Aleksib,1.08
749,a,4608,14759,iM,1.01
749,b,11811,19015,Bymas,1.07
749,b,11811,17145,Rainwaker,0.99
749,b,11811,19926,afro,0.92
749,b,11811,22106,AZUWU,0.85
749,b,11811,21816,Gizmy,0.68
1524,b,13286,20761,lauNX,1.1
1524,b,13286,20584,dem0n,0.73
1524,b,13286,23553,dziugss,0.6
1524,b,13286,22203,Krabeni,0.5
1524,b,13286,22674,cmtry,0.34
1524,a,6665,20304,Staehr,2.03
1524,a,6665,21217,ryu,1.79
1524,a,6665,16726,phzy,1.54
1524,a,6665,17956,jabbi,1.53
1524,a,6665,10096,HooXi,0.81
811,b,11861,7938,XANTARES,1.35
811,b,11861,8574,woxic,1.35
811,b,11861,20968,soulfly,1.09
811,b,11861,150,MAJ3R,1.01
811,b,11861,21243,Wicadia,0.9
811,a,12468,19686,n1ssim,1.55
811,a,12468,22965,saadzin,1.0
811,a,12468,15698,dumau,0.93
811,a,12468,19045,latto,0.86
811,a,12468,12521,arT,0.44
2218,b,7020,21167,donk,1.58
2218,b,7020,18317,magixx,1.3
2218,b,7020,20423,zont1x,1.24
2218,b,7020,16920,sh1ro,1.15
2218,b,7020,19808,tN1R,1.08
2218,a,4914,13138,Maka,1.13
2218,a,4914,21969,Graviti,0.92
2218,a,4914,14176,misutaaa,0.84
2218,a,4914,13497,Lucky,0.78
2218,a,4914,19739,Ex3rcice,0.39
2552,b,5995,11617,malbsMd,1.77
2552,b,5995,19164,SunPayus,1.47
2552,b,5995,21062,MATYS,1.03
2552,b,5995,20447,HeavyGod,0.83
2552,b,5995,3972,huNter-,0.54
2552,a,6667,9960,frozen,1.2
2552,a,6667,10394,Twistzz,1.05
2552,a,6667,18053,broky,0.93
2552,a,6667,22383,jcobbb,0.76
2552,a,6667,429,karrigan,0.62
1764,a,4494,18850,Jimpphat,2.23
1764,a,4494,18221,Spinx,1.73
1764,a,4494,13666,Brollan,1.61
1764,a,4494,20312,xertioN,1.25
1764,a,4494,18072,torzsi,0.74
1764,b,7175,22047,yxngstxr,1.0
1764,b,7175,19187,xfl0ud,0.91
1764,b,7175,20119,nilo,0.8
1764,b,7175,21163,susp,0.57
1764,b,7175,21983,Chr1zN,0.44
1978,b,6248,21001,mzinho,1.72
1978,b,6248,20275,Techno,1.24
1978,b,6248,20194,bLitz,1.09
1978,b,6248,23402,cobrazera,1.01
1978,b,6248,21809,910,0.87
1978,a,4773,16816,vsm,1.17
1978,a,4773,18714,piriajr,1.09
1978,a,4773,18141,biguzera,1.0
1978,a,4773,19694,nqz,0.84
1978,a,4773,20171,snow,0.63
320,b,8297,24144,molodoy,1.34
320,b,8297,15631,KSCERATO,1.12
320,b,8297,13915,YEKINDAR,0.73
320,b,8297,12553,yuurih,0.7
320,b,8297,2023,FalleN,0.57
320,a,11241,22842,kensizor,1.72
320,a,11241,23643,esenthial,1.48
320,a,11241,25619,s1zzi,1.21
320,a,11241,21708,npl,1.1
320,a,11241,20112,alex666,0.96
1994,b,6667,22383,jcobbb,1.25
1994,b,6667,9960,frozen,1.12
1994,b,6667,10394,Twistzz,0.67
1994,b,6667,429,karrigan,0.54
1994,b,6667,18053,broky,0.48
1994,a,4773,19694,nqz,2.04
1994,a,4773,18714,piriajr,1.83
1994,a,4773,16816,vsm,1.57
1994,a,4773,18141,biguzera,0.84
1994,a,4773,20171,snow,0.76
866,b,6248,20194,bLitz,1.25
866,b,6248,20275,Techno,1.2
866,b,6248,21809,910,1.0
866,b,6248,23402,cobrazera,0.88
866,b,6248,21001,mzinho,0.81
866,a,11861,21243,Wicadia,1.43
866,a,11861,20968,soulfly,1.28
866,a,11861,7938,XANTARES,1.23
866,a,11861,8574,woxic,0.68
866,a,11861,150,MAJ3R,0.62
1854,a,4608,20127,w0nderful,1.16
1854,a,4608,22673,makazze,1.05
1854,a,4608,14759,iM,1.01
1854,a,4608,18987,b1t,1.0
1854,a,4608,9816,Aleksib,0.46
1854,b,5995,19164,SunPayus,1.85
1854,b,5995,21062,MATYS,1.29
1854,b,5995,3972,huNter-,1.18
1854,b,5995,11617,malbsMd,1.09
1854,b,5995,20447,HeavyGod,0.94
737,b,12468,19045,latto,1.6
737,b,12468,19686,n1ssim,1.47
737,b,12468,15698,dumau,1.4
737,b,12468,22965,saadzin,1.29
737,b,12468,12521,arT,0.91
737,a,11811,19926,afro,1.2
737,a,11811,17145,Rainwaker,0.95
737,a,11811,22106,AZUWU,0.69
737,a,11811,21816,Gizmy,0.67
737,a,11811,19015,Bymas,0.44
1724,a,4494,20312,xertioN,1.84
1724,a,4494,18072,torzsi,1.57
1724,a,4494,18221,Spinx,1.56
1724,a,4494,18850,Jimpphat,1.08
1724,a,4494,13666,Brollan,0.97
1724,b,6665,17956,jabbi,1.18
1724,b,6665,20304,Staehr,1.09
1724,b,6665,10096,HooXi,0.94
1724,b,6665,21217,ryu,0.57
1724,b,6665,16726,phzy,0.47
1532,b,13286,22203,Krabeni,2.41
1532,b,13286,20584,dem0n,1.62
1532,b,13286,20761,lauNX,1.58
1532,b,13286,22674,cmtry,1.08
1532,b,13286,23553,dziugss,0.74
1532,a,7175,22047,yxngstxr,0.8
1532,a,7175,21983,Chr1zN,0.67
1532,a,7175,19187,xfl0ud,0.59
1532,a,7175,20119,nilo,0.58
1532,a,7175,21163,susp,0.44
2235,b,8297,13915,YEKINDAR,1.2
2235,b,8297,12553,yuurih,1.09
2235,b,8297,15631,KSCERATO,1.06
2235,b,8297,24144,molodoy,0.87
2235,b,8297,2023,FalleN,0.69
2235,a,4914,14176,misutaaa,1.44
2235,a,4914,13497,Lucky,1.22
2235,a,4914,13138,Maka,1.09
2235,a,4914,21969,Graviti,1.06
2235,a,4914,19739,Ex3rcice,0.74
303,a,7020,16920,sh1ro,1.97
303,a,7020,20423,zont1x,1.46
303,a,7020,18317,magixx,1.32
303,a,7020,21167,donk,1.24
303,a,7020,19808,tN1R,0.94
303,b,11241,21708,npl,0.96
303,b,11241,23643,esenthial,0.9
303,b,11241,25619,s1zzi,0.82
303,b,11241,20112,alex666,0.73
303,b,11241,22842,kensizor,0.55
836,a,4773,16816,vsm,1.12
836,a,4773,18714,piriajr,0.95
836,a,4773,18141,biguzera,0.95
836,a,4773,19694,nqz,0.82
836,a,4773,20171,snow,0.74
836,b,11861,21243,Wicadia,1.44
836,b,11861,8574,woxic,1.31
836,b,11861,7938,XANTARES,1.31
836,b,11861,20968,soulfly,1.29
836,b,11861,150,MAJ3R,1.2
776,b,6667,9960,frozen,1.22
776,b,6667,18053,broky,1.09
776,b,6667,10394,Twistzz,1.07
776,b,6667,429,karrigan,1.04
776,b,6667,22383,jcobbb,0.88
776,a,11811,19926,afro,1.39
776,a,11811,17145,Rainwaker,1.17
776,a,11811,19015,Bymas,1.06
776,a,11811,22106,AZUWU,0.93
776,a,11811,21816,Gizmy,0.9
1510,b,13286,20584,dem0n,1.29
1510,b,13286,22674,cmtry,1.09
1510,b,13286,23553,dziugss,1.07
1510,b,13286,22203,Krabeni,0.91
1510,b,13286,20761,lauNX,0.79
1510,a,4914,13497,Lucky,1.22
1510,a,4914,13138,Maka,1.13
1510,a,4914,21969,Graviti,0.97
1510,a,4914,14176,misutaaa,0.92
1510,a,4914,19739,Ex3rcice,0.82
269,b,4608,18987,b1t,1.55
269,b,4608,22673,makazze,1.33
269,b,4608,9816,Aleksib,1.3
269,b,4608,14759,iM,1.26
269,b,4608,20127,w0nderful,1.04
269,a,11241,22842,kensizor,1.37
269,a,11241,23643,esenthial,0.73
269,a,11241,21708,npl,0.68
269,a,11241,20112,alex666,0.64
269,a,11241,25619,s1zzi,0.64
1342,a,12468,19686,n1ssim,1.39
1342,a,12468,22965,saadzin,1.36
1342,a,12468,12521,arT,1.32
1342,a,12468,15698,dumau,1.19
1342,a,12468,19045,latto,0.97
1342,b,6665,20304,Staehr,1.24
1342,b,6665,16726,phzy,1.06
1342,b,6665,21217,ryu,1.06
1342,b,6665,17956,jabbi,0.99
1342,b,6665,10096,HooXi,0.56
1718,b,4494,18850,Jimpphat,1.34
1718,b,4494,18221,Spinx,1.3
1718,b,4494,13666,Brollan,1.08
1718,b,4494,18072,torzsi,1.07
1718,b,4494,20312,xertioN,0.72
1718,a,6248,21001,mzinho,1.74
1718,a,6248,21809,910,1.02
1718,a,6248,20194,bLitz,0.96
1718,a,6248,23402,cobrazera,0.71
1718,a,6248,20275,Techno,0.6
2881,b,8297,12553,yuurih,1.49
2881,b,8297,15631,KSCERATO,1.16
2881,b,8297,2023,FalleN,1.13
2881,b,8297,13915,YEKINDAR,1.11
2881,b,8297,24144,molodoy,0.98
2881,a,7175,19187,xfl0ud,1.27
2881,a,7175,21163,susp,1.0
2881,a,7175,21983,Chr1zN,0.92
2881,a,7175,20119,nilo,0.68
2881,a,7175,22047,yxngstxr,0.62
2567,a,7020,16920,sh1ro,1.59
2567,a,7020,20423,zont1x,1.44
2567,a,7020,18317,magixx,1.13
2567,a,7020,21167,donk,1.05
2567,a,7020,19808,tN1R,0.53
2567,b,5995,19164,SunPayus,1.37
2567,b,5995,20447,HeavyGod,1.15
2567,b,5995,21062,MATYS,1.03
2567,b,5995,3972,huNter-,0.77
2567,b,5995,11617,malbsMd,0.68
257,b,13286,20584,dem0n,2.08
257,b,13286,22203,Krabeni,1.89
257,b,13286,23553,dziugss,1.57
257,b,13286,20761,lauNX,1.31
257,b,13286,22674,cmtry,0.87
257,a,11241,21708,npl,1.15
257,a,11241,22842,kensizor,0.89
257,a,11241,20112,alex666,0.8
257,a,11241,23643,esenthial,0.52
257,a,11241,25619,s1zzi,0.25
2202,b,6248,23402,cobrazera,1.64
2202,b,6248,21809,910,1.35
2202,b,6248,21001,mzinho,1.21
2202,b,6248,20194,bLitz,0.92
2202,b,6248,20275,Techno,0.66
2202,a,4914,14176,misutaaa,1.18
2202,a,4914,13138,Maka,1.1
2202,a,4914,19739,Ex3rcice,1.06
2202,a,4914,21969,Graviti,0.86
2202,a,4914,13497,Lucky,0.78
1315,b,4608,14759,iM,1.27
1315,b,4608,9816,Aleksib,1.16
1315,b,4608,20127,w0nderful,1.01
1315,b,4608,22673,makazze,0.93
1315,b,4608,18987,b1t,0.9
1315,a,12468,22965,saadzin,1.33
1315,a,12468,12521,arT,1.2
1315,a,12468,15698,dumau,1.16
1315,a,12468,19686,n1ssim,0.93
1315,a,12468,19045,latto,0.77
2698,a,6665,17956,jabbi,1.46
2698,a,6665,20304,Staehr,1.31
2698,a,6665,16726,phzy,1.18
2698,a,6665,21217,ryu,1.08
2698,a,6665,10096,HooXi,0.76
2698,b,6667,9960,frozen,1.63
2698,b,6667,18053,broky,0.92
2698,b,6667,22383,jcobbb,0.92
2698,b,6667,429,karrigan,0.87
2698,b,6667,10394,Twistzz,0.78
2018,b,8297,24144,molodoy,1.72
2018,b,8297,12553,yuurih,1.31
2018,b,8297,15631,KSCERATO,1.3
2018,b,8297,13915,YEKINDAR,1.3
2018,b,8297,2023,FalleN,0.67
2018,a,4773,19694,nqz,1.08
2018,a,4773,20171,snow,1.0
2018,a,4773,18141,biguzera,0.87
2018,a,4773,16816,vsm,0.67
2018,a,4773,18714,piriajr,0.62
855,b,5995,19164,SunPayus,1.39
855,b,5995,20447,HeavyGod,1.32
855,b,5995,21062,MATYS,1.09
855,b,5995,11617,malbsMd,0.93
855,b,5995,3972,huNter-,0.54
855,a,11861,8574,woxic,1.46
855,a,11861,7938,XANTARES,1.33
855,a,11861,20968,soulfly,1.15
855,a,11861,21243,Wicadia,0.9
855,a,11861,150,MAJ3R,0.75
1823,b,4608,9816,Aleksib,1.61
1823,b,4608,20127,w0nderful,1.4
1823,b,4608,18987,b1t,1.37
1823,b,4608,14759,iM,1.33
1823,b,4608,22673,makazze,1.2
1823,a,4914,19739,Ex3rcice,1.03
1823,a,4914,13138,Maka,0.99
1823,a,4914,14176,misutaaa,0.86
1823,a,4914,13497,Lucky,0.54
1823,a,4914,21969,Graviti,0.35
1516,a,5995,11617,malbsMd,1.26
1516,a,5995,21062,MATYS,1.23
1516,a,5995,19164,SunPayus,0.97
1516,a,5995,3972,huNter-,0.91
1516,a,5995,20447,HeavyGod,0.89
1516,b,13286,20761,lauNX,1.32
1516,b,13286,23553,dziugss,1.14
1516,b,13286,22674,cmtry,1.03
1516,b,13286,22203,Krabeni,0.98
1516,b,13286,20584,dem0n,0.55
2727,b,8297,15631,KSCERATO,1.09
2727,b,8297,13915,YEKINDAR,0.81
2727,b,8297,24144,molodoy,0.76
2727,b,8297,2023,FalleN,0.54
2727,b,8297,12553,yuurih,0.4
2727,a,6665,20304,Staehr,2.25
2727,a,6665,16726,phzy,1.4
2727,a,6665,17956,jabbi,1.19
2727,a,6665,10096,HooXi,1.12
2727,a,6665,21217,ryu,1.05
1866,b,6248,23402,cobrazera,1.21
1866,b,6248,20275,Techno,0.73
1866,b,6248,20194,bLitz,0.6
1866,b,6248,21001,mzinho,0.54
1866,b,6248,21809,910,0.54
1866,a,4608,22673,makazze,2.35
1866,a,4608,14759,iM,1.59
1866,a,4608,18987,b1t,1.31
1866,a,4608,20127,w0nderful,1.21
1866,a,4608,9816,Aleksib,0.91
812,b,12468,15698,dumau,0.98
812,b,12468,19045,latto,0.93
812,b,12468,12521,arT,0.77
812,b,12468,19686,n1ssim,0.66
812,b,12468,22965,saadzin,0.57
812,a,11861,21243,Wicadia,1.68
812,a,11861,150,MAJ3R,1.68
812,a,11861,7938,XANTARES,1.33
812,a,11861,8574,woxic,1.17
812,a,11861,20968,soulfly,0.9
1502,b,4494,18221,Spinx,1.34
1502,b,4494,18072,torzsi,1.12
1502,b,4494,18850,Jimpphat,1.05
1502,b,4494,20312,xertioN,0.88
1502,b,4494,13666,Brollan,0.73
1502,a,13286,23553,dziugss,1.4
1502,a,13286,20584,dem0n,1.32
1502,a,13286,22203,Krabeni,1.02
1502,a,13286,20761,lauNX,0.98
1502,a,13286,22674,cmtry,0.96
1375,a,12878,22807,aragornN,1.14
1375,a,12878,8918,electroNic,0.9
1375,a,12878,7998,s1mple,0.88
1375,a,12878,630,MUTiRiS,0.8
1375,a,12878,23140,krazy,0.6
1375,b,12474,16487,eraa,1.58
1375,b,12474,22760,upE,1.41
1375,b,12474,7443,twist,1.39
1375,b,12474,24083,MaiL09,1.34
1375,b,12474,22860,avid,1.23
2707,b,6665,16726,phzy,1.8
2707,b,6665,17956,jabbi,1.5
2707,b,6665,21217,ryu,1.33
2707,b,6665,10096,HooXi,1.17
2707,b,6665,20304,Staehr,0.91
2707,a,7020,19808,tN1R,1.21
2707,a,7020,18317,magixx,0.95
2707,a,7020,21167,donk,0.78
2707,a,7020,16920,sh1ro,0.69
2707,a,7020,20423,zont1x,0.57
1503,b,4608,14759,iM,1.78
1503,b,4608,22673,makazze,1.74
1503,b,4608,18987,b1t,1.09
1503,b,4608,9816,Aleksib,0.89
1503,b,4608,20127,w0nderful,0.86
1503,a,13286,22203,Krabeni,1.15
1503,a,13286,22674,cmtry,0.85
1503,a,13286,20761,lauNX,0.85
1503,a,13286,20584,dem0n,0.78
1503,a,13286,23553,dziugss,0.68
873,b,11861,21243,Wicadia,1.79
873,b,11861,150,MAJ3R,1.39
873,b,11861,8574,woxic,1.2
873,b,11861,7938,XANTARES,1.09
873,b,11861,20968,soulfly,0.62
873,a,6665,16726,phzy,1.16
873,a,6665,20304,Staehr,1.15
873,a,6665,17956,jabbi,1.14
873,a,6665,10096,HooXi,0.68
873,a,6665,21217,ryu,0.51
1525,a,13286,20584,dem0n,1.18
1525,a,13286,23553,dziugss,1.06
1525,a,13286,20761,lauNX,0.99
1525,a,13286,22203,Krabeni,0.72
1525,a,13286,22674,cmtry,0.66
1525,b,6665,20304,Staehr,1.78
1525,b,6665,16726,phzy,1.54
1525,b,6665,17956,jabbi,1.22
1525,b,6665,10096,HooXi,0.8
1525,b,6665,21217,ryu,0.77
1377,b,4411,922,Snappi,1.77
1377,b,4411,23372,xKacpersky,1.61
1377,b,4411,14148,sjuush,1.37
1377,b,4411,24283,cairne,1.31
1377,b,4411,20425,r1nkle,1.28
1377,a,12474,7443,twist,1.38
1377,a,12474,22760,upE,0.7
1377,a,12474,24083,MaiL09,0.61
1377,a,12474,16487,eraa,0.44
1377,a,12474,22860,avid,0.36
833,a,4608,18987,b1t,1.29
833,a,4608,20127,w0nderful,1.28
833,a,4608,22673,makazze,1.27
833,a,4608,14759,iM,1.19
833,a,4608,9816,Aleksib,0.69
833,b,11861,20968,soulfly,1.14
833,b,11861,150,MAJ3R,1.07
833,b,11861,8574,woxic,0.93
833,b,11861,21243,Wicadia,0.79
833,b,11861,7938,XANTARES,0.56
1379,b,5973,16820,siuhy,1.35
1379,b,5973,8738,EliGE,1.05
1379,b,5973,21763,ultimate,0.93
1379,b,5973,8520,NAF,0.82
1379,b,5973,19206,jL,0.64
1379,a,12474,22760,upE,1.64
1379,a,12474,24083,MaiL09,1.35
1379,a,12474,16487,eraa,1.12
1379,a,12474,7443,twist,0.97
1379,a,12474,22860,avid,0.93
544,b,11283,12018,TeSeS,1.37
544,b,11283,19677,kyxsan,1.21
544,b,11283,19230,m0NESY,1.09
544,b,11283,25432,NucleonZ,1.08
544,b,11283,3741,NiKo,1.04
544,a,6673,8711,Sonic,2.08
544,a,6673,13578,Grim,1.02
544,a,6673,16717,br0,0.94
544,a,6673,13249,oSee,0.74
544,a,6673,7687,nitr0,0.72
268,b,4608,22673,makazze,1.9
268,b,4608,14759,iM,1.46
268,b,4608,9816,Aleksib,1.01
268,b,4608,20127,w0nderful,0.94
268,b,4608,18987,b1t,0.75
268,a,11241,22842,kensizor,1.04
268,a,11241,21708,npl,0.97
268,a,11241,23643,esenthial,0.74
268,a,11241,20112,alex666,0.74
268,a,11241,25619,s1zzi,0.71
879,a,6667,10394,Twistzz,2.08
879,a,6667,18053,broky,0.82
879,a,6667,9960,frozen,0.71
879,a,6667,22383,jcobbb,0.71
879,a,6667,429,karrigan,0.58
879,b,11861,8574,woxic,1.35
879,b,11861,20968,soulfly,1.21
879,b,11861,21243,Wicadia,1.2
879,b,11861,7938,XANTARES,0.94
879,b,11861,150,MAJ3R,0.7
2093,b,8297,2023,FalleN,1.34
2093,b,8297,12553,yuurih,1.34
2093,b,8297,15631,KSCERATO,1.14
2093,b,8297,24144,molodoy,0.92
2093,b,8297,13915,YEKINDAR,0.78
2093,a,4863,21621,Moseyuh,1.47
2093,a,4863,24857,Zero,1.46
2093,a,4863,20702,Jee,1.12
2093,a,4863,19645,JamYoung,0.83
2093,a,4863,20895,Mercury,0.62
1250,b,12467,23685,zweih,1.49
1250,b,12467,22929,nota,1.29
1250,b,12467,13776,Jame,1.18
1250,b,12467,22471,xiELO,1.0
1250,b,12467,19235,BELCHONOKK,0.91
1250,a,4411,24283,cairne,1.42
1250,a,4411,20425,r1nkle,0.88
1250,a,4411,14148,sjuush,0.87
1250,a,4411,922,Snappi,0.73
1250,a,4411,23372,xKacpersky,0.42
2491,b,7020,21167,donk,1.63
2491,b,7020,18317,magixx,1.08
2491,b,7020,19808,tN1R,0.95
2491,b,7020,20423,zont1x,0.92
2491,b,7020,16920,sh1ro,0.92
2491,a,5973,21763,ultimate,1.33
2491,a,5973,11617,malbsMd,1.08
2491,a,5973,8738,EliGE,1.05
2491,a,5973,8520,NAF,0.85
2491,a,5973,16820,siuhy,0.82
1717,b,4494,13666,Brollan,1.03
1717,b,4494,18850,Jimpphat,0.74
1717,b,4494,20312,xertioN,0.45
1717,b,4494,18072,torzsi,0.42
1717,b,4494,18221,Spinx,0.42
1717,a,6248,20275,Techno,2.3
1717,a,6248,21809,910,1.65
1717,a,6248,23402,cobrazera,1.41
1717,a,6248,20194,bLitz,1.27
1717,a,6248,21001,mzinho,0.83
3022,b,9565,16693,flameZ,1.79
3022,b,9565,11893,ZywOo,1.57
3022,b,9565,11816,ropz,1.3
3022,b,9565,7322,apEX,1.29
3022,b,9565,18462,mezii,0.9
3022,a,9996,20394,luchov,0.9
3022,a,9996,14737,meyern,0.76
3022,a,9996,14736,dgt,0.75
3022,a,9996,22613,HUASOPEEK,0.6
3022,a,9996,12092,max,0.54
299,a,6673,13249,oSee,1.81
299,a,6673,13578,Grim,1.53
299,a,6673,16717,br0,1.03
299,a,6673,7687,nitr0,0.85
299,a,6673,8711,Sonic,0.79
299,b,11241,21708,npl,1.15
299,b,11241,22842,kensizor,0.96
299,b,11241,25619,s1zzi,0.91
299,b,11241,23643,esenthial,0.86
299,b,11241,20112,alex666,0.83
2088,a,6667,18053,broky,1.49
2088,a,6667,429,karrigan,1.2
2088,a,6667,9960,frozen,0.96
2088,a,6667,10394,Twistzz,0.7
2088,a,6667,22383,jcobbb,0.66
2088,b,4863,21621,Moseyuh,1.3
2088,b,4863,19645,JamYoung,1.17
2088,b,4863,20895,Mercury,1.17
2088,b,4863,20702,Jee,0.92
2088,b,4863,24857,Zero,0.86
479,a,11283,12018,TeSeS,1.5
479,a,11283,19230,m0NESY,0.91
479,a,11283,3741,NiKo,0.84
479,a,11283,24177,kyousuke,0.73
479,a,11283,19677,kyxsan,0.57
479,b,4608,22673,makazze,1.47
479,b,4608,18987,b1t,1.17
479,b,4608,9816,Aleksib,1.05
479,b,4608,20127,w0nderful,1.01
479,b,4608,14759,iM,0.77
909,a,11861,7938,XANTARES,1.79
909,a,11861,21243,Wicadia,1.55
909,a,11861,150,MAJ3R,1.5
909,a,11861,20968,soulfly,1.12
909,a,11861,8574,woxic,0.66
909,b,8297,13915,YEKINDAR,1.11
909,b,8297,15631,KSCERATO,1.05
909,b,8297,24144,molodoy,0.95
909,b,8297,12553,yuurih,0.65
909,b,8297,2023,FalleN,0.46
1609,b,4411,20425,r1nkle,1.16
1609,b,4411,23372,xKacpersky,1.04
1609,b,4411,24283,cairne,0.98
1609,b,4411,922,Snappi,0.82
1609,b,4411,14148,sjuush,0.61
1609,a,5973,16820,siuhy,1.42
1609,a,5973,8738,EliGE,1.34
1609,a,5973,21763,ultimate,1.18
1609,a,5973,11617,malbsMd,0.89
1609,a,5973,8520,NAF,0.87
1810,a,4494,20312,xertioN,0.95
1810,a,4494,18072,torzsi,0.93
1810,a,4494,18221,Spinx,0.9
1810,a,4494,18850,Jimpphat,0.85
1810,a,4494,13666,Brollan,0.71
1810,b,9996,14737,meyern,1.35
1810,b,9996,14736,dgt,1.26
1810,b,9996,20394,luchov,1.19
1810,b,9996,22613,HUASOPEEK,1.14
1810,b,9996,12092,max,1.11
1280,b,12467,19235,BELCHONOKK,1.39
1280,b,12467,23685,zweih,1.27
1280,b,12467,22929,nota,1.15
1280,b,12467,13776,Jame,1.05
1280,b,12467,22471,xiELO,1.04
1280,a,7020,21167,donk,1.24
1280,a,7020,16920,sh1ro,1.19
1280,a,7020,19808,tN1R,1.15
1280,a,7020,20423,zont1x,0.94
1280,a,7020,18317,magixx,0.74
2677,a,6248,20275,Techno,1.14
2677,a,6248,23402,cobrazera,1.1
2677,a,6248,21809,910,0.85
2677,a,6248,21001,mzinho,0.83
2677,a,6248,20194,bLitz,0.41
2677,b,9565,16693,flameZ,1.81
2677,b,9565,11893,ZywOo,1.42
2677,b,9565,7322,apEX,1.18
2677,b,9565,11816,ropz,1.0
2677,b,9565,18462,mezii,0.91
486,a,4863,20895,Mercury,0.68
486,a,4863,19645,JamYoung,0.67
486,a,4863,20702,Jee,0.6
486,a,4863,24857,Zero,0.55
486,a,4863,21621,Moseyuh,0.4
486,b,11283,3741,NiKo,2.05
486,b,11283,24177,kyousuke,1.98
486,b,11283,12018,TeSeS,1.82
486,b,11283,19230,m0NESY,1.33
486,b,11283,19677,kyxsan,0.99
2809,b,6673,16717,br0,1.12
2809,b,6673,13249,oSee,0.98
2809,b,6673,7687,nitr0,0.73
2809,b,6673,8711,Sonic,0.63
2809,b,6673,13578,Grim,0.57
2809,a,8297,13915,YEKINDAR,1.6
2809,a,8297,24144,molodoy,1.5
2809,a,8297,2023,FalleN,1.34
2809,a,8297,15631,KSCERATO,0.94
2809,a,8297,12553,yuurih,0.82
2467,a,5973,11617,malbsMd,1.68
2467,a,5973,8738,EliGE,1.19
2467,a,5973,21763,ultimate,1.18
2467,a,5973,16820,siuhy,0.73
2467,a,5973,8520,NAF,0.59
2467,b,6248,21001,mzinho,1.53
2467,b,6248,21809,910,1.4
2467,b,6248,23402,cobrazera,1.02
2467,b,6248,20194,bLitz,0.94
2467,b,6248,20275,Techno,0.56
2856,a,9996,22613,HUASOPEEK,1.57
2856,a,9996,14737,meyern,0.85
2856,a,9996,20394,luchov,0.82
2856,a,9996,14736,dgt,0.58
2856,a,9996,12092,max,0.5
2856,b,7020,16920,sh1ro,1.82
2856,b,7020,21167,donk,1.82
2856,b,7020,18317,magixx,1.53
2856,b,7020,19808,tN1R,0.86
2856,b,7020,20423,zont1x,0.59
1583,a,13679,20625,Banjo,1.64
1583,a,13679,20358,volt,1.34
1583,a,13679,24332,Matheos,1.13
1583,a,13679,16486,ztr,1.1
1583,a,13679,24203,Jorko,1.04
1583,b,4914,13138,Maka,1.21
1583,b,4914,13497,Lucky,1.06
1583,b,4914,19739,Ex3rcice,0.93
1583,b,4914,21969,Graviti,0.77
1583,b,4914,14176,misutaaa,0.76
832,b,4608,22673,makazze,1.53
832,b,4608,20127,w0nderful,1.26
832,b,4608,9816,Aleksib,0.97
832,b,4608,18987,b1t,0.97
832,b,4608,14759,iM,0.77
832,a,11861,20968,soulfly,1.15
832,a,11861,8574,woxic,1.02
832,a,11861,150,MAJ3R,0.99
832,a,11861,7938,XANTARES,0.78
832,a,11861,21243,Wicadia,0.76
568,b,11283,19230,m0NESY,1.66
568,b,11283,24177,kyousuke,1.21
568,b,11283,12018,TeSeS,1.01
568,b,11283,3741,NiKo,0.83
568,b,11283,19677,kyxsan,0.82
568,a,8297,12553,yuurih,1.21
568,a,8297,15631,KSCERATO,1.2
568,a,8297,2023,FalleN,1.02
568,a,8297,13915,YEKINDAR,0.91
568,a,8297,24144,molodoy,0.7
1293,b,12467,22929,nota,1.2
1293,b,12467,23685,zweih,1.08
1293,b,12467,13776,Jame,1.07
1293,b,12467,22471,xiELO,0.67
1293,b,12467,19235,BELCHONOKK,0.62
1293,a,9565,11893,ZywOo,1.67
1293,a,9565,16693,flameZ,1.54
1293,a,9565,11816,ropz,1.34
1293,a,9565,18462,mezii,1.09
1293,a,9565,7322,apEX,0.67
2633,a,6248,21001,mzinho,1.82
2633,a,6248,21809,910,1.13
2633,a,6248,20194,bLitz,1.07
2633,a,6248,23402,cobrazera,1.0
2633,a,6248,20275,Techno,0.98
2633,b,7020,21167,donk,1.86
2633,b,7020,19808,tN1R,0.94
2633,b,7020,16920,sh1ro,0.84
2633,b,7020,18317,magixx,0.84
2633,b,7020,20423,zont1x,0.65
733,a,12394,21667,Magnojez,1.92
733,a,12394,18506,S1ren,1.06
733,a,12394,20994,FL4MUS,1.01
733,a,12394,11840,Boombl4,0.99
733,a,12394,15662,zorte,0.98
733,b,11811,17145,Rainwaker,1.17
733,b,11811,22106,AZUWU,1.06
733,b,11811,19015,Bymas,0.95
733,b,11811,21816,Gizmy,0.89
733,b,11811,19926,afro,0.76
212,a,5995,19164,SunPayus,1.28
212,a,5995,21062,MATYS,1.09
212,a,5995,3972,huNter-,1.01
212,a,5995,9436,NertZ,0.97
212,a,5995,20447,HeavyGod,0.61
212,b,10577,23459,stressarN,1.49
212,b,10577,11199,beastik,1.18
212,b,10577,23295,kisserek,1.1
212,b,10577,21113,MoDo,1.09
212,b,10577,12810,SHOCK,0.9
1562,a,7532,14932,faveN,1.42
1562,a,7532,15165,blameF,1.41
1562,a,7532,22884,gr1ks,1.15
1562,a,7532,14929,JDC,0.94
1562,a,7532,5794,tabseN,0.81
1562,b,13404,8371,alex,1.29
1562,b,13404,21239,MartinezSa,1.12
1562,b,13404,18749,sausol,0.78
1562,b,13404,9254,mopoz,0.66
1562,b,13404,19509,dav1g,0.64
666,a,11581,21385,mizu,1.01
666,a,11581,24806,frontales,1.0
666,a,11581,19823,dukefissura,0.76
666,a,11581,21692,kAlash,0.75
666,a,11581,16612,n0rb3r7,0.58
666,b,7532,14929,JDC,1.75
666,b,7532,22884,gr1ks,1.68
666,b,7532,5794,tabseN,1.6
666,b,7532,15165,blameF,1.17
666,b,7532,14932,faveN,1.05
209,b,12394,20994,FL4MUS,1.2
209,b,12394,18506,S1ren,0.92
209,b,12394,15662,zorte,0.88
209,b,12394,21667,Magnojez,0.66
209,b,12394,11840,Boombl4,0.41
209,a,10577,11199,beastik,1.8
209,a,10577,12810,SHOCK,1.39
209,a,10577,21113,MoDo,1.3
209,a,10577,23295,kisserek,1.13
209,a,10577,23459,stressarN,1.1
705,b,11737,21159,bobeksde,1.65
705,b,11737,21012,Ro1f,1.48
705,b,11737,22914,dex,1.43
705,b,11737,3849,JW,0.82
705,b,11737,20879,maxster,0.79
705,a,12474,22760,upE,1.56
705,a,12474,16487,eraa,0.92
705,a,12474,24083,MaiL09,0.85
705,a,12474,7443,twist,0.83
705,a,12474,22860,avid,0.81
650,b,12394,11840,Boombl4,1.55
650,b,12394,21667,Magnojez,1.4
650,b,12394,20994,FL4MUS,1.32
650,b,12394,15662,zorte,1.07
650,b,12394,18506,S1ren,0.94
650,a,11581,16612,n0rb3r7,1.52
650,a,11581,24806,frontales,0.93
650,a,11581,19823,dukefissura,0.83
650,a,11581,21385,mizu,0.71
650,a,11581,21692,kAlash,0.4
216,b,10577,23295,kisserek,1.18
216,b,10577,21113,MoDo,1.12
216,b,10577,11199,beastik,1.09
216,b,10577,23459,stressarN,1.02
216,b,10577,12810,SHOCK,0.92
216,a,7532,22884,gr1ks,1.16
216,a,7532,14929,JDC,1.09
216,a,7532,15165,blameF,1.07
216,a,7532,14932,faveN,0.96
216,a,7532,5794,tabseN,0.83
1381,b,9928,9278,REZ,1.25
1381,b,9928,23766,hypex,0.95
1381,b,9928,22279,PR,0.89
1381,b,9928,2553,Snax,0.72
1381,b,9928,20301,Tauson,0.64
1381,a,12474,16487,eraa,1.62
1381,a,12474,24083,MaiL09,1.59
1381,a,12474,7443,twist,1.14
1381,a,12474,22760,upE,1.14
1381,a,12474,22860,avid,0.92
865,a,11861,21243,Wicadia,1.32
865,a,11861,8574,woxic,1.23
865,a,11861,7938,XANTARES,1.17
865,a,11861,150,MAJ3R,0.98
865,a,11861,20968,soulfly,0.91
865,b,6248,20194,bLitz,1.27
865,b,6248,20275,Techno,0.96
865,b,6248,21001,mzinho,0.9
865,b,6248,21809,910,0.75
865,b,6248,23402,cobrazera,0.68
451,b,12467,22929,nota,1.37
451,b,12467,19235,BELCHONOKK,1.32
451,b,12467,22471,xiELO,1.21
451,b,12467,23685,zweih,0.93
451,b,12467,13776,Jame,0.64
451,a,11283,12018,TeSeS,1.13
451,a,11283,24177,kyousuke,1.12
451,a,11283,19677,kyxsan,0.97
451,a,11283,19230,m0NESY,0.93
451,a,11283,3741,NiKo,0.87
917,b,9565,11816,ropz,1.85
917,b,9565,11893,ZywOo,1.83
917,b,9565,16693,flameZ,1.65
917,b,9565,18462,mezii,1.37
917,b,9565,7322,apEX,0.81
917,a,11861,150,MAJ3R,1.53
917,a,11861,21243,Wicadia,1.04
917,a,11861,8574,woxic,0.68
917,a,11861,20968,soulfly,0.54
917,a,11861,7938,XANTARES,0.45
1259,a,4608,22673,makazze,1.57
1259,a,4608,14759,iM,1.5
1259,a,4608,18987,b1t,1.49
1259,a,4608,9816,Aleksib,1.22
1259,a,4608,20127,w0nderful,1.2
1259,b,12467,22471,xiELO,1.81
1259,b,12467,22929,nota,0.89
1259,b,12467,13776,Jame,0.83
1259,b,12467,23685,zweih,0.75
1259,b,12467,19235,BELCHONOKK,0.35
706,a,12474,22860,avid,1.99
706,a,12474,24083,MaiL09,1.15
706,a,12474,7443,twist,1.09
706,a,12474,16487,eraa,0.94
706,a,12474,22760,upE,0.92
706,b,11737,20879,maxster,1.24
706,b,11737,3849,JW,0.99
706,b,11737,21159,bobeksde,0.97
706,b,11737,21012,Ro1f,0.89
706,b,11737,22914,dex,0.63
1932,b,9565,11816,ropz,1.33
1932,b,9565,11893,ZywOo,1.26
1932,b,9565,7322,apEX,1.15
1932,b,9565,16693,flameZ,1.06
1932,b,9565,18462,mezii,0.86
1932,a,4608,18987,b1t,1.34
1932,a,4608,9816,Aleksib,1.09
1932,a,4608,22673,makazze,0.94
1932,a,4608,20127,w0nderful,0.92
1932,a,4608,14759,iM,0.56
215,a,7532,14929,JDC,1.53
215,a,7532,15165,blameF,1.44
215,a,7532,22884,gr1ks,1.16
215,a,7532,14932,faveN,0.9
215,a,7532,5794,tabseN,0.75
215,b,10577,21113,MoDo,1.25
215,b,10577,23295,kisserek,1.0
215,b,10577,11199,beastik,0.96
215,b,10577,23459,stressarN,0.77
215,b,10577,12810,SHOCK,0.62
2064,b,4773,20171,snow,1.11
2064,b,4773,19694,nqz,1.09
2064,b,4773,16816,vsm,0.97
2064,b,4773,18714,piriajr,0.69
2064,b,4773,18141,biguzera,0.47
2064,a,9996,22613,HUASOPEEK,1.43
2064,a,9996,12092,max,1.26
2064,a,9996,14737,meyern,1.25
2064,a,9996,20394,luchov,0.98
2064,a,9996,14736,dgt,0.95
208,a,10577,21113,MoDo,1.22
208,a,10577,12810,SHOCK,1.02
208,a,10577,23295,kisserek,1.01
208,a,10577,23459,stressarN,0.99
208,a,10577,11199,beastik,0.94
208,b,12394,21667,Magnojez,1.96
208,b,12394,11840,Boombl4,1.31
208,b,12394,20994,FL4MUS,1.24
208,b,12394,15662,zorte,1.05
208,b,12394,18506,S1ren,0.52
1147,a,12394,21667,Magnojez,1.5
1147,a,12394,20994,FL4MUS,1.41
1147,a,12394,18506,S1ren,1.11
1147,a,12394,15662,zorte,0.87
1147,a,12394,11840,Boombl4,0.83
1147,b,5995,21062,MATYS,1.41
1147,b,5995,20447,HeavyGod,1.32
1147,b,5995,3972,huNter-,1.07
1147,b,5995,19164,SunPayus,0.62
1147,b,5995,9436,NertZ,0.57
1372,b,9996,22613,HUASOPEEK,1.69
1372,b,9996,12092,max,1.5
1372,b,9996,14737,meyern,1.39
1372,b,9996,20394,luchov,1.37
1372,b,9996,14736,dgt,1.09
1372,a,12468,19045,latto,1.34
1372,a,12468,15698,dumau,0.96
1372,a,12468,22965,saadzin,0.7
1372,a,12468,19686,n1ssim,0.39
1372,a,12468,12521,arT,0.35
1063,a,5973,21763,ultimate,1.18
1063,a,5973,8738,EliGE,1.07
1063,a,5973,11617,malbsMd,0.97
1063,a,5973,8520,NAF,0.79
1063,a,5973,16820,siuhy,0.6
1063,b,12376,20104,s1n,1.56
1063,b,12376,22921,Lake,1.52
1063,b,12376,16599,Swisher,1.24
1063,b,12376,15370,slaxz-,0.98
1063,b,12376,21665,JBa,0.56
739,a,12474,22860,avid,1.71
739,a,12474,7443,twist,0.79
739,a,12474,22760,upE,0.74
739,a,12474,16487,eraa,0.71
739,a,12474,24083,MaiL09,0.63
739,b,11811,17145,Rainwaker,2.14
739,b,11811,19926,afro,1.39
739,b,11811,21816,Gizmy,1.37
739,b,11811,19015,Bymas,0.94
739,b,11811,22106,AZUWU,0.51
1222,b,12426,20903,Senzu,1.94
1222,b,12426,19869,try,1.41
1222,b,12426,21452,Kvem,1.18
1222,b,12426,11630,JT,0.85
1222,b,12426,21620,nicx,0.72
1222,a,6667,9960,frozen,1.41
1222,a,6667,429,karrigan,1.14
1222,a,6667,22383,jcobbb,0.93
1222,a,6667,18053,broky,0.82
1222,a,6667,10394,Twistzz,0.81
801,b,12376,15370,slaxz-,1.43
801,b,12376,20104,s1n,1.18
801,b,12376,22921,Lake,1.11
801,b,12376,16599,Swisher,0.88
801,b,12376,21665,JBa,0.78
801,a,11861,8574,woxic,1.35
801,a,11861,21243,Wicadia,1.06
801,a,11861,7938,XANTARES,1.02
801,a,11861,20968,soulfly,0.93
801,a,11861,150,MAJ3R,0.72
734,b,11811,19926,afro,1.48
734,b,11811,22106,AZUWU,1.21
734,b,11811,17145,Rainwaker,1.11
734,b,11811,19015,Bymas,1.08
734,b,11811,21816,Gizmy,0.84
734,a,12426,11630,JT,1.2
734,a,12426,20903,Senzu,1.12
734,a,12426,21452,Kvem,1.05
734,a,12426,19869,try,0.94
734,a,12426,21620,nicx,0.57
1162,a,7175,20119,nilo,0.99
1162,a,7175,22047,yxngstxr,0.98
1162,a,7175,21163,susp,0.97
1162,a,7175,19187,xfl0ud,0.81
1162,a,7175,21983,Chr1zN,0.59
1162,b,12394,18506,S1ren,1.85
1162,b,12394,20994,FL4MUS,1.56
1162,b,12394,21667,Magnojez,1.1
1162,b,12394,15662,zorte,0.96
1162,b,12394,11840,Boombl4,0.86
813,a,11861,7938,XANTARES,1.14
813,a,11861,150,MAJ3R,1.13
813,a,11861,21243,Wicadia,1.01
813,a,11861,8574,woxic,0.88
813,a,11861,20968,soulfly,0.74
813,b,12474,24083,MaiL09,1.35
813,b,12474,7443,twist,1.11
813,b,12474,22760,upE,1.09
813,b,12474,22860,avid,0.98
813,b,12474,16487,eraa,0.81
281,a,11241,21708,npl,1.47
281,a,11241,23643,esenthial,1.14
281,a,11241,22842,kensizor,0.88
281,a,11241,20112,alex666,0.87
281,a,11241,25619,s1zzi,0.75
281,b,4914,14176,misutaaa,1.84
281,b,4914,13138,Maka,1.38
281,b,4914,19739,Ex3rcice,1.08
281,b,4914,13497,Lucky,0.81
281,b,4914,21969,Graviti,0.69
730,b,11811,17145,Rainwaker,1.36
730,b,11811,19926,afro,1.27
730,b,11811,19015,Bymas,1.25
730,b,11811,21816,Gizmy,1.23
730,b,11811,22106,AZUWU,0.69
730,a,12376,16599,Swisher,1.1
730,a,12376,15370,slaxz-,1.08
730,a,12376,22921,Lake,0.92
730,a,12376,20104,s1n,0.81
730,a,12376,21665,JBa,0.8
1197,b,12426,20903,Senzu,1.04
1197,b,12426,21620,nicx,0.88
1197,b,12426,19869,try,0.71
1197,b,12426,11630,JT,0.59
1197,b,12426,21452,Kvem,0.35
1197,a,12474,7443,twist,2.13
1197,a,12474,22860,avid,1.71
1197,a,12474,24083,MaiL09,1.67
1197,a,12474,16487,eraa,1.2
1197,a,12474,22760,upE,1.0
1547,a,13404,8371,alex,1.26
1547,a,13404,9254,mopoz,0.92
1547,a,13404,18749,sausol,0.72
1547,a,13404,19509,dav1g,0.57
1547,a,13404,21239,MartinezSa,0.44
1547,b,4411,20425,r1nkle,1.77
1547,b,4411,24283,cairne,1.48
1547,b,4411,14148,sjuush,1.31
1547,b,4411,922,Snappi,1.23
1547,b,4411,23372,xKacpersky,1.02
1032,a,12376,22921,Lake,1.78
1032,a,12376,16599,Swisher,1.42
1032,a,12376,15370,slaxz-,1.37
1032,a,12376,20104,s1n,0.96
1032,a,12376,21665,JBa,0.82
1032,b,12474,22760,upE,1.25
1032,b,12474,24083,MaiL09,1.0
1032,b,12474,16487,eraa,0.85
1032,b,12474,7443,twist,0.61
1032,b,12474,22860,avid,0.54
282,a,11241,21708,npl,1.81
282,a,11241,22842,kensizor,1.81
282,a,11241,25619,s1zzi,1.48
282,a,11241,20112,alex666,1.39
282,a,11241,23643,esenthial,0.92
282,b,4914,21969,Graviti,0.81
282,b,4914,13497,Lucky,0.75
282,b,4914,13138,Maka,0.75
282,b,4914,14176,misutaaa,0.65
282,b,4914,19739,Ex3rcice,0.57
1145,a,5995,9436,NertZ,1.81
1145,a,5995,3972,huNter-,1.51
1145,a,5995,19164,SunPayus,1.5
1145,a,5995,20447,HeavyGod,1.17
1145,a,5995,21062,MATYS,1.13
1145,b,12394,11840,Boombl4,0.96
1145,b,12394,21667,Magnojez,0.94
1145,b,12394,18506,S1ren,0.8
1145,b,12394,15662,zorte,0.73
1145,b,12394,20994,FL4MUS,0.64
731,a,11811,19926,afro,1.09
731,a,11811,19015,Bymas,0.9
731,a,11811,21816,Gizmy,0.89
731,a,11811,17145,Rainwaker,0.88
731,a,11811,22106,AZUWU,0.79
731,b,12376,15370,slaxz-,1.33
731,b,12376,21665,JBa,1.31
731,b,12376,16599,Swisher,1.02
731,b,12376,20104,s1n,0.94
731,b,12376,22921,Lake,0.88
1655,a,9928,22279,PR,1.34
1655,a,9928,2553,Snax,1.27
1655,a,9928,20301,Tauson,1.27
1655,a,9928,9278,REZ,1.09
1655,a,9928,23766,hypex,0.64
1655,b,4411,20425,r1nkle,1.59
1655,b,4411,14148,sjuush,1.12
1655,b,4411,23372,xKacpersky,0.96
1655,b,4411,24283,cairne,0.87
1655,b,4411,922,Snappi,0.63
1643,b,7175,21163,susp,1.6
1643,b,7175,21983,Chr1zN,1.31
1643,b,7175,20119,nilo,1.26
1643,b,7175,19187,xfl0ud,1.15
1643,b,7175,22047,yxngstxr,0.98
1643,a,4411,20425,r1nkle,1.19
1643,a,4411,23372,xKacpersky,1.18
1643,a,4411,24283,cairne,0.96
1643,a,4411,14148,sjuush,0.7
1643,a,4411,922,Snappi,0.63
2613,b,5995,21062,MATYS,1.58
2613,b,5995,19164,SunPayus,1.3
2613,b,5995,20447,HeavyGod,1.29
2613,b,5995,9436,NertZ,1.04
2613,b,5995,3972,huNter-,0.77
2613,a,9928,20301,Tauson,1.34
2613,a,9928,9278,REZ,0.98
2613,a,9928,23766,hypex,0.97
2613,a,9928,22279,PR,0.8
2613,a,9928,2553,Snax,0.75
1163,b,12394,18506,S1ren,1.45
1163,b,12394,15662,zorte,1.35
1163,b,12394,21667,Magnojez,1.02
1163,b,12394,11840,Boombl4,1.02
1163,b,12394,20994,FL4MUS,0.94
1163,a,7175,20119,nilo,1.29
1163,a,7175,22047,yxngstxr,0.99
1163,a,7175,19187,xfl0ud,0.91
1163,a,7175,21163,susp,0.8
1163,a,7175,21983,Chr1zN,0.8
1582,a,4914,13138,Maka,0.98
1582,a,4914,13497,Lucky,0.95
1582,a,4914,21969,Graviti,0.94
1582,a,4914,14176,misutaaa,0.81
1582,a,4914,19739,Ex3rcice,0.67
1582,b,13679,16486,ztr,1.39
1582,b,13679,20358,volt,1.37
1582,b,13679,20625,Banjo,1.35
1582,b,13679,24203,Jorko,1.16
1582,b,13679,24332,Matheos,0.89
2731,b,6665,16726,phzy,1.75
2731,b,6665,17956,jabbi,1.69
2731,b,6665,10096,HooXi,1.14
2731,b,6665,20304,Staehr,0.97
2731,b,6665,21217,ryu,0.96
2731,a,9215,21288,venomzera,1.1
2731,a,9215,21037,insani,0.88
2731,a,9215,19310,LNZ,0.86
2731,a,9215,23192,kl1m,0.78
2731,a,9215,20987,brnz4n,0.28
1469,b,6248,21001,mzinho,1.3
1469,b,6248,23402,cobrazera,1.24
1469,b,6248,20275,Techno,0.91
1469,b,6248,21809,910,0.89
1469,b,6248,20194,bLitz,0.77
1469,a,12878,7998,s1mple,1.3
1469,a,12878,23140,krazy,1.14
1469,a,12878,22807,aragornN,1.05
1469,a,12878,8918,electroNic,0.8
1469,a,12878,630,MUTiRiS,0.78
1194,b,9928,9278,REZ,1.1
1194,b,9928,22279,PR,0.86
1194,b,9928,20301,Tauson,0.81
1194,b,9928,23766,hypex,0.66
1194,b,9928,2553,Snax,0.26
1194,a,12394,21667,Magnojez,1.9
1194,a,12394,20994,FL4MUS,1.57
1194,a,12394,11840,Boombl4,1.34
1194,a,12394,18506,S1ren,1.31
1194,a,12394,15662,zorte,1.0
1237,b,12467,13776,Jame,1.9
1237,b,12467,23685,zweih,1.8
1237,b,12467,22471,xiELO,1.51
1237,b,12467,22929,nota,1.28
1237,b,12467,19235,BELCHONOKK,0.81
1237,a,12468,15698,dumau,1.08
1237,a,12468,19045,latto,0.74
1237,a,12468,22965,saadzin,0.67
1237,a,12468,12521,arT,0.64
1237,a,12468,19686,n1ssim,0.4
1146,a,5995,21062,MATYS,1.59
1146,a,5995,20447,HeavyGod,1.42
1146,a,5995,19164,SunPayus,1.19
1146,a,5995,3972,huNter-,1.07
1146,a,5995,9436,NertZ,0.65
1146,b,12394,21667,Magnojez,1.42
1146,b,12394,15662,zorte,1.14
1146,b,12394,11840,Boombl4,1.11
1146,b,12394,18506,S1ren,0.96
1146,b,12394,20994,FL4MUS,0.6
1528,b,13286,23553,dziugss,2.06
1528,b,13286,20761,lauNX,1.7
1528,b,13286,22203,Krabeni,1.66
1528,b,13286,22674,cmtry,1.66
1528,b,13286,20584,dem0n,0.92
1528,a,6673,16717,br0,0.89
1528,a,6673,13249,oSee,0.87
1528,a,6673,13578,Grim,0.56
1528,a,6673,8711,Sonic,0.44
1528,a,6673,7687,nitr0,0.35
295,a,6665,20304,Staehr,1.75
295,a,6665,16726,phzy,1.58
295,a,6665,17956,jabbi,1.06
295,a,6665,21217,ryu,0.94
295,a,6665,10096,HooXi,0.84
295,b,11241,21708,npl,1.09
295,b,11241,20112,alex666,1.03
295,b,11241,22842,kensizor,0.99
295,b,11241,23643,esenthial,0.93
295,b,11241,25619,s1zzi,0.82
1476,b,12878,8918,electroNic,1.23
1476,b,12878,630,MUTiRiS,1.16
1476,b,12878,22807,aragornN,1.05
1476,b,12878,7998,s1mple,0.93
1476,b,12878,23140,krazy,0.69
1476,a,9215,23192,kl1m,1.31
1476,a,9215,20987,brnz4n,1.25
1476,a,9215,21037,insani,1.22
1476,a,9215,19310,LNZ,1.06
1476,a,9215,21288,venomzera,0.85
1249,a,12467,22929,nota,1.42
1249,a,12467,19235,BELCHONOKK,1.38
1249,a,12467,13776,Jame,1.08
1249,a,12467,23685,zweih,1.0
1249,a,12467,22471,xiELO,0.86
1249,b,13679,20358,volt,1.13
1249,b,13679,20625,Banjo,1.02
1249,b,13679,24332,Matheos,0.93
1249,b,13679,24203,Jorko,0.82
1249,b,13679,16486,ztr,0.74
712,b,6248,23402,cobrazera,1.73
712,b,6248,20194,bLitz,1.22
712,b,6248,21809,910,1.17
712,b,6248,21001,mzinho,1.02
712,b,6248,20275,Techno,0.89
712,a,11737,3849,JW,1.12
712,a,11737,20879,maxster,1.1
712,a,11737,21159,bobeksde,1.03
712,a,11737,22914,dex,0.88
712,a,11737,21012,Ro1f,0.72
2775,a,6667,9960,frozen,1.28
2775,a,6667,10394,Twistzz,1.15
2775,a,6667,18053,broky,0.9
2775,a,6667,429,karrigan,0.68
2775,a,6667,22383,jcobbb,0.65
2775,b,7532,22884,gr1ks,1.75
2775,b,7532,15165,blameF,1.74
2775,b,7532,14929,JDC,1.39
2775,b,7532,14932,faveN,1.06
2775,b,7532,5794,tabseN,1.0
1358,a,12468,15698,dumau,1.41
1358,a,12468,12521,arT,1.16
1358,a,12468,19686,n1ssim,1.0
1358,a,12468,22965,saadzin,0.88
1358,a,12468,19045,latto,0.47
1358,b,9215,23192,kl1m,1.54
1358,b,9215,21037,insani,1.26
1358,b,9215,19310,LNZ,0.99
1358,b,9215,21288,venomzera,0.84
1358,b,9215,20987,brnz4n,0.81
278,b,11241,23643,esenthial,1.05
278,b,11241,21708,npl,1.01
278,b,11241,20112,alex666,0.62
278,b,11241,22842,kensizor,0.57
278,b,11241,25619,s1zzi,0.5
278,a,4914,19739,Ex3rcice,1.63
278,a,4914,14176,misutaaa,1.4
278,a,4914,21969,Graviti,1.38
278,a,4914,13497,Lucky,1.16
278,a,4914,13138,Maka,1.09
715,b,6673,7687,nitr0,1.31
715,b,6673,16717,br0,1.2
715,b,6673,13249,oSee,1.01
715,b,6673,8711,Sonic,0.76
715,b,6673,13578,Grim,0.42
715,a,11737,3849,JW,1.68
715,a,11737,22914,dex,1.66
715,a,11737,21012,Ro1f,1.45
715,a,11737,20879,maxster,1.05
715,a,11737,21159,bobeksde,0.59
2619,b,6665,20304,Staehr,1.61
2619,b,6665,10096,HooXi,1.37
2619,b,6665,17956,jabbi,1.25
2619,b,6665,16726,phzy,0.95
2619,b,6665,21217,ryu,0.64
2619,a,6248,20275,Techno,1.19
2619,a,6248,21001,mzinho,1.14
2619,a,6248,21809,910,1.0
2619,a,6248,23402,cobrazera,0.85
2619,a,6248,20194,bLitz,0.81
1246,a,12467,23685,zweih,1.26
1246,a,12467,13776,Jame,1.26
1246,a,12467,22471,xiELO,0.73
1246,a,12467,19235,BELCHONOKK,0.5
1246,a,12467,22929,nota,0.48
1246,b,13286,20761,lauNX,2.25
1246,b,13286,22203,Krabeni,1.39
1246,b,13286,23553,dziugss,1.29
1246,b,13286,22674,cmtry,1.05
1246,b,13286,20584,dem0n,0.76
716,a,9215,21037,insani,2.02
716,a,9215,23192,kl1m,1.43
716,a,9215,20987,brnz4n,1.18
716,a,9215,21288,venomzera,0.99
716,a,9215,19310,LNZ,0.71
716,b,11737,21012,Ro1f,1.11
716,b,11737,3849,JW,0.98
716,b,11737,20879,maxster,0.93
716,b,11737,22914,dex,0.92
716,b,11737,21159,bobeksde,0.64
1346,b,6673,8711,Sonic,1.16
1346,b,6673,13249,oSee,1.05
1346,b,6673,16717,br0,0.67
1346,b,6673,13578,Grim,0.65
1346,b,6673,7687,nitr0,0.64
1346,a,12468,19045,latto,1.73
1346,a,12468,22965,saadzin,1.57
1346,a,12468,12521,arT,1.22
1346,a,12468,15698,dumau,1.11
1346,a,12468,19686,n1ssim,0.93
1465,a,13679,24332,Matheos,1.42
1465,a,13679,24203,Jorko,1.21
1465,a,13679,20625,Banjo,1.18
1465,a,13679,16486,ztr,1.03
1465,a,13679,20358,volt,0.99
1465,b,12878,7998,s1mple,1.26
1465,b,12878,23140,krazy,1.06
1465,b,12878,8918,electroNic,0.84
1465,b,12878,22807,aragornN,0.77
1465,b,12878,630,MUTiRiS,0.61
1264,b,12467,19235,BELCHONOKK,1.31
1264,b,12467,13776,Jame,0.99
1264,b,12467,23685,zweih,0.9
1264,b,12467,22471,xiELO,0.88
1264,b,12467,22929,nota,0.66
1264,a,4914,19739,Ex3rcice,1.52
1264,a,4914,14176,misutaaa,1.43
1264,a,4914,21969,Graviti,1.34
1264,a,4914,13138,Maka,1.12
1264,a,4914,13497,Lucky,0.77
711,b,13679,24203,Jorko,1.35
711,b,13679,20625,Banjo,1.29
711,b,13679,16486,ztr,0.91
711,b,13679,20358,volt,0.61
711,b,13679,24332,Matheos,0.58
711,a,11737,20879,maxster,1.68
711,a,11737,21012,Ro1f,1.17
711,a,11737,21159,bobeksde,1.08
711,a,11737,3849,JW,1.01
711,a,11737,22914,dex,0.92
247,b,11241,22842,kensizor,1.59
247,b,11241,21708,npl,1.58
247,b,11241,25619,s1zzi,1.3
247,b,11241,20112,alex666,1.25
247,b,11241,23643,esenthial,1.14
247,a,12468,19045,latto,1.31
247,a,12468,12521,arT,0.98
247,a,12468,22965,saadzin,0.96
247,a,12468,15698,dumau,0.65
247,a,12468,19686,n1ssim,0.46
2242,a,9215,21288,venomzera,1.26
2242,a,9215,19310,LNZ,1.02
2242,a,9215,23192,kl1m,0.89
2242,a,9215,20987,brnz4n,0.79
2242,a,9215,21037,insani,0.77
2242,b,4914,13138,Maka,1.28
2242,b,4914,21969,Graviti,1.19
2242,b,4914,13497,Lucky,1.16
2242,b,4914,14176,misutaaa,1.15
2242,b,4914,19739,Ex3rcice,1.1
713,a,6665,21217,ryu,1.96
713,a,6665,20304,Staehr,1.55
713,a,6665,16726,phzy,1.47
713,a,6665,17956,jabbi,1.37
713,a,6665,10096,HooXi,1.27
713,b,11737,20879,maxster,0.84
713,b,11737,21012,Ro1f,0.71
713,b,11737,22914,dex,0.6
713,b,11737,3849,JW,0.57
713,b,11737,21159,bobeksde,0.31
254,b,13286,23553,dziugss,1.59
254,b,13286,22674,cmtry,1.42
254,b,13286,20761,lauNX,1.06
254,b,13286,22203,Krabeni,1.01
254,b,13286,20584,dem0n,0.98
254,a,11241,23643,esenthial,1.65
254,a,11241,22842,kensizor,1.06
254,a,11241,20112,alex666,0.83
254,a,11241,25619,s1zzi,0.69
254,a,11241,21708,npl,0.49
1271,a,6248,20275,Techno,1.45
1271,a,6248,23402,cobrazera,1.4
1271,a,6248,20194,bLitz,1.12
1271,a,6248,21001,mzinho,1.08
1271,a,6248,21809,910,0.71
1271,b,12467,23685,zweih,1.21
1271,b,12467,22929,nota,1.13
1271,b,12467,13776,Jame,0.94
1271,b,12467,19235,BELCHONOKK,0.9
1271,b,12467,22471,xiELO,0.88
2207,a,4914,13497,Lucky,1.23
2207,a,4914,14176,misutaaa,0.98
2207,a,4914,19739,Ex3rcice,0.88
2207,a,4914,21969,Graviti,0.87
2207,a,4914,13138,Maka,0.84
2207,b,6665,10096,HooXi,1.71
2207,b,6665,16726,phzy,1.44
2207,b,6665,17956,jabbi,1.1
2207,b,6665,21217,ryu,0.87
2207,b,6665,20304,Staehr,0.82
1518,b,13286,20584,dem0n,1.52
1518,b,13286,20761,lauNX,1.49
1518,b,13286,23553,dziugss,1.28
1518,b,13286,22674,cmtry,0.81
1518,b,13286,22203,Krabeni,0.67
1518,a,6248,21809,910,1.37
1518,a,6248,23402,cobrazera,1.05
1518,a,6248,20275,Techno,0.95
1518,a,6248,20194,bLitz,0.91
1518,a,6248,21001,mzinho,0.87
2199,a,4914,13138,Maka,0.97
2199,a,4914,13497,Lucky,0.84
2199,a,4914,21969,Graviti,0.7
2199,a,4914,14176,misutaaa,0.47
2199,a,4914,19739,Ex3rcice,0.31
2199,b,6248,23402,cobrazera,1.91
2199,b,6248,20194,bLitz,1.7
2199,b,6248,21809,910,1.69
2199,b,6248,20275,Techno,1.43
2199,b,6248,21001,mzinho,1.22
1520,a,6665,17956,jabbi,1.55
1520,a,6665,21217,ryu,1.45
1520,a,6665,20304,Staehr,0.53
1520,a,6665,16726,phzy,0.5
1520,a,6665,10096,HooXi,0.34
1520,b,13286,20584,dem0n,2.57
1520,b,13286,23553,dziugss,1.42
1520,b,13286,22674,cmtry,1.4
1520,b,13286,22203,Krabeni,1.19
1520,b,13286,20761,lauNX,0.86
1557,a,13404,19509,dav1g,1.17
1557,a,13404,9254,mopoz,0.88
1557,a,13404,21239,MartinezSa,0.63
1557,a,13404,8371,alex,0.62
1557,a,13404,18749,sausol,0.36
1557,b,5995,21272,tAk,1.9
1557,b,5995,21062,MATYS,1.5
1557,b,5995,9436,NertZ,1.46
1557,b,5995,19164,SunPayus,1.35
1557,b,5995,20447,HeavyGod,1.04
2489,b,7020,21167,donk,1.33
2489,b,7020,19808,tN1R,1.17
2489,b,7020,16920,sh1ro,1.15
2489,b,7020,20423,zont1x,1.12
2489,b,7020,18317,magixx,0.91
2489,a,5973,11617,malbsMd,1.12
2489,a,5973,8738,EliGE,1.04
2489,a,5973,21763,ultimate,1.0
2489,a,5973,16820,siuhy,0.83
2489,a,5973,8520,NAF,0.68
496,a,4914,13138,Maka,0.89
496,a,4914,13497,Lucky,0.63
496,a,4914,19739,Ex3rcice,0.59
496,a,4914,14176,misutaaa,0.56
496,a,4914,21969,Graviti,0.28
496,b,11283,19677,kyxsan,2.1
496,b,11283,3741,NiKo,2.09
496,b,11283,19230,m0NESY,1.95
496,b,11283,12018,TeSeS,1.67
496,b,11283,24177,kyousuke,0.75
267,a,11241,20112,alex666,0.96
267,a,11241,21708,npl,0.89
267,a,11241,25619,s1zzi,0.82
267,a,11241,23643,esenthial,0.76
267,a,11241,22842,kensizor,0.53
267,b,4608,18987,b1t,1.78
267,b,4608,22673,makazze,1.77
267,b,4608,20127,w0nderful,1.47
267,b,4608,9816,Aleksib,1.15
267,b,4608,14759,iM,0.96
1310,b,12468,19045,latto,1.05
1310,b,12468,15698,dumau,1.04
1310,b,12468,22965,saadzin,0.44
1310,b,12468,19686,n1ssim,0.35
1310,b,12468,12521,arT,0.31
1310,a,4494,13666,Brollan,1.73
1310,a,4494,18850,Jimpphat,1.66
1310,a,4494,18221,Spinx,1.45
1310,a,4494,20312,xertioN,1.19
1310,a,4494,18072,torzsi,1.16
1232,b,8297,12553,yuurih,1.57
1232,b,8297,13915,YEKINDAR,1.44
1232,b,8297,15631,KSCERATO,1.26
1232,b,8297,24144,molodoy,1.18
1232,b,8297,2023,FalleN,0.91
1232,a,12426,19869,try,1.26
1232,a,12426,21452,Kvem,1.08
1232,a,12426,17372,FaNg,0.76
1232,a,12426,21620,nicx,0.71
1232,a,12426,11630,JT,0.66
642,b,11861,7938,XANTARES,1.5
642,b,11861,8574,woxic,1.33
642,b,11861,21243,Wicadia,1.14
642,b,11861,150,MAJ3R,1.08
642,b,11861,20968,soulfly,0.75
642,a,11581,21385,mizu,1.73
642,a,11581,24806,frontales,1.27
642,a,11581,16612,n0rb3r7,0.9
642,a,11581,21692,kAlash,0.68
642,a,11581,19823,dukefissura,0.6
2607,b,9565,11816,ropz,1.31
2607,b,9565,18462,mezii,1.28
2607,b,9565,7322,apEX,1.02
2607,b,9565,11893,ZywOo,1.01
2607,b,9565,16693,flameZ,0.71
2607,a,5995,20447,HeavyGod,1.33
2607,a,5995,19164,SunPayus,1.23
2607,a,5995,21272,tAk,0.97
2607,a,5995,9436,NertZ,0.69
2607,a,5995,21062,MATYS,0.68
2179,a,5973,11617,malbsMd,1.1
2179,a,5973,21763,ultimate,1.04
2179,a,5973,8520,NAF,0.85
2179,a,5973,8738,EliGE,0.68
2179,a,5973,16820,siuhy,0.64
2179,b,4914,13497,Lucky,2.47
2179,b,4914,21969,Graviti,1.42
2179,b,4914,19739,Ex3rcice,1.34
2179,b,4914,14176,misutaaa,1.16
2179,b,4914,13138,Maka,0.84
553,a,7020,16920,sh1ro,1.52
553,a,7020,18317,magixx,1.22
553,a,7020,20423,zont1x,0.53
553,a,7020,19808,tN1R,0.47
553,a,7020,21167,donk,0.3
553,b,11283,19230,m0NESY,1.78
553,b,11283,3741,NiKo,1.77
553,b,11283,24177,kyousuke,1.38
553,b,11283,12018,TeSeS,1.2
553,b,11283,19677,kyxsan,0.8
237,b,11241,23643,esenthial,1.92
237,b,11241,25619,s1zzi,1.53
237,b,11241,20112,alex666,1.45
237,b,11241,21708,npl,1.3
237,b,11241,22842,kensizor,1.18
237,a,12426,19869,try,1.34
237,a,12426,17372,FaNg,0.99
237,a,12426,11630,JT,0.67
237,a,12426,21452,Kvem,0.45
237,a,12426,21620,nicx,0.24
1920,b,4608,22673,makazze,1.32
1920,b,4608,20127,w0nderful,1.02
1920,b,4608,14759,iM,0.93
1920,b,4608,18987,b1t,0.86
1920,b,4608,9816,Aleksib,0.83
1920,a,8297,15631,KSCERATO,1.38
1920,a,8297,12553,yuurih,1.31
1920,a,8297,2023,FalleN,1.18
1920,a,8297,24144,molodoy,1.05
1920,a,8297,13915,YEKINDAR,0.97
651,b,12468,15698,dumau,1.39
651,b,12468,22965,saadzin,1.04
651,b,12468,19045,latto,0.88
651,b,12468,19686,n1ssim,0.86
651,b,12468,12521,arT,0.64
651,a,11581,16612,n0rb3r7,1.58
651,a,11581,21385,mizu,1.26
651,a,11581,19823,dukefissura,0.91
651,a,11581,21692,kAlash,0.81
651,a,11581,24806,frontales,0.81
826,b,4494,13666,Brollan,1.92
826,b,4494,18850,Jimpphat,1.21
826,b,4494,20312,xertioN,1.15
826,b,4494,18221,Spinx,0.9
826,b,4494,18072,torzsi,0.72
826,a,11861,8574,woxic,1.14
826,a,11861,7938,XANTARES,0.89
826,a,11861,21243,Wicadia,0.88
826,a,11861,150,MAJ3R,0.71
826,a,11861,20968,soulfly,0.66
2191,b,5995,19164,SunPayus,2.66
2191,b,5995,21062,MATYS,1.54
2191,b,5995,20447,HeavyGod,1.52
2191,b,5995,9436,NertZ,1.21
2191,b,5995,21272,tAk,1.01
2191,a,4914,14176,misutaaa,0.77
2191,a,4914,21969,Graviti,0.7
2191,a,4914,13138,Maka,0.64
2191,a,4914,19739,Ex3rcice,0.6
2191,a,4914,13497,Lucky,0.47
658,b,4608,14759,iM,1.75
658,b,4608,22673,makazze,1.48
658,b,4608,18987,b1t,1.22
658,b,4608,20127,w0nderful,1.09
658,b,4608,9816,Aleksib,0.85
658,a,11581,21385,mizu,1.56
658,a,11581,19823,dukefissura,1.3
658,a,11581,21692,kAlash,0.86
658,a,11581,16612,n0rb3r7,0.58
658,a,11581,24806,frontales,0.49
229,a,11241,20112,alex666,0.99
229,a,11241,22842,kensizor,0.79
229,a,11241,25619,s1zzi,0.77
229,a,11241,21708,npl,0.67
229,a,11241,23643,esenthial,0.62
229,b,11861,7938,XANTARES,1.81
229,b,11861,8574,woxic,1.79
229,b,11861,21243,Wicadia,1.41
229,b,11861,20968,soulfly,1.23
229,b,11861,150,MAJ3R,0.64
582,b,9565,11816,ropz,1.33
582,b,9565,16693,flameZ,1.17
582,b,9565,11893,ZywOo,0.85
582,b,9565,7322,apEX,0.79
582,b,9565,18462,mezii,0.7
582,a,11283,19230,m0NESY,1.43
582,a,11283,3741,NiKo,1.34
582,a,11283,12018,TeSeS,1.19
582,a,11283,24177,kyousuke,1.07
582,a,11283,19677,kyxsan,0.82
2565,a,5995,21062,MATYS,1.19
2565,a,5995,9436,NertZ,1.11
2565,a,5995,20447,HeavyGod,0.95
2565,a,5995,19164,SunPayus,0.66
2565,a,5995,21272,tAk,0.55
2565,b,7020,18317,magixx,1.52
2565,b,7020,16920,sh1ro,1.34
2565,b,7020,19808,tN1R,1.25
2565,b,7020,21167,donk,0.9
2565,b,7020,20423,zont1x,0.88
831,b,4608,18987,b1t,2.13
831,b,4608,22673,makazze,1.52
831,b,4608,9816,Aleksib,1.36
831,b,4608,14759,iM,1.13
831,b,4608,20127,w0nderful,1.12
831,a,11861,21243,Wicadia,1.19
831,a,11861,20968,soulfly,0.92
831,a,11861,150,MAJ3R,0.63
831,a,11861,7938,XANTARES,0.61
831,a,11861,8574,woxic,0.57
1776,b,8297,24144,molodoy,1.71
1776,b,8297,13915,YEKINDAR,1.3
1776,b,8297,2023,FalleN,1.06
1776,b,8297,15631,KSCERATO,1.03
1776,b,8297,12553,yuurih,1.0
1776,a,4494,13666,Brollan,1.42
1776,a,4494,18221,Spinx,0.89
1776,a,4494,18850,Jimpphat,0.78
1776,a,4494,18072,torzsi,0.75
1776,a,4494,20312,xertioN,0.59
1758,a,7020,19808,tN1R,1.61
1758,a,7020,16920,sh1ro,1.47
1758,a,7020,21167,donk,1.31
1758,a,7020,20423,zont1x,1.26
1758,a,7020,18317,magixx,0.76
1758,b,4494,18221,Spinx,1.12
1758,b,4494,18850,Jimpphat,0.93
1758,b,4494,20312,xertioN,0.77
1758,b,4494,13666,Brollan,0.65
1758,b,4494,18072,torzsi,0.61
1930,a,9565,7322,apEX,1.91
1930,a,9565,11893,ZywOo,1.44
1930,a,9565,11816,ropz,1.14
1930,a,9565,16693,flameZ,1.09
1930,a,9565,18462,mezii,0.92
1930,b,4608,18987,b1t,0.97
1930,b,4608,20127,w0nderful,0.93
1930,b,4608,22673,makazze,0.87
1930,b,4608,9816,Aleksib,0.7
1930,b,4608,14759,iM,0.42
554,b,11283,19230,m0NESY,1.11
554,b,11283,12018,TeSeS,0.94
554,b,11283,19677,kyxsan,0.77
554,b,11283,24177,kyousuke,0.69
554,b,11283,3741,NiKo,0.4
554,a,7020,20423,zont1x,1.62
554,a,7020,19808,tN1R,1.37
554,a,7020,18317,magixx,1.26
554,a,7020,16920,sh1ro,1.21
554,a,7020,21167,donk,1.19
2966,b,8297,12553,yuurih,1.11
2966,b,8297,15631,KSCERATO,1.03
2966,b,8297,13915,YEKINDAR,0.92
2966,b,8297,2023,FalleN,0.73
2966,b,8297,24144,molodoy,0.63
2966,a,9565,11893,ZywOo,1.57
2966,a,9565,16693,flameZ,1.44
2966,a,9565,7322,apEX,1.2
2966,a,9565,11816,ropz,1.12
2966,a,9565,18462,mezii,0.73
567,b,11283,3741,NiKo,1.21
567,b,11283,19230,m0NESY,1.15
567,b,11283,24177,kyousuke,1.09
567,b,11283,19677,kyxsan,1.03
567,b,11283,12018,TeSeS,1.02
567,a,8297,15631,KSCERATO,1.78
567,a,8297,2023,FalleN,1.04
567,a,8297,13915,YEKINDAR,0.88
567,a,8297,12553,yuurih,0.85
567,a,8297,24144,molodoy,0.84
2849,b,7020,21167,donk,1.39
2849,b,7020,20423,zont1x,1.04
2849,b,7020,16920,sh1ro,0.72
2849,b,7020,18317,magixx,0.55
2849,b,7020,19808,tN1R,0.49
2849,a,9565,11893,ZywOo,1.62
2849,a,9565,7322,apEX,1.32
2849,a,9565,16693,flameZ,1.3
2849,a,9565,18462,mezii,1.26
2849,a,9565,11816,ropz,1.15
2870,b,7532,14932,faveN,1.25
2870,b,7532,5794,tabseN,1.01
2870,b,7532,14929,JDC,0.91
2870,b,7532,15165,blameF,0.79
2870,b,7532,22884,gr1ks,0.7
2870,a,7175,20119,nilo,1.81
2870,a,7175,19187,xfl0ud,1.4
2870,a,7175,21983,Chr1zN,1.28
2870,a,7175,21163,susp,1.18
2870,a,7175,22047,yxngstxr,0.88
746,a,11811,17145,Rainwaker,1.75
746,a,11811,19015,Bymas,1.32
746,a,11811,22106,AZUWU,1.09
746,a,11811,19926,afro,0.96
746,a,11811,21816,Gizmy,0.64
746,b,4411,14148,sjuush,1.29
746,b,4411,23372,xKacpersky,1.17
746,b,4411,24283,cairne,1.11
746,b,4411,10994,stavn,0.89
746,b,4411,922,Snappi,0.57
1373,b,9996,12092,max,0.92
1373,b,9996,14736,dgt,0.8
1373,b,9996,14737,meyern,0.63
1373,b,9996,20394,luchov,0.61
1373,b,9996,22613,HUASOPEEK,0.44
1373,a,12468,19045,latto,1.71
1373,a,12468,19686,n1ssim,1.6
1373,a,12468,12521,arT,1.52
1373,a,12468,22965,saadzin,1.23
1373,a,12468,15698,dumau,1.05
780,a,7175,20119,nilo,1.57
780,a,7175,19187,xfl0ud,1.27
780,a,7175,21163,susp,1.17
780,a,7175,21983,Chr1zN,1.07
780,a,7175,22047,yxngstxr,0.83
780,b,11811,19926,afro,1.54
780,b,11811,17145,Rainwaker,1.06
780,b,11811,22106,AZUWU,0.9
780,b,11811,19015,Bymas,0.75
780,b,11811,21816,Gizmy,0.71
1649,a,7532,5794,tabseN,1.61
1649,a,7532,22884,gr1ks,1.11
1649,a,7532,14929,JDC,1.1
1649,a,7532,15165,blameF,0.57
1649,a,7532,14932,faveN,0.41
1649,b,4411,922,Snappi,1.73
1649,b,4411,23372,xKacpersky,1.47
1649,b,4411,24283,cairne,1.44
1649,b,4411,14148,sjuush,1.02
1649,b,4411,10994,stavn,0.85
1224,b,6673,16717,br0,1.24
1224,b,6673,8711,Sonic,1.24
1224,b,6673,13249,oSee,0.84
1224,b,6673,13578,Grim,0.83
1224,b,6673,7687,nitr0,0.56
1224,a,12426,20903,Senzu,1.32
1224,a,12426,11630,JT,1.28
1224,a,12426,21452,Kvem,1.2
1224,a,12426,19869,try,1.12
1224,a,12426,21620,nicx,0.65
747,b,11811,17145,Rainwaker,1.93
747,b,11811,19926,afro,1.64
747,b,11811,19015,Bymas,1.62
747,b,11811,22106,AZUWU,1.55
747,b,11811,21816,Gizmy,0.95
747,a,4411,922,Snappi,0.9
747,a,4411,23372,xKacpersky,0.75
747,a,4411,10994,stavn,0.51
747,a,4411,24283,cairne,0.47
747,a,4411,14148,sjuush,0.37
781,a,7175,19187,xfl0ud,1.28
781,a,7175,21163,susp,1.18
781,a,7175,20119,nilo,0.96
781,a,7175,22047,yxngstxr,0.91
781,a,7175,21983,Chr1zN,0.53
781,b,11811,22106,AZUWU,1.77
781,b,11811,19926,afro,1.32
781,b,11811,21816,Gizmy,0.98
781,b,11811,17145,Rainwaker,0.97
781,b,11811,19015,Bymas,0.76
210,b,13404,8371,alex,1.5
210,b,13404,18749,sausol,1.05
210,b,13404,19509,dav1g,0.94
210,b,13404,21239,MartinezSa,0.89
210,b,13404,9254,mopoz,0.84
210,a,10577,11199,beastik,1.17
210,a,10577,12810,SHOCK,1.14
210,a,10577,23459,stressarN,1.13
210,a,10577,21113,MoDo,1.05
210,a,10577,23295,kisserek,0.91
1374,a,12468,19045,latto,1.63
1374,a,12468,12521,arT,1.32
1374,a,12468,19686,n1ssim,1.29
1374,a,12468,15698,dumau,1.0
1374,a,12468,22965,saadzin,0.78
1374,b,9996,12092,max,1.19
1374,b,9996,14737,meyern,1.13
1374,b,9996,22613,HUASOPEEK,1.05
1374,b,9996,14736,dgt,1.01
1374,b,9996,20394,luchov,0.53
1537,a,9565,7322,apEX,1.73
1537,a,9565,11893,ZywOo,1.36
1537,a,9565,16693,flameZ,1.1
1537,a,9565,18462,mezii,0.9
1537,a,9565,11816,ropz,0.83
1537,b,13286,20584,dem0n,1.16
1537,b,13286,22203,Krabeni,1.15
1537,b,13286,22674,cmtry,1.12
1537,b,13286,23553,dziugss,0.9
1537,b,13286,14202,coolio,0.48
2539,b,6665,20304,Staehr,1.22
2539,b,6665,16726,phzy,1.11
2539,b,6665,10096,HooXi,1.02
2539,b,6665,17956,jabbi,0.72
2539,b,6665,21217,ryu,0.51
2539,a,5995,20447,HeavyGod,1.5
2539,a,5995,19164,SunPayus,1.31
2539,a,5995,3972,huNter-,1.2
2539,a,5995,9436,NertZ,0.93
2539,a,5995,21062,MATYS,0.9
1886,b,4608,22673,makazze,1.72
1886,b,4608,14759,iM,1.35
1886,b,4608,18987,b1t,0.97
1886,b,4608,20127,w0nderful,0.94
1886,b,4608,9816,Aleksib,0.78
1886,a,6667,10394,Twistzz,1.22
1886,a,6667,9960,frozen,1.2
1886,a,6667,18053,broky,0.89
1886,a,6667,22383,jcobbb,0.88
1886,a,6667,21972,Neityu,0.54
2974,a,8297,15631,KSCERATO,1.36
2974,a,8297,13915,YEKINDAR,1.33
2974,a,8297,2023,FalleN,0.82
2974,a,8297,24144,molodoy,0.66
2974,a,8297,12553,yuurih,0.6
2974,b,9928,22279,PR,1.78
2974,b,9928,2553,Snax,1.21
2974,b,9928,20301,Tauson,1.03
2974,b,9928,23766,hypex,0.97
2974,b,9928,9278,REZ,0.91
1523,a,13286,22203,Krabeni,1.34
1523,a,13286,23553,dziugss,1.17
1523,a,13286,20584,dem0n,0.96
1523,a,13286,22674,cmtry,0.82
1523,a,13286,14202,coolio,0.64
1523,b,6665,17956,jabbi,1.29
1523,b,6665,16726,phzy,1.2
1523,b,6665,10096,HooXi,1.12
1523,b,6665,21217,ryu,0.99
1523,b,6665,20304,Staehr,0.87
2608,b,9565,11893,ZywOo,1.96
2608,b,9565,11816,ropz,1.65
2608,b,9565,18462,mezii,1.58
2608,b,9565,16693,flameZ,1.33
2608,b,9565,7322,apEX,1.2
2608,a,5995,9436,NertZ,1.19
2608,a,5995,20447,HeavyGod,1.03
2608,a,5995,19164,SunPayus,0.52
2608,a,5995,3972,huNter-,0.47
2608,a,5995,21062,MATYS,0.28
1204,a,12426,11630,JT,1.16
1204,a,12426,19869,try,0.85
1204,a,12426,21620,nicx,0.76
1204,a,12426,12731,sdy,0.74
1204,a,12426,21452,Kvem,0.49
1204,b,13679,24203,Jorko,1.97
1204,b,13679,24332,Matheos,1.62
1204,b,13679,20358,volt,1.29
1204,b,13679,16486,ztr,1.13
1204,b,13679,20625,Banjo,1.01
2779,b,6667,9960,frozen,1.94
2779,b,6667,18053,broky,1.59
2779,b,6667,22383,jcobbb,1.53
2779,b,6667,21972,Neityu,1.36
2779,b,6667,10394,Twistzz,0.96
2779,a,8297,13915,YEKINDAR,0.77
2779,a,8297,12553,yuurih,0.72
2779,a,8297,2023,FalleN,0.61
2779,a,8297,24144,molodoy,0.55
2779,a,8297,15631,KSCERATO,0.54
1939,b,4608,20127,w0nderful,1.78
1939,b,4608,22673,makazze,1.51
1939,b,4608,9816,Aleksib,1.43
1939,b,4608,18987,b1t,1.36
1939,b,4608,14759,iM,1.3
1939,a,9928,9278,REZ,1.09
1939,a,9928,20301,Tauson,0.87
1939,a,9928,22279,PR,0.77
1939,a,9928,2553,Snax,0.49
1939,a,9928,23766,hypex,0.42
2551,a,5995,20447,HeavyGod,1.42
2551,a,5995,9436,NertZ,1.09
2551,a,5995,21062,MATYS,0.79
2551,a,5995,3972,huNter-,0.76
2551,a,5995,19164,SunPayus,0.72
2551,b,6667,9960,frozen,1.63
2551,b,6667,18053,broky,1.1
2551,b,6667,21972,Neityu,1.08
2551,b,6667,22383,jcobbb,0.99
2551,b,6667,10394,Twistzz,0.94
2749,b,9928,2553,Snax,1.5
2749,b,9928,9278,REZ,1.47
2749,b,9928,20301,Tauson,1.11
2749,b,9928,22279,PR,0.85
2749,b,9928,23766,hypex,0.74
2749,a,6665,20304,Staehr,1.39
2749,a,6665,16726,phzy,1.16
2749,a,6665,10096,HooXi,0.97
2749,a,6665,21217,ryu,0.96
2749,a,6665,17956,jabbi,0.82
1543,b,13404,8371,alex,2.03
1543,b,13404,21239,MartinezSa,1.3
1543,b,13404,18749,sausol,1.12
1543,b,13404,19509,dav1g,1.09
1543,b,13404,9254,mopoz,0.94
1543,a,13679,20358,volt,1.37
1543,a,13679,24203,Jorko,1.01
1543,a,13679,20625,Banjo,0.89
1543,a,13679,24332,Matheos,0.61
1543,a,13679,16486,ztr,0.48
1887,b,4608,14759,iM,1.45
1887,b,4608,22673,makazze,1.4
1887,b,4608,18987,b1t,1.24
1887,b,4608,20127,w0nderful,1.02
1887,b,4608,9816,Aleksib,0.92
1887,a,6667,21972,Neityu,1.36
1887,a,6667,10394,Twistzz,1.09
1887,a,6667,18053,broky,1.0
1887,a,6667,9960,frozen,0.8
1887,a,6667,22383,jcobbb,0.58
3019,b,9565,16693,flameZ,1.23
3019,b,9565,11816,ropz,1.21
3019,b,9565,11893,ZywOo,1.09
3019,b,9565,7322,apEX,1.02
3019,b,9565,18462,mezii,0.99
3019,a,9928,2553,Snax,1.26
3019,a,9928,23766,hypex,1.12
3019,a,9928,22279,PR,1.09
3019,a,9928,9278,REZ,0.87
3019,a,9928,20301,Tauson,0.82
1540,b,13404,21239,MartinezSa,1.29
1540,b,13404,9254,mopoz,1.28
1540,b,13404,8371,alex,1.0
1540,b,13404,19509,dav1g,0.93
1540,b,13404,18749,sausol,0.7
1540,a,13592,23858,mo0N,1.29
1540,a,13592,19874,MaSvAl,1.14
1540,a,13592,22075,sFade8,1.06
1540,a,13592,24173,tenzy,0.96
1540,a,13592,22076,AW,0.93
1933,a,4608,18987,b1t,1.35
1933,a,4608,20127,w0nderful,0.79
1933,a,4608,22673,makazze,0.75
1933,a,4608,14759,iM,0.66
1933,a,4608,9816,Aleksib,0.48
1933,b,9565,11893,ZywOo,2.18
1933,b,9565,11816,ropz,1.93
1933,b,9565,18462,mezii,1.25
1933,b,9565,16693,flameZ,1.13
1933,b,9565,7322,apEX,0.8
891,b,11861,21243,Wicadia,1.24
891,b,11861,7938,XANTARES,1.14
891,b,11861,8574,woxic,0.94
891,b,11861,150,MAJ3R,0.91
891,b,11861,20968,soulfly,0.63
891,a,7175,20119,nilo,1.59
891,a,7175,19187,xfl0ud,1.58
891,a,7175,21983,Chr1zN,1.02
891,a,7175,22047,yxngstxr,0.93
891,a,7175,21163,susp,0.65
1576,b,6248,21809,910,1.96
1576,b,6248,20275,Techno,1.32
1576,b,6248,23402,cobrazera,1.25
1576,b,6248,21001,mzinho,1.21
1576,b,6248,20194,bLitz,1.05
1576,a,13592,19874,MaSvAl,1.08
1576,a,13592,24173,tenzy,1.01
1576,a,13592,23858,mo0N,0.82
1576,a,13592,22076,AW,0.8
1576,a,13592,22075,sFade8,0.72
1550,a,4494,20312,xertioN,1.7
1550,a,4494,24457,xelex,1.54
1550,a,4494,19206,jL,1.21
1550,a,4494,18072,torzsi,1.07
1550,a,4494,18221,Spinx,1.01
1550,b,13404,19509,dav1g,1.25
1550,b,13404,18749,sausol,1.07
1550,b,13404,21239,MartinezSa,0.94
1550,b,13404,9254,mopoz,0.71
1550,b,13404,8371,alex,0.55
1296,b,12467,13776,Jame,0.96
1296,b,12467,22471,xiELO,0.94
1296,b,12467,19235,BELCHONOKK,0.92
1296,b,12467,22929,nota,0.89
1296,b,12467,23685,zweih,0.66
1296,a,9996,14736,dgt,2.32
1296,a,9996,22613,HUASOPEEK,1.29
1296,a,9996,20394,luchov,1.09
1296,a,9996,12092,max,0.78
1296,a,9996,14737,meyern,0.78
787,b,8297,24144,molodoy,2.22
787,b,8297,15631,KSCERATO,1.99
787,b,8297,13915,YEKINDAR,1.28
787,b,8297,2023,FalleN,1.01
787,b,8297,12553,yuurih,0.95
787,a,11811,17145,Rainwaker,0.8
787,a,11811,22106,AZUWU,0.76
787,a,11811,21816,Gizmy,0.59
787,a,11811,19926,afro,0.49
787,a,11811,19015,Bymas,0.38
1709,a,4494,20312,xertioN,1.53
1709,a,4494,18072,torzsi,1.32
1709,a,4494,18221,Spinx,1.31
1709,a,4494,24457,xelex,1.12
1709,a,4494,19206,jL,1.08
1709,b,5995,21062,MATYS,1.45
1709,b,5995,9436,NertZ,0.79
1709,b,5995,19164,SunPayus,0.78
1709,b,5995,20447,HeavyGod,0.69
1709,b,5995,3972,huNter-,0.47
2632,b,6248,21809,910,1.09
2632,b,6248,20194,bLitz,0.98
2632,b,6248,20275,Techno,0.87
2632,b,6248,21001,mzinho,0.85
2632,b,6248,23402,cobrazera,0.79
2632,a,7020,21167,donk,1.77
2632,a,7020,19808,tN1R,1.27
2632,a,7020,16920,sh1ro,1.08
2632,a,7020,18317,magixx,1.0
2632,a,7020,20423,zont1x,0.84
2879,b,8297,2023,FalleN,1.74
2879,b,8297,13915,YEKINDAR,1.5
2879,b,8297,24144,molodoy,1.31
2879,b,8297,12553,yuurih,1.21
2879,b,8297,15631,KSCERATO,0.92
2879,a,7175,21163,susp,1.18
2879,a,7175,22047,yxngstxr,0.88
2879,a,7175,20119,nilo,0.66
2879,a,7175,19187,xfl0ud,0.59
2879,a,7175,21983,Chr1zN,0.55
744,a,11811,22106,AZUWU,1.67
744,a,11811,21816,Gizmy,1.5
744,a,11811,19926,afro,1.26
744,a,11811,17145,Rainwaker,1.25
744,a,11811,19015,Bymas,1.04
744,b,13592,24173,tenzy,1.21
744,b,13592,22075,sFade8,0.73
744,b,13592,22076,AW,0.68
744,b,13592,19874,MaSvAl,0.61
744,b,13592,23858,mo0N,0.46
594,a,11283,3741,NiKo,0.88
594,a,11283,24177,kyousuke,0.73
594,a,11283,12018,TeSeS,0.51
594,a,11283,429,karrigan,0.35
594,a,11283,19230,m0NESY,0.31
594,b,9996,20394,luchov,1.89
594,b,9996,14736,dgt,1.76
594,b,9996,14737,meyern,1.67
594,b,9996,22613,HUASOPEEK,1.46
594,b,9996,12092,max,1.4
806,b,12467,23685,zweih,0.97
806,b,12467,13776,Jame,0.96
806,b,12467,22471,xiELO,0.9
806,b,12467,22929,nota,0.87
806,b,12467,19235,BELCHONOKK,0.84
806,a,11861,20968,soulfly,1.69
806,a,11861,7938,XANTARES,1.27
806,a,11861,21243,Wicadia,1.05
806,a,11861,8574,woxic,0.81
806,a,11861,150,MAJ3R,0.78
1560,b,7175,21163,susp,1.06
1560,b,7175,22047,yxngstxr,1.04
1560,b,7175,19187,xfl0ud,0.88
1560,b,7175,20119,nilo,0.62
1560,b,7175,21983,Chr1zN,0.48
1560,a,13404,21239,MartinezSa,1.63
1560,a,13404,18749,sausol,1.52
1560,a,13404,8371,alex,1.27
1560,a,13404,9254,mopoz,1.25
1560,a,13404,19509,dav1g,1.02
2534,b,6248,21809,910,1.38
2534,b,6248,20275,Techno,1.22
2534,b,6248,20194,bLitz,1.18
2534,b,6248,21001,mzinho,1.13
2534,b,6248,23402,cobrazera,0.86
2534,a,5995,20447,HeavyGod,1.27
2534,a,5995,9436,NertZ,1.06
2534,a,5995,21062,MATYS,1.01
2534,a,5995,19164,SunPayus,0.89
2534,a,5995,3972,huNter-,0.85
434,b,11283,19230,m0NESY,1.69
434,b,11283,3741,NiKo,1.64
434,b,11283,12018,TeSeS,1.04
434,b,11283,24177,kyousuke,0.98
434,b,11283,429,karrigan,0.76
434,a,11811,22106,AZUWU,1.03
434,a,11811,21816,Gizmy,1.02
434,a,11811,17145,Rainwaker,0.82
434,a,11811,19926,afro,0.81
434,a,11811,19015,Bymas,0.71
1809,a,4494,19206,jL,1.17
1809,a,4494,20312,xertioN,1.06
1809,a,4494,24457,xelex,0.99
1809,a,4494,18072,torzsi,0.9
1809,a,4494,18221,Spinx,0.82
1809,b,9996,12092,max,1.47
1809,b,9996,14736,dgt,1.37
1809,b,9996,14737,meyern,1.1
1809,b,9996,20394,luchov,0.98
1809,b,9996,22613,HUASOPEEK,0.79
2831,a,8297,15631,KSCERATO,1.17
2831,a,8297,13915,YEKINDAR,1.13
2831,a,8297,24144,molodoy,1.05
2831,a,8297,12553,yuurih,0.87
2831,a,8297,2023,FalleN,0.83
2831,b,7020,21167,donk,1.58
2831,b,7020,18317,magixx,1.01
2831,b,7020,19808,tN1R,0.99
2831,b,7020,16920,sh1ro,0.94
2831,b,7020,20423,zont1x,0.84
235,a,11241,22842,kensizor,1.24
235,a,11241,20112,alex666,0.97
235,a,11241,21708,npl,0.61
235,a,11241,25619,s1zzi,0.55
235,a,11241,23643,esenthial,0.34
235,b,12394,18506,S1ren,1.76
235,b,12394,20994,FL4MUS,1.61
235,b,12394,11840,Boombl4,1.19
235,b,12394,15662,zorte,1.16
235,b,12394,21667,Magnojez,1.02
1993,b,4773,20171,snow,1.65
1993,b,4773,18714,piriajr,1.4
1993,b,4773,16816,vsm,1.19
1993,b,4773,18141,biguzera,1.03
1993,b,4773,18835,saffee,0.97
1993,a,6667,18053,broky,1.08
1993,a,6667,21972,Neityu,1.06
1993,a,6667,10394,Twistzz,0.91
1993,a,6667,9960,frozen,0.79
1993,a,6667,22383,jcobbb,0.59
1529,a,6673,13578,Grim,0.96
1529,a,6673,7687,nitr0,0.84
1529,a,6673,13249,oSee,0.8
1529,a,6673,16717,br0,0.77
1529,a,6673,8711,Sonic,0.72
1529,b,13286,23553,dziugss,1.57
1529,b,13286,20584,dem0n,1.48
1529,b,13286,22203,Krabeni,1.34
1529,b,13286,20761,lauNX,1.1
1529,b,13286,22674,cmtry,0.97
217,a,10577,12810,SHOCK,1.05
217,a,10577,23459,stressarN,1.0
217,a,10577,23295,kisserek,0.9
217,a,10577,11199,beastik,0.8
217,a,10577,21113,MoDo,0.74
217,b,9928,2553,Snax,1.52
217,b,9928,20301,Tauson,1.45
217,b,9928,9278,REZ,1.24
217,b,9928,23766,hypex,1.05
217,b,9928,22279,PR,0.92
2471,a,5973,8738,EliGE,1.44
2471,a,5973,11617,malbsMd,1.22
2471,a,5973,21763,ultimate,0.88
2471,a,5973,16820,siuhy,0.86
2471,a,5973,8520,NAF,0.7
2471,b,6665,17956,jabbi,1.32
2471,b,6665,21217,ryu,1.2
2471,b,6665,20304,Staehr,1.03
2471,b,6665,10096,HooXi,0.91
2471,b,6665,16726,phzy,0.83
1030,b,12468,22965,saadzin,1.5
1030,b,12468,12521,arT,1.36
1030,b,12468,15698,dumau,1.3
1030,b,12468,19686,n1ssim,1.22
1030,b,12468,19045,latto,0.78
1030,a,12376,21665,JBa,1.24
1030,a,12376,16599,Swisher,0.99
1030,a,12376,20104,s1n,0.9
1030,a,12376,22921,Lake,0.74
1030,a,12376,15370,slaxz-,0.53
823,b,4494,20312,xertioN,1.4
823,b,4494,18221,Spinx,1.37
823,b,4494,18072,torzsi,1.08
823,b,4494,19206,jL,0.97
823,b,4494,24457,xelex,0.76
823,a,11861,21243,Wicadia,1.28
823,a,11861,7938,XANTARES,1.1
823,a,11861,20968,soulfly,1.09
823,a,11861,8574,woxic,0.76
823,a,11861,150,MAJ3R,0.75
1579,a,7175,21163,susp,1.09
1579,a,7175,22047,yxngstxr,0.92
1579,a,7175,20119,nilo,0.82
1579,a,7175,19187,xfl0ud,0.73
1579,a,7175,21983,Chr1zN,0.58
1579,b,13592,19874,MaSvAl,1.85
1579,b,13592,22075,sFade8,1.42
1579,b,13592,22076,AW,1.33
1579,b,13592,24173,tenzy,1.02
1579,b,13592,23858,mo0N,0.94
525,a,6248,21001,mzinho,1.35
525,a,6248,20194,bLitz,1.18
525,a,6248,21809,910,0.88
525,a,6248,23402,cobrazera,0.54
525,a,6248,20275,Techno,0.5
525,b,11283,24177,kyousuke,1.66
525,b,11283,19230,m0NESY,1.59
525,b,11283,3741,NiKo,1.1
525,b,11283,12018,TeSeS,0.98
525,b,11283,429,karrigan,0.91
1270,a,12467,22471,xiELO,1.38
1270,a,12467,23685,zweih,0.92
1270,a,12467,13776,Jame,0.87
1270,a,12467,19235,BELCHONOKK,0.71
1270,a,12467,22929,nota,0.6
1270,b,5995,3972,huNter-,1.7
1270,b,5995,19164,SunPayus,1.43
1270,b,5995,9436,NertZ,1.12
1270,b,5995,20447,HeavyGod,0.95
1270,b,5995,21062,MATYS,0.65
1564,a,8297,24144,molodoy,1.87
1564,a,8297,13915,YEKINDAR,1.39
1564,a,8297,2023,FalleN,1.35
1564,a,8297,12553,yuurih,1.12
1564,a,8297,15631,KSCERATO,1.07
1564,b,13404,21239,MartinezSa,1.33
1564,b,13404,18749,sausol,1.09
1564,b,13404,9254,mopoz,0.92
1564,b,13404,19509,dav1g,0.67
1564,b,13404,8371,alex,0.46
2755,b,6667,9960,frozen,1.28
2755,b,6667,18053,broky,1.21
2755,b,6667,10394,Twistzz,1.19
2755,b,6667,21972,Neityu,0.83
2755,b,6667,22383,jcobbb,0.77
2755,a,6673,16717,br0,1.27
2755,a,6673,13578,Grim,1.24
2755,a,6673,13249,oSee,1.11
2755,a,6673,8711,Sonic,1.02
2755,a,6673,7687,nitr0,0.78
1505,b,4773,20171,snow,1.31
1505,b,4773,18141,biguzera,1.28
1505,b,4773,16816,vsm,1.06
1505,b,4773,18714,piriajr,1.0
1505,b,4773,18835,saffee,0.75
1505,a,13286,20584,dem0n,1.43
1505,a,13286,22203,Krabeni,1.17
1505,a,13286,23553,dziugss,1.1
1505,a,13286,22674,cmtry,0.97
1505,a,13286,20761,lauNX,0.46
1187,a,12394,21667,Magnojez,1.79
1187,a,12394,20994,FL4MUS,1.17
1187,a,12394,18506,S1ren,1.15
1187,a,12394,15662,zorte,0.92
1187,a,12394,11840,Boombl4,0.89
1187,b,9565,18462,mezii,1.21
1187,b,9565,11816,ropz,1.15
1187,b,9565,11893,ZywOo,1.1
1187,b,9565,16693,flameZ,0.58
1187,b,9565,7322,apEX,0.49
1937,b,4608,22673,makazze,1.27
1937,b,4608,14759,iM,1.14
1937,b,4608,9816,Aleksib,1.05
1937,b,4608,20127,w0nderful,1.02
1937,b,4608,18987,b1t,0.78
1937,a,9928,22279,PR,1.52
1937,a,9928,23766,hypex,1.16
1937,a,9928,9278,REZ,0.99
1937,a,9928,20301,Tauson,0.95
1937,a,9928,2553,Snax,0.89
1340,b,6665,20304,Staehr,1.21
1340,b,6665,21217,ryu,1.16
1340,b,6665,17956,jabbi,0.99
1340,b,6665,10096,HooXi,0.66
1340,b,6665,16726,phzy,0.43
1340,a,12468,19045,latto,1.71
1340,a,12468,12521,arT,1.58
1340,a,12468,19686,n1ssim,1.21
1340,a,12468,15698,dumau,1.08
1340,a,12468,22965,saadzin,0.96
1062,b,5973,11617,malbsMd,1.57
1062,b,5973,8520,NAF,1.55
1062,b,5973,8738,EliGE,1.36
1062,b,5973,21763,ultimate,1.05
1062,b,5973,16820,siuhy,0.91
1062,a,12376,22921,Lake,1.11
1062,a,12376,16599,Swisher,0.88
1062,a,12376,20104,s1n,0.86
1062,a,12376,21665,JBa,0.64
1062,a,12376,15370,slaxz-,0.63
1539,b,13404,18749,sausol,1.16
1539,b,13404,21239,MartinezSa,1.13
1539,b,13404,19509,dav1g,1.06
1539,b,13404,8371,alex,1.05
1539,b,13404,9254,mopoz,0.59
1539,a,13592,19874,MaSvAl,1.62
1539,a,13592,22076,AW,1.14
1539,a,13592,24173,tenzy,0.92
1539,a,13592,23858,mo0N,0.84
1539,a,13592,22075,sFade8,0.73
769,b,11811,17145,Rainwaker,0.78
769,b,11811,19926,afro,0.67
769,b,11811,19015,Bymas,0.57
769,b,11811,21816,Gizmy,0.49
769,b,11811,22106,AZUWU,0.27
769,a,5995,9436,NertZ,1.79
769,a,5995,20447,HeavyGod,1.68
769,a,5995,3972,huNter-,1.44
769,a,5995,19164,SunPayus,1.37
769,a,5995,21062,MATYS,1.13
863,b,6248,20275,Techno,1.72
863,b,6248,20194,bLitz,0.83
863,b,6248,23402,cobrazera,0.82
863,b,6248,21001,mzinho,0.76
863,b,6248,21809,910,0.74
863,a,11861,7938,XANTARES,1.41
863,a,11861,8574,woxic,1.26
863,a,11861,20968,soulfly,1.2
863,a,11861,21243,Wicadia,1.15
863,a,11861,150,MAJ3R,0.82
255,a,11241,25619,s1zzi,1.36
255,a,11241,21708,npl,1.21
255,a,11241,22842,kensizor,1.06
255,a,11241,23643,esenthial,0.88
255,a,11241,20112,alex666,0.75
255,b,13286,20761,lauNX,1.22
255,b,13286,22674,cmtry,1.18
255,b,13286,22203,Krabeni,1.15
255,b,13286,20584,dem0n,1.12
255,b,13286,23553,dziugss,0.72
2799,a,6667,21972,Neityu,1.46
2799,a,6667,9960,frozen,1.19
2799,a,6667,18053,broky,0.94
2799,a,6667,10394,Twistzz,0.59
2799,a,6667,22383,jcobbb,0.32
2799,b,9565,11893,ZywOo,1.86
2799,b,9565,7322,apEX,1.66
2799,b,9565,11816,ropz,1.22
2799,b,9565,18462,mezii,1.18
2799,b,9565,16693,flameZ,0.66
213,a,10577,12810,SHOCK,1.16
213,a,10577,23295,kisserek,1.11
213,a,10577,11199,beastik,0.93
213,a,10577,23459,stressarN,0.71
213,a,10577,21113,MoDo,0.63
213,b,6665,16726,phzy,1.9
213,b,6665,10096,HooXi,1.08
213,b,6665,21217,ryu,1.05
213,b,6665,20304,Staehr,0.99
213,b,6665,17956,jabbi,0.98
2525,b,9928,20301,Tauson,1.68
2525,b,9928,22279,PR,1.5
2525,b,9928,9278,REZ,1.44
2525,b,9928,23766,hypex,1.01
2525,b,9928,2553,Snax,0.77
2525,a,5973,16820,siuhy,1.21
2525,a,5973,21763,ultimate,0.96
2525,a,5973,8738,EliGE,0.95
2525,a,5973,11617,malbsMd,0.76
2525,a,5973,8520,NAF,0.62
1124,b,12394,20994,FL4MUS,1.7
1124,b,12394,21667,Magnojez,1.47
1124,b,12394,11840,Boombl4,1.23
1124,b,12394,18506,S1ren,1.23
1124,b,12394,15662,zorte,1.13
1124,a,4773,18835,saffee,1.04
1124,a,4773,18714,piriajr,0.81
1124,a,4773,18141,biguzera,0.74
1124,a,4773,20171,snow,0.52
1124,a,4773,16816,vsm,0.47
330,a,11241,20112,alex666,1.36
330,a,11241,21708,npl,1.02
330,a,11241,22842,kensizor,0.75
330,a,11241,25619,s1zzi,0.72
330,a,11241,23643,esenthial,0.63
330,b,9565,16693,flameZ,1.53
330,b,9565,11816,ropz,1.44
330,b,9565,11893,ZywOo,1.15
330,b,9565,18462,mezii,0.93
330,b,9565,7322,apEX,0.81
2748,b,9928,22279,PR,1.64
2748,b,9928,23766,hypex,1.43
2748,b,9928,20301,Tauson,1.1
2748,b,9928,2553,Snax,1.09
2748,b,9928,9278,REZ,0.98
2748,a,6665,20304,Staehr,1.61
2748,a,6665,16726,phzy,0.9
2748,a,6665,10096,HooXi,0.8
2748,a,6665,17956,jabbi,0.54
2748,a,6665,21217,ryu,0.54
1312,b,4608,20127,w0nderful,1.36
1312,b,4608,22673,makazze,0.91
1312,b,4608,18987,b1t,0.86
1312,b,4608,9816,Aleksib,0.48
1312,b,4608,14759,iM,0.45
1312,a,12468,19045,latto,1.87
1312,a,12468,15698,dumau,1.66
1312,a,12468,19686,n1ssim,1.32
1312,a,12468,12521,arT,1.02
1312,a,12468,22965,saadzin,0.82
824,b,4494,20312,xertioN,1.74
824,b,4494,24457,xelex,1.4
824,b,4494,19206,jL,1.22
824,b,4494,18221,Spinx,0.91
824,b,4494,18072,torzsi,0.87
824,a,11861,8574,woxic,1.15
824,a,11861,150,MAJ3R,1.08
824,a,11861,21243,Wicadia,1.0
824,a,11861,7938,XANTARES,0.78
824,a,11861,20968,soulfly,0.48
2563,a,7020,21167,donk,1.56
2563,a,7020,16920,sh1ro,1.24
2563,a,7020,20423,zont1x,1.04
2563,a,7020,19808,tN1R,0.96
2563,a,7020,18317,magixx,0.85
2563,b,5995,19164,SunPayus,1.56
2563,b,5995,9436,NertZ,1.13
2563,b,5995,20447,HeavyGod,1.13
2563,b,5995,3972,huNter-,0.7
2563,b,5995,21062,MATYS,0.5
1580,b,9996,12092,max,1.17
1580,b,9996,20394,luchov,1.13
1580,b,9996,22613,HUASOPEEK,1.12
1580,b,9996,14737,meyern,0.92
1580,b,9996,14736,dgt,0.79
1580,a,13592,22076,AW,1.5
1580,a,13592,19874,MaSvAl,1.3
1580,a,13592,24173,tenzy,1.2
1580,a,13592,22075,sFade8,0.83
1580,a,13592,23858,mo0N,0.81
565,a,8297,13915,YEKINDAR,1.18
565,a,8297,15631,KSCERATO,1.16
565,a,8297,24144,molodoy,1.01
565,a,8297,2023,FalleN,0.94
565,a,8297,12553,yuurih,0.9
565,b,11283,12018,TeSeS,1.51
565,b,11283,24177,kyousuke,1.34
565,b,11283,3741,NiKo,1.05
565,b,11283,19230,m0NESY,1.05
565,b,11283,429,karrigan,0.64
2056,b,4773,20171,snow,1.19
2056,b,4773,18835,saffee,1.14
2056,b,4773,16816,vsm,0.91
2056,b,4773,18714,piriajr,0.81
2056,b,4773,18141,biguzera,0.74
2056,a,9928,9278,REZ,2.07
2056,a,9928,23766,hypex,1.39
2056,a,9928,22279,PR,1.0
2056,a,9928,20301,Tauson,0.89
2056,a,9928,2553,Snax,0.89
1931,a,4608,20127,w0nderful,1.87
1931,a,4608,18987,b1t,1.43
1931,a,4608,22673,makazze,1.42
1931,a,4608,14759,iM,1.24
1931,a,4608,9816,Aleksib,1.11
1931,b,9565,7322,apEX,0.91
1931,b,9565,16693,flameZ,0.89
1931,b,9565,11893,ZywOo,0.54
1931,b,9565,18462,mezii,0.48
1931,b,9565,11816,ropz,0.42
1756,b,4494,18072,torzsi,1.1
1756,b,4494,18221,Spinx,0.77
1756,b,4494,19206,jL,0.74
1756,b,4494,24457,xelex,0.6
1756,b,4494,20312,xertioN,0.57
1756,a,7020,21167,donk,2.07
1756,a,7020,16920,sh1ro,1.51
1756,a,7020,19808,tN1R,1.47
1756,a,7020,20423,zont1x,1.4
1756,a,7020,18317,magixx,1.19
459,b,13592,24173,tenzy,0.87
459,b,13592,23858,mo0N,0.71
459,b,13592,19874,MaSvAl,0.67
459,b,13592,22075,sFade8,0.49
459,b,13592,22076,AW,0.43
459,a,11283,19230,m0NESY,2.26
459,a,11283,24177,kyousuke,1.67
459,a,11283,3741,NiKo,1.63
459,a,11283,429,karrigan,0.95
459,a,11283,12018,TeSeS,0.9
1371,b,12468,22965,saadzin,1.44
1371,b,12468,19045,latto,0.84
1371,b,12468,19686,n1ssim,0.73
1371,b,12468,15698,dumau,0.68
1371,b,12468,12521,arT,0.41
1371,a,9928,9278,REZ,1.92
1371,a,9928,23766,hypex,1.62
1371,a,9928,20301,Tauson,1.42
1371,a,9928,22279,PR,1.14
1371,a,9928,2553,Snax,0.66
1122,b,12394,11840,Boombl4,1.19
1122,b,12394,20994,FL4MUS,0.82
1122,b,12394,21667,Magnojez,0.78
1122,b,12394,15662,zorte,0.61
1122,b,12394,18506,S1ren,0.6
1122,a,4608,20127,w0nderful,1.53
1122,a,4608,14759,iM,1.49
1122,a,4608,9816,Aleksib,1.25
1122,a,4608,18987,b1t,1.24
1122,a,4608,22673,makazze,1.17
1572,b,4494,19206,jL,2.12
1572,b,4494,18072,torzsi,1.47
1572,b,4494,24457,xelex,1.26
1572,b,4494,20312,xertioN,0.96
1572,b,4494,18221,Spinx,0.74
1572,a,13592,24173,tenzy,0.99
1572,a,13592,22076,AW,0.89
1572,a,13592,19874,MaSvAl,0.79
1572,a,13592,22075,sFade8,0.78
1572,a,13592,23858,mo0N,0.59
552,b,7020,21167,donk,2.01
552,b,7020,19808,tN1R,1.17
552,b,7020,16920,sh1ro,1.07
552,b,7020,20423,zont1x,0.98
552,b,7020,18317,magixx,0.98
552,a,11283,24177,kyousuke,1.3
552,a,11283,12018,TeSeS,1.13
552,a,11283,19230,m0NESY,1.06
552,a,11283,3741,NiKo,0.71
552,a,11283,429,karrigan,0.63
1100,a,12468,19045,latto,2.31
1100,a,12468,15698,dumau,1.53
1100,a,12468,12521,arT,1.42
1100,a,12468,22965,saadzin,1.15
1100,a,12468,19686,n1ssim,1.0
1100,b,12394,18506,S1ren,1.24
1100,b,12394,15662,zorte,0.81
1100,b,12394,21667,Magnojez,0.73
1100,b,12394,20994,FL4MUS,0.42
1100,b,12394,11840,Boombl4,0.33
1938,b,9928,9278,REZ,1.09
1938,b,9928,20301,Tauson,1.07
1938,b,9928,22279,PR,1.06
1938,b,9928,23766,hypex,0.97
1938,b,9928,2553,Snax,0.39
1938,a,4608,22673,makazze,1.35
1938,a,4608,20127,w0nderful,1.25
1938,a,4608,18987,b1t,1.21
1938,a,4608,9816,Aleksib,1.03
1938,a,4608,14759,iM,0.92
1267,b,12467,13776,Jame,1.83
1267,b,12467,22929,nota,1.26
1267,b,12467,22471,xiELO,1.25
1267,b,12467,23685,zweih,1.17
1267,b,12467,19235,BELCHONOKK,0.46
1267,a,5973,21763,ultimate,1.37
1267,a,5973,8520,NAF,1.22
1267,a,5973,16820,siuhy,0.82
1267,a,5973,5440,flashie,0.71
1267,a,5973,8738,EliGE,0.56
2245,b,4914,14176,misutaaa,1.41
2245,b,4914,19739,Ex3rcice,1.11
2245,b,4914,13497,Lucky,0.97
2245,b,4914,21969,Graviti,0.86
2245,b,4914,13138,Maka,0.84
2245,a,9215,23192,kl1m,1.45
2245,a,9215,21288,venomzera,1.38
2245,a,9215,19310,LNZ,1.26
2245,a,9215,20987,brnz4n,1.06
2245,a,9215,21037,insani,0.97
261,a,11241,21708,npl,1.91
261,a,11241,22842,kensizor,1.11
261,a,11241,20112,alex666,0.99
261,a,11241,25619,s1zzi,0.97
261,a,11241,23643,esenthial,0.67
261,b,4411,24283,cairne,1.32
261,b,4411,14148,sjuush,1.25
261,b,4411,23372,xKacpersky,1.12
261,b,4411,10994,stavn,0.78
261,b,4411,922,Snappi,0.53
1672,a,4494,24457,xelex,1.04
1672,a,4494,18221,Spinx,0.94
1672,a,4494,19206,jL,0.94
1672,a,4494,20312,xertioN,0.54
1672,a,4494,18072,torzsi,0.43
1672,b,4863,21621,Moseyuh,1.65
1672,b,4863,24857,Zero,1.55
1672,b,4863,19645,JamYoung,1.4
1672,b,4863,20895,Mercury,1.07
1672,b,4863,20702,Jee,0.84
1347,a,12468,15698,dumau,1.6
1347,a,12468,19045,latto,1.33
1347,a,12468,19686,n1ssim,1.29
1347,a,12468,22965,saadzin,1.02
1347,a,12468,12521,arT,0.73
1347,b,6673,13578,Grim,1.71
1347,b,6673,7687,nitr0,1.28
1347,b,6673,13249,oSee,0.89
1347,b,6673,16717,br0,0.79
1347,b,6673,8711,Sonic,0.67
1045,a,4773,18714,piriajr,1.42
1045,a,4773,20171,snow,0.91
1045,a,4773,18141,biguzera,0.81
1045,a,4773,18835,saffee,0.64
1045,a,4773,16816,vsm,0.38
1045,b,12376,21665,JBa,1.6
1045,b,12376,16599,Swisher,1.24
1045,b,12376,22921,Lake,1.08
1045,b,12376,20104,s1n,1.05
1045,b,12376,15370,slaxz-,1.02
1290,a,9215,21037,insani,2.38
1290,a,9215,21288,venomzera,1.71
1290,a,9215,19310,LNZ,1.5
1290,a,9215,23192,kl1m,1.4
1290,a,9215,20987,brnz4n,0.67
1290,b,12467,19235,BELCHONOKK,1.06
1290,b,12467,13776,Jame,0.93
1290,b,12467,23685,zweih,0.85
1290,b,12467,22929,nota,0.46
1290,b,12467,22471,xiELO,0.39
291,a,6248,23402,cobrazera,1.24
291,a,6248,21809,910,1.17
291,a,6248,20275,Techno,0.83
291,a,6248,20194,bLitz,0.65
291,a,6248,21001,mzinho,0.64
291,b,11241,21708,npl,2.05
291,b,11241,23643,esenthial,1.23
291,b,11241,22842,kensizor,1.22
291,b,11241,25619,s1zzi,0.8
291,b,11241,20112,alex666,0.75
441,b,11283,19230,m0NESY,1.81
441,b,11283,24177,kyousuke,1.38
441,b,11283,3741,NiKo,0.99
441,b,11283,12018,TeSeS,0.92
441,b,11283,429,karrigan,0.64
441,a,12376,22921,Lake,1.25
441,a,12376,20104,s1n,1.04
441,a,12376,16599,Swisher,0.98
441,a,12376,21665,JBa,0.82
441,a,12376,15370,slaxz-,0.82
1318,b,12468,15698,dumau,1.27
1318,b,12468,19045,latto,1.25
1318,b,12468,22965,saadzin,1.13
1318,b,12468,19686,n1ssim,1.13
1318,b,12468,12521,arT,1.13
1318,a,4863,21621,Moseyuh,1.32
1318,a,4863,24857,Zero,0.87
1318,a,4863,20895,Mercury,0.86
1318,a,4863,20702,Jee,0.82
1318,a,4863,19645,JamYoung,0.68
1743,b,6673,13578,Grim,1.09
1743,b,6673,13249,oSee,0.98
1743,b,6673,8711,Sonic,0.92
1743,b,6673,7687,nitr0,0.91
1743,b,6673,8521,daps,0.59
1743,a,4494,18221,Spinx,1.64
1743,a,4494,20312,xertioN,1.23
1743,a,4494,18072,torzsi,1.17
1743,a,4494,19206,jL,1.13
1743,a,4494,24457,xelex,0.78
2180,b,4914,19739,Ex3rcice,1.29
2180,b,4914,13138,Maka,1.03
2180,b,4914,21969,Graviti,0.95
2180,b,4914,13497,Lucky,0.78
2180,b,4914,14176,misutaaa,0.61
2180,a,5973,8738,EliGE,1.57
2180,a,5973,8520,NAF,1.4
2180,a,5973,16820,siuhy,1.37
2180,a,5973,11617,malbsMd,1.22
2180,a,5973,21763,ultimate,0.65
2468,a,6248,21001,mzinho,1.59
2468,a,6248,21809,910,1.39
2468,a,6248,20194,bLitz,1.15
2468,a,6248,23402,cobrazera,0.94
2468,a,6248,20275,Techno,0.8
2468,b,5973,21763,ultimate,1.52
2468,b,5973,8520,NAF,0.93
2468,b,5973,11617,malbsMd,0.91
2468,b,5973,8738,EliGE,0.81
2468,b,5973,16820,siuhy,0.64
1040,b,12376,16599,Swisher,1.06
1040,b,12376,20104,s1n,0.68
1040,b,12376,15370,slaxz-,0.62
1040,b,12376,21665,JBa,0.47
1040,b,12376,22921,Lake,0.32
1040,a,4494,20312,xertioN,1.75
1040,a,4494,19206,jL,1.62
1040,a,4494,18221,Spinx,1.5
1040,a,4494,18072,torzsi,1.38
1040,a,4494,24457,xelex,1.3
1942,b,4863,20895,Mercury,1.2
1942,b,4863,21621,Moseyuh,1.07
1942,b,4863,19645,JamYoung,0.75
1942,b,4863,20702,Jee,0.7
1942,b,4863,24857,Zero,0.68
1942,a,4773,18835,saffee,1.58
1942,a,4773,18714,piriajr,1.32
1942,a,4773,20171,snow,1.2
1942,a,4773,18141,biguzera,1.19
1942,a,4773,16816,vsm,1.1
454,b,11283,12018,TeSeS,1.98
454,b,11283,24177,kyousuke,1.3
454,b,11283,3741,NiKo,1.16
454,b,11283,429,karrigan,0.81
454,b,11283,19230,m0NESY,0.71
454,a,12468,22965,saadzin,1.27
454,a,12468,19686,n1ssim,1.24
454,a,12468,19045,latto,0.85
454,a,12468,15698,dumau,0.84
454,a,12468,12521,arT,0.67
325,b,9215,21037,insani,3.28
325,b,9215,19310,LNZ,2.09
325,b,9215,23192,kl1m,1.06
325,b,9215,21288,venomzera,1.02
325,b,9215,20987,brnz4n,0.9
325,a,11241,20112,alex666,1.65
325,a,11241,22842,kensizor,0.65
325,a,11241,23643,esenthial,0.56
325,a,11241,21708,npl,0.39
325,a,11241,25619,s1zzi,0.31
1671,b,4494,24457,xelex,2.53
1671,b,4494,20312,xertioN,1.28
1671,b,4494,18072,torzsi,1.24
1671,b,4494,18221,Spinx,0.94
1671,b,4494,19206,jL,0.73
1671,a,4773,18714,piriajr,1.05
1671,a,4773,16816,vsm,0.91
1671,a,4773,18141,biguzera,0.76
1671,a,4773,18835,saffee,0.72
1671,a,4773,20171,snow,0.47
1272,b,6248,21809,910,1.65
1272,b,6248,20194,bLitz,1.3
1272,b,6248,20275,Techno,1.17
1272,b,6248,23402,cobrazera,0.87
1272,b,6248,21001,mzinho,0.77
1272,a,12467,13776,Jame,1.68
1272,a,12467,19235,BELCHONOKK,1.07
1272,a,12467,23685,zweih,1.05
1272,a,12467,22929,nota,0.78
1272,a,12467,22471,xiELO,0.49
265,b,11241,22842,kensizor,1.21
265,b,11241,21708,npl,1.19
265,b,11241,23643,esenthial,1.06
265,b,11241,20112,alex666,0.88
265,b,11241,25619,s1zzi,0.87
265,a,4494,20312,xertioN,1.35
265,a,4494,24457,xelex,1.12
265,a,4494,19206,jL,1.08
265,a,4494,18221,Spinx,1.02
265,a,4494,18072,torzsi,0.93
1336,a,12468,19045,latto,1.5
1336,a,12468,22965,saadzin,1.26
1336,a,12468,15698,dumau,1.25
1336,a,12468,12521,arT,1.15
1336,a,12468,19686,n1ssim,0.64
1336,b,6248,21001,mzinho,1.26
1336,b,6248,23402,cobrazera,1.01
1336,b,6248,21809,910,0.99
1336,b,6248,20194,bLitz,0.89
1336,b,6248,20275,Techno,0.79
473,a,11283,3741,NiKo,1.68
473,a,11283,12018,TeSeS,1.45
473,a,11283,24177,kyousuke,1.24
473,a,11283,19230,m0NESY,0.96
473,a,11283,429,karrigan,0.86
473,b,4494,18072,torzsi,1.54
473,b,4494,24457,xelex,1.1
473,b,4494,18221,Spinx,0.71
473,b,4494,20312,xertioN,0.59
473,b,4494,19206,jL,0.52
1360,b,9215,21037,insani,1.16
1360,b,9215,23192,kl1m,1.02
1360,b,9215,21288,venomzera,0.99
1360,b,9215,20987,brnz4n,0.61
1360,b,9215,19310,LNZ,0.54
1360,a,12468,19045,latto,1.71
1360,a,12468,22965,saadzin,1.58
1360,a,12468,15698,dumau,1.32
1360,a,12468,19686,n1ssim,1.32
1360,a,12468,12521,arT,0.78
707,b,12474,16487,eraa,0.99
707,b,12474,22860,avid,0.92
707,b,12474,24083,MaiL09,0.9
707,b,12474,7443,twist,0.78
707,b,12474,22760,upE,0.5
707,a,11737,20879,maxster,1.77
707,a,11737,3849,JW,1.42
707,a,11737,21159,bobeksde,1.3
707,a,11737,21012,Ro1f,1.17
707,a,11737,22914,dex,0.65
1781,a,4494,20312,xertioN,2.57
1781,a,4494,19206,jL,1.4
1781,a,4494,18072,torzsi,1.36
1781,a,4494,18221,Spinx,1.16
1781,a,4494,24457,xelex,0.98
1781,b,9215,21037,insani,1.09
1781,b,9215,23192,kl1m,0.87
1781,b,9215,20987,brnz4n,0.72
1781,b,9215,21288,venomzera,0.7
1781,b,9215,19310,LNZ,0.39
455,b,11283,24177,kyousuke,1.61
455,b,11283,19230,m0NESY,1.08
455,b,11283,3741,NiKo,0.74
455,b,11283,12018,TeSeS,0.67
455,b,11283,429,karrigan,0.51
455,a,12468,22965,saadzin,1.49
455,a,12468,15698,dumau,1.38
455,a,12468,19045,latto,1.26
455,a,12468,19686,n1ssim,1.07
455,a,12468,12521,arT,0.86
708,a,11737,20879,maxster,1.24
708,a,11737,22914,dex,1.06
708,a,11737,21159,bobeksde,1.04
708,a,11737,21012,Ro1f,0.85
708,a,11737,3849,JW,0.62
708,b,12474,24083,MaiL09,1.65
708,b,12474,22860,avid,1.51
708,b,12474,16487,eraa,1.35
708,b,12474,7443,twist,0.78
708,b,12474,22760,upE,0.73
1574,b,4914,13138,Maka,1.41
1574,b,4914,21969,Graviti,1.13
1574,b,4914,13497,Lucky,1.03
1574,b,4914,14176,misutaaa,0.72
1574,b,4914,19739,Ex3rcice,0.64
1574,a,13592,19874,MaSvAl,1.47
1574,a,13592,23858,mo0N,1.35
1574,a,13592,22076,AW,1.12
1574,a,13592,22075,sFade8,0.92
1574,a,13592,24173,tenzy,0.84
1644,b,7175,19187,xfl0ud,1.26
1644,b,7175,20119,nilo,1.19
1644,b,7175,21163,susp,1.03
1644,b,7175,22047,yxngstxr,0.73
1644,b,7175,21983,Chr1zN,0.52
1644,a,4411,10994,stavn,2.03
1644,a,4411,14148,sjuush,1.5
1644,a,4411,922,Snappi,0.98
1644,a,4411,23372,xKacpersky,0.9
1644,a,4411,24283,cairne,0.81
1380,b,6667,10394,Twistzz,2.33
1380,b,6667,22383,jcobbb,1.8
1380,b,6667,9960,frozen,1.06
1380,b,6667,18053,broky,0.89
1380,b,6667,21972,Neityu,0.69
1380,a,12474,16487,eraa,1.2
1380,a,12474,7443,twist,1.03
1380,a,12474,22760,upE,0.67
1380,a,12474,22860,avid,0.58
1380,a,12474,24083,MaiL09,0.52
1378,b,4914,19739,Ex3rcice,1.18
1378,b,4914,21969,Graviti,0.95
1378,b,4914,13138,Maka,0.95
1378,b,4914,13497,Lucky,0.85
1378,b,4914,14176,misutaaa,0.8
1378,a,12474,7443,twist,1.84
1378,a,12474,22860,avid,1.63
1378,a,12474,24083,MaiL09,0.96
1378,a,12474,22760,upE,0.96
1378,a,12474,16487,eraa,0.71
2899,b,7175,20119,nilo,1.24
2899,b,7175,21983,Chr1zN,1.24
2899,b,7175,19187,xfl0ud,1.0
2899,b,7175,21163,susp,0.92
2899,b,7175,22047,yxngstxr,0.78
2899,a,9996,14736,dgt,1.41
2899,a,9996,22613,HUASOPEEK,1.27
2899,a,9996,12092,max,1.1
2899,a,9996,20394,luchov,0.99
2899,a,9996,14737,meyern,0.83
1578,b,13592,19874,MaSvAl,1.57
1578,b,13592,22075,sFade8,1.13
1578,b,13592,22076,AW,1.06
1578,b,13592,23858,mo0N,0.94
1578,b,13592,24173,tenzy,0.7
1578,a,6667,9960,frozen,1.62
1578,a,6667,21972,Neityu,0.9
1578,a,6667,22383,jcobbb,0.86
1578,a,6667,10394,Twistzz,0.8
1578,a,6667,18053,broky,0.78
2806,a,9996,22613,HUASOPEEK,1.2
2806,a,9996,14737,meyern,0.93
2806,a,9996,14736,dgt,0.92
2806,a,9996,20394,luchov,0.84
2806,a,9996,12092,max,0.6
2806,b,6667,18053,broky,1.37
2806,b,6667,10394,Twistzz,1.25
2806,b,6667,21972,Neityu,1.25
2806,b,6667,9960,frozen,1.03
2806,b,6667,22383,jcobbb,0.95
1569,a,13592,22076,AW,2.06
1569,a,13592,23858,mo0N,1.9
1569,a,13592,24173,tenzy,1.54
1569,a,13592,19874,MaSvAl,1.39
1569,a,13592,22075,sFade8,0.98
1569,b,4411,10994,stavn,0.73
1569,b,4411,14148,sjuush,0.57
1569,b,4411,23372,xKacpersky,0.56
1569,b,4411,24283,cairne,0.49
1569,b,4411,922,Snappi,0.49
1632,b,4411,24283,cairne,1.52
1632,b,4411,23372,xKacpersky,1.16
1632,b,4411,10994,stavn,1.13
1632,b,4411,922,Snappi,1.0
1632,b,4411,14148,sjuush,0.87
1632,a,6667,9960,frozen,1.48
1632,a,6667,22383,jcobbb,1.11
1632,a,6667,21972,Neityu,0.81
1632,a,6667,18053,broky,0.78
1632,a,6667,10394,Twistzz,0.6
1570,a,13592,19874,MaSvAl,1.27
1570,a,13592,23858,mo0N,0.92
1570,a,13592,22075,sFade8,0.91
1570,a,13592,22076,AW,0.89
1570,a,13592,24173,tenzy,0.79
1570,b,4411,24283,cairne,1.56
1570,b,4411,10994,stavn,1.31
1570,b,4411,922,Snappi,1.23
1570,b,4411,14148,sjuush,0.96
1570,b,4411,23372,xKacpersky,0.79
1088,a,12376,16599,Swisher,1.7
1088,a,12376,21665,JBa,1.37
1088,a,12376,22921,Lake,1.36
1088,a,12376,15370,slaxz-,1.15
1088,a,12376,20104,s1n,0.9
1088,b,8840,16551,Westmelon,1.02
1088,b,8840,23100,C4LLM3SU3,0.97
1088,b,8840,20254,Starry,0.84
1088,b,8840,18744,z4KR,0.69
1088,b,8840,22922,EmiliaQAQ,0.66
276,a,11241,22842,kensizor,1.98
276,a,11241,21708,npl,1.78
276,a,11241,20112,alex666,1.5
276,a,11241,23643,esenthial,0.74
276,a,11241,25619,s1zzi,0.65
276,b,4863,20702,Jee,1.26
276,b,4863,21621,Moseyuh,1.19
276,b,4863,20895,Mercury,0.99
276,b,4863,24857,Zero,0.68
276,b,4863,19645,JamYoung,0.61
2811,a,9928,23766,hypex,1.4
2811,a,9928,20301,Tauson,1.31
2811,a,9928,9278,REZ,1.09
2811,a,9928,2553,Snax,1.07
2811,a,9928,22279,PR,0.63
2811,b,6673,7687,nitr0,1.07
2811,b,6673,13578,Grim,1.06
2811,b,6673,16717,br0,0.96
2811,b,6673,8711,Sonic,0.85
2811,b,6673,13249,oSee,0.85
2498,a,7532,22884,gr1ks,1.2
2498,a,7532,14932,faveN,1.02
2498,a,7532,15165,blameF,0.99
2498,a,7532,5794,tabseN,0.9
2498,a,7532,14929,JDC,0.86
2498,b,5973,8520,NAF,1.61
2498,b,5973,8738,EliGE,1.59
2498,b,5973,16820,siuhy,1.15
2498,b,5973,11617,malbsMd,0.84
2498,b,5973,21763,ultimate,0.71
2883,a,7175,19187,xfl0ud,1.22
2883,a,7175,22047,yxngstxr,1.03
2883,a,7175,20119,nilo,0.86
2883,a,7175,21163,susp,0.84
2883,a,7175,21983,Chr1zN,0.67
2883,b,8840,16551,Westmelon,1.65
2883,b,8840,22922,EmiliaQAQ,1.45
2883,b,8840,23100,C4LLM3SU3,1.1
2883,b,8840,18744,z4KR,0.96
2883,b,8840,20254,Starry,0.68
214,a,10577,12810,SHOCK,1.23
214,a,10577,23295,kisserek,0.86
214,a,10577,21113,MoDo,0.7
214,a,10577,23459,stressarN,0.61
214,a,10577,11199,beastik,0.48
214,b,6673,13578,Grim,1.89
214,b,6673,8711,Sonic,1.53
214,b,6673,16717,br0,1.38
214,b,6673,7687,nitr0,0.99
214,b,6673,13249,oSee,0.89
2107,a,9215,19310,LNZ,1.71
2107,a,9215,21288,venomzera,1.12
2107,a,9215,21037,insani,1.1
2107,a,9215,23192,kl1m,1.06
2107,a,9215,20987,brnz4n,0.95
2107,b,4863,24857,Zero,1.14
2107,b,4863,19645,JamYoung,1.07
2107,b,4863,20702,Jee,1.03
2107,b,4863,21621,Moseyuh,0.92
2107,b,4863,20895,Mercury,0.82
1143,a,12394,11840,Boombl4,1.4
1143,a,12394,20357,d1Ledez,1.17
1143,a,12394,15662,zorte,1.13
1143,a,12394,20994,FL4MUS,1.07
1143,a,12394,21667,Magnojez,0.79
1143,b,5973,11617,malbsMd,1.34
1143,b,5973,8738,EliGE,1.07
1143,b,5973,8520,NAF,1.06
1143,b,5973,21763,ultimate,0.79
1143,b,5973,16820,siuhy,0.47
2511,a,5973,11617,malbsMd,1.5
2511,a,5973,21763,ultimate,1.26
2511,a,5973,8520,NAF,1.14
2511,a,5973,8738,EliGE,0.6
2511,a,5973,16820,siuhy,0.5
2511,b,9215,23192,kl1m,1.86
2511,b,9215,21288,venomzera,1.52
2511,b,9215,21037,insani,0.85
2511,b,9215,20987,brnz4n,0.76
2511,b,9215,19310,LNZ,0.63
211,b,4863,20702,Jee,1.26
211,b,4863,20895,Mercury,1.18
211,b,4863,21621,Moseyuh,1.08
211,b,4863,24857,Zero,0.92
211,b,4863,19645,JamYoung,0.81
211,a,10577,21113,MoDo,1.02
211,a,10577,12810,SHOCK,1.01
211,a,10577,11199,beastik,0.91
211,a,10577,23459,stressarN,0.82
211,a,10577,23295,kisserek,0.81
1195,b,9928,23766,hypex,1.04
1195,b,9928,22279,PR,0.96
1195,b,9928,9278,REZ,0.81
1195,b,9928,2553,Snax,0.62
1195,b,9928,20301,Tauson,0.52
1195,a,12394,21667,Magnojez,1.56
1195,a,12394,20994,FL4MUS,1.4
1195,a,12394,20357,d1Ledez,1.29
1195,a,12394,11840,Boombl4,1.18
1195,a,12394,15662,zorte,0.94
233,a,12376,21665,JBa,1.37
233,a,12376,22921,Lake,1.16
233,a,12376,16599,Swisher,1.01
233,a,12376,15370,slaxz-,0.99
233,a,12376,20104,s1n,0.65
233,b,11241,20112,alex666,1.59
233,b,11241,25619,s1zzi,1.29
233,b,11241,21708,npl,0.91
233,b,11241,23643,esenthial,0.8
233,b,11241,22842,kensizor,0.78
2927,b,9928,22279,PR,1.31
2927,b,9928,20301,Tauson,1.22
2927,b,9928,2553,Snax,1.17
2927,b,9928,23766,hypex,0.82
2927,b,9928,9278,REZ,0.72
2927,a,7532,14932,faveN,1.3
2927,a,7532,22884,gr1ks,1.23
2927,a,7532,15165,blameF,0.94
2927,a,7532,5794,tabseN,0.84
2927,a,7532,14929,JDC,0.76
2978,a,9215,21037,insani,2.46
2978,a,9215,23192,kl1m,1.5
2978,a,9215,19310,LNZ,1.48
2978,a,9215,21288,venomzera,1.34
2978,a,9215,20987,brnz4n,1.22
2978,b,8840,20254,Starry,1.07
2978,b,8840,23100,C4LLM3SU3,0.7
2978,b,8840,18744,z4KR,0.43
2978,b,8840,16551,Westmelon,0.42
2978,b,8840,22922,EmiliaQAQ,0.28
2497,b,5973,11617,malbsMd,1.82
2497,b,5973,8738,EliGE,1.18
2497,b,5973,8520,NAF,1.14
2497,b,5973,21763,ultimate,0.98
2497,b,5973,16820,siuhy,0.71
2497,a,7175,22047,yxngstxr,1.4
2497,a,7175,21983,Chr1zN,1.32
2497,a,7175,20119,nilo,1.19
2497,a,7175,21163,susp,0.74
2497,a,7175,19187,xfl0ud,0.47
1077,b,12376,22921,Lake,1.51
1077,b,12376,21665,JBa,1.44
1077,b,12376,16599,Swisher,1.34
1077,b,12376,20104,s1n,1.0
1077,b,12376,15370,slaxz-,0.57
1077,a,6673,13578,Grim,1.29
1077,a,6673,8711,Sonic,0.96
1077,a,6673,16717,br0,0.91
1077,a,6673,7687,nitr0,0.78
1077,a,6673,13249,oSee,0.76
2104,b,4863,24857,Zero,2.32
2104,b,4863,19645,JamYoung,1.36
2104,b,4863,20702,Jee,1.18
2104,b,4863,21621,Moseyuh,0.9
2104,b,4863,20895,Mercury,0.83
2104,a,8840,22922,EmiliaQAQ,1.56
2104,a,8840,20254,Starry,1.21
2104,a,8840,23100,C4LLM3SU3,0.74
2104,a,8840,18744,z4KR,0.6
2104,a,8840,16551,Westmelon,0.56
2808,a,6673,13578,Grim,1.33
2808,a,6673,7687,nitr0,1.29
2808,a,6673,16717,br0,0.99
2808,a,6673,13249,oSee,0.86
2808,a,6673,8711,Sonic,0.66
2808,b,7532,14932,faveN,1.78
2808,b,7532,14929,JDC,1.25
2808,b,7532,15165,blameF,1.2
2808,b,7532,5794,tabseN,0.98
2808,b,7532,22884,gr1ks,0.69
2752,a,6665,20304,Staehr,1.75
2752,a,6665,10096,HooXi,1.68
2752,a,6665,17956,jabbi,1.62
2752,a,6665,16726,phzy,1.0
2752,a,6665,21217,ryu,0.88
2752,b,9928,22279,PR,1.3
2752,b,9928,20301,Tauson,0.74
2752,b,9928,9278,REZ,0.65
2752,b,9928,2553,Snax,0.63
2752,b,9928,23766,hypex,0.57
258,a,13286,20584,dem0n,1.35
258,a,13286,23553,dziugss,1.22
258,a,13286,22674,cmtry,1.21
258,a,13286,20761,lauNX,1.06
258,a,13286,22203,Krabeni,1.02
258,b,11241,23643,esenthial,1.42
258,b,11241,25619,s1zzi,0.98
258,b,11241,22842,kensizor,0.79
258,b,11241,21708,npl,0.72
258,b,11241,20112,alex666,0.58
1943,a,4773,18141,biguzera,1.11
1943,a,4773,20171,snow,1.08
1943,a,4773,18714,piriajr,1.01
1943,a,4773,18835,saffee,0.98
1943,a,4773,16816,vsm,0.93
1943,b,4863,20702,Jee,1.35
1943,b,4863,24857,Zero,1.13
1943,b,4863,20895,Mercury,1.02
1943,b,4863,21621,Moseyuh,0.99
1943,b,4863,19645,JamYoung,0.95
1070,a,5995,9436,NertZ,1.68
1070,a,5995,19164,SunPayus,1.3
1070,a,5995,21062,MATYS,1.27
1070,a,5995,3972,huNter-,1.01
1070,a,5995,20447,HeavyGod,0.94
1070,b,12376,15370,slaxz-,1.36
1070,b,12376,20104,s1n,0.92
1070,b,12376,21665,JBa,0.79
1070,b,12376,22921,Lake,0.79
1070,b,12376,16599,Swisher,0.78
783,b,11811,19015,Bymas,1.62
783,b,11811,19926,afro,1.4
783,b,11811,22106,AZUWU,1.25
783,b,11811,17145,Rainwaker,0.79
783,b,11811,21816,Gizmy,0.74
783,a,7532,14932,faveN,1.19
783,a,7532,22884,gr1ks,1.07
783,a,7532,15165,blameF,0.98
783,a,7532,14929,JDC,0.89
783,a,7532,5794,tabseN,0.76
1156,a,7020,21167,donk,2.26
1156,a,7020,18317,magixx,1.26
1156,a,7020,16920,sh1ro,1.16
1156,a,7020,19808,tN1R,1.08
1156,a,7020,20423,zont1x,0.89
1156,b,12394,21667,Magnojez,1.13
1156,b,12394,20994,FL4MUS,1.11
1156,b,12394,11840,Boombl4,0.84
1156,b,12394,15662,zorte,0.61
1156,b,12394,20357,d1Ledez,0.56
1364,a,12468,19686,n1ssim,1.11
1364,a,12468,19045,latto,1.03
1364,a,12468,15698,dumau,0.86
1364,a,12468,12521,arT,0.7
1364,a,12468,22965,saadzin,0.59
1364,b,9215,23192,kl1m,1.66
1364,b,9215,21037,insani,1.33
1364,b,9215,20987,brnz4n,1.21
1364,b,9215,19310,LNZ,1.06
1364,b,9215,21288,venomzera,0.97
1507,a,13286,22203,Krabeni,1.4
1507,a,13286,20761,lauNX,1.31
1507,a,13286,23553,dziugss,1.3
1507,a,13286,20584,dem0n,1.14
1507,a,13286,22674,cmtry,0.83
1507,b,4863,19645,JamYoung,1.54
1507,b,4863,21621,Moseyuh,1.0
1507,b,4863,20895,Mercury,0.85
1507,b,4863,20702,Jee,0.64
1507,b,4863,24857,Zero,0.58
2754,a,6665,20304,Staehr,1.34
2754,a,6665,17956,jabbi,0.92
2754,a,6665,21217,ryu,0.86
2754,a,6665,10096,HooXi,0.49
2754,a,6665,16726,phzy,0.42
2754,b,9996,22613,HUASOPEEK,1.93
2754,b,9996,14737,meyern,1.35
2754,b,9996,14736,dgt,1.33
2754,b,9996,20394,luchov,1.17
2754,b,9996,12092,max,1.14
770,a,5995,19164,SunPayus,1.4
770,a,5995,3972,huNter-,1.23
770,a,5995,21062,MATYS,1.19
770,a,5995,9436,NertZ,1.09
770,a,5995,20447,HeavyGod,0.95
770,b,11811,17145,Rainwaker,1.09
770,b,11811,19015,Bymas,1.08
770,b,11811,21816,Gizmy,1.0
770,b,11811,22106,AZUWU,0.95
770,b,11811,19926,afro,0.85
2007,b,4773,18714,piriajr,1.46
2007,b,4773,18835,saffee,1.04
2007,b,4773,16816,vsm,0.87
2007,b,4773,20171,snow,0.76
2007,b,4773,18141,biguzera,0.54
2007,a,7532,14929,JDC,1.8
2007,a,7532,15165,blameF,1.51
2007,a,7532,5794,tabseN,1.05
2007,a,7532,14932,faveN,0.95
2007,a,7532,22884,gr1ks,0.66
1196,a,12394,21667,Magnojez,1.42
1196,a,12394,15662,zorte,1.38
1196,a,12394,20994,FL4MUS,1.26
1196,a,12394,20357,d1Ledez,1.18
1196,a,12394,11840,Boombl4,0.78
1196,b,9928,23766,hypex,1.23
1196,b,9928,20301,Tauson,1.12
1196,b,9928,22279,PR,0.77
1196,b,9928,2553,Snax,0.77
1196,b,9928,9278,REZ,0.74
234,a,11241,20112,alex666,1.34
234,a,11241,23643,esenthial,1.25
234,a,11241,25619,s1zzi,0.91
234,a,11241,22842,kensizor,0.85
234,a,11241,21708,npl,0.63
234,b,12376,22921,Lake,1.72
234,b,12376,15370,slaxz-,1.33
234,b,12376,21665,JBa,0.94
234,b,12376,16599,Swisher,0.75
234,b,12376,20104,s1n,0.69
2838,a,7020,21167,donk,1.75
2838,a,7020,16920,sh1ro,1.68
2838,a,7020,19808,tN1R,1.62
2838,a,7020,18317,magixx,1.57
2838,a,7020,20423,zont1x,1.43
2838,b,9215,23192,kl1m,0.9
2838,b,9215,21288,venomzera,0.78
2838,b,9215,19310,LNZ,0.53
2838,b,9215,20987,brnz4n,0.46
2838,b,9215,21037,insani,0.38
2086,a,6665,21217,ryu,1.31
2086,a,6665,20304,Staehr,1.03
2086,a,6665,10096,HooXi,0.78
2086,a,6665,16726,phzy,0.61
2086,a,6665,17956,jabbi,0.49
2086,b,4863,24857,Zero,1.43
2086,b,4863,19645,JamYoung,1.42
2086,b,4863,20895,Mercury,1.35
2086,b,4863,21621,Moseyuh,1.03
2086,b,4863,20702,Jee,0.96
738,a,11811,22106,AZUWU,1.72
738,a,11811,21816,Gizmy,1.12
738,a,11811,17145,Rainwaker,1.11
738,a,11811,19926,afro,0.93
738,a,11811,19015,Bymas,0.88
738,b,12468,12521,arT,1.55
738,b,12468,15698,dumau,0.99
738,b,12468,19045,latto,0.95
738,b,12468,22965,saadzin,0.71
738,b,12468,19686,n1ssim,0.64
2919,a,9215,19310,LNZ,1.42
2919,a,9215,21288,venomzera,0.82
2919,a,9215,21037,insani,0.8
2919,a,9215,20987,brnz4n,0.73
2919,a,9215,23192,kl1m,0.67
2919,b,7532,15165,blameF,1.61
2919,b,7532,22884,gr1ks,1.37
2919,b,7532,14932,faveN,1.35
2919,b,7532,5794,tabseN,1.05
2919,b,7532,14929,JDC,0.77
1025,a,12394,20994,FL4MUS,2.04
1025,a,12394,21667,Magnojez,2.01
1025,a,12394,11840,Boombl4,1.4
1025,a,12394,20357,d1Ledez,1.24
1025,a,12394,15662,zorte,1.1
1025,b,12376,20104,s1n,0.74
1025,b,12376,21665,JBa,0.64
1025,b,12376,15370,slaxz-,0.62
1025,b,12376,22921,Lake,0.48
1025,b,12376,16599,Swisher,0.44
333,a,11241,22842,kensizor,1.57
333,a,11241,20112,alex666,1.41
333,a,11241,21708,npl,1.27
333,a,11241,25619,s1zzi,0.85
333,a,11241,23643,esenthial,0.57
333,b,9928,23766,hypex,1.2
333,b,9928,2553,Snax,1.18
333,b,9928,9278,REZ,1.05
333,b,9928,22279,PR,0.96
333,b,9928,20301,Tauson,0.96
2858,a,7020,21167,donk,2.76
2858,a,7020,19808,tN1R,1.87
2858,a,7020,16920,sh1ro,1.49
2858,a,7020,20423,zont1x,1.13
2858,a,7020,18317,magixx,0.92
2858,b,9996,20394,luchov,0.98
2858,b,9996,14736,dgt,0.85
2858,b,9996,12092,max,0.75
2858,b,9996,22613,HUASOPEEK,0.65
2858,b,9996,14737,meyern,0.51
1517,b,5995,20447,HeavyGod,1.63
1517,b,5995,3972,huNter-,1.06
1517,b,5995,19164,SunPayus,0.59
1517,b,5995,21062,MATYS,0.42
1517,b,5995,9436,NertZ,0.4
1517,a,13286,22203,Krabeni,2.18
1517,a,13286,20584,dem0n,1.78
1517,a,13286,20761,lauNX,1.71
1517,a,13286,22674,cmtry,0.87
1517,a,13286,23553,dziugss,0.76
327,a,9215,21037,insani,1.95
327,a,9215,23192,kl1m,1.12
327,a,9215,21288,venomzera,0.71
327,a,9215,20987,brnz4n,0.64
327,a,9215,19310,LNZ,0.52
327,b,11241,23643,esenthial,1.5
327,b,11241,20112,alex666,1.43
327,b,11241,21708,npl,1.17
327,b,11241,25619,s1zzi,1.1
327,b,11241,22842,kensizor,0.72
1986,b,6665,16726,phzy,0.99
1986,b,6665,21217,ryu,0.92
1986,b,6665,10096,HooXi,0.71
1986,b,6665,20304,Staehr,0.69
1986,b,6665,17956,jabbi,0.57
1986,a,4773,20171,snow,1.94
1986,a,4773,18714,piriajr,1.64
1986,a,4773,18141,biguzera,1.31
1986,a,4773,16816,vsm,1.31
1986,a,4773,18835,saffee,0.7
732,a,11811,17145,Rainwaker,1.33
732,a,11811,22106,AZUWU,0.92
732,a,11811,19015,Bymas,0.89
732,a,11811,19926,afro,0.74
732,a,11811,21816,Gizmy,0.72
732,b,12394,21667,Magnojez,1.58
732,b,12394,20357,d1Ledez,1.51
732,b,12394,11840,Boombl4,1.14
732,b,12394,20994,FL4MUS,0.96
732,b,12394,15662,zorte,0.64
2114,b,4863,24857,Zero,0.97
2114,b,4863,19645,JamYoung,0.87
2114,b,4863,20895,Mercury,0.83
2114,b,4863,21621,Moseyuh,0.77
2114,b,4863,20702,Jee,0.63
2114,a,9996,20394,luchov,1.84
2114,a,9996,22613,HUASOPEEK,1.66
2114,a,9996,14736,dgt,1.61
2114,a,9996,12092,max,0.82
2114,a,9996,14737,meyern,0.57
1031,b,12376,21665,JBa,1.19
1031,b,12376,22921,Lake,1.11
1031,b,12376,15370,slaxz-,0.96
1031,b,12376,20104,s1n,0.83
1031,b,12376,16599,Swisher,0.76
1031,a,12468,19045,latto,1.67
1031,a,12468,22965,saadzin,1.23
1031,a,12468,19686,n1ssim,1.03
1031,a,12468,15698,dumau,0.82
1031,a,12468,12521,arT,0.7
2579,b,5995,3972,huNter-,1.57
2579,b,5995,9436,NertZ,1.28
2579,b,5995,21062,MATYS,1.12
2579,b,5995,20447,HeavyGod,1.05
2579,b,5995,19164,SunPayus,0.82
2579,a,7532,22884,gr1ks,1.31
2579,a,7532,15165,blameF,1.14
2579,a,7532,5794,tabseN,0.95
2579,a,7532,14929,JDC,0.86
2579,a,7532,14932,faveN,0.62
752,b,11811,22106,AZUWU,1.53
752,b,11811,17145,Rainwaker,1.51
752,b,11811,19926,afro,1.15
752,b,11811,21816,Gizmy,0.98
752,b,11811,19015,Bymas,0.46
752,a,4773,18835,saffee,1.16
752,a,4773,20171,snow,1.0
752,a,4773,18141,biguzera,0.93
752,a,4773,18714,piriajr,0.9
752,a,4773,16816,vsm,0.73
1319,a,12468,22965,saadzin,2.05
1319,a,12468,19045,latto,1.68
1319,a,12468,12521,arT,1.35
1319,a,12468,19686,n1ssim,1.04
1319,a,12468,15698,dumau,0.85
1319,b,4863,24857,Zero,0.96
1319,b,4863,20702,Jee,0.95
1319,b,4863,19645,JamYoung,0.85
1319,b,4863,21621,Moseyuh,0.81
1319,b,4863,20895,Mercury,0.56
314,a,7532,14929,JDC,1.32
314,a,7532,5794,tabseN,0.88
314,a,7532,15165,blameF,0.84
314,a,7532,22884,gr1ks,0.82
314,a,7532,14932,faveN,0.74
314,b,11241,25619,s1zzi,1.51
314,b,11241,22842,kensizor,1.48
314,b,11241,21708,npl,1.4
314,b,11241,23643,esenthial,1.04
314,b,11241,20112,alex666,0.85
1297,a,12467,22471,xiELO,1.51
1297,a,12467,13776,Jame,1.03
1297,a,12467,19235,BELCHONOKK,0.93
1297,a,12467,22929,nota,0.79
1297,a,12467,23685,zweih,0.66
1297,b,9996,20394,luchov,1.82
1297,b,9996,22613,HUASOPEEK,1.33
1297,b,9996,14737,meyern,1.28
1297,b,9996,12092,max,0.86
1297,b,9996,14736,dgt,0.64
1148,a,6248,20194,bLitz,1.46
1148,a,6248,21809,910,1.06
1148,a,6248,23402,cobrazera,0.97
1148,a,6248,20275,Techno,0.71
1148,a,6248,21001,mzinho,0.6
1148,b,12394,20994,FL4MUS,1.35
1148,b,12394,21667,Magnojez,1.22
1148,b,12394,20357,d1Ledez,1.16
1148,b,12394,11840,Boombl4,1.0
1148,b,12394,15662,zorte,0.93
1311,b,4494,13666,Brollan,1.53
1311,b,4494,20312,xertioN,1.31
1311,b,4494,18072,torzsi,1.31
1311,b,4494,18221,Spinx,1.28
1311,b,4494,24457,xelex,1.26
1311,a,12468,15698,dumau,1.11
1311,a,12468,12521,arT,0.88
1311,a,12468,22965,saadzin,0.84
1311,a,12468,19045,latto,0.65
1311,a,12468,19686,n1ssim,0.55
1538,a,9565,11893,ZywOo,2.14
1538,a,9565,16693,flameZ,1.55
1538,a,9565,11816,ropz,1.16
1538,a,9565,18462,mezii,0.99
1538,a,9565,7322,apEX,0.87
1538,b,13286,23553,dziugss,1.11
1538,b,13286,20584,dem0n,0.85
1538,b,13286,22203,Krabeni,0.84
1538,b,13286,22674,cmtry,0.82
1538,b,13286,20761,lauNX,0.75
318,a,8297,15631,KSCERATO,1.61
318,a,8297,24144,molodoy,1.59
318,a,8297,12553,yuurih,1.46
318,a,8297,13915,YEKINDAR,1.41
318,a,8297,2023,FalleN,1.06
318,b,11241,23643,esenthial,0.93
318,b,11241,20112,alex666,0.9
318,b,11241,25619,s1zzi,0.77
318,b,11241,21708,npl,0.64
318,b,11241,22842,kensizor,0.59
520,a,11283,24177,kyousuke,1.37
520,a,11283,12018,TeSeS,1.34
520,a,11283,19230,m0NESY,1.26
520,a,11283,3741,NiKo,1.09
520,a,11283,429,karrigan,0.86
520,b,5995,20447,HeavyGod,1.18
520,b,5995,3972,huNter-,1.05
520,b,5995,9436,NertZ,0.92
520,b,5995,19164,SunPayus,0.79
520,b,5995,21062,MATYS,0.74
728,a,11861,20968,soulfly,1.44
728,a,11861,8574,woxic,1.38
728,a,11861,21243,Wicadia,1.27
728,a,11861,150,MAJ3R,1.08
728,a,11861,7938,XANTARES,0.69
728,b,11811,19926,afro,1.1
728,b,11811,22106,AZUWU,0.91
728,b,11811,21816,Gizmy,0.83
728,b,11811,17145,Rainwaker,0.71
728,b,11811,19015,Bymas,0.6
1901,a,4608,18987,b1t,1.44
1901,a,4608,20127,w0nderful,1.23
1901,a,4608,14759,iM,0.86
1901,a,4608,22673,makazze,0.83
1901,a,4608,9816,Aleksib,0.6
1901,b,7020,16920,sh1ro,2.22
1901,b,7020,21167,donk,1.6
1901,b,7020,20423,zont1x,1.01
1901,b,7020,18317,magixx,0.86
1901,b,7020,19808,tN1R,0.5
292,b,6248,23402,cobrazera,1.81
292,b,6248,20194,bLitz,1.68
292,b,6248,21001,mzinho,1.31
292,b,6248,21809,910,1.29
292,b,6248,20275,Techno,1.08
292,a,11241,21708,npl,1.1
292,a,11241,25619,s1zzi,0.88
292,a,11241,22842,kensizor,0.85
292,a,11241,23643,esenthial,0.55
292,a,11241,20112,alex666,0.52
1778,a,8297,24144,molodoy,2.2
1778,a,8297,12553,yuurih,1.49
1778,a,8297,13915,YEKINDAR,1.32
1778,a,8297,15631,KSCERATO,0.92
1778,a,8297,2023,FalleN,0.76
1778,b,4494,20312,xertioN,1.17
1778,b,4494,18072,torzsi,1.09
1778,b,4494,18221,Spinx,0.68
1778,b,4494,24457,xelex,0.62
1778,b,4494,13666,Brollan,0.41
736,a,12467,22471,xiELO,0.8
736,a,12467,22929,nota,0.79
736,a,12467,23685,zweih,0.78
736,a,12467,13776,Jame,0.77
736,a,12467,19235,BELCHONOKK,0.48
736,b,11811,19926,afro,2.23
736,b,11811,19015,Bymas,1.71
736,b,11811,21816,Gizmy,1.68
736,b,11811,22106,AZUWU,0.88
736,b,11811,17145,Rainwaker,0.84
1515,a,13286,22674,cmtry,1.16
1515,a,13286,20584,dem0n,1.14
1515,a,13286,22203,Krabeni,0.96
1515,a,13286,23553,dziugss,0.82
1515,a,13286,20761,lauNX,0.67
1515,b,5995,20447,HeavyGod,1.55
1515,b,5995,21062,MATYS,1.42
1515,b,5995,19164,SunPayus,1.03
1515,b,5995,3972,huNter-,0.82
1515,b,5995,9436,NertZ,0.64
1314,b,4608,14759,iM,1.3
1314,b,4608,20127,w0nderful,1.21
1314,b,4608,18987,b1t,1.08
1314,b,4608,22673,makazze,1.06
1314,b,4608,9816,Aleksib,1.0
1314,a,12468,19045,latto,1.24
1314,a,12468,15698,dumau,1.17
1314,a,12468,12521,arT,0.83
1314,a,12468,22965,saadzin,0.8
1314,a,12468,19686,n1ssim,0.61
446,b,11283,24177,kyousuke,1.12
446,b,11283,19230,m0NESY,1.1
446,b,11283,12018,TeSeS,0.99
446,b,11283,3741,NiKo,0.83
446,b,11283,429,karrigan,0.64
446,a,12394,21667,Magnojez,1.96
446,a,12394,20357,d1Ledez,1.33
446,a,12394,20994,FL4MUS,0.92
446,a,12394,11840,Boombl4,0.85
446,a,12394,15662,zorte,0.78
3023,a,9565,11893,ZywOo,1.27
3023,a,9565,11816,ropz,1.17
3023,a,9565,18462,mezii,1.12
3023,a,9565,16693,flameZ,0.89
3023,a,9565,7322,apEX,0.67
3023,b,9996,14736,dgt,1.33
3023,b,9996,12092,max,1.06
3023,b,9996,14737,meyern,0.97
3023,b,9996,22613,HUASOPEEK,0.94
3023,b,9996,20394,luchov,0.93
883,a,11861,21243,Wicadia,1.4
883,a,11861,20968,soulfly,0.86
883,a,11861,7938,XANTARES,0.74
883,a,11861,150,MAJ3R,0.44
883,a,11861,8574,woxic,0.42
883,b,7020,19808,tN1R,1.9
883,b,7020,21167,donk,1.78
883,b,7020,20423,zont1x,1.28
883,b,7020,16920,sh1ro,1.18
883,b,7020,18317,magixx,0.83
1865,a,4608,20127,w0nderful,1.71
1865,a,4608,22673,makazze,1.27
1865,a,4608,18987,b1t,1.25
1865,a,4608,14759,iM,1.2
1865,a,4608,9816,Aleksib,0.74
1865,b,6248,20194,bLitz,0.99
1865,b,6248,20275,Techno,0.98
1865,b,6248,23402,cobrazera,0.85
1865,b,6248,21809,910,0.85
1865,b,6248,21001,mzinho,0.51
256,a,11241,21708,npl,1.49
256,a,11241,25619,s1zzi,0.94
256,a,11241,22842,kensizor,0.89
256,a,11241,23643,esenthial,0.83
256,a,11241,20112,alex666,0.8
256,b,13286,22203,Krabeni,1.75
256,b,13286,20584,dem0n,1.27
256,b,13286,23553,dziugss,0.99
256,b,13286,22674,cmtry,0.93
256,b,13286,20761,lauNX,0.72
435,a,11283,3741,NiKo,1.41
435,a,11283,429,karrigan,1.12
435,a,11283,24177,kyousuke,1.04
435,a,11283,12018,TeSeS,0.99
435,a,11283,19230,m0NESY,0.81
435,b,11811,22106,AZUWU,1.28
435,b,11811,19015,Bymas,1.23
435,b,11811,17145,Rainwaker,0.83
435,b,11811,19926,afro,0.81
435,b,11811,21816,Gizmy,0.73
854,a,11861,20968,soulfly,1.82
854,a,11861,21243,Wicadia,1.6
854,a,11861,8574,woxic,1.02
854,a,11861,7938,XANTARES,0.88
854,a,11861,150,MAJ3R,0.86
854,b,5995,21062,MATYS,1.42
854,b,5995,19164,SunPayus,1.06
854,b,5995,3972,huNter-,0.8
854,b,5995,20447,HeavyGod,0.67
854,b,5995,9436,NertZ,0.4
1800,a,9565,11893,ZywOo,2.32
1800,a,9565,11816,ropz,1.82
1800,a,9565,7322,apEX,1.06
1800,a,9565,18462,mezii,0.98
1800,a,9565,16693,flameZ,0.97
1800,b,4494,20312,xertioN,0.91
1800,b,4494,24457,xelex,0.8
1800,b,4494,18072,torzsi,0.62
1800,b,4494,18221,Spinx,0.61
1800,b,4494,13666,Brollan,0.55
1239,b,12467,13776,Jame,1.27
1239,b,12467,23685,zweih,1.16
1239,b,12467,22929,nota,0.91
1239,b,12467,19235,BELCHONOKK,0.74
1239,b,12467,22471,xiELO,0.63
1239,a,12468,19045,latto,1.77
1239,a,12468,15698,dumau,1.5
1239,a,12468,22965,saadzin,1.05
1239,a,12468,12521,arT,0.85
1239,a,12468,19686,n1ssim,0.65
1177,b,12394,15662,zorte,1.06
1177,b,12394,20357,d1Ledez,0.99
1177,b,12394,21667,Magnojez,0.9
1177,b,12394,11840,Boombl4,0.66
1177,b,12394,20994,FL4MUS,0.53
1177,a,8297,13915,YEKINDAR,1.76
1177,a,8297,15631,KSCERATO,1.7
1177,a,8297,24144,molodoy,1.36
1177,a,8297,12553,yuurih,0.82
1177,a,8297,2023,FalleN,0.82
2857,a,7020,21167,donk,1.82
2857,a,7020,16920,sh1ro,1.17
2857,a,7020,18317,magixx,1.12
2857,a,7020,20423,zont1x,1.0
2857,a,7020,19808,tN1R,0.87
2857,b,9996,22613,HUASOPEEK,1.2
2857,b,9996,14736,dgt,1.17
2857,b,9996,20394,luchov,1.17
2857,b,9996,14737,meyern,0.87
2857,b,9996,12092,max,0.49
1501,a,4494,20312,xertioN,1.08
1501,a,4494,18072,torzsi,0.94
1501,a,4494,24457,xelex,0.83
1501,a,4494,13666,Brollan,0.8
1501,a,4494,18221,Spinx,0.79
1501,b,13286,23553,dziugss,1.83
1501,b,13286,20761,lauNX,1.29
1501,b,13286,22674,cmtry,1.19
1501,b,13286,22203,Krabeni,1.08
1501,b,13286,20584,dem0n,0.81
771,a,6248,21809,910,1.18
771,a,6248,20194,bLitz,1.13
771,a,6248,23402,cobrazera,1.12
771,a,6248,21001,mzinho,1.11
771,a,6248,20275,Techno,0.84
771,b,11811,22106,AZUWU,1.36
771,b,11811,19926,afro,1.09
771,b,11811,17145,Rainwaker,0.99
771,b,11811,21816,Gizmy,0.87
771,b,11811,19015,Bymas,0.67
1188,b,12394,11840,Boombl4,1.47
1188,b,12394,21667,Magnojez,1.09
1188,b,12394,20357,d1Ledez,0.94
1188,b,12394,20994,FL4MUS,0.76
1188,b,12394,15662,zorte,0.65
1188,a,9565,11893,ZywOo,1.7
1188,a,9565,11816,ropz,1.21
1188,a,9565,7322,apEX,1.0
1188,a,9565,18462,mezii,0.92
1188,a,9565,16693,flameZ,0.81
927,b,11861,8574,woxic,1.94
927,b,11861,7938,XANTARES,1.42
927,b,11861,20968,soulfly,1.36
927,b,11861,21243,Wicadia,0.96
927,b,11861,150,MAJ3R,0.9
927,a,9996,12092,max,1.03
927,a,9996,22613,HUASOPEEK,0.81
927,a,9996,20394,luchov,0.78
927,a,9996,14737,meyern,0.71
927,a,9996,14736,dgt,0.59
1334,b,5995,9436,NertZ,1.54
1334,b,5995,21062,MATYS,1.45
1334,b,5995,19164,SunPayus,1.44
1334,b,5995,3972,huNter-,1.12
1334,b,5995,20447,HeavyGod,1.05
1334,a,12468,19045,latto,0.97
1334,a,12468,12521,arT,0.87
1334,a,12468,15698,dumau,0.8
1334,a,12468,19686,n1ssim,0.61
1334,a,12468,22965,saadzin,0.58
480,b,4608,14759,iM,1.26
480,b,4608,20127,w0nderful,1.23
480,b,4608,22673,makazze,0.94
480,b,4608,9816,Aleksib,0.88
480,b,4608,18987,b1t,0.65
480,a,11283,12018,TeSeS,1.68
480,a,11283,3741,NiKo,1.42
480,a,11283,19230,m0NESY,1.34
480,a,11283,24177,kyousuke,1.03
480,a,11283,429,karrigan,0.5
2686,b,9996,14736,dgt,1.96
2686,b,9996,20394,luchov,1.47
2686,b,9996,12092,max,1.09
2686,b,9996,22613,HUASOPEEK,1.03
2686,b,9996,14737,meyern,0.78
2686,a,6248,21001,mzinho,1.41
2686,a,6248,23402,cobrazera,0.81
2686,a,6248,20194,bLitz,0.8
2686,a,6248,21809,910,0.78
2686,a,6248,20275,Techno,0.63
1112,b,12394,11840,Boombl4,1.66
1112,b,12394,15662,zorte,1.59
1112,b,12394,20994,FL4MUS,1.37
1112,b,12394,21667,Magnojez,1.12
1112,b,12394,20357,d1Ledez,0.61
1112,a,13286,23553,dziugss,1.24
1112,a,13286,20761,lauNX,1.11
1112,a,13286,20584,dem0n,0.8
1112,a,13286,22674,cmtry,0.68
1112,a,13286,22203,Krabeni,0.46
1853,a,4608,18987,b1t,1.29
1853,a,4608,22673,makazze,1.17
1853,a,4608,14759,iM,1.05
1853,a,4608,20127,w0nderful,0.77
1853,a,4608,9816,Aleksib,0.61
1853,b,5995,20447,HeavyGod,1.38
1853,b,5995,19164,SunPayus,1.17
1853,b,5995,21062,MATYS,1.0
1853,b,5995,3972,huNter-,0.9
1853,b,5995,9436,NertZ,0.75
805,a,11861,8574,woxic,1.64
805,a,11861,7938,XANTARES,1.38
805,a,11861,150,MAJ3R,1.29
805,a,11861,21243,Wicadia,1.18
805,a,11861,20968,soulfly,0.9
805,b,12394,20357,d1Ledez,1.62
805,b,12394,21667,Magnojez,1.14
805,b,12394,20994,FL4MUS,0.84
805,b,12394,11840,Boombl4,0.8
805,b,12394,15662,zorte,0.69
2977,b,9996,22613,HUASOPEEK,0.91
2977,b,9996,20394,luchov,0.88
2977,b,9996,12092,max,0.83
2977,b,9996,14736,dgt,0.68
2977,b,9996,14737,meyern,0.42
2977,a,8297,15631,KSCERATO,1.9
2977,a,8297,12553,yuurih,1.51
2977,a,8297,2023,FalleN,1.25
2977,a,8297,24144,molodoy,0.97
2977,a,8297,13915,YEKINDAR,0.79
2566,b,5995,21062,MATYS,1.39
2566,b,5995,3972,huNter-,1.21
2566,b,5995,19164,SunPayus,1.1
2566,b,5995,20447,HeavyGod,0.76
2566,b,5995,9436,NertZ,0.73
2566,a,7020,21167,donk,1.33
2566,a,7020,18317,magixx,1.15
2566,a,7020,20423,zont1x,1.12
2566,a,7020,16920,sh1ro,1.0
2566,a,7020,19808,tN1R,0.97
584,b,11283,24177,kyousuke,1.56
584,b,11283,12018,TeSeS,1.31
584,b,11283,19230,m0NESY,1.29
584,b,11283,3741,NiKo,0.88
584,b,11283,429,karrigan,0.85
584,a,9565,11816,ropz,1.29
584,a,9565,7322,apEX,1.1
584,a,9565,18462,mezii,1.03
584,a,9565,11893,ZywOo,0.91
584,a,9565,16693,flameZ,0.65
911,a,11861,21243,Wicadia,0.86
911,a,11861,8574,woxic,0.8
911,a,11861,20968,soulfly,0.62
911,a,11861,150,MAJ3R,0.53
911,a,11861,7938,XANTARES,0.53
911,b,8297,12553,yuurih,1.99
911,b,8297,13915,YEKINDAR,1.68
911,b,8297,24144,molodoy,1.38
911,b,8297,15631,KSCERATO,1.38
911,b,8297,2023,FalleN,1.04
555,a,7020,18317,magixx,1.12
555,a,7020,16920,sh1ro,1.11
555,a,7020,19808,tN1R,1.08
555,a,7020,21167,donk,0.89
555,a,7020,20423,zont1x,0.75
555,b,11283,24177,kyousuke,1.44
555,b,11283,19230,m0NESY,1.33
555,b,11283,3741,NiKo,1.16
555,b,11283,12018,TeSeS,0.92
555,b,11283,429,karrigan,0.73
570,b,8297,24144,molodoy,1.38
570,b,8297,12553,yuurih,1.08
570,b,8297,15631,KSCERATO,1.01
570,b,8297,2023,FalleN,0.72
570,b,8297,13915,YEKINDAR,0.67
570,a,11283,3741,NiKo,1.73
570,a,11283,429,karrigan,1.24
570,a,11283,24177,kyousuke,1.21
570,a,11283,12018,TeSeS,0.81
570,a,11283,19230,m0NESY,0.56
1492,a,13117,19592,headtr1ck,1.18
1492,a,13117,24168,onic,1.16
1492,a,13117,24282,Dawy,1.06
1492,a,13117,23415,zeRRoFIX,0.86
1492,a,13117,16147,cptkurtka023,0.76
1492,b,8113,22911,doc,1.25
1492,b,8113,21170,koala,1.2
1492,b,8113,21221,maxxkor,1.0
1492,b,8113,21921,rdnzao,0.97
1492,b,8113,20558,gafolo,0.84
1493,a,8113,22911,doc,1.32
1493,a,8113,21170,koala,1.1
1493,a,8113,21921,rdnzao,0.82
1493,a,8113,21221,maxxkor,0.82
1493,a,8113,20558,gafolo,0.79
1493,b,13117,19592,headtr1ck,1.32
1493,b,13117,16147,cptkurtka023,1.31
1493,b,13117,24282,Dawy,1.12
1493,b,13117,24168,onic,0.97
1493,b,13117,23415,zeRRoFIX,0.96
2090,a,6667,22866,JBOEN,1.09
2090,a,6667,9960,frozen,0.93
2090,a,6667,21972,Neityu,0.87
2090,a,6667,10394,Twistzz,0.85
2090,a,6667,22383,jcobbb,0.75
2090,b,4863,20895,Mercury,1.64
2090,b,4863,20702,Jee,1.31
2090,b,4863,19645,JamYoung,1.15
2090,b,4863,24857,Zero,1.04
2090,b,4863,21621,Moseyuh,0.7
1601,a,4914,20482,Kursy,1.4
1601,a,4914,13497,Lucky,1.36
1601,a,4914,14176,misutaaa,1.26
1601,a,4914,13138,Maka,0.99
1601,a,4914,21969,Graviti,0.64
1601,b,4411,14148,sjuush,1.39
1601,b,4411,922,Snappi,1.09
1601,b,4411,22035,n0te,1.04
1601,b,4411,10994,stavn,0.77
1601,b,4411,23372,xKacpersky,0.57
1241,a,12467,8528,HObbit,1.77
1241,a,12467,22471,xiELO,1.68
1241,a,12467,23685,zweih,1.28
1241,a,12467,24807,slaxejezzz,1.19
1241,a,12467,13776,Jame,1.06
1241,b,12474,22860,avid,1.04
1241,b,12474,7443,twist,0.81
1241,b,12474,22760,upE,0.76
1241,b,12474,21159,bobeksde,0.41
1241,b,12474,16487,eraa,0.36
207,a,12394,20357,d1Ledez,2.17
207,a,12394,15662,zorte,1.64
207,a,12394,21667,Magnojez,1.48
207,a,12394,18506,S1ren,1.2
207,a,12394,11840,Boombl4,0.98
207,b,10577,21113,MoDo,0.99
207,b,10577,23459,stressarN,0.73
207,b,10577,11199,beastik,0.69
207,b,10577,23295,kisserek,0.63
207,b,10577,12810,SHOCK,0.57
2915,a,7532,14929,JDC,1.25
2915,a,7532,15165,blameF,1.18
2915,a,7532,22884,gr1ks,1.1
2915,a,7532,5794,tabseN,0.97
2915,a,7532,14932,faveN,0.83
2915,b,8840,23100,C4LLM3SU3,1.12
2915,b,8840,16551,Westmelon,1.12
2915,b,8840,18744,z4KR,1.06
2915,b,8840,20254,Starry,0.98
2915,b,8840,22922,EmiliaQAQ,0.89
326,a,11241,25619,s1zzi,1.34
326,a,11241,22842,kensizor,1.25
326,a,11241,20112,alex666,1.08
326,a,11241,23643,esenthial,0.94
326,a,11241,21708,npl,0.79
326,b,9215,19694,nqz,1.29
326,b,9215,19310,LNZ,1.04
326,b,9215,21037,insani,1.03
326,b,9215,20987,brnz4n,0.97
326,b,9215,21288,venomzera,0.81
1376,a,12474,7443,twist,2.0
1376,a,12474,22860,avid,1.38
1376,a,12474,21159,bobeksde,1.37
1376,a,12474,16487,eraa,1.18
1376,a,12474,22760,upE,0.79
1376,b,4411,23372,xKacpersky,0.9
1376,b,4411,22035,n0te,0.89
1376,b,4411,10994,stavn,0.84
1376,b,4411,14148,sjuush,0.56
1376,b,4411,922,Snappi,0.52
2782,a,6667,22866,JBOEN,1.26
2782,a,6667,9960,frozen,1.12
2782,a,6667,21972,Neityu,0.85
2782,a,6667,10394,Twistzz,0.71
2782,a,6667,22383,jcobbb,0.67
2782,b,9215,21037,insani,1.65
2782,b,9215,19694,nqz,1.14
2782,b,9215,19310,LNZ,1.09
2782,b,9215,21288,venomzera,0.89
2782,b,9215,20987,brnz4n,0.83
2688,a,6290,20563,lux,1.3
2688,a,6290,22106,AZUWU,1.12
2688,a,6290,17145,Rainwaker,0.85
2688,a,6290,19926,afro,0.84
2688,a,6290,19015,Bymas,0.79
2688,b,8840,20254,Starry,1.62
2688,b,8840,18744,z4KR,1.42
2688,b,8840,16551,Westmelon,1.25
2688,b,8840,23100,C4LLM3SU3,0.84
2688,b,8840,22922,EmiliaQAQ,0.68
1262,a,12467,22471,xiELO,1.11
1262,a,12467,23685,zweih,0.97
1262,a,12467,13776,Jame,0.83
1262,a,12467,8528,HObbit,0.69
1262,a,12467,24807,slaxejezzz,0.56
1262,b,4863,24857,Zero,1.83
1262,b,4863,20702,Jee,1.64
1262,b,4863,21621,Moseyuh,1.36
1262,b,4863,20895,Mercury,0.82
1262,b,4863,19645,JamYoung,0.75
1168,a,12394,21667,Magnojez,1.75
1168,a,12394,15662,zorte,1.36
1168,a,12394,18506,S1ren,1.06
1168,a,12394,20357,d1Ledez,0.56
1168,a,12394,11840,Boombl4,0.53
1168,b,7532,15165,blameF,1.76
1168,b,7532,14932,faveN,1.05
1168,b,7532,14929,JDC,0.94
1168,b,7532,22884,gr1ks,0.93
1168,b,7532,5794,tabseN,0.89
1620,a,6290,19015,Bymas,0.96
1620,a,6290,20563,lux,0.9
1620,a,6290,17145,Rainwaker,0.89
1620,a,6290,19926,afro,0.81
1620,a,6290,22106,AZUWU,0.5
1620,b,4411,22035,n0te,1.41
1620,b,4411,14148,sjuush,1.39
1620,b,4411,922,Snappi,1.37
1620,b,4411,10994,stavn,1.1
1620,b,4411,23372,xKacpersky,1.07
1289,b,12467,23685,zweih,1.73
1289,b,12467,13776,Jame,1.7
1289,b,12467,8528,HObbit,1.66
1289,b,12467,22471,xiELO,1.23
1289,b,12467,24807,slaxejezzz,1.02
1289,a,8840,18744,z4KR,1.03
1289,a,8840,16551,Westmelon,0.93
1289,a,8840,22922,EmiliaQAQ,0.72
1289,a,8840,20254,Starry,0.68
1289,a,8840,23100,C4LLM3SU3,0.25
2261,a,4914,13497,Lucky,1.45
2261,a,4914,14176,misutaaa,1.09
2261,a,4914,20482,Kursy,0.8
2261,a,4914,21969,Graviti,0.65
2261,a,4914,13138,Maka,0.56
2261,b,9996,22613,HUASOPEEK,2.01
2261,b,9996,20394,luchov,1.65
2261,b,9996,14736,dgt,1.22
2261,b,9996,12092,max,0.76
2261,b,9996,14737,meyern,0.69
2918,a,7532,14929,JDC,0.92
2918,a,7532,15165,blameF,0.88
2918,a,7532,22884,gr1ks,0.84
2918,a,7532,5794,tabseN,0.5
2918,a,7532,14932,faveN,0.47
2918,b,9215,21288,venomzera,2.56
2918,b,9215,21037,insani,1.96
2918,b,9215,19694,nqz,1.31
2918,b,9215,20987,brnz4n,1.02
2918,b,9215,19310,LNZ,0.95
250,a,11241,25619,s1zzi,0.99
250,a,11241,21708,npl,0.95
250,a,11241,22842,kensizor,0.9
250,a,11241,20112,alex666,0.68
250,a,11241,23643,esenthial,0.61
250,b,12474,22760,upE,1.57
250,b,12474,7443,twist,1.46
250,b,12474,21159,bobeksde,1.15
250,b,12474,22860,avid,1.14
250,b,12474,16487,eraa,1.09
324,b,11241,23643,esenthial,1.68
324,b,11241,22842,kensizor,1.49
324,b,11241,25619,s1zzi,1.38
324,b,11241,21708,npl,1.24
324,b,11241,20112,alex666,0.62
324,a,8840,16551,Westmelon,1.04
324,a,8840,23100,C4LLM3SU3,0.96
324,a,8840,18744,z4KR,0.91
324,a,8840,22922,EmiliaQAQ,0.84
324,a,8840,20254,Starry,0.72
1291,a,12467,24807,slaxejezzz,1.69
1291,a,12467,23685,zweih,1.4
1291,a,12467,8528,HObbit,1.15
1291,a,12467,22471,xiELO,0.87
1291,a,12467,13776,Jame,0.87
1291,b,9215,21288,venomzera,1.29
1291,b,9215,21037,insani,1.19
1291,b,9215,20987,brnz4n,0.9
1291,b,9215,19310,LNZ,0.59
1291,b,9215,19694,nqz,0.46
1648,a,7532,5794,tabseN,1.76
1648,a,7532,15165,blameF,1.4
1648,a,7532,14929,JDC,1.39
1648,a,7532,14932,faveN,1.22
1648,a,7532,22884,gr1ks,1.08
1648,b,4411,922,Snappi,1.4
1648,b,4411,10994,stavn,0.72
1648,b,4411,14148,sjuush,0.7
1648,b,4411,23372,xKacpersky,0.64
1648,b,4411,22035,n0te,0.58
1382,b,12474,22760,upE,1.53
1382,b,12474,16487,eraa,1.47
1382,b,12474,22860,avid,1.26
1382,b,12474,7443,twist,1.24
1382,b,12474,21159,bobeksde,1.18
1382,a,9996,20394,luchov,1.43
1382,a,9996,14736,dgt,0.77
1382,a,9996,14737,meyern,0.76
1382,a,9996,22613,HUASOPEEK,0.67
1382,a,9996,12092,max,0.56
2216,b,6667,22866,JBOEN,1.8
2216,b,6667,21972,Neityu,1.71
2216,b,6667,10394,Twistzz,1.64
2216,b,6667,9960,frozen,1.6
2216,b,6667,22383,jcobbb,1.27
2216,a,4914,21969,Graviti,0.62
2216,a,4914,13497,Lucky,0.58
2216,a,4914,14176,misutaaa,0.58
2216,a,4914,20482,Kursy,0.5
2216,a,4914,13138,Maka,0.48
3002,b,9215,21037,insani,1.31
3002,b,9215,19694,nqz,1.16
3002,b,9215,21288,venomzera,0.99
3002,b,9215,19310,LNZ,0.98
3002,b,9215,20987,brnz4n,0.61
3002,a,9996,12092,max,1.32
3002,a,9996,22613,HUASOPEEK,1.31
3002,a,9996,14737,meyern,1.31
3002,a,9996,20394,luchov,1.02
3002,a,9996,14736,dgt,0.59
313,b,11241,21708,npl,1.21
313,b,11241,22842,kensizor,1.2
313,b,11241,25619,s1zzi,1.04
313,b,11241,23643,esenthial,0.69
313,b,11241,20112,alex666,0.65
313,a,7532,15165,blameF,1.42
313,a,7532,14929,JDC,1.26
313,a,7532,14932,faveN,1.25
313,a,7532,22884,gr1ks,0.99
313,a,7532,5794,tabseN,0.98
2113,a,4863,20702,Jee,0.98
2113,a,4863,20895,Mercury,0.79
2113,a,4863,19645,JamYoung,0.76
2113,a,4863,24857,Zero,0.62
2113,a,4863,21621,Moseyuh,0.53
2113,b,9996,14736,dgt,1.91
2113,b,9996,22613,HUASOPEEK,1.49
2113,b,9996,20394,luchov,1.39
2113,b,9996,14737,meyern,0.99
2113,b,9996,12092,max,0.77
1286,a,12467,24807,slaxejezzz,1.53
1286,a,12467,8528,HObbit,1.09
1286,a,12467,23685,zweih,1.04
1286,a,12467,22471,xiELO,1.02
1286,a,12467,13776,Jame,0.89
1286,b,7532,14932,faveN,1.18
1286,b,7532,15165,blameF,1.08
1286,b,7532,22884,gr1ks,1.0
1286,b,7532,14929,JDC,0.83
1286,b,7532,5794,tabseN,0.69
1155,a,6667,9960,frozen,2.25
1155,a,6667,10394,Twistzz,1.43
1155,a,6667,21972,Neityu,1.21
1155,a,6667,22866,JBOEN,1.12
1155,a,6667,22383,jcobbb,0.86
1155,b,12394,21667,Magnojez,1.52
1155,b,12394,20357,d1Ledez,1.0
1155,b,12394,11840,Boombl4,0.7
1155,b,12394,15662,zorte,0.67
1155,b,12394,18506,S1ren,0.54
1487,b,13592,19874,MaSvAl,1.16
1487,b,13592,24173,tenzy,0.99
1487,b,13592,23858,mo0N,0.97
1487,b,13592,22075,sFade8,0.66
1487,b,13592,22076,AW,0.52
1487,a,13117,24282,Dawy,1.77
1487,a,13117,24168,onic,1.25
1487,a,13117,19592,headtr1ck,1.13
1487,a,13117,23415,zeRRoFIX,1.03
1487,a,13117,16147,cptkurtka023,1.02
1383,b,9996,22613,HUASOPEEK,1.63
1383,b,9996,14736,dgt,1.53
1383,b,9996,20394,luchov,1.46
1383,b,9996,14737,meyern,1.12
1383,b,9996,12092,max,0.67
1383,a,12474,16487,eraa,0.94
1383,a,12474,21159,bobeksde,0.86
1383,a,12474,7443,twist,0.86
1383,a,12474,22860,avid,0.67
1383,a,12474,22760,upE,0.55
1278,a,12467,13776,Jame,1.49
1278,a,12467,8528,HObbit,1.08
1278,a,12467,22471,xiELO,1.03
1278,a,12467,24807,slaxejezzz,0.97
1278,a,12467,23685,zweih,0.87
1278,b,6667,22383,jcobbb,1.13
1278,b,6667,9960,frozen,1.09
1278,b,6667,21972,Neityu,1.04
1278,b,6667,22866,JBOEN,0.88
1278,b,6667,10394,Twistzz,0.81
2011,b,4773,16816,vsm,1.46
2011,b,4773,18141,biguzera,0.85
2011,b,4773,18714,piriajr,0.84
2011,b,4773,18835,saffee,0.72
2011,b,4773,20171,snow,0.68
2011,a,8113,21170,koala,1.4
2011,a,8113,21921,rdnzao,1.37
2011,a,8113,22911,doc,1.37
2011,a,8113,20558,gafolo,1.01
2011,a,8113,21221,maxxkor,0.84
2105,b,4863,20895,Mercury,1.07
2105,b,4863,21621,Moseyuh,1.03
2105,b,4863,19645,JamYoung,0.9
2105,b,4863,24857,Zero,0.78
2105,b,4863,20702,Jee,0.57
2105,a,8840,20254,Starry,1.81
2105,a,8840,16551,Westmelon,1.29
2105,a,8840,22922,EmiliaQAQ,1.18
2105,a,8840,18744,z4KR,1.03
2105,a,8840,23100,C4LLM3SU3,0.99
1298,a,9996,14737,meyern,2.01
1298,a,9996,22613,HUASOPEEK,1.41
1298,a,9996,14736,dgt,1.18
1298,a,9996,20394,luchov,1.16
1298,a,9996,12092,max,0.93
1298,b,12467,22471,xiELO,1.09
1298,b,12467,24807,slaxejezzz,0.76
1298,b,12467,23685,zweih,0.75
1298,b,12467,8528,HObbit,0.54
1298,b,12467,13776,Jame,0.49
2226,a,4914,13497,Lucky,1.16
2226,a,4914,14176,misutaaa,1.12
2226,a,4914,21969,Graviti,0.79
2226,a,4914,13138,Maka,0.78
2226,a,4914,20482,Kursy,0.57
2226,b,7175,20119,nilo,1.55
2226,b,7175,13666,Brollan,1.37
2226,b,7175,21983,Chr1zN,1.31
2226,b,7175,21163,susp,1.21
2226,b,7175,21239,MartinezSa,0.77
1950,a,4914,20482,Kursy,1.85
1950,a,4914,14176,misutaaa,1.8
1950,a,4914,13497,Lucky,1.27
1950,a,4914,13138,Maka,1.17
1950,a,4914,21969,Graviti,0.89
1950,b,4773,18714,piriajr,0.95
1950,b,4773,18835,saffee,0.95
1950,b,4773,20171,snow,0.75
1950,b,4773,16816,vsm,0.69
1950,b,4773,18141,biguzera,0.52
1548,b,4411,22035,n0te,1.6
1548,b,4411,922,Snappi,1.57
1548,b,4411,10994,stavn,1.55
1548,b,4411,23372,xKacpersky,1.47
1548,b,4411,14148,sjuush,0.57
1548,a,13404,8371,alex,1.21
1548,a,13404,7996,CRUC1AL,1.01
1548,a,13404,9254,mopoz,0.91
1548,a,13404,19509,dav1g,0.85
1548,a,13404,18749,sausol,0.69
1554,a,4914,14176,misutaaa,1.81
1554,a,4914,21969,Graviti,1.59
1554,a,4914,13497,Lucky,1.19
1554,a,4914,20482,Kursy,1.06
1554,a,4914,13138,Maka,0.66
1554,b,13404,7996,CRUC1AL,1.24
1554,b,13404,8371,alex,1.2
1554,b,13404,18749,sausol,1.13
1554,b,13404,19509,dav1g,0.6
1554,b,13404,9254,mopoz,0.43
1645,a,4411,22035,n0te,1.18
1645,a,4411,14148,sjuush,1.08
1645,a,4411,10994,stavn,0.82
1645,a,4411,922,Snappi,0.7
1645,a,4411,23372,xKacpersky,0.69
1645,b,7175,20119,nilo,1.59
1645,b,7175,21163,susp,1.4
1645,b,7175,21983,Chr1zN,1.28
1645,b,7175,21239,MartinezSa,0.95
1645,b,7175,13666,Brollan,0.66
1038,a,12376,22921,Lake,1.35
1038,a,12376,16599,Swisher,1.02
1038,a,12376,21665,JBa,0.65
1038,a,12376,15370,slaxz-,0.64
1038,a,12376,20104,s1n,0.6
1038,b,4411,23372,xKacpersky,1.65
1038,b,4411,10994,stavn,1.5
1038,b,4411,22035,n0te,1.08
1038,b,4411,922,Snappi,1.07
1038,b,4411,14148,sjuush,0.77
1555,a,4914,14176,misutaaa,1.33
1555,a,4914,13138,Maka,1.25
1555,a,4914,13497,Lucky,0.87
1555,a,4914,21969,Graviti,0.49
1555,a,4914,20482,Kursy,0.4
1555,b,13404,9254,mopoz,1.49
1555,b,13404,8371,alex,1.49
1555,b,13404,7996,CRUC1AL,1.43
1555,b,13404,18749,sausol,1.13
1555,b,13404,19509,dav1g,0.64
665,a,11581,22535,dwushka,1.5
665,a,11581,16612,n0rb3r7,1.44
665,a,11581,21385,mizu,1.31
665,a,11581,24806,frontales,1.01
665,a,11581,18752,kade0,0.82
665,b,7175,13666,Brollan,1.76
665,b,7175,21239,MartinezSa,1.03
665,b,7175,20119,nilo,0.77
665,b,7175,21983,Chr1zN,0.52
665,b,7175,21163,susp,0.49
1541,a,13592,22076,AW,1.71
1541,a,13592,23858,mo0N,1.43
1541,a,13592,24173,tenzy,1.12
1541,a,13592,22075,sFade8,0.81
1541,a,13592,19874,MaSvAl,0.77
1541,b,13404,7996,CRUC1AL,1.35
1541,b,13404,9254,mopoz,1.14
1541,b,13404,19509,dav1g,0.86
1541,b,13404,8371,alex,0.85
1541,b,13404,18749,sausol,0.62
663,a,11581,18752,kade0,1.43
663,a,11581,24806,frontales,1.25
663,a,11581,21385,mizu,1.07
663,a,11581,22535,dwushka,0.95
663,a,11581,16612,n0rb3r7,0.92
663,b,6665,20304,Staehr,1.19
663,b,6665,21217,ryu,1.08
663,b,6665,17956,jabbi,1.04
663,b,6665,10096,HooXi,0.81
663,b,6665,16726,phzy,0.67
670,a,11581,21385,mizu,1.64
670,a,11581,22535,dwushka,1.38
670,a,11581,16612,n0rb3r7,1.1
670,a,11581,24806,frontales,1.04
670,a,11581,18752,kade0,0.98
670,b,9928,20994,FL4MUS,0.96
670,b,9928,23766,hypex,0.95
670,b,9928,9278,REZ,0.82
670,b,9928,20301,Tauson,0.76
670,b,9928,2553,Snax,0.62
1552,a,13404,9254,mopoz,1.7
1552,a,13404,7996,CRUC1AL,0.81
1552,a,13404,18749,sausol,0.8
1552,a,13404,8371,alex,0.75
1552,a,13404,19509,dav1g,0.64
1552,b,4773,18141,biguzera,1.53
1552,b,4773,16816,vsm,1.38
1552,b,4773,18835,saffee,1.32
1552,b,4773,18714,piriajr,1.28
1552,b,4773,20171,snow,0.85
1575,a,4914,13497,Lucky,1.64
1575,a,4914,13138,Maka,1.59
1575,a,4914,20482,Kursy,1.3
1575,a,4914,21969,Graviti,1.18
1575,a,4914,14176,misutaaa,0.9
1575,b,13592,19874,MaSvAl,1.3
1575,b,13592,22075,sFade8,1.02
1575,b,13592,22076,AW,0.62
1575,b,13592,23858,mo0N,0.56
1575,b,13592,24173,tenzy,0.56
2639,a,7175,20119,nilo,1.05
2639,a,7175,21239,MartinezSa,1.05
2639,a,7175,21163,susp,0.96
2639,a,7175,21983,Chr1zN,0.9
2639,a,7175,13666,Brollan,0.73
2639,b,6248,26013,DarkMeister,1.39
2639,b,6248,21809,910,1.22
2639,b,6248,20194,bLitz,1.15
2639,b,6248,20275,Techno,1.12
2639,b,6248,25510,tikuak,0.95
2520,a,5973,8738,EliGE,2.01
2520,a,5973,24203,Jorko,1.37
2520,a,5973,11617,malbsMd,1.01
2520,a,5973,8520,NAF,0.9
2520,a,5973,11630,JT,0.82
2520,b,9565,16693,flameZ,1.38
2520,b,9565,11893,ZywOo,1.01
2520,b,9565,11816,ropz,0.81
2520,b,9565,18462,mezii,0.71
2520,b,9565,7322,apEX,0.59
2716,b,6665,17956,jabbi,1.16
2716,b,6665,21217,ryu,1.03
2716,b,6665,10096,HooXi,0.98
2716,b,6665,20304,Staehr,0.76
2716,b,6665,16726,phzy,0.76
2716,a,7175,13666,Brollan,1.41
2716,a,7175,21239,MartinezSa,1.3
2716,a,7175,21983,Chr1zN,0.99
2716,a,7175,20119,nilo,0.9
2716,a,7175,21163,susp,0.8
1586,a,13926,21221,maxxkor,1.23
1586,a,13926,21170,koala,1.21
1586,a,13926,20558,gafolo,0.86
1586,a,13926,22911,doc,0.77
1586,a,13926,21921,rdnzao,0.76
1586,b,8297,2023,FalleN,1.2
1586,b,8297,15631,KSCERATO,1.05
1586,b,8297,24144,molodoy,0.93
1586,b,8297,13915,YEKINDAR,0.88
1586,b,8297,12553,yuurih,0.83
1584,b,13926,20558,gafolo,1.19
1584,b,13926,21170,koala,0.82
1584,b,13926,22911,doc,0.81
1584,b,13926,21921,rdnzao,0.74
1584,b,13926,21221,maxxkor,0.55
1584,a,6667,10394,Twistzz,1.74
1584,a,6667,9960,frozen,1.41
1584,a,6667,22383,jcobbb,1.22
1584,a,6667,22866,JBOEN,1.19
1584,a,6667,21972,Neityu,0.82
2459,a,5973,8738,EliGE,1.75
2459,a,5973,24203,Jorko,1.51
2459,a,5973,8520,NAF,1.23
2459,a,5973,11630,JT,1.02
2459,a,5973,11617,malbsMd,0.8
2459,b,5995,20425,r1nkle,0.99
2459,b,5995,9436,NertZ,0.89
2459,b,5995,21062,MATYS,0.62
2459,b,5995,3972,huNter-,0.61
2459,b,5995,20447,HeavyGod,0.43
1542,a,13592,19874,MaSvAl,1.27
1542,a,13592,23858,mo0N,1.19
1542,a,13592,22075,sFade8,1.11
1542,a,13592,22076,AW,0.98
1542,a,13592,24173,tenzy,0.98
1542,b,13404,7996,CRUC1AL,1.41
1542,b,13404,18749,sausol,1.22
1542,b,13404,9254,mopoz,1.22
1542,b,13404,8371,alex,0.84
1542,b,13404,19509,dav1g,0.75
662,a,11581,22535,dwushka,1.09
662,a,11581,24806,frontales,1.02
662,a,11581,16612,n0rb3r7,0.95
662,a,11581,18752,kade0,0.86
662,a,11581,21385,mizu,0.81
662,b,6665,17956,jabbi,1.27
662,b,6665,16726,phzy,1.2
662,b,6665,21217,ryu,1.18
662,b,6665,20304,Staehr,1.11
662,b,6665,10096,HooXi,0.87
1646,a,4411,23372,xKacpersky,1.41
1646,a,4411,14148,sjuush,1.23
1646,a,4411,10994,stavn,1.04
1646,a,4411,22035,n0te,1.0
1646,a,4411,922,Snappi,0.93
1646,b,7175,21239,MartinezSa,1.22
1646,b,7175,20119,nilo,1.16
1646,b,7175,13666,Brollan,1.12
1646,b,7175,21983,Chr1zN,0.91
1646,b,7175,21163,susp,0.79
1594,a,4411,22035,n0te,1.48
1594,a,4411,23372,xKacpersky,1.06
1594,a,4411,922,Snappi,1.04
1594,a,4411,10994,stavn,1.02
1594,a,4411,14148,sjuush,0.68
1594,b,4773,18835,saffee,1.23
1594,b,4773,20171,snow,1.09
1594,b,4773,16816,vsm,1.04
1594,b,4773,18714,piriajr,1.01
1594,b,4773,18141,biguzera,0.89
1512,a,4914,14176,misutaaa,1.55
1512,a,4914,13497,Lucky,1.48
1512,a,4914,21969,Graviti,1.18
1512,a,4914,13138,Maka,1.07
1512,a,4914,20482,Kursy,0.95
1512,b,13286,23553,dziugss,1.33
1512,b,13286,22203,Krabeni,0.97
1512,b,13286,22674,cmtry,0.83
1512,b,13286,19187,xfl0ud,0.8
1512,b,13286,20584,dem0n,0.74
644,b,11581,24806,frontales,1.27
644,b,11581,21385,mizu,1.04
644,b,11581,18752,kade0,0.99
644,b,11581,22535,dwushka,0.7
644,b,11581,16612,n0rb3r7,0.67
644,a,11861,7938,XANTARES,1.5
644,a,11861,21243,Wicadia,1.45
644,a,11861,18850,Jimpphat,1.34
644,a,11861,19677,kyxsan,0.85
644,a,11861,8574,woxic,0.71
1571,b,13592,24173,tenzy,1.37
1571,b,13592,22076,AW,1.32
1571,b,13592,19874,MaSvAl,1.26
1571,b,13592,22075,sFade8,1.08
1571,b,13592,23858,mo0N,0.92
1571,a,4411,10994,stavn,1.07
1571,a,4411,14148,sjuush,0.99
1571,a,4411,23372,xKacpersky,0.86
1571,a,4411,22035,n0te,0.83
1571,a,4411,922,Snappi,0.75
2490,a,5973,11617,malbsMd,1.15
2490,a,5973,8738,EliGE,1.0
2490,a,5973,24203,Jorko,0.75
2490,a,5973,11630,JT,0.58
2490,a,5973,8520,NAF,0.52
2490,b,7020,21167,donk,2.2
2490,b,7020,20423,zont1x,1.41
2490,b,7020,18317,magixx,1.09
2490,b,7020,19808,tN1R,0.99
2490,b,7020,16920,sh1ro,0.91
1677,a,4914,14176,misutaaa,1.41
1677,a,4914,20482,Kursy,0.82
1677,a,4914,21969,Graviti,0.73
1677,a,4914,13138,Maka,0.72
1677,a,4914,13497,Lucky,0.64
1677,b,4494,22279,PR,2.09
1677,b,4494,24457,xelex,1.32
1677,b,4494,18221,Spinx,1.31
1677,b,4494,18072,torzsi,1.2
1677,b,4494,20312,xertioN,1.07
2625,b,6667,22866,JBOEN,1.62
2625,b,6667,9960,frozen,1.14
2625,b,6667,21972,Neityu,1.1
2625,b,6667,22383,jcobbb,1.08
2625,b,6667,10394,Twistzz,1.05
2625,a,6248,26013,DarkMeister,1.08
2625,a,6248,21809,910,1.03
2625,a,6248,20194,bLitz,0.91
2625,a,6248,20275,Techno,0.84
2625,a,6248,25510,tikuak,0.65
1984,a,4773,16816,vsm,1.12
1984,a,4773,18141,biguzera,1.11
1984,a,4773,20171,snow,1.1
1984,a,4773,18714,piriajr,0.96
1984,a,4773,18835,saffee,0.77
1984,b,6665,16726,phzy,1.27
1984,b,6665,20304,Staehr,1.15
1984,b,6665,21217,ryu,1.05
1984,b,6665,10096,HooXi,1.03
1984,b,6665,17956,jabbi,0.92
2766,b,6667,22866,JBOEN,1.23
2766,b,6667,9960,frozen,1.14
2766,b,6667,10394,Twistzz,1.04
2766,b,6667,21972,Neityu,0.88
2766,b,6667,22383,jcobbb,0.84
2766,a,7020,20423,zont1x,1.46
2766,a,7020,16920,sh1ro,1.2
2766,a,7020,19808,tN1R,0.87
2766,a,7020,18317,magixx,0.78
2766,a,7020,21167,donk,0.74
1723,a,6665,16726,phzy,1.19
1723,a,6665,17956,jabbi,1.04
1723,a,6665,20304,Staehr,0.78
1723,a,6665,21217,ryu,0.66
1723,a,6665,10096,HooXi,0.66
1723,b,4494,18072,torzsi,1.67
1723,b,4494,18221,Spinx,1.33
1723,b,4494,24457,xelex,1.31
1723,b,4494,22279,PR,1.09
1723,b,4494,20312,xertioN,0.66
1759,a,7020,16920,sh1ro,1.34
1759,a,7020,21167,donk,1.0
1759,a,7020,19808,tN1R,0.92
1759,a,7020,18317,magixx,0.9
1759,a,7020,20423,zont1x,0.86
1759,b,4494,18221,Spinx,1.41
1759,b,4494,20312,xertioN,1.31
1759,b,4494,22279,PR,0.98
1759,b,4494,24457,xelex,0.98
1759,b,4494,18072,torzsi,0.94
3,a,10245,17675,m1N1,1.64
3,a,10245,18163,Bibu,1.55
3,a,10245,18790,CacaNito,1.29
3,a,10245,22419,0SAMAS,1.15
3,a,10245,18120,sinnopsyy,0.9
3,b,13926,22911,doc,1.17
3,b,13926,21921,rdnzao,0.84
3,b,13926,21170,koala,0.72
3,b,13926,21221,maxxkor,0.66
3,b,13926,20558,gafolo,0.54
652,a,11581,16612,n0rb3r7,1.34
652,a,11581,22535,dwushka,1.32
652,a,11581,24806,frontales,1.21
652,a,11581,18752,kade0,0.93
652,a,11581,21385,mizu,0.8
652,b,13117,19592,headtr1ck,1.4
652,b,13117,24282,Dawy,0.97
652,b,13117,23415,zeRRoFIX,0.9
652,b,13117,16147,cptkurtka023,0.88
652,b,13117,24168,onic,0.75
1,b,11581,24806,frontales,1.26
1,b,11581,22535,dwushka,1.09
1,b,11581,21385,mizu,1.06
1,b,11581,16612,n0rb3r7,1.0
1,b,11581,18752,kade0,0.73
1,a,10245,18163,Bibu,1.41
1,a,10245,18790,CacaNito,1.33
1,a,10245,18120,sinnopsyy,1.06
1,a,10245,17675,m1N1,0.91
1,a,10245,22419,0SAMAS,0.7
2689,b,6290,20563,lux,1.21
2689,b,6290,19926,afro,1.11
2689,b,6290,19015,Bymas,0.92
2689,b,6290,22106,AZUWU,0.73
2689,b,6290,17145,Rainwaker,0.36
2689,a,9928,20994,FL4MUS,1.85
2689,a,9928,9278,REZ,1.77
2689,a,9928,23766,hypex,1.33
2689,a,9928,2553,Snax,1.09
2689,a,9928,20301,Tauson,0.99
897,a,7532,14929,JDC,1.37
897,a,7532,14932,faveN,1.36
897,a,7532,15165,blameF,1.1
897,a,7532,22884,gr1ks,0.89
897,a,7532,5794,tabseN,0.85
897,b,11861,21243,Wicadia,1.34
897,b,11861,7938,XANTARES,1.27
897,b,11861,8574,woxic,0.84
897,b,11861,18850,Jimpphat,0.78
897,b,11861,19677,kyxsan,0.7
1506,a,13286,23553,dziugss,1.34
1506,a,13286,22674,cmtry,1.3
1506,a,13286,19187,xfl0ud,1.2
1506,a,13286,20584,dem0n,1.13
1506,a,13286,22203,Krabeni,1.05
1506,b,4863,19645,JamYoung,1.14
1506,b,4863,24857,Zero,1.1
1506,b,4863,20895,Mercury,0.94
1506,b,4863,21621,Moseyuh,0.86
1506,b,4863,20702,Jee,0.75
4,a,7020,21167,donk,1.58
4,a,7020,18317,magixx,1.18
4,a,7020,19808,tN1R,0.78
4,a,7020,20423,zont1x,0.75
4,a,7020,16920,sh1ro,0.52
4,b,10245,18120,sinnopsyy,1.29
4,b,10245,17675,m1N1,1.21
4,b,10245,18790,CacaNito,1.09
4,b,10245,18163,Bibu,1.04
4,b,10245,22419,0SAMAS,1.0
1577,b,13592,19874,MaSvAl,1.29
1577,b,13592,24173,tenzy,1.07
1577,b,13592,22075,sFade8,0.86
1577,b,13592,22076,AW,0.79
1577,b,13592,23858,mo0N,0.48
1577,a,6248,21809,910,1.56
1577,a,6248,20194,bLitz,1.34
1577,a,6248,25510,tikuak,1.22
1577,a,6248,20275,Techno,0.93
1577,a,6248,26013,DarkMeister,0.75
1069,a,5995,20425,r1nkle,1.48
1069,a,5995,20447,HeavyGod,1.15
1069,a,5995,9436,NertZ,0.98
1069,a,5995,3972,huNter-,0.78
1069,a,5995,21062,MATYS,0.74
1069,b,12376,20104,s1n,1.27
1069,b,12376,15370,slaxz-,1.04
1069,b,12376,16599,Swisher,1.03
1069,b,12376,21665,JBa,0.82
1069,b,12376,22921,Lake,0.78
1308,b,4411,14148,sjuush,0.81
1308,b,4411,10994,stavn,0.8
1308,b,4411,23372,xKacpersky,0.76
1308,b,4411,22035,n0te,0.67
1308,b,4411,922,Snappi,0.67
1308,a,12468,19869,try,1.53
1308,a,12468,19686,n1ssim,1.52
1308,a,12468,15698,dumau,1.49
1308,a,12468,19045,latto,1.48
1308,a,12468,12521,arT,0.89
239,b,12467,23685,zweih,1.28
239,b,12467,12732,FL1T,0.86
239,b,12467,13776,Jame,0.78
239,b,12467,24807,slaxejezzz,0.78
239,b,12467,22471,xiELO,0.69
239,a,11241,21708,npl,1.31
239,a,11241,23643,esenthial,1.24
239,a,11241,20112,alex666,1.21
239,a,11241,25619,s1zzi,0.99
239,a,11241,22842,kensizor,0.97
2735,a,9215,19694,nqz,1.28
2735,a,9215,20987,brnz4n,1.16
2735,a,9215,19310,LNZ,0.83
2735,a,9215,21037,insani,0.73
2735,a,9215,21288,venomzera,0.57
2735,b,6665,16726,phzy,1.57
2735,b,6665,21217,ryu,1.51
2735,b,6665,10096,HooXi,1.38
2735,b,6665,17956,jabbi,1.18
2735,b,6665,20304,Staehr,0.9
1822,b,4608,14759,iM,1.52
1822,b,4608,22673,makazze,1.27
1822,b,4608,20127,w0nderful,0.99
1822,b,4608,18987,b1t,0.98
1822,b,4608,9816,Aleksib,0.88
1822,a,4914,13138,Maka,1.37
1822,a,4914,13497,Lucky,1.24
1822,a,4914,21969,Graviti,0.79
1822,a,4914,14176,misutaaa,0.78
1822,a,4914,20482,Kursy,0.58
2063,b,9996,22613,HUASOPEEK,2.2
2063,b,9996,20394,luchov,1.9
2063,b,9996,14736,dgt,1.53
2063,b,9996,14737,meyern,1.05
2063,b,9996,12092,max,0.87
2063,a,4773,16816,vsm,0.99
2063,a,4773,18835,saffee,0.89
2063,a,4773,18141,biguzera,0.81
2063,a,4773,18714,piriajr,0.58
2063,a,4773,20171,snow,0.33
5,b,9928,20301,Tauson,1.8
5,b,9928,9278,REZ,1.36
5,b,9928,23766,hypex,1.32
5,b,9928,2553,Snax,0.86
5,b,9928,20994,FL4MUS,0.81
5,a,10245,18790,CacaNito,1.59
5,a,10245,18163,Bibu,0.96
5,a,10245,18120,sinnopsyy,0.92
5,a,10245,17675,m1N1,0.64
5,a,10245,22419,0SAMAS,0.61
2687,a,6290,22106,AZUWU,1.05
2687,a,6290,20563,lux,0.91
2687,a,6290,19926,afro,0.85
2687,a,6290,19015,Bymas,0.81
2687,a,6290,17145,Rainwaker,0.7
2687,b,7020,21167,donk,1.39
2687,b,7020,18317,magixx,1.31
2687,b,7020,16920,sh1ro,1.25
2687,b,7020,19808,tN1R,1.1
2687,b,7020,20423,zont1x,0.98
2578,a,7532,5794,tabseN,1.45
2578,a,7532,15165,blameF,0.86
2578,a,7532,14932,faveN,0.56
2578,a,7532,22884,gr1ks,0.52
2578,a,7532,14929,JDC,0.44
2578,b,5995,20447,HeavyGod,2.37
2578,b,5995,3972,huNter-,1.95
2578,b,5995,21062,MATYS,1.8
2578,b,5995,20425,r1nkle,1.05
2578,b,5995,9436,NertZ,1.02
799,a,11861,7938,XANTARES,1.68
799,a,11861,8574,woxic,1.29
799,a,11861,18850,Jimpphat,1.18
799,a,11861,21243,Wicadia,0.99
799,a,11861,19677,kyxsan,0.75
799,b,12376,15370,slaxz-,1.19
799,b,12376,16599,Swisher,1.14
799,b,12376,22921,Lake,0.81
799,b,12376,21665,JBa,0.79
799,b,12376,20104,s1n,0.59
533,b,11283,19230,m0NESY,1.49
533,b,11283,3741,NiKo,1.26
533,b,11283,24177,kyousuke,1.18
533,b,11283,12018,TeSeS,1.08
533,b,11283,429,karrigan,0.68
533,a,6665,20304,Staehr,1.26
533,a,6665,17956,jabbi,1.12
533,a,6665,21217,ryu,0.99
533,a,6665,10096,HooXi,0.77
533,a,6665,16726,phzy,0.75
1344,b,12468,19869,try,1.09
1344,b,12468,15698,dumau,1.05
1344,b,12468,19045,latto,0.93
1344,b,12468,19686,n1ssim,0.82
1344,b,12468,12521,arT,0.35
1344,a,6667,10394,Twistzz,2.28
1344,a,6667,9960,frozen,1.13
1344,a,6667,22383,jcobbb,1.07
1344,a,6667,22866,JBOEN,1.02
1344,a,6667,21972,Neityu,0.88
331,a,11241,23643,esenthial,1.61
331,a,11241,20112,alex666,1.51
331,a,11241,25619,s1zzi,1.43
331,a,11241,21708,npl,1.42
331,a,11241,22842,kensizor,0.82
331,b,9565,16693,flameZ,0.99
331,b,9565,11893,ZywOo,0.84
331,b,9565,11816,ropz,0.78
331,b,9565,18462,mezii,0.54
331,b,9565,7322,apEX,0.36
1499,a,13286,23553,dziugss,1.16
1499,a,13286,19187,xfl0ud,1.15
1499,a,13286,20584,dem0n,1.12
1499,a,13286,22674,cmtry,0.94
1499,a,13286,22203,Krabeni,0.93
1499,b,4494,20312,xertioN,1.47
1499,b,4494,18221,Spinx,1.04
1499,b,4494,18072,torzsi,0.88
1499,b,4494,24457,xelex,0.86
1499,b,4494,22279,PR,0.77
1863,b,6248,20194,bLitz,1.09
1863,b,6248,26013,DarkMeister,1.07
1863,b,6248,21809,910,1.03
1863,b,6248,20275,Techno,0.8
1863,b,6248,25510,tikuak,0.47
1863,a,4608,22673,makazze,1.54
1863,a,4608,18987,b1t,1.52
1863,a,4608,20127,w0nderful,1.26
1863,a,4608,14759,iM,1.0
1863,a,4608,9816,Aleksib,0.89
2976,b,8297,15631,KSCERATO,1.9
2976,b,8297,2023,FalleN,1.4
2976,b,8297,12553,yuurih,1.22
2976,b,8297,24144,molodoy,1.0
2976,b,8297,13915,YEKINDAR,0.93
2976,a,9996,14736,dgt,1.31
2976,a,9996,22613,HUASOPEEK,1.03
2976,a,9996,20394,luchov,0.81
2976,a,9996,12092,max,0.78
2976,a,9996,14737,meyern,0.71
1573,b,13592,23858,mo0N,1.53
1573,b,13592,24173,tenzy,1.44
1573,b,13592,22075,sFade8,1.22
1573,b,13592,19874,MaSvAl,1.18
1573,b,13592,22076,AW,1.02
1573,a,4914,21969,Graviti,1.18
1573,a,4914,14176,misutaaa,0.79
1573,a,4914,13138,Maka,0.75
1573,a,4914,20482,Kursy,0.7
1573,a,4914,13497,Lucky,0.59
2,b,10245,18163,Bibu,1.22
2,b,10245,18120,sinnopsyy,1.06
2,b,10245,17675,m1N1,0.78
2,b,10245,18790,CacaNito,0.66
2,b,10245,22419,0SAMAS,0.44
2,a,11861,18850,Jimpphat,2.05
2,a,11861,19677,kyxsan,1.71
2,a,11861,8574,woxic,1.6
2,a,11861,7938,XANTARES,0.8
2,a,11861,21243,Wicadia,0.61
2822,b,7020,21167,donk,2.25
2822,b,7020,16920,sh1ro,1.18
2822,b,7020,20423,zont1x,1.11
2822,b,7020,18317,magixx,1.03
2822,b,7020,19808,tN1R,0.66
2822,a,7532,15165,blameF,1.11
2822,a,7532,5794,tabseN,1.04
2822,a,7532,22884,gr1ks,0.97
2822,a,7532,14929,JDC,0.7
2822,a,7532,14932,faveN,0.69
1977,b,6248,21809,910,1.74
1977,b,6248,20194,bLitz,1.58
1977,b,6248,26013,DarkMeister,1.33
1977,b,6248,25510,tikuak,1.07
1977,b,6248,20275,Techno,0.97
1977,a,4773,18141,biguzera,1.08
1977,a,4773,20171,snow,0.78
1977,a,4773,18714,piriajr,0.75
1977,a,4773,18835,saffee,0.61
1977,a,4773,16816,vsm,0.5
1256,b,4494,18072,torzsi,1.39
1256,b,4494,18221,Spinx,1.27
1256,b,4494,20312,xertioN,1.23
1256,b,4494,22279,PR,1.09
1256,b,4494,24457,xelex,0.79
1256,a,12467,12732,FL1T,1.5
1256,a,12467,13776,Jame,1.07
1256,a,12467,23685,zweih,1.04
1256,a,12467,22471,xiELO,0.7
1256,a,12467,24807,slaxejezzz,0.61
1581,a,13592,22076,AW,1.66
1581,a,13592,24173,tenzy,1.31
1581,a,13592,19874,MaSvAl,1.05
1581,a,13592,22075,sFade8,1.0
1581,a,13592,23858,mo0N,0.73
1581,b,9996,14737,meyern,1.3
1581,b,9996,22613,HUASOPEEK,1.25
1581,b,9996,12092,max,1.0
1581,b,9996,20394,luchov,0.73
1581,b,9996,14736,dgt,0.63
1624,a,6665,17956,jabbi,1.62
1624,a,6665,20304,Staehr,1.25
1624,a,6665,21217,ryu,1.14
1624,a,6665,10096,HooXi,1.1
1624,a,6665,16726,phzy,1.03
1624,b,4411,10994,stavn,1.28
1624,b,4411,14148,sjuush,1.26
1624,b,4411,922,Snappi,0.74
1624,b,4411,22035,n0te,0.62
1624,b,4411,23372,xKacpersky,0.56
1359,b,12468,19869,try,1.58
1359,b,12468,19686,n1ssim,1.49
1359,b,12468,15698,dumau,1.37
1359,b,12468,19045,latto,1.04
1359,b,12468,12521,arT,0.87
1359,a,9215,21288,venomzera,1.07
1359,a,9215,21037,insani,1.05
1359,a,9215,20987,brnz4n,0.87
1359,a,9215,19310,LNZ,0.76
1359,a,9215,19694,nqz,0.62
2540,b,5995,3972,huNter-,1.49
2540,b,5995,9436,NertZ,1.4
2540,b,5995,20447,HeavyGod,1.22
2540,b,5995,20425,r1nkle,1.2
2540,b,5995,21062,MATYS,0.95
2540,a,6665,20304,Staehr,1.2
2540,a,6665,17956,jabbi,0.93
2540,a,6665,10096,HooXi,0.77
2540,a,6665,16726,phzy,0.56
2540,a,6665,21217,ryu,0.52
1497,a,13286,23553,dziugss,1.41
1497,a,13286,22203,Krabeni,1.25
1497,a,13286,22674,cmtry,1.23
1497,a,13286,20584,dem0n,1.18
1497,a,13286,19187,xfl0ud,0.75
1497,b,13592,23858,mo0N,1.05
1497,b,13592,22075,sFade8,1.0
1497,b,13592,19874,MaSvAl,0.95
1497,b,13592,24173,tenzy,0.74
1497,b,13592,22076,AW,0.64
910,b,8297,24144,molodoy,1.75
910,b,8297,2023,FalleN,1.49
910,b,8297,12553,yuurih,1.24
910,b,8297,15631,KSCERATO,1.09
910,b,8297,13915,YEKINDAR,0.7
910,a,11861,7938,XANTARES,1.15
910,a,11861,18850,Jimpphat,1.15
910,a,11861,21243,Wicadia,1.07
910,a,11861,8574,woxic,0.75
910,a,11861,19677,kyxsan,0.71
1807,a,9928,23766,hypex,1.16
1807,a,9928,20301,Tauson,1.14
1807,a,9928,9278,REZ,0.99
1807,a,9928,2553,Snax,0.7
1807,a,9928,20994,FL4MUS,0.63
1807,b,4494,24457,xelex,1.72
1807,b,4494,18221,Spinx,1.26
1807,b,4494,18072,torzsi,1.02
1807,b,4494,22279,PR,1.01
1807,b,4494,20312,xertioN,0.79
526,b,11283,19230,m0NESY,1.71
526,b,11283,24177,kyousuke,1.28
526,b,11283,3741,NiKo,1.27
526,b,11283,429,karrigan,1.15
526,b,11283,12018,TeSeS,0.88
526,a,6248,25510,tikuak,1.14
526,a,6248,21809,910,1.01
526,a,6248,20275,Techno,0.86
526,a,6248,26013,DarkMeister,0.82
526,a,6248,20194,bLitz,0.59
1313,b,4608,18987,b1t,1.14
1313,b,4608,22673,makazze,0.74
1313,b,4608,9816,Aleksib,0.72
1313,b,4608,20127,w0nderful,0.63
1313,b,4608,14759,iM,0.52
1313,a,12468,19686,n1ssim,2.91
1313,a,12468,15698,dumau,1.37
1313,a,12468,19045,latto,1.18
1313,a,12468,12521,arT,0.94
1313,a,12468,19869,try,0.92
302,b,11241,21708,npl,1.21
302,b,11241,25619,s1zzi,1.08
302,b,11241,23643,esenthial,0.91
302,b,11241,20112,alex666,0.76
302,b,11241,22842,kensizor,0.73
302,a,7020,19808,tN1R,1.39
302,a,7020,21167,donk,1.31
302,a,7020,20423,zont1x,1.16
302,a,7020,16920,sh1ro,1.06
302,a,7020,18317,magixx,0.98
2800,b,6667,9960,frozen,1.4
2800,b,6667,22866,JBOEN,1.1
2800,b,6667,22383,jcobbb,0.88
2800,b,6667,10394,Twistzz,0.71
2800,b,6667,21972,Neityu,0.38
2800,a,9565,11893,ZywOo,2.21
2800,a,9565,16693,flameZ,1.46
2800,a,9565,11816,ropz,1.28
2800,a,9565,18462,mezii,1.11
2800,a,9565,7322,apEX,0.84
2590,a,5995,20425,r1nkle,0.85
2590,a,5995,20447,HeavyGod,0.61
2590,a,5995,21062,MATYS,0.61
2590,a,5995,9436,NertZ,0.5
2590,a,5995,3972,huNter-,0.44
2590,b,8297,24144,molodoy,2.18
2590,b,8297,12553,yuurih,1.34
2590,b,8297,13915,YEKINDAR,1.32
2590,b,8297,2023,FalleN,1.25
2590,b,8297,15631,KSCERATO,1.22
1500,b,13286,22674,cmtry,1.67
1500,b,13286,19187,xfl0ud,1.54
1500,b,13286,22203,Krabeni,1.38
1500,b,13286,23553,dziugss,1.16
1500,b,13286,20584,dem0n,1.04
1500,a,4494,18072,torzsi,1.28
1500,a,4494,20312,xertioN,1.03
1500,a,4494,18221,Spinx,0.79
1500,a,4494,22279,PR,0.54
1500,a,4494,24457,xelex,0.53
453,a,12468,19869,try,1.81
453,a,12468,19045,latto,1.11
453,a,12468,19686,n1ssim,1.1
453,a,12468,15698,dumau,0.93
453,a,12468,12521,arT,0.7
453,b,11283,19230,m0NESY,1.24
453,b,11283,3741,NiKo,1.0
453,b,11283,24177,kyousuke,0.89
453,b,11283,12018,TeSeS,0.76
453,b,11283,429,karrigan,0.74
2850,b,9565,16693,flameZ,0.88
2850,b,9565,11816,ropz,0.83
2850,b,9565,11893,ZywOo,0.73
2850,b,9565,18462,mezii,0.7
2850,b,9565,7322,apEX,0.42
2850,a,7020,21167,donk,1.86
2850,a,7020,20423,zont1x,1.64
2850,a,7020,19808,tN1R,1.39
2850,a,7020,16920,sh1ro,1.15
2850,a,7020,18317,magixx,0.96
1535,b,8297,2023,FalleN,1.19
1535,b,8297,24144,molodoy,1.09
1535,b,8297,13915,YEKINDAR,1.05
1535,b,8297,15631,KSCERATO,1.05
1535,b,8297,12553,yuurih,0.69
1535,a,13286,22674,cmtry,1.35
1535,a,13286,20584,dem0n,1.32
1535,a,13286,22203,Krabeni,0.94
1535,a,13286,23553,dziugss,0.92
1535,a,13286,19187,xfl0ud,0.9
1348,b,12468,19869,try,1.3
1348,b,12468,15698,dumau,1.27
1348,b,12468,19045,latto,0.99
1348,b,12468,12521,arT,0.75
1348,b,12468,19686,n1ssim,0.38
1348,a,7020,16920,sh1ro,1.73
1348,a,7020,21167,donk,1.6
1348,a,7020,20423,zont1x,0.98
1348,a,7020,18317,magixx,0.85
1348,a,7020,19808,tN1R,0.74
1353,b,8297,24144,molodoy,1.05
1353,b,8297,13915,YEKINDAR,0.95
1353,b,8297,15631,KSCERATO,0.91
1353,b,8297,2023,FalleN,0.89
1353,b,8297,12553,yuurih,0.74
1353,a,12468,19686,n1ssim,1.7
1353,a,12468,19045,latto,1.53
1353,a,12468,19869,try,1.16
1353,a,12468,15698,dumau,0.87
1353,a,12468,12521,arT,0.69
1530,a,13286,20584,dem0n,1.45
1530,a,13286,23553,dziugss,0.71
1530,a,13286,22203,Krabeni,0.63
1530,a,13286,19187,xfl0ud,0.44
1530,a,13286,22674,cmtry,0.32
1530,b,7020,21167,donk,1.87
1530,b,7020,20423,zont1x,1.75
1530,b,7020,16920,sh1ro,1.39
1530,b,7020,19808,tN1R,1.3
1530,b,7020,18317,magixx,0.99
853,a,11861,19677,kyxsan,1.2
853,a,11861,18850,Jimpphat,1.19
853,a,11861,7938,XANTARES,0.79
853,a,11861,8574,woxic,0.76
853,a,11861,21243,Wicadia,0.56
853,b,5995,20425,r1nkle,1.86
853,b,5995,3972,huNter-,1.3
853,b,5995,20447,HeavyGod,1.14
853,b,5995,9436,NertZ,1.03
853,b,5995,21062,MATYS,0.87
1585,b,7020,21167,donk,2.34
1585,b,7020,18317,magixx,1.35
1585,b,7020,19808,tN1R,0.84
1585,b,7020,16920,sh1ro,0.83
1585,b,7020,20423,zont1x,0.79
1585,a,13926,21170,koala,1.5
1585,a,13926,21221,maxxkor,1.13
1585,a,13926,20558,gafolo,0.76
1585,a,13926,21921,rdnzao,0.58
1585,a,13926,22911,doc,0.47
1043,b,4608,14759,iM,1.23
1043,b,4608,18987,b1t,1.12
1043,b,4608,9816,Aleksib,0.86
1043,b,4608,20127,w0nderful,0.55
1043,b,4608,22673,makazze,0.43
1043,a,12376,21665,JBa,1.69
1043,a,12376,15370,slaxz-,1.33
1043,a,12376,22921,Lake,1.28
1043,a,12376,20104,s1n,1.16
1043,a,12376,16599,Swisher,0.93
2017,b,8297,13915,YEKINDAR,2.12
2017,b,8297,15631,KSCERATO,1.31
2017,b,8297,24144,molodoy,1.23
2017,b,8297,12553,yuurih,0.99
2017,b,8297,2023,FalleN,0.87
2017,a,4773,18714,piriajr,1.16
2017,a,4773,20171,snow,1.02
2017,a,4773,18141,biguzera,1.02
2017,a,4773,16816,vsm,0.58
2017,a,4773,18835,saffee,0.5
1495,b,9565,11816,ropz,1.17
1495,b,9565,16693,flameZ,1.09
1495,b,9565,7322,apEX,0.94
1495,b,9565,19206,jL,0.8
1495,b,9565,11893,ZywOo,0.69
1495,a,13117,16147,cptkurtka023,1.54
1495,a,13117,19592,headtr1ck,1.5
1495,a,13117,24168,onic,1.08
1495,a,13117,24282,Dawy,1.06
1495,a,13117,23415,zeRRoFIX,0.92
1811,b,4494,24457,xelex,1.68
1811,b,4494,18072,torzsi,1.52
1811,b,4494,20312,xertioN,1.26
1811,b,4494,18221,Spinx,1.11
1811,b,4494,22279,PR,0.79
1811,a,9996,22613,HUASOPEEK,1.24
1811,a,9996,14736,dgt,1.04
1811,a,9996,20394,luchov,0.85
1811,a,9996,12092,max,0.68
1811,a,9996,14737,meyern,0.67
1303,b,12468,19045,latto,1.33
1303,b,12468,19686,n1ssim,1.15
1303,b,12468,19869,try,1.04
1303,b,12468,12521,arT,1.04
1303,b,12468,15698,dumau,0.92
1303,a,13286,20584,dem0n,1.47
1303,a,13286,19187,xfl0ud,1.21
1303,a,13286,23553,dziugss,0.97
1303,a,13286,22674,cmtry,0.79
1303,a,13286,22203,Krabeni,0.74
632,a,11712,16723,Cabbi,1.27
632,a,11712,16731,IceBerg,0.98
632,a,11712,21199,MistR,0.97
632,a,11712,13170,kwezz,0.92
632,a,11712,13843,Lucky,0.72
632,a,11712,19038,PR1mE,0.66
632,b,11571,8891,Nodios,1.85
632,b,11571,21379,salazar,1.64
632,b,11571,13749,Queenix,1.11
632,b,11571,20300,kraghen,0.92
632,b,11571,13077,Patti,0.47
1154,b,12394,21667,Magnojez,1.35
1154,b,12394,18506,S1ren,1.1
1154,b,12394,11840,Boombl4,0.92
1154,b,12394,20357,d1Ledez,0.87
1154,b,12394,15662,zorte,0.84
1154,a,6667,22383,jcobbb,1.28
1154,a,6667,22866,JBOEN,1.24
1154,a,6667,21972,Neityu,1.01
1154,a,6667,10394,Twistzz,1.0
1154,a,6667,9960,frozen,1.0
1117,b,4411,23372,xKacpersky,2.12
1117,b,4411,14148,sjuush,1.09
1117,b,4411,22035,n0te,0.95
1117,b,4411,10994,stavn,0.92
1117,b,4411,922,Snappi,0.68
1117,a,12394,15662,zorte,1.2
1117,a,12394,18506,S1ren,1.17
1117,a,12394,20357,d1Ledez,1.01
1117,a,12394,11840,Boombl4,0.83
1117,a,12394,21667,Magnojez,0.78
