mapstat_id,timestamp_unix,team1_id,team1_nome,team1_score,team2_id,team2_nome,team2_score,vencedor,mapa,evento_id,evento_nome
236101,1787841000000,13286,FUT,11,12468,Legacy,13,Legacy,Dust2,8249,BLAST Open Porto 2026
236091,1787841000000,12468,Legacy,13,13286,FUT,10,Legacy,Ancient,8249,BLAST Open Porto 2026
236076,1787832000000,9996,9z,7,4494,MOUZ,13,MOUZ,Nuke,8249,BLAST Open Porto 2026
236067,1787832000000,4494,MOUZ,13,9996,9z,4,MOUZ,Cache,8249,BLAST Open Porto 2026
236058,1787821200000,13117,Inner Circle,16,9565,Vitality,13,Inner Circle,Cache,8249,BLAST Open Porto 2026
236054,1787821200000,9565,Vitality,8,13117,Inner Circle,13,Inner Circle,Anubis,8249,BLAST Open Porto 2026
236003,1787766900000,4773,paiN,6,8297,FURIA,13,FURIA,Cache,8249,BLAST Open Porto 2026
235998,1787766900000,8297,FURIA,13,4773,paiN,2,FURIA,Mirage,8249,BLAST Open Porto 2026
235993,1787754300000,12376,M80,13,4608,Natus Vincere,6,M80,Inferno,8249,BLAST Open Porto 2026
235985,1787754300000,12376,M80,13,4608,Natus Vincere,6,M80,Mirage,8249,BLAST Open Porto 2026
235978,1787754300000,12376,M80,4,4608,Natus Vincere,13,Natus Vincere,Anubis,8249,BLAST Open Porto 2026
235955,1787745300000,13926,DENDELE,7,7020,Spirit,13,Spirit,Cache,8249,BLAST Open Porto 2026
235946,1787745300000,13926,DENDELE,8,7020,Spirit,13,Spirit,Ancient,8249,BLAST Open Porto 2026
235937,1787734800000,11861,Aurora,12,5995,G2,16,G2,Anubis,8249,BLAST Open Porto 2026
235928,1787734800000,11861,Aurora,5,5995,G2,13,G2,Inferno,8249,BLAST Open Porto 2026
235739,1787487300000,13286,FUT,5,7020,Spirit,13,Spirit,Nuke,8261,Esports World Cup 2026
235731,1787487300000,7020,Spirit,16,13286,FUT,14,Spirit,Ancient,8261,Esports World Cup 2026
235722,1787487300000,7020,Spirit,16,13286,FUT,13,Spirit,Anubis,8261,Esports World Cup 2026
235712,1787487300000,7020,Spirit,10,13286,FUT,13,FUT,Cache,8261,Esports World Cup 2026
235704,1787472000000,12468,Legacy,13,8297,FURIA,9,Legacy,Dust2,8261,Esports World Cup 2026
235699,1787472000000,12468,Legacy,13,8297,FURIA,9,Legacy,Nuke,8261,Esports World Cup 2026
235687,1787472000000,12468,Legacy,9,8297,FURIA,13,FURIA,Ancient,8261,Esports World Cup 2026
235673,1787421600000,7020,Spirit,13,12468,Legacy,9,Spirit,Ancient,8261,Esports World Cup 2026
235667,1787421600000,12468,Legacy,7,7020,Spirit,13,Spirit,Dust2,8261,Esports World Cup 2026
235659,1787407200000,13286,FUT,16,8297,FURIA,13,FUT,Dust2,8261,Esports World Cup 2026
235653,1787407200000,13286,FUT,6,8297,FURIA,13,FURIA,Nuke,8261,Esports World Cup 2026
235648,1787407200000,8297,FURIA,11,13286,FUT,13,FUT,Ancient,8261,Esports World Cup 2026
235618,1787329800000,7020,Spirit,13,9565,Vitality,3,Spirit,Mirage,8261,Esports World Cup 2026
235612,1787329800000,7020,Spirit,14,9565,Vitality,16,Vitality,Nuke,8261,Esports World Cup 2026
235607,1787329800000,7020,Spirit,13,9565,Vitality,11,Spirit,Anubis,8261,Esports World Cup 2026
235602,1787320200000,12468,Legacy,13,11283,Falcons,10,Legacy,Dust2,8261,Esports World Cup 2026
235598,1787320200000,11283,Falcons,7,12468,Legacy,13,Legacy,Mirage,8261,Esports World Cup 2026
235593,1787310000000,4494,MOUZ,5,13286,FUT,13,FUT,Ancient,8261,Esports World Cup 2026
235588,1787310000000,13286,FUT,16,4494,MOUZ,13,FUT,Dust2,8261,Esports World Cup 2026
235561,1787242800000,5995,G2,4,8297,FURIA,13,FURIA,Dust2,8261,Esports World Cup 2026
235553,1787242800000,8297,FURIA,3,5995,G2,13,G2,Anubis,8261,Esports World Cup 2026
235551,1787242800000,8297,FURIA,13,5995,G2,3,FURIA,Ancient,8261,Esports World Cup 2026
235540,1787232900000,9565,Vitality,13,6667,FaZe,6,Vitality,Cache,8261,Esports World Cup 2026
235533,1787232900000,6667,FaZe,11,9565,Vitality,13,Vitality,Dust2,8261,Esports World Cup 2026
235541,1787232600000,7020,Spirit,13,11241,B8,9,Spirit,Mirage,8261,Esports World Cup 2026
235531,1787232600000,11241,B8,9,7020,Spirit,13,Spirit,Dust2,8261,Esports World Cup 2026
235526,1787223600000,12468,Legacy,13,4608,Natus Vincere,2,Legacy,Ancient,8261,Esports World Cup 2026
235520,1787223600000,4608,Natus Vincere,9,12468,Legacy,13,Legacy,Inferno,8261,Esports World Cup 2026
235524,1787223600000,6248,The MongolZ,9,11283,Falcons,13,Falcons,Dust2,8261,Esports World Cup 2026
235517,1787223600000,11283,Falcons,13,6248,The MongolZ,3,Falcons,Inferno,8261,Esports World Cup 2026
235508,1787162100000,9928,GamerLegion,11,4494,MOUZ,13,MOUZ,Nuke,8261,Esports World Cup 2026
235502,1787162100000,4494,MOUZ,19,9928,GamerLegion,22,GamerLegion,Ancient,8261,Esports World Cup 2026
235492,1787162100000,9928,GamerLegion,11,4494,MOUZ,13,MOUZ,Mirage,8261,Esports World Cup 2026
235507,1787161200000,11861,Aurora,9,8297,FURIA,13,FURIA,Mirage,8261,Esports World Cup 2026
235500,1787161200000,11861,Aurora,16,8297,FURIA,14,Aurora,Nuke,8261,Esports World Cup 2026
235491,1787161200000,8297,FURIA,13,11861,Aurora,11,FURIA,Ancient,8261,Esports World Cup 2026
235480,1787149200000,13286,FUT,13,13592,magic,8,FUT,Mirage,8261,Esports World Cup 2026
235473,1787149200000,13286,FUT,13,13592,magic,7,FUT,Anubis,8261,Esports World Cup 2026
235466,1787149200000,13286,FUT,9,13592,magic,13,magic,Ancient,8261,Esports World Cup 2026
235479,1787148600000,6665,Astralis,7,5995,G2,13,G2,Inferno,8261,Esports World Cup 2026
235470,1787148600000,6665,Astralis,6,5995,G2,13,G2,Dust2,8261,Esports World Cup 2026
235463,1787148600000,5995,G2,6,6665,Astralis,13,Astralis,Ancient,8261,Esports World Cup 2026
235301,1786902300000,9215,MIBR,8,12468,Legacy,13,Legacy,Inferno,8261,Esports World Cup 2026
235295,1786902300000,12468,Legacy,13,9215,MIBR,11,Legacy,Nuke,8261,Esports World Cup 2026
235296,1786896000000,6665,Astralis,13,4411,Ninjas in Pyjamas,7,Astralis,Cache,8261,Esports World Cup 2026
235291,1786896000000,4411,Ninjas in Pyjamas,13,6665,Astralis,10,Ninjas in Pyjamas,Inferno,8261,Esports World Cup 2026
235286,1786896000000,6665,Astralis,13,4411,Ninjas in Pyjamas,3,Astralis,Nuke,8261,Esports World Cup 2026
235289,1786886700000,13592,magic,13,9996,9z,10,magic,Inferno,8261,Esports World Cup 2026
235282,1786886700000,13592,magic,10,9996,9z,13,9z,Dust2,8261,Esports World Cup 2026
235264,1786886700000,9996,9z,17,13592,magic,19,magic,Ancient,8261,Esports World Cup 2026
235275,1786886100000,12467,PARIVISION,10,4494,MOUZ,13,MOUZ,Inferno,8261,Esports World Cup 2026
235261,1786886100000,4494,MOUZ,13,12467,PARIVISION,4,MOUZ,Dust2,8261,Esports World Cup 2026
235257,1786878000000,4773,paiN,4,6248,The MongolZ,13,The MongolZ,Inferno,8261,Esports World Cup 2026
235248,1786878000000,6248,The MongolZ,13,4773,paiN,10,The MongolZ,Nuke,8261,Esports World Cup 2026
235230,1786817400000,7532,BIG,7,7020,Spirit,13,Spirit,Mirage,8261,Esports World Cup 2026
235228,1786817400000,7532,BIG,10,7020,Spirit,13,Spirit,Dust2,8261,Esports World Cup 2026
235220,1786817400000,7020,Spirit,9,7532,BIG,13,BIG,Cache,8261,Esports World Cup 2026
235214,1786812600000,11861,Aurora,13,10245,JiJieHao,4,Aurora,Anubis,8261,Esports World Cup 2026
235210,1786812600000,11861,Aurora,13,10245,JiJieHao,6,Aurora,Mirage,8261,Esports World Cup 2026
235200,1786803900000,4914,3DMAX,7,13592,magic,13,magic,Ancient,8261,Esports World Cup 2026
235193,1786803900000,4914,3DMAX,6,13592,magic,13,magic,Dust2,8261,Esports World Cup 2026
235206,1786803600000,9996,9z,6,8297,FURIA,13,FURIA,Nuke,8261,Esports World Cup 2026
235201,1786803600000,9996,9z,16,8297,FURIA,13,9z,Mirage,8261,Esports World Cup 2026
235192,1786803600000,8297,FURIA,13,9996,9z,6,FURIA,Dust2,8261,Esports World Cup 2026
235180,1786791600000,4608,Natus Vincere,13,6248,The MongolZ,8,Natus Vincere,Mirage,8261,Esports World Cup 2026
235172,1786791600000,6248,The MongolZ,13,4608,Natus Vincere,9,The MongolZ,Ancient,8261,Esports World Cup 2026
235163,1786791600000,4608,Natus Vincere,13,6248,The MongolZ,5,Natus Vincere,Inferno,8261,Esports World Cup 2026
235100,1786714200000,11241,B8,13,9565,Vitality,4,B8,Dust2,8261,Esports World Cup 2026
235091,1786714200000,9565,Vitality,11,11241,B8,13,B8,Inferno,8261,Esports World Cup 2026
235074,1786714200000,9565,Vitality,16,11241,B8,12,Vitality,Mirage,8261,Esports World Cup 2026
235099,1786714200000,13286,FUT,13,4494,MOUZ,11,FUT,Mirage,8261,Esports World Cup 2026
235088,1786714200000,13286,FUT,12,4494,MOUZ,16,MOUZ,Nuke,8261,Esports World Cup 2026
235072,1786714200000,4494,MOUZ,6,13286,FUT,13,FUT,Ancient,8261,Esports World Cup 2026
235061,1786705200000,12394,BetBoom,11,4411,Ninjas in Pyjamas,13,Ninjas in Pyjamas,Anubis,8261,Esports World Cup 2026
235055,1786705200000,12394,BetBoom,3,4411,Ninjas in Pyjamas,13,Ninjas in Pyjamas,Nuke,8261,Esports World Cup 2026
235029,1786639800000,6667,FaZe,13,12468,Legacy,8,FaZe,Mirage,8261,Esports World Cup 2026
235024,1786639800000,12468,Legacy,6,6667,FaZe,13,FaZe,Cache,8261,Esports World Cup 2026
235028,1786639200000,6665,Astralis,11,11283,Falcons,13,Falcons,Dust2,8261,Esports World Cup 2026
235023,1786639200000,11283,Falcons,13,6665,Astralis,7,Falcons,Ancient,8261,Esports World Cup 2026
235013,1786629300000,11861,Aurora,13,12376,M80,9,Aurora,Inferno,8261,Esports World Cup 2026
235007,1786629300000,12376,M80,9,11861,Aurora,13,Aurora,Dust2,8261,Esports World Cup 2026
235014,1786626900000,7532,BIG,1,5995,G2,13,G2,Inferno,8261,Esports World Cup 2026
235010,1786626900000,7532,BIG,16,5995,G2,13,BIG,Ancient,8261,Esports World Cup 2026
235005,1786626900000,5995,G2,13,7532,BIG,5,G2,Cache,8261,Esports World Cup 2026
235001,1786618800000,6290,Luminosity,15,7020,Spirit,19,Spirit,Dust2,8261,Esports World Cup 2026
235000,1786618800000,10245,JiJieHao,8,9928,GamerLegion,13,GamerLegion,Ancient,8261,Esports World Cup 2026
234996,1786618800000,9928,GamerLegion,13,10245,JiJieHao,3,GamerLegion,Dust2,8261,Esports World Cup 2026
234997,1786618800000,7020,Spirit,13,6290,Luminosity,3,Spirit,Ancient,8261,Esports World Cup 2026
234986,1786564200000,4773,paiN,3,9996,9z,13,9z,Cache,8261,Esports World Cup 2026
234977,1786553100000,4914,3DMAX,9,4608,Natus Vincere,13,Natus Vincere,Inferno,8261,Esports World Cup 2026
234975,1786551900000,9215,MIBR,6,6665,Astralis,13,Astralis,Inferno,8261,Esports World Cup 2026
234971,1786547400000,6667,FaZe,13,12394,BetBoom,11,FaZe,Nuke,8261,Esports World Cup 2026
234970,1786545900000,11241,B8,13,12467,PARIVISION,11,B8,Cache,8261,Esports World Cup 2026
234964,1786540800000,12468,Legacy,13,4411,Ninjas in Pyjamas,5,Legacy,Cache,8261,Esports World Cup 2026
234961,1786536600000,5995,G2,13,12376,M80,11,G2,Mirage,8261,Esports World Cup 2026
234960,1786535700000,6248,The MongolZ,13,13592,magic,7,The MongolZ,Mirage,8261,Esports World Cup 2026
234956,1786530900000,7020,Spirit,10,10245,JiJieHao,13,JiJieHao,Mirage,8261,Esports World Cup 2026
234955,1786530000000,13286,FUT,13,4863,TYLOO,10,FUT,Mirage,8261,Esports World Cup 2026
234952,1786525200000,7532,BIG,13,11861,Aurora,9,BIG,Cache,8261,Esports World Cup 2026
234950,1786525200000,9928,GamerLegion,13,6290,Luminosity,3,GamerLegion,Nuke,8261,Esports World Cup 2026
234917,1786291200000,10245,JiJieHao,13,11581,HOTU,11,JiJieHao,Dust2,8762,Esports World Cup 2026 Open Qualifier
234912,1786291200000,10245,JiJieHao,13,11581,HOTU,9,JiJieHao,Cache,8762,Esports World Cup 2026 Open Qualifier
234903,1786291200000,11581,HOTU,13,10245,JiJieHao,7,HOTU,Mirage,8762,Esports World Cup 2026 Open Qualifier
234893,1786278600000,11581,HOTU,13,13117,Inner Circle,11,HOTU,Anubis,8762,Esports World Cup 2026 Open Qualifier
234882,1786278600000,13117,Inner Circle,13,11581,HOTU,3,Inner Circle,Nuke,8762,Esports World Cup 2026 Open Qualifier
234871,1786278600000,11581,HOTU,13,13117,Inner Circle,10,HOTU,Ancient,8762,Esports World Cup 2026 Open Qualifier
234865,1786266000000,10245,JiJieHao,13,13926,DENDELE,7,JiJieHao,Ancient,8762,Esports World Cup 2026 Open Qualifier
234852,1786266000000,10245,JiJieHao,9,13926,DENDELE,13,DENDELE,Cache,8762,Esports World Cup 2026 Open Qualifier
234832,1786266000000,13926,DENDELE,14,10245,JiJieHao,16,JiJieHao,Inferno,8762,Esports World Cup 2026 Open Qualifier
234256,1785666600000,7020,Spirit,10,4494,MOUZ,13,MOUZ,Nuke,8247,BLAST Bounty 2026 Season 2 Finals
234238,1785666600000,4494,MOUZ,9,7020,Spirit,13,Spirit,Ancient,8247,BLAST Bounty 2026 Season 2 Finals
234233,1785666600000,7020,Spirit,4,4494,MOUZ,13,MOUZ,Mirage,8247,BLAST Bounty 2026 Season 2 Finals
234227,1785666600000,4494,MOUZ,13,7020,Spirit,8,MOUZ,Dust2,8247,BLAST Bounty 2026 Season 2 Finals
234185,1785593400000,6665,Astralis,9,4494,MOUZ,13,MOUZ,Dust2,8247,BLAST Bounty 2026 Season 2 Finals
234177,1785593400000,6665,Astralis,9,4494,MOUZ,13,MOUZ,Mirage,8247,BLAST Bounty 2026 Season 2 Finals
234170,1785593400000,4494,MOUZ,6,6665,Astralis,13,Astralis,Ancient,8247,BLAST Bounty 2026 Season 2 Finals
234159,1785580200000,7020,Spirit,13,6667,FaZe,11,Spirit,Anubis,8247,BLAST Bounty 2026 Season 2 Finals
234148,1785580200000,7020,Spirit,9,6667,FaZe,13,FaZe,Cache,8247,BLAST Bounty 2026 Season 2 Finals
234138,1785580200000,6667,FaZe,6,7020,Spirit,13,Spirit,Dust2,8247,BLAST Bounty 2026 Season 2 Finals
234105,1785514200000,4773,paiN,14,6665,Astralis,16,Astralis,Mirage,8247,BLAST Bounty 2026 Season 2 Finals
234092,1785514200000,4773,paiN,17,6665,Astralis,19,Astralis,Inferno,8247,BLAST Bounty 2026 Season 2 Finals
234084,1785514200000,6665,Astralis,10,4773,paiN,13,paiN,Nuke,8247,BLAST Bounty 2026 Season 2 Finals
234071,1785501000000,6248,The MongolZ,8,6667,FaZe,13,FaZe,Ancient,8247,BLAST Bounty 2026 Season 2 Finals
234066,1785501000000,6667,FaZe,7,6248,The MongolZ,13,The MongolZ,Mirage,8247,BLAST Bounty 2026 Season 2 Finals
234056,1785501000000,6248,The MongolZ,12,6667,FaZe,16,FaZe,Nuke,8247,BLAST Bounty 2026 Season 2 Finals
234006,1785424800000,4914,3DMAX,3,4494,MOUZ,13,MOUZ,Inferno,8247,BLAST Bounty 2026 Season 2 Finals
233996,1785424800000,4914,3DMAX,18,4494,MOUZ,22,MOUZ,Nuke,8247,BLAST Bounty 2026 Season 2 Finals
233992,1785424800000,4494,MOUZ,10,4914,3DMAX,13,3DMAX,Dust2,8247,BLAST Bounty 2026 Season 2 Finals
233977,1785416400000,5973,Liquid,5,7020,Spirit,13,Spirit,Anubis,8247,BLAST Bounty 2026 Season 2 Finals
233971,1785416400000,5973,Liquid,7,7020,Spirit,13,Spirit,Dust2,8247,BLAST Bounty 2026 Season 2 Finals
233693,1785083700000,4411,Ninjas in Pyjamas,11,13592,magic,13,magic,Anubis,9286,StarLadder StarSeries Fall 2026 Europe Closed Qualifier
233683,1785083700000,4411,Ninjas in Pyjamas,9,13592,magic,13,magic,Ancient,9286,StarLadder StarSeries Fall 2026 Europe Closed Qualifier
233677,1785070800000,11861,Aurora,13,11581,HOTU,9,Aurora,Mirage,9286,StarLadder StarSeries Fall 2026 Europe Closed Qualifier
233666,1785070800000,11861,Aurora,9,11581,HOTU,13,HOTU,Anubis,9286,StarLadder StarSeries Fall 2026 Europe Closed Qualifier
233659,1785070800000,11861,Aurora,13,11581,HOTU,11,Aurora,Cache,9286,StarLadder StarSeries Fall 2026 Europe Closed Qualifier
233658,1785068100000,4914,3DMAX,13,13286,FUT,9,3DMAX,Ancient,9154,BLAST Bounty 2026 Season 2
233652,1785068100000,13286,FUT,11,4914,3DMAX,13,3DMAX,Dust2,9154,BLAST Bounty 2026 Season 2
233642,1785060000000,4411,Ninjas in Pyjamas,14,4773,paiN,16,paiN,Mirage,9154,BLAST Bounty 2026 Season 2
233633,1785060000000,4773,paiN,13,4411,Ninjas in Pyjamas,6,paiN,Nuke,9154,BLAST Bounty 2026 Season 2
233612,1784995200000,4411,Ninjas in Pyjamas,13,7175,HEROIC,9,Ninjas in Pyjamas,Ancient,9286,StarLadder StarSeries Fall 2026 Europe Closed Qualifier
233603,1784995200000,7175,HEROIC,8,4411,Ninjas in Pyjamas,13,Ninjas in Pyjamas,Nuke,9286,StarLadder StarSeries Fall 2026 Europe Closed Qualifier
233593,1784995200000,4411,Ninjas in Pyjamas,12,7175,HEROIC,16,HEROIC,Mirage,9286,StarLadder StarSeries Fall 2026 Europe Closed Qualifier
233595,1784990700000,11581,HOTU,10,6665,Astralis,13,Astralis,Ancient,9154,BLAST Bounty 2026 Season 2
233589,1784990700000,11581,HOTU,13,6665,Astralis,7,HOTU,Nuke,9154,BLAST Bounty 2026 Season 2
233581,1784990700000,6665,Astralis,13,11581,HOTU,1,Astralis,Cache,9154,BLAST Bounty 2026 Season 2
233590,1784988000000,13592,magic,13,13404,Gentle Mates,11,magic,Cache,9286,StarLadder StarSeries Fall 2026 Europe Closed Qualifier
233578,1784988000000,13404,Gentle Mates,7,13592,magic,13,magic,Mirage,9286,StarLadder StarSeries Fall 2026 Europe Closed Qualifier
233572,1784983800000,5973,Liquid,13,5995,G2,5,Liquid,Mirage,9154,BLAST Bounty 2026 Season 2
233567,1784983800000,5973,Liquid,13,5995,G2,6,Liquid,Anubis,9154,BLAST Bounty 2026 Season 2
233558,1784973600000,6667,FaZe,13,13926,DENDELE,7,FaZe,Cache,9154,BLAST Bounty 2026 Season 2
233549,1784973600000,13926,DENDELE,13,6667,FaZe,10,DENDELE,Mirage,9154,BLAST Bounty 2026 Season 2
233544,1784973600000,6667,FaZe,13,13926,DENDELE,2,FaZe,Nuke,9154,BLAST Bounty 2026 Season 2
233513,1784916000000,13926,DENDELE,16,8297,FURIA,14,DENDELE,Cache,9154,BLAST Bounty 2026 Season 2
233509,1784916000000,13926,DENDELE,6,8297,FURIA,13,FURIA,Mirage,9154,BLAST Bounty 2026 Season 2
233502,1784916000000,13926,DENDELE,13,8297,FURIA,6,DENDELE,Anubis,9154,BLAST Bounty 2026 Season 2
233496,1784909700000,7175,HEROIC,13,6665,Astralis,10,HEROIC,Ancient,9286,StarLadder StarSeries Fall 2026 Europe Closed Qualifier
233491,1784909700000,6665,Astralis,10,7175,HEROIC,13,HEROIC,Dust2,9286,StarLadder StarSeries Fall 2026 Europe Closed Qualifier
233494,1784908200000,5973,Liquid,13,9565,Vitality,9,Liquid,Nuke,9154,BLAST Bounty 2026 Season 2
233489,1784908200000,5973,Liquid,13,9565,Vitality,10,Liquid,Anubis,9154,BLAST Bounty 2026 Season 2
233480,1784895300000,7175,HEROIC,16,6248,The MongolZ,19,The MongolZ,Dust2,9154,BLAST Bounty 2026 Season 2
233474,1784895300000,7175,HEROIC,8,6248,The MongolZ,13,The MongolZ,Cache,9154,BLAST Bounty 2026 Season 2
233466,1784895300000,6248,The MongolZ,5,7175,HEROIC,13,HEROIC,Nuke,9154,BLAST Bounty 2026 Season 2
233462,1784883600000,4914,3DMAX,13,13592,magic,6,3DMAX,Dust2,9154,BLAST Bounty 2026 Season 2
233455,1784883600000,4914,3DMAX,16,13592,magic,14,3DMAX,Ancient,9154,BLAST Bounty 2026 Season 2
233449,1784883600000,13592,magic,13,4914,3DMAX,7,magic,Cache,9154,BLAST Bounty 2026 Season 2
233418,1784821800000,13404,Gentle Mates,6,4773,paiN,13,paiN,Nuke,9154,BLAST Bounty 2026 Season 2
233413,1784821800000,4773,paiN,13,13404,Gentle Mates,11,paiN,Inferno,9154,BLAST Bounty 2026 Season 2
233338,1784734200000,11581,HOTU,13,9928,GamerLegion,8,HOTU,Ancient,9154,BLAST Bounty 2026 Season 2
233334,1784734200000,9928,GamerLegion,11,11581,HOTU,13,HOTU,Dust2,9154,BLAST Bounty 2026 Season 2
233311,1784714400000,11581,HOTU,16,6665,Astralis,13,HOTU,Ancient,9286,StarLadder StarSeries Fall 2026 Europe Closed Qualifier
233303,1784714400000,11581,HOTU,16,6665,Astralis,14,HOTU,Cache,9286,StarLadder StarSeries Fall 2026 Europe Closed Qualifier
233279,1784651100000,13592,magic,19,13404,Gentle Mates,17,magic,Cache,9286,StarLadder StarSeries Fall 2026 Europe Closed Qualifier
233273,1784651100000,13404,Gentle Mates,4,13592,magic,13,magic,Mirage,9286,StarLadder StarSeries Fall 2026 Europe Closed Qualifier
233265,1784638800000,11581,HOTU,13,7175,HEROIC,8,HOTU,Dust2,9286,StarLadder StarSeries Fall 2026 Europe Closed Qualifier
233259,1784638800000,7175,HEROIC,6,11581,HOTU,13,HOTU,Cache,9286,StarLadder StarSeries Fall 2026 Europe Closed Qualifier
233255,1784638800000,11581,HOTU,10,7175,HEROIC,13,HEROIC,Mirage,9286,StarLadder StarSeries Fall 2026 Europe Closed Qualifier
233264,1784638800000,4914,3DMAX,7,13404,Gentle Mates,13,Gentle Mates,Nuke,9286,StarLadder StarSeries Fall 2026 Europe Closed Qualifier
233258,1784638800000,13404,Gentle Mates,13,4914,3DMAX,4,Gentle Mates,Cache,9286,StarLadder StarSeries Fall 2026 Europe Closed Qualifier
233253,1784638800000,4914,3DMAX,13,13404,Gentle Mates,8,3DMAX,Inferno,9286,StarLadder StarSeries Fall 2026 Europe Closed Qualifier
233247,1784628000000,12376,M80,8,4411,Ninjas in Pyjamas,13,Ninjas in Pyjamas,Ancient,9154,BLAST Bounty 2026 Season 2
233243,1784628000000,4411,Ninjas in Pyjamas,13,12376,M80,10,Ninjas in Pyjamas,Inferno,9154,BLAST Bounty 2026 Season 2
233010,1784297700000,4411,Ninjas in Pyjamas,9,7175,HEROIC,13,HEROIC,Mirage,9173,Stake Ranked Episode 3
233008,1784297700000,7175,HEROIC,9,4411,Ninjas in Pyjamas,13,Ninjas in Pyjamas,Nuke,9173,Stake Ranked Episode 3
233002,1784297700000,4411,Ninjas in Pyjamas,11,7175,HEROIC,13,HEROIC,Inferno,9173,Stake Ranked Episode 3
232979,1784282400000,4914,3DMAX,13,13404,Gentle Mates,7,3DMAX,Cache,9173,Stake Ranked Episode 3
232972,1784282400000,4914,3DMAX,13,13404,Gentle Mates,2,3DMAX,Ancient,9173,Stake Ranked Episode 3
232932,1784212500000,13404,Gentle Mates,6,4411,Ninjas in Pyjamas,13,Ninjas in Pyjamas,Nuke,9173,Stake Ranked Episode 3
232930,1784212500000,4411,Ninjas in Pyjamas,13,13404,Gentle Mates,9,Ninjas in Pyjamas,Ancient,9173,Stake Ranked Episode 3
232927,1784204100000,4914,3DMAX,13,4773,paiN,4,3DMAX,Inferno,9173,Stake Ranked Episode 3
232924,1784204100000,4773,paiN,10,4914,3DMAX,13,3DMAX,Cache,9173,Stake Ranked Episode 3
232884,1784116800000,4914,3DMAX,8,7175,HEROIC,13,HEROIC,Nuke,9173,Stake Ranked Episode 3
232881,1784116800000,7175,HEROIC,8,4914,3DMAX,13,3DMAX,Cache,9173,Stake Ranked Episode 3
232879,1784116800000,4914,3DMAX,8,7175,HEROIC,13,HEROIC,Inferno,9173,Stake Ranked Episode 3
232712,1783843200000,9996,9z,13,12467,PARIVISION,4,9z,Dust2,8914,XSE Pro League Guangzhou 2026
232710,1783843200000,12467,PARIVISION,10,9996,9z,13,9z,Inferno,8914,XSE Pro League Guangzhou 2026
232707,1783843200000,9996,9z,13,12467,PARIVISION,9,9z,Mirage,8914,XSE Pro League Guangzhou 2026
232709,1783837800000,8840,Lynn Vision,13,4863,TYLOO,8,Lynn Vision,Anubis,9254,GGMEDIA Challenger Series 1: BLAST Premier Rising Event
232705,1783837800000,8840,Lynn Vision,13,4863,TYLOO,10,Lynn Vision,Inferno,9254,GGMEDIA Challenger Series 1: BLAST Premier Rising Event
232703,1783837800000,4863,TYLOO,13,8840,Lynn Vision,6,TYLOO,Ancient,9254,GGMEDIA Challenger Series 1: BLAST Premier Rising Event
232701,1783810800000,8113,Sharks,13,4773,paiN,7,Sharks,Nuke,9238,RES Showdown 4 South America: BLAST Premier Rising Event
232699,1783810800000,4773,paiN,11,8113,Sharks,13,Sharks,Cache,9238,RES Showdown 4 South America: BLAST Premier Rising Event
232680,1783773900000,12467,PARIVISION,19,6667,FaZe,17,PARIVISION,Ancient,8914,XSE Pro League Guangzhou 2026
232674,1783773900000,6667,FaZe,17,12467,PARIVISION,19,PARIVISION,Dust2,8914,XSE Pro League Guangzhou 2026
232671,1783773900000,12467,PARIVISION,9,6667,FaZe,13,FaZe,Cache,8914,XSE Pro League Guangzhou 2026
232668,1783756800000,12474,Alliance,7,9996,9z,13,9z,Ancient,8914,XSE Pro League Guangzhou 2026
232662,1783756800000,9996,9z,17,12474,Alliance,19,Alliance,Inferno,8914,XSE Pro League Guangzhou 2026
232659,1783756800000,12474,Alliance,10,9996,9z,13,9z,Nuke,8914,XSE Pro League Guangzhou 2026
232640,1783700400000,13117,Inner Circle,13,13592,magic,6,Inner Circle,Ancient,9237,RES Showdown 4 Europe: BLAST Premier Rising Event
232638,1783700400000,13592,magic,4,13117,Inner Circle,13,Inner Circle,Dust2,9237,RES Showdown 4 Europe: BLAST Premier Rising Event
232632,1783687500000,6667,FaZe,13,12394,BetBoom,6,FaZe,Ancient,8914,XSE Pro League Guangzhou 2026
232629,1783687500000,6667,FaZe,13,12394,BetBoom,2,FaZe,Cache,8914,XSE Pro League Guangzhou 2026
232624,1783670400000,12467,PARIVISION,13,7532,BIG,9,PARIVISION,Ancient,8914,XSE Pro League Guangzhou 2026
232619,1783670400000,7532,BIG,5,12467,PARIVISION,13,PARIVISION,Mirage,8914,XSE Pro League Guangzhou 2026
232615,1783670400000,7532,BIG,19,12467,PARIVISION,15,BIG,Cache,8914,XSE Pro League Guangzhou 2026
232538,1783584300000,4863,TYLOO,5,9996,9z,13,9z,Inferno,8914,XSE Pro League Guangzhou 2026
232535,1783584300000,9996,9z,7,4863,TYLOO,13,TYLOO,Mirage,8914,XSE Pro League Guangzhou 2026
232534,1783584300000,4863,TYLOO,9,9996,9z,13,9z,Nuke,8914,XSE Pro League Guangzhou 2026
232436,1783245600000,7532,BIG,13,11241,B8,11,BIG,Ancient,8914,XSE Pro League Guangzhou 2026
232433,1783245600000,11241,B8,13,7532,BIG,16,BIG,Inferno,8914,XSE Pro League Guangzhou 2026
232428,1783232100000,9996,9z,16,9215,MIBR,13,9z,Mirage,8914,XSE Pro League Guangzhou 2026
232427,1783232100000,9215,MIBR,10,9996,9z,13,9z,Nuke,8914,XSE Pro League Guangzhou 2026
232394,1783170900000,4914,3DMAX,1,6667,FaZe,13,FaZe,Anubis,8914,XSE Pro League Guangzhou 2026
232391,1783170900000,4914,3DMAX,5,6667,FaZe,13,FaZe,Ancient,8914,XSE Pro League Guangzhou 2026
232388,1783161300000,9996,9z,7,12474,Alliance,13,Alliance,Inferno,8914,XSE Pro League Guangzhou 2026
232381,1783161300000,12474,Alliance,16,9996,9z,14,Alliance,Dust2,8914,XSE Pro League Guangzhou 2026
232385,1783153800000,7532,BIG,13,4411,Ninjas in Pyjamas,6,BIG,Ancient,8914,XSE Pro League Guangzhou 2026
232380,1783153800000,4411,Ninjas in Pyjamas,13,7532,BIG,9,Ninjas in Pyjamas,Inferno,8914,XSE Pro League Guangzhou 2026
232377,1783153800000,4411,Ninjas in Pyjamas,11,7532,BIG,13,BIG,Anubis,8914,XSE Pro League Guangzhou 2026
232375,1783144800000,12467,PARIVISION,13,9215,MIBR,5,PARIVISION,Mirage,8914,XSE Pro League Guangzhou 2026
232373,1783144800000,9215,MIBR,4,12467,PARIVISION,13,PARIVISION,Ancient,8914,XSE Pro League Guangzhou 2026
232370,1783144800000,9215,MIBR,16,12467,PARIVISION,13,MIBR,Anubis,8914,XSE Pro League Guangzhou 2026
232371,1783141800000,8840,Lynn Vision,6,11241,B8,13,B8,Ancient,8914,XSE Pro League Guangzhou 2026
232368,1783141800000,11241,B8,16,8840,Lynn Vision,14,B8,Dust2,8914,XSE Pro League Guangzhou 2026
232336,1783083600000,11241,B8,6,12474,Alliance,13,Alliance,Ancient,8914,XSE Pro League Guangzhou 2026
232328,1783076100000,7532,BIG,2,9215,MIBR,13,MIBR,Mirage,8914,XSE Pro League Guangzhou 2026
232326,1783073400000,4914,3DMAX,9,9996,9z,13,9z,Dust2,8914,XSE Pro League Guangzhou 2026
232323,1783066800000,8840,Lynn Vision,3,12467,PARIVISION,13,PARIVISION,Dust2,8914,XSE Pro League Guangzhou 2026
232324,1783060200000,6290,Luminosity,7,4411,Ninjas in Pyjamas,13,Ninjas in Pyjamas,Mirage,8914,XSE Pro League Guangzhou 2026
232321,1783060200000,4411,Ninjas in Pyjamas,13,6290,Luminosity,10,Ninjas in Pyjamas,Inferno,8914,XSE Pro League Guangzhou 2026
232320,1783060200000,6290,Luminosity,13,4411,Ninjas in Pyjamas,7,Luminosity,Nuke,8914,XSE Pro League Guangzhou 2026
232300,1782999000000,12394,BetBoom,13,7532,BIG,11,BetBoom,Mirage,8914,XSE Pro League Guangzhou 2026
232292,1782993600000,12467,PARIVISION,5,4863,TYLOO,13,TYLOO,Mirage,8914,XSE Pro League Guangzhou 2026
232288,1782988200000,6290,Luminosity,8,8840,Lynn Vision,13,Lynn Vision,Inferno,8914,XSE Pro League Guangzhou 2026
232286,1782986100000,6667,FaZe,6,9215,MIBR,13,MIBR,Ancient,8914,XSE Pro League Guangzhou 2026
232284,1782981900000,12474,Alliance,13,4411,Ninjas in Pyjamas,3,Alliance,Ancient,8914,XSE Pro League Guangzhou 2026
232278,1782928200000,11241,B8,16,9215,MIBR,13,B8,Ancient,8914,XSE Pro League Guangzhou 2026
232274,1782922800000,7532,BIG,16,8840,Lynn Vision,14,BIG,Ancient,8914,XSE Pro League Guangzhou 2026
232268,1782920700000,12394,BetBoom,13,10577,SINNERS,4,BetBoom,Ancient,8914,XSE Pro League Guangzhou 2026
232265,1782915300000,12467,PARIVISION,13,12474,Alliance,4,PARIVISION,Ancient,8914,XSE Pro League Guangzhou 2026
232256,1782898200000,4914,3DMAX,16,4411,Ninjas in Pyjamas,14,3DMAX,Anubis,8914,XSE Pro League Guangzhou 2026
232255,1782895500000,6667,FaZe,8,4863,TYLOO,13,TYLOO,Anubis,8914,XSE Pro League Guangzhou 2026
232112,1782568200000,8113,Sharks,16,13117,Inner Circle,19,Inner Circle,Anubis,9118,Digital Crusade Super DraculaN Season 1
232107,1782568200000,13117,Inner Circle,13,8113,Sharks,4,Inner Circle,Nuke,9118,Digital Crusade Super DraculaN Season 1
232104,1782568200000,8113,Sharks,13,13117,Inner Circle,11,Sharks,Mirage,9118,Digital Crusade Super DraculaN Season 1
231940,1782313200000,13117,Inner Circle,17,8113,Sharks,19,Sharks,Nuke,9118,Digital Crusade Super DraculaN Season 1
231934,1782313200000,8113,Sharks,16,13117,Inner Circle,13,Sharks,Mirage,9118,Digital Crusade Super DraculaN Season 1
231873,1782054000000,11283,Falcons,13,8297,FURIA,8,Falcons,Inferno,8301,IEM Cologne Major 2026
231871,1782054000000,11283,Falcons,13,8297,FURIA,8,Falcons,Anubis,8301,IEM Cologne Major 2026
231870,1782054000000,11283,Falcons,13,8297,FURIA,8,Falcons,Mirage,8301,IEM Cologne Major 2026
231836,1781974800000,7020,Spirit,12,11283,Falcons,16,Falcons,Dust2,8301,IEM Cologne Major 2026
231831,1781974800000,11283,Falcons,8,7020,Spirit,13,Spirit,Mirage,8301,IEM Cologne Major 2026
231824,1781974800000,11283,Falcons,16,7020,Spirit,14,Falcons,Anubis,8301,IEM Cologne Major 2026
231815,1781963100000,11861,Aurora,4,8297,FURIA,13,FURIA,Nuke,8301,IEM Cologne Major 2026
231814,1781963100000,11861,Aurora,9,8297,FURIA,13,FURIA,Dust2,8301,IEM Cologne Major 2026
231787,1781897100000,9565,Vitality,11,11283,Falcons,13,Falcons,Dust2,8301,IEM Cologne Major 2026
231786,1781897100000,11283,Falcons,11,9565,Vitality,13,Vitality,Inferno,8301,IEM Cologne Major 2026
231784,1781897100000,11283,Falcons,13,9565,Vitality,11,Falcons,Anubis,8301,IEM Cologne Major 2026
231762,1781876700000,7020,Spirit,25,5995,G2,22,Spirit,Mirage,8301,IEM Cologne Major 2026
231755,1781876700000,5995,G2,14,7020,Spirit,16,Spirit,Dust2,8301,IEM Cologne Major 2026
231751,1781876700000,7020,Spirit,9,5995,G2,13,G2,Overpass,8301,IEM Cologne Major 2026
231738,1781802000000,8297,FURIA,13,9996,9z,6,FURIA,Overpass,8301,IEM Cologne Major 2026
231733,1781802000000,9996,9z,9,8297,FURIA,13,FURIA,Mirage,8301,IEM Cologne Major 2026
231729,1781802000000,8297,FURIA,8,9996,9z,13,9z,Dust2,8301,IEM Cologne Major 2026
231722,1781790300000,11861,Aurora,13,12394,BetBoom,9,Aurora,Anubis,8301,IEM Cologne Major 2026
231719,1781790300000,11861,Aurora,13,12394,BetBoom,6,Aurora,Nuke,8301,IEM Cologne Major 2026
231641,1781542800000,4608,Natus Vincere,10,5995,G2,13,G2,Mirage,8301,IEM Cologne Major 2026
231637,1781542800000,5995,G2,16,4608,Natus Vincere,14,G2,Inferno,8301,IEM Cologne Major 2026
231631,1781542800000,4608,Natus Vincere,13,5995,G2,11,Natus Vincere,Dust2,8301,IEM Cologne Major 2026
231630,1781533800000,13286,FUT,7,12394,BetBoom,13,BetBoom,Dust2,8301,IEM Cologne Major 2026
231627,1781533800000,12394,BetBoom,13,13286,FUT,7,BetBoom,Mirage,8301,IEM Cologne Major 2026
231623,1781524800000,6248,The MongolZ,8,9996,9z,13,9z,Overpass,8301,IEM Cologne Major 2026
231619,1781524800000,9996,9z,13,6248,The MongolZ,8,9z,Inferno,8301,IEM Cologne Major 2026
231594,1781458800000,11283,Falcons,19,4608,Natus Vincere,16,Falcons,Anubis,8301,IEM Cologne Major 2026
231587,1781458800000,11283,Falcons,7,4608,Natus Vincere,13,Natus Vincere,Mirage,8301,IEM Cologne Major 2026
231579,1781458800000,4608,Natus Vincere,3,11283,Falcons,13,Falcons,Dust2,8301,IEM Cologne Major 2026
231583,1781456400000,12468,Legacy,4,5995,G2,13,G2,Overpass,8301,IEM Cologne Major 2026
231576,1781456400000,5995,G2,13,12468,Legacy,7,G2,Dust2,8301,IEM Cologne Major 2026
231575,1781450400000,9565,Vitality,13,12394,BetBoom,11,Vitality,Nuke,8301,IEM Cologne Major 2026
231570,1781450400000,12394,BetBoom,8,9565,Vitality,13,Vitality,Overpass,8301,IEM Cologne Major 2026
231572,1781450400000,9996,9z,5,11861,Aurora,13,Aurora,Dust2,8301,IEM Cologne Major 2026
231563,1781450400000,11861,Aurora,13,9996,9z,1,Aurora,Nuke,8301,IEM Cologne Major 2026
231559,1781438400000,4494,MOUZ,7,13286,FUT,13,FUT,Mirage,8301,IEM Cologne Major 2026
231554,1781438400000,13286,FUT,10,4494,MOUZ,13,MOUZ,Nuke,8301,IEM Cologne Major 2026
231546,1781438400000,4494,MOUZ,11,13286,FUT,13,FUT,Ancient,8301,IEM Cologne Major 2026
231558,1781438400000,6248,The MongolZ,13,11811,Monte,11,The MongolZ,Dust2,8301,IEM Cologne Major 2026
231553,1781438400000,11811,Monte,7,6248,The MongolZ,13,The MongolZ,Inferno,8301,IEM Cologne Major 2026
231544,1781438400000,6248,The MongolZ,9,11811,Monte,13,Monte,Nuke,8301,IEM Cologne Major 2026
231513,1781376900000,7020,Spirit,16,9996,9z,14,Spirit,Dust2,8301,IEM Cologne Major 2026
231508,1781376900000,9996,9z,13,7020,Spirit,16,Spirit,Mirage,8301,IEM Cologne Major 2026
231498,1781376900000,7020,Spirit,12,9996,9z,16,9z,Overpass,8301,IEM Cologne Major 2026
231494,1781372400000,8297,FURIA,13,12394,BetBoom,6,FURIA,Dust2,8301,IEM Cologne Major 2026
231485,1781372400000,12394,BetBoom,6,8297,FURIA,13,FURIA,Overpass,8301,IEM Cologne Major 2026
231484,1781365500000,12468,Legacy,16,12467,PARIVISION,13,Legacy,Dust2,8301,IEM Cologne Major 2026
231473,1781365500000,12467,PARIVISION,12,12468,Legacy,16,Legacy,Inferno,8301,IEM Cologne Major 2026
231476,1781361300000,9565,Vitality,13,4494,MOUZ,4,Vitality,Inferno,8301,IEM Cologne Major 2026
231465,1781361300000,4494,MOUZ,13,9565,Vitality,7,MOUZ,Dust2,8301,IEM Cologne Major 2026
231458,1781361300000,9565,Vitality,13,4494,MOUZ,9,Vitality,Mirage,8301,IEM Cologne Major 2026
231448,1781353200000,11861,Aurora,13,5995,G2,7,Aurora,Anubis,8301,IEM Cologne Major 2026
231433,1781353200000,11861,Aurora,13,5995,G2,8,Aurora,Overpass,8301,IEM Cologne Major 2026
231459,1781352900000,11283,Falcons,13,11811,Monte,10,Falcons,Mirage,8301,IEM Cologne Major 2026
231450,1781352900000,11811,Monte,13,11283,Falcons,11,Monte,Dust2,8301,IEM Cologne Major 2026
231432,1781352900000,11283,Falcons,13,11811,Monte,9,Falcons,Inferno,8301,IEM Cologne Major 2026
231418,1781341200000,4608,Natus Vincere,13,6248,The MongolZ,6,Natus Vincere,Mirage,8301,IEM Cologne Major 2026
231408,1781341200000,6248,The MongolZ,13,4608,Natus Vincere,16,Natus Vincere,Ancient,8301,IEM Cologne Major 2026
231396,1781341200000,4608,Natus Vincere,8,6248,The MongolZ,13,The MongolZ,Nuke,8301,IEM Cologne Major 2026
231416,1781341200000,11241,B8,11,13286,FUT,13,FUT,Ancient,8301,IEM Cologne Major 2026
231405,1781341200000,13286,FUT,13,11241,B8,9,FUT,Mirage,8301,IEM Cologne Major 2026
231397,1781341200000,11241,B8,13,13286,FUT,10,B8,Dust2,8301,IEM Cologne Major 2026
231360,1781285100000,11861,Aurora,5,7020,Spirit,13,Spirit,Nuke,8301,IEM Cologne Major 2026
231354,1781285100000,11861,Aurora,4,7020,Spirit,13,Spirit,Anubis,8301,IEM Cologne Major 2026
231342,1781285100000,11861,Aurora,13,7020,Spirit,9,Aurora,Dust2,8301,IEM Cologne Major 2026
231357,1781282700000,9565,Vitality,11,9996,9z,13,9z,Dust2,8301,IEM Cologne Major 2026
231343,1781282700000,9996,9z,13,9565,Vitality,9,9z,Mirage,8301,IEM Cologne Major 2026
231340,1781282700000,9565,Vitality,13,9996,9z,4,Vitality,Inferno,8301,IEM Cologne Major 2026
231337,1781277000000,12394,BetBoom,13,11283,Falcons,10,BetBoom,Ancient,8301,IEM Cologne Major 2026
231330,1781277000000,11283,Falcons,11,12394,BetBoom,13,BetBoom,Nuke,8301,IEM Cologne Major 2026
231331,1781275200000,12468,Legacy,10,4608,Natus Vincere,13,Natus Vincere,Ancient,8301,IEM Cologne Major 2026
231327,1781275200000,4608,Natus Vincere,13,12468,Legacy,4,Natus Vincere,Inferno,8301,IEM Cologne Major 2026
231326,1781266200000,13286,FUT,9,5995,G2,13,G2,Mirage,8301,IEM Cologne Major 2026
231322,1781266200000,5995,G2,6,13286,FUT,13,FUT,Ancient,8301,IEM Cologne Major 2026
231317,1781266200000,13286,FUT,5,5995,G2,13,G2,Overpass,8301,IEM Cologne Major 2026
231323,1781263800000,12467,PARIVISION,5,11811,Monte,13,Monte,Inferno,8301,IEM Cologne Major 2026
231318,1781263800000,11811,Monte,13,12467,PARIVISION,9,Monte,Ancient,8301,IEM Cologne Major 2026
231315,1781263800000,12467,PARIVISION,13,11811,Monte,7,PARIVISION,Mirage,8301,IEM Cologne Major 2026
231314,1781254800000,8297,FURIA,13,4494,MOUZ,7,FURIA,Overpass,8301,IEM Cologne Major 2026
231310,1781254800000,11241,B8,3,6248,The MongolZ,13,The MongolZ,Overpass,8301,IEM Cologne Major 2026
231302,1781254800000,6248,The MongolZ,16,11241,B8,14,The MongolZ,Mirage,8301,IEM Cologne Major 2026
231307,1781254800000,4494,MOUZ,13,8297,FURIA,5,MOUZ,Inferno,8301,IEM Cologne Major 2026
231301,1781254800000,8297,FURIA,13,4494,MOUZ,5,FURIA,Nuke,8301,IEM Cologne Major 2026
231285,1781203200000,4608,Natus Vincere,8,7020,Spirit,13,Spirit,Anubis,8301,IEM Cologne Major 2026
231283,1781203200000,4608,Natus Vincere,1,7020,Spirit,13,Spirit,Dust2,8301,IEM Cologne Major 2026
231280,1781195400000,11861,Aurora,13,11811,Monte,7,Aurora,Anubis,8301,IEM Cologne Major 2026
231277,1781195400000,11861,Aurora,13,11811,Monte,10,Aurora,Nuke,8301,IEM Cologne Major 2026
231279,1781190300000,11283,Falcons,16,5995,G2,13,Falcons,Ancient,8301,IEM Cologne Major 2026
231276,1781190300000,5995,G2,8,11283,Falcons,13,Falcons,Dust2,8301,IEM Cologne Major 2026
231272,1781190300000,11283,Falcons,10,5995,G2,13,G2,Inferno,8301,IEM Cologne Major 2026
231274,1781187000000,8297,FURIA,13,11241,B8,4,FURIA,Inferno,8301,IEM Cologne Major 2026
231269,1781187000000,8297,FURIA,13,11241,B8,10,FURIA,Mirage,8301,IEM Cologne Major 2026
231268,1781179800000,9565,Vitality,13,13286,FUT,8,Vitality,Nuke,8301,IEM Cologne Major 2026
231264,1781179800000,13286,FUT,2,9565,Vitality,13,Vitality,Overpass,8301,IEM Cologne Major 2026
231262,1781179800000,13286,FUT,13,9565,Vitality,5,FUT,Anubis,8301,IEM Cologne Major 2026
231266,1781179800000,12468,Legacy,6,4494,MOUZ,13,MOUZ,Nuke,8301,IEM Cologne Major 2026
231260,1781179800000,4494,MOUZ,13,12468,Legacy,5,MOUZ,Dust2,8301,IEM Cologne Major 2026
231254,1781168400000,6248,The MongolZ,11,12394,BetBoom,13,BetBoom,Ancient,8301,IEM Cologne Major 2026
231250,1781168400000,12394,BetBoom,13,6248,The MongolZ,6,BetBoom,Mirage,8301,IEM Cologne Major 2026
231244,1781168400000,6248,The MongolZ,13,12394,BetBoom,11,The MongolZ,Dust2,8301,IEM Cologne Major 2026
231253,1781168400000,12467,PARIVISION,9,9996,9z,13,9z,Inferno,8301,IEM Cologne Major 2026
231247,1781168400000,9996,9z,8,12467,PARIVISION,13,PARIVISION,Dust2,8301,IEM Cologne Major 2026
231241,1781168400000,12467,PARIVISION,1,9996,9z,13,9z,Overpass,8301,IEM Cologne Major 2026
231190,1781024400000,7532,BIG,8,11241,B8,13,B8,Dust2,9029,IEM Cologne Major 2026 Stage 2
231186,1781024400000,11241,B8,13,7532,BIG,6,B8,Overpass,9029,IEM Cologne Major 2026 Stage 2
231183,1781024400000,7532,BIG,13,11241,B8,7,BIG,Ancient,9029,IEM Cologne Major 2026 Stage 2
231180,1781015400000,12468,Legacy,13,4863,TYLOO,4,Legacy,Inferno,9029,IEM Cologne Major 2026 Stage 2
231176,1781015400000,4863,TYLOO,7,12468,Legacy,13,Legacy,Mirage,9029,IEM Cologne Major 2026 Stage 2
231174,1781006400000,4773,paiN,11,11811,Monte,13,Monte,Dust2,9029,IEM Cologne Major 2026 Stage 2
231169,1781006400000,11811,Monte,13,4773,paiN,5,Monte,Nuke,9029,IEM Cologne Major 2026 Stage 2
231135,1780939500000,7532,BIG,8,5995,G2,13,G2,Mirage,9029,IEM Cologne Major 2026 Stage 2
231126,1780939500000,5995,G2,13,7532,BIG,3,G2,Inferno,9029,IEM Cologne Major 2026 Stage 2
231142,1780938900000,12468,Legacy,16,12376,M80,13,Legacy,Inferno,9029,IEM Cologne Major 2026 Stage 2
231128,1780938900000,12376,M80,8,12468,Legacy,13,Legacy,Dust2,9029,IEM Cologne Major 2026 Stage 2
231123,1780930800000,9996,9z,13,4863,TYLOO,6,9z,Inferno,9029,IEM Cologne Major 2026 Stage 2
231120,1780930800000,4863,TYLOO,10,9996,9z,13,9z,Overpass,9029,IEM Cologne Major 2026 Stage 2
231124,1780929000000,11811,Monte,8,12394,BetBoom,13,BetBoom,Dust2,9029,IEM Cologne Major 2026 Stage 2
231121,1780929000000,12394,BetBoom,6,11811,Monte,13,Monte,Mirage,9029,IEM Cologne Major 2026 Stage 2
231115,1780929000000,11811,Monte,7,12394,BetBoom,13,BetBoom,Nuke,9029,IEM Cologne Major 2026 Stage 2
231113,1780920000000,9215,MIBR,8,11241,B8,13,B8,Ancient,9029,IEM Cologne Major 2026 Stage 2
231112,1780920000000,11241,B8,13,9215,MIBR,10,B8,Nuke,9029,IEM Cologne Major 2026 Stage 2
231106,1780920000000,9215,MIBR,13,11241,B8,7,MIBR,Mirage,9029,IEM Cologne Major 2026 Stage 2
231111,1780920000000,4773,paiN,13,6665,Astralis,4,paiN,Overpass,9029,IEM Cologne Major 2026 Stage 2
231109,1780920000000,6665,Astralis,11,4773,paiN,13,paiN,Nuke,9029,IEM Cologne Major 2026 Stage 2
231085,1780857900000,13286,FUT,13,5995,G2,4,FUT,Ancient,9029,IEM Cologne Major 2026 Stage 2
231084,1780857900000,13286,FUT,7,5995,G2,13,G2,Overpass,9029,IEM Cologne Major 2026 Stage 2
231082,1780857900000,13286,FUT,13,5995,G2,11,FUT,Anubis,9029,IEM Cologne Major 2026 Stage 2
231074,1780851600000,7020,Spirit,13,9996,9z,1,Spirit,Nuke,9029,IEM Cologne Major 2026 Stage 2
231069,1780851600000,9996,9z,3,7020,Spirit,13,Spirit,Mirage,9029,IEM Cologne Major 2026 Stage 2
231075,1780845600000,11241,B8,13,9928,GamerLegion,11,B8,Nuke,9029,IEM Cologne Major 2026 Stage 2
231066,1780845600000,9928,GamerLegion,13,11241,B8,8,GamerLegion,Mirage,9029,IEM Cologne Major 2026 Stage 2
231057,1780845600000,9928,GamerLegion,11,11241,B8,13,B8,Inferno,9029,IEM Cologne Major 2026 Stage 2
231050,1780842300000,12394,BetBoom,13,12376,M80,2,BetBoom,Dust2,9029,IEM Cologne Major 2026 Stage 2
231045,1780839000000,9215,MIBR,8,7532,BIG,13,BIG,Inferno,9029,IEM Cologne Major 2026 Stage 2
231044,1780835400000,11811,Monte,13,12468,Legacy,11,Monte,Ancient,9029,IEM Cologne Major 2026 Stage 2
231042,1780835400000,6665,Astralis,6,4863,TYLOO,13,TYLOO,Nuke,9029,IEM Cologne Major 2026 Stage 2
231022,1780774800000,7020,Spirit,13,9215,MIBR,1,Spirit,Mirage,9029,IEM Cologne Major 2026 Stage 2
231021,1780773300000,11241,B8,10,12376,M80,13,M80,Mirage,9029,IEM Cologne Major 2026 Stage 2
231019,1780770600000,12394,BetBoom,13,9928,GamerLegion,9,BetBoom,Nuke,9029,IEM Cologne Major 2026 Stage 2
231010,1780764900000,7532,BIG,13,4773,paiN,9,BIG,Overpass,9029,IEM Cologne Major 2026 Stage 2
231007,1780764000000,5995,G2,22,11811,Monte,19,G2,Mirage,9029,IEM Cologne Major 2026 Stage 2
231005,1780761000000,6665,Astralis,5,9996,9z,13,9z,Nuke,9029,IEM Cologne Major 2026 Stage 2
231004,1780759800000,13286,FUT,13,4863,TYLOO,9,FUT,Overpass,9029,IEM Cologne Major 2026 Stage 2
231001,1780754400000,12468,Legacy,8,9215,MIBR,13,MIBR,Nuke,9029,IEM Cologne Major 2026 Stage 2
230997,1780753800000,7020,Spirit,13,12394,BetBoom,5,Spirit,Mirage,9029,IEM Cologne Major 2026 Stage 2
230994,1780749900000,7532,BIG,8,11811,Monte,13,Monte,Mirage,9029,IEM Cologne Major 2026 Stage 2
230993,1780749600000,5995,G2,13,12376,M80,8,G2,Mirage,9029,IEM Cologne Major 2026 Stage 2
230989,1780746000000,4773,paiN,9,4863,TYLOO,13,TYLOO,Mirage,9029,IEM Cologne Major 2026 Stage 2
230988,1780745400000,13286,FUT,13,11241,B8,11,FUT,Ancient,9029,IEM Cologne Major 2026 Stage 2
230979,1780741800000,6665,Astralis,13,9928,GamerLegion,4,Astralis,Ancient,9029,IEM Cologne Major 2026 Stage 2
230968,1780678800000,6673,NRG,12,7532,BIG,16,BIG,Mirage,9028,IEM Cologne Major 2026 Stage 1
230956,1780678800000,7532,BIG,12,6673,NRG,16,NRG,Nuke,9028,IEM Cologne Major 2026 Stage 1
230939,1780678800000,6673,NRG,5,7532,BIG,13,BIG,Dust2,9028,IEM Cologne Major 2026 Stage 1
230927,1780660800000,8840,Lynn Vision,7,4863,TYLOO,13,TYLOO,Inferno,9028,IEM Cologne Major 2026 Stage 1
230923,1780660800000,4863,TYLOO,13,8840,Lynn Vision,5,TYLOO,Ancient,9028,IEM Cologne Major 2026 Stage 1
230905,1780592400000,7175,HEROIC,11,5973,Liquid,13,Liquid,Inferno,9028,IEM Cologne Major 2026 Stage 1
230895,1780592400000,5973,Liquid,13,7175,HEROIC,5,Liquid,Nuke,9028,IEM Cologne Major 2026 Stage 1
230903,1780592400000,6673,NRG,10,12376,M80,13,M80,Inferno,9028,IEM Cologne Major 2026 Stage 1
230896,1780592400000,12376,M80,13,6673,NRG,6,M80,Ancient,9028,IEM Cologne Major 2026 Stage 1
230893,1780585500000,9215,MIBR,13,8840,Lynn Vision,2,MIBR,Inferno,9028,IEM Cologne Major 2026 Stage 1
230889,1780585500000,9215,MIBR,13,8840,Lynn Vision,5,MIBR,Anubis,9028,IEM Cologne Major 2026 Stage 1
230892,1780583400000,7532,BIG,11,9928,GamerLegion,13,GamerLegion,Ancient,9028,IEM Cologne Major 2026 Stage 1
230885,1780583400000,9928,GamerLegion,16,7532,BIG,14,GamerLegion,Overpass,9028,IEM Cologne Major 2026 Stage 1
230841,1780506000000,12376,M80,20,11241,B8,22,B8,Inferno,9028,IEM Cologne Major 2026 Stage 1
230829,1780506000000,12376,M80,11,11241,B8,13,B8,Ancient,9028,IEM Cologne Major 2026 Stage 1
230824,1780498200000,12394,BetBoom,13,9928,GamerLegion,8,BetBoom,Ancient,9028,IEM Cologne Major 2026 Stage 1
230818,1780498200000,9928,GamerLegion,2,12394,BetBoom,13,BetBoom,Nuke,9028,IEM Cologne Major 2026 Stage 1
230825,1780497600000,10577,SINNERS,10,4863,TYLOO,13,TYLOO,Inferno,9028,IEM Cologne Major 2026 Stage 1
230820,1780497600000,4863,TYLOO,16,10577,SINNERS,14,TYLOO,Ancient,9028,IEM Cologne Major 2026 Stage 1
230815,1780494000000,5973,Liquid,10,9215,MIBR,13,MIBR,Mirage,9028,IEM Cologne Major 2026 Stage 1
230791,1780428600000,12394,BetBoom,13,5973,Liquid,9,BetBoom,Dust2,9028,IEM Cologne Major 2026 Stage 1
230782,1780418700000,9215,MIBR,16,4863,TYLOO,14,MIBR,Nuke,9028,IEM Cologne Major 2026 Stage 1
230781,1780418700000,10577,SINNERS,6,6673,NRG,13,NRG,Nuke,9028,IEM Cologne Major 2026 Stage 1
230779,1780414200000,7175,HEROIC,11,8840,Lynn Vision,13,Lynn Vision,Dust2,9028,IEM Cologne Major 2026 Stage 1
230776,1780410300000,7532,BIG,10,5973,Liquid,13,Liquid,Nuke,9028,IEM Cologne Major 2026 Stage 1
230771,1780405500000,9928,GamerLegion,13,6673,NRG,10,GamerLegion,Inferno,9028,IEM Cologne Major 2026 Stage 1
230768,1780401600000,11241,B8,13,4863,TYLOO,6,B8,Mirage,9028,IEM Cologne Major 2026 Stage 1
230762,1780396200000,12376,M80,13,8840,Lynn Vision,8,M80,Inferno,9028,IEM Cologne Major 2026 Stage 1
230579,1780156800000,13592,magic,11,4411,Ninjas in Pyjamas,13,Ninjas in Pyjamas,Mirage,9054,Stake Ranked Episode 2
230565,1780156800000,4411,Ninjas in Pyjamas,6,13592,magic,13,magic,Ancient,9054,Stake Ranked Episode 2
230557,1780156800000,4411,Ninjas in Pyjamas,13,13592,magic,11,Ninjas in Pyjamas,Anubis,9054,Stake Ranked Episode 2
230536,1780146000000,6667,FaZe,10,4411,Ninjas in Pyjamas,13,Ninjas in Pyjamas,Nuke,9054,Stake Ranked Episode 2
230525,1780146000000,4411,Ninjas in Pyjamas,13,6667,FaZe,11,Ninjas in Pyjamas,Ancient,9054,Stake Ranked Episode 2
230459,1780073100000,13592,magic,13,4411,Ninjas in Pyjamas,2,magic,Mirage,9054,Stake Ranked Episode 2
230450,1780073100000,4411,Ninjas in Pyjamas,9,13592,magic,13,magic,Ancient,9054,Stake Ranked Episode 2
230420,1780048800000,9996,9z,9,6667,FaZe,13,FaZe,Ancient,9054,Stake Ranked Episode 2
230406,1780048800000,6667,FaZe,16,9996,9z,19,9z,Overpass,9054,Stake Ranked Episode 2
230390,1780048800000,9996,9z,15,6667,FaZe,19,FaZe,Mirage,9054,Stake Ranked Episode 2
230345,1779989700000,6667,FaZe,10,13592,magic,13,magic,Overpass,9054,Stake Ranked Episode 2
230344,1779989700000,13592,magic,13,6667,FaZe,11,magic,Dust2,9054,Stake Ranked Episode 2
230320,1779989700000,6667,FaZe,13,13592,magic,4,FaZe,Mirage,9054,Stake Ranked Episode 2
230311,1779975900000,9996,9z,13,7175,HEROIC,11,9z,Dust2,9054,Stake Ranked Episode 2
230299,1779975900000,7175,HEROIC,16,9996,9z,12,HEROIC,Overpass,9054,Stake Ranked Episode 2
230284,1779975900000,9996,9z,16,7175,HEROIC,14,9z,Inferno,9054,Stake Ranked Episode 2
230270,1779962400000,12474,Alliance,13,4914,3DMAX,8,Alliance,Anubis,9054,Stake Ranked Episode 2
230257,1779962400000,12474,Alliance,9,4914,3DMAX,13,3DMAX,Dust2,9054,Stake Ranked Episode 2
230244,1779962400000,4914,3DMAX,17,12474,Alliance,19,Alliance,Inferno,9054,Stake Ranked Episode 2
230181,1779893400000,12474,Alliance,6,6667,FaZe,13,FaZe,Nuke,9054,Stake Ranked Episode 2
230170,1779893400000,12474,Alliance,8,6667,FaZe,13,FaZe,Anubis,9054,Stake Ranked Episode 2
230158,1779886200000,4411,Ninjas in Pyjamas,13,7175,HEROIC,9,Ninjas in Pyjamas,Mirage,9054,Stake Ranked Episode 2
230149,1779886200000,7175,HEROIC,7,4411,Ninjas in Pyjamas,13,Ninjas in Pyjamas,Nuke,9054,Stake Ranked Episode 2
230134,1779876000000,13592,magic,19,4914,3DMAX,15,magic,Inferno,9054,Stake Ranked Episode 2
230124,1779876000000,4914,3DMAX,9,13592,magic,13,magic,Ancient,9054,Stake Ranked Episode 2
229884,1779640200000,11737,EYEBALLERS,9,12474,Alliance,13,Alliance,Ancient,9133,Tipsport Conquest of Prague 2026 Finals
229873,1779640200000,12474,Alliance,5,11737,EYEBALLERS,13,EYEBALLERS,Overpass,9133,Tipsport Conquest of Prague 2026 Finals
229864,1779640200000,11737,EYEBALLERS,20,12474,Alliance,22,Alliance,Inferno,9133,Tipsport Conquest of Prague 2026 Finals
229800,1779603300000,12468,Legacy,13,11283,Falcons,6,Legacy,Dust2,8263,CS Asia Championships 2026
229795,1779603300000,11283,Falcons,6,12468,Legacy,13,Legacy,Mirage,8263,CS Asia Championships 2026
229789,1779603300000,12468,Legacy,13,11283,Falcons,9,Legacy,Ancient,8263,CS Asia Championships 2026
229788,1779603300000,11283,Falcons,13,12468,Legacy,11,Falcons,Nuke,8263,CS Asia Championships 2026
229787,1779591600000,4494,MOUZ,13,9215,MIBR,1,MOUZ,Ancient,8263,CS Asia Championships 2026
229786,1779591600000,9215,MIBR,3,4494,MOUZ,13,MOUZ,Overpass,8263,CS Asia Championships 2026
229766,1779561300000,11737,EYEBALLERS,13,12474,Alliance,5,EYEBALLERS,Dust2,9133,Tipsport Conquest of Prague 2026 Finals
229755,1779561300000,12474,Alliance,8,11737,EYEBALLERS,13,EYEBALLERS,Nuke,9133,Tipsport Conquest of Prague 2026 Finals
229665,1779528300000,12468,Legacy,13,9215,MIBR,5,Legacy,Inferno,8263,CS Asia Championships 2026
229657,1779528300000,9215,MIBR,12,12468,Legacy,16,Legacy,Mirage,8263,CS Asia Championships 2026
229638,1779512400000,11283,Falcons,13,4494,MOUZ,10,Falcons,Nuke,8263,CS Asia Championships 2026
229637,1779512400000,4494,MOUZ,7,11283,Falcons,13,Falcons,Dust2,8263,CS Asia Championships 2026
229636,1779512400000,11283,Falcons,7,4494,MOUZ,13,MOUZ,Mirage,8263,CS Asia Championships 2026
229549,1779441000000,12468,Legacy,13,6248,The MongolZ,10,Legacy,Nuke,8263,CS Asia Championships 2026
229539,1779441000000,6248,The MongolZ,13,12468,Legacy,10,The MongolZ,Mirage,8263,CS Asia Championships 2026
229529,1779441000000,12468,Legacy,13,6248,The MongolZ,11,Legacy,Inferno,8263,CS Asia Championships 2026
229535,1779439500000,4494,MOUZ,22,11241,B8,20,MOUZ,Ancient,8263,CS Asia Championships 2026
229524,1779439500000,11241,B8,8,4494,MOUZ,13,MOUZ,Overpass,8263,CS Asia Championships 2026
229512,1779429300000,12467,PARIVISION,11,6248,The MongolZ,13,The MongolZ,Mirage,8263,CS Asia Championships 2026
229510,1779429300000,6248,The MongolZ,13,12467,PARIVISION,4,The MongolZ,Dust2,8263,CS Asia Championships 2026
229511,1779426900000,4773,paiN,7,4494,MOUZ,13,MOUZ,Overpass,8263,CS Asia Championships 2026
229509,1779426900000,4494,MOUZ,13,4773,paiN,4,MOUZ,Nuke,8263,CS Asia Championships 2026
229508,1779418800000,11241,B8,2,9215,MIBR,13,MIBR,Ancient,8263,CS Asia Championships 2026
229507,1779418800000,12468,Legacy,9,11283,Falcons,13,Falcons,Ancient,8263,CS Asia Championships 2026
229505,1779418800000,11283,Falcons,13,12468,Legacy,7,Falcons,Dust2,8263,CS Asia Championships 2026
229506,1779418800000,9215,MIBR,10,11241,B8,13,B8,Mirage,8263,CS Asia Championships 2026
229504,1779418800000,11241,B8,1,9215,MIBR,13,MIBR,Inferno,8263,CS Asia Championships 2026
229456,1779367800000,4773,paiN,13,4863,TYLOO,6,paiN,Overpass,8263,CS Asia Championships 2026
229446,1779367800000,4863,TYLOO,13,4773,paiN,8,TYLOO,Nuke,8263,CS Asia Championships 2026
229439,1779367800000,4773,paiN,13,4863,TYLOO,5,paiN,Mirage,8263,CS Asia Championships 2026
229426,1779356100000,4494,MOUZ,13,12376,M80,2,MOUZ,Mirage,8263,CS Asia Championships 2026
229419,1779356100000,12376,M80,13,4494,MOUZ,10,M80,Inferno,8263,CS Asia Championships 2026
229413,1779356100000,4494,MOUZ,13,12376,M80,3,MOUZ,Overpass,8263,CS Asia Championships 2026
229430,1779355500000,6248,The MongolZ,13,5973,Liquid,9,The MongolZ,Nuke,8263,CS Asia Championships 2026
229420,1779355500000,5973,Liquid,7,6248,The MongolZ,13,The MongolZ,Inferno,8263,CS Asia Championships 2026
229414,1779355500000,6248,The MongolZ,11,5973,Liquid,13,Liquid,Mirage,8263,CS Asia Championships 2026
229395,1779332400000,5973,Liquid,13,4914,3DMAX,11,Liquid,Inferno,8263,CS Asia Championships 2026
229393,1779332400000,4914,3DMAX,13,5973,Liquid,9,3DMAX,Dust2,8263,CS Asia Championships 2026
229391,1779332400000,5973,Liquid,13,4914,3DMAX,11,Liquid,Nuke,8263,CS Asia Championships 2026
229394,1779332400000,4494,MOUZ,13,6673,NRG,9,MOUZ,Mirage,8263,CS Asia Championships 2026
229392,1779332400000,6673,NRG,6,4494,MOUZ,13,MOUZ,Nuke,8263,CS Asia Championships 2026
229390,1779332400000,4494,MOUZ,10,6673,NRG,13,NRG,Ancient,8263,CS Asia Championships 2026
229348,1779276000000,4863,TYLOO,12,12468,Legacy,16,Legacy,Ancient,8263,CS Asia Championships 2026
229336,1779276000000,12468,Legacy,19,4863,TYLOO,16,Legacy,Overpass,8263,CS Asia Championships 2026
229343,1779273600000,12376,M80,11,11283,Falcons,13,Falcons,Ancient,8263,CS Asia Championships 2026
229329,1779273600000,11283,Falcons,19,12376,M80,15,Falcons,Inferno,8263,CS Asia Championships 2026
229325,1779264000000,6248,The MongolZ,9,11241,B8,13,B8,Mirage,8263,CS Asia Championships 2026
229318,1779264000000,11241,B8,11,6248,The MongolZ,13,The MongolZ,Nuke,8263,CS Asia Championships 2026
229314,1779264000000,6248,The MongolZ,11,11241,B8,13,B8,Ancient,8263,CS Asia Championships 2026
229317,1779263400000,9215,MIBR,13,12467,PARIVISION,4,MIBR,Ancient,8263,CS Asia Championships 2026
229313,1779263400000,12467,PARIVISION,6,9215,MIBR,13,MIBR,Mirage,8263,CS Asia Championships 2026
229311,1779259500000,4773,paiN,8,12376,M80,13,M80,Mirage,8263,CS Asia Championships 2026
229309,1779255300000,12468,Legacy,13,6673,NRG,10,Legacy,Nuke,8263,CS Asia Championships 2026
229308,1779254100000,4494,MOUZ,7,4863,TYLOO,13,TYLOO,Inferno,8263,CS Asia Championships 2026
229307,1779251100000,11241,B8,13,4411,Ninjas in Pyjamas,9,B8,Ancient,8263,CS Asia Championships 2026
229305,1779246900000,9215,MIBR,13,4914,3DMAX,9,MIBR,Anubis,8263,CS Asia Championships 2026
229304,1779246900000,5973,Liquid,9,12467,PARIVISION,13,PARIVISION,Dust2,8263,CS Asia Championships 2026
229180,1779042300000,4608,Natus Vincere,16,9928,GamerLegion,13,Natus Vincere,Nuke,8243,IEM Atlanta 2026
229170,1779042300000,4608,Natus Vincere,13,9928,GamerLegion,9,Natus Vincere,Anubis,8243,IEM Atlanta 2026
229165,1779042300000,4608,Natus Vincere,13,9928,GamerLegion,3,Natus Vincere,Mirage,8243,IEM Atlanta 2026
229153,1779029700000,12468,Legacy,13,12394,BetBoom,3,Legacy,Nuke,8243,IEM Atlanta 2026
229150,1779029700000,12394,BetBoom,4,12468,Legacy,13,Legacy,Mirage,8243,IEM Atlanta 2026
229142,1779015600000,11283,Falcons,10,7020,Spirit,13,Spirit,Ancient,8049,PGL Astana 2026
229137,1779015600000,7020,Spirit,13,11283,Falcons,7,Spirit,Mirage,8049,PGL Astana 2026
229132,1779015600000,11283,Falcons,12,7020,Spirit,16,Spirit,Dust2,8049,PGL Astana 2026
229121,1779004800000,13592,magic,7,4494,MOUZ,13,MOUZ,Inferno,8049,PGL Astana 2026
229116,1779004800000,4494,MOUZ,13,13592,magic,2,MOUZ,Mirage,8049,PGL Astana 2026
229112,1778965500000,4608,Natus Vincere,13,12394,BetBoom,6,Natus Vincere,Nuke,8243,IEM Atlanta 2026
229109,1778965500000,12394,BetBoom,8,4608,Natus Vincere,13,Natus Vincere,Ancient,8243,IEM Atlanta 2026
229104,1778951700000,9928,GamerLegion,13,12468,Legacy,6,GamerLegion,Inferno,8243,IEM Atlanta 2026
229097,1778951700000,9928,GamerLegion,3,12468,Legacy,13,Legacy,Mirage,8243,IEM Atlanta 2026
229092,1778951700000,12468,Legacy,9,9928,GamerLegion,13,GamerLegion,Ancient,8243,IEM Atlanta 2026
229076,1778936400000,11283,Falcons,13,13592,magic,5,Falcons,Dust2,8049,PGL Astana 2026
229071,1778936400000,11283,Falcons,13,13592,magic,7,Falcons,Ancient,8049,PGL Astana 2026
229062,1778925600000,7020,Spirit,13,4494,MOUZ,2,Spirit,Nuke,8049,PGL Astana 2026
229056,1778925600000,4494,MOUZ,3,7020,Spirit,13,Spirit,Dust2,8049,PGL Astana 2026
229035,1778880600000,4608,Natus Vincere,13,9565,Vitality,3,Natus Vincere,Inferno,8243,IEM Atlanta 2026
229034,1778880600000,4608,Natus Vincere,13,9565,Vitality,11,Natus Vincere,Anubis,8243,IEM Atlanta 2026
229030,1778880600000,4608,Natus Vincere,11,9565,Vitality,13,Vitality,Dust2,8243,IEM Atlanta 2026
229023,1778865300000,9928,GamerLegion,13,4773,paiN,8,GamerLegion,Inferno,8243,IEM Atlanta 2026
229017,1778865300000,9928,GamerLegion,13,4773,paiN,6,GamerLegion,Nuke,8243,IEM Atlanta 2026
229012,1778865300000,4773,paiN,13,9928,GamerLegion,6,paiN,Overpass,8243,IEM Atlanta 2026
229019,1778859600000,8297,FURIA,17,11283,Falcons,19,Falcons,Dust2,8049,PGL Astana 2026
229003,1778859600000,11283,Falcons,22,8297,FURIA,20,Falcons,Nuke,8049,PGL Astana 2026
228999,1778859600000,8297,FURIA,13,11283,Falcons,9,FURIA,Mirage,8049,PGL Astana 2026
228988,1778844300000,13592,magic,13,9996,9z,11,magic,Ancient,8049,PGL Astana 2026
228984,1778844300000,9996,9z,13,13592,magic,2,9z,Mirage,8049,PGL Astana 2026
228981,1778844300000,13592,magic,13,9996,9z,9,magic,Dust2,8049,PGL Astana 2026
228975,1778833200000,7020,Spirit,13,5995,G2,11,Spirit,Ancient,8049,PGL Astana 2026
228972,1778833200000,5995,G2,6,7020,Spirit,13,Spirit,Dust2,8049,PGL Astana 2026
228969,1778821500000,11861,Aurora,8,4494,MOUZ,13,MOUZ,Nuke,8049,PGL Astana 2026
228968,1778821500000,4494,MOUZ,13,11861,Aurora,11,MOUZ,Dust2,8049,PGL Astana 2026
228906,1778715600000,12468,Legacy,13,4608,Natus Vincere,6,Legacy,Dust2,8243,IEM Atlanta 2026
228905,1778715600000,4608,Natus Vincere,13,12468,Legacy,8,Natus Vincere,Ancient,8243,IEM Atlanta 2026
228903,1778715600000,4608,Natus Vincere,11,12468,Legacy,13,Legacy,Inferno,8243,IEM Atlanta 2026
228902,1778713200000,6665,Astralis,8,9928,GamerLegion,13,GamerLegion,Ancient,8243,IEM Atlanta 2026
228900,1778713200000,6665,Astralis,3,9928,GamerLegion,13,GamerLegion,Mirage,8243,IEM Atlanta 2026
228897,1778704500000,11241,B8,8,9565,Vitality,13,Vitality,Dust2,8243,IEM Atlanta 2026
228894,1778704500000,9565,Vitality,13,11241,B8,5,Vitality,Mirage,8243,IEM Atlanta 2026
228899,1778704200000,4773,paiN,5,12394,BetBoom,13,BetBoom,Anubis,8243,IEM Atlanta 2026
228898,1778704200000,12394,BetBoom,6,4773,paiN,13,paiN,Nuke,8243,IEM Atlanta 2026
228895,1778704200000,4773,paiN,11,12394,BetBoom,13,BetBoom,Dust2,8243,IEM Atlanta 2026
228890,1778695200000,10577,SINNERS,8,6665,Astralis,13,Astralis,Inferno,8243,IEM Atlanta 2026
228882,1778695200000,6665,Astralis,13,10577,SINNERS,11,Astralis,Mirage,8243,IEM Atlanta 2026
228889,1778695200000,5973,Liquid,6,9928,GamerLegion,13,GamerLegion,Nuke,8243,IEM Atlanta 2026
228881,1778695200000,9928,GamerLegion,13,5973,Liquid,9,GamerLegion,Mirage,8243,IEM Atlanta 2026
228875,1778686200000,6667,FaZe,5,9565,Vitality,13,Vitality,Dust2,8243,IEM Atlanta 2026
228868,1778686200000,9565,Vitality,16,6667,FaZe,14,Vitality,Nuke,8243,IEM Atlanta 2026
228873,1778686200000,11241,B8,13,13286,FUT,11,B8,Overpass,8243,IEM Atlanta 2026
228867,1778686200000,13286,FUT,7,11241,B8,13,B8,Ancient,8243,IEM Atlanta 2026
228842,1778666400000,11861,Aurora,13,6248,The MongolZ,10,Aurora,Mirage,8049,PGL Astana 2026
228836,1778666400000,6248,The MongolZ,11,11861,Aurora,13,Aurora,Overpass,8049,PGL Astana 2026
228828,1778657400000,5995,G2,13,11811,Monte,4,G2,Dust2,8049,PGL Astana 2026
228823,1778657400000,11811,Monte,2,5995,G2,13,G2,Ancient,8049,PGL Astana 2026
228818,1778648400000,13592,magic,16,13404,Gentle Mates,13,magic,Inferno,8049,PGL Astana 2026
228817,1778648400000,13404,Gentle Mates,5,13592,magic,13,magic,Mirage,8049,PGL Astana 2026
228811,1778634900000,12376,M80,5,5973,Liquid,13,Liquid,Ancient,8243,IEM Atlanta 2026
228808,1778634900000,5973,Liquid,13,12376,M80,8,Liquid,Inferno,8243,IEM Atlanta 2026
228805,1778634900000,12376,M80,13,5973,Liquid,4,M80,Dust2,8243,IEM Atlanta 2026
228804,1778630400000,12468,Legacy,13,6665,Astralis,6,Legacy,Nuke,8243,IEM Atlanta 2026
228802,1778630400000,6665,Astralis,8,12468,Legacy,13,Legacy,Dust2,8243,IEM Atlanta 2026
228800,1778620200000,9928,GamerLegion,11,4608,Natus Vincere,13,Natus Vincere,Mirage,8243,IEM Atlanta 2026
228795,1778620200000,4608,Natus Vincere,1,9928,GamerLegion,13,GamerLegion,Ancient,8243,IEM Atlanta 2026
228792,1778620200000,4608,Natus Vincere,13,9928,GamerLegion,4,Natus Vincere,Inferno,8243,IEM Atlanta 2026
228793,1778608800000,13286,FUT,11,4773,paiN,13,paiN,Dust2,8243,IEM Atlanta 2026
228787,1778608800000,4773,paiN,10,13286,FUT,13,FUT,Overpass,8243,IEM Atlanta 2026
228776,1778608800000,13286,FUT,8,4773,paiN,13,paiN,Nuke,8243,IEM Atlanta 2026
228791,1778608800000,12394,BetBoom,13,9565,Vitality,8,BetBoom,Nuke,8243,IEM Atlanta 2026
228779,1778608800000,12394,BetBoom,8,9565,Vitality,13,Vitality,Overpass,8243,IEM Atlanta 2026
228774,1778608800000,12394,BetBoom,13,9565,Vitality,10,BetBoom,Anubis,8243,IEM Atlanta 2026
228766,1778599800000,6673,NRG,11,6667,FaZe,13,FaZe,Nuke,8243,IEM Atlanta 2026
228762,1778599800000,6667,FaZe,13,6673,NRG,3,FaZe,Ancient,8243,IEM Atlanta 2026
228745,1778585100000,8297,FURIA,13,13404,Gentle Mates,6,FURIA,Inferno,8049,PGL Astana 2026
228741,1778585100000,13404,Gentle Mates,13,8297,FURIA,10,Gentle Mates,Overpass,8049,PGL Astana 2026
228733,1778585100000,8297,FURIA,13,13404,Gentle Mates,11,FURIA,Nuke,8049,PGL Astana 2026
228746,1778584800000,12467,PARIVISION,12,5995,G2,16,G2,Ancient,8049,PGL Astana 2026
228740,1778584800000,5995,G2,11,12467,PARIVISION,13,PARIVISION,Dust2,8049,PGL Astana 2026
228732,1778584800000,5995,G2,13,12467,PARIVISION,5,G2,Mirage,8049,PGL Astana 2026
228723,1778571900000,6248,The MongolZ,12,11283,Falcons,16,Falcons,Mirage,8049,PGL Astana 2026
228717,1778571900000,11283,Falcons,11,6248,The MongolZ,13,The MongolZ,Inferno,8049,PGL Astana 2026
228710,1778571900000,6248,The MongolZ,8,11283,Falcons,13,Falcons,Dust2,8049,PGL Astana 2026
228706,1778562000000,7175,HEROIC,6,13592,magic,13,magic,Inferno,8049,PGL Astana 2026
228701,1778562000000,13592,magic,4,7175,HEROIC,13,HEROIC,Dust2,8049,PGL Astana 2026
228697,1778562000000,7175,HEROIC,8,13592,magic,13,magic,Mirage,8049,PGL Astana 2026
228702,1778562000000,11861,Aurora,15,4494,MOUZ,19,MOUZ,Nuke,8049,PGL Astana 2026
228698,1778562000000,4494,MOUZ,13,11861,Aurora,11,MOUZ,Dust2,8049,PGL Astana 2026
228691,1778545500000,12376,M80,7,12468,Legacy,13,Legacy,Mirage,8243,IEM Atlanta 2026
228689,1778545500000,12468,Legacy,13,12376,M80,5,Legacy,Inferno,8243,IEM Atlanta 2026
228688,1778540400000,5973,Liquid,11,6665,Astralis,13,Astralis,Ancient,8243,IEM Atlanta 2026
228685,1778540400000,6665,Astralis,13,5973,Liquid,4,Astralis,Dust2,8243,IEM Atlanta 2026
228686,1778533200000,10577,SINNERS,8,9928,GamerLegion,13,GamerLegion,Nuke,8243,IEM Atlanta 2026
228683,1778533200000,10577,SINNERS,9,9928,GamerLegion,13,GamerLegion,Inferno,8243,IEM Atlanta 2026
228681,1778533200000,9928,GamerLegion,10,10577,SINNERS,13,SINNERS,Mirage,8243,IEM Atlanta 2026
228674,1778524500000,6673,NRG,9,13286,FUT,13,FUT,Overpass,8243,IEM Atlanta 2026
228666,1778524500000,13286,FUT,16,6673,NRG,13,FUT,Ancient,8243,IEM Atlanta 2026
228656,1778513400000,11241,B8,5,12394,BetBoom,13,BetBoom,Dust2,8243,IEM Atlanta 2026
228651,1778513400000,11241,B8,8,12394,BetBoom,13,BetBoom,Nuke,8243,IEM Atlanta 2026
228642,1778513400000,12394,BetBoom,14,11241,B8,16,B8,Mirage,8243,IEM Atlanta 2026
228650,1778513400000,6667,FaZe,8,4773,paiN,13,paiN,Anubis,8243,IEM Atlanta 2026
228639,1778513400000,4773,paiN,13,6667,FaZe,6,paiN,Dust2,8243,IEM Atlanta 2026
228641,1778505000000,8297,FURIA,11,7020,Spirit,13,Spirit,Mirage,8049,PGL Astana 2026
228629,1778505000000,7020,Spirit,12,8297,FURIA,16,FURIA,Overpass,8049,PGL Astana 2026
228622,1778505000000,8297,FURIA,8,7020,Spirit,13,Spirit,Dust2,8049,PGL Astana 2026
228616,1778493600000,4494,MOUZ,9,9996,9z,13,9z,Ancient,8049,PGL Astana 2026
228604,1778493600000,9996,9z,4,4494,MOUZ,13,MOUZ,Inferno,8049,PGL Astana 2026
228600,1778493600000,4494,MOUZ,10,9996,9z,13,9z,Nuke,8049,PGL Astana 2026
228596,1778484300000,11811,Monte,10,11283,Falcons,13,Falcons,Ancient,8049,PGL Astana 2026
228588,1778484300000,11283,Falcons,13,11811,Monte,11,Falcons,Dust2,8049,PGL Astana 2026
228591,1778482500000,5995,G2,15,6248,The MongolZ,19,The MongolZ,Inferno,8049,PGL Astana 2026
228587,1778482500000,6248,The MongolZ,13,5995,G2,2,The MongolZ,Dust2,8049,PGL Astana 2026
228582,1778475600000,11861,Aurora,16,12467,PARIVISION,14,Aurora,Dust2,8049,PGL Astana 2026
228578,1778475600000,11861,Aurora,13,12467,PARIVISION,7,Aurora,Anubis,8049,PGL Astana 2026
228580,1778475600000,13404,Gentle Mates,13,7175,HEROIC,6,Gentle Mates,Mirage,8049,PGL Astana 2026
228577,1778475600000,7175,HEROIC,4,13404,Gentle Mates,13,Gentle Mates,Inferno,8049,PGL Astana 2026
228532,1778418600000,11283,Falcons,1,9996,9z,13,9z,Dust2,8049,PGL Astana 2026
228524,1778418600000,9996,9z,9,11283,Falcons,13,Falcons,Mirage,8049,PGL Astana 2026
228519,1778418600000,11283,Falcons,8,9996,9z,13,9z,Nuke,8049,PGL Astana 2026
228517,1778413800000,11811,Monte,13,13592,magic,7,Monte,Dust2,8049,PGL Astana 2026
228510,1778413800000,11811,Monte,13,13592,magic,11,Monte,Ancient,8049,PGL Astana 2026
228511,1778412000000,7175,HEROIC,7,8297,FURIA,13,FURIA,Inferno,8049,PGL Astana 2026
228505,1778412000000,8297,FURIA,13,7175,HEROIC,4,FURIA,Mirage,8049,PGL Astana 2026
228493,1778402400000,7020,Spirit,19,6248,The MongolZ,16,Spirit,Ancient,8049,PGL Astana 2026
228489,1778402400000,6248,The MongolZ,11,7020,Spirit,13,Spirit,Dust2,8049,PGL Astana 2026
228479,1778389200000,4494,MOUZ,13,5995,G2,7,MOUZ,Inferno,8049,PGL Astana 2026
228476,1778389200000,5995,G2,10,4494,MOUZ,13,MOUZ,Mirage,8049,PGL Astana 2026
228474,1778389200000,4494,MOUZ,14,5995,G2,16,G2,Dust2,8049,PGL Astana 2026
228435,1778329800000,11811,Monte,3,8297,FURIA,13,FURIA,Overpass,8049,PGL Astana 2026
228430,1778329800000,8297,FURIA,13,11811,Monte,3,FURIA,Nuke,8049,PGL Astana 2026
228431,1778326800000,9996,9z,13,12467,PARIVISION,8,9z,Ancient,8049,PGL Astana 2026
228423,1778326800000,9996,9z,13,12467,PARIVISION,6,9z,Inferno,8049,PGL Astana 2026
228413,1778310300000,4494,MOUZ,13,13404,Gentle Mates,5,MOUZ,Ancient,8049,PGL Astana 2026
228410,1778310300000,13404,Gentle Mates,13,4494,MOUZ,4,Gentle Mates,Mirage,8049,PGL Astana 2026
228402,1778310300000,4494,MOUZ,16,13404,Gentle Mates,12,MOUZ,Nuke,8049,PGL Astana 2026
228411,1778309400000,13592,magic,4,6248,The MongolZ,13,The MongolZ,Inferno,8049,PGL Astana 2026
228404,1778309400000,6248,The MongolZ,25,13592,magic,23,The MongolZ,Mirage,8049,PGL Astana 2026
228401,1778302800000,7175,HEROIC,13,11861,Aurora,11,HEROIC,Dust2,8049,PGL Astana 2026
228399,1778302800000,11861,Aurora,8,7175,HEROIC,13,HEROIC,Nuke,8049,PGL Astana 2026
228137,1777829400000,4608,Natus Vincere,3,9565,Vitality,13,Vitality,Dust2,8250,BLAST Rivals 2026 Season 1
228134,1777829400000,4608,Natus Vincere,11,9565,Vitality,13,Vitality,Anubis,8250,BLAST Rivals 2026 Season 1
228124,1777829400000,4608,Natus Vincere,12,9565,Vitality,16,Vitality,Nuke,8250,BLAST Rivals 2026 Season 1
228105,1777809600000,13592,magic,22,13404,Gentle Mates,19,magic,Inferno,9055,Stake Ranked Episode 2 Closed Qualifier
228099,1777809600000,13404,Gentle Mates,16,13592,magic,19,magic,Mirage,9055,Stake Ranked Episode 2 Closed Qualifier
228053,1777752300000,9928,GamerLegion,14,9565,Vitality,16,Vitality,Overpass,8250,BLAST Rivals 2026 Season 1
228049,1777752300000,9565,Vitality,13,9928,GamerLegion,1,Vitality,Mirage,8250,BLAST Rivals 2026 Season 1
228040,1777743000000,6667,FaZe,11,4608,Natus Vincere,13,Natus Vincere,Ancient,8250,BLAST Rivals 2026 Season 1
228030,1777743000000,4608,Natus Vincere,13,6667,FaZe,5,Natus Vincere,Dust2,8250,BLAST Rivals 2026 Season 1
227980,1777712400000,13679,FOKUS,8,13404,Gentle Mates,13,Gentle Mates,Nuke,9055,Stake Ranked Episode 2 Closed Qualifier
227974,1777712400000,13404,Gentle Mates,13,13679,FOKUS,11,Gentle Mates,Ancient,9055,Stake Ranked Episode 2 Closed Qualifier
227956,1777679100000,6665,Astralis,14,9928,GamerLegion,16,GamerLegion,Inferno,8250,BLAST Rivals 2026 Season 1
227953,1777679100000,9928,GamerLegion,13,6665,Astralis,8,GamerLegion,Overpass,8250,BLAST Rivals 2026 Season 1
227947,1777663800000,5995,G2,13,6667,FaZe,16,FaZe,Mirage,8250,BLAST Rivals 2026 Season 1
227937,1777663800000,6667,FaZe,9,5995,G2,13,G2,Ancient,8250,BLAST Rivals 2026 Season 1
227927,1777663800000,5995,G2,11,6667,FaZe,13,FaZe,Dust2,8250,BLAST Rivals 2026 Season 1
227841,1777590600000,9928,GamerLegion,4,4608,Natus Vincere,13,Natus Vincere,Ancient,8250,BLAST Rivals 2026 Season 1
227840,1777590600000,4608,Natus Vincere,13,9928,GamerLegion,10,Natus Vincere,Mirage,8250,BLAST Rivals 2026 Season 1
227835,1777580400000,8297,FURIA,3,6667,FaZe,13,FaZe,Nuke,8250,BLAST Rivals 2026 Season 1
227832,1777580400000,6667,FaZe,7,8297,FURIA,13,FURIA,Mirage,8250,BLAST Rivals 2026 Season 1
227828,1777580400000,8297,FURIA,4,6667,FaZe,13,FaZe,Dust2,8250,BLAST Rivals 2026 Season 1
227827,1777570200000,12426,Passion UA,9,13679,FOKUS,13,FOKUS,Mirage,9055,Stake Ranked Episode 2 Closed Qualifier
227820,1777570200000,13679,FOKUS,9,12426,Passion UA,13,Passion UA,Dust2,9055,Stake Ranked Episode 2 Closed Qualifier
227819,1777570200000,12426,Passion UA,10,13679,FOKUS,13,FOKUS,Inferno,9055,Stake Ranked Episode 2 Closed Qualifier
227825,1777568100000,5995,G2,3,9565,Vitality,13,Vitality,Dust2,8250,BLAST Rivals 2026 Season 1
227817,1777568100000,5995,G2,13,9565,Vitality,11,G2,Overpass,8250,BLAST Rivals 2026 Season 1
227810,1777568100000,9565,Vitality,16,5995,G2,13,Vitality,Mirage,8250,BLAST Rivals 2026 Season 1
227803,1777561200000,13286,FUT,10,6665,Astralis,13,Astralis,Nuke,8250,BLAST Rivals 2026 Season 1
227797,1777561200000,6665,Astralis,13,13286,FUT,5,Astralis,Mirage,8250,BLAST Rivals 2026 Season 1
227755,1777502100000,8297,FURIA,10,9928,GamerLegion,13,GamerLegion,Mirage,8250,BLAST Rivals 2026 Season 1
227752,1777502100000,9928,GamerLegion,13,8297,FURIA,5,GamerLegion,Nuke,8250,BLAST Rivals 2026 Season 1
227748,1777502100000,8297,FURIA,13,9928,GamerLegion,5,FURIA,Inferno,8250,BLAST Rivals 2026 Season 1
227739,1777493700000,6667,FaZe,11,4608,Natus Vincere,13,Natus Vincere,Ancient,8250,BLAST Rivals 2026 Season 1
227734,1777493700000,6667,FaZe,7,4608,Natus Vincere,13,Natus Vincere,Anubis,8250,BLAST Rivals 2026 Season 1
227728,1777485900000,5995,G2,13,6665,Astralis,9,G2,Overpass,8250,BLAST Rivals 2026 Season 1
227722,1777485900000,6665,Astralis,5,5995,G2,13,G2,Dust2,8250,BLAST Rivals 2026 Season 1
227711,1777475100000,9565,Vitality,13,13286,FUT,11,Vitality,Nuke,8250,BLAST Rivals 2026 Season 1
227705,1777475100000,13286,FUT,13,9565,Vitality,11,FUT,Dust2,8250,BLAST Rivals 2026 Season 1
227700,1777475100000,9565,Vitality,13,13286,FUT,6,Vitality,Mirage,8250,BLAST Rivals 2026 Season 1
227452,1777230000000,12468,Legacy,13,9996,9z,11,Legacy,Anubis,9142,BetBoom RUSH B Summit Season 3
227441,1777230000000,12468,Legacy,4,9996,9z,13,9z,Nuke,9142,BetBoom RUSH B Summit Season 3
227432,1777230000000,9996,9z,10,12468,Legacy,13,Legacy,Mirage,9142,BetBoom RUSH B Summit Season 3
227424,1777230000000,12468,Legacy,13,9996,9z,4,Legacy,Dust2,9142,BetBoom RUSH B Summit Season 3
227418,1777230000000,9996,9z,13,12468,Legacy,11,9z,Ancient,9142,BetBoom RUSH B Summit Season 3
227415,1777220400000,10577,SINNERS,13,13404,Gentle Mates,10,SINNERS,Nuke,9036,LORGAR RANKINGS Season 1
227394,1777220400000,13404,Gentle Mates,11,10577,SINNERS,13,SINNERS,Mirage,9036,LORGAR RANKINGS Season 1
227372,1777220400000,10577,SINNERS,17,13404,Gentle Mates,19,Gentle Mates,Inferno,9036,LORGAR RANKINGS Season 1
227420,1777219200000,7175,HEROIC,10,11811,Monte,13,Monte,Ancient,8956,CCT Global Finals 2026
227390,1777219200000,11811,Monte,5,7175,HEROIC,13,HEROIC,Inferno,8956,CCT Global Finals 2026
227376,1777219200000,7175,HEROIC,9,11811,Monte,13,Monte,Dust2,8956,CCT Global Finals 2026
227370,1777219200000,11811,Monte,13,7175,HEROIC,0,Monte,Nuke,8956,CCT Global Finals 2026
227351,1777203000000,4411,Ninjas in Pyjamas,2,11811,Monte,13,Monte,Anubis,8956,CCT Global Finals 2026
227339,1777203000000,4411,Ninjas in Pyjamas,6,11811,Monte,13,Monte,Dust2,8956,CCT Global Finals 2026
227327,1777203000000,11811,Monte,14,4411,Ninjas in Pyjamas,16,Ninjas in Pyjamas,Nuke,8956,CCT Global Finals 2026
227300,1777172400000,12426,Passion UA,13,6673,NRG,11,Passion UA,Inferno,9122,FRAG 20
227296,1777172400000,12426,Passion UA,9,6673,NRG,13,NRG,Mirage,9122,FRAG 20
227293,1777172400000,6673,NRG,4,12426,Passion UA,13,Passion UA,Overpass,9122,FRAG 20
227272,1777147200000,7532,BIG,5,4411,Ninjas in Pyjamas,13,Ninjas in Pyjamas,Anubis,8956,CCT Global Finals 2026
227265,1777147200000,4411,Ninjas in Pyjamas,11,7532,BIG,13,BIG,Mirage,8956,CCT Global Finals 2026
227250,1777147200000,7532,BIG,5,4411,Ninjas in Pyjamas,13,Ninjas in Pyjamas,Ancient,8956,CCT Global Finals 2026
227202,1777131300000,7175,HEROIC,13,11811,Monte,8,HEROIC,Mirage,8956,CCT Global Finals 2026
227183,1777131300000,7175,HEROIC,14,11811,Monte,16,Monte,Dust2,8956,CCT Global Finals 2026
227177,1777131300000,11811,Monte,9,7175,HEROIC,13,HEROIC,Nuke,8956,CCT Global Finals 2026
227123,1777058100000,12468,Legacy,13,9996,9z,3,Legacy,Nuke,9142,BetBoom RUSH B Summit Season 3
227112,1777058100000,9996,9z,9,12468,Legacy,13,Legacy,Inferno,9142,BetBoom RUSH B Summit Season 3
227110,1777050000000,11811,Monte,16,4411,Ninjas in Pyjamas,14,Monte,Anubis,8956,CCT Global Finals 2026
227102,1777050000000,4411,Ninjas in Pyjamas,7,11811,Monte,13,Monte,Dust2,8956,CCT Global Finals 2026
227094,1777050000000,11811,Monte,10,4411,Ninjas in Pyjamas,13,Ninjas in Pyjamas,Nuke,8956,CCT Global Finals 2026
227076,1777039200000,7175,HEROIC,13,7532,BIG,7,HEROIC,Overpass,8956,CCT Global Finals 2026
227063,1777039200000,7532,BIG,9,7175,HEROIC,13,HEROIC,Dust2,8956,CCT Global Finals 2026
226801,1776618000000,9565,Vitality,13,7020,Spirit,5,Vitality,Dust2,8242,IEM Rio 2026
226798,1776618000000,7020,Spirit,10,9565,Vitality,13,Vitality,Nuke,8242,IEM Rio 2026
226791,1776618000000,9565,Vitality,16,7020,Spirit,13,Vitality,Mirage,8242,IEM Rio 2026
226782,1776605400000,8297,FURIA,11,11283,Falcons,13,Falcons,Mirage,8242,IEM Rio 2026
226776,1776605400000,11283,Falcons,13,8297,FURIA,11,Falcons,Dust2,8242,IEM Rio 2026
226722,1776536100000,9565,Vitality,13,8297,FURIA,10,Vitality,Ancient,8242,IEM Rio 2026
226720,1776536100000,8297,FURIA,10,9565,Vitality,13,Vitality,Overpass,8242,IEM Rio 2026
226717,1776524400000,7020,Spirit,13,11283,Falcons,4,Spirit,Mirage,8242,IEM Rio 2026
226713,1776524400000,11283,Falcons,7,7020,Spirit,13,Spirit,Dust2,8242,IEM Rio 2026
226672,1776449700000,9565,Vitality,13,4608,Natus Vincere,6,Vitality,Dust2,8242,IEM Rio 2026
226671,1776449700000,9565,Vitality,13,4608,Natus Vincere,4,Vitality,Mirage,8242,IEM Rio 2026
226668,1776438000000,7020,Spirit,13,4494,MOUZ,8,Spirit,Mirage,8242,IEM Rio 2026
226665,1776438000000,4494,MOUZ,5,7020,Spirit,13,Spirit,Dust2,8242,IEM Rio 2026
226625,1776288300000,4494,MOUZ,9,8297,FURIA,13,FURIA,Dust2,8242,IEM Rio 2026
226622,1776288300000,8297,FURIA,13,4494,MOUZ,5,FURIA,Mirage,8242,IEM Rio 2026
226624,1776285000000,11861,Aurora,4,4608,Natus Vincere,13,Natus Vincere,Dust2,8242,IEM Rio 2026
226623,1776285000000,11861,Aurora,13,4608,Natus Vincere,11,Aurora,Mirage,8242,IEM Rio 2026
226621,1776285000000,4608,Natus Vincere,13,11861,Aurora,4,Natus Vincere,Inferno,8242,IEM Rio 2026
226619,1776276000000,11283,Falcons,16,9565,Vitality,14,Falcons,Nuke,8242,IEM Rio 2026
226617,1776276000000,11283,Falcons,6,9565,Vitality,13,Vitality,Dust2,8242,IEM Rio 2026
226614,1776276000000,9565,Vitality,10,11283,Falcons,13,Falcons,Mirage,8242,IEM Rio 2026
226618,1776276000000,5995,G2,11,7020,Spirit,13,Spirit,Dust2,8242,IEM Rio 2026
226613,1776276000000,7020,Spirit,13,5995,G2,7,Spirit,Mirage,8242,IEM Rio 2026
226607,1776268500000,11241,B8,6,11861,Aurora,13,Aurora,Overpass,8242,IEM Rio 2026
226604,1776268500000,11861,Aurora,13,11241,B8,7,Aurora,Mirage,8242,IEM Rio 2026
226606,1776267000000,11581,HOTU,9,4608,Natus Vincere,13,Natus Vincere,Ancient,8242,IEM Rio 2026
226603,1776267000000,4608,Natus Vincere,13,11581,HOTU,7,Natus Vincere,Dust2,8242,IEM Rio 2026
226597,1776258000000,4914,3DMAX,1,5995,G2,13,G2,Dust2,8242,IEM Rio 2026
226594,1776258000000,5995,G2,13,4914,3DMAX,6,G2,Inferno,8242,IEM Rio 2026
226576,1776202500000,11861,Aurora,8,4494,MOUZ,13,MOUZ,Mirage,8242,IEM Rio 2026
226573,1776202500000,4494,MOUZ,13,11861,Aurora,4,MOUZ,Dust2,8242,IEM Rio 2026
226574,1776198600000,11581,HOTU,16,12468,Legacy,14,HOTU,Ancient,8242,IEM Rio 2026
226571,1776198600000,12468,Legacy,7,11581,HOTU,13,HOTU,Dust2,8242,IEM Rio 2026
226570,1776191100000,8297,FURIA,16,4608,Natus Vincere,13,FURIA,Nuke,8242,IEM Rio 2026
226569,1776191100000,4608,Natus Vincere,4,8297,FURIA,13,FURIA,Dust2,8242,IEM Rio 2026
226563,1776191100000,8297,FURIA,3,4608,Natus Vincere,13,Natus Vincere,Mirage,8242,IEM Rio 2026
226568,1776190800000,12426,Passion UA,3,11241,B8,13,B8,Mirage,8242,IEM Rio 2026
226565,1776190800000,11241,B8,13,12426,Passion UA,9,B8,Overpass,8242,IEM Rio 2026
226560,1776184800000,7020,Spirit,5,11283,Falcons,13,Falcons,Mirage,8242,IEM Rio 2026
226556,1776184800000,7020,Spirit,4,11283,Falcons,13,Falcons,Anubis,8242,IEM Rio 2026
226559,1776183000000,5973,Liquid,5,4914,3DMAX,13,3DMAX,Ancient,8242,IEM Rio 2026
226554,1776183000000,5973,Liquid,14,4914,3DMAX,16,3DMAX,Nuke,8242,IEM Rio 2026
226552,1776171600000,5995,G2,11,9565,Vitality,13,Vitality,Dust2,8242,IEM Rio 2026
226546,1776171600000,5995,G2,13,9565,Vitality,16,Vitality,Inferno,8242,IEM Rio 2026
226542,1776171600000,9565,Vitality,5,5995,G2,13,G2,Mirage,8242,IEM Rio 2026
226520,1776115200000,11581,HOTU,13,11861,Aurora,16,Aurora,Dust2,8242,IEM Rio 2026
226517,1776115200000,11861,Aurora,13,11581,HOTU,4,Aurora,Mirage,8242,IEM Rio 2026
226518,1776113100000,12426,Passion UA,7,8297,FURIA,13,FURIA,Mirage,8242,IEM Rio 2026
226516,1776113100000,8297,FURIA,13,12426,Passion UA,3,FURIA,Inferno,8242,IEM Rio 2026
226515,1776104700000,4494,MOUZ,13,12468,Legacy,4,MOUZ,Mirage,8242,IEM Rio 2026
226513,1776104700000,12468,Legacy,10,4494,MOUZ,13,MOUZ,Inferno,8242,IEM Rio 2026
226511,1776104700000,4494,MOUZ,9,12468,Legacy,13,Legacy,Dust2,8242,IEM Rio 2026
226514,1776103200000,11241,B8,5,4608,Natus Vincere,13,Natus Vincere,Dust2,8242,IEM Rio 2026
226512,1776103200000,11241,B8,13,4608,Natus Vincere,4,B8,Inferno,8242,IEM Rio 2026
226509,1776103200000,4608,Natus Vincere,13,11241,B8,0,Natus Vincere,Ancient,8242,IEM Rio 2026
226508,1776096900000,4914,3DMAX,1,11283,Falcons,13,Falcons,Ancient,8242,IEM Rio 2026
226506,1776096900000,11283,Falcons,13,4914,3DMAX,10,Falcons,Inferno,8242,IEM Rio 2026
226505,1776094200000,5973,Liquid,11,7020,Spirit,13,Spirit,Dust2,8242,IEM Rio 2026
226503,1776094200000,7020,Spirit,13,5973,Liquid,2,Spirit,Ancient,8242,IEM Rio 2026
226501,1776085200000,13404,Gentle Mates,3,5995,G2,13,G2,Overpass,8242,IEM Rio 2026
226499,1776085200000,13404,Gentle Mates,8,5995,G2,13,G2,Mirage,8242,IEM Rio 2026
226497,1776085200000,5995,G2,8,13404,Gentle Mates,13,Gentle Mates,Inferno,8242,IEM Rio 2026
226406,1775916000000,6665,Astralis,3,13286,FUT,13,FUT,Dust2,8048,PGL Bucharest 2026
226401,1775916000000,13286,FUT,14,6665,Astralis,16,Astralis,Nuke,8048,PGL Bucharest 2026
226395,1775916000000,6665,Astralis,5,13286,FUT,13,FUT,Mirage,8048,PGL Bucharest 2026
226391,1775916000000,13286,FUT,13,6665,Astralis,5,FUT,Ancient,8048,PGL Bucharest 2026
226386,1775908800000,4914,3DMAX,2,6248,The MongolZ,13,The MongolZ,Ancient,8048,PGL Bucharest 2026
226381,1775908800000,6248,The MongolZ,13,4914,3DMAX,5,The MongolZ,Inferno,8048,PGL Bucharest 2026
226331,1775839800000,6248,The MongolZ,14,13286,FUT,16,FUT,Mirage,8048,PGL Bucharest 2026
226324,1775839800000,13286,FUT,13,6248,The MongolZ,10,FUT,Nuke,8048,PGL Bucharest 2026
226315,1775829600000,4914,3DMAX,10,6665,Astralis,13,Astralis,Overpass,8048,PGL Bucharest 2026
226309,1775829600000,6665,Astralis,13,4914,3DMAX,11,Astralis,Dust2,8048,PGL Bucharest 2026
226261,1775751300000,6248,The MongolZ,13,12467,PARIVISION,9,The MongolZ,Ancient,8048,PGL Bucharest 2026
226255,1775751300000,12467,PARIVISION,8,6248,The MongolZ,13,The MongolZ,Mirage,8048,PGL Bucharest 2026
226251,1775751300000,6248,The MongolZ,6,12467,PARIVISION,13,PARIVISION,Dust2,8048,PGL Bucharest 2026
226249,1775742300000,11241,B8,13,13286,FUT,16,FUT,Overpass,8048,PGL Bucharest 2026
226242,1775742300000,13286,FUT,13,11241,B8,11,FUT,Ancient,8048,PGL Bucharest 2026
226236,1775730600000,6665,Astralis,13,11737,EYEBALLERS,2,Astralis,Inferno,8048,PGL Bucharest 2026
226232,1775730600000,11737,EYEBALLERS,14,6665,Astralis,16,Astralis,Ancient,8048,PGL Bucharest 2026
226229,1775730600000,6665,Astralis,8,11737,EYEBALLERS,13,EYEBALLERS,Mirage,8048,PGL Bucharest 2026
226224,1775718000000,9215,MIBR,9,4914,3DMAX,13,3DMAX,Nuke,8048,PGL Bucharest 2026
226217,1775718000000,4914,3DMAX,16,9215,MIBR,13,3DMAX,Ancient,8048,PGL Bucharest 2026
226214,1775718000000,9215,MIBR,13,4914,3DMAX,9,MIBR,Inferno,8048,PGL Bucharest 2026
226165,1775644500000,12468,Legacy,4,11241,B8,13,B8,Ancient,8048,PGL Bucharest 2026
226161,1775644500000,11241,B8,13,12468,Legacy,9,B8,Dust2,8048,PGL Bucharest 2026
226158,1775631600000,11737,EYEBALLERS,13,13679,FOKUS,9,EYEBALLERS,Dust2,8048,PGL Bucharest 2026
226154,1775631600000,13679,FOKUS,13,11737,EYEBALLERS,5,FOKUS,Nuke,8048,PGL Bucharest 2026
226150,1775631600000,11737,EYEBALLERS,16,13679,FOKUS,13,EYEBALLERS,Inferno,8048,PGL Bucharest 2026
226085,1775560800000,4914,3DMAX,13,12467,PARIVISION,9,3DMAX,Dust2,8048,PGL Bucharest 2026
226077,1775560800000,4914,3DMAX,13,12467,PARIVISION,9,3DMAX,Inferno,8048,PGL Bucharest 2026
226081,1775559900000,13679,FOKUS,13,12878,BC.Game,10,FOKUS,Overpass,8048,PGL Bucharest 2026
226073,1775559900000,12878,BC.Game,3,13679,FOKUS,13,FOKUS,Ancient,8048,PGL Bucharest 2026
226056,1775545200000,12468,Legacy,13,6673,NRG,6,Legacy,Inferno,8048,PGL Bucharest 2026
226053,1775545200000,6673,NRG,6,12468,Legacy,13,Legacy,Dust2,8048,PGL Bucharest 2026
226054,1775545200000,9215,MIBR,13,11737,EYEBALLERS,9,MIBR,Anubis,8048,PGL Bucharest 2026
226052,1775545200000,9215,MIBR,13,11737,EYEBALLERS,7,MIBR,Mirage,8048,PGL Bucharest 2026
226013,1775488200000,12467,PARIVISION,6,13286,FUT,13,FUT,Mirage,8048,PGL Bucharest 2026
226008,1775488200000,13286,FUT,13,12467,PARIVISION,11,FUT,Dust2,8048,PGL Bucharest 2026
225999,1775480700000,6248,The MongolZ,9,6665,Astralis,13,Astralis,Ancient,8048,PGL Bucharest 2026
225993,1775480700000,6665,Astralis,13,6248,The MongolZ,4,Astralis,Mirage,8048,PGL Bucharest 2026
225989,1775470200000,4914,3DMAX,13,11241,B8,6,3DMAX,Nuke,8048,PGL Bucharest 2026
225986,1775470200000,11241,B8,3,4914,3DMAX,13,3DMAX,Inferno,8048,PGL Bucharest 2026
225981,1775470200000,4914,3DMAX,11,11241,B8,13,B8,Ancient,8048,PGL Bucharest 2026
225987,1775470200000,11737,EYEBALLERS,13,6673,NRG,6,EYEBALLERS,Mirage,8048,PGL Bucharest 2026
225982,1775470200000,6673,NRG,14,11737,EYEBALLERS,16,EYEBALLERS,Nuke,8048,PGL Bucharest 2026
225971,1775458800000,12468,Legacy,9,9215,MIBR,13,MIBR,Nuke,8048,PGL Bucharest 2026
225968,1775458800000,9215,MIBR,7,12468,Legacy,13,Legacy,Mirage,8048,PGL Bucharest 2026
225965,1775458800000,12468,Legacy,10,9215,MIBR,13,MIBR,Inferno,8048,PGL Bucharest 2026
225924,1775412000000,6667,FaZe,3,7532,BIG,13,BIG,Anubis,9038,HLC Belgrade PRO 2026
225919,1775412000000,6667,FaZe,11,7532,BIG,13,BIG,Overpass,9038,HLC Belgrade PRO 2026
225907,1775412000000,7532,BIG,3,6667,FaZe,13,FaZe,Dust2,9038,HLC Belgrade PRO 2026
225888,1775399100000,11737,EYEBALLERS,7,6248,The MongolZ,13,The MongolZ,Mirage,8048,PGL Bucharest 2026
225875,1775399100000,6248,The MongolZ,13,11737,EYEBALLERS,7,The MongolZ,Overpass,8048,PGL Bucharest 2026
225858,1775389500000,12467,PARIVISION,16,13679,FOKUS,14,PARIVISION,Inferno,8048,PGL Bucharest 2026
225845,1775389500000,13679,FOKUS,9,12467,PARIVISION,13,PARIVISION,Dust2,8048,PGL Bucharest 2026
225856,1775385600000,9215,MIBR,13,12878,BC.Game,10,MIBR,Anubis,8048,PGL Bucharest 2026
225846,1775385600000,9215,MIBR,11,12878,BC.Game,13,BC.Game,Overpass,8048,PGL Bucharest 2026
225836,1775385600000,12878,BC.Game,11,9215,MIBR,13,MIBR,Ancient,8048,PGL Bucharest 2026
225834,1775378400000,6665,Astralis,13,11241,B8,8,Astralis,Ancient,8048,PGL Bucharest 2026
225828,1775378400000,11241,B8,13,6665,Astralis,8,B8,Nuke,8048,PGL Bucharest 2026
225813,1775378400000,6665,Astralis,16,11241,B8,12,Astralis,Mirage,8048,PGL Bucharest 2026
225807,1775372400000,6673,NRG,2,13286,FUT,13,FUT,Nuke,8048,PGL Bucharest 2026
225804,1775372400000,13286,FUT,13,6673,NRG,3,FUT,Ancient,8048,PGL Bucharest 2026
225749,1775318400000,5995,G2,13,12394,BetBoom,9,G2,Dust2,8977,Stake Ranked Episode 1
225738,1775318400000,12394,BetBoom,11,5995,G2,13,G2,Ancient,8977,Stake Ranked Episode 1
225725,1775318400000,12394,BetBoom,13,5995,G2,10,BetBoom,Anubis,8977,Stake Ranked Episode 1
225729,1775311500000,12468,Legacy,4,12467,PARIVISION,13,PARIVISION,Dust2,8048,PGL Bucharest 2026
225717,1775311500000,12467,PARIVISION,13,12468,Legacy,10,PARIVISION,Inferno,8048,PGL Bucharest 2026
225705,1775311500000,12468,Legacy,13,12467,PARIVISION,10,Legacy,Mirage,8048,PGL Bucharest 2026
225701,1775307600000,12394,BetBoom,13,9928,GamerLegion,5,BetBoom,Mirage,8977,Stake Ranked Episode 1
225686,1775307600000,12394,BetBoom,13,9928,GamerLegion,8,BetBoom,Anubis,8977,Stake Ranked Episode 1
225685,1775303700000,12878,BC.Game,11,6248,The MongolZ,13,The MongolZ,Ancient,8048,PGL Bucharest 2026
225672,1775303700000,6248,The MongolZ,13,12878,BC.Game,3,The MongolZ,Dust2,8048,PGL Bucharest 2026
225687,1775303400000,9215,MIBR,5,6665,Astralis,13,Astralis,Overpass,8048,PGL Bucharest 2026
225675,1775303400000,6665,Astralis,13,9215,MIBR,10,Astralis,Mirage,8048,PGL Bucharest 2026
225647,1775286300000,4914,3DMAX,7,13679,FOKUS,13,FOKUS,Inferno,8048,PGL Bucharest 2026
225638,1775286300000,13679,FOKUS,9,4914,3DMAX,13,3DMAX,Dust2,8048,PGL Bucharest 2026
225632,1775286300000,4914,3DMAX,6,13679,FOKUS,13,FOKUS,Ancient,8048,PGL Bucharest 2026
225558,1775234700000,7175,HEROIC,11,12394,BetBoom,13,BetBoom,Dust2,8977,Stake Ranked Episode 1
225545,1775234700000,12394,BetBoom,13,7175,HEROIC,7,BetBoom,Nuke,8977,Stake Ranked Episode 1
225530,1775234700000,7175,HEROIC,13,12394,BetBoom,9,HEROIC,Ancient,8977,Stake Ranked Episode 1
225521,1775226300000,9928,GamerLegion,7,5995,G2,13,G2,Ancient,8977,Stake Ranked Episode 1
225507,1775226300000,5995,G2,16,9928,GamerLegion,14,G2,Inferno,8977,Stake Ranked Episode 1
225492,1775217600000,4411,Ninjas in Pyjamas,7,7175,HEROIC,13,HEROIC,Mirage,8977,Stake Ranked Episode 1
225482,1775217600000,7175,HEROIC,16,4411,Ninjas in Pyjamas,14,HEROIC,Nuke,8977,Stake Ranked Episode 1
225370,1775151900000,9928,GamerLegion,13,4411,Ninjas in Pyjamas,11,GamerLegion,Ancient,8977,Stake Ranked Episode 1
225358,1775151900000,4411,Ninjas in Pyjamas,11,9928,GamerLegion,13,GamerLegion,Mirage,8977,Stake Ranked Episode 1
225335,1775151900000,9928,GamerLegion,6,4411,Ninjas in Pyjamas,13,Ninjas in Pyjamas,Nuke,8977,Stake Ranked Episode 1
225363,1775150400000,11811,Monte,10,12376,M80,13,M80,Mirage,9044,Digital Crusade DraculaN Season 6
225346,1775150400000,12376,M80,13,11811,Monte,3,M80,Dust2,9044,Digital Crusade DraculaN Season 6
225327,1775150400000,11811,Monte,13,12376,M80,8,Monte,Inferno,9044,Digital Crusade DraculaN Season 6
225311,1775142000000,5995,G2,13,12394,BetBoom,3,G2,Overpass,8977,Stake Ranked Episode 1
225303,1775142000000,12394,BetBoom,13,5995,G2,5,BetBoom,Ancient,8977,Stake Ranked Episode 1
225290,1775142000000,5995,G2,13,12394,BetBoom,5,G2,Mirage,8977,Stake Ranked Episode 1
225302,1775138400000,11241,B8,13,4914,3DMAX,3,B8,Dust2,9074,Parken Challenger Championship Season 3
225288,1775138400000,4914,3DMAX,3,11241,B8,13,B8,Ancient,9074,Parken Challenger Championship Season 3
225274,1775138400000,11241,B8,8,4914,3DMAX,13,3DMAX,Inferno,9074,Parken Challenger Championship Season 3
225293,1775134800000,12376,M80,13,12474,Alliance,5,M80,Overpass,9044,Digital Crusade DraculaN Season 6
225273,1775134800000,12474,Alliance,2,12376,M80,13,M80,Inferno,9044,Digital Crusade DraculaN Season 6
225265,1775134800000,12474,Alliance,13,12376,M80,11,Alliance,Anubis,9044,Digital Crusade DraculaN Season 6
225158,1775064600000,13404,Gentle Mates,5,4411,Ninjas in Pyjamas,13,Ninjas in Pyjamas,Ancient,8977,Stake Ranked Episode 1
225147,1775064600000,4411,Ninjas in Pyjamas,13,13404,Gentle Mates,11,Ninjas in Pyjamas,Overpass,8977,Stake Ranked Episode 1
225123,1775064600000,13404,Gentle Mates,13,4411,Ninjas in Pyjamas,7,Gentle Mates,Nuke,8977,Stake Ranked Episode 1
225137,1775063700000,12474,Alliance,13,12426,Passion UA,2,Alliance,Anubis,9044,Digital Crusade DraculaN Season 6
225119,1775063700000,12474,Alliance,13,12426,Passion UA,10,Alliance,Overpass,9044,Digital Crusade DraculaN Season 6
225130,1775063100000,12376,M80,10,11811,Monte,13,Monte,Dust2,9044,Digital Crusade DraculaN Season 6
225106,1775063100000,11811,Monte,13,12376,M80,4,Monte,Ancient,9044,Digital Crusade DraculaN Season 6
225102,1775052000000,11241,B8,9,4914,3DMAX,13,3DMAX,Dust2,9074,Parken Challenger Championship Season 3
225089,1775052000000,4914,3DMAX,8,11241,B8,13,B8,Ancient,9074,Parken Challenger Championship Season 3
225079,1775052000000,11241,B8,11,4914,3DMAX,13,3DMAX,Nuke,9074,Parken Challenger Championship Season 3
225088,1775048400000,11861,Aurora,11,12474,Alliance,13,Alliance,Overpass,9044,Digital Crusade DraculaN Season 6
225067,1775048400000,11861,Aurora,9,12474,Alliance,13,Alliance,Anubis,9044,Digital Crusade DraculaN Season 6
225045,1775048400000,11861,Aurora,13,12474,Alliance,2,Aurora,Inferno,9044,Digital Crusade DraculaN Season 6
225052,1775045220000,12394,BetBoom,13,7175,HEROIC,7,BetBoom,Dust2,8977,Stake Ranked Episode 1
225037,1775045220000,7175,HEROIC,13,12394,BetBoom,8,HEROIC,Mirage,8977,Stake Ranked Episode 1
225075,1775045100000,7175,HEROIC,7,12394,BetBoom,13,BetBoom,Overpass,8977,Stake Ranked Episode 1
224944,1774982400000,12426,Passion UA,12,11811,Monte,16,Monte,Dust2,9044,Digital Crusade DraculaN Season 6
224932,1774982400000,12426,Passion UA,8,11811,Monte,13,Monte,Anubis,9044,Digital Crusade DraculaN Season 6
224949,1774981500000,11861,Aurora,11,12376,M80,13,M80,Overpass,9044,Digital Crusade DraculaN Season 6
224941,1774981500000,11861,Aurora,10,12376,M80,13,M80,Anubis,9044,Digital Crusade DraculaN Season 6
224927,1774981500000,11861,Aurora,13,12376,M80,3,Aurora,Inferno,9044,Digital Crusade DraculaN Season 6
224861,1774954800000,6667,FaZe,14,12426,Passion UA,16,Passion UA,Dust2,9044,Digital Crusade DraculaN Season 6
224843,1774954800000,12426,Passion UA,12,6667,FaZe,16,FaZe,Nuke,9044,Digital Crusade DraculaN Season 6
224821,1774954800000,12426,Passion UA,13,6667,FaZe,10,Passion UA,Anubis,9044,Digital Crusade DraculaN Season 6
224840,1774954800000,12474,Alliance,8,11811,Monte,13,Monte,Nuke,9044,Digital Crusade DraculaN Season 6
224824,1774954800000,12474,Alliance,11,11811,Monte,13,Monte,Anubis,9044,Digital Crusade DraculaN Season 6
224835,1774954800000,5973,Liquid,9,12376,M80,13,M80,Inferno,9044,Digital Crusade DraculaN Season 6
224819,1774954800000,12376,M80,13,5973,Liquid,7,M80,Ancient,9044,Digital Crusade DraculaN Season 6
224779,1774900800000,12468,Legacy,4,9996,9z,13,9z,Nuke,9049,FERJEE In House 2026
224778,1774900800000,9996,9z,13,12468,Legacy,10,9z,Mirage,9049,FERJEE In House 2026
224774,1774900800000,12468,Legacy,13,9996,9z,5,Legacy,Inferno,9049,FERJEE In House 2026
224771,1774900800000,12468,Legacy,11,9996,9z,13,9z,Anubis,9049,FERJEE In House 2026
224768,1774900800000,12468,Legacy,16,9996,9z,12,Legacy,Dust2,9049,FERJEE In House 2026
224767,1774890600000,12394,BetBoom,13,5995,G2,10,BetBoom,Anubis,9043,Radio Popular Roman Imperium Cup VII
224751,1774890600000,12394,BetBoom,9,5995,G2,13,G2,Ancient,9043,Radio Popular Roman Imperium Cup VII
224734,1774890600000,5995,G2,11,12394,BetBoom,13,BetBoom,Mirage,9043,Radio Popular Roman Imperium Cup VII
224658,1774857600000,10577,SINNERS,13,12394,BetBoom,16,BetBoom,Mirage,9043,Radio Popular Roman Imperium Cup VII
224654,1774857600000,10577,SINNERS,11,12394,BetBoom,13,BetBoom,Nuke,9043,Radio Popular Roman Imperium Cup VII
224647,1774857600000,12394,BetBoom,11,10577,SINNERS,13,SINNERS,Overpass,9043,Radio Popular Roman Imperium Cup VII
224632,1774819200000,9996,9z,13,4773,paiN,9,9z,Inferno,9049,FERJEE In House 2026
224631,1774819200000,9996,9z,6,4773,paiN,13,paiN,Nuke,9049,FERJEE In House 2026
224629,1774819200000,4773,paiN,8,9996,9z,13,9z,Dust2,9049,FERJEE In House 2026
224523,1774780200000,4608,Natus Vincere,10,9565,Vitality,13,Vitality,Dust2,8248,BLAST Open Rotterdam 2026
224510,1774780200000,4608,Natus Vincere,10,9565,Vitality,13,Vitality,Anubis,8248,BLAST Open Rotterdam 2026
224499,1774780200000,4608,Natus Vincere,7,9565,Vitality,13,Vitality,Inferno,8248,BLAST Open Rotterdam 2026
224501,1774780200000,7532,BIG,16,10577,SINNERS,12,BIG,Overpass,9043,Radio Popular Roman Imperium Cup VII
224407,1774717200000,12474,Alliance,13,11737,EYEBALLERS,9,Alliance,Dust2,9045,ROG JOURNEY Spring 2026
224391,1774717200000,11737,EYEBALLERS,6,12474,Alliance,13,Alliance,Inferno,9045,ROG JOURNEY Spring 2026
224420,1774716000000,4608,Natus Vincere,13,12467,PARIVISION,7,Natus Vincere,Mirage,8248,BLAST Open Rotterdam 2026
224405,1774716000000,4608,Natus Vincere,8,12467,PARIVISION,13,PARIVISION,Inferno,8248,BLAST Open Rotterdam 2026
224387,1774716000000,4608,Natus Vincere,13,12467,PARIVISION,11,Natus Vincere,Dust2,8248,BLAST Open Rotterdam 2026
224364,1774706400000,11861,Aurora,5,9565,Vitality,13,Vitality,Nuke,8248,BLAST Open Rotterdam 2026
224345,1774706400000,9565,Vitality,13,11861,Aurora,5,Vitality,Inferno,8248,BLAST Open Rotterdam 2026
224258,1774629300000,11283,Falcons,10,12467,PARIVISION,13,PARIVISION,Ancient,8248,BLAST Open Rotterdam 2026
224252,1774629300000,12467,PARIVISION,13,11283,Falcons,11,PARIVISION,Mirage,8248,BLAST Open Rotterdam 2026
224238,1774620000000,11861,Aurora,13,6248,The MongolZ,9,Aurora,Mirage,8248,BLAST Open Rotterdam 2026
224230,1774620000000,6248,The MongolZ,6,11861,Aurora,13,Aurora,Inferno,8248,BLAST Open Rotterdam 2026
224218,1774609200000,12474,Alliance,13,9928,GamerLegion,7,Alliance,Inferno,9045,ROG JOURNEY Spring 2026
224213,1774609200000,12474,Alliance,16,9928,GamerLegion,14,Alliance,Anubis,9045,ROG JOURNEY Spring 2026
224176,1774548900000,7532,BIG,11,10577,SINNERS,13,SINNERS,Overpass,9047,BC Game Masters Championship Season 1
224163,1774548900000,10577,SINNERS,13,7532,BIG,2,SINNERS,Ancient,9047,BC Game Masters Championship Season 1
224159,1774548900000,7532,BIG,13,10577,SINNERS,11,BIG,Nuke,9047,BC Game Masters Championship Season 1
224148,1774541400000,11581,HOTU,8,12394,BetBoom,13,BetBoom,Ancient,9047,BC Game Masters Championship Season 1
224143,1774541400000,12394,BetBoom,13,11581,HOTU,3,BetBoom,Dust2,9047,BC Game Masters Championship Season 1
224145,1774533600000,12474,Alliance,6,11737,EYEBALLERS,13,EYEBALLERS,Nuke,9045,ROG JOURNEY Spring 2026
224135,1774533600000,11737,EYEBALLERS,16,12474,Alliance,14,EYEBALLERS,Inferno,9045,ROG JOURNEY Spring 2026
224124,1774533600000,11737,EYEBALLERS,3,12474,Alliance,13,Alliance,Anubis,9045,ROG JOURNEY Spring 2026
224129,1774526400000,11581,HOTU,5,7532,BIG,13,BIG,Overpass,9047,BC Game Masters Championship Season 1
224118,1774526400000,7532,BIG,9,11581,HOTU,13,HOTU,Dust2,9047,BC Game Masters Championship Season 1
224106,1774526400000,11581,HOTU,8,7532,BIG,13,BIG,Ancient,9047,BC Game Masters Championship Season 1
224115,1774526400000,10577,SINNERS,13,12394,BetBoom,5,SINNERS,Nuke,9047,BC Game Masters Championship Season 1
224107,1774526400000,12394,BetBoom,4,10577,SINNERS,13,SINNERS,Overpass,9047,BC Game Masters Championship Season 1
224064,1774467600000,7532,BIG,13,13404,Gentle Mates,8,BIG,Inferno,9047,BC Game Masters Championship Season 1
224058,1774467600000,13404,Gentle Mates,10,7532,BIG,13,BIG,Ancient,9047,BC Game Masters Championship Season 1
224066,1774465200000,5995,G2,17,10577,SINNERS,19,SINNERS,Mirage,9047,BC Game Masters Championship Season 1
224060,1774465200000,10577,SINNERS,5,5995,G2,13,G2,Dust2,9047,BC Game Masters Championship Season 1
224052,1774465200000,5995,G2,9,10577,SINNERS,13,SINNERS,Overpass,9047,BC Game Masters Championship Season 1
224059,1774463400000,12394,BetBoom,13,11811,Monte,9,BetBoom,Nuke,9047,BC Game Masters Championship Season 1
224049,1774463400000,12394,BetBoom,13,11811,Monte,10,BetBoom,Anubis,9047,BC Game Masters Championship Season 1
223775,1774298700000,6248,The MongolZ,13,7020,Spirit,9,The MongolZ,Overpass,8248,BLAST Open Rotterdam 2026
223770,1774298700000,7020,Spirit,11,6248,The MongolZ,13,The MongolZ,Nuke,8248,BLAST Open Rotterdam 2026
223752,1774288200000,9565,Vitality,16,12467,PARIVISION,12,Vitality,Inferno,8248,BLAST Open Rotterdam 2026
223729,1774288200000,9565,Vitality,13,12467,PARIVISION,9,Vitality,Mirage,8248,BLAST Open Rotterdam 2026
223712,1774272600000,8297,FURIA,10,11283,Falcons,13,Falcons,Nuke,8248,BLAST Open Rotterdam 2026
223700,1774272600000,11283,Falcons,13,8297,FURIA,16,FURIA,Dust2,8248,BLAST Open Rotterdam 2026
223686,1774272600000,8297,FURIA,11,11283,Falcons,13,Falcons,Mirage,8248,BLAST Open Rotterdam 2026
223676,1774263600000,11861,Aurora,10,4608,Natus Vincere,13,Natus Vincere,Nuke,8248,BLAST Open Rotterdam 2026
223667,1774263600000,11861,Aurora,8,4608,Natus Vincere,13,Natus Vincere,Anubis,8248,BLAST Open Rotterdam 2026
223663,1774260300000,13679,FOKUS,13,4914,3DMAX,10,FOKUS,Ancient,9046,Urban Riga Open Season 3
223620,1774210800000,9996,9z,6,7020,Spirit,13,Spirit,Dust2,8248,BLAST Open Rotterdam 2026
223617,1774210800000,7020,Spirit,13,9996,9z,6,Spirit,Overpass,8248,BLAST Open Rotterdam 2026
223603,1774201200000,5973,Liquid,10,6248,The MongolZ,13,The MongolZ,Mirage,8248,BLAST Open Rotterdam 2026
223594,1774201200000,6248,The MongolZ,16,5973,Liquid,14,The MongolZ,Ancient,8248,BLAST Open Rotterdam 2026
223586,1774189500000,8297,FURIA,13,6673,NRG,7,FURIA,Dust2,8248,BLAST Open Rotterdam 2026
223581,1774189500000,6673,NRG,2,8297,FURIA,13,FURIA,Nuke,8248,BLAST Open Rotterdam 2026
223576,1774189500000,8297,FURIA,10,6673,NRG,13,NRG,Mirage,8248,BLAST Open Rotterdam 2026
223566,1774177200000,4863,TYLOO,2,11283,Falcons,13,Falcons,Mirage,8248,BLAST Open Rotterdam 2026
223563,1774177200000,4863,TYLOO,1,11283,Falcons,13,Falcons,Ancient,8248,BLAST Open Rotterdam 2026
223559,1774177200000,11283,Falcons,14,4863,TYLOO,16,TYLOO,Inferno,8248,BLAST Open Rotterdam 2026
223516,1774127400000,6248,The MongolZ,13,9565,Vitality,16,Vitality,Overpass,8248,BLAST Open Rotterdam 2026
223513,1774127400000,9565,Vitality,13,6248,The MongolZ,4,Vitality,Mirage,8248,BLAST Open Rotterdam 2026
223502,1774118100000,7020,Spirit,8,12467,PARIVISION,13,PARIVISION,Ancient,8248,BLAST Open Rotterdam 2026
223488,1774118100000,7020,Spirit,3,12467,PARIVISION,13,PARIVISION,Anubis,8248,BLAST Open Rotterdam 2026
223471,1774104300000,4494,MOUZ,9,9996,9z,13,9z,Nuke,8248,BLAST Open Rotterdam 2026
223463,1774104300000,9996,9z,13,4494,MOUZ,8,9z,Inferno,8248,BLAST Open Rotterdam 2026
223449,1774104300000,4494,MOUZ,13,9996,9z,11,MOUZ,Dust2,8248,BLAST Open Rotterdam 2026
223438,1774090800000,5973,Liquid,13,4411,Ninjas in Pyjamas,9,Liquid,Ancient,8248,BLAST Open Rotterdam 2026
223427,1774090800000,4411,Ninjas in Pyjamas,17,5973,Liquid,19,Liquid,Mirage,8248,BLAST Open Rotterdam 2026
223418,1774090800000,5973,Liquid,3,4411,Ninjas in Pyjamas,13,Ninjas in Pyjamas,Nuke,8248,BLAST Open Rotterdam 2026
223361,1774040400000,11861,Aurora,13,8297,FURIA,6,Aurora,Inferno,8248,BLAST Open Rotterdam 2026
223353,1774040400000,8297,FURIA,14,11861,Aurora,16,Aurora,Dust2,8248,BLAST Open Rotterdam 2026
223343,1774026900000,11283,Falcons,9,4608,Natus Vincere,13,Natus Vincere,Dust2,8248,BLAST Open Rotterdam 2026
223329,1774026900000,4608,Natus Vincere,13,11283,Falcons,9,Natus Vincere,Inferno,8248,BLAST Open Rotterdam 2026
223317,1774026900000,11283,Falcons,13,4608,Natus Vincere,9,Falcons,Mirage,8248,BLAST Open Rotterdam 2026
223304,1774013400000,6667,FaZe,11,4863,TYLOO,13,TYLOO,Overpass,8248,BLAST Open Rotterdam 2026
223294,1774013400000,4863,TYLOO,8,6667,FaZe,13,FaZe,Ancient,8248,BLAST Open Rotterdam 2026
223289,1774013400000,6667,FaZe,11,4863,TYLOO,13,TYLOO,Mirage,8248,BLAST Open Rotterdam 2026
223285,1774004400000,6673,NRG,13,11241,B8,9,NRG,Ancient,8248,BLAST Open Rotterdam 2026
223281,1774004400000,11241,B8,6,6673,NRG,13,NRG,Inferno,8248,BLAST Open Rotterdam 2026
223250,1773948900000,9996,9z,5,9565,Vitality,13,Vitality,Nuke,8248,BLAST Open Rotterdam 2026
223238,1773948900000,9565,Vitality,13,9996,9z,3,Vitality,Overpass,8248,BLAST Open Rotterdam 2026
223223,1773939000000,6248,The MongolZ,13,4494,MOUZ,3,The MongolZ,Inferno,8248,BLAST Open Rotterdam 2026
223221,1773939000000,4494,MOUZ,11,6248,The MongolZ,13,The MongolZ,Nuke,8248,BLAST Open Rotterdam 2026
223209,1773928800000,5973,Liquid,11,7020,Spirit,13,Spirit,Ancient,8248,BLAST Open Rotterdam 2026
223200,1773928800000,7020,Spirit,13,5973,Liquid,8,Spirit,Mirage,8248,BLAST Open Rotterdam 2026
223194,1773914400000,4411,Ninjas in Pyjamas,8,12467,PARIVISION,13,PARIVISION,Dust2,8248,BLAST Open Rotterdam 2026
223189,1773914400000,4411,Ninjas in Pyjamas,13,12467,PARIVISION,6,Ninjas in Pyjamas,Mirage,8248,BLAST Open Rotterdam 2026
223183,1773914400000,12467,PARIVISION,13,4411,Ninjas in Pyjamas,11,PARIVISION,Ancient,8248,BLAST Open Rotterdam 2026
223157,1773870600000,4863,TYLOO,11,8297,FURIA,13,FURIA,Overpass,8248,BLAST Open Rotterdam 2026
223151,1773870600000,8297,FURIA,13,4863,TYLOO,8,FURIA,Mirage,8248,BLAST Open Rotterdam 2026
223138,1773855300000,6667,FaZe,10,11861,Aurora,13,Aurora,Dust2,8248,BLAST Open Rotterdam 2026
223129,1773855300000,6667,FaZe,8,11861,Aurora,13,Aurora,Inferno,8248,BLAST Open Rotterdam 2026
223122,1773855300000,11861,Aurora,11,6667,FaZe,13,FaZe,Nuke,8248,BLAST Open Rotterdam 2026
223109,1773838200000,11241,B8,7,4608,Natus Vincere,13,Natus Vincere,Dust2,8248,BLAST Open Rotterdam 2026
223096,1773838200000,11241,B8,19,4608,Natus Vincere,17,B8,Ancient,8248,BLAST Open Rotterdam 2026
223091,1773838200000,4608,Natus Vincere,13,11241,B8,9,Natus Vincere,Mirage,8248,BLAST Open Rotterdam 2026
223078,1773828000000,6673,NRG,8,11283,Falcons,13,Falcons,Dust2,8248,BLAST Open Rotterdam 2026
223072,1773828000000,11283,Falcons,13,6673,NRG,6,Falcons,Ancient,8248,BLAST Open Rotterdam 2026
222852,1773603000000,12474,Alliance,13,5973,Liquid,10,Alliance,Nuke,9042,HyperX Roman Imperium Cup VI
222848,1773603000000,12474,Alliance,13,5973,Liquid,3,Alliance,Ancient,9042,HyperX Roman Imperium Cup VI
222840,1773603000000,5973,Liquid,13,12474,Alliance,6,Liquid,Inferno,9042,HyperX Roman Imperium Cup VI
222845,1773591300000,4608,Natus Vincere,13,11861,Aurora,9,Natus Vincere,Dust2,8413,ESL Pro League Season 23 Finals
222832,1773591300000,11861,Aurora,8,4608,Natus Vincere,13,Natus Vincere,Nuke,8413,ESL Pro League Season 23 Finals
222826,1773591300000,4608,Natus Vincere,11,11861,Aurora,13,Aurora,Anubis,8413,ESL Pro League Season 23 Finals
222822,1773591300000,11861,Aurora,7,4608,Natus Vincere,13,Natus Vincere,Mirage,8413,ESL Pro League Season 23 Finals
222824,1773591300000,12474,Alliance,4,4411,Ninjas in Pyjamas,13,Ninjas in Pyjamas,Nuke,9042,HyperX Roman Imperium Cup VI
222820,1773591300000,4411,Ninjas in Pyjamas,13,12474,Alliance,6,Ninjas in Pyjamas,Overpass,9042,HyperX Roman Imperium Cup VI
222806,1773577800000,13286,FUT,12,6665,Astralis,16,Astralis,Overpass,8413,ESL Pro League Season 23 Finals
222797,1773577800000,13286,FUT,4,6665,Astralis,13,Astralis,Ancient,8413,ESL Pro League Season 23 Finals
222785,1773577800000,6665,Astralis,8,13286,FUT,13,FUT,Dust2,8413,ESL Pro League Season 23 Finals
222736,1773512700000,6665,Astralis,10,11861,Aurora,13,Aurora,Inferno,8413,ESL Pro League Season 23 Finals
222724,1773512700000,6665,Astralis,2,11861,Aurora,13,Aurora,Dust2,8413,ESL Pro League Season 23 Finals
222715,1773512700000,11861,Aurora,11,6665,Astralis,13,Astralis,Nuke,8413,ESL Pro League Season 23 Finals
222706,1773499500000,13286,FUT,7,4608,Natus Vincere,13,Natus Vincere,Dust2,8413,ESL Pro League Season 23 Finals
222699,1773499500000,13286,FUT,13,4608,Natus Vincere,11,FUT,Ancient,8413,ESL Pro League Season 23 Finals
222692,1773499500000,4608,Natus Vincere,13,13286,FUT,5,Natus Vincere,Mirage,8413,ESL Pro League Season 23 Finals
222646,1773433800000,7020,Spirit,7,6665,Astralis,13,Astralis,Ancient,8413,ESL Pro League Season 23 Finals
222644,1773433800000,6665,Astralis,13,7020,Spirit,6,Astralis,Dust2,8413,ESL Pro League Season 23 Finals
222636,1773430500000,12878,BC.Game,5,12474,Alliance,13,Alliance,Anubis,9042,HyperX Roman Imperium Cup VI
222629,1773417600000,13286,FUT,13,4494,MOUZ,11,FUT,Mirage,8413,ESL Pro League Season 23 Finals
222618,1773417600000,13286,FUT,10,4494,MOUZ,13,MOUZ,Overpass,8413,ESL Pro League Season 23 Finals
222607,1773417600000,4494,MOUZ,11,13286,FUT,13,FUT,Dust2,8413,ESL Pro League Season 23 Finals
222595,1773403800000,11861,Aurora,13,12468,Legacy,6,Aurora,Inferno,8413,ESL Pro League Season 23 Finals
222588,1773403800000,12468,Legacy,13,11861,Aurora,8,Legacy,Overpass,8413,ESL Pro League Season 23 Finals
222581,1773403800000,12468,Legacy,4,11861,Aurora,13,Aurora,Dust2,8413,ESL Pro League Season 23 Finals
222571,1773392400000,4608,Natus Vincere,13,6248,The MongolZ,4,Natus Vincere,Mirage,8413,ESL Pro League Season 23 Finals
222567,1773392400000,6248,The MongolZ,11,4608,Natus Vincere,13,Natus Vincere,Ancient,8413,ESL Pro League Season 23 Finals
222336,1773169200000,6665,Astralis,13,8297,FURIA,4,Astralis,Inferno,8412,ESL Pro League Season 23 Stage 2
222331,1773169200000,6665,Astralis,9,8297,FURIA,13,FURIA,Dust2,8412,ESL Pro League Season 23 Stage 2
222320,1773169200000,8297,FURIA,4,6665,Astralis,13,Astralis,Nuke,8412,ESL Pro League Season 23 Stage 2
222315,1773157500000,5995,G2,11,13286,FUT,13,FUT,Overpass,8412,ESL Pro League Season 23 Stage 2
222308,1773157500000,13286,FUT,13,5995,G2,11,FUT,Dust2,8412,ESL Pro League Season 23 Stage 2
222300,1773157500000,5995,G2,13,13286,FUT,4,G2,Mirage,8412,ESL Pro League Season 23 Stage 2
222292,1773145800000,4914,3DMAX,5,4608,Natus Vincere,13,Natus Vincere,Ancient,8412,ESL Pro League Season 23 Stage 2
222287,1773145800000,4914,3DMAX,13,4608,Natus Vincere,5,3DMAX,Inferno,8412,ESL Pro League Season 23 Stage 2
222280,1773145800000,4608,Natus Vincere,13,4914,3DMAX,5,Natus Vincere,Dust2,8412,ESL Pro League Season 23 Stage 2
222221,1773083700000,11861,Aurora,13,5995,G2,11,Aurora,Anubis,8412,ESL Pro League Season 23 Stage 2
222210,1773083700000,11861,Aurora,13,5995,G2,10,Aurora,Mirage,8412,ESL Pro League Season 23 Stage 2
222196,1773077400000,4773,paiN,8,8297,FURIA,13,FURIA,Dust2,8412,ESL Pro League Season 23 Stage 2
222181,1773077400000,8297,FURIA,13,4773,paiN,6,FURIA,Inferno,8412,ESL Pro League Season 23 Stage 2
222189,1773071100000,6665,Astralis,16,6667,FaZe,14,Astralis,Inferno,8412,ESL Pro League Season 23 Stage 2
222173,1773071100000,6667,FaZe,3,6665,Astralis,13,Astralis,Ancient,8412,ESL Pro League Season 23 Stage 2
222168,1773071100000,6665,Astralis,7,6667,FaZe,13,FaZe,Dust2,8412,ESL Pro League Season 23 Stage 2
222171,1773068400000,12468,Legacy,13,4608,Natus Vincere,10,Legacy,Mirage,8412,ESL Pro League Season 23 Stage 2
222158,1773068400000,4608,Natus Vincere,4,12468,Legacy,13,Legacy,Dust2,8412,ESL Pro League Season 23 Stage 2
222154,1773059400000,4914,3DMAX,10,6248,The MongolZ,13,The MongolZ,Inferno,8412,ESL Pro League Season 23 Stage 2
222139,1773059400000,4914,3DMAX,13,6248,The MongolZ,4,3DMAX,Ancient,8412,ESL Pro League Season 23 Stage 2
222123,1773059400000,6248,The MongolZ,13,4914,3DMAX,10,The MongolZ,Dust2,8412,ESL Pro League Season 23 Stage 2
222138,1773059400000,11241,B8,3,13286,FUT,13,FUT,Anubis,8412,ESL Pro League Season 23 Stage 2
222122,1773059400000,13286,FUT,13,11241,B8,8,FUT,Dust2,8412,ESL Pro League Season 23 Stage 2
222033,1772994600000,7020,Spirit,13,5995,G2,10,Spirit,Anubis,8412,ESL Pro League Season 23 Stage 2
222012,1772994600000,7020,Spirit,13,5995,G2,9,Spirit,Ancient,8412,ESL Pro League Season 23 Stage 2
222038,1772992800000,7175,HEROIC,9,8297,FURIA,13,FURIA,Inferno,8412,ESL Pro League Season 23 Stage 2
222014,1772992800000,7175,HEROIC,13,8297,FURIA,3,HEROIC,Overpass,8412,ESL Pro League Season 23 Stage 2
222001,1772992800000,8297,FURIA,13,7175,HEROIC,8,FURIA,Dust2,8412,ESL Pro League Season 23 Stage 2
221998,1772988000000,6248,The MongolZ,11,4494,MOUZ,13,MOUZ,Overpass,8412,ESL Pro League Season 23 Stage 2
221986,1772988000000,4494,MOUZ,13,6248,The MongolZ,1,MOUZ,Ancient,8412,ESL Pro League Season 23 Stage 2
221987,1772983800000,12468,Legacy,13,6665,Astralis,7,Legacy,Ancient,8412,ESL Pro League Season 23 Stage 2
221976,1772983800000,6665,Astralis,7,12468,Legacy,13,Legacy,Dust2,8412,ESL Pro League Season 23 Stage 2
221978,1772978400000,11241,B8,7,4608,Natus Vincere,13,Natus Vincere,Inferno,8412,ESL Pro League Season 23 Stage 2
221963,1772978400000,4608,Natus Vincere,16,11241,B8,14,Natus Vincere,Mirage,8412,ESL Pro League Season 23 Stage 2
221962,1772974800000,4914,3DMAX,13,13286,FUT,11,3DMAX,Ancient,8412,ESL Pro League Season 23 Stage 2
221950,1772974800000,13286,FUT,5,4914,3DMAX,13,3DMAX,Dust2,8412,ESL Pro League Season 23 Stage 2
221949,1772965800000,11811,Monte,11,6667,FaZe,13,FaZe,Overpass,8412,ESL Pro League Season 23 Stage 2
221929,1772965800000,6667,FaZe,13,11811,Monte,11,FaZe,Dust2,8412,ESL Pro League Season 23 Stage 2
221937,1772965800000,4773,paiN,7,11861,Aurora,13,Aurora,Overpass,8412,ESL Pro League Season 23 Stage 2
221931,1772965800000,11861,Aurora,13,4773,paiN,9,Aurora,Nuke,8412,ESL Pro League Season 23 Stage 2
221913,1772911200000,7020,Spirit,13,11241,B8,7,Spirit,Anubis,8412,ESL Pro League Season 23 Stage 2
221904,1772911200000,11241,B8,9,7020,Spirit,13,Spirit,Nuke,8412,ESL Pro League Season 23 Stage 2
221893,1772911200000,7020,Spirit,4,11241,B8,13,B8,Mirage,8412,ESL Pro League Season 23 Stage 2
221909,1772910300000,4914,3DMAX,13,8297,FURIA,8,3DMAX,Overpass,8412,ESL Pro League Season 23 Stage 2
221892,1772910300000,4914,3DMAX,19,8297,FURIA,16,3DMAX,Dust2,8412,ESL Pro League Season 23 Stage 2
221880,1772900400000,7175,HEROIC,3,13286,FUT,13,FUT,Mirage,8412,ESL Pro League Season 23 Stage 2
221869,1772900400000,7175,HEROIC,13,13286,FUT,5,HEROIC,Ancient,8412,ESL Pro League Season 23 Stage 2
221858,1772900400000,13286,FUT,13,7175,HEROIC,3,FUT,Nuke,8412,ESL Pro League Season 23 Stage 2
221884,1772900100000,4494,MOUZ,13,6665,Astralis,3,MOUZ,Overpass,8412,ESL Pro League Season 23 Stage 2
221874,1772900100000,6665,Astralis,1,4494,MOUZ,13,MOUZ,Mirage,8412,ESL Pro League Season 23 Stage 2
221861,1772900100000,4494,MOUZ,14,6665,Astralis,16,Astralis,Ancient,8412,ESL Pro League Season 23 Stage 2
221847,1772892600000,11811,Monte,6,12468,Legacy,13,Legacy,Ancient,8412,ESL Pro League Season 23 Stage 2
221839,1772892600000,12468,Legacy,13,11811,Monte,10,Legacy,Dust2,8412,ESL Pro League Season 23 Stage 2
221846,1772888400000,4608,Natus Vincere,7,5995,G2,13,G2,Ancient,8412,ESL Pro League Season 23 Stage 2
221835,1772888400000,5995,G2,13,4608,Natus Vincere,5,G2,Mirage,8412,ESL Pro League Season 23 Stage 2
221826,1772888400000,4608,Natus Vincere,13,5995,G2,7,Natus Vincere,Dust2,8412,ESL Pro League Season 23 Stage 2
221825,1772879400000,4773,paiN,13,6667,FaZe,5,paiN,Mirage,8412,ESL Pro League Season 23 Stage 2
221815,1772879400000,4773,paiN,13,6667,FaZe,16,FaZe,Dust2,8412,ESL Pro League Season 23 Stage 2
221804,1772879400000,6667,FaZe,13,4773,paiN,16,paiN,Nuke,8412,ESL Pro League Season 23 Stage 2
221813,1772879400000,11861,Aurora,11,6248,The MongolZ,13,The MongolZ,Mirage,8412,ESL Pro League Season 23 Stage 2
221803,1772879400000,6248,The MongolZ,13,11861,Aurora,9,The MongolZ,Dust2,8412,ESL Pro League Season 23 Stage 2
221794,1772831100000,11241,B8,13,8297,FURIA,6,B8,Dust2,8412,ESL Pro League Season 23 Stage 2
221791,1772831100000,11241,B8,2,8297,FURIA,13,FURIA,Overpass,8412,ESL Pro League Season 23 Stage 2
221787,1772831100000,8297,FURIA,8,11241,B8,13,B8,Mirage,8412,ESL Pro League Season 23 Stage 2
221785,1772820600000,4494,MOUZ,13,7175,HEROIC,3,MOUZ,Inferno,8412,ESL Pro League Season 23 Stage 2
221779,1772820600000,7175,HEROIC,8,4494,MOUZ,13,MOUZ,Mirage,8412,ESL Pro League Season 23 Stage 2
221768,1772820600000,4494,MOUZ,9,7175,HEROIC,13,HEROIC,Dust2,8412,ESL Pro League Season 23 Stage 2
221783,1772820600000,4773,paiN,9,6248,The MongolZ,13,The MongolZ,Mirage,8412,ESL Pro League Season 23 Stage 2
221767,1772820600000,6248,The MongolZ,19,4773,paiN,17,The MongolZ,Nuke,8412,ESL Pro League Season 23 Stage 2
221758,1772813100000,6667,FaZe,10,5995,G2,13,G2,Ancient,8412,ESL Pro League Season 23 Stage 2
221750,1772813100000,5995,G2,13,6667,FaZe,1,G2,Dust2,8412,ESL Pro League Season 23 Stage 2
221741,1772804400000,4914,3DMAX,7,7020,Spirit,13,Spirit,Overpass,8412,ESL Pro League Season 23 Stage 2
221732,1772804400000,7020,Spirit,13,4914,3DMAX,10,Spirit,Nuke,8412,ESL Pro League Season 23 Stage 2
221757,1772802000000,12468,Legacy,13,11861,Aurora,16,Aurora,Dust2,8412,ESL Pro League Season 23 Stage 2
221745,1772802000000,12468,Legacy,13,11861,Aurora,9,Legacy,Overpass,8412,ESL Pro League Season 23 Stage 2
221723,1772802000000,11861,Aurora,25,12468,Legacy,21,Aurora,Inferno,8412,ESL Pro League Season 23 Stage 2
221717,1772793000000,4608,Natus Vincere,13,11811,Monte,11,Natus Vincere,Mirage,8412,ESL Pro League Season 23 Stage 2
221709,1772793000000,11811,Monte,1,4608,Natus Vincere,13,Natus Vincere,Inferno,8412,ESL Pro League Season 23 Stage 2
221708,1772793000000,6665,Astralis,13,13286,FUT,3,Astralis,Mirage,8412,ESL Pro League Season 23 Stage 2
221705,1772793000000,4608,Natus Vincere,4,11811,Monte,13,Monte,Dust2,8412,ESL Pro League Season 23 Stage 2
221703,1772793000000,13286,FUT,6,6665,Astralis,13,Astralis,Ancient,8412,ESL Pro League Season 23 Stage 2
221629,1772733300000,5973,Liquid,10,4914,3DMAX,13,3DMAX,Dust2,8241,ESL Pro League Season 23 Stage 1
221606,1772733300000,4914,3DMAX,13,5973,Liquid,5,3DMAX,Nuke,8241,ESL Pro League Season 23 Stage 1
221593,1772722800000,4411,Ninjas in Pyjamas,13,5995,G2,16,G2,Dust2,8241,ESL Pro League Season 23 Stage 1
221579,1772722800000,4411,Ninjas in Pyjamas,10,5995,G2,13,G2,Anubis,8241,ESL Pro League Season 23 Stage 1
221561,1772713800000,7175,HEROIC,13,12467,PARIVISION,6,HEROIC,Dust2,8241,ESL Pro League Season 23 Stage 1
221553,1772713800000,12467,PARIVISION,5,7175,HEROIC,13,HEROIC,Inferno,8241,ESL Pro League Season 23 Stage 1
221510,1772650800000,5973,Liquid,16,12376,M80,13,Liquid,Mirage,8241,ESL Pro League Season 23 Stage 1
221499,1772650800000,12376,M80,13,5973,Liquid,10,M80,Inferno,8241,ESL Pro League Season 23 Stage 1
221484,1772650800000,12376,M80,3,5973,Liquid,13,Liquid,Anubis,8241,ESL Pro League Season 23 Stage 1
221491,1772645700000,4773,paiN,16,5995,G2,12,paiN,Mirage,8241,ESL Pro League Season 23 Stage 1
221477,1772645700000,5995,G2,14,4773,paiN,16,paiN,Inferno,8241,ESL Pro League Season 23 Stage 1
221467,1772643000000,12426,Passion UA,8,7175,HEROIC,13,HEROIC,Nuke,8241,ESL Pro League Season 23 Stage 1
221455,1772643000000,7175,HEROIC,13,12426,Passion UA,5,HEROIC,Overpass,8241,ESL Pro League Season 23 Stage 1
221444,1772627400000,12467,PARIVISION,7,11811,Monte,13,Monte,Inferno,8241,ESL Pro League Season 23 Stage 1
221416,1772627400000,11811,Monte,15,12467,PARIVISION,19,PARIVISION,Dust2,8241,ESL Pro League Season 23 Stage 1
221406,1772627400000,12467,PARIVISION,10,11811,Monte,13,Monte,Mirage,8241,ESL Pro League Season 23 Stage 1
221413,1772627400000,4914,3DMAX,5,6665,Astralis,13,Astralis,Overpass,8241,ESL Pro League Season 23 Stage 1
221402,1772627400000,6665,Astralis,13,4914,3DMAX,6,Astralis,Dust2,8241,ESL Pro League Season 23 Stage 1
221370,1772570700000,4411,Ninjas in Pyjamas,19,6673,NRG,16,Ninjas in Pyjamas,Anubis,8241,ESL Pro League Season 23 Stage 1
221363,1772570700000,6673,NRG,13,4411,Ninjas in Pyjamas,7,NRG,Ancient,8241,ESL Pro League Season 23 Stage 1
221360,1772570700000,4411,Ninjas in Pyjamas,13,6673,NRG,4,Ninjas in Pyjamas,Mirage,8241,ESL Pro League Season 23 Stage 1
221354,1772561100000,12376,M80,9,5995,G2,13,G2,Dust2,8241,ESL Pro League Season 23 Stage 1
221336,1772561100000,12376,M80,13,5995,G2,9,M80,Mirage,8241,ESL Pro League Season 23 Stage 1
221322,1772561100000,5995,G2,13,12376,M80,3,G2,Overpass,8241,ESL Pro League Season 23 Stage 1
221349,1772556900000,4773,paiN,13,12426,Passion UA,9,paiN,Mirage,8241,ESL Pro League Season 23 Stage 1
221333,1772556900000,4773,paiN,8,12426,Passion UA,13,Passion UA,Overpass,8241,ESL Pro League Season 23 Stage 1
221318,1772556900000,12426,Passion UA,7,4773,paiN,13,paiN,Inferno,8241,ESL Pro League Season 23 Stage 1
221292,1772542800000,12468,Legacy,13,12467,PARIVISION,10,Legacy,Dust2,8241,ESL Pro League Season 23 Stage 1
221281,1772542800000,12467,PARIVISION,11,12468,Legacy,13,Legacy,Inferno,8241,ESL Pro League Season 23 Stage 1
221266,1772533800000,11811,Monte,22,7175,HEROIC,20,Monte,Nuke,8241,ESL Pro League Season 23 Stage 1
221255,1772533800000,7175,HEROIC,13,11811,Monte,16,Monte,Dust2,8241,ESL Pro League Season 23 Stage 1
221263,1772533800000,6665,Astralis,11,13286,FUT,13,FUT,Mirage,8241,ESL Pro League Season 23 Stage 1
221262,1772533800000,13286,FUT,13,6665,Astralis,3,FUT,Overpass,8241,ESL Pro League Season 23 Stage 1
221236,1772481300000,12468,Legacy,13,5995,G2,8,Legacy,Dust2,8241,ESL Pro League Season 23 Stage 1
221228,1772481300000,5995,G2,14,12468,Legacy,16,Legacy,Inferno,8241,ESL Pro League Season 23 Stage 1
221213,1772469300000,13286,FUT,13,12426,Passion UA,11,FUT,Dust2,8241,ESL Pro League Season 23 Stage 1
221204,1772469300000,12426,Passion UA,13,13286,FUT,10,Passion UA,Mirage,8241,ESL Pro League Season 23 Stage 1
221196,1772469300000,13286,FUT,13,12426,Passion UA,7,FUT,Anubis,8241,ESL Pro League Season 23 Stage 1
221205,1772465400000,4411,Ninjas in Pyjamas,8,12376,M80,13,M80,Dust2,8241,ESL Pro League Season 23 Stage 1
221195,1772465400000,12376,M80,11,4411,Ninjas in Pyjamas,13,Ninjas in Pyjamas,Ancient,8241,ESL Pro League Season 23 Stage 1
221182,1772465400000,12376,M80,13,4411,Ninjas in Pyjamas,3,M80,Anubis,8241,ESL Pro League Season 23 Stage 1
221185,1772458500000,4773,paiN,11,12467,PARIVISION,13,PARIVISION,Dust2,8241,ESL Pro League Season 23 Stage 1
221166,1772458500000,12467,PARIVISION,19,4773,paiN,15,PARIVISION,Mirage,8241,ESL Pro League Season 23 Stage 1
221157,1772447400000,7175,HEROIC,10,6665,Astralis,13,Astralis,Overpass,8241,ESL Pro League Season 23 Stage 1
221149,1772447400000,6665,Astralis,16,7175,HEROIC,13,Astralis,Dust2,8241,ESL Pro League Season 23 Stage 1
221153,1772447400000,6673,NRG,10,11811,Monte,13,Monte,Anubis,8241,ESL Pro League Season 23 Stage 1
221146,1772447400000,6673,NRG,9,11811,Monte,13,Monte,Nuke,8241,ESL Pro League Season 23 Stage 1
221129,1772395200000,9455,Imperial,13,9215,MIBR,11,Imperial,Overpass,8985,PGL Bucharest 2026 South America Closed Qualifier
221120,1772395200000,9215,MIBR,16,9455,Imperial,19,Imperial,Nuke,8985,PGL Bucharest 2026 South America Closed Qualifier
221115,1772395200000,9215,MIBR,14,9455,Imperial,16,Imperial,Anubis,8985,PGL Bucharest 2026 South America Closed Qualifier
221105,1772395200000,9215,MIBR,13,9455,Imperial,7,MIBR,Mirage,8985,PGL Bucharest 2026 South America Closed Qualifier
221099,1772395200000,9455,Imperial,8,9215,MIBR,13,MIBR,Inferno,8985,PGL Bucharest 2026 South America Closed Qualifier
221104,1772394300000,12426,Passion UA,19,5973,Liquid,15,Passion UA,Nuke,8241,ESL Pro League Season 23 Stage 1
221097,1772394300000,5973,Liquid,8,12426,Passion UA,13,Passion UA,Dust2,8241,ESL Pro League Season 23 Stage 1
221111,1772391300000,4914,3DMAX,14,4773,paiN,16,paiN,Inferno,8241,ESL Pro League Season 23 Stage 1
221100,1772391300000,4773,paiN,7,4914,3DMAX,13,3DMAX,Dust2,8241,ESL Pro League Season 23 Stage 1
221089,1772391300000,4914,3DMAX,8,4773,paiN,13,paiN,Nuke,8241,ESL Pro League Season 23 Stage 1
221078,1772380200000,13286,FUT,13,12376,M80,5,FUT,Ancient,8241,ESL Pro League Season 23 Stage 1
221071,1772380200000,12376,M80,5,13286,FUT,13,FUT,Mirage,8241,ESL Pro League Season 23 Stage 1
221063,1772380200000,12376,M80,13,13286,FUT,10,M80,Anubis,8241,ESL Pro League Season 23 Stage 1
221087,1772379900000,12468,Legacy,13,4411,Ninjas in Pyjamas,9,Legacy,Overpass,8241,ESL Pro League Season 23 Stage 1
221077,1772379900000,12468,Legacy,11,4411,Ninjas in Pyjamas,13,Ninjas in Pyjamas,Nuke,8241,ESL Pro League Season 23 Stage 1
221064,1772379900000,4411,Ninjas in Pyjamas,13,12468,Legacy,16,Legacy,Ancient,8241,ESL Pro League Season 23 Stage 1
221049,1772370000000,6665,Astralis,13,11811,Monte,5,Astralis,Nuke,8241,ESL Pro League Season 23 Stage 1
221039,1772370000000,11811,Monte,3,6665,Astralis,13,Astralis,Ancient,8241,ESL Pro League Season 23 Stage 1
221033,1772370000000,6665,Astralis,4,11811,Monte,13,Monte,Dust2,8241,ESL Pro League Season 23 Stage 1
221027,1772361300000,6673,NRG,10,7175,HEROIC,13,HEROIC,Nuke,8241,ESL Pro League Season 23 Stage 1
221020,1772361300000,7175,HEROIC,13,6673,NRG,8,HEROIC,Inferno,8241,ESL Pro League Season 23 Stage 1
220838,1772211600000,12774,FlyQuest,11,7175,HEROIC,13,HEROIC,Nuke,8998,Digital Crusade DraculaN Season 5
220828,1772211600000,7175,HEROIC,13,12774,FlyQuest,9,HEROIC,Dust2,8998,Digital Crusade DraculaN Season 5
220408,1771945200000,13501,illwill,6,9928,GamerLegion,13,GamerLegion,Mirage,9004,Parken Challenger Championship Season 1
220399,1771945200000,9928,GamerLegion,13,13501,illwill,7,GamerLegion,Nuke,9004,Parken Challenger Championship Season 1
220318,1771862400000,13501,illwill,13,12878,BC.Game,9,illwill,Dust2,9004,Parken Challenger Championship Season 1
220311,1771862400000,12878,BC.Game,2,13501,illwill,13,illwill,Nuke,9004,Parken Challenger Championship Season 1
220294,1771848000000,13501,illwill,7,9928,GamerLegion,13,GamerLegion,Mirage,9004,Parken Challenger Championship Season 1
220284,1771848000000,13501,illwill,10,9928,GamerLegion,13,GamerLegion,Anubis,9004,Parken Challenger Championship Season 1
220234,1771785900000,13404,Gentle Mates,6,11581,HOTU,13,HOTU,Overpass,8999,Roman Imperium Cup V
220225,1771785900000,13404,Gentle Mates,13,11581,HOTU,0,Gentle Mates,Nuke,8999,Roman Imperium Cup V
220217,1771785900000,13404,Gentle Mates,9,11581,HOTU,13,HOTU,Mirage,8999,Roman Imperium Cup V
220199,1771779600000,13501,illwill,13,12878,BC.Game,7,illwill,Nuke,9004,Parken Challenger Championship Season 1
220212,1771776000000,12467,PARIVISION,13,9565,Vitality,16,Vitality,Inferno,8047,PGL Cluj-Napoca 2026
220201,1771776000000,9565,Vitality,13,12467,PARIVISION,4,Vitality,Dust2,8047,PGL Cluj-Napoca 2026
220188,1771776000000,12467,PARIVISION,10,9565,Vitality,13,Vitality,Overpass,8047,PGL Cluj-Napoca 2026
220145,1771761600000,6248,The MongolZ,10,4494,MOUZ,13,MOUZ,Inferno,8047,PGL Cluj-Napoca 2026
220129,1771761600000,4494,MOUZ,13,6248,The MongolZ,6,MOUZ,Mirage,8047,PGL Cluj-Napoca 2026
220157,1771758000000,13404,Gentle Mates,13,12394,BetBoom,10,Gentle Mates,Overpass,8999,Roman Imperium Cup V
220136,1771758000000,13404,Gentle Mates,13,12394,BetBoom,10,Gentle Mates,Mirage,8999,Roman Imperium Cup V
220126,1771758000000,12394,BetBoom,13,13404,Gentle Mates,10,BetBoom,Nuke,8999,Roman Imperium Cup V
220080,1771696800000,6248,The MongolZ,3,9565,Vitality,13,Vitality,Dust2,8047,PGL Cluj-Napoca 2026
220067,1771696800000,9565,Vitality,16,6248,The MongolZ,13,Vitality,Mirage,8047,PGL Cluj-Napoca 2026
220048,1771686000000,12467,PARIVISION,13,4494,MOUZ,10,PARIVISION,Inferno,8047,PGL Cluj-Napoca 2026
220038,1771686000000,4494,MOUZ,11,12467,PARIVISION,13,PARIVISION,Dust2,8047,PGL Cluj-Napoca 2026
220011,1771671600000,12426,Passion UA,11,13404,Gentle Mates,13,Gentle Mates,Nuke,8999,Roman Imperium Cup V
220004,1771671600000,13404,Gentle Mates,13,12426,Passion UA,10,Gentle Mates,Overpass,8999,Roman Imperium Cup V
219952,1771613400000,8297,FURIA,10,6248,The MongolZ,13,The MongolZ,Nuke,8047,PGL Cluj-Napoca 2026
219943,1771613400000,6248,The MongolZ,10,8297,FURIA,13,FURIA,Dust2,8047,PGL Cluj-Napoca 2026
219937,1771613400000,8297,FURIA,3,6248,The MongolZ,13,The MongolZ,Mirage,8047,PGL Cluj-Napoca 2026
219949,1771612200000,11811,Monte,13,4411,Ninjas in Pyjamas,7,Monte,Mirage,8999,Roman Imperium Cup V
219941,1771612200000,11811,Monte,13,4411,Ninjas in Pyjamas,6,Monte,Nuke,8999,Roman Imperium Cup V
219934,1771612200000,4411,Ninjas in Pyjamas,13,11811,Monte,4,Ninjas in Pyjamas,Dust2,8999,Roman Imperium Cup V
219926,1771602900000,11861,Aurora,10,9565,Vitality,13,Vitality,Overpass,8047,PGL Cluj-Napoca 2026
219919,1771602900000,9565,Vitality,13,11861,Aurora,8,Vitality,Inferno,8047,PGL Cluj-Napoca 2026
219902,1771589400000,4494,MOUZ,13,4608,Natus Vincere,6,MOUZ,Mirage,8047,PGL Cluj-Napoca 2026
219896,1771589400000,4608,Natus Vincere,4,4494,MOUZ,13,MOUZ,Inferno,8047,PGL Cluj-Napoca 2026
219887,1771589400000,4494,MOUZ,10,4608,Natus Vincere,13,Natus Vincere,Ancient,8047,PGL Cluj-Napoca 2026
219874,1771574400000,11283,Falcons,8,12467,PARIVISION,13,PARIVISION,Ancient,8047,PGL Cluj-Napoca 2026
219865,1771574400000,12467,PARIVISION,7,11283,Falcons,13,Falcons,Mirage,8047,PGL Cluj-Napoca 2026
219858,1771574400000,11283,Falcons,14,12467,PARIVISION,16,PARIVISION,Dust2,8047,PGL Cluj-Napoca 2026
219784,1771500600000,11737,EYEBALLERS,14,13404,Gentle Mates,16,Gentle Mates,Ancient,8999,Roman Imperium Cup V
219775,1771500600000,11737,EYEBALLERS,13,13404,Gentle Mates,16,Gentle Mates,Inferno,8999,Roman Imperium Cup V
219762,1771500600000,13404,Gentle Mates,5,11737,EYEBALLERS,13,EYEBALLERS,Mirage,8999,Roman Imperium Cup V
219688,1771430700000,5995,G2,9,4608,Natus Vincere,13,Natus Vincere,Ancient,8047,PGL Cluj-Napoca 2026
219672,1771430700000,4608,Natus Vincere,13,5995,G2,7,Natus Vincere,Dust2,8047,PGL Cluj-Napoca 2026
219661,1771416300000,13286,FUT,10,12467,PARIVISION,13,PARIVISION,Ancient,8047,PGL Cluj-Napoca 2026
219656,1771416300000,13286,FUT,13,12467,PARIVISION,10,FUT,Mirage,8047,PGL Cluj-Napoca 2026
219646,1771416300000,13286,FUT,17,12467,PARIVISION,19,PARIVISION,Dust2,8047,PGL Cluj-Napoca 2026
219640,1771408800000,6665,Astralis,11,11861,Aurora,13,Aurora,Dust2,8047,PGL Cluj-Napoca 2026
219633,1771408800000,11861,Aurora,13,6665,Astralis,7,Aurora,Overpass,8047,PGL Cluj-Napoca 2026
219559,1771341900000,8297,FURIA,13,12467,PARIVISION,8,FURIA,Mirage,8047,PGL Cluj-Napoca 2026
219541,1771341900000,12467,PARIVISION,16,8297,FURIA,14,PARIVISION,Inferno,8047,PGL Cluj-Napoca 2026
219528,1771341900000,12467,PARIVISION,14,8297,FURIA,16,FURIA,Dust2,8047,PGL Cluj-Napoca 2026
219519,1771338300000,7175,HEROIC,9,5995,G2,13,G2,Ancient,8047,PGL Cluj-Napoca 2026
219513,1771338300000,5995,G2,13,7175,HEROIC,6,G2,Mirage,8047,PGL Cluj-Napoca 2026
219512,1771331700000,4608,Natus Vincere,11,6248,The MongolZ,13,The MongolZ,Mirage,8047,PGL Cluj-Napoca 2026
219504,1771331700000,6248,The MongolZ,13,4608,Natus Vincere,7,The MongolZ,Nuke,8047,PGL Cluj-Napoca 2026
219495,1771331700000,4608,Natus Vincere,13,6248,The MongolZ,3,Natus Vincere,Inferno,8047,PGL Cluj-Napoca 2026
219503,1771329900000,11861,Aurora,16,11241,B8,13,Aurora,Mirage,8047,PGL Cluj-Napoca 2026
219493,1771329900000,11241,B8,10,11861,Aurora,13,Aurora,Overpass,8047,PGL Cluj-Napoca 2026
219487,1771322400000,13286,FUT,14,4494,MOUZ,16,MOUZ,Overpass,8047,PGL Cluj-Napoca 2026
219477,1771322400000,4494,MOUZ,13,13286,FUT,8,MOUZ,Mirage,8047,PGL Cluj-Napoca 2026
219486,1771322400000,6665,Astralis,13,6667,FaZe,9,Astralis,Mirage,8047,PGL Cluj-Napoca 2026
219476,1771322400000,6667,FaZe,5,6665,Astralis,13,Astralis,Ancient,8047,PGL Cluj-Napoca 2026
219446,1771261800000,11283,Falcons,13,8297,FURIA,11,Falcons,Anubis,8047,PGL Cluj-Napoca 2026
219433,1771261800000,11283,Falcons,13,8297,FURIA,4,Falcons,Inferno,8047,PGL Cluj-Napoca 2026
219421,1771261800000,8297,FURIA,16,11283,Falcons,14,FURIA,Mirage,8047,PGL Cluj-Napoca 2026
219422,1771258200000,4773,paiN,9,5995,G2,13,G2,Mirage,8047,PGL Cluj-Napoca 2026
219416,1771258200000,5995,G2,13,4773,paiN,10,G2,Inferno,8047,PGL Cluj-Napoca 2026
219411,1771254600000,9565,Vitality,13,4494,MOUZ,8,Vitality,Inferno,8047,PGL Cluj-Napoca 2026
219402,1771254600000,4494,MOUZ,5,9565,Vitality,13,Vitality,Dust2,8047,PGL Cluj-Napoca 2026
219406,1771247700000,7175,HEROIC,13,4914,3DMAX,10,HEROIC,Inferno,8047,PGL Cluj-Napoca 2026
219390,1771247700000,4914,3DMAX,5,7175,HEROIC,13,HEROIC,Nuke,8047,PGL Cluj-Napoca 2026
219391,1771242000000,6248,The MongolZ,19,11241,B8,17,The MongolZ,Nuke,8047,PGL Cluj-Napoca 2026
219385,1771242000000,11241,B8,13,6248,The MongolZ,7,B8,Mirage,8047,PGL Cluj-Napoca 2026
219379,1771242000000,6248,The MongolZ,13,11241,B8,9,The MongolZ,Ancient,8047,PGL Cluj-Napoca 2026
219383,1771239900000,6665,Astralis,4,13286,FUT,13,FUT,Mirage,8047,PGL Cluj-Napoca 2026
219378,1771239900000,13286,FUT,13,6665,Astralis,7,FUT,Overpass,8047,PGL Cluj-Napoca 2026
219376,1771228800000,4608,Natus Vincere,16,11861,Aurora,12,Natus Vincere,Inferno,8047,PGL Cluj-Napoca 2026
219373,1771228800000,12467,PARIVISION,13,6667,FaZe,9,PARIVISION,Inferno,8047,PGL Cluj-Napoca 2026
219372,1771228800000,11861,Aurora,13,4608,Natus Vincere,9,Aurora,Mirage,8047,PGL Cluj-Napoca 2026
219365,1771228800000,4608,Natus Vincere,13,11861,Aurora,9,Natus Vincere,Anubis,8047,PGL Cluj-Napoca 2026
219368,1771228800000,12467,PARIVISION,13,6667,FaZe,11,PARIVISION,Ancient,8047,PGL Cluj-Napoca 2026
219364,1771228800000,6667,FaZe,13,12467,PARIVISION,2,FaZe,Mirage,8047,PGL Cluj-Napoca 2026
219312,1771177200000,9565,Vitality,13,6248,The MongolZ,4,Vitality,Nuke,8047,PGL Cluj-Napoca 2026
219302,1771177200000,6248,The MongolZ,4,9565,Vitality,13,Vitality,Dust2,8047,PGL Cluj-Napoca 2026
219290,1771177200000,9565,Vitality,10,6248,The MongolZ,13,The MongolZ,Mirage,8047,PGL Cluj-Napoca 2026
219281,1771173000000,7175,HEROIC,4,11241,B8,13,B8,Ancient,8047,PGL Cluj-Napoca 2026
219273,1771173000000,11241,B8,13,7175,HEROIC,9,B8,Nuke,8047,PGL Cluj-Napoca 2026
219274,1771163700000,13286,FUT,9,8297,FURIA,13,FURIA,Anubis,8047,PGL Cluj-Napoca 2026
219256,1771163700000,13286,FUT,18,8297,FURIA,22,FURIA,Overpass,8047,PGL Cluj-Napoca 2026
219241,1771163700000,8297,FURIA,9,13286,FUT,13,FUT,Mirage,8047,PGL Cluj-Napoca 2026
219259,1771162200000,11861,Aurora,13,4773,paiN,4,Aurora,Dust2,8047,PGL Cluj-Napoca 2026
219246,1771162200000,11861,Aurora,13,4773,paiN,7,Aurora,Anubis,8047,PGL Cluj-Napoca 2026
219237,1771162200000,11861,Aurora,10,4773,paiN,13,paiN,Nuke,8047,PGL Cluj-Napoca 2026
219233,1771151700000,11283,Falcons,13,6667,FaZe,4,Falcons,Ancient,8047,PGL Cluj-Napoca 2026
219227,1771151700000,6667,FaZe,13,11283,Falcons,11,FaZe,Dust2,8047,PGL Cluj-Napoca 2026
219220,1771151700000,6667,FaZe,9,11283,Falcons,13,Falcons,Anubis,8047,PGL Cluj-Napoca 2026
219230,1771151100000,5995,G2,4,12467,PARIVISION,13,PARIVISION,Dust2,8047,PGL Cluj-Napoca 2026
219225,1771151100000,12467,PARIVISION,13,5995,G2,8,PARIVISION,Inferno,8047,PGL Cluj-Napoca 2026
219219,1771151100000,5995,G2,13,12467,PARIVISION,8,G2,Mirage,8047,PGL Cluj-Napoca 2026
219210,1771143300000,6665,Astralis,13,4914,3DMAX,11,Astralis,Nuke,8047,PGL Cluj-Napoca 2026
219204,1771143300000,4914,3DMAX,2,6665,Astralis,13,Astralis,Overpass,8047,PGL Cluj-Napoca 2026
219212,1771142400000,4494,MOUZ,13,4608,Natus Vincere,7,MOUZ,Mirage,8047,PGL Cluj-Napoca 2026
219205,1771142400000,4608,Natus Vincere,9,4494,MOUZ,13,MOUZ,Inferno,8047,PGL Cluj-Napoca 2026
219191,1771093800000,11241,B8,10,8297,FURIA,13,FURIA,Inferno,8047,PGL Cluj-Napoca 2026
219173,1771093800000,8297,FURIA,13,11241,B8,11,FURIA,Mirage,8047,PGL Cluj-Napoca 2026
219192,1771092000000,13404,Gentle Mates,13,11581,HOTU,10,Gentle Mates,Overpass,8975,IstanbuLAN 2026
219181,1771092000000,11581,HOTU,2,13404,Gentle Mates,13,Gentle Mates,Nuke,8975,IstanbuLAN 2026
219171,1771092000000,11581,HOTU,13,13404,Gentle Mates,3,HOTU,Anubis,8975,IstanbuLAN 2026
219175,1771088100000,6248,The MongolZ,13,4773,paiN,2,The MongolZ,Dust2,8047,PGL Cluj-Napoca 2026
219167,1771088100000,4773,paiN,1,6248,The MongolZ,13,The MongolZ,Mirage,8047,PGL Cluj-Napoca 2026
219157,1771088100000,6248,The MongolZ,7,4773,paiN,13,paiN,Nuke,8047,PGL Cluj-Napoca 2026
219161,1771080000000,5995,G2,8,9565,Vitality,13,Vitality,Anubis,8047,PGL Cluj-Napoca 2026
219151,1771080000000,5995,G2,13,9565,Vitality,8,G2,Inferno,8047,PGL Cluj-Napoca 2026
219128,1771080000000,9565,Vitality,13,5995,G2,11,Vitality,Mirage,8047,PGL Cluj-Napoca 2026
219144,1771079700000,4914,3DMAX,10,11283,Falcons,13,Falcons,Dust2,8047,PGL Cluj-Napoca 2026
219122,1771079700000,11283,Falcons,13,4914,3DMAX,7,Falcons,Nuke,8047,PGL Cluj-Napoca 2026
219143,1771076400000,13501,illwill,11,11811,Monte,13,Monte,Mirage,8979,Copenhagen Gaming Week Showdown 2026
219126,1771076400000,11811,Monte,10,13501,illwill,13,illwill,Nuke,8979,Copenhagen Gaming Week Showdown 2026
219105,1771076400000,13501,illwill,9,11811,Monte,13,Monte,Dust2,8979,Copenhagen Gaming Week Showdown 2026
219101,1771069500000,7175,HEROIC,9,6667,FaZe,13,FaZe,Ancient,8047,PGL Cluj-Napoca 2026
219082,1771069500000,6667,FaZe,13,7175,HEROIC,5,FaZe,Overpass,8047,PGL Cluj-Napoca 2026
219104,1771065000000,4494,MOUZ,13,12467,PARIVISION,3,MOUZ,Overpass,8047,PGL Cluj-Napoca 2026
219093,1771065000000,4494,MOUZ,13,12467,PARIVISION,7,MOUZ,Inferno,8047,PGL Cluj-Napoca 2026
219080,1771065000000,4494,MOUZ,7,12467,PARIVISION,13,PARIVISION,Dust2,8047,PGL Cluj-Napoca 2026
219073,1771057800000,11861,Aurora,6,13286,FUT,13,FUT,Overpass,8047,PGL Cluj-Napoca 2026
219062,1771057800000,11861,Aurora,16,13286,FUT,13,Aurora,Anubis,8047,PGL Cluj-Napoca 2026
219060,1771057800000,6665,Astralis,6,4608,Natus Vincere,13,Natus Vincere,Mirage,8047,PGL Cluj-Napoca 2026
219050,1771057800000,4608,Natus Vincere,13,6665,Astralis,10,Natus Vincere,Nuke,8047,PGL Cluj-Napoca 2026
219049,1771057800000,11861,Aurora,6,13286,FUT,13,FUT,Mirage,8047,PGL Cluj-Napoca 2026
218981,1770980400000,13501,illwill,8,11811,Monte,13,Monte,Dust2,8979,Copenhagen Gaming Week Showdown 2026
218977,1770980400000,11811,Monte,13,13501,illwill,10,Monte,Mirage,8979,Copenhagen Gaming Week Showdown 2026
218574,1770570000000,12426,Passion UA,7,6673,NRG,13,NRG,Mirage,8953,Ace NA Masters 2026 Season 1 - BLAST Premier Rising Event
218560,1770570000000,6673,NRG,13,12426,Passion UA,3,NRG,Nuke,8953,Ace NA Masters 2026 Season 1 - BLAST Premier Rising Event
218584,1770566400000,8297,FURIA,10,9565,Vitality,13,Vitality,Overpass,8240,IEM Kraków 2026
218576,1770566400000,9565,Vitality,13,8297,FURIA,2,Vitality,Nuke,8240,IEM Kraków 2026
218565,1770566400000,8297,FURIA,8,9565,Vitality,13,Vitality,Inferno,8240,IEM Kraków 2026
218557,1770566400000,9565,Vitality,11,8297,FURIA,13,FURIA,Mirage,8240,IEM Kraków 2026
218554,1770555600000,9928,GamerLegion,10,4411,Ninjas in Pyjamas,13,Ninjas in Pyjamas,Ancient,8968,RES Showdown 3: BLAST Premier Rising Event
218550,1770555600000,4411,Ninjas in Pyjamas,12,9928,GamerLegion,16,GamerLegion,Mirage,8968,RES Showdown 3: BLAST Premier Rising Event
218545,1770555600000,9928,GamerLegion,10,4411,Ninjas in Pyjamas,13,Ninjas in Pyjamas,Nuke,8968,RES Showdown 3: BLAST Premier Rising Event
218546,1770553800000,7020,Spirit,13,4494,MOUZ,3,Spirit,Mirage,8240,IEM Kraków 2026
218542,1770553800000,4494,MOUZ,8,7020,Spirit,13,Spirit,Dust2,8240,IEM Kraków 2026
218547,1770552000000,8840,Lynn Vision,10,4863,TYLOO,13,TYLOO,Overpass,8949,Yuqilin Pinnacle of Battle Season 2 - BLAST Premier Rising Event
218540,1770552000000,4863,TYLOO,16,8840,Lynn Vision,12,TYLOO,Nuke,8949,Yuqilin Pinnacle of Battle Season 2 - BLAST Premier Rising Event
218527,1770498900000,12426,Passion UA,13,12376,M80,5,Passion UA,Inferno,8953,Ace NA Masters 2026 Season 1 - BLAST Premier Rising Event
218524,1770498900000,12426,Passion UA,11,12376,M80,13,M80,Mirage,8953,Ace NA Masters 2026 Season 1 - BLAST Premier Rising Event
218522,1770498900000,12376,M80,11,12426,Passion UA,13,Passion UA,Overpass,8953,Ace NA Masters 2026 Season 1 - BLAST Premier Rising Event
218517,1770491400000,4494,MOUZ,6,9565,Vitality,13,Vitality,Dust2,8240,IEM Kraków 2026
218513,1770491400000,9565,Vitality,13,4494,MOUZ,7,Vitality,Nuke,8240,IEM Kraków 2026
218504,1770475500000,7020,Spirit,7,8297,FURIA,13,FURIA,Nuke,8240,IEM Kraków 2026
218499,1770475500000,7020,Spirit,13,8297,FURIA,8,Spirit,Dust2,8240,IEM Kraków 2026
218494,1770475500000,7020,Spirit,13,8297,FURIA,16,FURIA,Mirage,8240,IEM Kraków 2026
218491,1770469200000,12878,BC.Game,10,9928,GamerLegion,13,GamerLegion,Inferno,8968,RES Showdown 3: BLAST Premier Rising Event
218486,1770469200000,9928,GamerLegion,13,12878,BC.Game,7,GamerLegion,Nuke,8968,RES Showdown 3: BLAST Premier Rising Event
218425,1770400800000,4494,MOUZ,13,5995,G2,7,MOUZ,Dust2,8240,IEM Kraków 2026
218417,1770400800000,5995,G2,13,4494,MOUZ,16,MOUZ,Overpass,8240,IEM Kraków 2026
218419,1770395700000,13404,Gentle Mates,11,4411,Ninjas in Pyjamas,13,Ninjas in Pyjamas,Nuke,8968,RES Showdown 3: BLAST Premier Rising Event
218411,1770395700000,4411,Ninjas in Pyjamas,9,13404,Gentle Mates,13,Gentle Mates,Anubis,8968,RES Showdown 3: BLAST Premier Rising Event
218403,1770395700000,4411,Ninjas in Pyjamas,13,13404,Gentle Mates,6,Ninjas in Pyjamas,Ancient,8968,RES Showdown 3: BLAST Premier Rising Event
218399,1770389100000,11861,Aurora,4,8297,FURIA,13,FURIA,Mirage,8240,IEM Kraków 2026
218394,1770389100000,11861,Aurora,7,8297,FURIA,13,FURIA,Dust2,8240,IEM Kraków 2026
218238,1770145800000,4494,MOUZ,19,11283,Falcons,17,MOUZ,Dust2,8240,IEM Kraków 2026
218225,1770145800000,11283,Falcons,14,4494,MOUZ,16,MOUZ,Inferno,8240,IEM Kraków 2026
218236,1770144000000,11861,Aurora,7,9565,Vitality,13,Vitality,Overpass,8240,IEM Kraków 2026
218218,1770144000000,9565,Vitality,25,11861,Aurora,22,Vitality,Ancient,8240,IEM Kraków 2026
218212,1770132600000,7020,Spirit,16,5995,G2,13,Spirit,Dust2,8240,IEM Kraków 2026
218204,1770132600000,5995,G2,13,7020,Spirit,8,G2,Overpass,8240,IEM Kraków 2026
218198,1770132600000,7020,Spirit,13,5995,G2,8,Spirit,Anubis,8240,IEM Kraków 2026
218211,1770132600000,8297,FURIA,13,6665,Astralis,9,FURIA,Nuke,8240,IEM Kraków 2026
218203,1770132600000,6665,Astralis,11,8297,FURIA,13,FURIA,Mirage,8240,IEM Kraków 2026
218196,1770132600000,8297,FURIA,8,6665,Astralis,13,Astralis,Overpass,8240,IEM Kraków 2026
218189,1770123600000,6667,FaZe,6,4494,MOUZ,13,MOUZ,Inferno,8240,IEM Kraków 2026
218179,1770123600000,4494,MOUZ,13,6667,FaZe,5,MOUZ,Mirage,8240,IEM Kraków 2026
218188,1770123600000,4914,3DMAX,9,11283,Falcons,13,Falcons,Dust2,8240,IEM Kraków 2026
218180,1770123600000,4914,3DMAX,5,11283,Falcons,13,Falcons,Anubis,8240,IEM Kraków 2026
218144,1770057000000,13286,FUT,2,6665,Astralis,13,Astralis,Nuke,8240,IEM Kraków 2026
218139,1770057000000,13286,FUT,11,6665,Astralis,13,Astralis,Overpass,8240,IEM Kraków 2026
218134,1770057000000,6665,Astralis,7,13286,FUT,13,FUT,Mirage,8240,IEM Kraków 2026
218145,1770056100000,4608,Natus Vincere,6,8297,FURIA,13,FURIA,Dust2,8240,IEM Kraków 2026
218138,1770056100000,4608,Natus Vincere,13,8297,FURIA,9,Natus Vincere,Inferno,8240,IEM Kraków 2026
218133,1770056100000,8297,FURIA,13,4608,Natus Vincere,7,FURIA,Mirage,8240,IEM Kraków 2026
218127,1770046200000,6673,NRG,9,11283,Falcons,13,Falcons,Dust2,8240,IEM Kraków 2026
218121,1770046200000,6673,NRG,13,11283,Falcons,11,NRG,Ancient,8240,IEM Kraków 2026
218113,1770046200000,11283,Falcons,13,6673,NRG,5,Falcons,Inferno,8240,IEM Kraków 2026
218126,1770046200000,6667,FaZe,13,12878,BC.Game,3,FaZe,Ancient,8240,IEM Kraków 2026
218122,1770046200000,12878,BC.Game,13,6667,FaZe,6,BC.Game,Nuke,8240,IEM Kraków 2026
218115,1770046200000,6667,FaZe,13,12878,BC.Game,8,FaZe,Dust2,8240,IEM Kraków 2026
218108,1770037200000,11861,Aurora,13,4494,MOUZ,9,Aurora,Inferno,8240,IEM Kraków 2026
218100,1770037200000,4494,MOUZ,7,11861,Aurora,13,Aurora,Dust2,8240,IEM Kraków 2026
218106,1770037200000,4914,3DMAX,6,9565,Vitality,13,Vitality,Dust2,8240,IEM Kraków 2026
218099,1770037200000,9565,Vitality,13,4914,3DMAX,6,Vitality,Inferno,8240,IEM Kraków 2026
218073,1769974200000,4608,Natus Vincere,3,7020,Spirit,13,Spirit,Dust2,8240,IEM Kraków 2026
218063,1769974200000,7020,Spirit,16,4608,Natus Vincere,14,Spirit,Mirage,8240,IEM Kraków 2026
218074,1769971800000,6665,Astralis,13,12467,PARIVISION,7,Astralis,Ancient,8240,IEM Kraków 2026
218065,1769971800000,6665,Astralis,13,12467,PARIVISION,16,PARIVISION,Dust2,8240,IEM Kraków 2026
218059,1769971800000,6665,Astralis,13,12467,PARIVISION,11,Astralis,Overpass,8240,IEM Kraków 2026
218056,1769962500000,8297,FURIA,13,6248,The MongolZ,2,FURIA,Nuke,8240,IEM Kraków 2026
218051,1769962500000,6248,The MongolZ,12,8297,FURIA,16,FURIA,Inferno,8240,IEM Kraków 2026
218042,1769962500000,8297,FURIA,11,6248,The MongolZ,13,The MongolZ,Mirage,8240,IEM Kraków 2026
218053,1769959800000,13286,FUT,9,5995,G2,13,G2,Ancient,8240,IEM Kraków 2026
218045,1769959800000,13286,FUT,9,5995,G2,13,G2,Dust2,8240,IEM Kraków 2026
218038,1769959800000,5995,G2,9,13286,FUT,13,FUT,Mirage,8240,IEM Kraków 2026
218035,1769950800000,11283,Falcons,8,11861,Aurora,13,Aurora,Inferno,8240,IEM Kraków 2026
218030,1769950800000,11861,Aurora,10,11283,Falcons,13,Falcons,Mirage,8240,IEM Kraków 2026
218020,1769950800000,11861,Aurora,13,11283,Falcons,7,Aurora,Anubis,8240,IEM Kraków 2026
218029,1769950800000,6673,NRG,9,4494,MOUZ,13,MOUZ,Ancient,8240,IEM Kraków 2026
218022,1769950800000,4494,MOUZ,13,6673,NRG,9,MOUZ,Dust2,8240,IEM Kraków 2026
217962,1769886900000,12878,BC.Game,5,9565,Vitality,13,Vitality,Overpass,8240,IEM Kraków 2026
217958,1769886900000,9565,Vitality,13,12878,BC.Game,8,Vitality,Dust2,8240,IEM Kraków 2026
217959,1769882400000,4914,3DMAX,13,6667,FaZe,2,3DMAX,Nuke,8240,IEM Kraków 2026
217953,1769882400000,6667,FaZe,7,4914,3DMAX,13,3DMAX,Inferno,8240,IEM Kraków 2026
217949,1769877900000,7020,Spirit,13,6665,Astralis,8,Spirit,Overpass,8240,IEM Kraków 2026
217940,1769877900000,6665,Astralis,13,7020,Spirit,16,Spirit,Dust2,8240,IEM Kraków 2026
217936,1769873400000,13286,FUT,13,8297,FURIA,6,FUT,Dust2,8240,IEM Kraków 2026
217927,1769873400000,13286,FUT,13,8297,FURIA,11,FUT,Mirage,8240,IEM Kraków 2026
217931,1769864400000,4608,Natus Vincere,13,12467,PARIVISION,5,Natus Vincere,Ancient,8240,IEM Kraków 2026
217914,1769864400000,4608,Natus Vincere,16,12467,PARIVISION,19,PARIVISION,Anubis,8240,IEM Kraków 2026
217907,1769864400000,4608,Natus Vincere,13,12467,PARIVISION,11,Natus Vincere,Dust2,8240,IEM Kraków 2026
217911,1769864400000,5995,G2,13,6248,The MongolZ,11,G2,Ancient,8240,IEM Kraków 2026
217905,1769864400000,6248,The MongolZ,2,5995,G2,13,G2,Dust2,8240,IEM Kraków 2026
217858,1769796900000,13286,FUT,13,5973,Liquid,9,FUT,Nuke,8575,IEM Kraków 2026 Stage 1
217852,1769796900000,5973,Liquid,4,13286,FUT,13,FUT,Ancient,8575,IEM Kraków 2026 Stage 1
217857,1769796000000,9928,GamerLegion,2,6665,Astralis,13,Astralis,Overpass,8575,IEM Kraków 2026 Stage 1
217853,1769796000000,6665,Astralis,13,9928,GamerLegion,5,Astralis,Inferno,8575,IEM Kraków 2026 Stage 1
217848,1769789400000,4773,paiN,6,11861,Aurora,13,Aurora,Overpass,8575,IEM Kraków 2026 Stage 1
217841,1769789400000,11861,Aurora,13,4773,paiN,7,Aurora,Mirage,8575,IEM Kraków 2026 Stage 1
217844,1769787000000,12878,BC.Game,13,4411,Ninjas in Pyjamas,9,BC.Game,Nuke,8575,IEM Kraków 2026 Stage 1
217838,1769787000000,4411,Ninjas in Pyjamas,7,12878,BC.Game,13,BC.Game,Dust2,8575,IEM Kraków 2026 Stage 1
217835,1769778000000,6673,NRG,13,6665,Astralis,7,NRG,Inferno,8575,IEM Kraków 2026 Stage 1
217831,1769778000000,6673,NRG,5,6665,Astralis,13,Astralis,Overpass,8575,IEM Kraków 2026 Stage 1
217824,1769778000000,6665,Astralis,14,6673,NRG,16,NRG,Mirage,8575,IEM Kraków 2026 Stage 1
217830,1769778000000,9928,GamerLegion,13,7175,HEROIC,8,GamerLegion,Mirage,8575,IEM Kraków 2026 Stage 1
217823,1769778000000,7175,HEROIC,7,9928,GamerLegion,13,GamerLegion,Overpass,8575,IEM Kraków 2026 Stage 1
217788,1769711100000,12468,Legacy,10,13286,FUT,13,FUT,Ancient,8575,IEM Kraków 2026 Stage 1
217783,1769711100000,13286,FUT,13,12468,Legacy,7,FUT,Dust2,8575,IEM Kraków 2026 Stage 1
217793,1769709600000,5973,Liquid,14,5995,G2,16,G2,Anubis,8575,IEM Kraków 2026 Stage 1
217787,1769709600000,5973,Liquid,13,5995,G2,6,Liquid,Inferno,8575,IEM Kraków 2026 Stage 1
217782,1769709600000,5995,G2,13,5973,Liquid,8,G2,Mirage,8575,IEM Kraków 2026 Stage 1
217771,1769701500000,4914,3DMAX,13,12878,BC.Game,4,3DMAX,Anubis,8575,IEM Kraków 2026 Stage 1
217767,1769701500000,4914,3DMAX,13,12878,BC.Game,3,3DMAX,Overpass,8575,IEM Kraków 2026 Stage 1
217777,1769700600000,4411,Ninjas in Pyjamas,13,12426,Passion UA,10,Ninjas in Pyjamas,Anubis,8575,IEM Kraków 2026 Stage 1
217770,1769700600000,12426,Passion UA,5,4411,Ninjas in Pyjamas,13,Ninjas in Pyjamas,Nuke,8575,IEM Kraków 2026 Stage 1
217766,1769700600000,4411,Ninjas in Pyjamas,8,12426,Passion UA,13,Passion UA,Overpass,8575,IEM Kraków 2026 Stage 1
217761,1769691600000,11861,Aurora,4,12467,PARIVISION,13,PARIVISION,Dust2,8575,IEM Kraków 2026 Stage 1
217755,1769691600000,11861,Aurora,13,12467,PARIVISION,5,Aurora,Anubis,8575,IEM Kraków 2026 Stage 1
217748,1769691600000,11861,Aurora,5,12467,PARIVISION,13,PARIVISION,Mirage,8575,IEM Kraków 2026 Stage 1
217758,1769691600000,4773,paiN,13,11241,B8,10,paiN,Mirage,8575,IEM Kraków 2026 Stage 1
217750,1769691600000,11241,B8,12,4773,paiN,16,paiN,Dust2,8575,IEM Kraków 2026 Stage 1
217733,1769628300000,12426,Passion UA,3,5995,G2,13,G2,Mirage,8575,IEM Kraków 2026 Stage 1
217730,1769628300000,12426,Passion UA,6,5995,G2,13,G2,Dust2,8575,IEM Kraków 2026 Stage 1
217727,1769628300000,5995,G2,8,12426,Passion UA,13,Passion UA,Overpass,8575,IEM Kraków 2026 Stage 1
217725,1769621400000,4411,Ninjas in Pyjamas,8,5973,Liquid,13,Liquid,Mirage,8575,IEM Kraków 2026 Stage 1
217720,1769621400000,5973,Liquid,13,4411,Ninjas in Pyjamas,6,Liquid,Nuke,8575,IEM Kraków 2026 Stage 1
217724,1769615700000,4914,3DMAX,13,13286,FUT,5,3DMAX,Dust2,8575,IEM Kraków 2026 Stage 1
217715,1769615700000,4914,3DMAX,16,13286,FUT,13,3DMAX,Anubis,8575,IEM Kraków 2026 Stage 1
217706,1769615700000,4914,3DMAX,13,13286,FUT,16,FUT,Ancient,8575,IEM Kraków 2026 Stage 1
217722,1769613000000,12394,BetBoom,13,11581,HOTU,10,BetBoom,Mirage,8947,MySkill Pro League Series 1
217711,1769613000000,12394,BetBoom,13,11581,HOTU,7,BetBoom,Dust2,8947,MySkill Pro League Series 1
217703,1769613000000,11581,HOTU,16,12394,BetBoom,12,HOTU,Anubis,8947,MySkill Pro League Series 1
217708,1769612400000,12878,BC.Game,13,12468,Legacy,1,BC.Game,Inferno,8575,IEM Kraków 2026 Stage 1
217699,1769612400000,12468,Legacy,13,12878,BC.Game,16,BC.Game,Overpass,8575,IEM Kraków 2026 Stage 1
217697,1769605500000,11241,B8,11,6673,NRG,13,NRG,Inferno,8575,IEM Kraków 2026 Stage 1
217691,1769605500000,6673,NRG,13,11241,B8,2,NRG,Mirage,8575,IEM Kraków 2026 Stage 1
217686,1769605500000,11241,B8,13,6673,NRG,4,B8,Dust2,8575,IEM Kraków 2026 Stage 1
217690,1769603400000,4773,paiN,7,6665,Astralis,13,Astralis,Overpass,8575,IEM Kraków 2026 Stage 1
217684,1769603400000,6665,Astralis,13,4773,paiN,10,Astralis,Dust2,8575,IEM Kraków 2026 Stage 1
217679,1769594400000,7175,HEROIC,6,12467,PARIVISION,13,PARIVISION,Ancient,8575,IEM Kraków 2026 Stage 1
217673,1769594400000,7175,HEROIC,13,12467,PARIVISION,6,HEROIC,Dust2,8575,IEM Kraków 2026 Stage 1
217664,1769594400000,7175,HEROIC,6,12467,PARIVISION,13,PARIVISION,Inferno,8575,IEM Kraków 2026 Stage 1
217672,1769594400000,9928,GamerLegion,7,11861,Aurora,13,Aurora,Dust2,8575,IEM Kraków 2026 Stage 1
217663,1769594400000,11861,Aurora,13,9928,GamerLegion,5,Aurora,Nuke,8575,IEM Kraków 2026 Stage 1
217671,1769587200000,12394,BetBoom,13,11581,HOTU,11,BetBoom,Nuke,8947,MySkill Pro League Series 1
217669,1769587200000,11581,HOTU,10,12394,BetBoom,13,BetBoom,Mirage,8947,MySkill Pro League Series 1
217657,1769587200000,11581,HOTU,13,12394,BetBoom,7,HOTU,Anubis,8947,MySkill Pro League Series 1
217527,1769353200000,11283,Falcons,11,12467,PARIVISION,13,PARIVISION,Inferno,8246,BLAST Bounty 2026 Season 1 Finals
217521,1769353200000,11283,Falcons,11,12467,PARIVISION,13,PARIVISION,Dust2,8246,BLAST Bounty 2026 Season 1 Finals
217514,1769353200000,12467,PARIVISION,13,11283,Falcons,9,PARIVISION,Mirage,8246,BLAST Bounty 2026 Season 1 Finals
217449,1769279400000,8297,FURIA,11,12467,PARIVISION,13,PARIVISION,Inferno,8246,BLAST Bounty 2026 Season 1 Finals
217439,1769279400000,8297,FURIA,8,12467,PARIVISION,13,PARIVISION,Mirage,8246,BLAST Bounty 2026 Season 1 Finals
217431,1769266800000,11283,Falcons,13,9565,Vitality,6,Falcons,Mirage,8246,BLAST Bounty 2026 Season 1 Finals
217425,1769266800000,11283,Falcons,4,9565,Vitality,13,Vitality,Anubis,8246,BLAST Bounty 2026 Season 1 Finals
217414,1769266800000,11283,Falcons,13,9565,Vitality,10,Falcons,Inferno,8246,BLAST Bounty 2026 Season 1 Finals
217364,1769198700000,12394,BetBoom,13,13404,Gentle Mates,16,Gentle Mates,Overpass,8899,IEM Rio 2026 Closed Qualifier
217358,1769198700000,13404,Gentle Mates,6,12394,BetBoom,13,BetBoom,Mirage,8899,IEM Rio 2026 Closed Qualifier
217353,1769198700000,12394,BetBoom,5,13404,Gentle Mates,13,Gentle Mates,Nuke,8899,IEM Rio 2026 Closed Qualifier
217351,1769190600000,7020,Spirit,8,12467,PARIVISION,13,PARIVISION,Ancient,8246,BLAST Bounty 2026 Season 1 Finals
217340,1769190600000,7020,Spirit,9,12467,PARIVISION,13,PARIVISION,Mirage,8246,BLAST Bounty 2026 Season 1 Finals
217329,1769190600000,7020,Spirit,13,12467,PARIVISION,5,Spirit,Overpass,8246,BLAST Bounty 2026 Season 1 Finals
217326,1769184000000,12394,BetBoom,9,11581,HOTU,13,HOTU,Dust2,8899,IEM Rio 2026 Closed Qualifier
217316,1769184000000,12394,BetBoom,11,11581,HOTU,13,HOTU,Overpass,8899,IEM Rio 2026 Closed Qualifier
217317,1769180400000,9928,GamerLegion,11,9565,Vitality,13,Vitality,Dust2,8246,BLAST Bounty 2026 Season 1 Finals
217307,1769180400000,9565,Vitality,13,9928,GamerLegion,9,Vitality,Inferno,8246,BLAST Bounty 2026 Season 1 Finals
217235,1769105100000,7175,HEROIC,9,8297,FURIA,13,FURIA,Nuke,8246,BLAST Bounty 2026 Season 1 Finals
217229,1769105100000,7175,HEROIC,2,8297,FURIA,13,FURIA,Dust2,8246,BLAST Bounty 2026 Season 1 Finals
217220,1769105100000,8297,FURIA,3,7175,HEROIC,13,HEROIC,Mirage,8246,BLAST Bounty 2026 Season 1 Finals
217210,1769094000000,5973,Liquid,8,11283,Falcons,13,Falcons,Dust2,8246,BLAST Bounty 2026 Season 1 Finals
217200,1769094000000,11283,Falcons,16,5973,Liquid,14,Falcons,Nuke,8246,BLAST Bounty 2026 Season 1 Finals
217195,1769086800000,11737,EYEBALLERS,13,13286,FUT,5,EYEBALLERS,Dust2,8899,IEM Rio 2026 Closed Qualifier
217184,1769086800000,11737,EYEBALLERS,13,13286,FUT,10,EYEBALLERS,Anubis,8899,IEM Rio 2026 Closed Qualifier
217109,1769024400000,11581,HOTU,13,13404,Gentle Mates,11,HOTU,Ancient,8899,IEM Rio 2026 Closed Qualifier
217099,1769024400000,11581,HOTU,16,13404,Gentle Mates,12,HOTU,Anubis,8899,IEM Rio 2026 Closed Qualifier
216889,1768759500000,13286,FUT,11,8297,FURIA,13,FURIA,Dust2,8876,BLAST Bounty 2026 Season 1
216884,1768759500000,13286,FUT,13,8297,FURIA,5,FUT,Overpass,8876,BLAST Bounty 2026 Season 1
216879,1768759500000,13286,FUT,10,8297,FURIA,13,FURIA,Anubis,8876,BLAST Bounty 2026 Season 1
216873,1768750500000,11737,EYEBALLERS,8,9565,Vitality,13,Vitality,Overpass,8876,BLAST Bounty 2026 Season 1
216862,1768750500000,11737,EYEBALLERS,16,9565,Vitality,19,Vitality,Anubis,8876,BLAST Bounty 2026 Season 1
216835,1768734000000,6665,Astralis,8,12467,PARIVISION,13,PARIVISION,Ancient,8876,BLAST Bounty 2026 Season 1
216832,1768734000000,6665,Astralis,1,12467,PARIVISION,13,PARIVISION,Dust2,8876,BLAST Bounty 2026 Season 1
216815,1768698000000,12468,Legacy,7,9215,MIBR,13,MIBR,Nuke,8931,BetBoom RUSH B Summit Season 1
216814,1768698000000,9215,MIBR,9,12468,Legacy,13,Legacy,Inferno,8931,BetBoom RUSH B Summit Season 1
216810,1768698000000,12468,Legacy,20,9215,MIBR,22,MIBR,Ancient,8931,BetBoom RUSH B Summit Season 1
216787,1768678800000,11811,Monte,7,11283,Falcons,13,Falcons,Mirage,8876,BLAST Bounty 2026 Season 1
216783,1768678800000,11283,Falcons,13,11811,Monte,10,Falcons,Nuke,8876,BLAST Bounty 2026 Season 1
216786,1768676400000,9215,MIBR,13,9455,Imperial,10,MIBR,Nuke,8931,BetBoom RUSH B Summit Season 1
216777,1768676400000,9455,Imperial,10,9215,MIBR,13,MIBR,Inferno,8931,BetBoom RUSH B Summit Season 1
216771,1768666200000,11861,Aurora,5,9928,GamerLegion,13,GamerLegion,Mirage,8876,BLAST Bounty 2026 Season 1
216760,1768666200000,9928,GamerLegion,10,11861,Aurora,13,Aurora,Dust2,8876,BLAST Bounty 2026 Season 1
216742,1768666200000,11861,Aurora,13,9928,GamerLegion,16,GamerLegion,Inferno,8876,BLAST Bounty 2026 Season 1
216734,1768655400000,5973,Liquid,13,13404,Gentle Mates,3,Liquid,Nuke,8876,BLAST Bounty 2026 Season 1
216730,1768655400000,13404,Gentle Mates,9,5973,Liquid,13,Liquid,Mirage,8876,BLAST Bounty 2026 Season 1
216724,1768655400000,5973,Liquid,7,13404,Gentle Mates,13,Gentle Mates,Inferno,8876,BLAST Bounty 2026 Season 1
216712,1768647600000,4773,paiN,14,7175,HEROIC,16,HEROIC,Mirage,8876,BLAST Bounty 2026 Season 1
216704,1768647600000,7175,HEROIC,13,4773,paiN,6,HEROIC,Nuke,8876,BLAST Bounty 2026 Season 1
216626,1768575600000,12394,BetBoom,4,4773,paiN,13,paiN,Nuke,8876,BLAST Bounty 2026 Season 1
216617,1768575600000,4773,paiN,13,12394,BetBoom,8,paiN,Mirage,8876,BLAST Bounty 2026 Season 1
216565,1768529400000,9215,MIBR,11,12468,Legacy,13,Legacy,Inferno,8931,BetBoom RUSH B Summit Season 1
216564,1768529400000,12468,Legacy,13,9215,MIBR,1,Legacy,Mirage,8931,BetBoom RUSH B Summit Season 1
216535,1768493100000,4411,Ninjas in Pyjamas,13,5973,Liquid,16,Liquid,Ancient,8876,BLAST Bounty 2026 Season 1
216532,1768493100000,4411,Ninjas in Pyjamas,13,5973,Liquid,8,Ninjas in Pyjamas,Mirage,8876,BLAST Bounty 2026 Season 1
216525,1768493100000,5973,Liquid,13,4411,Ninjas in Pyjamas,10,Liquid,Nuke,8876,BLAST Bounty 2026 Season 1
216505,1768474800000,12376,M80,8,13404,Gentle Mates,13,Gentle Mates,Inferno,8876,BLAST Bounty 2026 Season 1
216502,1768474800000,13404,Gentle Mates,13,12376,M80,2,Gentle Mates,Mirage,8876,BLAST Bounty 2026 Season 1
216485,1768418100000,5378,Virtus.pro,6,9565,Vitality,13,Vitality,Dust2,8876,BLAST Bounty 2026 Season 1
216481,1768418100000,9565,Vitality,13,5378,Virtus.pro,8,Vitality,Overpass,8876,BLAST Bounty 2026 Season 1
216453,1768388400000,9928,GamerLegion,13,12426,Passion UA,10,GamerLegion,Inferno,8876,BLAST Bounty 2026 Season 1
216448,1768388400000,12426,Passion UA,7,9928,GamerLegion,13,GamerLegion,Mirage,8876,BLAST Bounty 2026 Season 1
216444,1768388400000,9928,GamerLegion,4,12426,Passion UA,13,Passion UA,Dust2,8876,BLAST Bounty 2026 Season 1
216438,1768332000000,11581,HOTU,5,11861,Aurora,13,Aurora,Overpass,8876,BLAST Bounty 2026 Season 1
216435,1768332000000,11581,HOTU,16,11861,Aurora,13,HOTU,Nuke,8876,BLAST Bounty 2026 Season 1
216434,1768332000000,11861,Aurora,13,11581,HOTU,7,Aurora,Mirage,8876,BLAST Bounty 2026 Season 1
216426,1768320000000,4991,fnatic,4,6665,Astralis,13,Astralis,Ancient,8876,BLAST Bounty 2026 Season 1
216423,1768320000000,4991,fnatic,11,6665,Astralis,13,Astralis,Overpass,8876,BLAST Bounty 2026 Season 1
216417,1768320000000,6665,Astralis,12,4991,fnatic,16,fnatic,Mirage,8876,BLAST Bounty 2026 Season 1
216412,1768310400000,11737,EYEBALLERS,13,6667,FaZe,7,EYEBALLERS,Inferno,8876,BLAST Bounty 2026 Season 1
216409,1768310400000,11737,EYEBALLERS,13,6667,FaZe,4,EYEBALLERS,Mirage,8876,BLAST Bounty 2026 Season 1
216405,1768310400000,6667,FaZe,13,11737,EYEBALLERS,6,FaZe,Ancient,8876,BLAST Bounty 2026 Season 1
216362,1768179600000,12376,M80,13,6673,NRG,1,M80,Dust2,8751,fl0m Mythical LAN Las Vegas 2026
216361,1768179600000,6673,NRG,10,12376,M80,13,M80,Mirage,8751,fl0m Mythical LAN Las Vegas 2026
216245,1767565200000,12376,M80,11,9928,GamerLegion,13,GamerLegion,Inferno,8906,Fragadelphia Miami 2026
216244,1767565200000,9928,GamerLegion,13,12376,M80,9,GamerLegion,Mirage,8906,Fragadelphia Miami 2026
216242,1767553200000,6673,NRG,13,9928,GamerLegion,11,NRG,Inferno,8906,Fragadelphia Miami 2026
216235,1767553200000,9928,GamerLegion,4,6673,NRG,13,NRG,Dust2,8906,Fragadelphia Miami 2026
216214,1767537900000,11581,HOTU,3,12394,BetBoom,13,BetBoom,Dust2,8904,META Cup Season 3
216205,1767537900000,12394,BetBoom,13,11581,HOTU,9,BetBoom,Train,8904,META Cup Season 3
216186,1767510900000,11581,HOTU,23,12394,BetBoom,25,BetBoom,Ancient,8904,META Cup Season 3
216177,1767510900000,11581,HOTU,13,12394,BetBoom,4,HOTU,Mirage,8904,META Cup Season 3
216172,1767510900000,11581,HOTU,2,12394,BetBoom,13,BetBoom,Dust2,8904,META Cup Season 3
215959,1766347200000,10567,SAW,14,4411,Ninjas in Pyjamas,16,Ninjas in Pyjamas,Overpass,8892,Roman Imperium Cup III
215953,1766347200000,4411,Ninjas in Pyjamas,16,10567,SAW,13,Ninjas in Pyjamas,Train,8892,Roman Imperium Cup III
215945,1766334600000,13404,Gentle Mates,10,4411,Ninjas in Pyjamas,13,Ninjas in Pyjamas,Train,8892,Roman Imperium Cup III
215937,1766334600000,4411,Ninjas in Pyjamas,13,13404,Gentle Mates,7,Ninjas in Pyjamas,Mirage,8892,Roman Imperium Cup III
215532,1765731600000,6667,FaZe,2,9565,Vitality,13,Vitality,Overpass,8042,StarLadder Budapest Major 2025
215531,1765731600000,9565,Vitality,13,6667,FaZe,9,Vitality,Inferno,8042,StarLadder Budapest Major 2025
215528,1765731600000,6667,FaZe,3,9565,Vitality,13,Vitality,Dust2,8042,StarLadder Budapest Major 2025
215525,1765731600000,9565,Vitality,6,6667,FaZe,13,FaZe,Nuke,8042,StarLadder Budapest Major 2025
215499,1765656000000,6667,FaZe,13,4608,Natus Vincere,8,FaZe,Inferno,8042,StarLadder Budapest Major 2025
215498,1765656000000,4608,Natus Vincere,11,6667,FaZe,13,FaZe,Nuke,8042,StarLadder Budapest Major 2025
215496,1765656000000,6667,FaZe,5,4608,Natus Vincere,13,Natus Vincere,Ancient,8042,StarLadder Budapest Major 2025
215493,1765641600000,9565,Vitality,13,7020,Spirit,8,Vitality,Dust2,8042,StarLadder Budapest Major 2025
215488,1765641600000,7020,Spirit,17,9565,Vitality,19,Vitality,Mirage,8042,StarLadder Budapest Major 2025
215462,1765566000000,8297,FURIA,3,4608,Natus Vincere,13,Natus Vincere,Train,8042,StarLadder Budapest Major 2025
215459,1765566000000,4608,Natus Vincere,13,8297,FURIA,16,FURIA,Inferno,8042,StarLadder Budapest Major 2025
215455,1765566000000,8297,FURIA,5,4608,Natus Vincere,13,Natus Vincere,Mirage,8042,StarLadder Budapest Major 2025
215451,1765555200000,6667,FaZe,13,4494,MOUZ,2,FaZe,Inferno,8042,StarLadder Budapest Major 2025
215448,1765555200000,4494,MOUZ,11,6667,FaZe,13,FaZe,Nuke,8042,StarLadder Budapest Major 2025
215413,1765480200000,6248,The MongolZ,4,9565,Vitality,13,Vitality,Dust2,8042,StarLadder Budapest Major 2025
215412,1765480200000,9565,Vitality,13,6248,The MongolZ,5,Vitality,Mirage,8042,StarLadder Budapest Major 2025
215408,1765468800000,11283,Falcons,12,7020,Spirit,16,Spirit,Dust2,8042,StarLadder Budapest Major 2025
215404,1765468800000,7020,Spirit,13,11283,Falcons,4,Spirit,Nuke,8042,StarLadder Budapest Major 2025
215290,1765206000000,12394,BetBoom,8,13286,FUT,13,FUT,Mirage,8798,Galaxy Battle 2025 Phase 5
215286,1765206000000,13286,FUT,13,12394,BetBoom,8,FUT,Nuke,8798,Galaxy Battle 2025 Phase 5
215260,1765134000000,5995,G2,10,11283,Falcons,13,Falcons,Dust2,8042,StarLadder Budapest Major 2025
215259,1765134000000,11283,Falcons,13,5995,G2,4,Falcons,Inferno,8042,StarLadder Budapest Major 2025
215256,1765134000000,5995,G2,13,11283,Falcons,9,G2,Ancient,8042,StarLadder Budapest Major 2025
215251,1765125000000,12426,Passion UA,11,6667,FaZe,13,FaZe,Mirage,8042,StarLadder Budapest Major 2025
215242,1765125000000,6667,FaZe,13,12426,Passion UA,11,FaZe,Overpass,8042,StarLadder Budapest Major 2025
215235,1765116000000,11241,B8,14,4608,Natus Vincere,16,Natus Vincere,Train,8042,StarLadder Budapest Major 2025
215226,1765116000000,4608,Natus Vincere,13,11241,B8,4,Natus Vincere,Ancient,8042,StarLadder Budapest Major 2025
215221,1765108800000,13286,FUT,13,13117,Inner Circle,9,FUT,Ancient,8798,Galaxy Battle 2025 Phase 5
215217,1765108800000,13117,Inner Circle,10,13286,FUT,13,FUT,Mirage,8798,Galaxy Battle 2025 Phase 5
215185,1765051500000,6248,The MongolZ,13,5995,G2,6,The MongolZ,Dust2,8042,StarLadder Budapest Major 2025
215180,1765051500000,5995,G2,4,6248,The MongolZ,13,The MongolZ,Ancient,8042,StarLadder Budapest Major 2025
215184,1765048500000,6667,FaZe,13,4914,3DMAX,5,FaZe,Inferno,8042,StarLadder Budapest Major 2025
215177,1765048500000,4914,3DMAX,6,6667,FaZe,13,FaZe,Dust2,8042,StarLadder Budapest Major 2025
215171,1765040100000,12426,Passion UA,13,9455,Imperial,10,Passion UA,Dust2,8042,StarLadder Budapest Major 2025
215162,1765040100000,9455,Imperial,8,12426,Passion UA,13,Passion UA,Inferno,8042,StarLadder Budapest Major 2025
215176,1765038900000,4494,MOUZ,13,11283,Falcons,10,MOUZ,Nuke,8042,StarLadder Budapest Major 2025
215170,1765038900000,11283,Falcons,6,4494,MOUZ,13,MOUZ,Inferno,8042,StarLadder Budapest Major 2025
215161,1765038900000,4494,MOUZ,11,11283,Falcons,13,Falcons,Mirage,8042,StarLadder Budapest Major 2025
215154,1765029600000,4773,paiN,12,11241,B8,16,B8,Ancient,8042,StarLadder Budapest Major 2025
215138,1765029600000,11241,B8,19,4773,paiN,16,B8,Dust2,8042,StarLadder Budapest Major 2025
215150,1765029600000,9565,Vitality,13,4608,Natus Vincere,11,Vitality,Train,8042,StarLadder Budapest Major 2025
215139,1765029600000,4608,Natus Vincere,11,9565,Vitality,13,Vitality,Inferno,8042,StarLadder Budapest Major 2025
215094,1764964200000,5995,G2,10,8297,FURIA,13,FURIA,Overpass,8042,StarLadder Budapest Major 2025
215087,1764964200000,8297,FURIA,13,5995,G2,6,FURIA,Inferno,8042,StarLadder Budapest Major 2025
215091,1764957900000,4914,3DMAX,13,12467,PARIVISION,8,3DMAX,Ancient,8042,StarLadder Budapest Major 2025
215086,1764957900000,4914,3DMAX,13,12467,PARIVISION,8,3DMAX,Inferno,8042,StarLadder Budapest Major 2025
215077,1764957900000,4914,3DMAX,12,12467,PARIVISION,16,PARIVISION,Dust2,8042,StarLadder Budapest Major 2025
215080,1764951300000,4494,MOUZ,11,7020,Spirit,13,Spirit,Overpass,8042,StarLadder Budapest Major 2025
215074,1764951300000,7020,Spirit,10,4494,MOUZ,13,MOUZ,Train,8042,StarLadder Budapest Major 2025
215070,1764951300000,4494,MOUZ,5,7020,Spirit,13,Spirit,Mirage,8042,StarLadder Budapest Major 2025
215072,1764950100000,12426,Passion UA,13,5973,Liquid,10,Passion UA,Mirage,8042,StarLadder Budapest Major 2025
215066,1764950100000,5973,Liquid,11,12426,Passion UA,13,Passion UA,Train,8042,StarLadder Budapest Major 2025
215062,1764946800000,4773,paiN,8,4608,Natus Vincere,13,Natus Vincere,Dust2,8042,StarLadder Budapest Major 2025
215060,1764946500000,9455,Imperial,1,11283,Falcons,13,Falcons,Mirage,8042,StarLadder Budapest Major 2025
215058,1764943200000,6667,FaZe,7,6248,The MongolZ,13,The MongolZ,Mirage,8042,StarLadder Budapest Major 2025
215057,1764943200000,11241,B8,2,9565,Vitality,13,Vitality,Inferno,8042,StarLadder Budapest Major 2025
215020,1764882000000,9455,Imperial,5,8297,FURIA,13,FURIA,Dust2,8042,StarLadder Budapest Major 2025
215019,1764882000000,4608,Natus Vincere,13,12467,PARIVISION,6,Natus Vincere,Ancient,8042,StarLadder Budapest Major 2025
215015,1764877800000,6248,The MongolZ,13,5973,Liquid,9,The MongolZ,Inferno,8042,StarLadder Budapest Major 2025
215014,1764877800000,4494,MOUZ,13,11241,B8,6,MOUZ,Overpass,8042,StarLadder Budapest Major 2025
215010,1764874200000,7020,Spirit,13,6667,FaZe,5,Spirit,Dust2,8042,StarLadder Budapest Major 2025
215009,1764874200000,11283,Falcons,13,12426,Passion UA,5,Falcons,Nuke,8042,StarLadder Budapest Major 2025
215006,1764871200000,9565,Vitality,13,4914,3DMAX,4,Vitality,Nuke,8042,StarLadder Budapest Major 2025
215005,1764870000000,5995,G2,13,4773,paiN,7,G2,Dust2,8042,StarLadder Budapest Major 2025
214997,1764864000000,8297,FURIA,13,4608,Natus Vincere,2,FURIA,Nuke,8042,StarLadder Budapest Major 2025
214998,1764862800000,11283,Falcons,10,11241,B8,13,B8,Ancient,8042,StarLadder Budapest Major 2025
214992,1764859800000,9565,Vitality,7,6667,FaZe,13,FaZe,Nuke,8042,StarLadder Budapest Major 2025
214991,1764858900000,4773,paiN,13,4914,3DMAX,10,paiN,Nuke,8042,StarLadder Budapest Major 2025
214989,1764855300000,7020,Spirit,13,5973,Liquid,8,Spirit,Train,8042,StarLadder Budapest Major 2025
214988,1764855000000,5995,G2,13,12426,Passion UA,8,G2,Mirage,8042,StarLadder Budapest Major 2025
214982,1764849600000,6248,The MongolZ,14,9455,Imperial,16,Imperial,Dust2,8042,StarLadder Budapest Major 2025
214981,1764849600000,4494,MOUZ,16,12467,PARIVISION,14,MOUZ,Overpass,8042,StarLadder Budapest Major 2025
214921,1764703200000,4411,Ninjas in Pyjamas,8,4914,3DMAX,13,3DMAX,Train,8505,StarLadder Budapest Major 2025 Stage 2
214919,1764703200000,4914,3DMAX,13,4411,Ninjas in Pyjamas,3,3DMAX,Ancient,8505,StarLadder Budapest Major 2025 Stage 2
214916,1764695400000,6665,Astralis,9,5973,Liquid,13,Liquid,Mirage,8505,StarLadder Budapest Major 2025 Stage 2
214915,1764695400000,5973,Liquid,13,6665,Astralis,7,Liquid,Nuke,8505,StarLadder Budapest Major 2025 Stage 2
214913,1764684000000,12426,Passion UA,13,12376,M80,7,Passion UA,Train,8505,StarLadder Budapest Major 2025 Stage 2
214910,1764684000000,12376,M80,5,12426,Passion UA,13,Passion UA,Inferno,8505,StarLadder Budapest Major 2025 Stage 2
214909,1764684000000,12426,Passion UA,11,12376,M80,13,M80,Mirage,8505,StarLadder Budapest Major 2025 Stage 2
214882,1764621600000,11241,B8,13,4914,3DMAX,8,B8,Dust2,8505,StarLadder Budapest Major 2025 Stage 2
214879,1764621600000,4914,3DMAX,9,11241,B8,13,B8,Ancient,8505,StarLadder Budapest Major 2025 Stage 2
214877,1764621600000,11241,B8,3,4914,3DMAX,13,3DMAX,Train,8505,StarLadder Budapest Major 2025 Stage 2
214880,1764618900000,4863,TYLOO,14,5973,Liquid,16,Liquid,Inferno,8505,StarLadder Budapest Major 2025 Stage 2
214878,1764618900000,5973,Liquid,13,4863,TYLOO,5,Liquid,Train,8505,StarLadder Budapest Major 2025 Stage 2
214876,1764618900000,4863,TYLOO,13,5973,Liquid,9,TYLOO,Ancient,8505,StarLadder Budapest Major 2025 Stage 2
214875,1764609600000,9455,Imperial,13,12376,M80,11,Imperial,Train,8505,StarLadder Budapest Major 2025 Stage 2
214871,1764609600000,12376,M80,13,9455,Imperial,2,M80,Dust2,8505,StarLadder Budapest Major 2025 Stage 2
214867,1764609600000,9455,Imperial,13,12376,M80,11,Imperial,Mirage,8505,StarLadder Budapest Major 2025 Stage 2
214873,1764606000000,11861,Aurora,11,6665,Astralis,13,Astralis,Mirage,8505,StarLadder Budapest Major 2025 Stage 2
214868,1764606000000,6665,Astralis,13,11861,Aurora,8,Astralis,Train,8505,StarLadder Budapest Major 2025 Stage 2
214865,1764606000000,11861,Aurora,13,6665,Astralis,11,Aurora,Nuke,8505,StarLadder Budapest Major 2025 Stage 2
214861,1764598500000,12467,PARIVISION,16,4411,Ninjas in Pyjamas,12,PARIVISION,Train,8505,StarLadder Budapest Major 2025 Stage 2
214855,1764598500000,4411,Ninjas in Pyjamas,16,12467,PARIVISION,19,PARIVISION,Dust2,8505,StarLadder Budapest Major 2025 Stage 2
214858,1764597600000,12426,Passion UA,13,4991,fnatic,7,Passion UA,Inferno,8505,StarLadder Budapest Major 2025 Stage 2
214854,1764597600000,4991,fnatic,11,12426,Passion UA,13,Passion UA,Overpass,8505,StarLadder Budapest Major 2025 Stage 2
214840,1764529200000,4608,Natus Vincere,13,11241,B8,8,Natus Vincere,Mirage,8505,StarLadder Budapest Major 2025 Stage 2
214835,1764529200000,11241,B8,6,4608,Natus Vincere,13,Natus Vincere,Train,8505,StarLadder Budapest Major 2025 Stage 2
214831,1764519300000,6667,FaZe,16,4411,Ninjas in Pyjamas,12,FaZe,Nuke,8505,StarLadder Budapest Major 2025 Stage 2
214822,1764519300000,4411,Ninjas in Pyjamas,12,6667,FaZe,16,FaZe,Inferno,8505,StarLadder Budapest Major 2025 Stage 2
214829,1764519300000,12774,FlyQuest,11,6665,Astralis,13,Astralis,Overpass,8505,StarLadder Budapest Major 2025 Stage 2
214820,1764519300000,6665,Astralis,13,12774,FlyQuest,5,Astralis,Mirage,8505,StarLadder Budapest Major 2025 Stage 2
214814,1764514800000,11861,Aurora,11,12467,PARIVISION,13,PARIVISION,Overpass,8505,StarLadder Budapest Major 2025 Stage 2
214813,1764514800000,4991,fnatic,10,9455,Imperial,13,Imperial,Dust2,8505,StarLadder Budapest Major 2025 Stage 2
214806,1764511200000,4863,TYLOO,10,12376,M80,13,M80,Train,8505,StarLadder Budapest Major 2025 Stage 2
214805,1764511200000,12426,Passion UA,3,4914,3DMAX,13,3DMAX,Train,8505,StarLadder Budapest Major 2025 Stage 2
214789,1764494400000,13117,Inner Circle,5,13286,FUT,13,FUT,Dust2,8726,DreamHack Knockout Stockholm 2025
214787,1764494400000,13286,FUT,13,13117,Inner Circle,3,FUT,Ancient,8726,DreamHack Knockout Stockholm 2025
214781,1764494400000,13117,Inner Circle,13,13286,FUT,11,Inner Circle,Mirage,8726,DreamHack Knockout Stockholm 2025
214749,1764448200000,5973,Liquid,3,12467,PARIVISION,13,PARIVISION,Dust2,8505,StarLadder Budapest Major 2025 Stage 2
214750,1764447900000,11241,B8,13,4991,fnatic,11,B8,Ancient,8505,StarLadder Budapest Major 2025 Stage 2
214745,1764443700000,11861,Aurora,10,6667,FaZe,13,FaZe,Dust2,8505,StarLadder Budapest Major 2025 Stage 2
214738,1764439800000,6665,Astralis,11,12376,M80,13,M80,Ancient,8505,StarLadder Budapest Major 2025 Stage 2
214737,1764439500000,4608,Natus Vincere,13,9455,Imperial,10,Natus Vincere,Mirage,8505,StarLadder Budapest Major 2025 Stage 2
214728,1764435900000,12774,FlyQuest,7,4914,3DMAX,13,3DMAX,Inferno,8505,StarLadder Budapest Major 2025 Stage 2
214726,1764435600000,4863,TYLOO,8,4411,Ninjas in Pyjamas,13,Ninjas in Pyjamas,Nuke,8505,StarLadder Budapest Major 2025 Stage 2
214712,1764428700000,5973,Liquid,7,11241,B8,13,B8,Mirage,8505,StarLadder Budapest Major 2025 Stage 2
214699,1764426000000,4608,Natus Vincere,13,12774,FlyQuest,2,Natus Vincere,Train,8505,StarLadder Budapest Major 2025 Stage 2
214698,1764425100000,11861,Aurora,13,12376,M80,6,Aurora,Dust2,8505,StarLadder Budapest Major 2025 Stage 2
214683,1764421800000,12426,Passion UA,10,6667,FaZe,13,FaZe,Dust2,8505,StarLadder Budapest Major 2025 Stage 2
214679,1764421800000,4863,TYLOO,13,12467,PARIVISION,5,TYLOO,Mirage,8505,StarLadder Budapest Major 2025 Stage 2
214675,1764417600000,4991,fnatic,13,4914,3DMAX,6,fnatic,Inferno,8505,StarLadder Budapest Major 2025 Stage 2
214674,1764417600000,6665,Astralis,10,4411,Ninjas in Pyjamas,13,Ninjas in Pyjamas,Nuke,8505,StarLadder Budapest Major 2025 Stage 2
214588,1764270900000,12468,Legacy,16,12467,PARIVISION,19,PARIVISION,Dust2,8504,StarLadder Budapest Major 2025 Stage 1
214587,1764270900000,12468,Legacy,13,12467,PARIVISION,5,Legacy,Inferno,8504,StarLadder Budapest Major 2025 Stage 1
214586,1764270900000,12468,Legacy,9,12467,PARIVISION,13,PARIVISION,Ancient,8504,StarLadder Budapest Major 2025 Stage 1
214556,1764185700000,9928,GamerLegion,12,12467,PARIVISION,16,PARIVISION,Ancient,8504,StarLadder Budapest Major 2025 Stage 1
214551,1764185700000,9928,GamerLegion,14,12467,PARIVISION,16,PARIVISION,Overpass,8504,StarLadder Budapest Major 2025 Stage 1
214532,1764165600000,12468,Legacy,5,11241,B8,13,B8,Mirage,8504,StarLadder Budapest Major 2025 Stage 1
214528,1764165600000,11241,B8,16,12468,Legacy,12,B8,Dust2,8504,StarLadder Budapest Major 2025 Stage 1
214480,1764083400000,6667,FaZe,8,4411,Ninjas in Pyjamas,13,Ninjas in Pyjamas,Overpass,8504,StarLadder Budapest Major 2025 Stage 1
214479,1764083400000,4991,fnatic,13,9455,Imperial,3,fnatic,Train,8504,StarLadder Budapest Major 2025 Stage 1
214474,1764079200000,11241,B8,13,12467,PARIVISION,11,B8,Inferno,8504,StarLadder Budapest Major 2025 Stage 1
214446,1764022500000,4411,Ninjas in Pyjamas,13,8840,Lynn Vision,2,Ninjas in Pyjamas,Train,8504,StarLadder Budapest Major 2025 Stage 1
214443,1764016500000,12467,PARIVISION,9,12376,M80,13,M80,Mirage,8504,StarLadder Budapest Major 2025 Stage 1
214429,1764011700000,9455,Imperial,6,12774,FlyQuest,13,FlyQuest,Inferno,8504,StarLadder Budapest Major 2025 Stage 1
214415,1763997300000,6667,FaZe,13,8840,Lynn Vision,5,FaZe,Nuke,8504,StarLadder Budapest Major 2025 Stage 1
214395,1763989800000,12468,Legacy,10,12774,FlyQuest,13,FlyQuest,Train,8504,StarLadder Budapest Major 2025 Stage 1
214391,1763985600000,12376,M80,13,11241,B8,11,M80,Mirage,8504,StarLadder Budapest Major 2025 Stage 1
214339,1763910300000,13286,FUT,13,12426,Passion UA,4,FUT,Train,8841,Digital Crusade DraculaN Season 3
214332,1763910300000,12426,Passion UA,14,13286,FUT,16,FUT,Mirage,8841,Digital Crusade DraculaN Season 3
214326,1763907000000,7175,HEROIC,7,12394,BetBoom,13,BetBoom,Nuke,8831,CCT Season 3 Europe Series 11
214323,1763907000000,12394,BetBoom,13,7175,HEROIC,10,BetBoom,Mirage,8831,CCT Season 3 Europe Series 11
214245,1763805600000,13117,Inner Circle,10,13286,FUT,13,FUT,Nuke,8841,Digital Crusade DraculaN Season 3
214232,1763805600000,13286,FUT,13,13117,Inner Circle,16,Inner Circle,Train,8841,Digital Crusade DraculaN Season 3
214218,1763805600000,13117,Inner Circle,6,13286,FUT,13,FUT,Mirage,8841,Digital Crusade DraculaN Season 3
213857,1763280000000,8297,FURIA,19,11283,Falcons,16,FURIA,Mirage,7908,BLAST Rivals 2025 Season 2
213852,1763280000000,11283,Falcons,15,8297,FURIA,19,FURIA,Train,7908,BLAST Rivals 2025 Season 2
213847,1763280000000,8297,FURIA,13,11283,Falcons,9,FURIA,Nuke,7908,BLAST Rivals 2025 Season 2
213844,1763280000000,11283,Falcons,13,8297,FURIA,3,Falcons,Inferno,7908,BLAST Rivals 2025 Season 2
213781,1763201700000,9565,Vitality,7,11283,Falcons,13,Falcons,Nuke,7908,BLAST Rivals 2025 Season 2
213779,1763201700000,11283,Falcons,16,9565,Vitality,13,Falcons,Inferno,7908,BLAST Rivals 2025 Season 2
213777,1763191800000,4773,paiN,12,8297,FURIA,16,FURIA,Overpass,7908,BLAST Rivals 2025 Season 2
213775,1763191800000,8297,FURIA,13,4773,paiN,3,FURIA,Nuke,7908,BLAST Rivals 2025 Season 2
213719,1763116200000,9565,Vitality,16,7020,Spirit,13,Vitality,Mirage,7908,BLAST Rivals 2025 Season 2
213714,1763116200000,7020,Spirit,16,9565,Vitality,19,Vitality,Nuke,7908,BLAST Rivals 2025 Season 2
213712,1763116200000,9565,Vitality,11,7020,Spirit,13,Spirit,Dust2,7908,BLAST Rivals 2025 Season 2
213709,1763107200000,4773,paiN,13,12426,Passion UA,7,paiN,Inferno,7908,BLAST Rivals 2025 Season 2
213708,1763107200000,12426,Passion UA,4,4773,paiN,13,paiN,Nuke,7908,BLAST Rivals 2025 Season 2
213642,1763028000000,9565,Vitality,5,8297,FURIA,13,FURIA,Inferno,7908,BLAST Rivals 2025 Season 2
213637,1763028000000,9565,Vitality,16,8297,FURIA,13,Vitality,Overpass,7908,BLAST Rivals 2025 Season 2
213632,1763028000000,8297,FURIA,13,9565,Vitality,11,FURIA,Nuke,7908,BLAST Rivals 2025 Season 2
213628,1763015400000,4773,paiN,13,4863,TYLOO,10,paiN,Overpass,7908,BLAST Rivals 2025 Season 2
213626,1763015400000,4773,paiN,9,4863,TYLOO,13,TYLOO,Ancient,7908,BLAST Rivals 2025 Season 2
213624,1763015400000,4863,TYLOO,7,4773,paiN,13,paiN,Nuke,7908,BLAST Rivals 2025 Season 2
213621,1763007000000,12426,Passion UA,10,11283,Falcons,13,Falcons,Mirage,7908,BLAST Rivals 2025 Season 2
213620,1763007000000,11283,Falcons,13,12426,Passion UA,11,Falcons,Train,7908,BLAST Rivals 2025 Season 2
213616,1762999200000,7020,Spirit,13,6248,The MongolZ,10,Spirit,Ancient,7908,BLAST Rivals 2025 Season 2
213614,1762999200000,6248,The MongolZ,6,7020,Spirit,13,Spirit,Dust2,7908,BLAST Rivals 2025 Season 2
213554,1762948200000,4863,TYLOO,11,9565,Vitality,13,Vitality,Inferno,7908,BLAST Rivals 2025 Season 2
213548,1762948200000,4863,TYLOO,13,9565,Vitality,4,TYLOO,Nuke,7908,BLAST Rivals 2025 Season 2
213543,1762948200000,9565,Vitality,13,4863,TYLOO,2,Vitality,Overpass,7908,BLAST Rivals 2025 Season 2
213538,1762935900000,8297,FURIA,13,4773,paiN,11,FURIA,Mirage,7908,BLAST Rivals 2025 Season 2
213532,1762935900000,4773,paiN,6,8297,FURIA,13,FURIA,Overpass,7908,BLAST Rivals 2025 Season 2
213526,1762935900000,8297,FURIA,7,4773,paiN,13,paiN,Nuke,7908,BLAST Rivals 2025 Season 2
213525,1762926300000,7020,Spirit,8,11283,Falcons,13,Falcons,Nuke,7908,BLAST Rivals 2025 Season 2
213523,1762926300000,11283,Falcons,16,7020,Spirit,13,Falcons,Dust2,7908,BLAST Rivals 2025 Season 2
213522,1762912800000,12426,Passion UA,13,6248,The MongolZ,11,Passion UA,Nuke,7908,BLAST Rivals 2025 Season 2
213520,1762912800000,12426,Passion UA,13,6248,The MongolZ,11,Passion UA,Inferno,7908,BLAST Rivals 2025 Season 2
213517,1762912800000,6248,The MongolZ,16,12426,Passion UA,14,The MongolZ,Overpass,7908,BLAST Rivals 2025 Season 2
213294,1762675200000,9565,Vitality,11,8297,FURIA,13,FURIA,Overpass,8041,IEM Chengdu 2025
213286,1762675200000,8297,FURIA,13,9565,Vitality,10,FURIA,Inferno,8041,IEM Chengdu 2025
213281,1762675200000,9565,Vitality,11,8297,FURIA,13,FURIA,Ancient,8041,IEM Chengdu 2025
213277,1762660800000,4494,MOUZ,6,11283,Falcons,13,Falcons,Mirage,8041,IEM Chengdu 2025
213276,1762660800000,11283,Falcons,11,4494,MOUZ,13,MOUZ,Inferno,8041,IEM Chengdu 2025
213275,1762660800000,4494,MOUZ,5,11283,Falcons,13,Falcons,Ancient,8041,IEM Chengdu 2025
213149,1762599000000,8297,FURIA,13,11283,Falcons,11,FURIA,Mirage,8041,IEM Chengdu 2025
213143,1762599000000,8297,FURIA,13,11283,Falcons,5,FURIA,Inferno,8041,IEM Chengdu 2025
213127,1762583400000,4494,MOUZ,10,9565,Vitality,13,Vitality,Inferno,8041,IEM Chengdu 2025
213117,1762583400000,9565,Vitality,11,4494,MOUZ,13,MOUZ,Train,8041,IEM Chengdu 2025
213113,1762583400000,4494,MOUZ,13,9565,Vitality,16,Vitality,Nuke,8041,IEM Chengdu 2025
212950,1762510200000,6248,The MongolZ,10,8297,FURIA,13,FURIA,Overpass,8041,IEM Chengdu 2025
212930,1762510200000,8297,FURIA,13,6248,The MongolZ,5,FURIA,Mirage,8041,IEM Chengdu 2025
212921,1762497000000,6665,Astralis,7,9565,Vitality,13,Vitality,Mirage,8041,IEM Chengdu 2025
212916,1762497000000,9565,Vitality,14,6665,Astralis,16,Astralis,Nuke,8041,IEM Chengdu 2025
212913,1762497000000,6665,Astralis,7,9565,Vitality,13,Vitality,Inferno,8041,IEM Chengdu 2025
212727,1762342500000,7020,Spirit,6,6248,The MongolZ,13,The MongolZ,Mirage,8041,IEM Chengdu 2025
212718,1762342500000,7020,Spirit,19,6248,The MongolZ,16,Spirit,Ancient,8041,IEM Chengdu 2025
212707,1762342500000,6248,The MongolZ,13,7020,Spirit,7,The MongolZ,Dust2,8041,IEM Chengdu 2025
212711,1762340700000,6665,Astralis,7,11283,Falcons,13,Falcons,Mirage,8041,IEM Chengdu 2025
212705,1762340700000,11283,Falcons,13,6665,Astralis,6,Falcons,Nuke,8041,IEM Chengdu 2025
212695,1762333200000,5995,G2,11,9565,Vitality,13,Vitality,Mirage,8041,IEM Chengdu 2025
212688,1762333200000,9565,Vitality,13,5995,G2,4,Vitality,Train,8041,IEM Chengdu 2025
212701,1762329600000,8297,FURIA,14,4494,MOUZ,16,MOUZ,Train,8041,IEM Chengdu 2025
212690,1762329600000,4494,MOUZ,11,8297,FURIA,13,FURIA,Overpass,8041,IEM Chengdu 2025
212686,1762329600000,8297,FURIA,2,4494,MOUZ,13,MOUZ,Inferno,8041,IEM Chengdu 2025
212684,1762321200000,4773,paiN,13,6248,The MongolZ,16,The MongolZ,Inferno,8041,IEM Chengdu 2025
212680,1762321200000,4773,paiN,6,6248,The MongolZ,13,The MongolZ,Ancient,8041,IEM Chengdu 2025
212677,1762321200000,6248,The MongolZ,9,4773,paiN,13,paiN,Nuke,8041,IEM Chengdu 2025
212681,1762317000000,7175,HEROIC,6,7020,Spirit,13,Spirit,Ancient,8041,IEM Chengdu 2025
212678,1762317000000,7175,HEROIC,13,7020,Spirit,16,Spirit,Dust2,8041,IEM Chengdu 2025
212675,1762317000000,7020,Spirit,11,7175,HEROIC,13,HEROIC,Overpass,8041,IEM Chengdu 2025
212676,1762308000000,5995,G2,13,5378,Virtus.pro,1,G2,Dust2,8041,IEM Chengdu 2025
212674,1762308000000,5378,Virtus.pro,9,5995,G2,13,G2,Inferno,8041,IEM Chengdu 2025
212670,1762308000000,5995,G2,17,5378,Virtus.pro,19,Virtus.pro,Overpass,8041,IEM Chengdu 2025
212673,1762308000000,8840,Lynn Vision,5,9565,Vitality,13,Vitality,Nuke,8041,IEM Chengdu 2025
212668,1762308000000,9565,Vitality,13,8840,Lynn Vision,2,Vitality,Dust2,8041,IEM Chengdu 2025
212620,1762252500000,7020,Spirit,13,11283,Falcons,16,Falcons,Ancient,8041,IEM Chengdu 2025
212617,1762252500000,11283,Falcons,13,7020,Spirit,6,Falcons,Dust2,8041,IEM Chengdu 2025
212622,1762252200000,4773,paiN,13,4863,TYLOO,11,paiN,Inferno,8041,IEM Chengdu 2025
212616,1762252200000,4863,TYLOO,6,4773,paiN,13,paiN,Nuke,8041,IEM Chengdu 2025
212612,1762246200000,6665,Astralis,13,6248,The MongolZ,8,Astralis,Inferno,8041,IEM Chengdu 2025
212606,1762246200000,6248,The MongolZ,11,6665,Astralis,13,Astralis,Nuke,8041,IEM Chengdu 2025
212611,1762241100000,7175,HEROIC,13,4608,Natus Vincere,8,HEROIC,Inferno,8041,IEM Chengdu 2025
212605,1762241100000,7175,HEROIC,13,4608,Natus Vincere,8,HEROIC,Ancient,8041,IEM Chengdu 2025
212600,1762241100000,4608,Natus Vincere,13,7175,HEROIC,8,Natus Vincere,Nuke,8041,IEM Chengdu 2025
212601,1762233900000,9565,Vitality,19,4494,MOUZ,22,MOUZ,Inferno,8041,IEM Chengdu 2025
212598,1762233900000,4494,MOUZ,8,9565,Vitality,13,Vitality,Nuke,8041,IEM Chengdu 2025
212596,1762233900000,9565,Vitality,3,4494,MOUZ,13,MOUZ,Train,8041,IEM Chengdu 2025
212599,1762230600000,6667,FaZe,7,5378,Virtus.pro,13,Virtus.pro,Inferno,8041,IEM Chengdu 2025
212597,1762230600000,5378,Virtus.pro,13,6667,FaZe,5,Virtus.pro,Mirage,8041,IEM Chengdu 2025
212595,1762230600000,6667,FaZe,13,5378,Virtus.pro,8,FaZe,Overpass,8041,IEM Chengdu 2025
212594,1762221600000,8840,Lynn Vision,13,4914,3DMAX,10,Lynn Vision,Train,8041,IEM Chengdu 2025
212592,1762221600000,8840,Lynn Vision,7,4914,3DMAX,13,3DMAX,Inferno,8041,IEM Chengdu 2025
212589,1762221600000,4914,3DMAX,13,8840,Lynn Vision,16,Lynn Vision,Dust2,8041,IEM Chengdu 2025
212591,1762221600000,5995,G2,14,8297,FURIA,16,FURIA,Overpass,8041,IEM Chengdu 2025
212588,1762221600000,8297,FURIA,13,5995,G2,5,FURIA,Train,8041,IEM Chengdu 2025
212532,1762164000000,7020,Spirit,13,4773,paiN,11,Spirit,Nuke,8041,IEM Chengdu 2025
212528,1762164000000,4773,paiN,7,7020,Spirit,13,Spirit,Ancient,8041,IEM Chengdu 2025
212537,1762163100000,6665,Astralis,16,4608,Natus Vincere,12,Astralis,Inferno,8041,IEM Chengdu 2025
212531,1762163100000,6665,Astralis,10,4608,Natus Vincere,13,Natus Vincere,Mirage,8041,IEM Chengdu 2025
212529,1762163100000,4608,Natus Vincere,13,6665,Astralis,16,Astralis,Nuke,8041,IEM Chengdu 2025
212523,1762156500000,4914,3DMAX,8,5995,G2,13,G2,Train,8041,IEM Chengdu 2025
212520,1762156500000,5995,G2,13,4914,3DMAX,8,G2,Inferno,8041,IEM Chengdu 2025
212522,1762153200000,7175,HEROIC,5,6248,The MongolZ,13,The MongolZ,Ancient,8041,IEM Chengdu 2025
212521,1762153200000,7175,HEROIC,6,6248,The MongolZ,13,The MongolZ,Inferno,8041,IEM Chengdu 2025
212519,1762153200000,6248,The MongolZ,10,7175,HEROIC,13,HEROIC,Overpass,8041,IEM Chengdu 2025
212518,1762144200000,9565,Vitality,13,5378,Virtus.pro,4,Vitality,Mirage,8041,IEM Chengdu 2025
212517,1762144200000,5378,Virtus.pro,11,9565,Vitality,13,Vitality,Dust2,8041,IEM Chengdu 2025
212515,1762144200000,9565,Vitality,9,5378,Virtus.pro,13,Virtus.pro,Overpass,8041,IEM Chengdu 2025
212516,1762144200000,4494,MOUZ,13,6667,FaZe,8,MOUZ,Inferno,8041,IEM Chengdu 2025
212513,1762144200000,4494,MOUZ,13,6667,FaZe,5,MOUZ,Ancient,8041,IEM Chengdu 2025
226863,1762135200000,8840,Lynn Vision,2,8297,FURIA,13,FURIA,Overpass,8041,IEM Chengdu 2025
212510,1762135200000,8840,Lynn Vision,8,8297,FURIA,13,FURIA,Dust2,8041,IEM Chengdu 2025
212512,1762135200000,4863,TYLOO,3,11283,Falcons,13,Falcons,Ancient,8041,IEM Chengdu 2025
212509,1762135200000,4863,TYLOO,8,11283,Falcons,13,Falcons,Inferno,8041,IEM Chengdu 2025
212400,1761999900000,12468,Legacy,11,11861,Aurora,13,Aurora,Nuke,8046,PGL Masters Bucharest 2025
212387,1761999900000,11861,Aurora,8,12468,Legacy,13,Legacy,Inferno,8046,PGL Masters Bucharest 2025
212373,1761999900000,12468,Legacy,19,11861,Aurora,17,Legacy,Train,8046,PGL Masters Bucharest 2025
212362,1761999900000,11861,Aurora,13,12468,Legacy,8,Aurora,Mirage,8046,PGL Masters Bucharest 2025
212355,1761999900000,12468,Legacy,11,11861,Aurora,13,Aurora,Dust2,8046,PGL Masters Bucharest 2025
212347,1761987600000,10567,SAW,13,9928,GamerLegion,8,SAW,Nuke,8046,PGL Masters Bucharest 2025
212345,1761987600000,9928,GamerLegion,11,10567,SAW,13,SAW,Inferno,8046,PGL Masters Bucharest 2025
212335,1761987600000,10567,SAW,4,9928,GamerLegion,13,GamerLegion,Overpass,8046,PGL Masters Bucharest 2025
212298,1761930000000,10567,SAW,13,12468,Legacy,7,SAW,Inferno,8046,PGL Masters Bucharest 2025
212310,1761925500000,12468,Legacy,13,10567,SAW,3,Legacy,Ancient,8046,PGL Masters Bucharest 2025
212307,1761925500000,12468,Legacy,16,10567,SAW,12,Legacy,Nuke,8046,PGL Masters Bucharest 2025
212292,1761920100000,9928,GamerLegion,1,11861,Aurora,13,Aurora,Dust2,8046,PGL Masters Bucharest 2025
212291,1761920100000,11861,Aurora,13,9928,GamerLegion,1,Aurora,Overpass,8046,PGL Masters Bucharest 2025
212282,1761908400000,10567,SAW,13,5973,Liquid,1,SAW,Inferno,8046,PGL Masters Bucharest 2025
212279,1761908400000,5973,Liquid,2,10567,SAW,13,SAW,Train,8046,PGL Masters Bucharest 2025
212274,1761908400000,10567,SAW,4,5973,Liquid,13,Liquid,Ancient,8046,PGL Masters Bucharest 2025
212286,1761908100000,4773,paiN,7,12468,Legacy,13,Legacy,Nuke,8046,PGL Masters Bucharest 2025
212281,1761908100000,12468,Legacy,10,4773,paiN,13,paiN,Dust2,8046,PGL Masters Bucharest 2025
212277,1761908100000,4773,paiN,7,12468,Legacy,13,Legacy,Inferno,8046,PGL Masters Bucharest 2025
212271,1761897600000,11241,B8,3,11861,Aurora,13,Aurora,Overpass,8046,PGL Masters Bucharest 2025
212268,1761897600000,11861,Aurora,8,11241,B8,13,B8,Mirage,8046,PGL Masters Bucharest 2025
212264,1761897600000,11241,B8,10,11861,Aurora,13,Aurora,Dust2,8046,PGL Masters Bucharest 2025
212270,1761897600000,7175,HEROIC,7,9928,GamerLegion,13,GamerLegion,Nuke,8046,PGL Masters Bucharest 2025
212265,1761897600000,9928,GamerLegion,13,7175,HEROIC,6,GamerLegion,Dust2,8046,PGL Masters Bucharest 2025
212263,1761897600000,7175,HEROIC,13,9928,GamerLegion,8,HEROIC,Ancient,8046,PGL Masters Bucharest 2025
212234,1761826800000,11861,Aurora,13,6665,Astralis,10,Aurora,Mirage,8046,PGL Masters Bucharest 2025
212229,1761826800000,6665,Astralis,8,11861,Aurora,13,Aurora,Train,8046,PGL Masters Bucharest 2025
212223,1761826800000,11861,Aurora,10,6665,Astralis,13,Astralis,Nuke,8046,PGL Masters Bucharest 2025
212201,1761811200000,9928,GamerLegion,13,13404,Gentle Mates,9,GamerLegion,Inferno,8046,PGL Masters Bucharest 2025
212200,1761811200000,13404,Gentle Mates,5,9928,GamerLegion,13,GamerLegion,Train,8046,PGL Masters Bucharest 2025
212173,1761746400000,11241,B8,13,12468,Legacy,11,B8,Train,8046,PGL Masters Bucharest 2025
212169,1761746400000,12468,Legacy,10,11241,B8,13,B8,Ancient,8046,PGL Masters Bucharest 2025
212166,1761746400000,11241,B8,3,12468,Legacy,13,Legacy,Dust2,8046,PGL Masters Bucharest 2025
212167,1761744000000,4991,fnatic,7,9928,GamerLegion,13,GamerLegion,Overpass,8046,PGL Masters Bucharest 2025
212165,1761744000000,9928,GamerLegion,13,4991,fnatic,11,GamerLegion,Train,8046,PGL Masters Bucharest 2025
212156,1761732300000,12394,BetBoom,11,13404,Gentle Mates,13,Gentle Mates,Nuke,8046,PGL Masters Bucharest 2025
212149,1761732300000,13404,Gentle Mates,11,12394,BetBoom,13,BetBoom,Mirage,8046,PGL Masters Bucharest 2025
212146,1761732300000,12394,BetBoom,7,13404,Gentle Mates,13,Gentle Mates,Ancient,8046,PGL Masters Bucharest 2025
212147,1761724800000,11861,Aurora,9,10567,SAW,13,SAW,Train,8046,PGL Masters Bucharest 2025
212142,1761724800000,10567,SAW,16,11861,Aurora,13,SAW,Inferno,8046,PGL Masters Bucharest 2025
212139,1761724800000,11861,Aurora,13,10567,SAW,10,Aurora,Nuke,8046,PGL Masters Bucharest 2025
212141,1761724800000,6665,Astralis,13,4914,3DMAX,10,Astralis,Inferno,8046,PGL Masters Bucharest 2025
212138,1761724800000,4914,3DMAX,3,6665,Astralis,13,Astralis,Ancient,8046,PGL Masters Bucharest 2025
212103,1761664200000,4411,Ninjas in Pyjamas,10,13404,Gentle Mates,13,Gentle Mates,Ancient,8046,PGL Masters Bucharest 2025
212096,1761664200000,13404,Gentle Mates,9,4411,Ninjas in Pyjamas,13,Ninjas in Pyjamas,Train,8046,PGL Masters Bucharest 2025
212090,1761664200000,4411,Ninjas in Pyjamas,9,13404,Gentle Mates,13,Gentle Mates,Inferno,8046,PGL Masters Bucharest 2025
212093,1761663600000,4773,paiN,13,11241,B8,10,paiN,Mirage,8046,PGL Masters Bucharest 2025
212086,1761663600000,11241,B8,8,4773,paiN,13,paiN,Dust2,8046,PGL Masters Bucharest 2025
212081,1761656100000,7175,HEROIC,13,11861,Aurora,11,HEROIC,Inferno,8046,PGL Masters Bucharest 2025
212073,1761656100000,11861,Aurora,4,7175,HEROIC,13,HEROIC,Mirage,8046,PGL Masters Bucharest 2025
212067,1761647700000,12468,Legacy,13,6665,Astralis,3,Legacy,Nuke,8046,PGL Masters Bucharest 2025
212064,1761647700000,6665,Astralis,14,12468,Legacy,16,Legacy,Inferno,8046,PGL Masters Bucharest 2025
212062,1761638400000,9928,GamerLegion,14,10567,SAW,16,SAW,Ancient,8046,PGL Masters Bucharest 2025
212054,1761638400000,10567,SAW,19,9928,GamerLegion,17,SAW,Inferno,8046,PGL Masters Bucharest 2025
212052,1761638400000,9928,GamerLegion,13,10567,SAW,6,GamerLegion,Nuke,8046,PGL Masters Bucharest 2025
212058,1761638400000,12394,BetBoom,2,5973,Liquid,13,Liquid,Ancient,8046,PGL Masters Bucharest 2025
212053,1761638400000,5973,Liquid,3,12394,BetBoom,13,BetBoom,Nuke,8046,PGL Masters Bucharest 2025
212051,1761638400000,12394,BetBoom,5,5973,Liquid,13,Liquid,Mirage,8046,PGL Masters Bucharest 2025
212001,1761584700000,11241,B8,13,4914,3DMAX,9,B8,Inferno,8046,PGL Masters Bucharest 2025
211989,1761584700000,4914,3DMAX,11,11241,B8,13,B8,Ancient,8046,PGL Masters Bucharest 2025
211979,1761572700000,11861,Aurora,13,5973,Liquid,8,Aurora,Dust2,8046,PGL Masters Bucharest 2025
211972,1761572700000,5973,Liquid,4,11861,Aurora,13,Aurora,Train,8046,PGL Masters Bucharest 2025
211961,1761572700000,11861,Aurora,16,5973,Liquid,19,Liquid,Mirage,8046,PGL Masters Bucharest 2025
211950,1761564000000,12394,BetBoom,11,7175,HEROIC,13,HEROIC,Mirage,8046,PGL Masters Bucharest 2025
211945,1761564000000,7175,HEROIC,13,12394,BetBoom,8,HEROIC,Nuke,8046,PGL Masters Bucharest 2025
211948,1761560100000,10567,SAW,16,4411,Ninjas in Pyjamas,14,SAW,Train,8046,PGL Masters Bucharest 2025
211944,1761560100000,4411,Ninjas in Pyjamas,13,10567,SAW,10,Ninjas in Pyjamas,Nuke,8046,PGL Masters Bucharest 2025
211940,1761560100000,10567,SAW,13,4411,Ninjas in Pyjamas,5,SAW,Ancient,8046,PGL Masters Bucharest 2025
211941,1761552000000,9928,GamerLegion,10,4773,paiN,13,paiN,Dust2,8046,PGL Masters Bucharest 2025
211934,1761552000000,4773,paiN,13,9928,GamerLegion,5,paiN,Overpass,8046,PGL Masters Bucharest 2025
211932,1761552000000,9928,GamerLegion,13,4773,paiN,10,GamerLegion,Nuke,8046,PGL Masters Bucharest 2025
211933,1761552000000,13404,Gentle Mates,13,12468,Legacy,16,Legacy,Inferno,8046,PGL Masters Bucharest 2025
211931,1761552000000,12468,Legacy,13,13404,Gentle Mates,5,Legacy,Ancient,8046,PGL Masters Bucharest 2025
211838,1761495600000,4991,fnatic,8,11861,Aurora,13,Aurora,Dust2,8046,PGL Masters Bucharest 2025
211829,1761495600000,11861,Aurora,16,4991,fnatic,14,Aurora,Mirage,8046,PGL Masters Bucharest 2025
211835,1761494700000,11241,B8,13,6665,Astralis,4,B8,Ancient,8046,PGL Masters Bucharest 2025
211827,1761494700000,6665,Astralis,12,11241,B8,16,B8,Mirage,8046,PGL Masters Bucharest 2025
211817,1761488400000,10567,SAW,8,4914,3DMAX,13,3DMAX,Nuke,8046,PGL Masters Bucharest 2025
211810,1761488400000,4914,3DMAX,13,10567,SAW,5,3DMAX,Ancient,8046,PGL Masters Bucharest 2025
211790,1761476400000,4411,Ninjas in Pyjamas,10,7175,HEROIC,13,HEROIC,Dust2,8046,PGL Masters Bucharest 2025
211784,1761476400000,7175,HEROIC,13,4411,Ninjas in Pyjamas,7,HEROIC,Nuke,8046,PGL Masters Bucharest 2025
211780,1761465900000,13404,Gentle Mates,10,4773,paiN,13,paiN,Mirage,8046,PGL Masters Bucharest 2025
211774,1761465900000,4773,paiN,19,13404,Gentle Mates,15,paiN,Ancient,8046,PGL Masters Bucharest 2025
211782,1761465600000,12468,Legacy,9,5973,Liquid,13,Liquid,Nuke,8046,PGL Masters Bucharest 2025
211778,1761465600000,5973,Liquid,13,12468,Legacy,7,Liquid,Inferno,8046,PGL Masters Bucharest 2025
211773,1761465600000,12468,Legacy,13,5973,Liquid,11,Legacy,Mirage,8046,PGL Masters Bucharest 2025
211256,1760889300000,8297,FURIA,13,4608,Natus Vincere,1,FURIA,Train,8067,Thunderpick World Championship 2025
211254,1760889300000,4608,Natus Vincere,5,8297,FURIA,13,FURIA,Dust2,8067,Thunderpick World Championship 2025
211249,1760889300000,8297,FURIA,13,4608,Natus Vincere,8,FURIA,Nuke,8067,Thunderpick World Championship 2025
211244,1760889300000,8297,FURIA,9,4608,Natus Vincere,13,Natus Vincere,Inferno,8067,Thunderpick World Championship 2025
211241,1760889300000,8297,FURIA,6,4608,Natus Vincere,13,Natus Vincere,Mirage,8067,Thunderpick World Championship 2025
211233,1760873400000,6248,The MongolZ,16,11861,Aurora,14,The MongolZ,Nuke,8067,Thunderpick World Championship 2025
211230,1760873400000,11861,Aurora,10,6248,The MongolZ,13,The MongolZ,Mirage,8067,Thunderpick World Championship 2025
211224,1760873400000,6248,The MongolZ,14,11861,Aurora,16,Aurora,Inferno,8067,Thunderpick World Championship 2025
211221,1760856900000,12468,Legacy,13,4914,3DMAX,6,Legacy,Ancient,8027,CS Asia Championships 2025
211219,1760856900000,12468,Legacy,13,4914,3DMAX,10,Legacy,Train,8027,CS Asia Championships 2025
211215,1760856900000,4914,3DMAX,13,12468,Legacy,5,3DMAX,Inferno,8027,CS Asia Championships 2025
211212,1760856900000,4914,3DMAX,13,12468,Legacy,11,3DMAX,Dust2,8027,CS Asia Championships 2025
211211,1760856900000,12468,Legacy,13,4914,3DMAX,6,Legacy,Nuke,8027,CS Asia Championships 2025
211210,1760842800000,5973,Liquid,13,7175,HEROIC,5,Liquid,Dust2,8027,CS Asia Championships 2025
211209,1760842800000,7175,HEROIC,4,5973,Liquid,13,Liquid,Mirage,8027,CS Asia Championships 2025
211190,1760808600000,4608,Natus Vincere,13,6248,The MongolZ,10,Natus Vincere,Ancient,8067,Thunderpick World Championship 2025
211187,1760808600000,6248,The MongolZ,13,4608,Natus Vincere,3,The MongolZ,Nuke,8067,Thunderpick World Championship 2025
211182,1760808600000,4608,Natus Vincere,13,6248,The MongolZ,9,Natus Vincere,Mirage,8067,Thunderpick World Championship 2025
211164,1760796000000,11861,Aurora,5,8297,FURIA,13,FURIA,Overpass,8067,Thunderpick World Championship 2025
211163,1760796000000,8297,FURIA,13,11861,Aurora,11,FURIA,Train,8067,Thunderpick World Championship 2025
211142,1760778000000,7175,HEROIC,8,12468,Legacy,13,Legacy,Inferno,8027,CS Asia Championships 2025
211139,1760778000000,12468,Legacy,13,7175,HEROIC,6,Legacy,Ancient,8027,CS Asia Championships 2025
211135,1760778000000,7175,HEROIC,13,12468,Legacy,2,HEROIC,Dust2,8027,CS Asia Championships 2025
211131,1760763600000,4914,3DMAX,13,5973,Liquid,8,3DMAX,Inferno,8027,CS Asia Championships 2025
211130,1760763600000,5973,Liquid,7,4914,3DMAX,13,3DMAX,Nuke,8027,CS Asia Championships 2025
211129,1760763600000,4914,3DMAX,10,5973,Liquid,13,Liquid,Dust2,8027,CS Asia Championships 2025
211072,1760692200000,12468,Legacy,13,13286,FUT,8,Legacy,Dust2,8027,CS Asia Championships 2025
211064,1760692200000,13286,FUT,16,12468,Legacy,19,Legacy,Inferno,8027,CS Asia Championships 2025
211054,1760692200000,12468,Legacy,8,13286,FUT,13,FUT,Mirage,8027,CS Asia Championships 2025
211048,1760677200000,4991,fnatic,9,4914,3DMAX,13,3DMAX,Dust2,8027,CS Asia Championships 2025
211047,1760677200000,4914,3DMAX,7,4991,fnatic,13,fnatic,Train,8027,CS Asia Championships 2025
211046,1760677200000,4991,fnatic,5,4914,3DMAX,13,3DMAX,Inferno,8027,CS Asia Championships 2025
211004,1760629500000,11861,Aurora,11,4608,Natus Vincere,13,Natus Vincere,Dust2,8067,Thunderpick World Championship 2025
210999,1760629500000,4608,Natus Vincere,13,11861,Aurora,6,Natus Vincere,Mirage,8067,Thunderpick World Championship 2025
210994,1760629500000,11861,Aurora,13,4608,Natus Vincere,4,Aurora,Nuke,8067,Thunderpick World Championship 2025
210967,1760607900000,13286,FUT,13,6667,FaZe,10,FUT,Dust2,8027,CS Asia Championships 2025
210961,1760607900000,6667,FaZe,13,13286,FUT,11,FaZe,Mirage,8027,CS Asia Championships 2025
210950,1760607900000,13286,FUT,13,6667,FaZe,11,FUT,Ancient,8027,CS Asia Championships 2025
210968,1760607600000,4914,3DMAX,13,5378,Virtus.pro,9,3DMAX,Train,8027,CS Asia Championships 2025
210962,1760607600000,5378,Virtus.pro,8,4914,3DMAX,13,3DMAX,Inferno,8027,CS Asia Championships 2025
210951,1760607600000,4914,3DMAX,9,5378,Virtus.pro,13,Virtus.pro,Overpass,8027,CS Asia Championships 2025
210953,1760603400000,8297,FURIA,13,6248,The MongolZ,11,FURIA,Mirage,8067,Thunderpick World Championship 2025
210943,1760603400000,6248,The MongolZ,15,8297,FURIA,19,FURIA,Dust2,8067,Thunderpick World Championship 2025
210938,1760596200000,12468,Legacy,11,5973,Liquid,13,Liquid,Inferno,8027,CS Asia Championships 2025
210933,1760596200000,5973,Liquid,13,12468,Legacy,6,Liquid,Dust2,8027,CS Asia Championships 2025
210931,1760596200000,12468,Legacy,13,5973,Liquid,6,Legacy,Mirage,8027,CS Asia Championships 2025
210939,1760594400000,7175,HEROIC,22,4991,fnatic,18,HEROIC,Mirage,8027,CS Asia Championships 2025
210932,1760594400000,4991,fnatic,13,7175,HEROIC,2,fnatic,Dust2,8027,CS Asia Championships 2025
210930,1760594400000,7175,HEROIC,13,4991,fnatic,3,HEROIC,Inferno,8027,CS Asia Championships 2025
210928,1760583900000,13286,FUT,13,4773,paiN,6,FUT,Dust2,8027,CS Asia Championships 2025
210921,1760583900000,4773,paiN,13,13286,FUT,16,FUT,Mirage,8027,CS Asia Championships 2025
210929,1760583600000,4863,TYLOO,8,6667,FaZe,13,FaZe,Mirage,8027,CS Asia Championships 2025
210927,1760583600000,4863,TYLOO,7,6667,FaZe,13,FaZe,Inferno,8027,CS Asia Championships 2025
210920,1760583600000,4863,TYLOO,13,6667,FaZe,9,TYLOO,Nuke,8027,CS Asia Championships 2025
210828,1760525400000,8840,Lynn Vision,8,4914,3DMAX,13,3DMAX,Inferno,8027,CS Asia Championships 2025
210823,1760525400000,4914,3DMAX,16,8840,Lynn Vision,13,3DMAX,Dust2,8027,CS Asia Championships 2025
210818,1760517000000,10503,OG,9,8297,FURIA,13,FURIA,Inferno,8067,Thunderpick World Championship 2025
210808,1760517000000,8297,FURIA,13,10503,OG,10,FURIA,Nuke,8067,Thunderpick World Championship 2025
210815,1760514000000,4991,fnatic,13,4863,TYLOO,10,fnatic,Inferno,8027,CS Asia Championships 2025
210803,1760514000000,4863,TYLOO,14,4991,fnatic,16,fnatic,Train,8027,CS Asia Championships 2025
210806,1760510400000,13286,FUT,8,7175,HEROIC,13,HEROIC,Overpass,8027,CS Asia Championships 2025
210799,1760510400000,7175,HEROIC,13,13286,FUT,6,HEROIC,Ancient,8027,CS Asia Championships 2025
210798,1760499000000,11241,B8,5,6667,FaZe,13,FaZe,Ancient,8027,CS Asia Championships 2025
210793,1760499000000,6667,FaZe,18,11241,B8,22,B8,Mirage,8027,CS Asia Championships 2025
210791,1760499000000,11241,B8,9,6667,FaZe,13,FaZe,Dust2,8027,CS Asia Championships 2025
210745,1760443800000,4914,3DMAX,7,12468,Legacy,13,Legacy,Inferno,8027,CS Asia Championships 2025
210741,1760443800000,12468,Legacy,8,4914,3DMAX,13,3DMAX,Nuke,8027,CS Asia Championships 2025
210738,1760443800000,4914,3DMAX,6,12468,Legacy,13,Legacy,Dust2,8027,CS Asia Championships 2025
210736,1760432700000,8840,Lynn Vision,13,9928,GamerLegion,9,Lynn Vision,Inferno,8027,CS Asia Championships 2025
210731,1760432700000,9928,GamerLegion,8,8840,Lynn Vision,13,Lynn Vision,Train,8027,CS Asia Championships 2025
210725,1760432700000,8840,Lynn Vision,5,9928,GamerLegion,13,GamerLegion,Overpass,8027,CS Asia Championships 2025
210721,1760428200000,7175,HEROIC,16,11241,B8,12,HEROIC,Dust2,8027,CS Asia Championships 2025
210720,1760427900000,6667,FaZe,11,13286,FUT,13,FUT,Mirage,8027,CS Asia Championships 2025
210717,1760423100000,4773,paiN,8,4991,fnatic,13,fnatic,Overpass,8027,CS Asia Championships 2025
210712,1760415600000,12468,Legacy,13,5378,Virtus.pro,2,Legacy,Mirage,8027,CS Asia Championships 2025
210713,1760414700000,5973,Liquid,13,9928,GamerLegion,9,Liquid,Inferno,8027,CS Asia Championships 2025
210644,1760281200000,11283,Falcons,5,9565,Vitality,13,Vitality,Dust2,8040,ESL Pro League Season 22
210636,1760281200000,9565,Vitality,13,11283,Falcons,9,Vitality,Train,8040,ESL Pro League Season 22
210632,1760281200000,9565,Vitality,13,11283,Falcons,10,Vitality,Inferno,8040,ESL Pro League Season 22
210620,1760268600000,6667,FaZe,10,4494,MOUZ,13,MOUZ,Overpass,8040,ESL Pro League Season 22
210615,1760268600000,4494,MOUZ,13,6667,FaZe,7,MOUZ,Ancient,8040,ESL Pro League Season 22
210624,1760266800000,13117,Inner Circle,11,12467,PARIVISION,13,PARIVISION,Ancient,8688,Galaxy Battle 2025 Phase 4
210619,1760266800000,12467,PARIVISION,13,13117,Inner Circle,2,PARIVISION,Mirage,8688,Galaxy Battle 2025 Phase 4
210614,1760266800000,13117,Inner Circle,10,12467,PARIVISION,13,PARIVISION,Overpass,8688,Galaxy Battle 2025 Phase 4
210591,1760202000000,6667,FaZe,8,9565,Vitality,13,Vitality,Dust2,8040,ESL Pro League Season 22
210585,1760202000000,9565,Vitality,13,6667,FaZe,9,Vitality,Inferno,8040,ESL Pro League Season 22
210567,1760202000000,9565,Vitality,20,6667,FaZe,22,FaZe,Mirage,8040,ESL Pro League Season 22
210560,1760191200000,12467,PARIVISION,13,13404,Gentle Mates,5,PARIVISION,Inferno,8688,Galaxy Battle 2025 Phase 4
210553,1760191200000,13404,Gentle Mates,11,12467,PARIVISION,13,PARIVISION,Mirage,8688,Galaxy Battle 2025 Phase 4
210559,1760190300000,4494,MOUZ,7,11283,Falcons,13,Falcons,Ancient,8040,ESL Pro League Season 22
210550,1760190300000,4494,MOUZ,13,11283,Falcons,16,Falcons,Inferno,8040,ESL Pro League Season 22
210516,1760117700000,9565,Vitality,13,8297,FURIA,7,Vitality,Nuke,8040,ESL Pro League Season 22
210508,1760117700000,8297,FURIA,7,9565,Vitality,13,Vitality,Inferno,8040,ESL Pro League Season 22
210497,1760117700000,9565,Vitality,9,8297,FURIA,13,FURIA,Overpass,8040,ESL Pro League Season 22
210479,1760110200000,6667,FaZe,13,7020,Spirit,5,FaZe,Mirage,8040,ESL Pro League Season 22
210475,1760110200000,7020,Spirit,9,6667,FaZe,13,FaZe,Nuke,8040,ESL Pro League Season 22
210463,1760097600000,4494,MOUZ,13,4608,Natus Vincere,4,MOUZ,Train,8040,ESL Pro League Season 22
210456,1760097600000,4494,MOUZ,13,4608,Natus Vincere,8,MOUZ,Inferno,8040,ESL Pro League Season 22
210444,1760097600000,4494,MOUZ,14,4608,Natus Vincere,16,Natus Vincere,Ancient,8040,ESL Pro League Season 22
210434,1760085000000,4914,3DMAX,13,11283,Falcons,16,Falcons,Nuke,8040,ESL Pro League Season 22
210431,1760085000000,4914,3DMAX,7,11283,Falcons,13,Falcons,Ancient,8040,ESL Pro League Season 22
210425,1760085000000,11283,Falcons,9,4914,3DMAX,13,3DMAX,Inferno,8040,ESL Pro League Season 22
210232,1759941000000,11861,Aurora,10,6667,FaZe,13,FaZe,Dust2,8040,ESL Pro League Season 22
210216,1759941000000,6667,FaZe,2,11861,Aurora,13,Aurora,Train,8040,ESL Pro League Season 22
210204,1759941000000,11861,Aurora,8,6667,FaZe,13,FaZe,Mirage,8040,ESL Pro League Season 22
210199,1759932000000,4914,3DMAX,13,5995,G2,6,3DMAX,Dust2,8040,ESL Pro League Season 22
210192,1759932000000,5995,G2,11,4914,3DMAX,13,3DMAX,Inferno,8040,ESL Pro League Season 22
210173,1759923000000,4608,Natus Vincere,16,6248,The MongolZ,12,Natus Vincere,Ancient,8040,ESL Pro League Season 22
210163,1759923000000,6248,The MongolZ,3,4608,Natus Vincere,13,Natus Vincere,Nuke,8040,ESL Pro League Season 22
210104,1759856400000,13117,Inner Circle,9,6667,FaZe,13,FaZe,Nuke,8040,ESL Pro League Season 22
210092,1759856400000,6667,FaZe,13,13117,Inner Circle,7,FaZe,Ancient,8040,ESL Pro League Season 22
210103,1759856400000,5995,G2,13,9565,Vitality,16,Vitality,Mirage,8040,ESL Pro League Season 22
210091,1759856400000,9565,Vitality,13,5995,G2,2,Vitality,Inferno,8040,ESL Pro League Season 22
210085,1759848300000,4914,3DMAX,8,4494,MOUZ,13,MOUZ,Overpass,8040,ESL Pro League Season 22
210075,1759848300000,4494,MOUZ,13,4914,3DMAX,5,MOUZ,Inferno,8040,ESL Pro League Season 22
210077,1759845600000,13404,Gentle Mates,19,6248,The MongolZ,22,The MongolZ,Mirage,8040,ESL Pro League Season 22
210065,1759845600000,6248,The MongolZ,13,13404,Gentle Mates,8,The MongolZ,Inferno,8040,ESL Pro League Season 22
210059,1759836600000,11861,Aurora,12,8297,FURIA,16,FURIA,Overpass,8040,ESL Pro League Season 22
210048,1759836600000,11861,Aurora,13,8297,FURIA,9,Aurora,Mirage,8040,ESL Pro League Season 22
210036,1759836600000,8297,FURIA,13,11861,Aurora,3,FURIA,Inferno,8040,ESL Pro League Season 22
210049,1759836600000,11581,HOTU,9,4608,Natus Vincere,13,Natus Vincere,Train,8040,ESL Pro League Season 22
210037,1759836600000,4608,Natus Vincere,13,11581,HOTU,7,Natus Vincere,Ancient,8040,ESL Pro League Season 22
209973,1759772100000,4494,MOUZ,7,11283,Falcons,13,Falcons,Nuke,8040,ESL Pro League Season 22
209964,1759772100000,11283,Falcons,3,4494,MOUZ,13,MOUZ,Inferno,8040,ESL Pro League Season 22
209950,1759772100000,4494,MOUZ,9,11283,Falcons,13,Falcons,Ancient,8040,ESL Pro League Season 22
209947,1759766400000,5995,G2,9,7020,Spirit,13,Spirit,Mirage,8040,ESL Pro League Season 22
209931,1759766400000,7020,Spirit,13,5995,G2,8,Spirit,Dust2,8040,ESL Pro League Season 22
209933,1759760400000,6248,The MongolZ,13,9928,GamerLegion,7,The MongolZ,Nuke,8040,ESL Pro League Season 22
209926,1759760400000,6248,The MongolZ,11,9928,GamerLegion,13,GamerLegion,Ancient,8040,ESL Pro League Season 22
209921,1759760400000,6248,The MongolZ,13,9928,GamerLegion,10,The MongolZ,Inferno,8040,ESL Pro League Season 22
209918,1759757400000,6665,Astralis,4,6667,FaZe,13,FaZe,Dust2,8040,ESL Pro League Season 22
209905,1759757400000,6667,FaZe,13,6665,Astralis,7,FaZe,Ancient,8040,ESL Pro League Season 22
209902,1759748400000,4608,Natus Vincere,8,4914,3DMAX,13,3DMAX,Nuke,8040,ESL Pro League Season 22
209894,1759748400000,4914,3DMAX,11,4608,Natus Vincere,13,Natus Vincere,Train,8040,ESL Pro League Season 22
209887,1759748400000,4914,3DMAX,13,4608,Natus Vincere,11,3DMAX,Inferno,8040,ESL Pro League Season 22
209890,1759748400000,13117,Inner Circle,2,8297,FURIA,13,FURIA,Overpass,8040,ESL Pro League Season 22
209883,1759748400000,8297,FURIA,13,13117,Inner Circle,2,FURIA,Mirage,8040,ESL Pro League Season 22
209876,1759739400000,13404,Gentle Mates,10,11861,Aurora,13,Aurora,Train,8040,ESL Pro League Season 22
209867,1759739400000,11861,Aurora,13,13404,Gentle Mates,3,Aurora,Nuke,8040,ESL Pro League Season 22
209874,1759739400000,11581,HOTU,5,9565,Vitality,13,Vitality,Dust2,8040,ESL Pro League Season 22
209868,1759739400000,9565,Vitality,13,11581,HOTU,8,Vitality,Overpass,8040,ESL Pro League Season 22
209864,1759707900000,4991,fnatic,13,10278,9INE,9,fnatic,Train,8645,Fragadelphia Blocktober 2025
209860,1759707900000,4991,fnatic,16,10278,9INE,14,fnatic,Overpass,8645,Fragadelphia Blocktober 2025
209856,1759707900000,10278,9INE,13,4991,fnatic,7,9INE,Ancient,8645,Fragadelphia Blocktober 2025
209848,1759707900000,4991,fnatic,13,10278,9INE,7,fnatic,Inferno,8645,Fragadelphia Blocktober 2025
209847,1759707900000,4991,fnatic,7,10278,9INE,13,9INE,Dust2,8645,Fragadelphia Blocktober 2025
209840,1759696500000,11419,ECSTATIC,4,10503,OG,13,OG,Nuke,8645,Fragadelphia Blocktober 2025
209833,1759696500000,11419,ECSTATIC,11,10503,OG,13,OG,Ancient,8645,Fragadelphia Blocktober 2025
209828,1759696500000,10503,OG,10,11419,ECSTATIC,13,ECSTATIC,Train,8645,Fragadelphia Blocktober 2025
209822,1759684500000,10278,9INE,13,11419,ECSTATIC,11,9INE,Inferno,8645,Fragadelphia Blocktober 2025
209812,1759684500000,10278,9INE,13,11419,ECSTATIC,2,9INE,Nuke,8645,Fragadelphia Blocktober 2025
209797,1759684500000,11419,ECSTATIC,13,10278,9INE,11,ECSTATIC,Ancient,8645,Fragadelphia Blocktober 2025
209809,1759683600000,4914,3DMAX,13,6667,FaZe,11,3DMAX,Dust2,8040,ESL Pro League Season 22
209789,1759683600000,6667,FaZe,9,4914,3DMAX,13,3DMAX,Train,8040,ESL Pro League Season 22
209794,1759680000000,5995,G2,13,8297,FURIA,8,G2,Dust2,8040,ESL Pro League Season 22
209786,1759680000000,8297,FURIA,11,5995,G2,13,G2,Train,8040,ESL Pro League Season 22
209778,1759673700000,9928,GamerLegion,1,9565,Vitality,13,Vitality,Dust2,8040,ESL Pro League Season 22
209770,1759673700000,9565,Vitality,13,9928,GamerLegion,3,Vitality,Overpass,8040,ESL Pro League Season 22
209779,1759672800000,10503,OG,8,4991,fnatic,13,fnatic,Mirage,8645,Fragadelphia Blocktober 2025
209771,1759672800000,4991,fnatic,13,10503,OG,11,fnatic,Ancient,8645,Fragadelphia Blocktober 2025
209773,1759671000000,11581,HOTU,6,7020,Spirit,13,Spirit,Dust2,8040,ESL Pro League Season 22
209764,1759671000000,7020,Spirit,13,11581,HOTU,7,Spirit,Overpass,8040,ESL Pro League Season 22
209762,1759662000000,6665,Astralis,9,11861,Aurora,13,Aurora,Overpass,8040,ESL Pro League Season 22
209755,1759662000000,6665,Astralis,9,11861,Aurora,13,Aurora,Train,8040,ESL Pro League Season 22
209751,1759662000000,11861,Aurora,8,6665,Astralis,13,Astralis,Nuke,8040,ESL Pro League Season 22
209754,1759662000000,13404,Gentle Mates,11,4494,MOUZ,13,MOUZ,Mirage,8040,ESL Pro League Season 22
209750,1759662000000,4494,MOUZ,13,13404,Gentle Mates,4,MOUZ,Inferno,8040,ESL Pro League Season 22
209743,1759653000000,13117,Inner Circle,13,6248,The MongolZ,11,Inner Circle,Mirage,8040,ESL Pro League Season 22
209736,1759653000000,6248,The MongolZ,9,13117,Inner Circle,13,Inner Circle,Dust2,8040,ESL Pro League Season 22
209740,1759653000000,4608,Natus Vincere,14,11283,Falcons,16,Falcons,Ancient,8040,ESL Pro League Season 22
209735,1759653000000,11283,Falcons,13,4608,Natus Vincere,2,Falcons,Nuke,8040,ESL Pro League Season 22
209723,1759619700000,10278,9INE,13,10567,SAW,7,9INE,Inferno,8645,Fragadelphia Blocktober 2025
209719,1759619700000,10278,9INE,4,10567,SAW,13,SAW,Dust2,8645,Fragadelphia Blocktober 2025
209716,1759619700000,10567,SAW,7,10278,9INE,13,9INE,Ancient,8645,Fragadelphia Blocktober 2025
209689,1759593600000,4914,3DMAX,8,8297,FURIA,13,FURIA,Dust2,8040,ESL Pro League Season 22
209685,1759593600000,8297,FURIA,13,4914,3DMAX,6,FURIA,Nuke,8040,ESL Pro League Season 22
209681,1759588200000,13404,Gentle Mates,13,9565,Vitality,11,Gentle Mates,Train,8040,ESL Pro League Season 22
209670,1759588200000,9565,Vitality,6,13404,Gentle Mates,13,Gentle Mates,Nuke,8040,ESL Pro League Season 22
209673,1759584300000,4608,Natus Vincere,13,11861,Aurora,10,Natus Vincere,Dust2,8040,ESL Pro League Season 22
209660,1759584300000,11861,Aurora,9,4608,Natus Vincere,13,Natus Vincere,Nuke,8040,ESL Pro League Season 22
209659,1759577100000,11581,HOTU,13,6248,The MongolZ,9,HOTU,Ancient,8040,ESL Pro League Season 22
209652,1759577100000,11581,HOTU,10,6248,The MongolZ,13,The MongolZ,Mirage,8040,ESL Pro League Season 22
209649,1759577100000,6248,The MongolZ,8,11581,HOTU,13,HOTU,Overpass,8040,ESL Pro League Season 22
209651,1759575600000,6665,Astralis,6,11283,Falcons,13,Falcons,Mirage,8040,ESL Pro League Season 22
209648,1759575600000,11283,Falcons,13,6665,Astralis,8,Falcons,Inferno,8040,ESL Pro League Season 22
209645,1759566600000,7020,Spirit,13,13117,Inner Circle,11,Spirit,Mirage,8040,ESL Pro League Season 22
209639,1759566600000,13117,Inner Circle,13,7020,Spirit,4,Inner Circle,Nuke,8040,ESL Pro League Season 22
209634,1759566600000,7020,Spirit,13,13117,Inner Circle,4,Spirit,Ancient,8040,ESL Pro League Season 22
209640,1759566600000,9928,GamerLegion,3,4494,MOUZ,13,MOUZ,Nuke,8040,ESL Pro League Season 22
209637,1759566600000,4494,MOUZ,13,9928,GamerLegion,9,MOUZ,Overpass,8040,ESL Pro League Season 22
209506,1759424700000,8297,FURIA,13,11241,B8,9,FURIA,Overpass,8393,ESL Pro League Season 22 Stage 1
209501,1759424700000,11241,B8,8,8297,FURIA,13,FURIA,Inferno,8393,ESL Pro League Season 22 Stage 1
209493,1759424700000,8297,FURIA,5,11241,B8,13,B8,Mirage,8393,ESL Pro League Season 22 Stage 1
209490,1759413600000,12468,Legacy,3,6665,Astralis,13,Astralis,Ancient,8393,ESL Pro League Season 22 Stage 1
209479,1759413600000,12468,Legacy,11,6665,Astralis,13,Astralis,Overpass,8393,ESL Pro League Season 22 Stage 1
209471,1759413600000,6665,Astralis,7,12468,Legacy,13,Legacy,Inferno,8393,ESL Pro League Season 22 Stage 1
209464,1759404600000,4869,ENCE,5,5995,G2,13,G2,Train,8393,ESL Pro League Season 22 Stage 1
209460,1759404600000,5995,G2,13,4869,ENCE,9,G2,Overpass,8393,ESL Pro League Season 22 Stage 1
209407,1759339800000,13404,Gentle Mates,13,12468,Legacy,4,Gentle Mates,Mirage,8393,ESL Pro League Season 22 Stage 1
209400,1759339800000,12468,Legacy,11,13404,Gentle Mates,13,Gentle Mates,Ancient,8393,ESL Pro League Season 22 Stage 1
209402,1759337400000,12376,M80,7,8297,FURIA,13,FURIA,Inferno,8393,ESL Pro League Season 22 Stage 1
209393,1759337400000,8297,FURIA,13,12376,M80,8,FURIA,Overpass,8393,ESL Pro League Season 22 Stage 1
209391,1759328100000,4914,3DMAX,16,4869,ENCE,14,3DMAX,Ancient,8393,ESL Pro League Season 22 Stage 1
209386,1759328100000,4869,ENCE,5,4914,3DMAX,13,3DMAX,Nuke,8393,ESL Pro League Season 22 Stage 1
209379,1759328100000,4914,3DMAX,11,4869,ENCE,13,ENCE,Dust2,8393,ESL Pro League Season 22 Stage 1
209390,1759327200000,6665,Astralis,13,7175,HEROIC,2,Astralis,Nuke,8393,ESL Pro League Season 22 Stage 1
209384,1759327200000,7175,HEROIC,13,6665,Astralis,4,HEROIC,Inferno,8393,ESL Pro League Season 22 Stage 1
209374,1759327200000,6665,Astralis,13,7175,HEROIC,10,Astralis,Mirage,8393,ESL Pro League Season 22 Stage 1
209366,1759318200000,11241,B8,11,9928,GamerLegion,13,GamerLegion,Inferno,8393,ESL Pro League Season 22 Stage 1
209358,1759318200000,11241,B8,9,9928,GamerLegion,13,GamerLegion,Ancient,8393,ESL Pro League Season 22 Stage 1
209300,1759248900000,7175,HEROIC,9,4914,3DMAX,13,3DMAX,Inferno,8393,ESL Pro League Season 22 Stage 1
209296,1759248900000,4914,3DMAX,13,7175,HEROIC,8,3DMAX,Dust2,8393,ESL Pro League Season 22 Stage 1
209299,1759248000000,12468,Legacy,13,8297,FURIA,11,Legacy,Mirage,8393,ESL Pro League Season 22 Stage 1
209293,1759248000000,8297,FURIA,9,12468,Legacy,13,Legacy,Dust2,8393,ESL Pro League Season 22 Stage 1
209280,1759241100000,6665,Astralis,9,9928,GamerLegion,13,GamerLegion,Overpass,8393,ESL Pro League Season 22 Stage 1
209268,1759241100000,9928,GamerLegion,13,6665,Astralis,0,GamerLegion,Nuke,8393,ESL Pro League Season 22 Stage 1
209262,1759230000000,13117,Inner Circle,13,13404,Gentle Mates,11,Inner Circle,Ancient,8393,ESL Pro League Season 22 Stage 1
209255,1759230000000,13404,Gentle Mates,10,13117,Inner Circle,13,Inner Circle,Mirage,8393,ESL Pro League Season 22 Stage 1
209244,1759230000000,13117,Inner Circle,8,13404,Gentle Mates,13,Gentle Mates,Nuke,8393,ESL Pro League Season 22 Stage 1
209261,1759230000000,11241,B8,13,5995,G2,2,B8,Ancient,8393,ESL Pro League Season 22 Stage 1
209253,1759230000000,11241,B8,7,5995,G2,13,G2,Dust2,8393,ESL Pro League Season 22 Stage 1
209245,1759230000000,5995,G2,9,11241,B8,13,B8,Mirage,8393,ESL Pro League Season 22 Stage 1
209230,1759221000000,11581,HOTU,13,4869,ENCE,8,HOTU,Ancient,8393,ESL Pro League Season 22 Stage 1
209222,1759221000000,4869,ENCE,4,11581,HOTU,13,HOTU,Dust2,8393,ESL Pro League Season 22 Stage 1
209191,1759162800000,13404,Gentle Mates,13,5995,G2,7,Gentle Mates,Ancient,8393,ESL Pro League Season 22 Stage 1
209185,1759162800000,13404,Gentle Mates,13,5995,G2,11,Gentle Mates,Mirage,8393,ESL Pro League Season 22 Stage 1
209180,1759162800000,5995,G2,13,13404,Gentle Mates,2,G2,Inferno,8393,ESL Pro League Season 22 Stage 1
209176,1759155000000,7175,HEROIC,13,12376,M80,9,HEROIC,Overpass,8393,ESL Pro League Season 22 Stage 1
209169,1759155000000,12376,M80,4,7175,HEROIC,13,HEROIC,Dust2,8393,ESL Pro League Season 22 Stage 1
209165,1759144200000,4869,ENCE,13,6665,Astralis,7,ENCE,Overpass,8393,ESL Pro League Season 22 Stage 1
209161,1759144200000,4869,ENCE,13,6665,Astralis,2,ENCE,Nuke,8393,ESL Pro League Season 22 Stage 1
209152,1759144200000,6665,Astralis,16,4869,ENCE,13,Astralis,Ancient,8393,ESL Pro League Season 22 Stage 1
209166,1759143600000,13117,Inner Circle,13,9928,GamerLegion,1,Inner Circle,Dust2,8393,ESL Pro League Season 22 Stage 1
209157,1759143600000,13117,Inner Circle,20,9928,GamerLegion,22,GamerLegion,Overpass,8393,ESL Pro League Season 22 Stage 1
209147,1759143600000,9928,GamerLegion,3,13117,Inner Circle,13,Inner Circle,Ancient,8393,ESL Pro League Season 22 Stage 1
209145,1759134600000,11581,HOTU,13,11241,B8,2,HOTU,Ancient,8393,ESL Pro League Season 22 Stage 1
209141,1759134600000,11581,HOTU,13,11241,B8,10,HOTU,Mirage,8393,ESL Pro League Season 22 Stage 1
209135,1759134600000,11241,B8,13,11581,HOTU,7,B8,Overpass,8393,ESL Pro League Season 22 Stage 1
209118,1759082400000,12426,Passion UA,6,10503,OG,13,OG,Nuke,8698,Digital Crusade DraculaN Season 2
209113,1759082400000,10503,OG,3,12426,Passion UA,13,Passion UA,Train,8698,Digital Crusade DraculaN Season 2
209106,1759082400000,12426,Passion UA,9,10503,OG,13,OG,Ancient,8698,Digital Crusade DraculaN Season 2
209110,1759077000000,12376,M80,8,4869,ENCE,13,ENCE,Ancient,8393,ESL Pro League Season 22 Stage 1
209098,1759077000000,4869,ENCE,9,12376,M80,13,M80,Mirage,8393,ESL Pro League Season 22 Stage 1
209093,1759077000000,12376,M80,10,4869,ENCE,13,ENCE,Dust2,8393,ESL Pro League Season 22 Stage 1
209103,1759075200000,13404,Gentle Mates,16,7175,HEROIC,12,Gentle Mates,Ancient,8393,ESL Pro League Season 22 Stage 1
209095,1759075200000,13404,Gentle Mates,7,7175,HEROIC,13,HEROIC,Mirage,8393,ESL Pro League Season 22 Stage 1
209084,1759075200000,7175,HEROIC,6,13404,Gentle Mates,13,Gentle Mates,Nuke,8393,ESL Pro League Season 22 Stage 1
209079,1759068000000,11241,B8,13,12468,Legacy,2,B8,Train,8393,ESL Pro League Season 22 Stage 1
209068,1759068000000,11241,B8,13,12468,Legacy,6,B8,Ancient,8393,ESL Pro League Season 22 Stage 1
209055,1759068000000,12468,Legacy,13,11241,B8,4,Legacy,Dust2,8393,ESL Pro League Season 22 Stage 1
209074,1759067700000,11581,HOTU,13,8297,FURIA,9,HOTU,Dust2,8393,ESL Pro League Season 22 Stage 1
209057,1759067700000,8297,FURIA,8,11581,HOTU,13,HOTU,Overpass,8393,ESL Pro League Season 22 Stage 1
209089,1759061400000,12394,BetBoom,3,12467,PARIVISION,13,PARIVISION,Overpass,8638,Majestic LanDaLan 3
209080,1759061400000,12394,BetBoom,13,12467,PARIVISION,8,BetBoom,Train,8638,Majestic LanDaLan 3
209063,1759061400000,12394,BetBoom,7,12467,PARIVISION,13,PARIVISION,Ancient,8638,Majestic LanDaLan 3
209052,1759061400000,12394,BetBoom,13,12467,PARIVISION,7,BetBoom,Dust2,8638,Majestic LanDaLan 3
209041,1759061400000,12394,BetBoom,10,12467,PARIVISION,13,PARIVISION,Mirage,8638,Majestic LanDaLan 3
209058,1759059000000,5973,Liquid,8,10278,9INE,13,9INE,Nuke,8700,Birch Cup 2025
209054,1759059000000,5973,Liquid,8,10278,9INE,13,9INE,Train,8700,Birch Cup 2025
209038,1759059000000,10278,9INE,9,5973,Liquid,13,Liquid,Dust2,8700,Birch Cup 2025
209048,1759057200000,13117,Inner Circle,13,4914,3DMAX,4,Inner Circle,Train,8393,ESL Pro League Season 22 Stage 1
209040,1759057200000,13117,Inner Circle,13,4914,3DMAX,9,Inner Circle,Nuke,8393,ESL Pro League Season 22 Stage 1
209027,1759057200000,4914,3DMAX,16,13117,Inner Circle,13,3DMAX,Ancient,8393,ESL Pro League Season 22 Stage 1
208895,1758979800000,4869,ENCE,13,13286,FUT,9,ENCE,Mirage,8700,Birch Cup 2025
208888,1758979800000,13286,FUT,9,4869,ENCE,13,ENCE,Dust2,8700,Birch Cup 2025
208871,1758972600000,10278,9INE,13,5973,Liquid,7,9INE,Ancient,8700,Birch Cup 2025
208821,1758905100000,10503,OG,13,11419,ECSTATIC,11,OG,Nuke,8698,Digital Crusade DraculaN Season 2
208812,1758905100000,11419,ECSTATIC,5,10503,OG,13,OG,Ancient,8698,Digital Crusade DraculaN Season 2
208801,1758905100000,10503,OG,11,11419,ECSTATIC,13,ECSTATIC,Train,8698,Digital Crusade DraculaN Season 2
208594,1758736800000,4869,ENCE,10,13286,FUT,13,FUT,Mirage,8692,Exort The Proving Grounds Season 4
208587,1758736800000,13286,FUT,13,4869,ENCE,11,FUT,Dust2,8692,Exort The Proving Grounds Season 4
208563,1758711600000,4991,fnatic,5,4869,ENCE,13,ENCE,Overpass,8692,Exort The Proving Grounds Season 4
208561,1758711600000,4869,ENCE,9,4991,fnatic,13,fnatic,Train,8692,Exort The Proving Grounds Season 4
208555,1758711600000,4991,fnatic,9,4869,ENCE,13,ENCE,Dust2,8692,Exort The Proving Grounds Season 4
208542,1758647700000,7969,Nemiga,9,4991,fnatic,13,fnatic,Mirage,8692,Exort The Proving Grounds Season 4
208537,1758647700000,4991,fnatic,16,7969,Nemiga,13,fnatic,Ancient,8692,Exort The Proving Grounds Season 4
208504,1758614400000,10567,SAW,11,4869,ENCE,13,ENCE,Overpass,8692,Exort The Proving Grounds Season 4
208501,1758614400000,10567,SAW,9,4869,ENCE,13,ENCE,Dust2,8692,Exort The Proving Grounds Season 4
208498,1758614400000,4869,ENCE,5,10567,SAW,13,SAW,Nuke,8692,Exort The Proving Grounds Season 4
208411,1758471000000,4411,Ninjas in Pyjamas,10,4608,Natus Vincere,13,Natus Vincere,Inferno,8539,StarLadder StarSeries Fall 2025
208403,1758471000000,4608,Natus Vincere,13,4411,Ninjas in Pyjamas,7,Natus Vincere,Nuke,8539,StarLadder StarSeries Fall 2025
208426,1758466800000,6248,The MongolZ,5,8297,FURIA,13,FURIA,Dust2,8064,FISSURE Playground 2
208425,1758466800000,6248,The MongolZ,13,8297,FURIA,9,The MongolZ,Overpass,8064,FISSURE Playground 2
208412,1758466800000,8297,FURIA,16,6248,The MongolZ,12,FURIA,Nuke,8064,FISSURE Playground 2
208406,1758466800000,6248,The MongolZ,13,8297,FURIA,11,The MongolZ,Inferno,8064,FISSURE Playground 2
208397,1758466800000,8297,FURIA,16,6248,The MongolZ,13,FURIA,Mirage,8064,FISSURE Playground 2
208393,1758459600000,4411,Ninjas in Pyjamas,13,11241,B8,11,Ninjas in Pyjamas,Dust2,8539,StarLadder StarSeries Fall 2025
208382,1758459600000,11241,B8,7,4411,Ninjas in Pyjamas,13,Ninjas in Pyjamas,Train,8539,StarLadder StarSeries Fall 2025
208327,1758387000000,11241,B8,13,13404,Gentle Mates,10,B8,Ancient,8539,StarLadder StarSeries Fall 2025
208319,1758387000000,13404,Gentle Mates,3,11241,B8,13,B8,Mirage,8539,StarLadder StarSeries Fall 2025
208311,1758387000000,11241,B8,10,13404,Gentle Mates,13,Gentle Mates,Inferno,8539,StarLadder StarSeries Fall 2025
208316,1758384000000,8297,FURIA,13,11283,Falcons,11,FURIA,Nuke,8064,FISSURE Playground 2
208306,1758384000000,11283,Falcons,12,8297,FURIA,16,FURIA,Train,8064,FISSURE Playground 2
208304,1758378600000,4411,Ninjas in Pyjamas,7,4608,Natus Vincere,13,Natus Vincere,Inferno,8539,StarLadder StarSeries Fall 2025
208303,1758378600000,4608,Natus Vincere,13,4411,Ninjas in Pyjamas,9,Natus Vincere,Nuke,8539,StarLadder StarSeries Fall 2025
208287,1758370200000,12426,Passion UA,11,11241,B8,13,B8,Dust2,8539,StarLadder StarSeries Fall 2025
208280,1758370200000,11241,B8,13,12426,Passion UA,8,B8,Train,8539,StarLadder StarSeries Fall 2025
208288,1758369600000,6248,The MongolZ,13,5973,Liquid,5,The MongolZ,Ancient,8064,FISSURE Playground 2
208283,1758369600000,5973,Liquid,13,6248,The MongolZ,5,Liquid,Mirage,8064,FISSURE Playground 2
208276,1758369600000,6248,The MongolZ,13,5973,Liquid,3,The MongolZ,Dust2,8064,FISSURE Playground 2
208272,1758358800000,13404,Gentle Mates,13,12467,PARIVISION,6,Gentle Mates,Ancient,8539,StarLadder StarSeries Fall 2025
208269,1758358800000,13404,Gentle Mates,13,12467,PARIVISION,10,Gentle Mates,Inferno,8539,StarLadder StarSeries Fall 2025
208263,1758358800000,13404,Gentle Mates,6,12467,PARIVISION,13,PARIVISION,Mirage,8539,StarLadder StarSeries Fall 2025
208249,1758309000000,4773,paiN,6,11283,Falcons,13,Falcons,Ancient,8064,FISSURE Playground 2
208243,1758309000000,11283,Falcons,13,4773,paiN,4,Falcons,Inferno,8064,FISSURE Playground 2
208247,1758301200000,11581,HOTU,11,10278,9INE,13,9INE,Train,8653,ESL Challenger League Season 50 Europe Cup 2
208234,1758301200000,10278,9INE,25,11581,HOTU,23,9INE,Nuke,8653,ESL Challenger League Season 50 Europe Cup 2
208227,1758298800000,12426,Passion UA,10,4608,Natus Vincere,13,Natus Vincere,Inferno,8539,StarLadder StarSeries Fall 2025
208215,1758298800000,4608,Natus Vincere,13,12426,Passion UA,6,Natus Vincere,Train,8539,StarLadder StarSeries Fall 2025
208220,1758296100000,8297,FURIA,19,6665,Astralis,15,FURIA,Nuke,8064,FISSURE Playground 2
208206,1758296100000,6665,Astralis,9,8297,FURIA,13,FURIA,Train,8064,FISSURE Playground 2
208201,1758291300000,4411,Ninjas in Pyjamas,13,12467,PARIVISION,9,Ninjas in Pyjamas,Ancient,8539,StarLadder StarSeries Fall 2025
208192,1758291300000,4411,Ninjas in Pyjamas,13,12467,PARIVISION,2,Ninjas in Pyjamas,Train,8539,StarLadder StarSeries Fall 2025
208191,1758284400000,5973,Liquid,13,11861,Aurora,8,Liquid,Inferno,8064,FISSURE Playground 2
208181,1758284400000,11861,Aurora,9,5973,Liquid,13,Liquid,Mirage,8064,FISSURE Playground 2
208183,1758283500000,13404,Gentle Mates,13,10278,9INE,11,Gentle Mates,Nuke,8539,StarLadder StarSeries Fall 2025
208179,1758283500000,13404,Gentle Mates,13,10278,9INE,6,Gentle Mates,Ancient,8539,StarLadder StarSeries Fall 2025
208174,1758272400000,11241,B8,13,10503,OG,9,B8,Inferno,8539,StarLadder StarSeries Fall 2025
208164,1758272400000,10503,OG,12,11241,B8,16,B8,Mirage,8539,StarLadder StarSeries Fall 2025
208159,1758272400000,11241,B8,1,10503,OG,13,OG,Ancient,8539,StarLadder StarSeries Fall 2025
208171,1758269400000,6248,The MongolZ,13,5995,G2,9,The MongolZ,Ancient,8064,FISSURE Playground 2
208162,1758269400000,6248,The MongolZ,7,5995,G2,13,G2,Dust2,8064,FISSURE Playground 2
208157,1758269400000,5995,G2,11,6248,The MongolZ,13,The MongolZ,Mirage,8064,FISSURE Playground 2
208140,1758219000000,10278,9INE,8,4608,Natus Vincere,13,Natus Vincere,Inferno,8539,StarLadder StarSeries Fall 2025
208133,1758219000000,10278,9INE,4,4608,Natus Vincere,13,Natus Vincere,Nuke,8539,StarLadder StarSeries Fall 2025
208118,1758219000000,4608,Natus Vincere,8,10278,9INE,13,9INE,Ancient,8539,StarLadder StarSeries Fall 2025
208106,1758207600000,13404,Gentle Mates,10,12426,Passion UA,13,Passion UA,Train,8539,StarLadder StarSeries Fall 2025
208101,1758207600000,12426,Passion UA,13,13404,Gentle Mates,4,Passion UA,Inferno,8539,StarLadder StarSeries Fall 2025
208090,1758196800000,10503,OG,10,4411,Ninjas in Pyjamas,13,Ninjas in Pyjamas,Train,8539,StarLadder StarSeries Fall 2025
208086,1758196800000,4411,Ninjas in Pyjamas,13,10503,OG,7,Ninjas in Pyjamas,Ancient,8539,StarLadder StarSeries Fall 2025
208075,1758186000000,11241,B8,7,12467,PARIVISION,13,PARIVISION,Inferno,8539,StarLadder StarSeries Fall 2025
208070,1758186000000,11241,B8,14,12467,PARIVISION,16,PARIVISION,Train,8539,StarLadder StarSeries Fall 2025
208012,1758121500000,5378,Virtus.pro,9,4773,paiN,13,paiN,Inferno,8064,FISSURE Playground 2
208006,1758121500000,5378,Virtus.pro,13,4773,paiN,11,Virtus.pro,Mirage,8064,FISSURE Playground 2
208002,1758121500000,4773,paiN,13,5378,Virtus.pro,5,paiN,Dust2,8064,FISSURE Playground 2
207993,1758110400000,9928,GamerLegion,10,6665,Astralis,13,Astralis,Nuke,8064,FISSURE Playground 2
207986,1758110400000,6665,Astralis,13,9928,GamerLegion,9,Astralis,Overpass,8064,FISSURE Playground 2
207979,1758100800000,5973,Liquid,13,6667,FaZe,7,Liquid,Dust2,8064,FISSURE Playground 2
207974,1758100800000,6667,FaZe,6,5973,Liquid,13,Liquid,Ancient,8064,FISSURE Playground 2
207962,1758045900000,12468,Legacy,8,6665,Astralis,13,Astralis,Nuke,8064,FISSURE Playground 2
207956,1758045900000,6665,Astralis,13,12468,Legacy,8,Astralis,Mirage,8064,FISSURE Playground 2
207958,1758043800000,4773,paiN,10,8297,FURIA,13,FURIA,Dust2,8064,FISSURE Playground 2
207951,1758043800000,8297,FURIA,13,4773,paiN,4,FURIA,Inferno,8064,FISSURE Playground 2
207945,1758031200000,4863,TYLOO,8,5973,Liquid,13,Liquid,Mirage,8064,FISSURE Playground 2
207938,1758031200000,5973,Liquid,9,4863,TYLOO,13,TYLOO,Inferno,8064,FISSURE Playground 2
207924,1758031200000,4863,TYLOO,10,5973,Liquid,13,Liquid,Ancient,8064,FISSURE Playground 2
207944,1758027900000,6667,FaZe,5,6248,The MongolZ,13,The MongolZ,Ancient,8064,FISSURE Playground 2
207936,1758027900000,6248,The MongolZ,13,6667,FaZe,16,FaZe,Inferno,8064,FISSURE Playground 2
207922,1758027900000,6667,FaZe,11,6248,The MongolZ,13,The MongolZ,Mirage,8064,FISSURE Playground 2
207919,1758013200000,5378,Virtus.pro,13,4914,3DMAX,11,Virtus.pro,Dust2,8064,FISSURE Playground 2
207913,1758013200000,5378,Virtus.pro,5,4914,3DMAX,13,3DMAX,Inferno,8064,FISSURE Playground 2
207907,1758013200000,4914,3DMAX,11,5378,Virtus.pro,13,Virtus.pro,Train,8064,FISSURE Playground 2
207916,1758013200000,5995,G2,13,9928,GamerLegion,10,G2,Inferno,8064,FISSURE Playground 2
207910,1758013200000,9928,GamerLegion,2,5995,G2,13,G2,Ancient,8064,FISSURE Playground 2
207905,1758013200000,5995,G2,5,9928,GamerLegion,13,GamerLegion,Overpass,8064,FISSURE Playground 2
207890,1757962200000,11861,Aurora,13,8297,FURIA,11,Aurora,Dust2,8064,FISSURE Playground 2
207886,1757962200000,11861,Aurora,13,8297,FURIA,5,Aurora,Inferno,8064,FISSURE Playground 2
207891,1757960400000,4773,paiN,16,6665,Astralis,14,paiN,Inferno,8064,FISSURE Playground 2
207879,1757960400000,6665,Astralis,5,4773,paiN,13,paiN,Mirage,8064,FISSURE Playground 2
207869,1757952300000,11283,Falcons,13,6667,FaZe,6,Falcons,Dust2,8064,FISSURE Playground 2
207859,1757952300000,6667,FaZe,11,11283,Falcons,13,Falcons,Nuke,8064,FISSURE Playground 2
207861,1757952000000,12468,Legacy,7,5995,G2,13,G2,Ancient,8064,FISSURE Playground 2
207852,1757952000000,5995,G2,13,12468,Legacy,2,G2,Train,8064,FISSURE Playground 2
207847,1757937300000,4914,3DMAX,9,9928,GamerLegion,13,GamerLegion,Dust2,8064,FISSURE Playground 2
207840,1757937300000,4914,3DMAX,10,9928,GamerLegion,13,GamerLegion,Inferno,8064,FISSURE Playground 2
207835,1757937300000,4914,3DMAX,16,9928,GamerLegion,14,3DMAX,Overpass,8064,FISSURE Playground 2
207844,1757936400000,5973,Liquid,13,7175,HEROIC,10,Liquid,Mirage,8064,FISSURE Playground 2
207838,1757936400000,5973,Liquid,8,7175,HEROIC,13,HEROIC,Dust2,8064,FISSURE Playground 2
207830,1757936400000,5973,Liquid,13,7175,HEROIC,8,Liquid,Ancient,8064,FISSURE Playground 2
207824,1757923200000,6248,The MongolZ,13,4863,TYLOO,7,The MongolZ,Ancient,8064,FISSURE Playground 2
207820,1757923200000,6248,The MongolZ,13,4863,TYLOO,10,The MongolZ,Overpass,8064,FISSURE Playground 2
207814,1757923200000,4863,TYLOO,13,6248,The MongolZ,10,TYLOO,Mirage,8064,FISSURE Playground 2
207823,1757923200000,8840,Lynn Vision,10,5378,Virtus.pro,13,Virtus.pro,Train,8064,FISSURE Playground 2
207815,1757923200000,5378,Virtus.pro,19,8840,Lynn Vision,17,Virtus.pro,Dust2,8064,FISSURE Playground 2
207802,1757872800000,11419,ECSTATIC,13,4991,fnatic,11,ECSTATIC,Train,8670,Betclic Clash Summer 2025
207795,1757872800000,4991,fnatic,11,11419,ECSTATIC,13,ECSTATIC,Inferno,8670,Betclic Clash Summer 2025
207778,1757872800000,11419,ECSTATIC,13,4991,fnatic,16,fnatic,Dust2,8670,Betclic Clash Summer 2025
207797,1757871000000,13404,Gentle Mates,11,10567,SAW,13,SAW,Train,8699,Radio Popular Roman Imperium Cup II
207783,1757871000000,10567,SAW,7,13404,Gentle Mates,13,Gentle Mates,Inferno,8699,Radio Popular Roman Imperium Cup II
207772,1757871000000,13404,Gentle Mates,10,10567,SAW,13,SAW,Nuke,8699,Radio Popular Roman Imperium Cup II
207784,1757870100000,5995,G2,14,8297,FURIA,16,FURIA,Overpass,8064,FISSURE Playground 2
207769,1757870100000,8297,FURIA,13,5995,G2,7,FURIA,Inferno,8064,FISSURE Playground 2
207780,1757865000000,7175,HEROIC,20,4773,paiN,22,paiN,Nuke,8064,FISSURE Playground 2
207766,1757865000000,4773,paiN,13,7175,HEROIC,10,paiN,Mirage,8064,FISSURE Playground 2
207760,1757865000000,4773,paiN,11,7175,HEROIC,13,HEROIC,Dust2,8064,FISSURE Playground 2
207753,1757859300000,4863,TYLOO,11,11861,Aurora,13,Aurora,Mirage,8064,FISSURE Playground 2
207740,1757859300000,11861,Aurora,13,4863,TYLOO,10,Aurora,Inferno,8064,FISSURE Playground 2
207759,1757857200000,11419,ECSTATIC,13,7532,BIG,2,ECSTATIC,Train,8670,Betclic Clash Summer 2025
207744,1757857200000,11419,ECSTATIC,7,7532,BIG,13,BIG,Dust2,8670,Betclic Clash Summer 2025
207735,1757857200000,7532,BIG,9,11419,ECSTATIC,13,ECSTATIC,Nuke,8670,Betclic Clash Summer 2025
207737,1757856300000,5973,Liquid,6,9928,GamerLegion,13,GamerLegion,Inferno,8064,FISSURE Playground 2
207730,1757856300000,9928,GamerLegion,13,5973,Liquid,1,GamerLegion,Dust2,8064,FISSURE Playground 2
207716,1757848500000,12468,Legacy,16,11283,Falcons,19,Falcons,Ancient,8064,FISSURE Playground 2
207699,1757848500000,11283,Falcons,13,12468,Legacy,4,Falcons,Inferno,8064,FISSURE Playground 2
207710,1757846700000,6665,Astralis,13,5378,Virtus.pro,11,Astralis,Train,8064,FISSURE Playground 2
207695,1757846700000,5378,Virtus.pro,7,6665,Astralis,13,Astralis,Ancient,8064,FISSURE Playground 2
207713,1757844000000,4991,fnatic,13,7969,Nemiga,11,fnatic,Ancient,8670,Betclic Clash Summer 2025
207690,1757844000000,7969,Nemiga,14,4991,fnatic,16,fnatic,Mirage,8670,Betclic Clash Summer 2025
207687,1757836800000,6667,FaZe,13,4914,3DMAX,6,FaZe,Dust2,8064,FISSURE Playground 2
207679,1757836800000,4914,3DMAX,3,6667,FaZe,13,FaZe,Ancient,8064,FISSURE Playground 2
207672,1757836800000,6667,FaZe,10,4914,3DMAX,13,3DMAX,Nuke,8064,FISSURE Playground 2
207682,1757836800000,8840,Lynn Vision,6,6248,The MongolZ,13,The MongolZ,Ancient,8064,FISSURE Playground 2
207675,1757836800000,6248,The MongolZ,13,8840,Lynn Vision,11,The MongolZ,Dust2,8064,FISSURE Playground 2
207646,1757796000000,7532,BIG,13,12833,TNL,6,BIG,Dust2,8670,Betclic Clash Summer 2025
207643,1757796000000,12833,TNL,7,7532,BIG,13,BIG,Train,8670,Betclic Clash Summer 2025
207636,1757783700000,5973,Liquid,7,8297,FURIA,13,FURIA,Train,8064,FISSURE Playground 2
207623,1757783700000,5973,Liquid,11,8297,FURIA,13,FURIA,Inferno,8064,FISSURE Playground 2
207609,1757783700000,5973,Liquid,13,8297,FURIA,9,Liquid,Dust2,8064,FISSURE Playground 2
207630,1757782800000,10503,OG,11,11581,HOTU,13,HOTU,Overpass,8653,ESL Challenger League Season 50 Europe Cup 2
207617,1757782800000,11581,HOTU,9,10503,OG,13,OG,Nuke,8653,ESL Challenger League Season 50 Europe Cup 2
207606,1757782800000,10503,OG,9,11581,HOTU,13,HOTU,Mirage,8653,ESL Challenger League Season 50 Europe Cup 2
207588,1757773800000,4773,paiN,8,6667,FaZe,13,FaZe,Mirage,8064,FISSURE Playground 2
207578,1757773800000,6667,FaZe,13,4773,paiN,11,FaZe,Nuke,8064,FISSURE Playground 2
207580,1757772000000,7969,Nemiga,13,4869,ENCE,6,Nemiga,Dust2,8670,Betclic Clash Summer 2025
207572,1757772000000,4869,ENCE,0,7969,Nemiga,13,Nemiga,Train,8670,Betclic Clash Summer 2025
207562,1757764200000,8840,Lynn Vision,8,5995,G2,13,G2,Inferno,8064,FISSURE Playground 2
207553,1757764200000,5995,G2,13,8840,Lynn Vision,10,G2,Dust2,8064,FISSURE Playground 2
207541,1757751000000,7175,HEROIC,5,12468,Legacy,13,Legacy,Dust2,8064,FISSURE Playground 2
207531,1757751000000,12468,Legacy,16,7175,HEROIC,13,Legacy,Mirage,8064,FISSURE Playground 2
207526,1757751000000,7175,HEROIC,13,12468,Legacy,9,HEROIC,Nuke,8064,FISSURE Playground 2
207480,1757694000000,6665,Astralis,9,11861,Aurora,13,Aurora,Overpass,8064,FISSURE Playground 2
207461,1757694000000,6665,Astralis,14,11861,Aurora,16,Aurora,Dust2,8064,FISSURE Playground 2
207452,1757694000000,11861,Aurora,8,6665,Astralis,13,Astralis,Nuke,8064,FISSURE Playground 2
207439,1757686200000,5378,Virtus.pro,2,11283,Falcons,13,Falcons,Ancient,8064,FISSURE Playground 2
207433,1757686200000,11283,Falcons,13,5378,Virtus.pro,1,Falcons,Mirage,8064,FISSURE Playground 2
207427,1757673900000,4914,3DMAX,13,6248,The MongolZ,9,3DMAX,Nuke,8064,FISSURE Playground 2
207422,1757673900000,4914,3DMAX,5,6248,The MongolZ,13,The MongolZ,Ancient,8064,FISSURE Playground 2
207418,1757673900000,6248,The MongolZ,10,4914,3DMAX,13,3DMAX,Inferno,8064,FISSURE Playground 2
207412,1757664000000,4863,TYLOO,13,9928,GamerLegion,4,TYLOO,Ancient,8064,FISSURE Playground 2
207406,1757664000000,9928,GamerLegion,3,4863,TYLOO,13,TYLOO,Inferno,8064,FISSURE Playground 2
207299,1757599200000,10503,OG,13,7532,BIG,2,OG,Inferno,8481,Thunderpick World Championship 2025 Closed Qualifier
207293,1757599200000,10503,OG,5,7532,BIG,13,BIG,Train,8481,Thunderpick World Championship 2025 Closed Qualifier
207283,1757599200000,7532,BIG,4,10503,OG,13,OG,Nuke,8481,Thunderpick World Championship 2025 Closed Qualifier
207150,1757505900000,10503,OG,13,12376,M80,10,OG,Overpass,8481,Thunderpick World Championship 2025 Closed Qualifier
207139,1757505900000,12376,M80,10,10503,OG,13,OG,Ancient,8481,Thunderpick World Championship 2025 Closed Qualifier
207130,1757491200000,4869,ENCE,14,7969,Nemiga,16,Nemiga,Ancient,8481,Thunderpick World Championship 2025 Closed Qualifier
207122,1757491200000,7969,Nemiga,9,4869,ENCE,13,ENCE,Dust2,8481,Thunderpick World Championship 2025 Closed Qualifier
207114,1757491200000,4869,ENCE,10,7969,Nemiga,13,Nemiga,Train,8481,Thunderpick World Championship 2025 Closed Qualifier
207029,1757419200000,7532,BIG,13,10567,SAW,11,BIG,Inferno,8481,Thunderpick World Championship 2025 Closed Qualifier
207014,1757419200000,10567,SAW,7,7532,BIG,13,BIG,Train,8481,Thunderpick World Championship 2025 Closed Qualifier
206999,1757419200000,7532,BIG,11,10567,SAW,13,SAW,Nuke,8481,Thunderpick World Championship 2025 Closed Qualifier
206994,1757406600000,11419,ECSTATIC,6,12467,PARIVISION,13,PARIVISION,Ancient,8481,Thunderpick World Championship 2025 Closed Qualifier
206989,1757406600000,12467,PARIVISION,9,11419,ECSTATIC,13,ECSTATIC,Train,8481,Thunderpick World Championship 2025 Closed Qualifier
206982,1757406600000,11419,ECSTATIC,10,12467,PARIVISION,13,PARIVISION,Dust2,8481,Thunderpick World Championship 2025 Closed Qualifier
206843,1757255400000,5995,G2,13,9565,Vitality,6,G2,Train,7912,BLAST Open London 2025 Finals
206832,1757255400000,9565,Vitality,12,5995,G2,16,G2,Inferno,7912,BLAST Open London 2025 Finals
206825,1757255400000,5995,G2,6,9565,Vitality,13,Vitality,Overpass,7912,BLAST Open London 2025 Finals
206820,1757255400000,9565,Vitality,13,5995,G2,6,Vitality,Mirage,7912,BLAST Open London 2025 Finals
206813,1757255400000,5995,G2,13,9565,Vitality,3,G2,Dust2,7912,BLAST Open London 2025 Finals
206730,1757178900000,5995,G2,13,8297,FURIA,5,G2,Mirage,7912,BLAST Open London 2025 Finals
206712,1757178900000,8297,FURIA,5,5995,G2,13,G2,Inferno,7912,BLAST Open London 2025 Finals
206695,1757169000000,4494,MOUZ,8,9565,Vitality,13,Vitality,Inferno,7912,BLAST Open London 2025 Finals
206690,1757169000000,9565,Vitality,13,4494,MOUZ,7,Vitality,Mirage,7912,BLAST Open London 2025 Finals
206650,1757096100000,5995,G2,19,6667,FaZe,15,G2,Dust2,7912,BLAST Open London 2025 Finals
206647,1757096100000,6667,FaZe,5,5995,G2,13,G2,Inferno,7912,BLAST Open London 2025 Finals
206640,1757082600000,4494,MOUZ,13,12376,M80,3,MOUZ,Inferno,7912,BLAST Open London 2025 Finals
206635,1757082600000,12376,M80,13,4494,MOUZ,9,M80,Mirage,7912,BLAST Open London 2025 Finals
206628,1757082600000,4494,MOUZ,13,12376,M80,10,MOUZ,Ancient,7912,BLAST Open London 2025 Finals
206441,1756753500000,7020,Spirit,1,5995,G2,13,G2,Ancient,7907,BLAST Open London 2025
206439,1756753500000,5995,G2,16,7020,Spirit,13,G2,Dust2,7907,BLAST Open London 2025
206435,1756753500000,7020,Spirit,13,5995,G2,11,Spirit,Mirage,7907,BLAST Open London 2025
206436,1756746000000,12394,BetBoom,2,12467,PARIVISION,13,PARIVISION,Mirage,8597,ESL Challenger League Season 50 Europe Cup 1
206434,1756746000000,12467,PARIVISION,13,12394,BetBoom,10,PARIVISION,Train,8597,ESL Challenger League Season 50 Europe Cup 1
206431,1756746000000,12394,BetBoom,13,12467,PARIVISION,8,BetBoom,Ancient,8597,ESL Challenger League Season 50 Europe Cup 1
206432,1756744800000,8297,FURIA,16,4494,MOUZ,14,FURIA,Mirage,7907,BLAST Open London 2025
206428,1756744800000,4494,MOUZ,7,8297,FURIA,13,FURIA,Inferno,7907,BLAST Open London 2025
206425,1756735800000,12376,M80,16,4991,fnatic,14,M80,Train,7907,BLAST Open London 2025
206423,1756735800000,4991,fnatic,8,12376,M80,13,M80,Ancient,7907,BLAST Open London 2025
206422,1756720800000,6667,FaZe,5,9565,Vitality,13,Vitality,Inferno,7907,BLAST Open London 2025
206417,1756720800000,6667,FaZe,16,9565,Vitality,19,Vitality,Nuke,7907,BLAST Open London 2025
206405,1756720800000,9565,Vitality,17,6667,FaZe,19,FaZe,Mirage,7907,BLAST Open London 2025
206383,1756663200000,12774,FlyQuest,6,5995,G2,13,G2,Ancient,7907,BLAST Open London 2025
206374,1756663200000,5995,G2,13,12774,FlyQuest,4,G2,Mirage,7907,BLAST Open London 2025
206384,1756659600000,10278,9INE,7,12467,PARIVISION,13,PARIVISION,Ancient,8597,ESL Challenger League Season 50 Europe Cup 1
206375,1756659600000,10278,9INE,14,12467,PARIVISION,16,PARIVISION,Dust2,8597,ESL Challenger League Season 50 Europe Cup 1
206373,1756658100000,12394,BetBoom,13,12833,TNL,10,BetBoom,Mirage,8629,CCT Season 3 Europe Series 5
206370,1756658100000,12833,TNL,5,12394,BetBoom,13,BetBoom,Nuke,8629,CCT Season 3 Europe Series 5
206371,1756655100000,5973,Liquid,7,7020,Spirit,13,Spirit,Mirage,7907,BLAST Open London 2025
206367,1756655100000,7020,Spirit,16,5973,Liquid,12,Spirit,Dust2,7907,BLAST Open London 2025
206363,1756643400000,12376,M80,13,4608,Natus Vincere,11,M80,Inferno,7907,BLAST Open London 2025
206360,1756643400000,12376,M80,7,4608,Natus Vincere,13,Natus Vincere,Train,7907,BLAST Open London 2025
206352,1756643400000,4608,Natus Vincere,9,12376,M80,13,M80,Ancient,7907,BLAST Open London 2025
206341,1756634700000,4914,3DMAX,19,4863,TYLOO,15,3DMAX,Train,8648,Perfect World CS Challenge Series 1
206332,1756634700000,4863,TYLOO,11,4914,3DMAX,13,3DMAX,Nuke,8648,Perfect World CS Challenge Series 1
206342,1756634400000,4991,fnatic,13,9928,GamerLegion,11,fnatic,Ancient,7907,BLAST Open London 2025
206333,1756634400000,9928,GamerLegion,11,4991,fnatic,13,fnatic,Train,7907,BLAST Open London 2025
206321,1756620000000,4863,TYLOO,13,8840,Lynn Vision,7,TYLOO,Overpass,8648,Perfect World CS Challenge Series 1
206317,1756620000000,8840,Lynn Vision,5,4863,TYLOO,13,TYLOO,Inferno,8648,Perfect World CS Challenge Series 1
206315,1756620000000,4863,TYLOO,9,8840,Lynn Vision,13,Lynn Vision,Nuke,8648,Perfect World CS Challenge Series 1
206302,1756578600000,8297,FURIA,13,7020,Spirit,11,FURIA,Nuke,7907,BLAST Open London 2025
206297,1756578600000,7020,Spirit,9,8297,FURIA,13,FURIA,Mirage,7907,BLAST Open London 2025
206301,1756576800000,10278,9INE,1,4869,ENCE,13,ENCE,Dust2,8635,Digital Crusade DraculaN Season 1
206298,1756576800000,4869,ENCE,13,10278,9INE,7,ENCE,Train,8635,Digital Crusade DraculaN Season 1
206294,1756571100000,5995,G2,10,4494,MOUZ,13,MOUZ,Mirage,7907,BLAST Open London 2025
206290,1756571100000,4494,MOUZ,13,5995,G2,10,MOUZ,Ancient,7907,BLAST Open London 2025
206286,1756567200000,4869,ENCE,13,13404,Gentle Mates,4,ENCE,Nuke,8635,Digital Crusade DraculaN Season 1
206284,1756567200000,13404,Gentle Mates,9,4869,ENCE,13,ENCE,Mirage,8635,Digital Crusade DraculaN Season 1
206283,1756559700000,12468,Legacy,9,12774,FlyQuest,13,FlyQuest,Inferno,7907,BLAST Open London 2025
206277,1756559700000,12774,FlyQuest,2,12468,Legacy,13,Legacy,Nuke,7907,BLAST Open London 2025
206270,1756559700000,12468,Legacy,8,12774,FlyQuest,13,FlyQuest,Mirage,7907,BLAST Open London 2025
206279,1756557600000,12394,BetBoom,16,10503,OG,12,BetBoom,Nuke,8629,CCT Season 3 Europe Series 5
206272,1756557600000,10503,OG,9,12394,BetBoom,13,BetBoom,Train,8629,CCT Season 3 Europe Series 5
206265,1756557600000,10503,OG,13,12394,BetBoom,6,OG,Ancient,8629,CCT Season 3 Europe Series 5
206274,1756555200000,4869,ENCE,13,4411,Ninjas in Pyjamas,5,ENCE,Overpass,8635,Digital Crusade DraculaN Season 1
206269,1756555200000,4869,ENCE,7,4411,Ninjas in Pyjamas,13,Ninjas in Pyjamas,Nuke,8635,Digital Crusade DraculaN Season 1
206261,1756555200000,4411,Ninjas in Pyjamas,7,4869,ENCE,13,ENCE,Mirage,8635,Digital Crusade DraculaN Season 1
206256,1756546200000,8840,Lynn Vision,13,11241,B8,6,Lynn Vision,Inferno,8648,Perfect World CS Challenge Series 1
206245,1756546200000,11241,B8,13,8840,Lynn Vision,6,B8,Dust2,8648,Perfect World CS Challenge Series 1
206240,1756546200000,8840,Lynn Vision,13,11241,B8,6,Lynn Vision,Ancient,8648,Perfect World CS Challenge Series 1
206208,1756490400000,4608,Natus Vincere,10,6667,FaZe,13,FaZe,Dust2,7907,BLAST Open London 2025
206200,1756490400000,6667,FaZe,13,4608,Natus Vincere,8,FaZe,Mirage,7907,BLAST Open London 2025
206209,1756489200000,4991,fnatic,13,4869,ENCE,6,fnatic,Mirage,8635,Digital Crusade DraculaN Season 1
206206,1756489200000,4869,ENCE,4,4991,fnatic,13,fnatic,Train,8635,Digital Crusade DraculaN Season 1
206199,1756489200000,4991,fnatic,10,4869,ENCE,13,ENCE,Dust2,8635,Digital Crusade DraculaN Season 1
206196,1756479000000,9928,GamerLegion,4,9565,Vitality,13,Vitality,Nuke,7907,BLAST Open London 2025
206193,1756479000000,9928,GamerLegion,13,9565,Vitality,7,GamerLegion,Inferno,7907,BLAST Open London 2025
206184,1756479000000,9565,Vitality,13,9928,GamerLegion,9,Vitality,Train,7907,BLAST Open London 2025
206179,1756468500000,12376,M80,13,5378,Virtus.pro,9,M80,Mirage,7907,BLAST Open London 2025
206173,1756468500000,12376,M80,13,5378,Virtus.pro,6,M80,Dust2,7907,BLAST Open London 2025
206166,1756468500000,5378,Virtus.pro,13,12376,M80,4,Virtus.pro,Overpass,7907,BLAST Open London 2025
206174,1756461600000,4863,TYLOO,3,4914,3DMAX,13,3DMAX,Inferno,8648,Perfect World CS Challenge Series 1
206167,1756461600000,4914,3DMAX,9,4863,TYLOO,13,TYLOO,Overpass,8648,Perfect World CS Challenge Series 1
206156,1756461600000,4863,TYLOO,8,4914,3DMAX,13,3DMAX,Nuke,8648,Perfect World CS Challenge Series 1
206159,1756461600000,11419,ECSTATIC,7,4991,fnatic,13,fnatic,Mirage,7907,BLAST Open London 2025
206153,1756461600000,4991,fnatic,13,11419,ECSTATIC,8,fnatic,Ancient,7907,BLAST Open London 2025
206138,1756447200000,4863,TYLOO,13,11241,B8,8,TYLOO,Train,8648,Perfect World CS Challenge Series 1
206131,1756447200000,11241,B8,13,4863,TYLOO,9,B8,Overpass,8648,Perfect World CS Challenge Series 1
206129,1756447200000,4863,TYLOO,13,11241,B8,11,TYLOO,Mirage,8648,Perfect World CS Challenge Series 1
206126,1756436400000,8840,Lynn Vision,8,4914,3DMAX,13,3DMAX,Nuke,8648,Perfect World CS Challenge Series 1
206125,1756436400000,4914,3DMAX,13,8840,Lynn Vision,6,3DMAX,Dust2,8648,Perfect World CS Challenge Series 1
206109,1756400400000,10503,OG,14,12467,PARIVISION,16,PARIVISION,Mirage,8597,ESL Challenger League Season 50 Europe Cup 1
206106,1756400400000,12467,PARIVISION,13,10503,OG,6,PARIVISION,Train,8597,ESL Challenger League Season 50 Europe Cup 1
206111,1756399200000,8297,FURIA,13,12468,Legacy,5,FURIA,Mirage,7907,BLAST Open London 2025
206107,1756399200000,12468,Legacy,13,8297,FURIA,6,Legacy,Nuke,7907,BLAST Open London 2025
206104,1756399200000,8297,FURIA,13,12468,Legacy,7,FURIA,Inferno,7907,BLAST Open London 2025
206101,1756392600000,7020,Spirit,13,12774,FlyQuest,5,Spirit,Dust2,7907,BLAST Open London 2025
206095,1756392600000,12774,FlyQuest,4,7020,Spirit,13,Spirit,Mirage,7907,BLAST Open London 2025
206091,1756385700000,5973,Liquid,3,5995,G2,13,G2,Inferno,7907,BLAST Open London 2025
206088,1756385700000,5995,G2,13,5973,Liquid,8,G2,Train,7907,BLAST Open London 2025
206051,1756319400000,4991,fnatic,8,4608,Natus Vincere,13,Natus Vincere,Mirage,7907,BLAST Open London 2025
206044,1756319400000,4608,Natus Vincere,13,4991,fnatic,10,Natus Vincere,Train,7907,BLAST Open London 2025
206041,1756314000000,13404,Gentle Mates,10,10503,OG,13,OG,Ancient,8597,ESL Challenger League Season 50 Europe Cup 1
206031,1756314000000,10503,OG,13,13404,Gentle Mates,5,OG,Mirage,8597,ESL Challenger League Season 50 Europe Cup 1
206035,1756307100000,6667,FaZe,16,11419,ECSTATIC,13,FaZe,Inferno,7907,BLAST Open London 2025
206026,1756307100000,11419,ECSTATIC,0,6667,FaZe,13,FaZe,Dust2,7907,BLAST Open London 2025
206024,1756307100000,6667,FaZe,10,11419,ECSTATIC,13,ECSTATIC,Overpass,7907,BLAST Open London 2025
206014,1756299900000,5378,Virtus.pro,9,9928,GamerLegion,13,GamerLegion,Ancient,7907,BLAST Open London 2025
206013,1756299900000,9928,GamerLegion,13,5378,Virtus.pro,7,GamerLegion,Dust2,7907,BLAST Open London 2025
206009,1756288800000,9565,Vitality,13,12376,M80,10,Vitality,Inferno,7907,BLAST Open London 2025
206003,1756288800000,12376,M80,7,9565,Vitality,13,Vitality,Dust2,7907,BLAST Open London 2025
205997,1756288800000,9565,Vitality,3,12376,M80,13,M80,Overpass,7907,BLAST Open London 2025
205958,1756227600000,13404,Gentle Mates,13,7969,Nemiga,10,Gentle Mates,Ancient,8597,ESL Challenger League Season 50 Europe Cup 1
205951,1756227600000,13404,Gentle Mates,13,7969,Nemiga,4,Gentle Mates,Inferno,8597,ESL Challenger League Season 50 Europe Cup 1
205875,1756031700000,11861,Aurora,4,6248,The MongolZ,13,The MongolZ,Nuke,8039,Esports World Cup 2025
205872,1756031700000,6248,The MongolZ,13,11861,Aurora,9,The MongolZ,Dust2,8039,Esports World Cup 2025
205864,1756031700000,11861,Aurora,14,6248,The MongolZ,16,The MongolZ,Mirage,8039,Esports World Cup 2025
205853,1756018800000,9565,Vitality,3,11283,Falcons,13,Falcons,Nuke,8039,Esports World Cup 2025
205850,1756018800000,9565,Vitality,3,11283,Falcons,13,Falcons,Train,8039,Esports World Cup 2025
205847,1756018800000,9565,Vitality,13,11283,Falcons,9,Vitality,Inferno,8039,Esports World Cup 2025
205836,1755973200000,11861,Aurora,13,11283,Falcons,11,Aurora,Train,8039,Esports World Cup 2025
205834,1755973200000,11283,Falcons,6,11861,Aurora,13,Aurora,Inferno,8039,Esports World Cup 2025
205827,1755959400000,6248,The MongolZ,13,9565,Vitality,7,The MongolZ,Nuke,8039,Esports World Cup 2025
205825,1755959400000,6248,The MongolZ,9,9565,Vitality,13,Vitality,Dust2,8039,Esports World Cup 2025
205820,1755959400000,9565,Vitality,8,6248,The MongolZ,13,The MongolZ,Mirage,8039,Esports World Cup 2025
205789,1755884700000,11283,Falcons,13,4494,MOUZ,10,Falcons,Nuke,8039,Esports World Cup 2025
205785,1755884700000,11283,Falcons,8,4494,MOUZ,13,MOUZ,Inferno,8039,Esports World Cup 2025
205782,1755884700000,4494,MOUZ,9,11283,Falcons,13,Falcons,Ancient,8039,Esports World Cup 2025
205778,1755873000000,7175,HEROIC,11,11861,Aurora,13,Aurora,Dust2,8039,Esports World Cup 2025
205775,1755873000000,11861,Aurora,13,7175,HEROIC,7,Aurora,Mirage,8039,Esports World Cup 2025
205779,1755871200000,12394,BetBoom,13,12833,TNL,6,BetBoom,Train,8626,Exort The Proving Grounds Season 3
205776,1755871200000,12394,BetBoom,13,12833,TNL,10,BetBoom,Ancient,8626,Exort The Proving Grounds Season 3
205772,1755871200000,12833,TNL,13,12394,BetBoom,5,TNL,Nuke,8626,Exort The Proving Grounds Season 3
205733,1755801000000,4863,TYLOO,8,9565,Vitality,13,Vitality,Nuke,8039,Esports World Cup 2025
205730,1755801000000,9565,Vitality,13,4863,TYLOO,4,Vitality,Inferno,8039,Esports World Cup 2025
205718,1755785700000,4914,3DMAX,8,6248,The MongolZ,13,The MongolZ,Nuke,8039,Esports World Cup 2025
205714,1755785700000,4914,3DMAX,13,6248,The MongolZ,9,3DMAX,Inferno,8039,Esports World Cup 2025
205710,1755785700000,6248,The MongolZ,13,4914,3DMAX,9,The MongolZ,Ancient,8039,Esports World Cup 2025
205713,1755784800000,4991,fnatic,11,10503,OG,13,OG,Ancient,8626,Exort The Proving Grounds Season 3
205708,1755784800000,10503,OG,13,4991,fnatic,6,OG,Inferno,8626,Exort The Proving Grounds Season 3
205706,1755774000000,4494,MOUZ,13,5378,Virtus.pro,10,MOUZ,Overpass,8039,Esports World Cup 2025
205701,1755774000000,5378,Virtus.pro,4,4494,MOUZ,13,MOUZ,Mirage,8039,Esports World Cup 2025
205694,1755774000000,4494,MOUZ,6,5378,Virtus.pro,13,Virtus.pro,Inferno,8039,Esports World Cup 2025
205702,1755774000000,5995,G2,7,11283,Falcons,13,Falcons,Train,8039,Esports World Cup 2025
205695,1755774000000,5995,G2,9,11283,Falcons,13,Falcons,Ancient,8039,Esports World Cup 2025
205691,1755763200000,12394,BetBoom,13,11419,ECSTATIC,10,BetBoom,Overpass,8626,Exort The Proving Grounds Season 3
205687,1755763200000,11419,ECSTATIC,10,12394,BetBoom,13,BetBoom,Nuke,8626,Exort The Proving Grounds Season 3
205679,1755763200000,12394,BetBoom,11,11419,ECSTATIC,13,ECSTATIC,Train,8626,Exort The Proving Grounds Season 3
205661,1755713700000,6667,FaZe,7,11861,Aurora,13,Aurora,Overpass,8039,Esports World Cup 2025
205657,1755713700000,11861,Aurora,13,6667,FaZe,3,Aurora,Mirage,8039,Esports World Cup 2025
205651,1755713700000,6667,FaZe,13,11861,Aurora,6,FaZe,Inferno,8039,Esports World Cup 2025
205659,1755713400000,7020,Spirit,14,7175,HEROIC,16,HEROIC,Mirage,8039,Esports World Cup 2025
205653,1755713400000,7175,HEROIC,13,7020,Spirit,3,HEROIC,Nuke,8039,Esports World Cup 2025
205650,1755713400000,7020,Spirit,13,7175,HEROIC,5,Spirit,Ancient,8039,Esports World Cup 2025
205642,1755702300000,5973,Liquid,16,9565,Vitality,19,Vitality,Dust2,8039,Esports World Cup 2025
205634,1755702300000,9565,Vitality,13,5973,Liquid,11,Vitality,Mirage,8039,Esports World Cup 2025
205641,1755699300000,6665,Astralis,10,4863,TYLOO,13,TYLOO,Train,8039,Esports World Cup 2025
205635,1755699300000,4863,TYLOO,13,6665,Astralis,7,TYLOO,Overpass,8039,Esports World Cup 2025
205628,1755699300000,6665,Astralis,13,4863,TYLOO,8,Astralis,Inferno,8039,Esports World Cup 2025
205620,1755688500000,9928,GamerLegion,3,6248,The MongolZ,13,The MongolZ,Inferno,8039,Esports World Cup 2025
205615,1755688500000,6248,The MongolZ,13,9928,GamerLegion,7,The MongolZ,Overpass,8039,Esports World Cup 2025
205625,1755687600000,4914,3DMAX,13,4608,Natus Vincere,11,3DMAX,Nuke,8039,Esports World Cup 2025
205621,1755687600000,4914,3DMAX,13,4608,Natus Vincere,9,3DMAX,Inferno,8039,Esports World Cup 2025
205614,1755687600000,4608,Natus Vincere,13,4914,3DMAX,10,Natus Vincere,Ancient,8039,Esports World Cup 2025
205455,1755446400000,11419,ECSTATIC,9,12467,PARIVISION,13,PARIVISION,Inferno,8566,StarLadder StarSeries Fall 2025 Europe Closed Qualifier
205450,1755446400000,11419,ECSTATIC,10,12467,PARIVISION,13,PARIVISION,Dust2,8566,StarLadder StarSeries Fall 2025 Europe Closed Qualifier
205428,1755446400000,12467,PARIVISION,22,11419,ECSTATIC,25,ECSTATIC,Train,8566,StarLadder StarSeries Fall 2025 Europe Closed Qualifier
205430,1755439200000,6248,The MongolZ,5,7020,Spirit,13,Spirit,Ancient,7910,BLAST Bounty 2025 Season 2 Finals
205417,1755439200000,7020,Spirit,16,6248,The MongolZ,13,Spirit,Mirage,7910,BLAST Bounty 2025 Season 2 Finals
205406,1755439200000,6248,The MongolZ,11,7020,Spirit,13,Spirit,Nuke,7910,BLAST Bounty 2025 Season 2 Finals
205335,1755363600000,10503,OG,13,7532,BIG,9,OG,Train,8597,ESL Challenger League Season 50 Europe Cup 1
205322,1755363600000,7532,BIG,9,10503,OG,13,OG,Nuke,8597,ESL Challenger League Season 50 Europe Cup 1
205330,1755362100000,6248,The MongolZ,13,9565,Vitality,11,The MongolZ,Inferno,7910,BLAST Bounty 2025 Season 2 Finals
205311,1755362100000,9565,Vitality,7,6248,The MongolZ,13,The MongolZ,Mirage,7910,BLAST Bounty 2025 Season 2 Finals
205300,1755352800000,7020,Spirit,13,4494,MOUZ,5,Spirit,Mirage,7910,BLAST Bounty 2025 Season 2 Finals
205288,1755352800000,4494,MOUZ,14,7020,Spirit,16,Spirit,Ancient,7910,BLAST Bounty 2025 Season 2 Finals
205210,1755278400000,7020,Spirit,13,5378,Virtus.pro,3,Spirit,Overpass,7910,BLAST Bounty 2025 Season 2 Finals
205194,1755278400000,5378,Virtus.pro,10,7020,Spirit,13,Spirit,Ancient,7910,BLAST Bounty 2025 Season 2 Finals
205177,1755266400000,5973,Liquid,16,9565,Vitality,19,Vitality,Nuke,7910,BLAST Bounty 2025 Season 2 Finals
205167,1755266400000,9565,Vitality,16,5973,Liquid,13,Vitality,Train,7910,BLAST Bounty 2025 Season 2 Finals
205175,1755266100000,12394,BetBoom,8,4991,fnatic,13,fnatic,Train,8566,StarLadder StarSeries Fall 2025 Europe Closed Qualifier
205166,1755266100000,4991,fnatic,13,12394,BetBoom,8,fnatic,Overpass,8566,StarLadder StarSeries Fall 2025 Europe Closed Qualifier
205081,1755188400000,11861,Aurora,13,6248,The MongolZ,16,The MongolZ,Mirage,7910,BLAST Bounty 2025 Season 2 Finals
205068,1755188400000,6248,The MongolZ,13,11861,Aurora,11,The MongolZ,Dust2,7910,BLAST Bounty 2025 Season 2 Finals
205057,1755180000000,6665,Astralis,4,4494,MOUZ,13,MOUZ,Mirage,7910,BLAST Bounty 2025 Season 2 Finals
205044,1755180000000,4494,MOUZ,13,6665,Astralis,8,MOUZ,Nuke,7910,BLAST Bounty 2025 Season 2 Finals
205025,1755165600000,12833,TNL,10,10503,OG,13,OG,Nuke,8566,StarLadder StarSeries Fall 2025 Europe Closed Qualifier
205018,1755165600000,10503,OG,13,12833,TNL,7,OG,Mirage,8566,StarLadder StarSeries Fall 2025 Europe Closed Qualifier
204924,1755091800000,4991,fnatic,10,12467,PARIVISION,13,PARIVISION,Mirage,8566,StarLadder StarSeries Fall 2025 Europe Closed Qualifier
204919,1755091800000,12467,PARIVISION,11,4991,fnatic,13,fnatic,Train,8566,StarLadder StarSeries Fall 2025 Europe Closed Qualifier
204904,1755091800000,4991,fnatic,7,12467,PARIVISION,13,PARIVISION,Ancient,8566,StarLadder StarSeries Fall 2025 Europe Closed Qualifier
204664,1754920800000,9928,GamerLegion,13,7532,BIG,5,GamerLegion,Inferno,8627,CS Asia Championships 2025 Europe Open Qualifier
204654,1754920800000,7532,BIG,5,9928,GamerLegion,13,GamerLegion,Nuke,8627,CS Asia Championships 2025 Europe Open Qualifier
204645,1754920800000,9928,GamerLegion,9,7532,BIG,13,BIG,Train,8627,CS Asia Championships 2025 Europe Open Qualifier
204569,1754845200000,7532,BIG,13,12833,TNL,8,BIG,Nuke,8627,CS Asia Championships 2025 Europe Open Qualifier
204574,1754842500000,12468,Legacy,8,9565,Vitality,13,Vitality,Dust2,7906,BLAST Bounty 2025 Season 2
204565,1754842500000,9565,Vitality,16,12468,Legacy,12,Vitality,Mirage,7906,BLAST Bounty 2025 Season 2
204575,1754841600000,10503,OG,13,12467,PARIVISION,9,OG,Mirage,8604,CCT Season 3 Europe Series 4
204559,1754841600000,12467,PARIVISION,14,10503,OG,16,OG,Train,8604,CCT Season 3 Europe Series 4
204550,1754836500000,7175,HEROIC,9,11861,Aurora,13,Aurora,Dust2,7906,BLAST Bounty 2025 Season 2
204544,1754836500000,11861,Aurora,13,7175,HEROIC,2,Aurora,Overpass,7906,BLAST Bounty 2025 Season 2
204543,1754830800000,10567,SAW,11,10503,OG,13,OG,Ancient,8604,CCT Season 3 Europe Series 4
204537,1754830800000,10567,SAW,11,10503,OG,13,OG,Inferno,8604,CCT Season 3 Europe Series 4
204538,1754828400000,11241,B8,11,4494,MOUZ,13,MOUZ,Train,7906,BLAST Bounty 2025 Season 2
204529,1754828400000,4494,MOUZ,13,11241,B8,5,MOUZ,Ancient,7906,BLAST Bounty 2025 Season 2
204527,1754820000000,4773,paiN,10,6248,The MongolZ,13,The MongolZ,Ancient,7906,BLAST Bounty 2025 Season 2
204520,1754820000000,6248,The MongolZ,13,4773,paiN,11,The MongolZ,Dust2,7906,BLAST Bounty 2025 Season 2
204523,1754820000000,4991,fnatic,9,12467,PARIVISION,13,PARIVISION,Ancient,8604,CCT Season 3 Europe Series 4
204517,1754820000000,12467,PARIVISION,13,4991,fnatic,6,PARIVISION,Mirage,8604,CCT Season 3 Europe Series 4
204502,1754769600000,5973,Liquid,13,8297,FURIA,7,Liquid,Dust2,7906,BLAST Bounty 2025 Season 2
204500,1754769600000,5973,Liquid,13,8297,FURIA,6,Liquid,Train,7906,BLAST Bounty 2025 Season 2
204498,1754769600000,8297,FURIA,13,5973,Liquid,4,FURIA,Mirage,7906,BLAST Bounty 2025 Season 2
204494,1754757600000,5995,G2,7,7020,Spirit,13,Spirit,Dust2,7906,BLAST Bounty 2025 Season 2
204492,1754757600000,5995,G2,13,7020,Spirit,8,G2,Ancient,7906,BLAST Bounty 2025 Season 2
204489,1754757600000,7020,Spirit,13,5995,G2,11,Spirit,Mirage,7906,BLAST Bounty 2025 Season 2
204484,1754745000000,5378,Virtus.pro,13,6667,FaZe,9,Virtus.pro,Inferno,7906,BLAST Bounty 2025 Season 2
204476,1754745000000,5378,Virtus.pro,9,6667,FaZe,13,FaZe,Ancient,7906,BLAST Bounty 2025 Season 2
204468,1754745000000,6667,FaZe,10,5378,Virtus.pro,13,Virtus.pro,Overpass,7906,BLAST Bounty 2025 Season 2
204463,1754733600000,4608,Natus Vincere,2,6665,Astralis,13,Astralis,Nuke,7906,BLAST Bounty 2025 Season 2
204459,1754733600000,6665,Astralis,13,4608,Natus Vincere,7,Astralis,Inferno,7906,BLAST Bounty 2025 Season 2
204455,1754733600000,4608,Natus Vincere,13,6665,Astralis,11,Natus Vincere,Dust2,7906,BLAST Bounty 2025 Season 2
204453,1754726400000,10567,SAW,13,12833,TNL,9,SAW,Ancient,8604,CCT Season 3 Europe Series 4
204452,1754726400000,12833,TNL,8,10567,SAW,13,SAW,Nuke,8604,CCT Season 3 Europe Series 4
204435,1754670000000,5005,Complexity,11,7175,HEROIC,13,HEROIC,Overpass,7906,BLAST Bounty 2025 Season 2
204431,1754670000000,5005,Complexity,6,7175,HEROIC,13,HEROIC,Ancient,7906,BLAST Bounty 2025 Season 2
204426,1754670000000,7175,HEROIC,11,5005,Complexity,13,Complexity,Train,7906,BLAST Bounty 2025 Season 2
204415,1754654400000,12774,FlyQuest,6,11861,Aurora,13,Aurora,Nuke,7906,BLAST Bounty 2025 Season 2
204408,1754654400000,11861,Aurora,16,12774,FlyQuest,12,Aurora,Inferno,7906,BLAST Bounty 2025 Season 2
204382,1754591700000,4991,fnatic,9,12468,Legacy,13,Legacy,Mirage,7906,BLAST Bounty 2025 Season 2
204379,1754591700000,4991,fnatic,13,12468,Legacy,10,fnatic,Inferno,7906,BLAST Bounty 2025 Season 2
204377,1754591700000,12468,Legacy,13,4991,fnatic,2,Legacy,Ancient,7906,BLAST Bounty 2025 Season 2
204374,1754579700000,4773,paiN,13,4411,Ninjas in Pyjamas,11,paiN,Nuke,7906,BLAST Bounty 2025 Season 2
204369,1754579700000,4411,Ninjas in Pyjamas,13,4773,paiN,11,Ninjas in Pyjamas,Dust2,7906,BLAST Bounty 2025 Season 2
204363,1754579700000,4773,paiN,13,4411,Ninjas in Pyjamas,8,paiN,Ancient,7906,BLAST Bounty 2025 Season 2
204367,1754575200000,10567,SAW,16,12394,BetBoom,13,SAW,Ancient,8604,CCT Season 3 Europe Series 4
204359,1754575200000,12394,BetBoom,13,10567,SAW,16,SAW,Nuke,8604,CCT Season 3 Europe Series 4
204358,1754568000000,4494,MOUZ,13,10503,OG,5,MOUZ,Mirage,7906,BLAST Bounty 2025 Season 2
204353,1754568000000,10503,OG,1,4494,MOUZ,13,MOUZ,Inferno,7906,BLAST Bounty 2025 Season 2
204352,1754568000000,4494,MOUZ,9,10503,OG,13,OG,Nuke,7906,BLAST Bounty 2025 Season 2
204346,1754560800000,7532,BIG,8,8297,FURIA,13,FURIA,Dust2,7906,BLAST Bounty 2025 Season 2
204343,1754560800000,8297,FURIA,13,7532,BIG,2,FURIA,Inferno,7906,BLAST Bounty 2025 Season 2
204323,1754485200000,4608,Natus Vincere,13,12833,TNL,9,Natus Vincere,Mirage,7906,BLAST Bounty 2025 Season 2
204319,1754485200000,12833,TNL,5,4608,Natus Vincere,13,Natus Vincere,Nuke,7906,BLAST Bounty 2025 Season 2
204317,1754485200000,4608,Natus Vincere,14,12833,TNL,16,TNL,Ancient,7906,BLAST Bounty 2025 Season 2
204308,1754474400000,9215,MIBR,19,5378,Virtus.pro,22,Virtus.pro,Overpass,7906,BLAST Bounty 2025 Season 2
204303,1754474400000,5378,Virtus.pro,13,9215,MIBR,8,Virtus.pro,Train,7906,BLAST Bounty 2025 Season 2
204296,1754419500000,12394,BetBoom,6,6667,FaZe,13,FaZe,Ancient,7906,BLAST Bounty 2025 Season 2
204294,1754419500000,6667,FaZe,13,12394,BetBoom,10,FaZe,Mirage,7906,BLAST Bounty 2025 Season 2
204285,1754408100000,7969,Nemiga,20,5995,G2,22,G2,Mirage,7906,BLAST Bounty 2025 Season 2
204282,1754408100000,5995,G2,13,7969,Nemiga,10,G2,Ancient,7906,BLAST Bounty 2025 Season 2
204216,1754233200000,7020,Spirit,13,4494,MOUZ,6,Spirit,Nuke,8038,IEM Cologne 2025
204211,1754233200000,4494,MOUZ,11,7020,Spirit,13,Spirit,Ancient,8038,IEM Cologne 2025
204203,1754233200000,7020,Spirit,13,4494,MOUZ,7,Spirit,Mirage,8038,IEM Cologne 2025
204170,1754157000000,4494,MOUZ,13,9565,Vitality,8,MOUZ,Train,8038,IEM Cologne 2025
204166,1754157000000,9565,Vitality,9,4494,MOUZ,13,MOUZ,Mirage,8038,IEM Cologne 2025
204158,1754142300000,4608,Natus Vincere,6,7020,Spirit,13,Spirit,Ancient,8038,IEM Cologne 2025
204152,1754142300000,4608,Natus Vincere,13,7020,Spirit,9,Natus Vincere,Nuke,8038,IEM Cologne 2025
204147,1754142300000,7020,Spirit,13,4608,Natus Vincere,11,Spirit,Mirage,8038,IEM Cologne 2025
204130,1754091000000,12376,M80,13,12257,Wildcard,3,M80,Ancient,8549,Thunderpick World Championship 2025 North America Series 2
204128,1754091000000,12257,Wildcard,7,12376,M80,13,M80,Overpass,8549,Thunderpick World Championship 2025 North America Series 2
204114,1754068200000,4494,MOUZ,13,8297,FURIA,11,MOUZ,Inferno,8038,IEM Cologne 2025
204108,1754068200000,8297,FURIA,13,4494,MOUZ,10,FURIA,Mirage,8038,IEM Cologne 2025
204098,1754068200000,4494,MOUZ,19,8297,FURIA,16,MOUZ,Train,8038,IEM Cologne 2025
204091,1754055900000,4608,Natus Vincere,13,6248,The MongolZ,6,Natus Vincere,Ancient,8038,IEM Cologne 2025
204081,1754055900000,6248,The MongolZ,18,4608,Natus Vincere,22,Natus Vincere,Inferno,8038,IEM Cologne 2025
203958,1753812900000,5995,G2,14,8297,FURIA,16,FURIA,Inferno,8038,IEM Cologne 2025
203953,1753812900000,5995,G2,6,8297,FURIA,13,FURIA,Dust2,8038,IEM Cologne 2025
203951,1753806600000,6667,FaZe,10,4608,Natus Vincere,13,Natus Vincere,Inferno,8038,IEM Cologne 2025
203948,1753806600000,4608,Natus Vincere,13,6667,FaZe,4,Natus Vincere,Ancient,8038,IEM Cologne 2025
203938,1753799700000,6248,The MongolZ,8,9565,Vitality,13,Vitality,Inferno,8038,IEM Cologne 2025
203937,1753799700000,9565,Vitality,13,6248,The MongolZ,5,Vitality,Mirage,8038,IEM Cologne 2025
203949,1753797600000,7020,Spirit,13,4494,MOUZ,6,Spirit,Overpass,8038,IEM Cologne 2025
203939,1753797600000,7020,Spirit,19,4494,MOUZ,22,MOUZ,Mirage,8038,IEM Cologne 2025
203935,1753797600000,4494,MOUZ,13,7020,Spirit,16,Spirit,Ancient,8038,IEM Cologne 2025
203930,1753788600000,4608,Natus Vincere,13,4411,Ninjas in Pyjamas,11,Natus Vincere,Train,8038,IEM Cologne 2025
203926,1753788600000,4411,Ninjas in Pyjamas,3,4608,Natus Vincere,13,Natus Vincere,Inferno,8038,IEM Cologne 2025
203922,1753788600000,4608,Natus Vincere,9,4411,Ninjas in Pyjamas,13,Ninjas in Pyjamas,Nuke,8038,IEM Cologne 2025
203925,1753788600000,6667,FaZe,13,11861,Aurora,1,FaZe,Mirage,8038,IEM Cologne 2025
203923,1753788600000,11861,Aurora,10,6667,FaZe,13,FaZe,Nuke,8038,IEM Cologne 2025
203879,1753720200000,11283,Falcons,7,8297,FURIA,13,FURIA,Dust2,8038,IEM Cologne 2025
203877,1753720200000,8297,FURIA,13,11283,Falcons,11,FURIA,Mirage,8038,IEM Cologne 2025
203873,1753720200000,11283,Falcons,13,8297,FURIA,7,Falcons,Train,8038,IEM Cologne 2025
203876,1753720200000,4914,3DMAX,6,5995,G2,13,G2,Inferno,8038,IEM Cologne 2025
203874,1753720200000,5995,G2,13,4914,3DMAX,8,G2,Ancient,8038,IEM Cologne 2025
203871,1753711200000,11861,Aurora,10,7020,Spirit,13,Spirit,Nuke,8038,IEM Cologne 2025
203868,1753711200000,11861,Aurora,8,7020,Spirit,13,Spirit,Dust2,8038,IEM Cologne 2025
203869,1753711200000,5973,Liquid,2,6667,FaZe,13,FaZe,Ancient,8038,IEM Cologne 2025
203866,1753711200000,6667,FaZe,13,5973,Liquid,6,FaZe,Mirage,8038,IEM Cologne 2025
203865,1753702200000,4608,Natus Vincere,10,4494,MOUZ,13,MOUZ,Nuke,8038,IEM Cologne 2025
203862,1753702200000,4494,MOUZ,13,4608,Natus Vincere,10,MOUZ,Mirage,8038,IEM Cologne 2025
203863,1753702200000,7175,HEROIC,6,4411,Ninjas in Pyjamas,13,Ninjas in Pyjamas,Nuke,8038,IEM Cologne 2025
203859,1753702200000,4411,Ninjas in Pyjamas,13,7175,HEROIC,4,Ninjas in Pyjamas,Train,8038,IEM Cologne 2025
203824,1753639200000,6665,Astralis,4,8297,FURIA,13,FURIA,Dust2,8038,IEM Cologne 2025
203821,1753639200000,6665,Astralis,3,8297,FURIA,13,FURIA,Inferno,8038,IEM Cologne 2025
203820,1753633800000,5995,G2,10,9565,Vitality,13,Vitality,Train,8038,IEM Cologne 2025
203810,1753633800000,9565,Vitality,13,5995,G2,5,Vitality,Inferno,8038,IEM Cologne 2025
203809,1753624800000,9928,GamerLegion,20,4914,3DMAX,22,3DMAX,Dust2,8038,IEM Cologne 2025
203804,1753624800000,4914,3DMAX,13,9928,GamerLegion,11,3DMAX,Inferno,8038,IEM Cologne 2025
203799,1753624800000,9928,GamerLegion,13,4914,3DMAX,6,GamerLegion,Overpass,8038,IEM Cologne 2025
203803,1753624800000,11283,Falcons,9,6248,The MongolZ,13,The MongolZ,Mirage,8038,IEM Cologne 2025
203800,1753624800000,6248,The MongolZ,13,11283,Falcons,9,The MongolZ,Dust2,8038,IEM Cologne 2025
203793,1753615800000,7175,HEROIC,8,7020,Spirit,13,Spirit,Nuke,8038,IEM Cologne 2025
203787,1753615800000,7020,Spirit,16,7175,HEROIC,14,Spirit,Ancient,8038,IEM Cologne 2025
203792,1753615800000,5973,Liquid,9,4494,MOUZ,13,MOUZ,Train,8038,IEM Cologne 2025
203786,1753615800000,4494,MOUZ,13,5973,Liquid,7,MOUZ,Inferno,8038,IEM Cologne 2025
203743,1753547400000,6667,FaZe,5,4608,Natus Vincere,13,Natus Vincere,Nuke,8038,IEM Cologne 2025
203736,1753547400000,6667,FaZe,9,4608,Natus Vincere,13,Natus Vincere,Mirage,8038,IEM Cologne 2025
203733,1753547400000,4608,Natus Vincere,11,6667,FaZe,13,FaZe,Ancient,8038,IEM Cologne 2025
203737,1753547400000,11861,Aurora,19,4411,Ninjas in Pyjamas,15,Aurora,Train,8038,IEM Cologne 2025
203734,1753547400000,4411,Ninjas in Pyjamas,11,11861,Aurora,13,Aurora,Dust2,8038,IEM Cologne 2025
203726,1753538700000,4914,3DMAX,10,6248,The MongolZ,13,The MongolZ,Ancient,8038,IEM Cologne 2025
203721,1753538700000,6248,The MongolZ,13,4914,3DMAX,2,The MongolZ,Nuke,8038,IEM Cologne 2025
203727,1753538400000,6665,Astralis,8,9565,Vitality,13,Vitality,Overpass,8038,IEM Cologne 2025
203723,1753538400000,9565,Vitality,13,6665,Astralis,11,Vitality,Nuke,8038,IEM Cologne 2025
203720,1753530300000,8297,FURIA,8,5995,G2,13,G2,Inferno,8038,IEM Cologne 2025
203715,1753530300000,5995,G2,13,8297,FURIA,11,G2,Dust2,8038,IEM Cologne 2025
203719,1753530300000,9928,GamerLegion,6,11283,Falcons,13,Falcons,Mirage,8038,IEM Cologne 2025
203716,1753530300000,11283,Falcons,13,9928,GamerLegion,11,Falcons,Nuke,8038,IEM Cologne 2025
203699,1753461900000,6665,Astralis,13,4773,paiN,11,Astralis,Inferno,8230,IEM Cologne 2025 Stage 1
203692,1753461900000,4773,paiN,13,6665,Astralis,8,paiN,Ancient,8230,IEM Cologne 2025 Stage 1
203689,1753461900000,6665,Astralis,13,4773,paiN,4,Astralis,Nuke,8230,IEM Cologne 2025 Stage 1
203698,1753461900000,4863,TYLOO,10,4914,3DMAX,13,3DMAX,Ancient,8230,IEM Cologne 2025 Stage 1
203693,1753461900000,4914,3DMAX,22,4863,TYLOO,20,3DMAX,Inferno,8230,IEM Cologne 2025 Stage 1
203687,1753454100000,5378,Virtus.pro,10,7175,HEROIC,13,HEROIC,Mirage,8230,IEM Cologne 2025 Stage 1
203681,1753454100000,7175,HEROIC,13,5378,Virtus.pro,8,HEROIC,Overpass,8230,IEM Cologne 2025 Stage 1
203685,1753452000000,5973,Liquid,13,12774,FlyQuest,9,Liquid,Ancient,8230,IEM Cologne 2025 Stage 1
203680,1753452000000,12774,FlyQuest,13,5973,Liquid,3,FlyQuest,Dust2,8230,IEM Cologne 2025 Stage 1
203678,1753452000000,5973,Liquid,13,12774,FlyQuest,6,Liquid,Nuke,8230,IEM Cologne 2025 Stage 1
203677,1753443000000,7532,BIG,11,4773,paiN,13,paiN,Inferno,8230,IEM Cologne 2025 Stage 1
203674,1753443000000,7532,BIG,3,4773,paiN,13,paiN,Nuke,8230,IEM Cologne 2025 Stage 1
203671,1753443000000,4773,paiN,7,7532,BIG,13,BIG,Ancient,8230,IEM Cologne 2025 Stage 1
203675,1753443000000,6665,Astralis,9,8297,FURIA,13,FURIA,Dust2,8230,IEM Cologne 2025 Stage 1
203672,1753443000000,8297,FURIA,13,6665,Astralis,11,FURIA,Nuke,8230,IEM Cologne 2025 Stage 1
203644,1753379100000,9215,MIBR,4,7175,HEROIC,13,HEROIC,Ancient,8230,IEM Cologne 2025 Stage 1
203642,1753379100000,7175,HEROIC,13,9215,MIBR,6,HEROIC,Train,8230,IEM Cologne 2025 Stage 1
203648,1753376400000,5973,Liquid,2,6667,FaZe,13,FaZe,Nuke,8230,IEM Cologne 2025 Stage 1
203643,1753376400000,5973,Liquid,13,6667,FaZe,10,Liquid,Inferno,8230,IEM Cologne 2025 Stage 1
203639,1753376400000,6667,FaZe,13,5973,Liquid,6,FaZe,Mirage,8230,IEM Cologne 2025 Stage 1
203633,1753369200000,4411,Ninjas in Pyjamas,13,4914,3DMAX,7,Ninjas in Pyjamas,Dust2,8230,IEM Cologne 2025 Stage 1
203630,1753369200000,4914,3DMAX,8,4411,Ninjas in Pyjamas,13,Ninjas in Pyjamas,Nuke,8230,IEM Cologne 2025 Stage 1
203635,1753365600000,12774,FlyQuest,19,11241,B8,16,FlyQuest,Inferno,8230,IEM Cologne 2025 Stage 1
203631,1753365600000,12774,FlyQuest,11,11241,B8,13,B8,Mirage,8230,IEM Cologne 2025 Stage 1
203628,1753365600000,11241,B8,10,12774,FlyQuest,13,FlyQuest,Dust2,8230,IEM Cologne 2025 Stage 1
203627,1753356600000,5005,Complexity,11,4863,TYLOO,13,TYLOO,Ancient,8230,IEM Cologne 2025 Stage 1
203623,1753356600000,5005,Complexity,6,4863,TYLOO,13,TYLOO,Inferno,8230,IEM Cologne 2025 Stage 1
203620,1753356600000,4863,TYLOO,11,5005,Complexity,13,Complexity,Overpass,8230,IEM Cologne 2025 Stage 1
203625,1753356600000,5378,Virtus.pro,11,9928,GamerLegion,13,GamerLegion,Ancient,8230,IEM Cologne 2025 Stage 1
203621,1753356600000,9928,GamerLegion,13,5378,Virtus.pro,8,GamerLegion,Dust2,8230,IEM Cologne 2025 Stage 1
203616,1753292700000,5973,Liquid,13,4773,paiN,8,Liquid,Dust2,8230,IEM Cologne 2025 Stage 1
203613,1753292700000,4773,paiN,7,5973,Liquid,13,Liquid,Mirage,8230,IEM Cologne 2025 Stage 1
203615,1753287900000,7175,HEROIC,9,4411,Ninjas in Pyjamas,13,Ninjas in Pyjamas,Ancient,8230,IEM Cologne 2025 Stage 1
203611,1753287900000,4411,Ninjas in Pyjamas,13,7175,HEROIC,9,Ninjas in Pyjamas,Overpass,8230,IEM Cologne 2025 Stage 1
203608,1753287900000,7175,HEROIC,13,4411,Ninjas in Pyjamas,10,HEROIC,Nuke,8230,IEM Cologne 2025 Stage 1
203609,1753284900000,7532,BIG,9,6667,FaZe,13,FaZe,Ancient,8230,IEM Cologne 2025 Stage 1
203605,1753284900000,6667,FaZe,13,7532,BIG,7,FaZe,Inferno,8230,IEM Cologne 2025 Stage 1
203603,1753280400000,9215,MIBR,5,4914,3DMAX,13,3DMAX,Ancient,8230,IEM Cologne 2025 Stage 1
203600,1753280400000,4914,3DMAX,13,9215,MIBR,9,3DMAX,Train,8230,IEM Cologne 2025 Stage 1
203602,1753268400000,8297,FURIA,13,12774,FlyQuest,10,FURIA,Mirage,8230,IEM Cologne 2025 Stage 1
203594,1753268400000,12774,FlyQuest,19,8297,FURIA,17,FlyQuest,Dust2,8230,IEM Cologne 2025 Stage 1
203590,1753268400000,8297,FURIA,13,12774,FlyQuest,7,FURIA,Inferno,8230,IEM Cologne 2025 Stage 1
203592,1753268400000,11241,B8,12,6665,Astralis,16,Astralis,Inferno,8230,IEM Cologne 2025 Stage 1
203588,1753268400000,6665,Astralis,13,11241,B8,2,Astralis,Mirage,8230,IEM Cologne 2025 Stage 1
203587,1753259400000,5005,Complexity,10,9928,GamerLegion,13,GamerLegion,Nuke,8230,IEM Cologne 2025 Stage 1
203583,1753259400000,9928,GamerLegion,13,5005,Complexity,3,GamerLegion,Inferno,8230,IEM Cologne 2025 Stage 1
203586,1753259400000,4863,TYLOO,5,5378,Virtus.pro,13,Virtus.pro,Overpass,8230,IEM Cologne 2025 Stage 1
203584,1753259400000,5378,Virtus.pro,13,4863,TYLOO,7,Virtus.pro,Inferno,8230,IEM Cologne 2025 Stage 1
203519,1753016700000,4863,TYLOO,13,6665,Astralis,10,TYLOO,Ancient,8063,FISSURE Playground 1
203511,1753016700000,6665,Astralis,14,4863,TYLOO,16,TYLOO,Mirage,8063,FISSURE Playground 1
203506,1753016700000,4863,TYLOO,13,6665,Astralis,4,TYLOO,Nuke,8063,FISSURE Playground 1
203503,1753016700000,6665,Astralis,13,4863,TYLOO,10,Astralis,Inferno,8063,FISSURE Playground 1
203453,1752939600000,12394,BetBoom,8,6665,Astralis,13,Astralis,Nuke,8063,FISSURE Playground 1
203444,1752939600000,6665,Astralis,13,12394,BetBoom,10,Astralis,Mirage,8063,FISSURE Playground 1
203434,1752926400000,10567,SAW,10,4863,TYLOO,13,TYLOO,Inferno,8063,FISSURE Playground 1
203424,1752926400000,4863,TYLOO,16,10567,SAW,14,TYLOO,Nuke,8063,FISSURE Playground 1
203360,1752863400000,9928,GamerLegion,8,12394,BetBoom,13,BetBoom,Mirage,8063,FISSURE Playground 1
203352,1752863400000,12394,BetBoom,13,9928,GamerLegion,7,BetBoom,Ancient,8063,FISSURE Playground 1
203342,1752863400000,9928,GamerLegion,13,12394,BetBoom,9,GamerLegion,Dust2,8063,FISSURE Playground 1
203328,1752851700000,6665,Astralis,16,8840,Lynn Vision,13,Astralis,Dust2,8063,FISSURE Playground 1
203325,1752851700000,8840,Lynn Vision,2,6665,Astralis,13,Astralis,Nuke,8063,FISSURE Playground 1
203322,1752835800000,5005,Complexity,16,10567,SAW,19,SAW,Nuke,8063,FISSURE Playground 1
203321,1752835800000,5005,Complexity,13,10567,SAW,9,Complexity,Inferno,8063,FISSURE Playground 1
203320,1752835800000,5005,Complexity,8,10567,SAW,13,SAW,Anubis,8063,FISSURE Playground 1
203319,1752825600000,4914,3DMAX,7,4863,TYLOO,13,TYLOO,Inferno,8063,FISSURE Playground 1
203317,1752825600000,4863,TYLOO,13,4914,3DMAX,9,TYLOO,Ancient,8063,FISSURE Playground 1
203298,1752783900000,7532,BIG,6,12394,BetBoom,13,BetBoom,Nuke,8063,FISSURE Playground 1
203296,1752783900000,12394,BetBoom,13,7532,BIG,7,BetBoom,Dust2,8063,FISSURE Playground 1
203292,1752783900000,7532,BIG,16,12394,BetBoom,13,BIG,Mirage,8063,FISSURE Playground 1
203283,1752773100000,9215,MIBR,11,6665,Astralis,13,Astralis,Nuke,8063,FISSURE Playground 1
203277,1752773100000,6665,Astralis,13,9215,MIBR,6,Astralis,Mirage,8063,FISSURE Playground 1
203270,1752755400000,8297,FURIA,10,10567,SAW,13,SAW,Inferno,8063,FISSURE Playground 1
203268,1752755400000,10567,SAW,8,8297,FURIA,13,FURIA,Train,8063,FISSURE Playground 1
203262,1752755400000,8297,FURIA,19,10567,SAW,22,SAW,Ancient,8063,FISSURE Playground 1
203252,1752742800000,4914,3DMAX,19,4773,paiN,17,3DMAX,Nuke,8063,FISSURE Playground 1
203249,1752742800000,4773,paiN,8,4914,3DMAX,13,3DMAX,Ancient,8063,FISSURE Playground 1
203223,1752696600000,7532,BIG,10,5005,Complexity,13,Complexity,Nuke,8063,FISSURE Playground 1
203217,1752696600000,7532,BIG,17,5005,Complexity,19,Complexity,Train,8063,FISSURE Playground 1
203209,1752696600000,5005,Complexity,13,7532,BIG,16,BIG,Dust2,8063,FISSURE Playground 1
203204,1752687000000,12833,TNL,13,7969,Nemiga,8,TNL,Ancient,8569,ESL Pro League Season 22 Europe Closed Qualifier
203198,1752687000000,12833,TNL,14,7969,Nemiga,16,Nemiga,Dust2,8569,ESL Pro League Season 22 Europe Closed Qualifier
203186,1752687000000,7969,Nemiga,7,12833,TNL,13,TNL,Mirage,8569,ESL Pro League Season 22 Europe Closed Qualifier
203200,1752685200000,6665,Astralis,6,4863,TYLOO,13,TYLOO,Inferno,8063,FISSURE Playground 1
203191,1752685200000,4863,TYLOO,8,6665,Astralis,13,Astralis,Nuke,8063,FISSURE Playground 1
203183,1752685200000,6665,Astralis,9,4863,TYLOO,13,TYLOO,Mirage,8063,FISSURE Playground 1
203196,1752681900000,12394,BetBoom,13,7175,HEROIC,10,BetBoom,Anubis,8063,FISSURE Playground 1
203184,1752681900000,7175,HEROIC,10,12394,BetBoom,13,BetBoom,Ancient,8063,FISSURE Playground 1
203181,1752681900000,7175,HEROIC,13,12394,BetBoom,11,HEROIC,Nuke,8063,FISSURE Playground 1
203173,1752674700000,9215,MIBR,13,5378,Virtus.pro,8,MIBR,Mirage,8063,FISSURE Playground 1
203165,1752674700000,5378,Virtus.pro,10,9215,MIBR,13,MIBR,Train,8063,FISSURE Playground 1
203166,1752667500000,4773,paiN,5,8840,Lynn Vision,13,Lynn Vision,Anubis,8063,FISSURE Playground 1
203157,1752667500000,8840,Lynn Vision,10,4773,paiN,13,paiN,Nuke,8063,FISSURE Playground 1
203153,1752667500000,4773,paiN,9,8840,Lynn Vision,13,Lynn Vision,Dust2,8063,FISSURE Playground 1
203154,1752664800000,10567,SAW,7,9928,GamerLegion,13,GamerLegion,Ancient,8063,FISSURE Playground 1
203151,1752664800000,9928,GamerLegion,13,10567,SAW,7,GamerLegion,Nuke,8063,FISSURE Playground 1
203146,1752656400000,8297,FURIA,13,12257,Wildcard,3,FURIA,Inferno,8063,FISSURE Playground 1
203141,1752656400000,12257,Wildcard,2,8297,FURIA,13,FURIA,Train,8063,FISSURE Playground 1
203135,1752607800000,9215,MIBR,5,6665,Astralis,13,Astralis,Ancient,8063,FISSURE Playground 1
203130,1752607800000,6665,Astralis,13,9215,MIBR,7,Astralis,Nuke,8063,FISSURE Playground 1
203134,1752604500000,7175,HEROIC,5,7532,BIG,13,BIG,Nuke,8063,FISSURE Playground 1
203131,1752604500000,7532,BIG,7,7175,HEROIC,13,HEROIC,Mirage,8063,FISSURE Playground 1
203125,1752604500000,7175,HEROIC,6,7532,BIG,13,BIG,Dust2,8063,FISSURE Playground 1
203113,1752595200000,5378,Virtus.pro,14,4863,TYLOO,16,TYLOO,Anubis,8063,FISSURE Playground 1
203107,1752595200000,5378,Virtus.pro,9,4863,TYLOO,13,TYLOO,Inferno,8063,FISSURE Playground 1
203108,1752589500000,12394,BetBoom,8,5005,Complexity,13,Complexity,Anubis,8063,FISSURE Playground 1
203106,1752589500000,12394,BetBoom,8,5005,Complexity,13,Complexity,Train,8063,FISSURE Playground 1
203091,1752589500000,5005,Complexity,14,12394,BetBoom,16,BetBoom,Nuke,8063,FISSURE Playground 1
203102,1752586200000,10503,OG,9,7969,Nemiga,13,Nemiga,Mirage,8569,ESL Pro League Season 22 Europe Closed Qualifier
203093,1752586200000,10503,OG,13,7969,Nemiga,11,OG,Dust2,8569,ESL Pro League Season 22 Europe Closed Qualifier
203086,1752586200000,7969,Nemiga,13,10503,OG,11,Nemiga,Ancient,8569,ESL Pro League Season 22 Europe Closed Qualifier
203088,1752585000000,10567,SAW,13,8297,FURIA,8,SAW,Dust2,8063,FISSURE Playground 1
203083,1752585000000,10567,SAW,13,8297,FURIA,9,SAW,Anubis,8063,FISSURE Playground 1
203069,1752571200000,4914,3DMAX,3,8840,Lynn Vision,13,Lynn Vision,Anubis,8063,FISSURE Playground 1
203066,1752571200000,8840,Lynn Vision,13,4914,3DMAX,10,Lynn Vision,Dust2,8063,FISSURE Playground 1
203075,1752570900000,9928,GamerLegion,13,12257,Wildcard,6,GamerLegion,Dust2,8063,FISSURE Playground 1
203070,1752570900000,12257,Wildcard,8,9928,GamerLegion,13,GamerLegion,Ancient,8063,FISSURE Playground 1
203064,1752570900000,9928,GamerLegion,4,12257,Wildcard,13,Wildcard,Inferno,8063,FISSURE Playground 1
202030,1750620600000,9565,Vitality,13,6248,The MongolZ,6,Vitality,Inferno,7902,BLAST.tv Austin Major 2025
202027,1750620600000,9565,Vitality,13,6248,The MongolZ,4,Vitality,Dust2,7902,BLAST.tv Austin Major 2025
202022,1750620600000,9565,Vitality,5,6248,The MongolZ,13,The MongolZ,Mirage,7902,BLAST.tv Austin Major 2025
201968,1750586400000,4411,Ninjas in Pyjamas,13,7532,BIG,2,Ninjas in Pyjamas,Inferno,8533,CCT Season 3 Europe Series 3
201963,1750586400000,7532,BIG,6,4411,Ninjas in Pyjamas,13,Ninjas in Pyjamas,Nuke,8533,CCT Season 3 Europe Series 3
201953,1750542600000,4773,paiN,5,6248,The MongolZ,13,The MongolZ,Anubis,7902,BLAST.tv Austin Major 2025
201951,1750542600000,4773,paiN,5,6248,The MongolZ,13,The MongolZ,Mirage,7902,BLAST.tv Austin Major 2025
201949,1750528800000,9565,Vitality,13,4494,MOUZ,6,Vitality,Train,7902,BLAST.tv Austin Major 2025
201944,1750528800000,4494,MOUZ,13,9565,Vitality,4,MOUZ,Inferno,7902,BLAST.tv Austin Major 2025
201942,1750528800000,9565,Vitality,13,4494,MOUZ,8,Vitality,Mirage,7902,BLAST.tv Austin Major 2025
201907,1750454100000,6667,FaZe,11,6248,The MongolZ,13,The MongolZ,Anubis,7902,BLAST.tv Austin Major 2025
201905,1750454100000,6667,FaZe,9,6248,The MongolZ,13,The MongolZ,Mirage,7902,BLAST.tv Austin Major 2025
201898,1750443000000,4608,Natus Vincere,11,9565,Vitality,13,Vitality,Nuke,7902,BLAST.tv Austin Major 2025
201895,1750443000000,9565,Vitality,13,4608,Natus Vincere,9,Vitality,Mirage,7902,BLAST.tv Austin Major 2025
201857,1750378800000,8297,FURIA,12,4773,paiN,16,paiN,Inferno,7902,BLAST.tv Austin Major 2025
201856,1750378800000,8297,FURIA,8,4773,paiN,13,paiN,Anubis,7902,BLAST.tv Austin Major 2025
201855,1750378800000,8297,FURIA,13,4773,paiN,6,FURIA,Nuke,7902,BLAST.tv Austin Major 2025
201852,1750359900000,7020,Spirit,10,4494,MOUZ,13,MOUZ,Nuke,7902,BLAST.tv Austin Major 2025
201850,1750359900000,4494,MOUZ,13,7020,Spirit,9,MOUZ,Dust2,7902,BLAST.tv Austin Major 2025
201844,1750359900000,7020,Spirit,25,4494,MOUZ,21,Spirit,Mirage,7902,BLAST.tv Austin Major 2025
201653,1750023900000,5378,Virtus.pro,11,4773,paiN,13,paiN,Dust2,7902,BLAST.tv Austin Major 2025
201651,1750023900000,4773,paiN,6,5378,Virtus.pro,13,Virtus.pro,Inferno,7902,BLAST.tv Austin Major 2025
201648,1750023900000,5378,Virtus.pro,8,4773,paiN,13,paiN,Mirage,7902,BLAST.tv Austin Major 2025
201640,1750011300000,6248,The MongolZ,28,5995,G2,25,The MongolZ,Dust2,7902,BLAST.tv Austin Major 2025
201632,1750011300000,6248,The MongolZ,13,5995,G2,6,The MongolZ,Ancient,7902,BLAST.tv Austin Major 2025
201628,1749999600000,12468,Legacy,10,4494,MOUZ,13,MOUZ,Nuke,7902,BLAST.tv Austin Major 2025
201618,1749999600000,4494,MOUZ,13,12468,Legacy,11,MOUZ,Inferno,7902,BLAST.tv Austin Major 2025
201609,1749999600000,12468,Legacy,13,4494,MOUZ,4,Legacy,Ancient,7902,BLAST.tv Austin Major 2025
201553,1749933900000,9565,Vitality,13,5378,Virtus.pro,6,Vitality,Dust2,7902,BLAST.tv Austin Major 2025
201548,1749933900000,5378,Virtus.pro,6,9565,Vitality,13,Vitality,Train,7902,BLAST.tv Austin Major 2025
201554,1749929100000,5995,G2,16,4608,Natus Vincere,19,Natus Vincere,Inferno,7902,BLAST.tv Austin Major 2025
201547,1749929100000,5995,G2,13,4608,Natus Vincere,9,G2,Anubis,7902,BLAST.tv Austin Major 2025
201539,1749929100000,4608,Natus Vincere,13,5995,G2,10,Natus Vincere,Mirage,7902,BLAST.tv Austin Major 2025
201532,1749922200000,6667,FaZe,13,6248,The MongolZ,4,FaZe,Anubis,7902,BLAST.tv Austin Major 2025
201525,1749922200000,6667,FaZe,13,6248,The MongolZ,11,FaZe,Ancient,7902,BLAST.tv Austin Major 2025
201543,1749921900000,11861,Aurora,6,4494,MOUZ,13,MOUZ,Mirage,7902,BLAST.tv Austin Major 2025
201535,1749921900000,4494,MOUZ,11,11861,Aurora,13,Aurora,Inferno,7902,BLAST.tv Austin Major 2025
201524,1749921900000,11861,Aurora,10,4494,MOUZ,13,MOUZ,Train,7902,BLAST.tv Austin Major 2025
201511,1749913200000,12468,Legacy,13,8840,Lynn Vision,5,Legacy,Nuke,7902,BLAST.tv Austin Major 2025
201502,1749913200000,12468,Legacy,13,8840,Lynn Vision,3,Legacy,Inferno,7902,BLAST.tv Austin Major 2025
201495,1749913200000,12468,Legacy,2,8840,Lynn Vision,13,Lynn Vision,Dust2,7902,BLAST.tv Austin Major 2025
201508,1749913200000,4914,3DMAX,12,4773,paiN,16,paiN,Nuke,7902,BLAST.tv Austin Major 2025
201497,1749913200000,4773,paiN,13,4914,3DMAX,9,paiN,Inferno,7902,BLAST.tv Austin Major 2025
201423,1749840000000,7969,Nemiga,7,4773,paiN,13,paiN,Dust2,7902,BLAST.tv Austin Major 2025
201408,1749840000000,4773,paiN,13,7969,Nemiga,8,paiN,Anubis,7902,BLAST.tv Austin Major 2025
201395,1749840000000,4773,paiN,8,7969,Nemiga,13,Nemiga,Ancient,7902,BLAST.tv Austin Major 2025
201422,1749840000000,4494,MOUZ,22,5973,Liquid,19,MOUZ,Mirage,7902,BLAST.tv Austin Major 2025
201406,1749840000000,5973,Liquid,13,4494,MOUZ,4,Liquid,Nuke,7902,BLAST.tv Austin Major 2025
201394,1749840000000,4494,MOUZ,13,5973,Liquid,8,MOUZ,Dust2,7902,BLAST.tv Austin Major 2025
201388,1749833700000,5378,Virtus.pro,5,8297,FURIA,13,FURIA,Train,7902,BLAST.tv Austin Major 2025
201381,1749833700000,8297,FURIA,13,5378,Virtus.pro,3,FURIA,Mirage,7902,BLAST.tv Austin Major 2025
201389,1749832500000,7020,Spirit,13,4608,Natus Vincere,3,Spirit,Train,7902,BLAST.tv Austin Major 2025
201382,1749832500000,7020,Spirit,13,4608,Natus Vincere,11,Spirit,Anubis,7902,BLAST.tv Austin Major 2025
201378,1749830400000,8840,Lynn Vision,7,6248,The MongolZ,13,The MongolZ,Nuke,7902,BLAST.tv Austin Major 2025
201377,1749829500000,11861,Aurora,4,5995,G2,13,G2,Inferno,7902,BLAST.tv Austin Major 2025
201374,1749826800000,6667,FaZe,13,12468,Legacy,8,FaZe,Anubis,7902,BLAST.tv Austin Major 2025
201373,1749826800000,9565,Vitality,13,4914,3DMAX,2,Vitality,Nuke,7902,BLAST.tv Austin Major 2025
201343,1749768600000,4773,paiN,6,5995,G2,13,G2,Dust2,7902,BLAST.tv Austin Major 2025
201342,1749768000000,6248,The MongolZ,13,5973,Liquid,7,The MongolZ,Ancient,7902,BLAST.tv Austin Major 2025
201340,1749765600000,9565,Vitality,13,7969,Nemiga,6,Vitality,Dust2,7902,BLAST.tv Austin Major 2025
201341,1749764100000,4494,MOUZ,10,6667,FaZe,13,FaZe,Ancient,7902,BLAST.tv Austin Major 2025
201337,1749760800000,8840,Lynn Vision,7,7020,Spirit,13,Spirit,Dust2,7902,BLAST.tv Austin Major 2025
201338,1749760500000,4608,Natus Vincere,16,4914,3DMAX,14,Natus Vincere,Inferno,7902,BLAST.tv Austin Major 2025
201336,1749756900000,12468,Legacy,11,5378,Virtus.pro,13,Virtus.pro,Ancient,7902,BLAST.tv Austin Major 2025
201335,1749756900000,11861,Aurora,7,8297,FURIA,13,FURIA,Dust2,7902,BLAST.tv Austin Major 2025
201333,1749751500000,8840,Lynn Vision,13,5973,Liquid,5,Lynn Vision,Dust2,7902,BLAST.tv Austin Major 2025
201329,1749750300000,4608,Natus Vincere,13,7969,Nemiga,7,Natus Vincere,Train,7902,BLAST.tv Austin Major 2025
201327,1749747600000,6248,The MongolZ,11,8297,FURIA,13,FURIA,Inferno,7902,BLAST.tv Austin Major 2025
201325,1749746700000,6667,FaZe,5,11861,Aurora,13,Aurora,Anubis,7902,BLAST.tv Austin Major 2025
201322,1749744600000,5995,G2,5,4914,3DMAX,13,3DMAX,Nuke,7902,BLAST.tv Austin Major 2025
201320,1749743700000,4773,paiN,3,7020,Spirit,13,Spirit,Dust2,7902,BLAST.tv Austin Major 2025
201318,1749740400000,4494,MOUZ,11,5378,Virtus.pro,13,Virtus.pro,Mirage,7902,BLAST.tv Austin Major 2025
201317,1749740400000,9565,Vitality,3,12468,Legacy,13,Legacy,Inferno,7902,BLAST.tv Austin Major 2025
201248,1749587400000,9215,MIBR,12,6667,FaZe,16,FaZe,Ancient,8437,BLAST.tv Austin Major 2025 Stage 2
201247,1749587400000,9215,MIBR,4,6667,FaZe,13,FaZe,Anubis,8437,BLAST.tv Austin Major 2025 Stage 2
201246,1749576600000,8840,Lynn Vision,13,11241,B8,7,Lynn Vision,Anubis,8437,BLAST.tv Austin Major 2025 Stage 2
201243,1749576600000,8840,Lynn Vision,9,11241,B8,13,B8,Ancient,8437,BLAST.tv Austin Major 2025 Stage 2
201238,1749576600000,11241,B8,2,8840,Lynn Vision,13,Lynn Vision,Dust2,8437,BLAST.tv Austin Major 2025 Stage 2
201235,1749567600000,7175,HEROIC,9,7969,Nemiga,13,Nemiga,Dust2,8437,BLAST.tv Austin Major 2025 Stage 2
201231,1749567600000,7969,Nemiga,13,7175,HEROIC,11,Nemiga,Mirage,8437,BLAST.tv Austin Major 2025 Stage 2
201203,1749508500000,6667,FaZe,9,4914,3DMAX,13,3DMAX,Inferno,8437,BLAST.tv Austin Major 2025 Stage 2
201202,1749508500000,4914,3DMAX,13,6667,FaZe,8,3DMAX,Nuke,8437,BLAST.tv Austin Major 2025 Stage 2
201197,1749494700000,11241,B8,7,8297,FURIA,13,FURIA,Dust2,8437,BLAST.tv Austin Major 2025 Stage 2
201194,1749494700000,11241,B8,6,8297,FURIA,13,FURIA,Train,8437,BLAST.tv Austin Major 2025 Stage 2
201191,1749494700000,8297,FURIA,3,11241,B8,13,B8,Mirage,8437,BLAST.tv Austin Major 2025 Stage 2
201198,1749494100000,11283,Falcons,20,9215,MIBR,22,MIBR,Inferno,8437,BLAST.tv Austin Major 2025 Stage 2
201195,1749494100000,9215,MIBR,13,11283,Falcons,9,MIBR,Nuke,8437,BLAST.tv Austin Major 2025 Stage 2
201192,1749494100000,9215,MIBR,6,11283,Falcons,13,Falcons,Ancient,8437,BLAST.tv Austin Major 2025 Stage 2
201188,1749487800000,8840,Lynn Vision,4,4773,paiN,13,paiN,Nuke,8437,BLAST.tv Austin Major 2025 Stage 2
201185,1749487800000,4773,paiN,13,8840,Lynn Vision,8,paiN,Dust2,8437,BLAST.tv Austin Major 2025 Stage 2
201187,1749481200000,4863,TYLOO,10,7175,HEROIC,13,HEROIC,Train,8437,BLAST.tv Austin Major 2025 Stage 2
201183,1749481200000,7175,HEROIC,13,4863,TYLOO,10,HEROIC,Mirage,8437,BLAST.tv Austin Major 2025 Stage 2
201178,1749481200000,4863,TYLOO,16,7175,HEROIC,12,TYLOO,Ancient,8437,BLAST.tv Austin Major 2025 Stage 2
201181,1749481200000,12376,M80,2,7969,Nemiga,13,Nemiga,Dust2,8437,BLAST.tv Austin Major 2025 Stage 2
201177,1749481200000,7969,Nemiga,13,12376,M80,11,Nemiga,Ancient,8437,BLAST.tv Austin Major 2025 Stage 2
201160,1749412200000,9215,MIBR,13,12394,BetBoom,11,MIBR,Anubis,8437,BLAST.tv Austin Major 2025 Stage 2
201158,1749412200000,9215,MIBR,13,12394,BetBoom,11,MIBR,Train,8437,BLAST.tv Austin Major 2025 Stage 2
201161,1749409200000,10503,OG,6,11283,Falcons,13,Falcons,Mirage,8437,BLAST.tv Austin Major 2025 Stage 2
201159,1749409200000,11283,Falcons,13,10503,OG,10,Falcons,Nuke,8437,BLAST.tv Austin Major 2025 Stage 2
201157,1749409200000,10503,OG,13,11283,Falcons,11,OG,Dust2,8437,BLAST.tv Austin Major 2025 Stage 2
201155,1749402000000,5378,Virtus.pro,16,4773,paiN,13,Virtus.pro,Mirage,8437,BLAST.tv Austin Major 2025 Stage 2
201149,1749402000000,4773,paiN,10,5378,Virtus.pro,13,Virtus.pro,Dust2,8437,BLAST.tv Austin Major 2025 Stage 2
201153,1749401400000,12468,Legacy,13,6667,FaZe,11,Legacy,Dust2,8437,BLAST.tv Austin Major 2025 Stage 2
201145,1749401400000,6667,FaZe,7,12468,Legacy,13,Legacy,Mirage,8437,BLAST.tv Austin Major 2025 Stage 2
201143,1749398400000,11241,B8,13,7175,HEROIC,10,B8,Dust2,8437,BLAST.tv Austin Major 2025 Stage 2
201141,1749397800000,12376,M80,8,8297,FURIA,13,FURIA,Dust2,8437,BLAST.tv Austin Major 2025 Stage 2
201139,1749394800000,7969,Nemiga,11,4914,3DMAX,13,3DMAX,Dust2,8437,BLAST.tv Austin Major 2025 Stage 2
201137,1749394800000,8840,Lynn Vision,13,4863,TYLOO,5,Lynn Vision,Anubis,8437,BLAST.tv Austin Major 2025 Stage 2
201114,1749335700000,9215,MIBR,12,7969,Nemiga,16,Nemiga,Ancient,8437,BLAST.tv Austin Major 2025 Stage 2
201112,1749334800000,12376,M80,16,10503,OG,13,M80,Ancient,8437,BLAST.tv Austin Major 2025 Stage 2
201111,1749331800000,11283,Falcons,9,8840,Lynn Vision,13,Lynn Vision,Nuke,8437,BLAST.tv Austin Major 2025 Stage 2
201110,1749331200000,7175,HEROIC,13,12394,BetBoom,9,HEROIC,Mirage,8437,BLAST.tv Austin Major 2025 Stage 2
201109,1749328800000,4863,TYLOO,5,6667,FaZe,13,FaZe,Anubis,8437,BLAST.tv Austin Major 2025 Stage 2
201108,1749327600000,4914,3DMAX,7,12468,Legacy,13,Legacy,Inferno,8437,BLAST.tv Austin Major 2025 Stage 2
201107,1749324600000,4773,paiN,13,8297,FURIA,11,paiN,Dust2,8437,BLAST.tv Austin Major 2025 Stage 2
201106,1749324600000,5378,Virtus.pro,13,11241,B8,3,Virtus.pro,Inferno,8437,BLAST.tv Austin Major 2025 Stage 2
201104,1749318900000,12376,M80,9,4863,TYLOO,13,TYLOO,Train,8437,BLAST.tv Austin Major 2025 Stage 2
201102,1749317400000,9215,MIBR,10,12468,Legacy,13,Legacy,Nuke,8437,BLAST.tv Austin Major 2025 Stage 2
201100,1749315300000,4773,paiN,13,7969,Nemiga,7,paiN,Dust2,8437,BLAST.tv Austin Major 2025 Stage 2
201098,1749314100000,8297,FURIA,13,8840,Lynn Vision,4,FURIA,Nuke,8437,BLAST.tv Austin Major 2025 Stage 2
201095,1749312000000,12394,BetBoom,4,4914,3DMAX,13,3DMAX,Anubis,8437,BLAST.tv Austin Major 2025 Stage 2
201094,1749311100000,5378,Virtus.pro,13,10503,OG,2,Virtus.pro,Inferno,8437,BLAST.tv Austin Major 2025 Stage 2
201091,1749308400000,11283,Falcons,8,11241,B8,13,B8,Ancient,8437,BLAST.tv Austin Major 2025 Stage 2
201089,1749308400000,6667,FaZe,13,7175,HEROIC,3,FaZe,Dust2,8437,BLAST.tv Austin Major 2025 Stage 2
201072,1749241200000,4863,TYLOO,13,12774,FlyQuest,3,TYLOO,Anubis,8436,BLAST.tv Austin Major 2025 Stage 1
201071,1749241200000,4863,TYLOO,13,12774,FlyQuest,3,TYLOO,Mirage,8436,BLAST.tv Austin Major 2025 Stage 1
201070,1749241200000,12774,FlyQuest,13,4863,TYLOO,10,FlyQuest,Inferno,8436,BLAST.tv Austin Major 2025 Stage 1
201067,1749233100000,12468,Legacy,13,12257,Wildcard,6,Legacy,Nuke,8436,BLAST.tv Austin Major 2025 Stage 1
201065,1749233100000,12257,Wildcard,10,12468,Legacy,13,Legacy,Inferno,8436,BLAST.tv Austin Major 2025 Stage 1
201030,1749157200000,7969,Nemiga,13,12774,FlyQuest,11,Nemiga,Inferno,8436,BLAST.tv Austin Major 2025 Stage 1
201029,1749157200000,12774,FlyQuest,9,7969,Nemiga,13,Nemiga,Ancient,8436,BLAST.tv Austin Major 2025 Stage 1
201027,1749149400000,12394,BetBoom,16,12257,Wildcard,14,BetBoom,Anubis,8436,BLAST.tv Austin Major 2025 Stage 1
201022,1749149400000,12394,BetBoom,19,12257,Wildcard,17,BetBoom,Nuke,8436,BLAST.tv Austin Major 2025 Stage 1
201006,1749135600000,5005,Complexity,11,4863,TYLOO,13,TYLOO,Inferno,8436,BLAST.tv Austin Major 2025 Stage 1
201001,1749135600000,4863,TYLOO,13,5005,Complexity,8,TYLOO,Train,8436,BLAST.tv Austin Major 2025 Stage 1
200964,1749056400000,11241,B8,13,12257,Wildcard,2,B8,Inferno,8436,BLAST.tv Austin Major 2025 Stage 1
200956,1749056400000,12257,Wildcard,6,11241,B8,13,B8,Dust2,8436,BLAST.tv Austin Major 2025 Stage 1
200940,1749056400000,11241,B8,14,12257,Wildcard,16,Wildcard,Train,8436,BLAST.tv Austin Major 2025 Stage 1
200962,1749055500000,7175,HEROIC,13,12774,FlyQuest,6,HEROIC,Mirage,8436,BLAST.tv Austin Major 2025 Stage 1
200952,1749055500000,7175,HEROIC,11,12774,FlyQuest,13,FlyQuest,Anubis,8436,BLAST.tv Austin Major 2025 Stage 1
200938,1749055500000,7175,HEROIC,13,12774,FlyQuest,7,HEROIC,Ancient,8436,BLAST.tv Austin Major 2025 Stage 1
200937,1749052800000,8840,Lynn Vision,10,7969,Nemiga,13,Nemiga,Dust2,8436,BLAST.tv Austin Major 2025 Stage 1
200934,1749052500000,4863,TYLOO,4,10503,OG,13,OG,Ancient,8436,BLAST.tv Austin Major 2025 Stage 1
200929,1749049200000,12468,Legacy,3,12394,BetBoom,13,BetBoom,Anubis,8436,BLAST.tv Austin Major 2025 Stage 1
200900,1748994000000,9455,Imperial,9,7969,Nemiga,13,Nemiga,Train,8436,BLAST.tv Austin Major 2025 Stage 1
200894,1748986800000,12394,BetBoom,6,12774,FlyQuest,13,FlyQuest,Mirage,8436,BLAST.tv Austin Major 2025 Stage 1
200895,1748985900000,8840,Lynn Vision,17,12257,Wildcard,19,Wildcard,Nuke,8436,BLAST.tv Austin Major 2025 Stage 1
200893,1748982900000,11241,B8,13,10503,OG,9,B8,Inferno,8436,BLAST.tv Austin Major 2025 Stage 1
200879,1748972700000,12468,Legacy,7,8840,Lynn Vision,13,Lynn Vision,Dust2,8436,BLAST.tv Austin Major 2025 Stage 1
200867,1748968200000,7969,Nemiga,7,12394,BetBoom,13,BetBoom,Train,8436,BLAST.tv Austin Major 2025 Stage 1
200868,1748967300000,11241,B8,13,9455,Imperial,11,B8,Inferno,8436,BLAST.tv Austin Major 2025 Stage 1
200858,1748964600000,10503,OG,13,5005,Complexity,3,OG,Ancient,8436,BLAST.tv Austin Major 2025 Stage 1
200379,1748201400000,4494,MOUZ,8,9565,Vitality,13,Vitality,Inferno,8037,IEM Dallas 2025
200377,1748201400000,9565,Vitality,13,4494,MOUZ,9,Vitality,Mirage,8037,IEM Dallas 2025
200375,1748201400000,4494,MOUZ,11,9565,Vitality,13,Vitality,Dust2,8037,IEM Dallas 2025
200340,1748121300000,9565,Vitality,13,11283,Falcons,11,Vitality,Inferno,8037,IEM Dallas 2025
200338,1748121300000,11283,Falcons,13,9565,Vitality,6,Falcons,Train,8037,IEM Dallas 2025
200337,1748121300000,9565,Vitality,13,11283,Falcons,7,Vitality,Dust2,8037,IEM Dallas 2025
200332,1748110500000,6248,The MongolZ,11,4494,MOUZ,13,MOUZ,Nuke,8037,IEM Dallas 2025
200327,1748110500000,4494,MOUZ,13,6248,The MongolZ,11,MOUZ,Inferno,8037,IEM Dallas 2025
200293,1748034900000,11283,Falcons,13,9928,GamerLegion,8,Falcons,Inferno,8037,IEM Dallas 2025
200290,1748034900000,9928,GamerLegion,13,11283,Falcons,9,GamerLegion,Nuke,8037,IEM Dallas 2025
200286,1748034900000,11283,Falcons,13,9928,GamerLegion,8,Falcons,Ancient,8037,IEM Dallas 2025
200280,1748024100000,6248,The MongolZ,13,11861,Aurora,6,The MongolZ,Mirage,8037,IEM Dallas 2025
200278,1748024100000,11861,Aurora,11,6248,The MongolZ,13,The MongolZ,Dust2,8037,IEM Dallas 2025
200183,1747872300000,5995,G2,10,9928,GamerLegion,13,GamerLegion,Nuke,8037,IEM Dallas 2025
200181,1747872300000,9928,GamerLegion,10,5995,G2,13,G2,Mirage,8037,IEM Dallas 2025
200179,1747872300000,5995,G2,11,9928,GamerLegion,13,GamerLegion,Ancient,8037,IEM Dallas 2025
200182,1747872000000,9565,Vitality,13,6248,The MongolZ,11,Vitality,Mirage,8037,IEM Dallas 2025
200180,1747872000000,6248,The MongolZ,13,9565,Vitality,7,The MongolZ,Nuke,8037,IEM Dallas 2025
200178,1747872000000,9565,Vitality,13,6248,The MongolZ,10,Vitality,Inferno,8037,IEM Dallas 2025
200175,1747864200000,11283,Falcons,12,4494,MOUZ,16,MOUZ,Mirage,8037,IEM Dallas 2025
200173,1747864200000,4494,MOUZ,13,11283,Falcons,4,MOUZ,Dust2,8037,IEM Dallas 2025
200177,1747861200000,7175,HEROIC,9,11861,Aurora,13,Aurora,Mirage,8037,IEM Dallas 2025
200174,1747861200000,7175,HEROIC,8,11861,Aurora,13,Aurora,Dust2,8037,IEM Dallas 2025
200172,1747861200000,11861,Aurora,3,7175,HEROIC,13,HEROIC,Train,8037,IEM Dallas 2025
200171,1747853700000,4914,3DMAX,9,5995,G2,13,G2,Nuke,8037,IEM Dallas 2025
200168,1747853700000,4914,3DMAX,13,5995,G2,10,3DMAX,Dust2,8037,IEM Dallas 2025
200164,1747853700000,5995,G2,13,4914,3DMAX,3,G2,Inferno,8037,IEM Dallas 2025
200170,1747850400000,8297,FURIA,8,9928,GamerLegion,13,GamerLegion,Nuke,8037,IEM Dallas 2025
200165,1747850400000,8297,FURIA,13,9928,GamerLegion,6,FURIA,Mirage,8037,IEM Dallas 2025
200162,1747850400000,9928,GamerLegion,13,8297,FURIA,9,GamerLegion,Train,8037,IEM Dallas 2025
200158,1747841400000,6667,FaZe,14,7175,HEROIC,16,HEROIC,Mirage,8037,IEM Dallas 2025
200156,1747841400000,6667,FaZe,7,7175,HEROIC,13,HEROIC,Anubis,8037,IEM Dallas 2025
200151,1747841400000,6667,FaZe,13,7175,HEROIC,9,FaZe,Ancient,8037,IEM Dallas 2025
200154,1747841400000,11861,Aurora,13,5973,Liquid,9,Aurora,Dust2,8037,IEM Dallas 2025
200150,1747841400000,11861,Aurora,13,5973,Liquid,7,Aurora,Inferno,8037,IEM Dallas 2025
200115,1747785300000,5995,G2,7,6248,The MongolZ,13,The MongolZ,Dust2,8037,IEM Dallas 2025
200113,1747785300000,5995,G2,4,6248,The MongolZ,13,The MongolZ,Inferno,8037,IEM Dallas 2025
200114,1747782900000,8297,FURIA,13,8840,Lynn Vision,6,FURIA,Anubis,8037,IEM Dallas 2025
200112,1747782900000,8840,Lynn Vision,10,8297,FURIA,13,FURIA,Dust2,8037,IEM Dallas 2025
200111,1747773000000,7175,HEROIC,3,11283,Falcons,13,Falcons,Dust2,8037,IEM Dallas 2025
200108,1747773000000,7175,HEROIC,16,11283,Falcons,13,HEROIC,Nuke,8037,IEM Dallas 2025
200106,1747773000000,11283,Falcons,13,7175,HEROIC,9,Falcons,Ancient,8037,IEM Dallas 2025
200105,1747767900000,9928,GamerLegion,10,9565,Vitality,13,Vitality,Nuke,8037,IEM Dallas 2025
200103,1747767900000,9565,Vitality,13,9928,GamerLegion,9,Vitality,Mirage,8037,IEM Dallas 2025
200097,1747764000000,5973,Liquid,2,4494,MOUZ,13,MOUZ,Train,8037,IEM Dallas 2025
200093,1747764000000,4494,MOUZ,13,5973,Liquid,8,MOUZ,Inferno,8037,IEM Dallas 2025
200094,1747755000000,12468,Legacy,11,4914,3DMAX,13,3DMAX,Anubis,8037,IEM Dallas 2025
200086,1747755000000,12468,Legacy,13,4914,3DMAX,5,Legacy,Dust2,8037,IEM Dallas 2025
200080,1747755000000,4914,3DMAX,19,12468,Legacy,17,3DMAX,Inferno,8037,IEM Dallas 2025
200041,1747699500000,7175,HEROIC,13,11861,Aurora,6,HEROIC,Mirage,8037,IEM Dallas 2025
200040,1747699500000,11861,Aurora,10,7175,HEROIC,13,HEROIC,Anubis,8037,IEM Dallas 2025
200038,1747699500000,11861,Aurora,13,7175,HEROIC,9,Aurora,Dust2,8037,IEM Dallas 2025
200039,1747699200000,8297,FURIA,7,6248,The MongolZ,13,The MongolZ,Mirage,8037,IEM Dallas 2025
200037,1747699200000,8297,FURIA,7,6248,The MongolZ,13,The MongolZ,Anubis,8037,IEM Dallas 2025
200036,1747692000000,8840,Lynn Vision,9,5995,G2,13,G2,Inferno,8037,IEM Dallas 2025
200034,1747692000000,5995,G2,13,8840,Lynn Vision,6,G2,Nuke,8037,IEM Dallas 2025
200029,1747681200000,12468,Legacy,11,9565,Vitality,13,Vitality,Dust2,8037,IEM Dallas 2025
200022,1747681200000,9565,Vitality,13,12468,Legacy,5,Vitality,Inferno,8037,IEM Dallas 2025
200023,1747672200000,9928,GamerLegion,13,4914,3DMAX,11,GamerLegion,Nuke,8037,IEM Dallas 2025
200016,1747672200000,4914,3DMAX,9,9928,GamerLegion,13,GamerLegion,Ancient,8037,IEM Dallas 2025
200008,1747672200000,4914,3DMAX,13,9928,GamerLegion,4,3DMAX,Anubis,8037,IEM Dallas 2025
200017,1747672200000,6667,FaZe,10,5973,Liquid,13,Liquid,Inferno,8037,IEM Dallas 2025
200009,1747672200000,6667,FaZe,10,5973,Liquid,13,Liquid,Ancient,8037,IEM Dallas 2025
199950,1747573200000,4869,ENCE,13,7969,Nemiga,2,ENCE,Dust2,8485,CCT Season 3 Europe Series 1
199947,1747573200000,4869,ENCE,13,7969,Nemiga,10,ENCE,Ancient,8485,CCT Season 3 Europe Series 1
199954,1747569600000,7020,Spirit,16,6665,Astralis,13,Spirit,Train,8045,PGL Astana 2025
199948,1747569600000,6665,Astralis,13,7020,Spirit,5,Astralis,Mirage,8045,PGL Astana 2025
199946,1747569600000,7020,Spirit,13,6665,Astralis,10,Spirit,Nuke,8045,PGL Astana 2025
199941,1747569600000,6665,Astralis,5,7020,Spirit,13,Spirit,Dust2,8045,PGL Astana 2025
199932,1747555200000,11861,Aurora,13,8297,FURIA,6,Aurora,Dust2,8045,PGL Astana 2025
199929,1747555200000,11861,Aurora,13,8297,FURIA,6,Aurora,Inferno,8045,PGL Astana 2025
199926,1747555200000,11861,Aurora,10,8297,FURIA,13,FURIA,Anubis,8045,PGL Astana 2025
199924,1747549500000,4863,TYLOO,13,11514,Rare Atom,4,TYLOO,Ancient,8493,XSE Pro League Chengdu 2025
199923,1747549500000,11514,Rare Atom,7,4863,TYLOO,13,TYLOO,Train,8493,XSE Pro League Chengdu 2025
199902,1747490400000,7020,Spirit,13,8297,FURIA,7,Spirit,Mirage,8045,PGL Astana 2025
199896,1747490400000,8297,FURIA,9,7020,Spirit,13,Spirit,Nuke,8045,PGL Astana 2025
199891,1747490400000,7020,Spirit,7,8297,FURIA,13,FURIA,Train,8045,PGL Astana 2025
199898,1747490400000,4869,ENCE,16,10567,SAW,13,ENCE,Nuke,8485,CCT Season 3 Europe Series 1
199892,1747490400000,10567,SAW,5,4869,ENCE,13,ENCE,Train,8485,CCT Season 3 Europe Series 1
199885,1747476000000,6665,Astralis,13,11861,Aurora,3,Astralis,Train,8045,PGL Astana 2025
199882,1747476000000,11861,Aurora,8,6665,Astralis,13,Astralis,Nuke,8045,PGL Astana 2025
199878,1747476000000,6665,Astralis,11,11861,Aurora,13,Aurora,Mirage,8045,PGL Astana 2025
199839,1747407600000,4411,Ninjas in Pyjamas,11,7020,Spirit,13,Spirit,Dust2,8045,PGL Astana 2025
199833,1747407600000,7020,Spirit,13,4411,Ninjas in Pyjamas,8,Spirit,Train,8045,PGL Astana 2025
199827,1747396800000,9215,MIBR,2,8297,FURIA,13,FURIA,Train,8045,PGL Astana 2025
199823,1747396800000,8297,FURIA,16,9215,MIBR,13,FURIA,Nuke,8045,PGL Astana 2025
199830,1747395000000,4863,TYLOO,13,8840,Lynn Vision,3,TYLOO,Ancient,8435,Hero Esports Asian Champions League 2025
199821,1747395000000,4863,TYLOO,22,8840,Lynn Vision,19,TYLOO,Inferno,8435,Hero Esports Asian Champions League 2025
199813,1747382400000,4608,Natus Vincere,6,6665,Astralis,13,Astralis,Ancient,8045,PGL Astana 2025
199810,1747382400000,6665,Astralis,8,4608,Natus Vincere,13,Natus Vincere,Mirage,8045,PGL Astana 2025
199803,1747382400000,4608,Natus Vincere,13,6665,Astralis,16,Astralis,Nuke,8045,PGL Astana 2025
199797,1747371600000,11861,Aurora,16,6248,The MongolZ,14,Aurora,Anubis,8045,PGL Astana 2025
199796,1747371600000,6248,The MongolZ,5,11861,Aurora,13,Aurora,Mirage,8045,PGL Astana 2025
199795,1747355400000,12468,Legacy,13,12257,Wildcard,9,Legacy,Nuke,8491,Thunderpick World Championship 2025 North America Series 1
199792,1747355400000,12257,Wildcard,4,12468,Legacy,13,Legacy,Inferno,8491,Thunderpick World Championship 2025 North America Series 1
199676,1747213500000,9215,MIBR,13,5378,Virtus.pro,11,MIBR,Ancient,8045,PGL Astana 2025
199667,1747213500000,9215,MIBR,5,5378,Virtus.pro,13,Virtus.pro,Anubis,8045,PGL Astana 2025
199663,1747213500000,9215,MIBR,13,5378,Virtus.pro,11,MIBR,Mirage,8045,PGL Astana 2025
199658,1747206900000,11768,ODDIK,8,11861,Aurora,13,Aurora,Anubis,8045,PGL Astana 2025
199655,1747206900000,11768,ODDIK,4,11861,Aurora,13,Aurora,Dust2,8045,PGL Astana 2025
199654,1747198800000,5995,G2,10,4411,Ninjas in Pyjamas,13,Ninjas in Pyjamas,Nuke,8045,PGL Astana 2025
199653,1747198800000,4411,Ninjas in Pyjamas,13,5995,G2,10,Ninjas in Pyjamas,Dust2,8045,PGL Astana 2025
199581,1747133400000,11861,Aurora,10,4608,Natus Vincere,13,Natus Vincere,Inferno,8045,PGL Astana 2025
199576,1747133400000,11861,Aurora,11,4608,Natus Vincere,13,Natus Vincere,Train,8045,PGL Astana 2025
199572,1747126800000,9215,MIBR,13,4773,paiN,8,MIBR,Mirage,8045,PGL Astana 2025
199566,1747126800000,4773,paiN,7,9215,MIBR,13,MIBR,Train,8045,PGL Astana 2025
199560,1747119900000,5995,G2,13,7532,BIG,4,G2,Mirage,8045,PGL Astana 2025
199556,1747119900000,7532,BIG,7,5995,G2,13,G2,Dust2,8045,PGL Astana 2025
199570,1747119600000,6665,Astralis,13,5378,Virtus.pro,9,Astralis,Ancient,8045,PGL Astana 2025
199564,1747119600000,5378,Virtus.pro,13,6665,Astralis,9,Virtus.pro,Inferno,8045,PGL Astana 2025
199557,1747119600000,6665,Astralis,19,5378,Virtus.pro,17,Astralis,Dust2,8045,PGL Astana 2025
199555,1747112400000,11581,HOTU,7,4411,Ninjas in Pyjamas,13,Ninjas in Pyjamas,Nuke,8045,PGL Astana 2025
199553,1747112400000,4411,Ninjas in Pyjamas,13,11581,HOTU,10,Ninjas in Pyjamas,Ancient,8045,PGL Astana 2025
199554,1747112400000,11768,ODDIK,6,8297,FURIA,13,FURIA,Train,8045,PGL Astana 2025
199552,1747112400000,11768,ODDIK,7,8297,FURIA,13,FURIA,Anubis,8045,PGL Astana 2025
199520,1747058400000,7020,Spirit,13,6665,Astralis,5,Spirit,Ancient,8045,PGL Astana 2025
199513,1747058400000,6665,Astralis,7,7020,Spirit,13,Spirit,Dust2,8045,PGL Astana 2025
199507,1747049400000,4608,Natus Vincere,11,6248,The MongolZ,13,The MongolZ,Mirage,8045,PGL Astana 2025
199499,1747049400000,6248,The MongolZ,13,4608,Natus Vincere,11,The MongolZ,Inferno,8045,PGL Astana 2025
199511,1747048200000,12376,M80,10,5995,G2,13,G2,Inferno,8045,PGL Astana 2025
199504,1747048200000,5995,G2,9,12376,M80,13,M80,Ancient,8045,PGL Astana 2025
199501,1747048200000,12376,M80,11,5995,G2,13,G2,Dust2,8045,PGL Astana 2025
199490,1747041300000,11581,HOTU,13,9928,GamerLegion,6,HOTU,Mirage,8045,PGL Astana 2025
199486,1747041300000,9928,GamerLegion,9,11581,HOTU,13,HOTU,Ancient,8045,PGL Astana 2025
199493,1747038000000,11861,Aurora,13,4411,Ninjas in Pyjamas,8,Aurora,Inferno,8045,PGL Astana 2025
199487,1747038000000,11861,Aurora,9,4411,Ninjas in Pyjamas,13,Ninjas in Pyjamas,Train,8045,PGL Astana 2025
199482,1747038000000,11861,Aurora,13,4411,Ninjas in Pyjamas,10,Aurora,Anubis,8045,PGL Astana 2025
199481,1747032900000,11768,ODDIK,13,4773,paiN,11,ODDIK,Nuke,8045,PGL Astana 2025
199476,1747032900000,11768,ODDIK,13,4773,paiN,10,ODDIK,Anubis,8045,PGL Astana 2025
199477,1747026000000,8297,FURIA,13,9215,MIBR,8,FURIA,Inferno,8045,PGL Astana 2025
199475,1747026000000,8297,FURIA,11,9215,MIBR,13,MIBR,Anubis,8045,PGL Astana 2025
199472,1747026000000,8297,FURIA,13,9215,MIBR,4,FURIA,Train,8045,PGL Astana 2025
199474,1747026000000,5378,Virtus.pro,13,7532,BIG,3,Virtus.pro,Ancient,8045,PGL Astana 2025
199473,1747026000000,7532,BIG,9,5378,Virtus.pro,13,Virtus.pro,Dust2,8045,PGL Astana 2025
199451,1746975600000,5995,G2,9,11768,ODDIK,13,ODDIK,Nuke,8045,PGL Astana 2025
199447,1746975600000,11768,ODDIK,3,5995,G2,13,G2,Dust2,8045,PGL Astana 2025
199444,1746975600000,11768,ODDIK,13,5995,G2,8,ODDIK,Anubis,8045,PGL Astana 2025
199438,1746962700000,11861,Aurora,13,11581,HOTU,11,Aurora,Nuke,8045,PGL Astana 2025
199434,1746962700000,11861,Aurora,13,11581,HOTU,16,HOTU,Anubis,8045,PGL Astana 2025
199423,1746962700000,11861,Aurora,13,11581,HOTU,9,Aurora,Mirage,8045,PGL Astana 2025
199427,1746961500000,4411,Ninjas in Pyjamas,4,7020,Spirit,13,Spirit,Dust2,8045,PGL Astana 2025
199421,1746961500000,7020,Spirit,16,4411,Ninjas in Pyjamas,13,Spirit,Train,8045,PGL Astana 2025
199419,1746956700000,4863,TYLOO,13,12774,FlyQuest,10,TYLOO,Ancient,8435,Hero Esports Asian Champions League 2025
199414,1746956700000,4863,TYLOO,13,12774,FlyQuest,7,TYLOO,Inferno,8435,Hero Esports Asian Champions League 2025
199413,1746953700000,7532,BIG,10,4608,Natus Vincere,13,Natus Vincere,Mirage,8045,PGL Astana 2025
199410,1746953700000,7532,BIG,8,4608,Natus Vincere,13,Natus Vincere,Inferno,8045,PGL Astana 2025
199415,1746951600000,9928,GamerLegion,9,8297,FURIA,13,FURIA,Nuke,8045,PGL Astana 2025
199412,1746951600000,8297,FURIA,7,9928,GamerLegion,13,GamerLegion,Mirage,8045,PGL Astana 2025
199407,1746951600000,8297,FURIA,13,9928,GamerLegion,9,FURIA,Anubis,8045,PGL Astana 2025
199402,1746945900000,6665,Astralis,13,4773,paiN,9,Astralis,Inferno,8045,PGL Astana 2025
199399,1746945900000,6665,Astralis,13,4773,paiN,4,Astralis,Nuke,8045,PGL Astana 2025
199401,1746939600000,5378,Virtus.pro,13,12376,M80,10,Virtus.pro,Inferno,8045,PGL Astana 2025
199398,1746939600000,12376,M80,8,5378,Virtus.pro,13,Virtus.pro,Mirage,8045,PGL Astana 2025
199396,1746939600000,5378,Virtus.pro,9,12376,M80,13,M80,Ancient,8045,PGL Astana 2025
199397,1746939600000,9215,MIBR,6,6248,The MongolZ,13,The MongolZ,Anubis,8045,PGL Astana 2025
199395,1746939600000,9215,MIBR,5,6248,The MongolZ,13,The MongolZ,Mirage,8045,PGL Astana 2025
199372,1746886500000,11581,HOTU,4,4773,paiN,13,paiN,Nuke,8045,PGL Astana 2025
199365,1746886500000,4773,paiN,13,11581,HOTU,8,paiN,Mirage,8045,PGL Astana 2025
199367,1746882000000,9928,GamerLegion,11,7020,Spirit,13,Spirit,Nuke,8045,PGL Astana 2025
199359,1746882000000,7020,Spirit,13,9928,GamerLegion,11,Spirit,Mirage,8045,PGL Astana 2025
199349,1746875400000,12376,M80,7,4608,Natus Vincere,13,Natus Vincere,Mirage,8045,PGL Astana 2025
199344,1746875400000,4608,Natus Vincere,13,12376,M80,4,Natus Vincere,Dust2,8045,PGL Astana 2025
199356,1746874200000,5378,Virtus.pro,9,4411,Ninjas in Pyjamas,13,Ninjas in Pyjamas,Ancient,8045,PGL Astana 2025
199351,1746874200000,4411,Ninjas in Pyjamas,11,5378,Virtus.pro,13,Virtus.pro,Dust2,8045,PGL Astana 2025
199342,1746874200000,5378,Virtus.pro,6,4411,Ninjas in Pyjamas,13,Ninjas in Pyjamas,Train,8045,PGL Astana 2025
199347,1746870300000,12774,FlyQuest,13,11514,Rare Atom,8,FlyQuest,Inferno,8435,Hero Esports Asian Champions League 2025
199339,1746870300000,12774,FlyQuest,11,11514,Rare Atom,13,Rare Atom,Ancient,8435,Hero Esports Asian Champions League 2025
199334,1746870300000,11514,Rare Atom,4,12774,FlyQuest,13,FlyQuest,Dust2,8435,Hero Esports Asian Champions League 2025
199336,1746865200000,8297,FURIA,9,6248,The MongolZ,13,The MongolZ,Inferno,8045,PGL Astana 2025
199330,1746865200000,8297,FURIA,13,6248,The MongolZ,7,FURIA,Anubis,8045,PGL Astana 2025
199327,1746865200000,8297,FURIA,4,6248,The MongolZ,13,The MongolZ,Mirage,8045,PGL Astana 2025
199335,1746863100000,5995,G2,11,9215,MIBR,13,MIBR,Nuke,8045,PGL Astana 2025
199329,1746863100000,9215,MIBR,8,5995,G2,13,G2,Ancient,8045,PGL Astana 2025
199325,1746863100000,9215,MIBR,13,5995,G2,7,MIBR,Anubis,8045,PGL Astana 2025
199324,1746853200000,11861,Aurora,8,7532,BIG,13,BIG,Dust2,8045,PGL Astana 2025
199321,1746853200000,7532,BIG,13,11861,Aurora,11,BIG,Inferno,8045,PGL Astana 2025
199319,1746853200000,11861,Aurora,13,7532,BIG,11,Aurora,Mirage,8045,PGL Astana 2025
199322,1746853200000,6665,Astralis,13,11768,ODDIK,7,Astralis,Inferno,8045,PGL Astana 2025
199320,1746853200000,11768,ODDIK,13,6665,Astralis,2,ODDIK,Ancient,8045,PGL Astana 2025
199318,1746853200000,6665,Astralis,13,11768,ODDIK,9,Astralis,Dust2,8045,PGL Astana 2025
199260,1746772800000,12774,FlyQuest,11,4863,TYLOO,13,TYLOO,Mirage,8435,Hero Esports Asian Champions League 2025
199255,1746772800000,4863,TYLOO,8,12774,FlyQuest,13,FlyQuest,Ancient,8435,Hero Esports Asian Champions League 2025
199252,1746772800000,12774,FlyQuest,11,4863,TYLOO,13,TYLOO,Inferno,8435,Hero Esports Asian Champions League 2025
199070,1746600000000,4863,TYLOO,13,11514,Rare Atom,3,TYLOO,Inferno,8435,Hero Esports Asian Champions League 2025
199069,1746600000000,11514,Rare Atom,10,4863,TYLOO,13,TYLOO,Train,8435,Hero Esports Asian Champions League 2025
198902,1746367200000,11283,Falcons,8,9565,Vitality,13,Vitality,Nuke,7905,BLAST Rivals 2025 Season 1
198897,1746367200000,9565,Vitality,14,11283,Falcons,16,Falcons,Mirage,7905,BLAST Rivals 2025 Season 1
198887,1746367200000,11283,Falcons,6,9565,Vitality,13,Vitality,Train,7905,BLAST Rivals 2025 Season 1
198878,1746367200000,9565,Vitality,13,11283,Falcons,6,Vitality,Dust2,7905,BLAST Rivals 2025 Season 1
198873,1746367200000,11283,Falcons,13,9565,Vitality,9,Falcons,Inferno,7905,BLAST Rivals 2025 Season 1
198867,1746352500000,7175,HEROIC,13,7532,BIG,6,HEROIC,Train,8358,MESA Nomadic Masters Spring 2025
198858,1746352500000,7532,BIG,13,7175,HEROIC,3,BIG,Mirage,8358,MESA Nomadic Masters Spring 2025
198852,1746352500000,7175,HEROIC,13,7532,BIG,8,HEROIC,Ancient,8358,MESA Nomadic Masters Spring 2025
198845,1746352500000,7532,BIG,9,7175,HEROIC,13,HEROIC,Dust2,8358,MESA Nomadic Masters Spring 2025
198853,1746351000000,8840,Lynn Vision,13,4863,TYLOO,10,Lynn Vision,Ancient,8305,ESL Challenger League Season 49 Asia-Pacific
198849,1746351000000,4863,TYLOO,9,8840,Lynn Vision,13,Lynn Vision,Nuke,8305,ESL Challenger League Season 49 Asia-Pacific
198843,1746351000000,8840,Lynn Vision,8,4863,TYLOO,13,TYLOO,Inferno,8305,ESL Challenger League Season 49 Asia-Pacific
198816,1746291600000,7020,Spirit,9,9565,Vitality,13,Vitality,Nuke,7905,BLAST Rivals 2025 Season 1
198810,1746291600000,9565,Vitality,13,7020,Spirit,8,Vitality,Mirage,7905,BLAST Rivals 2025 Season 1
198800,1746280800000,4494,MOUZ,6,11283,Falcons,13,Falcons,Dust2,7905,BLAST Rivals 2025 Season 1
198790,1746280800000,11283,Falcons,16,4494,MOUZ,14,Falcons,Nuke,7905,BLAST Rivals 2025 Season 1
198787,1746273900000,11241,B8,8,7532,BIG,13,BIG,Mirage,8358,MESA Nomadic Masters Spring 2025
198778,1746273900000,11241,B8,13,7532,BIG,3,B8,Inferno,8358,MESA Nomadic Masters Spring 2025
198771,1746273900000,7532,BIG,13,11241,B8,9,BIG,Dust2,8358,MESA Nomadic Masters Spring 2025
198727,1746203100000,12257,Wildcard,2,7020,Spirit,13,Spirit,Dust2,7905,BLAST Rivals 2025 Season 1
198724,1746203100000,7020,Spirit,13,12257,Wildcard,7,Spirit,Anubis,7905,BLAST Rivals 2025 Season 1
198717,1746194400000,6667,FaZe,2,4494,MOUZ,13,MOUZ,Mirage,7905,BLAST Rivals 2025 Season 1
198713,1746194400000,4494,MOUZ,13,6667,FaZe,11,MOUZ,Dust2,7905,BLAST Rivals 2025 Season 1
198689,1746126600000,11283,Falcons,16,7020,Spirit,12,Falcons,Dust2,7905,BLAST Rivals 2025 Season 1
198687,1746126600000,11283,Falcons,13,7020,Spirit,6,Falcons,Ancient,7905,BLAST Rivals 2025 Season 1
198686,1746126600000,7020,Spirit,13,11283,Falcons,4,Spirit,Mirage,7905,BLAST Rivals 2025 Season 1
198673,1746114900000,11241,B8,7,7532,BIG,13,BIG,Inferno,8358,MESA Nomadic Masters Spring 2025
198671,1746114900000,7532,BIG,13,11241,B8,4,BIG,Mirage,8358,MESA Nomadic Masters Spring 2025
198679,1746114300000,12774,FlyQuest,18,6667,FaZe,22,FaZe,Nuke,7905,BLAST Rivals 2025 Season 1
198669,1746114300000,6667,FaZe,13,12774,FlyQuest,11,FaZe,Inferno,7905,BLAST Rivals 2025 Season 1
198663,1746101400000,4494,MOUZ,8,9565,Vitality,13,Vitality,Train,7905,BLAST Rivals 2025 Season 1
198658,1746101400000,4494,MOUZ,9,9565,Vitality,13,Vitality,Inferno,7905,BLAST Rivals 2025 Season 1
198651,1746101400000,9565,Vitality,9,4494,MOUZ,13,MOUZ,Mirage,7905,BLAST Rivals 2025 Season 1
198639,1746090000000,4773,paiN,5,12257,Wildcard,13,Wildcard,Anubis,7905,BLAST Rivals 2025 Season 1
198632,1746090000000,4773,paiN,10,12257,Wildcard,13,Wildcard,Inferno,7905,BLAST Rivals 2025 Season 1
198611,1746034500000,11283,Falcons,13,6667,FaZe,10,Falcons,Ancient,7905,BLAST Rivals 2025 Season 1
198605,1746034500000,6667,FaZe,6,11283,Falcons,13,Falcons,Dust2,7905,BLAST Rivals 2025 Season 1
198599,1746025200000,12257,Wildcard,6,9565,Vitality,13,Vitality,Dust2,7905,BLAST Rivals 2025 Season 1
198591,1746025200000,9565,Vitality,13,12257,Wildcard,7,Vitality,Inferno,7905,BLAST Rivals 2025 Season 1
198578,1746012300000,4773,paiN,0,4494,MOUZ,13,MOUZ,Dust2,7905,BLAST Rivals 2025 Season 1
198575,1746012300000,4773,paiN,13,4494,MOUZ,11,paiN,Inferno,7905,BLAST Rivals 2025 Season 1
198564,1746012300000,4494,MOUZ,13,4773,paiN,9,MOUZ,Nuke,7905,BLAST Rivals 2025 Season 1
198557,1746003600000,12774,FlyQuest,9,7020,Spirit,13,Spirit,Nuke,7905,BLAST Rivals 2025 Season 1
198551,1746003600000,7020,Spirit,13,12774,FlyQuest,2,Spirit,Mirage,7905,BLAST Rivals 2025 Season 1
198431,1745769600000,11241,B8,7,7175,HEROIC,13,HEROIC,Dust2,8400,CCT Global Finals 2025
198425,1745769600000,7175,HEROIC,13,11241,B8,4,HEROIC,Mirage,8400,CCT Global Finals 2025
198419,1745751600000,7175,HEROIC,13,12394,BetBoom,8,HEROIC,Anubis,8400,CCT Global Finals 2025
198411,1745751600000,7175,HEROIC,8,12394,BetBoom,13,BetBoom,Ancient,8400,CCT Global Finals 2025
198391,1745751600000,7175,HEROIC,25,12394,BetBoom,23,HEROIC,Train,8400,CCT Global Finals 2025
198394,1745735400000,11283,Falcons,20,9565,Vitality,22,Vitality,Nuke,8036,IEM Melbourne 2025
198388,1745735400000,9565,Vitality,10,11283,Falcons,13,Falcons,Mirage,8036,IEM Melbourne 2025
198378,1745735400000,11283,Falcons,9,9565,Vitality,13,Vitality,Train,8036,IEM Melbourne 2025
198368,1745735400000,9565,Vitality,12,11283,Falcons,16,Falcons,Dust2,8036,IEM Melbourne 2025
198360,1745735400000,11283,Falcons,2,9565,Vitality,13,Vitality,Inferno,8036,IEM Melbourne 2025
198327,1745681400000,12394,BetBoom,10,11241,B8,13,B8,Mirage,8400,CCT Global Finals 2025
198318,1745681400000,11241,B8,12,12394,BetBoom,16,BetBoom,Train,8400,CCT Global Finals 2025
198305,1745681400000,11241,B8,25,12394,BetBoom,22,B8,Ancient,8400,CCT Global Finals 2025
198278,1745661600000,6248,The MongolZ,3,9565,Vitality,13,Vitality,Nuke,8036,IEM Melbourne 2025
198273,1745661600000,9565,Vitality,13,6248,The MongolZ,3,Vitality,Mirage,8036,IEM Melbourne 2025
198277,1745654400000,12257,Wildcard,10,7175,HEROIC,13,HEROIC,Anubis,8400,CCT Global Finals 2025
198269,1745654400000,12257,Wildcard,7,7175,HEROIC,13,HEROIC,Dust2,8400,CCT Global Finals 2025
198263,1745654400000,7175,HEROIC,14,12257,Wildcard,16,Wildcard,Nuke,8400,CCT Global Finals 2025
198261,1745650800000,11283,Falcons,13,4494,MOUZ,6,Falcons,Nuke,8036,IEM Melbourne 2025
198260,1745650800000,4494,MOUZ,3,11283,Falcons,13,Falcons,Dust2,8036,IEM Melbourne 2025
198252,1745600400000,12394,BetBoom,16,9455,Imperial,12,BetBoom,Dust2,8400,CCT Global Finals 2025
198248,1745600400000,9455,Imperial,11,12394,BetBoom,13,BetBoom,Train,8400,CCT Global Finals 2025
198245,1745589600000,7175,HEROIC,3,11241,B8,13,B8,Mirage,8400,CCT Global Finals 2025
198240,1745589600000,7175,HEROIC,13,11241,B8,8,HEROIC,Ancient,8400,CCT Global Finals 2025
198237,1745589600000,7175,HEROIC,11,11241,B8,13,B8,Anubis,8400,CCT Global Finals 2025
198235,1745575200000,6248,The MongolZ,13,5973,Liquid,10,The MongolZ,Inferno,8036,IEM Melbourne 2025
198230,1745575200000,6248,The MongolZ,13,5973,Liquid,6,The MongolZ,Ancient,8036,IEM Melbourne 2025
198227,1745575200000,5973,Liquid,13,6248,The MongolZ,5,Liquid,Anubis,8036,IEM Melbourne 2025
198219,1745564400000,9928,GamerLegion,4,11283,Falcons,13,Falcons,Nuke,8036,IEM Melbourne 2025
198218,1745564400000,11283,Falcons,13,9928,GamerLegion,3,Falcons,Train,8036,IEM Melbourne 2025
198192,1745503200000,12394,BetBoom,13,12257,Wildcard,0,BetBoom,Dust2,8400,CCT Global Finals 2025
198191,1745503200000,12394,BetBoom,13,12257,Wildcard,10,BetBoom,Anubis,8400,CCT Global Finals 2025
198190,1745494200000,7175,HEROIC,13,12878,BC.Game,6,HEROIC,Anubis,8400,CCT Global Finals 2025
198188,1745494200000,7175,HEROIC,13,12878,BC.Game,5,HEROIC,Train,8400,CCT Global Finals 2025
198164,1745399700000,5973,Liquid,13,4608,Natus Vincere,8,Liquid,Ancient,8036,IEM Melbourne 2025
198159,1745399700000,5973,Liquid,10,4608,Natus Vincere,13,Natus Vincere,Inferno,8036,IEM Melbourne 2025
198156,1745399700000,5973,Liquid,13,4608,Natus Vincere,6,Liquid,Anubis,8036,IEM Melbourne 2025
198158,1745398500000,11283,Falcons,8,9565,Vitality,13,Vitality,Inferno,8036,IEM Melbourne 2025
198154,1745398500000,9565,Vitality,16,11283,Falcons,13,Vitality,Mirage,8036,IEM Melbourne 2025
198150,1745391300000,6248,The MongolZ,7,4494,MOUZ,13,MOUZ,Nuke,8036,IEM Melbourne 2025
198148,1745391300000,4494,MOUZ,13,6248,The MongolZ,9,MOUZ,Mirage,8036,IEM Melbourne 2025
198152,1745389800000,9928,GamerLegion,13,6667,FaZe,11,GamerLegion,Nuke,8036,IEM Melbourne 2025
198146,1745389800000,6667,FaZe,16,9928,GamerLegion,19,GamerLegion,Mirage,8036,IEM Melbourne 2025
198144,1745381700000,9215,MIBR,10,5973,Liquid,13,Liquid,Ancient,8036,IEM Melbourne 2025
198142,1745381700000,9215,MIBR,6,5973,Liquid,13,Liquid,Anubis,8036,IEM Melbourne 2025
198145,1745379900000,4608,Natus Vincere,13,12774,FlyQuest,8,Natus Vincere,Ancient,8036,IEM Melbourne 2025
198143,1745379900000,4608,Natus Vincere,9,12774,FlyQuest,13,FlyQuest,Mirage,8036,IEM Melbourne 2025
198141,1745379900000,12774,FlyQuest,7,4608,Natus Vincere,13,Natus Vincere,Inferno,8036,IEM Melbourne 2025
198140,1745371800000,9928,GamerLegion,13,5005,Complexity,4,GamerLegion,Nuke,8036,IEM Melbourne 2025
198139,1745371800000,9928,GamerLegion,5,5005,Complexity,13,Complexity,Ancient,8036,IEM Melbourne 2025
198137,1745371800000,9928,GamerLegion,13,5005,Complexity,9,GamerLegion,Train,8036,IEM Melbourne 2025
198138,1745370900000,4914,3DMAX,7,6667,FaZe,13,FaZe,Nuke,8036,IEM Melbourne 2025
198136,1745370900000,6667,FaZe,13,4914,3DMAX,1,FaZe,Dust2,8036,IEM Melbourne 2025
198115,1745312400000,10567,SAW,10,9215,MIBR,13,MIBR,Inferno,8036,IEM Melbourne 2025
198109,1745312400000,9215,MIBR,5,10567,SAW,13,SAW,Nuke,8036,IEM Melbourne 2025
198106,1745312400000,9215,MIBR,13,10567,SAW,10,MIBR,Anubis,8036,IEM Melbourne 2025
198114,1745311500000,11283,Falcons,13,4608,Natus Vincere,4,Falcons,Dust2,8036,IEM Melbourne 2025
198108,1745311500000,11283,Falcons,13,4608,Natus Vincere,11,Falcons,Mirage,8036,IEM Melbourne 2025
198104,1745311500000,11283,Falcons,9,4608,Natus Vincere,13,Natus Vincere,Inferno,8036,IEM Melbourne 2025
198101,1745303400000,5378,Virtus.pro,6,12774,FlyQuest,13,FlyQuest,Dust2,8036,IEM Melbourne 2025
198099,1745303400000,5378,Virtus.pro,11,12774,FlyQuest,13,FlyQuest,Inferno,8036,IEM Melbourne 2025
198100,1745302500000,5973,Liquid,8,9565,Vitality,13,Vitality,Nuke,8036,IEM Melbourne 2025
198098,1745302500000,9565,Vitality,13,5973,Liquid,5,Vitality,Mirage,8036,IEM Melbourne 2025
198095,1745294400000,7532,BIG,16,4914,3DMAX,19,3DMAX,Dust2,8036,IEM Melbourne 2025
198092,1745294400000,4914,3DMAX,13,7532,BIG,5,3DMAX,Ancient,8036,IEM Melbourne 2025
198093,1745293500000,6667,FaZe,13,6248,The MongolZ,16,The MongolZ,Ancient,8036,IEM Melbourne 2025
198091,1745293500000,6248,The MongolZ,13,6667,FaZe,8,The MongolZ,Dust2,8036,IEM Melbourne 2025
198088,1745285400000,4773,paiN,6,5005,Complexity,13,Complexity,Anubis,8036,IEM Melbourne 2025
198085,1745285400000,4773,paiN,2,5005,Complexity,13,Complexity,Train,8036,IEM Melbourne 2025
198089,1745284500000,9928,GamerLegion,13,4494,MOUZ,16,MOUZ,Nuke,8036,IEM Melbourne 2025
198084,1745284500000,4494,MOUZ,13,9928,GamerLegion,6,MOUZ,Inferno,8036,IEM Melbourne 2025
198057,1745229600000,10567,SAW,9,11283,Falcons,13,Falcons,Dust2,8036,IEM Melbourne 2025
198053,1745229600000,11283,Falcons,13,10567,SAW,8,Falcons,Nuke,8036,IEM Melbourne 2025
198060,1745228700000,9215,MIBR,9,4608,Natus Vincere,13,Natus Vincere,Inferno,8036,IEM Melbourne 2025
198056,1745228700000,9215,MIBR,5,4608,Natus Vincere,13,Natus Vincere,Mirage,8036,IEM Melbourne 2025
198052,1745228700000,9215,MIBR,13,4608,Natus Vincere,9,MIBR,Anubis,8036,IEM Melbourne 2025
198048,1745223000000,12774,FlyQuest,8,9565,Vitality,13,Vitality,Nuke,8036,IEM Melbourne 2025
198041,1745223000000,12774,FlyQuest,2,9565,Vitality,13,Vitality,Anubis,8036,IEM Melbourne 2025
198046,1745217000000,5378,Virtus.pro,10,5973,Liquid,13,Liquid,Ancient,8036,IEM Melbourne 2025
198040,1745217000000,5378,Virtus.pro,13,5973,Liquid,8,Virtus.pro,Mirage,8036,IEM Melbourne 2025
198038,1745217000000,5973,Liquid,13,5378,Virtus.pro,8,Liquid,Dust2,8036,IEM Melbourne 2025
198039,1745211900000,4494,MOUZ,13,7532,BIG,8,MOUZ,Ancient,8036,IEM Melbourne 2025
198037,1745211900000,7532,BIG,9,4494,MOUZ,13,MOUZ,Mirage,8036,IEM Melbourne 2025
198036,1745211900000,4494,MOUZ,6,7532,BIG,13,BIG,Inferno,8036,IEM Melbourne 2025
198035,1745208000000,9928,GamerLegion,13,4914,3DMAX,8,GamerLegion,Inferno,8036,IEM Melbourne 2025
198033,1745208000000,4914,3DMAX,4,9928,GamerLegion,13,GamerLegion,Ancient,8036,IEM Melbourne 2025
198030,1745199000000,4773,paiN,11,6667,FaZe,13,FaZe,Inferno,8036,IEM Melbourne 2025
198026,1745199000000,4773,paiN,11,6667,FaZe,13,FaZe,Anubis,8036,IEM Melbourne 2025
198034,1745198100000,5005,Complexity,10,6248,The MongolZ,13,The MongolZ,Inferno,8036,IEM Melbourne 2025
198031,1745198100000,6248,The MongolZ,16,5005,Complexity,13,The MongolZ,Ancient,8036,IEM Melbourne 2025
198027,1745198100000,5005,Complexity,13,6248,The MongolZ,11,Complexity,Anubis,8036,IEM Melbourne 2025
197902,1744902000000,6665,Astralis,14,11241,B8,16,B8,Ancient,8315,BLAST.tv Austin Major 2025 Europe Regional Qualifier
197895,1744902000000,11241,B8,7,6665,Astralis,13,Astralis,Inferno,8315,BLAST.tv Austin Major 2025 Europe Regional Qualifier
197890,1744902000000,6665,Astralis,10,11241,B8,13,B8,Mirage,8315,BLAST.tv Austin Major 2025 Europe Regional Qualifier
197860,1744880400000,4863,TYLOO,13,11514,Rare Atom,7,TYLOO,Mirage,8385,BLAST.tv Austin Major 2025 China Regional Qualifier
197853,1744880400000,4863,TYLOO,16,11514,Rare Atom,12,TYLOO,Anubis,8385,BLAST.tv Austin Major 2025 China Regional Qualifier
197827,1744817400000,6665,Astralis,13,7532,BIG,7,Astralis,Ancient,8315,BLAST.tv Austin Major 2025 Europe Regional Qualifier
197822,1744817400000,7532,BIG,9,6665,Astralis,13,Astralis,Inferno,8315,BLAST.tv Austin Major 2025 Europe Regional Qualifier
197813,1744817400000,6665,Astralis,11,7532,BIG,13,BIG,Mirage,8315,BLAST.tv Austin Major 2025 Europe Regional Qualifier
197802,1744801200000,7532,BIG,3,7969,Nemiga,13,Nemiga,Dust2,8315,BLAST.tv Austin Major 2025 Europe Regional Qualifier
197796,1744801200000,7532,BIG,11,7969,Nemiga,13,Nemiga,Inferno,8315,BLAST.tv Austin Major 2025 Europe Regional Qualifier
197789,1744790400000,9928,GamerLegion,7,10567,SAW,13,SAW,Anubis,8315,BLAST.tv Austin Major 2025 Europe Regional Qualifier
197785,1744790400000,9928,GamerLegion,14,10567,SAW,16,SAW,Nuke,8315,BLAST.tv Austin Major 2025 Europe Regional Qualifier
197777,1744790400000,10567,SAW,5,9928,GamerLegion,13,GamerLegion,Ancient,8315,BLAST.tv Austin Major 2025 Europe Regional Qualifier
197781,1744790400000,11241,B8,13,12878,BC.Game,10,B8,Train,8315,BLAST.tv Austin Major 2025 Europe Regional Qualifier
197778,1744790400000,12878,BC.Game,5,11241,B8,13,B8,Mirage,8315,BLAST.tv Austin Major 2025 Europe Regional Qualifier
197749,1744726500000,7969,Nemiga,13,7175,HEROIC,16,HEROIC,Mirage,8315,BLAST.tv Austin Major 2025 Europe Regional Qualifier
197745,1744726500000,7175,HEROIC,13,7969,Nemiga,8,HEROIC,Dust2,8315,BLAST.tv Austin Major 2025 Europe Regional Qualifier
197733,1744714800000,7532,BIG,16,12878,BC.Game,14,BIG,Ancient,8315,BLAST.tv Austin Major 2025 Europe Regional Qualifier
197730,1744704000000,11241,B8,16,12467,PARIVISION,13,B8,Ancient,8315,BLAST.tv Austin Major 2025 Europe Regional Qualifier
197726,1744704000000,12467,PARIVISION,7,11241,B8,13,B8,Mirage,8315,BLAST.tv Austin Major 2025 Europe Regional Qualifier
197721,1744704000000,11241,B8,11,12467,PARIVISION,13,PARIVISION,Dust2,8315,BLAST.tv Austin Major 2025 Europe Regional Qualifier
197724,1744704000000,12000,500,2,9928,GamerLegion,13,GamerLegion,Ancient,8315,BLAST.tv Austin Major 2025 Europe Regional Qualifier
197720,1744704000000,12000,500,2,9928,GamerLegion,13,GamerLegion,Anubis,8315,BLAST.tv Austin Major 2025 Europe Regional Qualifier
197712,1744656600000,12394,BetBoom,4,7969,Nemiga,13,Nemiga,Ancient,8315,BLAST.tv Austin Major 2025 Europe Regional Qualifier
197709,1744651500000,6665,Astralis,13,12467,PARIVISION,7,Astralis,Mirage,8315,BLAST.tv Austin Major 2025 Europe Regional Qualifier
197705,1744645800000,10567,SAW,19,11241,B8,17,SAW,Anubis,8315,BLAST.tv Austin Major 2025 Europe Regional Qualifier
197698,1744640400000,7532,BIG,13,12000,500,2,BIG,Ancient,8315,BLAST.tv Austin Major 2025 Europe Regional Qualifier
197694,1744633800000,6665,Astralis,8,10503,OG,13,OG,Nuke,8315,BLAST.tv Austin Major 2025 Europe Regional Qualifier
197692,1744633800000,7969,Nemiga,13,9928,GamerLegion,7,Nemiga,Mirage,8315,BLAST.tv Austin Major 2025 Europe Regional Qualifier
197688,1744628400000,10567,SAW,3,12394,BetBoom,13,BetBoom,Train,8315,BLAST.tv Austin Major 2025 Europe Regional Qualifier
197684,1744623000000,7175,HEROIC,13,12467,PARIVISION,9,HEROIC,Ancient,8315,BLAST.tv Austin Major 2025 Europe Regional Qualifier
197643,1744556400000,11283,Falcons,13,5995,G2,8,Falcons,Ancient,8044,PGL Bucharest 2025
197642,1744556400000,5995,G2,7,11283,Falcons,13,Falcons,Nuke,8044,PGL Bucharest 2025
197638,1744556400000,11283,Falcons,13,5995,G2,5,Falcons,Mirage,8044,PGL Bucharest 2025
197632,1744545600000,6667,FaZe,13,5005,Complexity,11,FaZe,Inferno,8044,PGL Bucharest 2025
197629,1744545600000,6667,FaZe,13,5005,Complexity,10,FaZe,Dust2,8044,PGL Bucharest 2025
197603,1744480800000,5995,G2,13,5005,Complexity,9,G2,Dust2,8044,PGL Bucharest 2025
197597,1744480800000,5005,Complexity,8,5995,G2,13,G2,Anubis,8044,PGL Bucharest 2025
197587,1744466400000,11283,Falcons,13,6667,FaZe,10,Falcons,Mirage,8044,PGL Bucharest 2025
197583,1744466400000,6667,FaZe,16,11283,Falcons,14,FaZe,Ancient,8044,PGL Bucharest 2025
197578,1744466400000,11283,Falcons,13,6667,FaZe,4,Falcons,Nuke,8044,PGL Bucharest 2025
197577,1744459200000,12394,BetBoom,13,12878,BC.Game,4,BetBoom,Anubis,8411,A1 Gaming League Season 10
197576,1744459200000,12878,BC.Game,3,12394,BetBoom,13,BetBoom,Mirage,8411,A1 Gaming League Season 10
197575,1744459200000,12394,BetBoom,8,12878,BC.Game,13,BC.Game,Dust2,8411,A1 Gaming League Season 10
197528,1744383600000,5378,Virtus.pro,9,5995,G2,13,G2,Mirage,8044,PGL Bucharest 2025
197524,1744383600000,5378,Virtus.pro,11,5995,G2,13,G2,Dust2,8044,PGL Bucharest 2025
197523,1744372200000,5005,Complexity,13,11861,Aurora,9,Complexity,Nuke,8044,PGL Bucharest 2025
197522,1744372200000,11861,Aurora,9,5005,Complexity,13,Complexity,Train,8044,PGL Bucharest 2025
197519,1744372200000,11861,Aurora,13,5005,Complexity,9,Aurora,Anubis,8044,PGL Bucharest 2025
197516,1744365900000,4914,3DMAX,5,6667,FaZe,13,FaZe,Nuke,8044,PGL Bucharest 2025
197514,1744365900000,4914,3DMAX,0,6667,FaZe,13,FaZe,Anubis,8044,PGL Bucharest 2025
197511,1744354800000,9928,GamerLegion,7,11283,Falcons,13,Falcons,Ancient,8044,PGL Bucharest 2025
197508,1744354800000,11283,Falcons,13,9928,GamerLegion,7,Falcons,Inferno,8044,PGL Bucharest 2025
197506,1744354800000,9928,GamerLegion,13,11283,Falcons,7,GamerLegion,Train,8044,PGL Bucharest 2025
197489,1744283400000,11283,Falcons,16,6248,The MongolZ,14,Falcons,Ancient,8044,PGL Bucharest 2025
197487,1744283400000,11283,Falcons,13,6248,The MongolZ,6,Falcons,Dust2,8044,PGL Bucharest 2025
197485,1744283400000,11283,Falcons,9,6248,The MongolZ,13,The MongolZ,Mirage,8044,PGL Bucharest 2025
197481,1744276200000,6667,FaZe,13,12916,Betclic,8,FaZe,Ancient,8044,PGL Bucharest 2025
197478,1744276200000,12916,Betclic,5,6667,FaZe,13,FaZe,Dust2,8044,PGL Bucharest 2025
197475,1744268400000,5378,Virtus.pro,13,6665,Astralis,6,Virtus.pro,Train,8044,PGL Bucharest 2025
197472,1744268400000,6665,Astralis,10,5378,Virtus.pro,13,Virtus.pro,Dust2,8044,PGL Bucharest 2025
197437,1744203000000,6248,The MongolZ,13,8297,FURIA,11,The MongolZ,Nuke,8044,PGL Bucharest 2025
197435,1744203000000,8297,FURIA,9,6248,The MongolZ,13,The MongolZ,Mirage,8044,PGL Bucharest 2025
197429,1744197900000,11861,Aurora,16,12916,Betclic,12,Aurora,Anubis,8044,PGL Bucharest 2025
197426,1744197900000,11861,Aurora,13,12916,Betclic,6,Aurora,Mirage,8044,PGL Bucharest 2025
197428,1744196100000,11514,Rare Atom,2,11283,Falcons,13,Falcons,Train,8044,PGL Bucharest 2025
197425,1744196100000,11283,Falcons,13,11514,Rare Atom,6,Falcons,Inferno,8044,PGL Bucharest 2025
197422,1744190100000,5005,Complexity,13,6667,FaZe,10,Complexity,Anubis,8044,PGL Bucharest 2025
197415,1744190100000,6667,FaZe,7,5005,Complexity,13,Complexity,Dust2,8044,PGL Bucharest 2025
197416,1744182000000,6665,Astralis,19,12468,Legacy,16,Astralis,Nuke,8044,PGL Bucharest 2025
197412,1744182000000,12468,Legacy,7,6665,Astralis,13,Astralis,Ancient,8044,PGL Bucharest 2025
197409,1744182000000,6665,Astralis,7,12468,Legacy,13,Legacy,Dust2,8044,PGL Bucharest 2025
197410,1744182000000,5378,Virtus.pro,8,9928,GamerLegion,13,GamerLegion,Mirage,8044,PGL Bucharest 2025
197408,1744182000000,9928,GamerLegion,13,5378,Virtus.pro,7,GamerLegion,Ancient,8044,PGL Bucharest 2025
197369,1744128000000,5973,Liquid,7,6248,The MongolZ,13,The MongolZ,Anubis,8044,PGL Bucharest 2025
197367,1744128000000,6248,The MongolZ,13,5973,Liquid,11,The MongolZ,Mirage,8044,PGL Bucharest 2025
197368,1744123800000,11861,Aurora,14,4914,3DMAX,16,3DMAX,Dust2,8044,PGL Bucharest 2025
197366,1744123800000,11861,Aurora,13,4914,3DMAX,5,Aurora,Anubis,8044,PGL Bucharest 2025
197364,1744123800000,11861,Aurora,9,4914,3DMAX,13,3DMAX,Inferno,8044,PGL Bucharest 2025
197363,1744116000000,11283,Falcons,13,4773,paiN,9,Falcons,Inferno,8044,PGL Bucharest 2025
197360,1744116000000,4773,paiN,8,11283,Falcons,13,Falcons,Train,8044,PGL Bucharest 2025
197354,1744116000000,11283,Falcons,6,4773,paiN,13,paiN,Nuke,8044,PGL Bucharest 2025
197361,1744111800000,5005,Complexity,10,5995,G2,13,G2,Ancient,8044,PGL Bucharest 2025
197353,1744111800000,5005,Complexity,13,5995,G2,10,Complexity,Anubis,8044,PGL Bucharest 2025
197342,1744111800000,5005,Complexity,12,5995,G2,16,G2,Dust2,8044,PGL Bucharest 2025
197341,1744109100000,11514,Rare Atom,3,6667,FaZe,13,FaZe,Dust2,8044,PGL Bucharest 2025
197338,1744109100000,6667,FaZe,13,11514,Rare Atom,10,FaZe,Ancient,8044,PGL Bucharest 2025
197337,1744103100000,5378,Virtus.pro,13,8297,FURIA,8,Virtus.pro,Dust2,8044,PGL Bucharest 2025
197330,1744103100000,8297,FURIA,11,5378,Virtus.pro,13,Virtus.pro,Anubis,8044,PGL Bucharest 2025
197332,1744095600000,9928,GamerLegion,13,12468,Legacy,7,GamerLegion,Ancient,8044,PGL Bucharest 2025
197324,1744095600000,12468,Legacy,16,9928,GamerLegion,13,Legacy,Inferno,8044,PGL Bucharest 2025
197319,1744095600000,12468,Legacy,11,9928,GamerLegion,13,GamerLegion,Anubis,8044,PGL Bucharest 2025
197320,1744095600000,12916,Betclic,13,6665,Astralis,9,Betclic,Ancient,8044,PGL Bucharest 2025
197318,1744095600000,6665,Astralis,8,12916,Betclic,13,Betclic,Mirage,8044,PGL Bucharest 2025
197298,1744034700000,5005,Complexity,13,8297,FURIA,4,Complexity,Inferno,8044,PGL Bucharest 2025
197297,1744034700000,5005,Complexity,13,8297,FURIA,1,Complexity,Train,8044,PGL Bucharest 2025
197295,1744034700000,5005,Complexity,8,8297,FURIA,13,FURIA,Dust2,8044,PGL Bucharest 2025
197296,1744032300000,4773,paiN,11,6667,FaZe,13,FaZe,Inferno,8044,PGL Bucharest 2025
197294,1744032300000,6667,FaZe,13,4773,paiN,7,FaZe,Dust2,8044,PGL Bucharest 2025
197292,1744024200000,6248,The MongolZ,11,12916,Betclic,13,Betclic,Nuke,8044,PGL Bucharest 2025
197289,1744024200000,12916,Betclic,13,6248,The MongolZ,8,Betclic,Ancient,8044,PGL Bucharest 2025
197293,1744023600000,6665,Astralis,7,4914,3DMAX,13,3DMAX,Inferno,8044,PGL Bucharest 2025
197291,1744023600000,4914,3DMAX,7,6665,Astralis,13,Astralis,Ancient,8044,PGL Bucharest 2025
197288,1744023600000,4914,3DMAX,13,6665,Astralis,7,3DMAX,Dust2,8044,PGL Bucharest 2025
197286,1744015800000,5973,Liquid,3,5378,Virtus.pro,13,Virtus.pro,Dust2,8044,PGL Bucharest 2025
197283,1744015800000,5378,Virtus.pro,16,5973,Liquid,14,Virtus.pro,Mirage,8044,PGL Bucharest 2025
197285,1744015800000,11861,Aurora,13,12468,Legacy,7,Aurora,Anubis,8044,PGL Bucharest 2025
197282,1744015800000,11861,Aurora,13,12468,Legacy,10,Aurora,Mirage,8044,PGL Bucharest 2025
197281,1744009200000,5995,G2,13,11514,Rare Atom,7,G2,Ancient,8044,PGL Bucharest 2025
197278,1744009200000,11514,Rare Atom,5,5995,G2,13,G2,Dust2,8044,PGL Bucharest 2025
197280,1744009200000,11283,Falcons,1,9928,GamerLegion,13,GamerLegion,Mirage,8044,PGL Bucharest 2025
197279,1744009200000,11283,Falcons,2,9928,GamerLegion,13,GamerLegion,Inferno,8044,PGL Bucharest 2025
197265,1743953700000,12916,Betclic,7,8297,FURIA,13,FURIA,Mirage,8044,PGL Bucharest 2025
197263,1743953700000,12916,Betclic,6,8297,FURIA,13,FURIA,Dust2,8044,PGL Bucharest 2025
197264,1743948000000,6667,FaZe,8,6665,Astralis,13,Astralis,Train,8044,PGL Bucharest 2025
197260,1743948000000,6665,Astralis,13,6667,FaZe,16,FaZe,Dust2,8044,PGL Bucharest 2025
197256,1743948000000,6667,FaZe,4,6665,Astralis,13,Astralis,Ancient,8044,PGL Bucharest 2025
197253,1743941100000,5973,Liquid,10,12468,Legacy,13,Legacy,Anubis,8044,PGL Bucharest 2025
197247,1743941100000,5973,Liquid,4,12468,Legacy,13,Legacy,Nuke,8044,PGL Bucharest 2025
197257,1743938700000,11861,Aurora,19,4773,paiN,17,Aurora,Dust2,8044,PGL Bucharest 2025
197250,1743938700000,4773,paiN,16,11861,Aurora,14,paiN,Inferno,8044,PGL Bucharest 2025
197245,1743938700000,11861,Aurora,13,4773,paiN,8,Aurora,Nuke,8044,PGL Bucharest 2025
197242,1743934200000,5005,Complexity,13,11283,Falcons,5,Complexity,Dust2,8044,PGL Bucharest 2025
197232,1743934200000,11283,Falcons,6,5005,Complexity,13,Complexity,Train,8044,PGL Bucharest 2025
197236,1743929700000,9928,GamerLegion,12,5995,G2,16,G2,Inferno,8044,PGL Bucharest 2025
197230,1743929700000,5995,G2,13,9928,GamerLegion,8,G2,Mirage,8044,PGL Bucharest 2025
197228,1743922800000,6248,The MongolZ,10,4914,3DMAX,13,3DMAX,Anubis,8044,PGL Bucharest 2025
197226,1743922800000,6248,The MongolZ,10,4914,3DMAX,13,3DMAX,Inferno,8044,PGL Bucharest 2025
197222,1743922800000,4914,3DMAX,11,6248,The MongolZ,13,The MongolZ,Ancient,8044,PGL Bucharest 2025
197223,1743922800000,11514,Rare Atom,13,5378,Virtus.pro,7,Rare Atom,Ancient,8044,PGL Bucharest 2025
197220,1743922800000,5378,Virtus.pro,3,11514,Rare Atom,13,Rare Atom,Mirage,8044,PGL Bucharest 2025
196888,1743580800000,5005,Complexity,13,7969,Nemiga,6,Complexity,Anubis,8284,YaLLa Compass Spring 2025 Closed Qualifier
196798,1743458400000,12376,M80,13,12257,Wildcard,4,M80,Inferno,8420,PGL Astana 2025 North America Closed Qualifier
196795,1743458400000,12257,Wildcard,15,12376,M80,19,M80,Mirage,8420,PGL Astana 2025 North America Closed Qualifier
196726,1743348600000,4494,MOUZ,7,9565,Vitality,13,Vitality,Train,7904,BLAST Open Lisbon 2025
196723,1743348600000,9565,Vitality,13,4494,MOUZ,7,Vitality,Nuke,7904,BLAST Open Lisbon 2025
196717,1743348600000,4494,MOUZ,13,9565,Vitality,11,MOUZ,Dust2,7904,BLAST Open Lisbon 2025
196707,1743348600000,9565,Vitality,11,4494,MOUZ,13,MOUZ,Mirage,7904,BLAST Open Lisbon 2025
196700,1743348600000,4494,MOUZ,0,9565,Vitality,13,Vitality,Inferno,7904,BLAST Open Lisbon 2025
196609,1743279600000,7020,Spirit,10,9565,Vitality,13,Vitality,Mirage,7904,BLAST Open Lisbon 2025
196605,1743279600000,7020,Spirit,13,9565,Vitality,5,Spirit,Nuke,7904,BLAST Open Lisbon 2025
196594,1743279600000,7020,Spirit,6,9565,Vitality,13,Vitality,Anubis,7904,BLAST Open Lisbon 2025
196598,1743275700000,11241,B8,13,12467,PARIVISION,10,B8,Mirage,8419,PGL Astana 2025 Europe Closed Qualifier
196587,1743275700000,11241,B8,13,12467,PARIVISION,10,B8,Train,8419,PGL Astana 2025 Europe Closed Qualifier
196572,1743265800000,4494,MOUZ,13,11251,Eternal Fire,10,MOUZ,Dust2,7904,BLAST Open Lisbon 2025
196561,1743265800000,11251,Eternal Fire,11,4494,MOUZ,13,MOUZ,Nuke,7904,BLAST Open Lisbon 2025
196417,1743190200000,7020,Spirit,13,4608,Natus Vincere,6,Spirit,Anubis,7904,BLAST Open Lisbon 2025
196413,1743190200000,4608,Natus Vincere,7,7020,Spirit,13,Spirit,Dust2,7904,BLAST Open Lisbon 2025
196397,1743179400000,5995,G2,3,4494,MOUZ,13,MOUZ,Nuke,7904,BLAST Open Lisbon 2025
196387,1743179400000,4494,MOUZ,13,5995,G2,8,MOUZ,Inferno,7904,BLAST Open Lisbon 2025
196337,1743152400000,12394,BetBoom,13,10503,OG,11,BetBoom,Dust2,8419,PGL Astana 2025 Europe Closed Qualifier
196330,1743152400000,12394,BetBoom,13,10503,OG,5,BetBoom,Ancient,8419,PGL Astana 2025 Europe Closed Qualifier
196321,1743152400000,10503,OG,13,12394,BetBoom,4,OG,Nuke,8419,PGL Astana 2025 Europe Closed Qualifier
196021,1742929200000,11241,B8,13,7969,Nemiga,6,B8,Inferno,8294,ESL Challenger League Season 49 Europe
196017,1742929200000,7969,Nemiga,5,11241,B8,13,B8,Mirage,8294,ESL Challenger League Season 49 Europe
196014,1742929200000,11241,B8,7,7969,Nemiga,13,Nemiga,Dust2,8294,ESL Challenger League Season 49 Europe
196008,1742911200000,4863,TYLOO,13,11514,Rare Atom,5,TYLOO,Train,8305,ESL Challenger League Season 49 Asia-Pacific
196000,1742907600000,11514,Rare Atom,13,4863,TYLOO,10,Rare Atom,Mirage,8305,ESL Challenger League Season 49 Asia-Pacific
195980,1742839500000,5995,G2,13,6248,The MongolZ,4,G2,Dust2,7904,BLAST Open Lisbon 2025
195978,1742839500000,5995,G2,13,6248,The MongolZ,11,G2,Ancient,7904,BLAST Open Lisbon 2025
195970,1742830500000,11251,Eternal Fire,13,4608,Natus Vincere,5,Eternal Fire,Dust2,7904,BLAST Open Lisbon 2025
195965,1742830500000,4608,Natus Vincere,9,11251,Eternal Fire,13,Eternal Fire,Inferno,7904,BLAST Open Lisbon 2025
195956,1742820300000,7020,Spirit,13,5378,Virtus.pro,9,Spirit,Anubis,7904,BLAST Open Lisbon 2025
195954,1742820300000,7020,Spirit,13,5378,Virtus.pro,9,Spirit,Ancient,7904,BLAST Open Lisbon 2025
195950,1742810400000,4494,MOUZ,11,9565,Vitality,13,Vitality,Dust2,7904,BLAST Open Lisbon 2025
195948,1742810400000,9565,Vitality,13,4494,MOUZ,11,Vitality,Mirage,7904,BLAST Open Lisbon 2025
195940,1742761200000,12376,M80,11,5995,G2,13,G2,Inferno,7904,BLAST Open Lisbon 2025
195939,1742761200000,5995,G2,13,12376,M80,9,G2,Ancient,7904,BLAST Open Lisbon 2025
195938,1742752500000,5973,Liquid,8,6248,The MongolZ,13,The MongolZ,Ancient,7904,BLAST Open Lisbon 2025
195936,1742752500000,5973,Liquid,7,6248,The MongolZ,13,The MongolZ,Anubis,7904,BLAST Open Lisbon 2025
195933,1742742600000,6667,FaZe,9,7020,Spirit,13,Spirit,Nuke,7904,BLAST Open Lisbon 2025
195932,1742742600000,7020,Spirit,13,6667,FaZe,8,Spirit,Anubis,7904,BLAST Open Lisbon 2025
195925,1742724000000,5378,Virtus.pro,22,11283,Falcons,20,Virtus.pro,Inferno,7904,BLAST Open Lisbon 2025
195917,1742724000000,11283,Falcons,16,5378,Virtus.pro,19,Virtus.pro,Ancient,7904,BLAST Open Lisbon 2025
195913,1742724000000,5378,Virtus.pro,11,11283,Falcons,13,Falcons,Mirage,7904,BLAST Open Lisbon 2025
195889,1742675400000,4608,Natus Vincere,16,6248,The MongolZ,13,Natus Vincere,Mirage,7904,BLAST Open Lisbon 2025
195887,1742675400000,6248,The MongolZ,13,4608,Natus Vincere,1,The MongolZ,Inferno,7904,BLAST Open Lisbon 2025
195884,1742675400000,6248,The MongolZ,7,4608,Natus Vincere,13,Natus Vincere,Dust2,7904,BLAST Open Lisbon 2025
195880,1742665200000,11251,Eternal Fire,13,5995,G2,10,Eternal Fire,Inferno,7904,BLAST Open Lisbon 2025
195875,1742665200000,11251,Eternal Fire,13,5995,G2,10,Eternal Fire,Anubis,7904,BLAST Open Lisbon 2025
195860,1742649600000,12376,M80,19,8297,FURIA,17,M80,Inferno,7904,BLAST Open Lisbon 2025
195842,1742649600000,12376,M80,13,8297,FURIA,10,M80,Train,7904,BLAST Open Lisbon 2025
195838,1742649600000,12376,M80,7,8297,FURIA,13,FURIA,Dust2,7904,BLAST Open Lisbon 2025
195833,1742637600000,5973,Liquid,13,9455,Imperial,5,Liquid,Anubis,7904,BLAST Open Lisbon 2025
195829,1742637600000,9455,Imperial,13,5973,Liquid,11,Imperial,Nuke,7904,BLAST Open Lisbon 2025
195826,1742637600000,5973,Liquid,13,9455,Imperial,4,Liquid,Dust2,7904,BLAST Open Lisbon 2025
195810,1742586600000,5378,Virtus.pro,5,9565,Vitality,13,Vitality,Inferno,7904,BLAST Open Lisbon 2025
195808,1742586600000,5378,Virtus.pro,6,9565,Vitality,13,Vitality,Anubis,7904,BLAST Open Lisbon 2025
195800,1742570100000,4494,MOUZ,25,7020,Spirit,22,MOUZ,Ancient,7904,BLAST Open Lisbon 2025
195795,1742570100000,7020,Spirit,13,4494,MOUZ,16,MOUZ,Nuke,7904,BLAST Open Lisbon 2025
195792,1742570100000,4494,MOUZ,3,7020,Spirit,13,Spirit,Dust2,7904,BLAST Open Lisbon 2025
195791,1742561400000,6665,Astralis,6,6667,FaZe,13,FaZe,Nuke,7904,BLAST Open Lisbon 2025
195789,1742561400000,6667,FaZe,13,6665,Astralis,7,FaZe,Train,7904,BLAST Open Lisbon 2025
195752,1742499900000,8297,FURIA,8,4608,Natus Vincere,13,Natus Vincere,Mirage,7904,BLAST Open Lisbon 2025
195750,1742499900000,8297,FURIA,12,4608,Natus Vincere,16,Natus Vincere,Anubis,7904,BLAST Open Lisbon 2025
195745,1742487000000,6248,The MongolZ,13,12376,M80,3,The MongolZ,Inferno,7904,BLAST Open Lisbon 2025
195741,1742487000000,12376,M80,13,6248,The MongolZ,11,M80,Ancient,7904,BLAST Open Lisbon 2025
195739,1742487000000,6248,The MongolZ,13,12376,M80,11,The MongolZ,Dust2,7904,BLAST Open Lisbon 2025
195737,1742478600000,11251,Eternal Fire,13,5973,Liquid,7,Eternal Fire,Anubis,7904,BLAST Open Lisbon 2025
195735,1742478600000,11251,Eternal Fire,13,5973,Liquid,7,Eternal Fire,Dust2,7904,BLAST Open Lisbon 2025
195732,1742468400000,9455,Imperial,11,5995,G2,13,G2,Inferno,7904,BLAST Open Lisbon 2025
195730,1742468400000,5995,G2,13,9455,Imperial,8,G2,Mirage,7904,BLAST Open Lisbon 2025
195681,1742408400000,6667,FaZe,0,5378,Virtus.pro,13,Virtus.pro,Dust2,7904,BLAST Open Lisbon 2025
195670,1742408400000,5378,Virtus.pro,16,6667,FaZe,13,Virtus.pro,Ancient,7904,BLAST Open Lisbon 2025
195657,1742408400000,5378,Virtus.pro,12,6667,FaZe,16,FaZe,Anubis,7904,BLAST Open Lisbon 2025
195651,1742400900000,6665,Astralis,6,9565,Vitality,13,Vitality,Dust2,7904,BLAST Open Lisbon 2025
195648,1742400900000,9565,Vitality,13,6665,Astralis,4,Vitality,Inferno,7904,BLAST Open Lisbon 2025
195645,1742390100000,11283,Falcons,10,4494,MOUZ,13,MOUZ,Ancient,7904,BLAST Open Lisbon 2025
195638,1742390100000,4494,MOUZ,13,11283,Falcons,11,MOUZ,Train,7904,BLAST Open Lisbon 2025
195474,1742147100000,10503,OG,13,12000,500,5,OG,Inferno,8398,CCT Season 2 Europe Series 20
195472,1742147100000,12000,500,5,10503,OG,13,OG,Ancient,8398,CCT Season 2 Europe Series 20
195473,1742140800000,4494,MOUZ,5,9565,Vitality,13,Vitality,Inferno,8292,ESL Pro League Season 21
195467,1742140800000,9565,Vitality,13,4494,MOUZ,4,Vitality,Nuke,8292,ESL Pro League Season 21
195462,1742140800000,4494,MOUZ,9,9565,Vitality,13,Vitality,Dust2,8292,ESL Pro League Season 21
195463,1742133600000,12467,PARIVISION,10,10503,OG,13,OG,Anubis,8398,CCT Season 2 Europe Series 20
195458,1742133600000,10503,OG,13,12467,PARIVISION,9,OG,Ancient,8398,CCT Season 2 Europe Series 20
195452,1742133600000,10503,OG,2,12467,PARIVISION,13,PARIVISION,Dust2,8398,CCT Season 2 Europe Series 20
195420,1742065500000,6248,The MongolZ,2,9565,Vitality,13,Vitality,Inferno,8292,ESL Pro League Season 21
195417,1742065500000,6248,The MongolZ,16,9565,Vitality,14,The MongolZ,Nuke,8292,ESL Pro League Season 21
195407,1742065500000,6248,The MongolZ,4,9565,Vitality,13,Vitality,Anubis,8292,ESL Pro League Season 21
195406,1742061600000,12916,Betclic,9,10503,OG,13,OG,Ancient,8398,CCT Season 2 Europe Series 20
195399,1742061600000,12916,Betclic,5,10503,OG,13,OG,Anubis,8398,CCT Season 2 Europe Series 20
195397,1742049900000,4494,MOUZ,13,7020,Spirit,10,MOUZ,Ancient,8292,ESL Pro League Season 21
195386,1742049900000,4494,MOUZ,7,7020,Spirit,13,Spirit,Dust2,8292,ESL Pro League Season 21
195371,1742049900000,7020,Spirit,14,4494,MOUZ,16,MOUZ,Nuke,8292,ESL Pro League Season 21
195329,1741979400000,7969,Nemiga,3,10503,OG,13,OG,Ancient,8398,CCT Season 2 Europe Series 20
195326,1741979400000,7969,Nemiga,11,10503,OG,13,OG,Anubis,8398,CCT Season 2 Europe Series 20
195324,1741973400000,4608,Natus Vincere,6,6248,The MongolZ,13,The MongolZ,Ancient,8292,ESL Pro League Season 21
195319,1741973400000,6248,The MongolZ,13,4608,Natus Vincere,6,The MongolZ,Mirage,8292,ESL Pro League Season 21
195311,1741963500000,5973,Liquid,9,9565,Vitality,13,Vitality,Dust2,8292,ESL Pro League Season 21
195308,1741963500000,5973,Liquid,9,9565,Vitality,13,Vitality,Anubis,8292,ESL Pro League Season 21
195294,1741942800000,7532,BIG,3,12467,PARIVISION,13,PARIVISION,Ancient,8398,CCT Season 2 Europe Series 20
195285,1741942800000,12467,PARIVISION,22,7532,BIG,20,PARIVISION,Mirage,8398,CCT Season 2 Europe Series 20
195281,1741942800000,7532,BIG,13,12467,PARIVISION,3,BIG,Dust2,8398,CCT Season 2 Europe Series 20
195271,1741894200000,12916,Betclic,9,10503,OG,13,OG,Ancient,8414,Galaxy Battle 2025 STARTER
195269,1741894200000,10503,OG,13,12916,Betclic,10,OG,Nuke,8414,Galaxy Battle 2025 STARTER
195273,1741893300000,5995,G2,11,4494,MOUZ,13,MOUZ,Ancient,8292,ESL Pro League Season 21
195270,1741893300000,5995,G2,8,4494,MOUZ,13,MOUZ,Nuke,8292,ESL Pro League Season 21
195267,1741893300000,4494,MOUZ,11,5995,G2,13,G2,Inferno,8292,ESL Pro League Season 21
195260,1741877100000,11251,Eternal Fire,7,7020,Spirit,13,Spirit,Mirage,8292,ESL Pro League Season 21
195257,1741877100000,7020,Spirit,10,11251,Eternal Fire,13,Eternal Fire,Anubis,8292,ESL Pro League Season 21
195249,1741877100000,11251,Eternal Fire,15,7020,Spirit,19,Spirit,Nuke,8292,ESL Pro League Season 21
195206,1741791600000,12916,Betclic,13,10503,OG,9,Betclic,Anubis,8362,PGL Bucharest 2025 Europe Closed Qualifier
195199,1741791600000,12916,Betclic,16,10503,OG,14,Betclic,Dust2,8362,PGL Bucharest 2025 Europe Closed Qualifier
195191,1741791600000,10503,OG,16,12916,Betclic,14,OG,Nuke,8362,PGL Bucharest 2025 Europe Closed Qualifier
195185,1741791600000,12916,Betclic,13,10503,OG,5,Betclic,Ancient,8362,PGL Bucharest 2025 Europe Closed Qualifier
195184,1741780800000,12426,Passion UA,10,7532,BIG,13,BIG,Train,8283,YaLLa Compass Winter 2025
195179,1741780800000,12426,Passion UA,13,7532,BIG,9,Passion UA,Ancient,8283,YaLLa Compass Winter 2025
195176,1741780800000,7532,BIG,13,12426,Passion UA,3,BIG,Mirage,8283,YaLLa Compass Winter 2025
195152,1741718400000,9928,GamerLegion,9,5995,G2,13,G2,Nuke,8292,ESL Pro League Season 21
195144,1741718400000,5995,G2,13,9928,GamerLegion,11,G2,Inferno,8292,ESL Pro League Season 21
195135,1741706100000,11283,Falcons,9,11251,Eternal Fire,13,Eternal Fire,Dust2,8292,ESL Pro League Season 21
195129,1741706100000,11251,Eternal Fire,13,11283,Falcons,16,Falcons,Mirage,8292,ESL Pro League Season 21
195122,1741706100000,11283,Falcons,8,11251,Eternal Fire,13,Eternal Fire,Inferno,8292,ESL Pro League Season 21
195128,1741705200000,12916,Betclic,13,12394,BetBoom,7,Betclic,Nuke,8362,PGL Bucharest 2025 Europe Closed Qualifier
195123,1741705200000,12916,Betclic,13,12394,BetBoom,10,Betclic,Mirage,8362,PGL Bucharest 2025 Europe Closed Qualifier
195118,1741696200000,4914,3DMAX,4,5973,Liquid,13,Liquid,Anubis,8292,ESL Pro League Season 21
195111,1741696200000,4914,3DMAX,13,5973,Liquid,6,3DMAX,Ancient,8292,ESL Pro League Season 21
195105,1741696200000,5973,Liquid,13,4914,3DMAX,11,Liquid,Inferno,8292,ESL Pro League Season 21
195115,1741694400000,10503,OG,13,7175,HEROIC,7,OG,Nuke,8362,PGL Bucharest 2025 Europe Closed Qualifier
195107,1741694400000,7175,HEROIC,5,10503,OG,13,OG,Ancient,8362,PGL Bucharest 2025 Europe Closed Qualifier
195102,1741694400000,10503,OG,7,7175,HEROIC,13,HEROIC,Dust2,8362,PGL Bucharest 2025 Europe Closed Qualifier
195082,1741647600000,12257,Wildcard,8,5005,Complexity,13,Complexity,Ancient,8364,PGL Bucharest 2025 North America Closed Qualifier
195078,1741647600000,5005,Complexity,19,12257,Wildcard,17,Complexity,Nuke,8364,PGL Bucharest 2025 North America Closed Qualifier
195076,1741647600000,12257,Wildcard,6,5005,Complexity,13,Complexity,Train,8364,PGL Bucharest 2025 North America Closed Qualifier
195064,1741635000000,7969,Nemiga,7,12394,BetBoom,13,BetBoom,Mirage,8362,PGL Bucharest 2025 Europe Closed Qualifier
195051,1741635000000,12394,BetBoom,16,7969,Nemiga,14,BetBoom,Ancient,8362,PGL Bucharest 2025 Europe Closed Qualifier
195061,1741629600000,8297,FURIA,9,11283,Falcons,13,Falcons,Dust2,8292,ESL Pro League Season 21
195047,1741629600000,11283,Falcons,16,8297,FURIA,14,Falcons,Mirage,8292,ESL Pro League Season 21
195034,1741629600000,11283,Falcons,13,8297,FURIA,16,FURIA,Train,8292,ESL Pro League Season 21
195029,1741627800000,4608,Natus Vincere,13,5995,G2,6,Natus Vincere,Ancient,8292,ESL Pro League Season 21
195014,1741627800000,5995,G2,9,4608,Natus Vincere,13,Natus Vincere,Mirage,8292,ESL Pro League Season 21
195000,1741621500000,4773,paiN,7,11251,Eternal Fire,13,Eternal Fire,Inferno,8292,ESL Pro League Season 21
194988,1741621500000,11251,Eternal Fire,13,4773,paiN,9,Eternal Fire,Nuke,8292,ESL Pro League Season 21
194986,1741618800000,5973,Liquid,4,4494,MOUZ,13,MOUZ,Nuke,8292,ESL Pro League Season 21
194977,1741618800000,4494,MOUZ,13,5973,Liquid,8,MOUZ,Ancient,8292,ESL Pro League Season 21
194971,1741611600000,12878,BC.Game,13,12426,Passion UA,10,BC.Game,Ancient,8388,CCT Season 2 Europe Series 19
194964,1741611600000,12426,Passion UA,8,12878,BC.Game,13,BC.Game,Dust2,8388,CCT Season 2 Europe Series 19
194975,1741609800000,9928,GamerLegion,13,10567,SAW,8,GamerLegion,Ancient,8292,ESL Pro League Season 21
194969,1741609800000,10567,SAW,9,9928,GamerLegion,13,GamerLegion,Inferno,8292,ESL Pro League Season 21
194967,1741609800000,4914,3DMAX,7,6248,The MongolZ,13,The MongolZ,Ancient,8292,ESL Pro League Season 21
194959,1741609800000,6248,The MongolZ,13,4914,3DMAX,4,The MongolZ,Dust2,8292,ESL Pro League Season 21
194960,1741609800000,9928,GamerLegion,5,10567,SAW,13,SAW,Train,8292,ESL Pro League Season 21
194883,1741539900000,5973,Liquid,19,11251,Eternal Fire,17,Liquid,Train,8292,ESL Pro League Season 21
194865,1741539900000,11251,Eternal Fire,11,5973,Liquid,13,Liquid,Inferno,8292,ESL Pro League Season 21
194907,1741539600000,9215,MIBR,1,8297,FURIA,13,FURIA,Inferno,8292,ESL Pro League Season 21
194881,1741539600000,9215,MIBR,19,8297,FURIA,17,MIBR,Mirage,8292,ESL Pro League Season 21
194863,1741539600000,9215,MIBR,9,8297,FURIA,13,FURIA,Anubis,8292,ESL Pro League Season 21
194897,1741539300000,12426,Passion UA,13,12000,500,8,Passion UA,Mirage,8388,CCT Season 2 Europe Series 19
194896,1741539300000,12426,Passion UA,8,12000,500,13,500,Inferno,8388,CCT Season 2 Europe Series 19
194858,1741539300000,12000,500,5,12426,Passion UA,13,Passion UA,Ancient,8388,CCT Season 2 Europe Series 19
194847,1741533300000,4494,MOUZ,7,9565,Vitality,13,Vitality,Dust2,8292,ESL Pro League Season 21
194830,1741533300000,9565,Vitality,13,4494,MOUZ,6,Vitality,Inferno,8292,ESL Pro League Season 21
194842,1741530600000,4773,paiN,6,4608,Natus Vincere,13,Natus Vincere,Mirage,8292,ESL Pro League Season 21
194828,1741530600000,4608,Natus Vincere,16,4773,paiN,14,Natus Vincere,Train,8292,ESL Pro League Season 21
194823,1741525500000,6248,The MongolZ,11,7020,Spirit,13,Spirit,Dust2,8292,ESL Pro League Season 21
194813,1741525500000,7020,Spirit,13,6248,The MongolZ,6,Spirit,Anubis,8292,ESL Pro League Season 21
194814,1741523400000,5995,G2,13,10567,SAW,6,G2,Dust2,8292,ESL Pro League Season 21
194807,1741523400000,5995,G2,13,10567,SAW,5,G2,Nuke,8292,ESL Pro League Season 21
194809,1741519200000,7532,BIG,7,4869,ENCE,13,ENCE,Ancient,8362,PGL Bucharest 2025 Europe Closed Qualifier
194798,1741519200000,7532,BIG,9,4869,ENCE,13,ENCE,Mirage,8362,PGL Bucharest 2025 Europe Closed Qualifier
194797,1741512600000,11283,Falcons,2,4914,3DMAX,13,3DMAX,Dust2,8292,ESL Pro League Season 21
194787,1741512600000,4914,3DMAX,7,11283,Falcons,13,Falcons,Ancient,8292,ESL Pro League Season 21
194776,1741512600000,11283,Falcons,11,4914,3DMAX,13,3DMAX,Inferno,8292,ESL Pro League Season 21
194795,1741512600000,4863,TYLOO,20,9928,GamerLegion,22,GamerLegion,Inferno,8292,ESL Pro League Season 21
194788,1741512600000,9928,GamerLegion,19,4863,TYLOO,15,GamerLegion,Ancient,8292,ESL Pro League Season 21
194705,1741456800000,12878,BC.Game,14,4869,ENCE,16,ENCE,Anubis,8362,PGL Bucharest 2025 Europe Closed Qualifier
194683,1741456800000,12878,BC.Game,9,4869,ENCE,13,ENCE,Ancient,8362,PGL Bucharest 2025 Europe Closed Qualifier
194659,1741456800000,4869,ENCE,9,12878,BC.Game,13,BC.Game,Dust2,8362,PGL Bucharest 2025 Europe Closed Qualifier
194676,1741456200000,7020,Spirit,13,10567,SAW,8,Spirit,Train,8292,ESL Pro League Season 21
194653,1741456200000,10567,SAW,1,7020,Spirit,13,Spirit,Dust2,8292,ESL Pro League Season 21
194674,1741454400000,5973,Liquid,13,8297,FURIA,8,Liquid,Anubis,8292,ESL Pro League Season 21
194650,1741454400000,5973,Liquid,13,8297,FURIA,10,Liquid,Dust2,8292,ESL Pro League Season 21
194635,1741449300000,4914,3DMAX,7,9565,Vitality,13,Vitality,Dust2,8292,ESL Pro League Season 21
194616,1741449300000,9565,Vitality,13,4914,3DMAX,5,Vitality,Train,8292,ESL Pro League Season 21
194627,1741446900000,11283,Falcons,9,4494,MOUZ,13,MOUZ,Nuke,8292,ESL Pro League Season 21
194606,1741446900000,4494,MOUZ,13,11283,Falcons,7,MOUZ,Train,8292,ESL Pro League Season 21
194624,1741446000000,10503,OG,13,12426,Passion UA,9,OG,Mirage,8362,PGL Bucharest 2025 Europe Closed Qualifier
194601,1741446000000,12426,Passion UA,8,10503,OG,13,OG,Ancient,8362,PGL Bucharest 2025 Europe Closed Qualifier
194587,1741439700000,7532,BIG,6,12878,BC.Game,13,BC.Game,Dust2,8388,CCT Season 2 Europe Series 19
194575,1741439700000,12878,BC.Game,13,7532,BIG,6,BC.Game,Ancient,8388,CCT Season 2 Europe Series 19
194596,1741437000000,5995,G2,10,6248,The MongolZ,13,The MongolZ,Mirage,8292,ESL Pro League Season 21
194582,1741437000000,6248,The MongolZ,16,5995,G2,12,The MongolZ,Dust2,8292,ESL Pro League Season 21
194566,1741437000000,5995,G2,13,6248,The MongolZ,9,G2,Ancient,8292,ESL Pro League Season 21
194589,1741435200000,9928,GamerLegion,2,4773,paiN,13,paiN,Mirage,8292,ESL Pro League Season 21
194577,1741435200000,9928,GamerLegion,16,4773,paiN,13,GamerLegion,Inferno,8292,ESL Pro League Season 21
194563,1741435200000,9928,GamerLegion,7,4773,paiN,13,paiN,Nuke,8292,ESL Pro League Season 21
194555,1741426200000,4608,Natus Vincere,13,4863,TYLOO,5,Natus Vincere,Ancient,8292,ESL Pro League Season 21
194551,1741426200000,4863,TYLOO,5,4608,Natus Vincere,13,Natus Vincere,Mirage,8292,ESL Pro League Season 21
194548,1741426200000,9215,MIBR,8,11251,Eternal Fire,13,Eternal Fire,Inferno,8292,ESL Pro League Season 21
194542,1741426200000,4608,Natus Vincere,10,4863,TYLOO,13,TYLOO,Inferno,8292,ESL Pro League Season 21
194540,1741426200000,11251,Eternal Fire,13,9215,MIBR,3,Eternal Fire,Mirage,8292,ESL Pro League Season 21
194491,1741371900000,5973,Liquid,13,11283,Falcons,16,Falcons,Ancient,8292,ESL Pro League Season 21
194480,1741371900000,5973,Liquid,13,11283,Falcons,9,Liquid,Dust2,8292,ESL Pro League Season 21
194465,1741371900000,11283,Falcons,16,5973,Liquid,14,Falcons,Inferno,8292,ESL Pro League Season 21
194457,1741367700000,4773,paiN,8,5995,G2,13,G2,Inferno,8292,ESL Pro League Season 21
194445,1741367700000,5995,G2,13,4773,paiN,5,G2,Nuke,8292,ESL Pro League Season 21
194450,1741358700000,8297,FURIA,11,4494,MOUZ,13,MOUZ,Nuke,8292,ESL Pro League Season 21
194434,1741358700000,8297,FURIA,16,4494,MOUZ,13,FURIA,Inferno,8292,ESL Pro League Season 21
194420,1741358700000,4494,MOUZ,13,8297,FURIA,9,MOUZ,Train,8292,ESL Pro League Season 21
194435,1741357800000,10567,SAW,13,4608,Natus Vincere,4,SAW,Ancient,8292,ESL Pro League Season 21
194429,1741357800000,10567,SAW,13,4608,Natus Vincere,9,SAW,Nuke,8292,ESL Pro League Season 21
194415,1741357800000,4608,Natus Vincere,13,10567,SAW,3,Natus Vincere,Inferno,8292,ESL Pro League Season 21
194410,1741350600000,11251,Eternal Fire,10,4914,3DMAX,13,3DMAX,Anubis,8292,ESL Pro League Season 21
194396,1741350600000,11251,Eternal Fire,10,4914,3DMAX,13,3DMAX,Inferno,8292,ESL Pro League Season 21
194416,1741348800000,10503,OG,16,4869,ENCE,14,OG,Anubis,8362,PGL Bucharest 2025 Europe Closed Qualifier
194405,1741348800000,10503,OG,19,4869,ENCE,17,OG,Ancient,8362,PGL Bucharest 2025 Europe Closed Qualifier
194388,1741348800000,10503,OG,7,4869,ENCE,13,ENCE,Mirage,8362,PGL Bucharest 2025 Europe Closed Qualifier
194404,1741348800000,6248,The MongolZ,16,9928,GamerLegion,14,The MongolZ,Mirage,8292,ESL Pro League Season 21
194394,1741348800000,6248,The MongolZ,13,9928,GamerLegion,9,The MongolZ,Inferno,8292,ESL Pro League Season 21
194409,1741348200000,12878,BC.Game,10,12426,Passion UA,13,Passion UA,Mirage,8362,PGL Bucharest 2025 Europe Closed Qualifier
194398,1741348200000,12426,Passion UA,5,12878,BC.Game,13,BC.Game,Dust2,8362,PGL Bucharest 2025 Europe Closed Qualifier
194389,1741348200000,12878,BC.Game,9,12426,Passion UA,13,Passion UA,Ancient,8362,PGL Bucharest 2025 Europe Closed Qualifier
194384,1741340400000,4863,TYLOO,6,7020,Spirit,13,Spirit,Nuke,8292,ESL Pro League Season 21
194377,1741340400000,4863,TYLOO,11,7020,Spirit,13,Spirit,Anubis,8292,ESL Pro League Season 21
194386,1741339800000,9565,Vitality,13,9215,MIBR,8,Vitality,Train,8292,ESL Pro League Season 21
194381,1741339800000,9215,MIBR,3,9565,Vitality,13,Vitality,Inferno,8292,ESL Pro League Season 21
194372,1741339800000,9215,MIBR,13,9565,Vitality,7,MIBR,Anubis,8292,ESL Pro League Season 21
194202,1741204200000,8297,FURIA,13,12376,M80,5,FURIA,Anubis,8035,ESL Pro League Season 21 Stage 1
194196,1741204200000,12376,M80,13,8297,FURIA,4,M80,Dust2,8035,ESL Pro League Season 21 Stage 1
194194,1741204200000,8297,FURIA,13,12376,M80,6,FURIA,Mirage,8035,ESL Pro League Season 21 Stage 1
194187,1741192200000,7969,Nemiga,11,4773,paiN,13,paiN,Dust2,8035,ESL Pro League Season 21 Stage 1
194173,1741192200000,7969,Nemiga,9,4773,paiN,13,paiN,Mirage,8035,ESL Pro League Season 21 Stage 1
194167,1741192200000,4773,paiN,7,7969,Nemiga,13,Nemiga,Train,8035,ESL Pro League Season 21 Stage 1
194159,1741177800000,12774,FlyQuest,11,4863,TYLOO,13,TYLOO,Inferno,8035,ESL Pro League Season 21 Stage 1
194151,1741177800000,12774,FlyQuest,8,4863,TYLOO,13,TYLOO,Anubis,8035,ESL Pro League Season 21 Stage 1
194144,1741177800000,12774,FlyQuest,16,4863,TYLOO,12,FlyQuest,Ancient,8035,ESL Pro League Season 21 Stage 1
194110,1741109400000,12376,M80,5,4914,3DMAX,13,3DMAX,Train,8035,ESL Pro League Season 21 Stage 1
194100,1741109400000,12376,M80,7,4914,3DMAX,13,3DMAX,Anubis,8035,ESL Pro League Season 21 Stage 1
194086,1741100400000,12774,FlyQuest,5,11251,Eternal Fire,13,Eternal Fire,Nuke,8035,ESL Pro League Season 21 Stage 1
194085,1741100400000,11251,Eternal Fire,13,12774,FlyQuest,3,Eternal Fire,Inferno,8035,ESL Pro League Season 21 Stage 1
194084,1741091400000,7175,HEROIC,11,7969,Nemiga,13,Nemiga,Train,8035,ESL Pro League Season 21 Stage 1
194082,1741091400000,7969,Nemiga,6,7175,HEROIC,13,HEROIC,Mirage,8035,ESL Pro League Season 21 Stage 1
194075,1741091400000,7175,HEROIC,14,7969,Nemiga,16,Nemiga,Dust2,8035,ESL Pro League Season 21 Stage 1
194081,1741091400000,9215,MIBR,13,4863,TYLOO,7,MIBR,Anubis,8035,ESL Pro League Season 21 Stage 1
194076,1741091400000,9215,MIBR,13,4863,TYLOO,10,MIBR,Inferno,8035,ESL Pro League Season 21 Stage 1
194050,1741023300000,12774,FlyQuest,16,4773,paiN,13,FlyQuest,Inferno,8035,ESL Pro League Season 21 Stage 1
194042,1741023300000,12774,FlyQuest,5,4773,paiN,13,paiN,Nuke,8035,ESL Pro League Season 21 Stage 1
194034,1741023300000,12774,FlyQuest,13,4773,paiN,5,FlyQuest,Anubis,8035,ESL Pro League Season 21 Stage 1
194025,1741015200000,9215,MIBR,13,8297,FURIA,9,MIBR,Nuke,8035,ESL Pro League Season 21 Stage 1
194018,1741015200000,9215,MIBR,13,8297,FURIA,10,MIBR,Anubis,8035,ESL Pro League Season 21 Stage 1
194026,1741012200000,10567,SAW,13,12376,M80,10,SAW,Dust2,8035,ESL Pro League Season 21 Stage 1
194017,1741012200000,10567,SAW,9,12376,M80,13,M80,Ancient,8035,ESL Pro League Season 21 Stage 1
194015,1741012200000,12376,M80,3,10567,SAW,13,SAW,Inferno,8035,ESL Pro League Season 21 Stage 1
194014,1741003800000,9928,GamerLegion,13,4863,TYLOO,11,GamerLegion,Inferno,8035,ESL Pro League Season 21 Stage 1
194008,1741003800000,4863,TYLOO,13,9928,GamerLegion,5,TYLOO,Nuke,8035,ESL Pro League Season 21 Stage 1
194001,1741003800000,9928,GamerLegion,13,4863,TYLOO,7,GamerLegion,Mirage,8035,ESL Pro League Season 21 Stage 1
193992,1740994200000,7175,HEROIC,20,4914,3DMAX,22,3DMAX,Train,8035,ESL Pro League Season 21 Stage 1
193984,1740994200000,4914,3DMAX,13,7175,HEROIC,5,3DMAX,Nuke,8035,ESL Pro League Season 21 Stage 1
193965,1740937800000,12376,M80,13,4773,paiN,5,M80,Mirage,8035,ESL Pro League Season 21 Stage 1
193960,1740937800000,12376,M80,13,4773,paiN,7,M80,Anubis,8035,ESL Pro League Season 21 Stage 1
193961,1740934800000,9215,MIBR,10,9928,GamerLegion,13,GamerLegion,Inferno,8035,ESL Pro League Season 21 Stage 1
193955,1740934800000,9928,GamerLegion,13,9215,MIBR,6,GamerLegion,Ancient,8035,ESL Pro League Season 21 Stage 1
193954,1740925800000,10567,SAW,13,8297,FURIA,9,SAW,Inferno,8035,ESL Pro League Season 21 Stage 1
193953,1740925800000,8297,FURIA,13,10567,SAW,3,FURIA,Dust2,8035,ESL Pro League Season 21 Stage 1
193950,1740925800000,10567,SAW,13,8297,FURIA,11,SAW,Anubis,8035,ESL Pro League Season 21 Stage 1
193944,1740916800000,11251,Eternal Fire,8,4863,TYLOO,13,TYLOO,Anubis,8035,ESL Pro League Season 21 Stage 1
193940,1740916800000,11251,Eternal Fire,13,4863,TYLOO,16,TYLOO,Inferno,8035,ESL Pro League Season 21 Stage 1
193870,1740839400000,7969,Nemiga,8,9215,MIBR,13,MIBR,Mirage,8035,ESL Pro League Season 21 Stage 1
193864,1740839400000,9215,MIBR,6,7969,Nemiga,13,Nemiga,Inferno,8035,ESL Pro League Season 21 Stage 1
193856,1740839400000,7969,Nemiga,7,9215,MIBR,13,MIBR,Anubis,8035,ESL Pro League Season 21 Stage 1
193854,1740830400000,10567,SAW,13,7175,HEROIC,10,SAW,Ancient,8035,ESL Pro League Season 21 Stage 1
193850,1740830400000,10567,SAW,13,7175,HEROIC,6,SAW,Train,8035,ESL Pro League Season 21 Stage 1
193845,1740830400000,7175,HEROIC,13,10567,SAW,9,HEROIC,Dust2,8035,ESL Pro League Season 21 Stage 1
193851,1740830400000,4863,TYLOO,13,4914,3DMAX,5,TYLOO,Inferno,8035,ESL Pro League Season 21 Stage 1
193846,1740830400000,4914,3DMAX,10,4863,TYLOO,13,TYLOO,Ancient,8035,ESL Pro League Season 21 Stage 1
193841,1740821400000,12376,M80,13,12774,FlyQuest,8,M80,Dust2,8035,ESL Pro League Season 21 Stage 1
193834,1740821400000,12774,FlyQuest,11,12376,M80,13,M80,Ancient,8035,ESL Pro League Season 21 Stage 1
193808,1740754800000,12467,PARIVISION,13,12878,BC.Game,5,PARIVISION,Ancient,8397,CCT Season 2 Europe Series 20 Closed Qualifier
193806,1740754800000,12467,PARIVISION,13,12878,BC.Game,11,PARIVISION,Mirage,8397,CCT Season 2 Europe Series 20 Closed Qualifier
193804,1740754800000,12878,BC.Game,13,12467,PARIVISION,9,BC.Game,Dust2,8397,CCT Season 2 Europe Series 20 Closed Qualifier
193614,1740571800000,12878,BC.Game,8,12467,PARIVISION,13,PARIVISION,Ancient,8397,CCT Season 2 Europe Series 20 Closed Qualifier
193604,1740571800000,12467,PARIVISION,13,12878,BC.Game,6,PARIVISION,Mirage,8397,CCT Season 2 Europe Series 20 Closed Qualifier
193596,1740571800000,12878,BC.Game,13,12467,PARIVISION,9,BC.Game,Dust2,8397,CCT Season 2 Europe Series 20 Closed Qualifier
193350,1740333000000,11283,Falcons,9,4494,MOUZ,13,MOUZ,Ancient,8043,PGL Cluj-Napoca 2025
193345,1740333000000,4494,MOUZ,13,11283,Falcons,11,MOUZ,Nuke,8043,PGL Cluj-Napoca 2025
193340,1740333000000,11283,Falcons,13,4494,MOUZ,4,Falcons,Mirage,8043,PGL Cluj-Napoca 2025
193336,1740333000000,4494,MOUZ,13,11283,Falcons,6,MOUZ,Dust2,8043,PGL Cluj-Napoca 2025
193344,1740331200000,12878,BC.Game,7,11241,B8,13,B8,Ancient,8345,CCT Season 2 Europe Series 18
193339,1740331200000,11241,B8,13,12878,BC.Game,11,B8,Anubis,8345,CCT Season 2 Europe Series 18
193333,1740331200000,12878,BC.Game,13,11241,B8,9,BC.Game,Mirage,8345,CCT Season 2 Europe Series 18
193324,1740315600000,6665,Astralis,13,6667,FaZe,9,Astralis,Ancient,8043,PGL Cluj-Napoca 2025
193317,1740315600000,6667,FaZe,8,6665,Astralis,13,Astralis,Inferno,8043,PGL Cluj-Napoca 2025
193301,1740315600000,6665,Astralis,24,6667,FaZe,28,FaZe,Mirage,8043,PGL Cluj-Napoca 2025
193259,1740250800000,11283,Falcons,13,6667,FaZe,6,Falcons,Ancient,8043,PGL Cluj-Napoca 2025
193255,1740250800000,6667,FaZe,11,11283,Falcons,13,Falcons,Dust2,8043,PGL Cluj-Napoca 2025
193243,1740240000000,10503,OG,13,12878,BC.Game,4,OG,Inferno,8387,CCT Season 2 Europe Series 19 Closed Qualifier
193241,1740240000000,10503,OG,5,12878,BC.Game,13,BC.Game,Dust2,8387,CCT Season 2 Europe Series 19 Closed Qualifier
193237,1740240000000,12878,BC.Game,5,10503,OG,13,OG,Ancient,8387,CCT Season 2 Europe Series 19 Closed Qualifier
193242,1740236400000,4494,MOUZ,13,6665,Astralis,5,MOUZ,Ancient,8043,PGL Cluj-Napoca 2025
193238,1740236400000,6665,Astralis,13,4494,MOUZ,8,Astralis,Nuke,8043,PGL Cluj-Napoca 2025
193233,1740236400000,4494,MOUZ,16,6665,Astralis,14,MOUZ,Inferno,8043,PGL Cluj-Napoca 2025
193180,1740159600000,6667,FaZe,13,10567,SAW,9,FaZe,Nuke,8043,PGL Cluj-Napoca 2025
193173,1740159600000,6667,FaZe,13,10567,SAW,4,FaZe,Ancient,8043,PGL Cluj-Napoca 2025
193158,1740146100000,11283,Falcons,13,11251,Eternal Fire,8,Falcons,Nuke,8043,PGL Cluj-Napoca 2025
193142,1740146100000,11251,Eternal Fire,13,11283,Falcons,6,Eternal Fire,Dust2,8043,PGL Cluj-Napoca 2025
193140,1740146100000,11283,Falcons,13,11251,Eternal Fire,11,Falcons,Train,8043,PGL Cluj-Napoca 2025
193135,1740135000000,6248,The MongolZ,12,6665,Astralis,16,Astralis,Inferno,8043,PGL Cluj-Napoca 2025
193131,1740135000000,6665,Astralis,13,6248,The MongolZ,8,Astralis,Mirage,8043,PGL Cluj-Napoca 2025
193127,1740124800000,4494,MOUZ,13,4773,paiN,11,MOUZ,Mirage,8043,PGL Cluj-Napoca 2025
193124,1740124800000,4773,paiN,11,4494,MOUZ,13,MOUZ,Inferno,8043,PGL Cluj-Napoca 2025
193095,1740056400000,7175,HEROIC,13,6665,Astralis,2,HEROIC,Nuke,8273,IEM Dallas 2025 Europe Closed Qualifier
193092,1740056400000,6665,Astralis,3,7175,HEROIC,13,HEROIC,Mirage,8273,IEM Dallas 2025 Europe Closed Qualifier
192955,1739883300000,4494,MOUZ,13,5378,Virtus.pro,2,MOUZ,Mirage,8043,PGL Cluj-Napoca 2025
192951,1739883300000,5378,Virtus.pro,16,4494,MOUZ,13,Virtus.pro,Inferno,8043,PGL Cluj-Napoca 2025
192940,1739883300000,4494,MOUZ,13,5378,Virtus.pro,8,MOUZ,Ancient,8043,PGL Cluj-Napoca 2025
192933,1739873700000,10567,SAW,16,4914,3DMAX,14,SAW,Dust2,8043,PGL Cluj-Napoca 2025
192931,1739873700000,4914,3DMAX,10,10567,SAW,13,SAW,Nuke,8043,PGL Cluj-Napoca 2025
192924,1739865600000,7532,BIG,8,6665,Astralis,13,Astralis,Inferno,8043,PGL Cluj-Napoca 2025
192923,1739865600000,6665,Astralis,13,7532,BIG,7,Astralis,Ancient,8043,PGL Cluj-Napoca 2025
192910,1739817000000,5005,Complexity,4,10567,SAW,13,SAW,Inferno,8043,PGL Cluj-Napoca 2025
192899,1739817000000,5005,Complexity,12,10567,SAW,16,SAW,Ancient,8043,PGL Cluj-Napoca 2025
192904,1739813700000,5378,Virtus.pro,10,4773,paiN,13,paiN,Mirage,8043,PGL Cluj-Napoca 2025
192891,1739813700000,5378,Virtus.pro,9,4773,paiN,13,paiN,Inferno,8043,PGL Cluj-Napoca 2025
192877,1739801700000,4914,3DMAX,11,11251,Eternal Fire,13,Eternal Fire,Nuke,8043,PGL Cluj-Napoca 2025
192870,1739801700000,11251,Eternal Fire,5,4914,3DMAX,13,3DMAX,Inferno,8043,PGL Cluj-Napoca 2025
192860,1739801700000,11251,Eternal Fire,13,4914,3DMAX,10,Eternal Fire,Anubis,8043,PGL Cluj-Napoca 2025
192887,1739800800000,6665,Astralis,13,9215,MIBR,5,Astralis,Nuke,8043,PGL Cluj-Napoca 2025
192876,1739800800000,9215,MIBR,16,6665,Astralis,13,MIBR,Inferno,8043,PGL Cluj-Napoca 2025
192858,1739800800000,6665,Astralis,25,9215,MIBR,22,Astralis,Mirage,8043,PGL Cluj-Napoca 2025
192855,1739790000000,4494,MOUZ,8,11283,Falcons,13,Falcons,Ancient,8043,PGL Cluj-Napoca 2025
192850,1739790000000,11283,Falcons,13,4494,MOUZ,10,Falcons,Mirage,8043,PGL Cluj-Napoca 2025
192847,1739790000000,4494,MOUZ,13,11283,Falcons,8,MOUZ,Dust2,8043,PGL Cluj-Napoca 2025
192853,1739790000000,12257,Wildcard,8,7532,BIG,13,BIG,Nuke,8043,PGL Cluj-Napoca 2025
192849,1739790000000,7532,BIG,11,12257,Wildcard,13,Wildcard,Inferno,8043,PGL Cluj-Napoca 2025
192846,1739790000000,12257,Wildcard,2,7532,BIG,13,BIG,Ancient,8043,PGL Cluj-Napoca 2025
192833,1739720400000,4773,paiN,8,6248,The MongolZ,13,The MongolZ,Mirage,8043,PGL Cluj-Napoca 2025
192829,1739720400000,6248,The MongolZ,14,4773,paiN,16,paiN,Dust2,8043,PGL Cluj-Napoca 2025
192825,1739720400000,4773,paiN,13,6248,The MongolZ,16,The MongolZ,Inferno,8043,PGL Cluj-Napoca 2025
192828,1739715000000,12774,FlyQuest,9,10567,SAW,13,SAW,Ancient,8043,PGL Cluj-Napoca 2025
192824,1739715000000,12774,FlyQuest,13,10567,SAW,7,FlyQuest,Dust2,8043,PGL Cluj-Napoca 2025
192819,1739715000000,12774,FlyQuest,14,10567,SAW,16,SAW,Inferno,8043,PGL Cluj-Napoca 2025
192820,1739712300000,6667,FaZe,13,4494,MOUZ,7,FaZe,Mirage,8043,PGL Cluj-Napoca 2025
192818,1739712300000,4494,MOUZ,11,6667,FaZe,13,FaZe,Ancient,8043,PGL Cluj-Napoca 2025
192813,1739700900000,11283,Falcons,13,6665,Astralis,6,Falcons,Nuke,8043,PGL Cluj-Napoca 2025
192808,1739700900000,6665,Astralis,7,11283,Falcons,13,Falcons,Dust2,8043,PGL Cluj-Napoca 2025
192806,1739700900000,11283,Falcons,6,6665,Astralis,13,Astralis,Ancient,8043,PGL Cluj-Napoca 2025
192811,1739700600000,5378,Virtus.pro,13,12257,Wildcard,10,Virtus.pro,Inferno,8043,PGL Cluj-Napoca 2025
192807,1739700600000,12257,Wildcard,10,5378,Virtus.pro,13,Virtus.pro,Dust2,8043,PGL Cluj-Napoca 2025
192805,1739692800000,11251,Eternal Fire,13,7532,BIG,9,Eternal Fire,Inferno,8043,PGL Cluj-Napoca 2025
192804,1739692800000,9215,MIBR,11,4914,3DMAX,13,3DMAX,Inferno,8043,PGL Cluj-Napoca 2025
192799,1739692800000,4914,3DMAX,13,9215,MIBR,5,3DMAX,Ancient,8043,PGL Cluj-Napoca 2025
192800,1739692800000,11251,Eternal Fire,13,7532,BIG,5,Eternal Fire,Dust2,8043,PGL Cluj-Napoca 2025
192768,1739636100000,11283,Falcons,11,4773,paiN,13,paiN,Nuke,8043,PGL Cluj-Napoca 2025
192760,1739636100000,4773,paiN,12,11283,Falcons,16,Falcons,Dust2,8043,PGL Cluj-Napoca 2025
192751,1739636100000,11283,Falcons,8,4773,paiN,13,paiN,Mirage,8043,PGL Cluj-Napoca 2025
192749,1739631600000,10567,SAW,6,6665,Astralis,13,Astralis,Inferno,8043,PGL Cluj-Napoca 2025
192738,1739631600000,6665,Astralis,13,10567,SAW,11,Astralis,Nuke,8043,PGL Cluj-Napoca 2025
192740,1739624700000,11251,Eternal Fire,10,6667,FaZe,13,FaZe,Inferno,8043,PGL Cluj-Napoca 2025
192734,1739624700000,11251,Eternal Fire,13,6667,FaZe,10,Eternal Fire,Anubis,8043,PGL Cluj-Napoca 2025
192729,1739624700000,11251,Eternal Fire,4,6667,FaZe,13,FaZe,Dust2,8043,PGL Cluj-Napoca 2025
192732,1739619000000,11241,B8,8,12000,500,13,500,Ancient,8313,CCT Season 2 Europe Series 17
192728,1739619000000,11241,B8,13,12000,500,8,B8,Inferno,8313,CCT Season 2 Europe Series 17
192723,1739619000000,12000,500,13,11241,B8,11,500,Mirage,8313,CCT Season 2 Europe Series 17
192724,1739616300000,5378,Virtus.pro,16,5005,Complexity,13,Virtus.pro,Inferno,8043,PGL Cluj-Napoca 2025
192721,1739616300000,5005,Complexity,8,5378,Virtus.pro,13,Virtus.pro,Dust2,8043,PGL Cluj-Napoca 2025
192725,1739614800000,12257,Wildcard,10,6248,The MongolZ,13,The MongolZ,Ancient,8043,PGL Cluj-Napoca 2025
192718,1739614800000,6248,The MongolZ,19,12257,Wildcard,16,The MongolZ,Inferno,8043,PGL Cluj-Napoca 2025
192716,1739606400000,7532,BIG,13,12774,FlyQuest,5,BIG,Nuke,8043,PGL Cluj-Napoca 2025
192713,1739606400000,12774,FlyQuest,5,7532,BIG,13,BIG,Ancient,8043,PGL Cluj-Napoca 2025
192710,1739606400000,12774,FlyQuest,13,7532,BIG,1,FlyQuest,Inferno,8043,PGL Cluj-Napoca 2025
192715,1739606400000,4914,3DMAX,8,4494,MOUZ,13,MOUZ,Nuke,8043,PGL Cluj-Napoca 2025
192711,1739606400000,4494,MOUZ,13,4914,3DMAX,9,MOUZ,Inferno,8043,PGL Cluj-Napoca 2025
192680,1739559600000,12426,Passion UA,3,4869,ENCE,13,ENCE,Anubis,8313,CCT Season 2 Europe Series 17
192674,1739559600000,12426,Passion UA,7,4869,ENCE,13,ENCE,Ancient,8313,CCT Season 2 Europe Series 17
192675,1739556000000,12000,500,14,12878,BC.Game,16,BC.Game,Mirage,8345,CCT Season 2 Europe Series 18
192671,1739556000000,12878,BC.Game,13,12000,500,11,BC.Game,Inferno,8345,CCT Season 2 Europe Series 18
192669,1739548800000,7969,Nemiga,5,11241,B8,13,B8,Ancient,8313,CCT Season 2 Europe Series 17
192666,1739548800000,7969,Nemiga,6,11241,B8,13,B8,Mirage,8313,CCT Season 2 Europe Series 17
192661,1739548800000,11241,B8,11,7969,Nemiga,13,Nemiga,Dust2,8313,CCT Season 2 Europe Series 17
192660,1739542800000,12257,Wildcard,13,9215,MIBR,4,Wildcard,Nuke,8043,PGL Cluj-Napoca 2025
192654,1739542800000,9215,MIBR,15,12257,Wildcard,19,Wildcard,Train,8043,PGL Cluj-Napoca 2025
192663,1739542500000,4773,paiN,13,6665,Astralis,11,paiN,Nuke,8043,PGL Cluj-Napoca 2025
192658,1739542500000,6665,Astralis,6,4773,paiN,13,paiN,Mirage,8043,PGL Cluj-Napoca 2025
192652,1739542500000,4773,paiN,7,6665,Astralis,13,Astralis,Inferno,8043,PGL Cluj-Napoca 2025
192649,1739535300000,5005,Complexity,7,6248,The MongolZ,13,The MongolZ,Ancient,8043,PGL Cluj-Napoca 2025
192646,1739535300000,6248,The MongolZ,13,5005,Complexity,7,The MongolZ,Dust2,8043,PGL Cluj-Napoca 2025
192650,1739535000000,12774,FlyQuest,7,11283,Falcons,13,Falcons,Dust2,8043,PGL Cluj-Napoca 2025
192647,1739535000000,12774,FlyQuest,9,11283,Falcons,13,Falcons,Inferno,8043,PGL Cluj-Napoca 2025
192644,1739528400000,6667,FaZe,13,10567,SAW,11,FaZe,Nuke,8043,PGL Cluj-Napoca 2025
192640,1739528400000,10567,SAW,2,6667,FaZe,13,FaZe,Ancient,8043,PGL Cluj-Napoca 2025
192643,1739523000000,4914,3DMAX,13,5378,Virtus.pro,11,3DMAX,Dust2,8043,PGL Cluj-Napoca 2025
192641,1739523000000,5378,Virtus.pro,6,4914,3DMAX,13,3DMAX,Inferno,8043,PGL Cluj-Napoca 2025
192635,1739523000000,4914,3DMAX,11,5378,Virtus.pro,13,Virtus.pro,Ancient,8043,PGL Cluj-Napoca 2025
192637,1739520000000,7532,BIG,5,4494,MOUZ,13,MOUZ,Mirage,8043,PGL Cluj-Napoca 2025
192633,1739520000000,4494,MOUZ,16,7532,BIG,13,MOUZ,Ancient,8043,PGL Cluj-Napoca 2025
192607,1739458800000,12000,500,10,4991,fnatic,13,fnatic,Nuke,8345,CCT Season 2 Europe Series 18
192604,1739458800000,4991,fnatic,13,12000,500,9,fnatic,Ancient,8345,CCT Season 2 Europe Series 18
192475,1739300400000,12394,BetBoom,5,6665,Astralis,13,Astralis,Ancient,8273,IEM Dallas 2025 Europe Closed Qualifier
192470,1739300400000,12394,BetBoom,11,6665,Astralis,13,Astralis,Nuke,8273,IEM Dallas 2025 Europe Closed Qualifier
192467,1739300400000,6665,Astralis,7,12394,BetBoom,13,BetBoom,Mirage,8273,IEM Dallas 2025 Europe Closed Qualifier
192406,1739268000000,7175,HEROIC,13,7532,BIG,7,HEROIC,Nuke,8273,IEM Dallas 2025 Europe Closed Qualifier
192396,1739268000000,7175,HEROIC,9,7532,BIG,13,BIG,Ancient,8273,IEM Dallas 2025 Europe Closed Qualifier
192388,1739268000000,7532,BIG,8,7175,HEROIC,13,HEROIC,Mirage,8273,IEM Dallas 2025 Europe Closed Qualifier
192377,1739257800000,11514,Rare Atom,13,4863,TYLOO,2,Rare Atom,Mirage,8353,BLAST Rising Asia 2025 Season 1
192376,1739257800000,4863,TYLOO,9,11514,Rare Atom,13,Rare Atom,Inferno,8353,BLAST Rising Asia 2025 Season 1
192354,1739214000000,4914,3DMAX,13,7175,HEROIC,7,3DMAX,Ancient,8273,IEM Dallas 2025 Europe Closed Qualifier
192345,1739214000000,7175,HEROIC,5,4914,3DMAX,13,3DMAX,Dust2,8273,IEM Dallas 2025 Europe Closed Qualifier
192332,1739214000000,7175,HEROIC,16,4914,3DMAX,14,HEROIC,Anubis,8273,IEM Dallas 2025 Europe Closed Qualifier
192321,1739204400000,12878,BC.Game,19,6665,Astralis,17,BC.Game,Inferno,8273,IEM Dallas 2025 Europe Closed Qualifier
192314,1739204400000,6665,Astralis,9,12878,BC.Game,13,BC.Game,Mirage,8273,IEM Dallas 2025 Europe Closed Qualifier
192340,1739203200000,12394,BetBoom,2,11283,Falcons,13,Falcons,Dust2,8273,IEM Dallas 2025 Europe Closed Qualifier
192309,1739203200000,11283,Falcons,13,12394,BetBoom,2,Falcons,Ancient,8273,IEM Dallas 2025 Europe Closed Qualifier
192291,1739181600000,7969,Nemiga,6,12394,BetBoom,13,BetBoom,Anubis,8273,IEM Dallas 2025 Europe Closed Qualifier
192279,1739181600000,7969,Nemiga,16,12394,BetBoom,13,Nemiga,Mirage,8273,IEM Dallas 2025 Europe Closed Qualifier
192267,1739181600000,12394,BetBoom,13,7969,Nemiga,8,BetBoom,Train,8273,IEM Dallas 2025 Europe Closed Qualifier
192285,1739181600000,7532,BIG,11,12878,BC.Game,13,BC.Game,Ancient,8273,IEM Dallas 2025 Europe Closed Qualifier
192278,1739181600000,12878,BC.Game,13,7532,BIG,9,BC.Game,Dust2,8273,IEM Dallas 2025 Europe Closed Qualifier
192266,1739181600000,7532,BIG,13,12878,BC.Game,8,BIG,Mirage,8273,IEM Dallas 2025 Europe Closed Qualifier
192220,1739136600000,9455,Imperial,13,9215,MIBR,10,Imperial,Inferno,8349,ACE SA Masters 2025 Season 1 - BLAST Premier Rising Event
192217,1739136600000,9455,Imperial,13,9215,MIBR,9,Imperial,Nuke,8349,ACE SA Masters 2025 Season 1 - BLAST Premier Rising Event
192213,1739136600000,9215,MIBR,13,9455,Imperial,9,MIBR,Mirage,8349,ACE SA Masters 2025 Season 1 - BLAST Premier Rising Event
192192,1739118600000,12467,PARIVISION,10,6665,Astralis,13,Astralis,Ancient,8347,RES Showdown 1: BLAST Premier Rising Event
192187,1739118600000,12467,PARIVISION,13,6665,Astralis,11,PARIVISION,Inferno,8347,RES Showdown 1: BLAST Premier Rising Event
192183,1739118600000,6665,Astralis,13,12467,PARIVISION,6,Astralis,Dust2,8347,RES Showdown 1: BLAST Premier Rising Event
192189,1739116800000,9565,Vitality,13,7020,Spirit,11,Vitality,Mirage,8034,IEM Katowice 2025
192186,1739116800000,7020,Spirit,5,9565,Vitality,13,Vitality,Nuke,8034,IEM Katowice 2025
192180,1739116800000,9565,Vitality,13,7020,Spirit,6,Vitality,Dust2,8034,IEM Katowice 2025
192179,1739113500000,9455,Imperial,13,4773,paiN,10,Imperial,Dust2,8349,ACE SA Masters 2025 Season 1 - BLAST Premier Rising Event
192177,1739113500000,4773,paiN,2,9455,Imperial,13,Imperial,Train,8349,ACE SA Masters 2025 Season 1 - BLAST Premier Rising Event
192175,1739106000000,12000,500,11,6665,Astralis,13,Astralis,Nuke,8347,RES Showdown 1: BLAST Premier Rising Event
192168,1739106000000,6665,Astralis,13,12000,500,11,Astralis,Ancient,8347,RES Showdown 1: BLAST Premier Rising Event
192159,1739095200000,7175,HEROIC,9,12467,PARIVISION,13,PARIVISION,Anubis,8347,RES Showdown 1: BLAST Premier Rising Event
192156,1739095200000,7175,HEROIC,7,12467,PARIVISION,13,PARIVISION,Dust2,8347,RES Showdown 1: BLAST Premier Rising Event
192098,1739043600000,7176,RED Canids,4,4773,paiN,13,paiN,Mirage,8349,ACE SA Masters 2025 Season 1 - BLAST Premier Rising Event
192071,1739043600000,4773,paiN,16,7176,RED Canids,14,paiN,Dust2,8349,ACE SA Masters 2025 Season 1 - BLAST Premier Rising Event
192060,1739037600000,4608,Natus Vincere,14,7020,Spirit,16,Spirit,Dust2,8034,IEM Katowice 2025
192046,1739037600000,7020,Spirit,13,4608,Natus Vincere,8,Spirit,Mirage,8034,IEM Katowice 2025
192037,1739025900000,6248,The MongolZ,9,9565,Vitality,13,Vitality,Nuke,8034,IEM Katowice 2025
192027,1739025900000,9565,Vitality,13,6248,The MongolZ,7,Vitality,Mirage,8034,IEM Katowice 2025
192026,1739019600000,12000,500,13,7532,BIG,6,500,Ancient,8347,RES Showdown 1: BLAST Premier Rising Event
192022,1739019600000,7532,BIG,9,12000,500,13,500,Inferno,8347,RES Showdown 1: BLAST Premier Rising Event
192008,1739008800000,12467,PARIVISION,13,9928,GamerLegion,11,PARIVISION,Mirage,8347,RES Showdown 1: BLAST Premier Rising Event
191994,1739008800000,9928,GamerLegion,13,12467,PARIVISION,16,PARIVISION,Ancient,8347,RES Showdown 1: BLAST Premier Rising Event
192004,1739008800000,12426,Passion UA,19,7175,HEROIC,22,HEROIC,Mirage,8347,RES Showdown 1: BLAST Premier Rising Event
191985,1739008800000,7175,HEROIC,13,12426,Passion UA,2,HEROIC,Ancient,8347,RES Showdown 1: BLAST Premier Rising Event
191949,1738952400000,5378,Virtus.pro,9,7020,Spirit,13,Spirit,Ancient,8034,IEM Katowice 2025
191944,1738952400000,7020,Spirit,13,5378,Virtus.pro,2,Spirit,Train,8034,IEM Katowice 2025
191933,1738939500000,11251,Eternal Fire,18,6248,The MongolZ,22,The MongolZ,Mirage,8034,IEM Katowice 2025
191930,1738939500000,11251,Eternal Fire,7,6248,The MongolZ,13,The MongolZ,Anubis,8034,IEM Katowice 2025
191919,1738926000000,12426,Passion UA,13,12394,BetBoom,6,Passion UA,Ancient,8346,RES Showdown 1 Closed Qualifier
191912,1738926000000,12426,Passion UA,9,12394,BetBoom,13,BetBoom,Mirage,8346,RES Showdown 1 Closed Qualifier
191904,1738926000000,12426,Passion UA,13,12394,BetBoom,9,Passion UA,Anubis,8346,RES Showdown 1 Closed Qualifier
191913,1738922400000,11241,B8,4,12467,PARIVISION,13,PARIVISION,Inferno,8346,RES Showdown 1 Closed Qualifier
191907,1738922400000,12467,PARIVISION,11,11241,B8,13,B8,Mirage,8346,RES Showdown 1 Closed Qualifier
191899,1738922400000,11241,B8,10,12467,PARIVISION,13,PARIVISION,Dust2,8346,RES Showdown 1 Closed Qualifier
191909,1738922400000,12878,BC.Game,6,12000,500,13,500,Inferno,8346,RES Showdown 1 Closed Qualifier
191900,1738922400000,12000,500,13,12878,BC.Game,11,500,Dust2,8346,RES Showdown 1 Closed Qualifier
191820,1738836000000,10567,SAW,2,12000,500,13,500,Anubis,8346,RES Showdown 1 Closed Qualifier
191814,1738836000000,12000,500,7,10567,SAW,13,SAW,Nuke,8346,RES Showdown 1 Closed Qualifier
191798,1738836000000,10567,SAW,3,12000,500,13,500,Ancient,8346,RES Showdown 1 Closed Qualifier
191781,1738790700000,7176,RED Canids,13,9996,9z,10,RED Canids,Mirage,8348,ACE South American Masters Spring 2025 Closed Qualifier
191777,1738790700000,7176,RED Canids,13,9996,9z,8,RED Canids,Nuke,8348,ACE South American Masters Spring 2025 Closed Qualifier
191739,1738763100000,12467,PARIVISION,8,11241,B8,13,B8,Ancient,8346,RES Showdown 1 Closed Qualifier
191731,1738763100000,11241,B8,8,12467,PARIVISION,13,PARIVISION,Anubis,8346,RES Showdown 1 Closed Qualifier
191724,1738763100000,11241,B8,13,12467,PARIVISION,5,B8,Dust2,8346,RES Showdown 1 Closed Qualifier
191738,1738760400000,12878,BC.Game,13,12000,500,11,BC.Game,Mirage,8346,RES Showdown 1 Closed Qualifier
191730,1738760400000,12878,BC.Game,13,12000,500,11,BC.Game,Inferno,8346,RES Showdown 1 Closed Qualifier
191720,1738760400000,12000,500,19,12878,BC.Game,17,500,Ancient,8346,RES Showdown 1 Closed Qualifier
191737,1738760400000,12394,BetBoom,10,12426,Passion UA,13,Passion UA,Dust2,8346,RES Showdown 1 Closed Qualifier
191729,1738760400000,12426,Passion UA,13,12394,BetBoom,10,Passion UA,Ancient,8346,RES Showdown 1 Closed Qualifier
191717,1738760400000,12426,Passion UA,14,12394,BetBoom,16,BetBoom,Anubis,8346,RES Showdown 1 Closed Qualifier
191698,1738749600000,10567,SAW,3,12878,BC.Game,13,BC.Game,Anubis,8346,RES Showdown 1 Closed Qualifier
191693,1738749600000,10567,SAW,14,12878,BC.Game,16,BC.Game,Ancient,8346,RES Showdown 1 Closed Qualifier
191671,1738691100000,7020,Spirit,13,9928,GamerLegion,4,Spirit,Nuke,8034,IEM Katowice 2025
191669,1738691100000,7020,Spirit,13,9928,GamerLegion,6,Spirit,Ancient,8034,IEM Katowice 2025
191665,1738691100000,7020,Spirit,11,9928,GamerLegion,13,GamerLegion,Anubis,8034,IEM Katowice 2025
191666,1738690200000,4608,Natus Vincere,13,6248,The MongolZ,9,Natus Vincere,Ancient,8034,IEM Katowice 2025
191662,1738690200000,6248,The MongolZ,3,4608,Natus Vincere,13,Natus Vincere,Mirage,8034,IEM Katowice 2025
191654,1738681200000,11251,Eternal Fire,25,6667,FaZe,22,Eternal Fire,Nuke,8034,IEM Katowice 2025
191648,1738681200000,6667,FaZe,4,11251,Eternal Fire,13,Eternal Fire,Anubis,8034,IEM Katowice 2025
191652,1738681200000,5378,Virtus.pro,5,9565,Vitality,13,Vitality,Inferno,8034,IEM Katowice 2025
191650,1738681200000,5378,Virtus.pro,8,9565,Vitality,13,Vitality,Anubis,8034,IEM Katowice 2025
191645,1738672200000,5973,Liquid,8,7020,Spirit,13,Spirit,Dust2,8034,IEM Katowice 2025
191637,1738672200000,7020,Spirit,13,5973,Liquid,10,Spirit,Nuke,8034,IEM Katowice 2025
191643,1738672200000,6665,Astralis,7,9928,GamerLegion,13,GamerLegion,Mirage,8034,IEM Katowice 2025
191636,1738672200000,9928,GamerLegion,13,6665,Astralis,7,GamerLegion,Nuke,8034,IEM Katowice 2025
191623,1738608300000,5995,G2,8,6667,FaZe,13,FaZe,Nuke,8034,IEM Katowice 2025
191621,1738608300000,6667,FaZe,10,5995,G2,13,G2,Inferno,8034,IEM Katowice 2025
191614,1738608300000,5995,G2,13,6667,FaZe,16,FaZe,Ancient,8034,IEM Katowice 2025
191622,1738607700000,4914,3DMAX,10,11251,Eternal Fire,13,Eternal Fire,Dust2,8034,IEM Katowice 2025
191617,1738607700000,4914,3DMAX,13,11251,Eternal Fire,16,Eternal Fire,Anubis,8034,IEM Katowice 2025
191612,1738607700000,11251,Eternal Fire,4,4914,3DMAX,13,3DMAX,Inferno,8034,IEM Katowice 2025
191606,1738594800000,6665,Astralis,13,8297,FURIA,11,Astralis,Nuke,8034,IEM Katowice 2025
191599,1738594800000,6665,Astralis,8,8297,FURIA,13,FURIA,Dust2,8034,IEM Katowice 2025
191596,1738594800000,6665,Astralis,13,8297,FURIA,10,Astralis,Inferno,8034,IEM Katowice 2025
191605,1738594800000,7020,Spirit,14,4608,Natus Vincere,16,Natus Vincere,Nuke,8034,IEM Katowice 2025
191601,1738594800000,4608,Natus Vincere,11,7020,Spirit,13,Spirit,Dust2,8034,IEM Katowice 2025
191593,1738594800000,7020,Spirit,8,4608,Natus Vincere,13,Natus Vincere,Mirage,8034,IEM Katowice 2025
191590,1738585800000,5973,Liquid,13,4494,MOUZ,7,Liquid,Ancient,8034,IEM Katowice 2025
191589,1738585800000,9928,GamerLegion,5,6248,The MongolZ,13,The MongolZ,Mirage,8034,IEM Katowice 2025
191586,1738585800000,6248,The MongolZ,13,9928,GamerLegion,10,The MongolZ,Nuke,8034,IEM Katowice 2025
191587,1738585800000,4494,MOUZ,7,5973,Liquid,13,Liquid,Nuke,8034,IEM Katowice 2025
191571,1738524300000,7532,BIG,6,4914,3DMAX,13,3DMAX,Inferno,8034,IEM Katowice 2025
191567,1738524300000,4914,3DMAX,13,7532,BIG,11,3DMAX,Ancient,8034,IEM Katowice 2025
191570,1738519800000,9565,Vitality,19,6667,FaZe,16,Vitality,Dust2,8034,IEM Katowice 2025
191564,1738519800000,6667,FaZe,13,9565,Vitality,10,FaZe,Anubis,8034,IEM Katowice 2025
191558,1738519800000,6667,FaZe,3,9565,Vitality,13,Vitality,Nuke,8034,IEM Katowice 2025
191561,1738511100000,5378,Virtus.pro,16,11251,Eternal Fire,13,Virtus.pro,Train,8034,IEM Katowice 2025
191555,1738511100000,11251,Eternal Fire,10,5378,Virtus.pro,13,Virtus.pro,Dust2,8034,IEM Katowice 2025
191547,1738511100000,11251,Eternal Fire,13,5378,Virtus.pro,9,Eternal Fire,Anubis,8034,IEM Katowice 2025
191554,1738508400000,5995,G2,13,11283,Falcons,11,G2,Mirage,8034,IEM Katowice 2025
191549,1738508400000,11283,Falcons,13,5995,G2,7,Falcons,Dust2,8034,IEM Katowice 2025
191544,1738508400000,5995,G2,13,11283,Falcons,9,G2,Ancient,8034,IEM Katowice 2025
191541,1738499400000,6248,The MongolZ,13,5973,Liquid,11,The MongolZ,Ancient,8034,IEM Katowice 2025
191538,1738499400000,5973,Liquid,8,6248,The MongolZ,13,The MongolZ,Mirage,8034,IEM Katowice 2025
191534,1738499400000,6248,The MongolZ,10,5973,Liquid,13,Liquid,Nuke,8034,IEM Katowice 2025
191536,1738499400000,6665,Astralis,4,7020,Spirit,13,Spirit,Dust2,8034,IEM Katowice 2025
191531,1738499400000,7020,Spirit,13,6665,Astralis,5,Spirit,Nuke,8034,IEM Katowice 2025
191504,1738433100000,8297,FURIA,3,4608,Natus Vincere,13,Natus Vincere,Mirage,8034,IEM Katowice 2025
191500,1738433100000,4608,Natus Vincere,13,8297,FURIA,5,Natus Vincere,Dust2,8034,IEM Katowice 2025
191503,1738431600000,9928,GamerLegion,13,4494,MOUZ,11,GamerLegion,Mirage,8034,IEM Katowice 2025
191497,1738431600000,4494,MOUZ,9,9928,GamerLegion,13,GamerLegion,Inferno,8034,IEM Katowice 2025
191496,1738422000000,7532,BIG,7,6667,FaZe,13,FaZe,Nuke,8034,IEM Katowice 2025
191492,1738422000000,7532,BIG,13,6667,FaZe,9,BIG,Mirage,8034,IEM Katowice 2025
191487,1738422000000,6667,FaZe,13,7532,BIG,10,FaZe,Ancient,8034,IEM Katowice 2025
191493,1738422000000,5378,Virtus.pro,16,5995,G2,14,Virtus.pro,Mirage,8034,IEM Katowice 2025
191488,1738422000000,5995,G2,9,5378,Virtus.pro,13,Virtus.pro,Inferno,8034,IEM Katowice 2025
191483,1738413000000,4914,3DMAX,9,9565,Vitality,13,Vitality,Nuke,8034,IEM Katowice 2025
191474,1738413000000,9565,Vitality,19,4914,3DMAX,16,Vitality,Inferno,8034,IEM Katowice 2025
191479,1738413000000,11251,Eternal Fire,13,11283,Falcons,5,Eternal Fire,Train,8034,IEM Katowice 2025
191473,1738413000000,11283,Falcons,7,11251,Eternal Fire,13,Eternal Fire,Inferno,8034,IEM Katowice 2025
191449,1738345800000,6665,Astralis,13,4773,paiN,9,Astralis,Dust2,8229,IEM Katowice 2025 Play-in
191445,1738345800000,4773,paiN,7,6665,Astralis,13,Astralis,Inferno,8229,IEM Katowice 2025 Play-in
191448,1738344600000,5973,Liquid,13,12257,Wildcard,0,Liquid,Anubis,8229,IEM Katowice 2025 Play-in
191443,1738344600000,5973,Liquid,16,12257,Wildcard,12,Liquid,Inferno,8229,IEM Katowice 2025 Play-in
191440,1738338300000,5378,Virtus.pro,13,9215,MIBR,10,Virtus.pro,Ancient,8229,IEM Katowice 2025 Play-in
191438,1738338300000,5378,Virtus.pro,13,9215,MIBR,4,Virtus.pro,Anubis,8229,IEM Katowice 2025 Play-in
191437,1738335600000,7175,HEROIC,4,7532,BIG,13,BIG,Ancient,8229,IEM Katowice 2025 Play-in
191435,1738335600000,7532,BIG,13,7175,HEROIC,2,BIG,Nuke,8229,IEM Katowice 2025 Play-in
191434,1738326600000,12257,Wildcard,13,8297,FURIA,16,FURIA,Nuke,8229,IEM Katowice 2025 Play-in
191431,1738326600000,12257,Wildcard,5,8297,FURIA,13,FURIA,Dust2,8229,IEM Katowice 2025 Play-in
191428,1738326600000,8297,FURIA,4,12257,Wildcard,13,Wildcard,Inferno,8229,IEM Katowice 2025 Play-in
191432,1738326600000,5973,Liquid,13,5005,Complexity,11,Liquid,Ancient,8229,IEM Katowice 2025 Play-in
191427,1738326600000,5005,Complexity,8,5973,Liquid,13,Liquid,Inferno,8229,IEM Katowice 2025 Play-in
191408,1738260600000,11251,Eternal Fire,16,7175,HEROIC,14,Eternal Fire,Anubis,8229,IEM Katowice 2025 Play-in
191404,1738260600000,11251,Eternal Fire,13,7175,HEROIC,11,Eternal Fire,Nuke,8229,IEM Katowice 2025 Play-in
191399,1738249200000,12774,FlyQuest,11,6665,Astralis,13,Astralis,Inferno,8229,IEM Katowice 2025 Play-in
191395,1738249200000,6665,Astralis,13,12774,FlyQuest,7,Astralis,Ancient,8229,IEM Katowice 2025 Play-in
191398,1738249200000,4914,3DMAX,13,9215,MIBR,5,3DMAX,Nuke,8229,IEM Katowice 2025 Play-in
191391,1738249200000,9215,MIBR,16,4914,3DMAX,19,3DMAX,Inferno,8229,IEM Katowice 2025 Play-in
191390,1738249200000,12774,FlyQuest,13,6665,Astralis,5,FlyQuest,Train,8229,IEM Katowice 2025 Play-in
191384,1738240200000,9928,GamerLegion,13,4773,paiN,5,GamerLegion,Mirage,8229,IEM Katowice 2025 Play-in
191379,1738240200000,4773,paiN,3,9928,GamerLegion,13,GamerLegion,Inferno,8229,IEM Katowice 2025 Play-in
191383,1738240200000,5378,Virtus.pro,13,10567,SAW,3,Virtus.pro,Inferno,8229,IEM Katowice 2025 Play-in
191378,1738240200000,5378,Virtus.pro,13,10567,SAW,4,Virtus.pro,Dust2,8229,IEM Katowice 2025 Play-in
191386,1738238400000,4991,fnatic,7,11241,B8,13,B8,Ancient,8289,CCT Season 2 Europe Series 16
191382,1738238400000,11241,B8,4,4991,fnatic,13,fnatic,Anubis,8289,CCT Season 2 Europe Series 16
191381,1738238400000,11241,B8,13,4991,fnatic,8,B8,Inferno,8289,CCT Season 2 Europe Series 16
191364,1738173300000,5973,Liquid,8,7175,HEROIC,13,HEROIC,Dust2,8229,IEM Katowice 2025 Play-in
191359,1738173300000,7175,HEROIC,13,5973,Liquid,11,HEROIC,Nuke,8229,IEM Katowice 2025 Play-in
191351,1738173300000,7175,HEROIC,9,5973,Liquid,13,Liquid,Anubis,8229,IEM Katowice 2025 Play-in
191354,1738170000000,11251,Eternal Fire,19,5005,Complexity,15,Eternal Fire,Train,8229,IEM Katowice 2025 Play-in
191349,1738170000000,11251,Eternal Fire,13,5005,Complexity,6,Eternal Fire,Anubis,8229,IEM Katowice 2025 Play-in
191340,1738161300000,12257,Wildcard,16,7532,BIG,13,Wildcard,Inferno,8229,IEM Katowice 2025 Play-in
191336,1738161300000,12257,Wildcard,13,7532,BIG,4,Wildcard,Ancient,8229,IEM Katowice 2025 Play-in
191334,1738152000000,6665,Astralis,11,9215,MIBR,13,MIBR,Ancient,8229,IEM Katowice 2025 Play-in
191325,1738152000000,9215,MIBR,16,6665,Astralis,12,MIBR,Mirage,8229,IEM Katowice 2025 Play-in
191331,1738152000000,10567,SAW,9,9928,GamerLegion,13,GamerLegion,Inferno,8229,IEM Katowice 2025 Play-in
191323,1738152000000,9928,GamerLegion,13,10567,SAW,11,GamerLegion,Nuke,8229,IEM Katowice 2025 Play-in
191316,1738143000000,12774,FlyQuest,7,4914,3DMAX,13,3DMAX,Inferno,8229,IEM Katowice 2025 Play-in
191311,1738143000000,4914,3DMAX,13,12774,FlyQuest,5,3DMAX,Train,8229,IEM Katowice 2025 Play-in
191315,1738143000000,5378,Virtus.pro,2,4773,paiN,13,paiN,Dust2,8229,IEM Katowice 2025 Play-in
191312,1738143000000,4773,paiN,13,5378,Virtus.pro,8,paiN,Mirage,8229,IEM Katowice 2025 Play-in
191125,1737903600000,11251,Eternal Fire,8,7020,Spirit,13,Spirit,Mirage,7909,BLAST Bounty 2025 Season 1 Finals
191121,1737903600000,7020,Spirit,13,11251,Eternal Fire,3,Spirit,Dust2,7909,BLAST Bounty 2025 Season 1 Finals
191118,1737903600000,11251,Eternal Fire,6,7020,Spirit,13,Spirit,Nuke,7909,BLAST Bounty 2025 Season 1 Finals
191111,1737903600000,7020,Spirit,14,11251,Eternal Fire,16,Eternal Fire,Anubis,7909,BLAST Bounty 2025 Season 1 Finals
191085,1737831900000,7020,Spirit,22,4608,Natus Vincere,20,Spirit,Ancient,7909,BLAST Bounty 2025 Season 1 Finals
191082,1737831900000,4608,Natus Vincere,9,7020,Spirit,13,Spirit,Dust2,7909,BLAST Bounty 2025 Season 1 Finals
191077,1737817200000,11251,Eternal Fire,13,5995,G2,10,Eternal Fire,Nuke,7909,BLAST Bounty 2025 Season 1 Finals
191074,1737817200000,5995,G2,13,11251,Eternal Fire,9,G2,Dust2,7909,BLAST Bounty 2025 Season 1 Finals
191070,1737817200000,11251,Eternal Fire,13,5995,G2,11,Eternal Fire,Anubis,7909,BLAST Bounty 2025 Season 1 Finals
191015,1737742500000,4608,Natus Vincere,16,4773,paiN,13,Natus Vincere,Mirage,7909,BLAST Bounty 2025 Season 1 Finals
191001,1737742500000,4773,paiN,13,4608,Natus Vincere,7,paiN,Nuke,7909,BLAST Bounty 2025 Season 1 Finals
190990,1737742500000,4608,Natus Vincere,16,4773,paiN,13,Natus Vincere,Dust2,7909,BLAST Bounty 2025 Season 1 Finals
190987,1737730800000,11251,Eternal Fire,13,9565,Vitality,11,Eternal Fire,Mirage,7909,BLAST Bounty 2025 Season 1 Finals
190982,1737730800000,9565,Vitality,9,11251,Eternal Fire,13,Eternal Fire,Anubis,7909,BLAST Bounty 2025 Season 1 Finals
190897,1737655200000,12394,BetBoom,3,5995,G2,13,G2,Dust2,7909,BLAST Bounty 2025 Season 1 Finals
190895,1737655200000,12394,BetBoom,2,5995,G2,13,G2,Anubis,7909,BLAST Bounty 2025 Season 1 Finals
190893,1737644400000,7175,HEROIC,3,7020,Spirit,13,Spirit,Nuke,7909,BLAST Bounty 2025 Season 1 Finals
190892,1737644400000,7020,Spirit,13,7175,HEROIC,11,Spirit,Anubis,7909,BLAST Bounty 2025 Season 1 Finals
190728,1737463500000,12376,M80,10,12000,500,13,500,Mirage,8285,ICE Invitational 2025
190718,1737463500000,12000,500,16,12376,M80,14,500,Anubis,8285,ICE Invitational 2025
190661,1737378000000,12000,500,13,12376,M80,8,500,Ancient,8285,ICE Invitational 2025
190636,1737315300000,5995,G2,13,7532,BIG,6,G2,Dust2,7903,BLAST Bounty 2025 Season 1
190634,1737315300000,7532,BIG,9,5995,G2,13,G2,Mirage,7903,BLAST Bounty 2025 Season 1
190631,1737315300000,5995,G2,8,7532,BIG,13,BIG,Ancient,7903,BLAST Bounty 2025 Season 1
190625,1737307800000,9565,Vitality,13,5378,Virtus.pro,6,Vitality,Inferno,7903,BLAST Bounty 2025 Season 1
190620,1737307800000,9565,Vitality,13,5378,Virtus.pro,11,Vitality,Train,7903,BLAST Bounty 2025 Season 1
190616,1737294000000,8297,FURIA,7,12394,BetBoom,13,BetBoom,Anubis,7903,BLAST Bounty 2025 Season 1
190608,1737294000000,8297,FURIA,11,12394,BetBoom,13,BetBoom,Mirage,7903,BLAST Bounty 2025 Season 1
190603,1737294000000,12394,BetBoom,11,8297,FURIA,13,FURIA,Dust2,7903,BLAST Bounty 2025 Season 1
190597,1737284400000,11251,Eternal Fire,19,11283,Falcons,17,Eternal Fire,Nuke,7903,BLAST Bounty 2025 Season 1
190590,1737284400000,11283,Falcons,6,11251,Eternal Fire,13,Eternal Fire,Inferno,7903,BLAST Bounty 2025 Season 1
190558,1737227400000,6665,Astralis,6,4608,Natus Vincere,13,Natus Vincere,Ancient,7903,BLAST Bounty 2025 Season 1
190557,1737227400000,4608,Natus Vincere,13,6665,Astralis,11,Natus Vincere,Inferno,7903,BLAST Bounty 2025 Season 1
190554,1737220800000,12774,FlyQuest,1,7020,Spirit,13,Spirit,Dust2,7903,BLAST Bounty 2025 Season 1
190550,1737220800000,7020,Spirit,13,12774,FlyQuest,3,Spirit,Anubis,7903,BLAST Bounty 2025 Season 1
190542,1737210300000,4773,paiN,13,6667,FaZe,11,paiN,Inferno,7903,BLAST Bounty 2025 Season 1
190536,1737210300000,6667,FaZe,10,4773,paiN,13,paiN,Dust2,7903,BLAST Bounty 2025 Season 1
190530,1737198000000,7175,HEROIC,13,5973,Liquid,10,HEROIC,Ancient,7903,BLAST Bounty 2025 Season 1
190517,1737198000000,5973,Liquid,8,7175,HEROIC,13,HEROIC,Anubis,7903,BLAST Bounty 2025 Season 1
190509,1737198000000,5973,Liquid,13,7175,HEROIC,11,Liquid,Mirage,7903,BLAST Bounty 2025 Season 1
190486,1737151200000,11241,B8,11,5995,G2,13,G2,Dust2,7903,BLAST Bounty 2025 Season 1
190485,1737151200000,11241,B8,6,5995,G2,13,G2,Inferno,7903,BLAST Bounty 2025 Season 1
190481,1737151200000,5995,G2,13,11241,B8,16,B8,Ancient,7903,BLAST Bounty 2025 Season 1
190479,1737136800000,4494,MOUZ,11,12394,BetBoom,13,BetBoom,Mirage,7903,BLAST Bounty 2025 Season 1
190476,1737136800000,12394,BetBoom,13,4494,MOUZ,7,BetBoom,Nuke,7903,BLAST Bounty 2025 Season 1
190471,1737136800000,4494,MOUZ,19,12394,BetBoom,17,MOUZ,Dust2,7903,BLAST Bounty 2025 Season 1
190453,1737111600000,4773,paiN,13,9928,GamerLegion,11,paiN,Nuke,7903,BLAST Bounty 2025 Season 1
190449,1737111600000,9928,GamerLegion,7,4773,paiN,13,paiN,Mirage,7903,BLAST Bounty 2025 Season 1
190446,1737111600000,4773,paiN,10,9928,GamerLegion,13,GamerLegion,Inferno,7903,BLAST Bounty 2025 Season 1
190414,1737042000000,6667,FaZe,13,12376,M80,9,FaZe,Dust2,7903,BLAST Bounty 2025 Season 1
190412,1737042000000,12376,M80,13,6667,FaZe,7,M80,Inferno,7903,BLAST Bounty 2025 Season 1
190408,1737042000000,6667,FaZe,13,12376,M80,9,FaZe,Ancient,7903,BLAST Bounty 2025 Season 1
190390,1737025200000,5378,Virtus.pro,13,5005,Complexity,10,Virtus.pro,Train,7903,BLAST Bounty 2025 Season 1
190387,1737025200000,5378,Virtus.pro,13,5005,Complexity,10,Virtus.pro,Dust2,7903,BLAST Bounty 2025 Season 1
190348,1736955900000,4869,ENCE,14,11283,Falcons,16,Falcons,Dust2,7903,BLAST Bounty 2025 Season 1
190341,1736955900000,11283,Falcons,16,4869,ENCE,12,Falcons,Train,7903,BLAST Bounty 2025 Season 1
190330,1736947200000,7532,BIG,16,10567,SAW,14,BIG,Nuke,7903,BLAST Bounty 2025 Season 1
190327,1736947200000,10567,SAW,2,7532,BIG,13,BIG,Ancient,7903,BLAST Bounty 2025 Season 1
190325,1736938800000,12257,Wildcard,5,6665,Astralis,13,Astralis,Mirage,7903,BLAST Bounty 2025 Season 1
190315,1736938800000,6665,Astralis,13,12257,Wildcard,8,Astralis,Inferno,7903,BLAST Bounty 2025 Season 1
190288,1736881200000,4991,fnatic,4,7020,Spirit,13,Spirit,Nuke,7903,BLAST Bounty 2025 Season 1
190285,1736881200000,7020,Spirit,13,4991,fnatic,10,Spirit,Train,7903,BLAST Bounty 2025 Season 1
190273,1736860800000,7175,HEROIC,13,4914,3DMAX,7,HEROIC,Anubis,7903,BLAST Bounty 2025 Season 1
190269,1736860800000,7175,HEROIC,10,4914,3DMAX,13,3DMAX,Dust2,7903,BLAST Bounty 2025 Season 1
190264,1736860800000,4914,3DMAX,14,7175,HEROIC,16,HEROIC,Ancient,7903,BLAST Bounty 2025 Season 1
190259,1736852400000,12774,FlyQuest,13,9215,MIBR,6,FlyQuest,Anubis,7903,BLAST Bounty 2025 Season 1
190254,1736852400000,12774,FlyQuest,13,9215,MIBR,9,FlyQuest,Nuke,7903,BLAST Bounty 2025 Season 1
189697,1734254700000,7020,Spirit,13,6667,FaZe,11,Spirit,Dust2,7524,Perfect World Shanghai Major 2024
189691,1734254700000,6667,FaZe,13,7020,Spirit,6,FaZe,Ancient,7524,Perfect World Shanghai Major 2024
189688,1734254700000,7020,Spirit,13,6667,FaZe,8,Spirit,Nuke,7524,Perfect World Shanghai Major 2024
189628,1734172500000,6667,FaZe,16,5995,G2,14,FaZe,Nuke,7524,Perfect World Shanghai Major 2024
189625,1734172500000,5995,G2,6,6667,FaZe,13,FaZe,Ancient,7524,Perfect World Shanghai Major 2024
189616,1734156000000,7020,Spirit,13,4494,MOUZ,7,Spirit,Mirage,7524,Perfect World Shanghai Major 2024
189615,1734156000000,4494,MOUZ,4,7020,Spirit,13,Spirit,Ancient,7524,Perfect World Shanghai Major 2024
189611,1734156000000,7020,Spirit,7,4494,MOUZ,13,MOUZ,Nuke,7524,Perfect World Shanghai Major 2024
189569,1734085500000,6667,FaZe,13,9565,Vitality,7,FaZe,Anubis,7524,Perfect World Shanghai Major 2024
189566,1734085500000,6667,FaZe,13,9565,Vitality,8,FaZe,Mirage,7524,Perfect World Shanghai Major 2024
189564,1734085500000,9565,Vitality,13,6667,FaZe,6,Vitality,Nuke,7524,Perfect World Shanghai Major 2024
189558,1734069600000,5995,G2,16,7175,HEROIC,13,G2,Mirage,7524,Perfect World Shanghai Major 2024
189557,1734069600000,7175,HEROIC,9,5995,G2,13,G2,Nuke,7524,Perfect World Shanghai Major 2024
189556,1734069600000,5995,G2,6,7175,HEROIC,13,HEROIC,Ancient,7524,Perfect World Shanghai Major 2024
189521,1733995800000,5973,Liquid,11,7020,Spirit,13,Spirit,Dust2,7524,Perfect World Shanghai Major 2024
189518,1733995800000,7020,Spirit,13,5973,Liquid,9,Spirit,Anubis,7524,Perfect World Shanghai Major 2024
189514,1733983200000,6248,The MongolZ,9,4494,MOUZ,13,MOUZ,Nuke,7524,Perfect World Shanghai Major 2024
189512,1733983200000,4494,MOUZ,16,6248,The MongolZ,14,MOUZ,Ancient,7524,Perfect World Shanghai Major 2024
189370,1733649000000,8297,FURIA,10,6667,FaZe,13,FaZe,Mirage,7524,Perfect World Shanghai Major 2024
189368,1733649000000,6667,FaZe,13,8297,FURIA,9,FaZe,Dust2,7524,Perfect World Shanghai Major 2024
189361,1733649000000,6667,FaZe,6,8297,FURIA,13,FURIA,Inferno,7524,Perfect World Shanghai Major 2024
189360,1733637600000,4608,Natus Vincere,9,7175,HEROIC,13,HEROIC,Ancient,7524,Perfect World Shanghai Major 2024
189359,1733637600000,7175,HEROIC,5,4608,Natus Vincere,13,Natus Vincere,Nuke,7524,Perfect World Shanghai Major 2024
189358,1733637600000,4608,Natus Vincere,3,7175,HEROIC,13,HEROIC,Mirage,7524,Perfect World Shanghai Major 2024
189352,1733627100000,4494,MOUZ,13,9215,MIBR,6,MOUZ,Nuke,7524,Perfect World Shanghai Major 2024
189347,1733627100000,9215,MIBR,5,4494,MOUZ,13,MOUZ,Mirage,7524,Perfect World Shanghai Major 2024
189282,1733562000000,4773,paiN,11,8297,FURIA,13,FURIA,Inferno,7524,Perfect World Shanghai Major 2024
189278,1733562000000,4773,paiN,9,8297,FURIA,13,FURIA,Mirage,7524,Perfect World Shanghai Major 2024
189274,1733562000000,4773,paiN,13,8297,FURIA,11,paiN,Vertigo,7524,Perfect World Shanghai Major 2024
189281,1733562000000,7175,HEROIC,7,7020,Spirit,13,Spirit,Dust2,7524,Perfect World Shanghai Major 2024
189279,1733562000000,7020,Spirit,10,7175,HEROIC,13,HEROIC,Mirage,7524,Perfect World Shanghai Major 2024
189273,1733562000000,7175,HEROIC,14,7020,Spirit,16,Spirit,Ancient,7524,Perfect World Shanghai Major 2024
189270,1733551200000,5973,Liquid,13,9215,MIBR,5,Liquid,Anubis,7524,Perfect World Shanghai Major 2024
189268,1733551200000,5973,Liquid,10,9215,MIBR,13,MIBR,Nuke,7524,Perfect World Shanghai Major 2024
189266,1733551200000,5973,Liquid,13,9215,MIBR,2,Liquid,Mirage,7524,Perfect World Shanghai Major 2024
189269,1733551200000,4608,Natus Vincere,13,9928,GamerLegion,9,Natus Vincere,Mirage,7524,Perfect World Shanghai Major 2024
189267,1733551200000,4608,Natus Vincere,13,9928,GamerLegion,6,Natus Vincere,Nuke,7524,Perfect World Shanghai Major 2024
189265,1733540400000,4914,3DMAX,11,4494,MOUZ,13,MOUZ,Nuke,7524,Perfect World Shanghai Major 2024
189252,1733540400000,4494,MOUZ,13,4914,3DMAX,11,MOUZ,Dust2,7524,Perfect World Shanghai Major 2024
189258,1733540400000,6667,FaZe,3,5995,G2,13,G2,Mirage,7524,Perfect World Shanghai Major 2024
189251,1733540400000,5995,G2,13,6667,FaZe,4,G2,Inferno,7524,Perfect World Shanghai Major 2024
189207,1733472600000,7175,HEROIC,6,6248,The MongolZ,13,The MongolZ,Ancient,7524,Perfect World Shanghai Major 2024
189198,1733472600000,7175,HEROIC,17,6248,The MongolZ,19,The MongolZ,Anubis,7524,Perfect World Shanghai Major 2024
189191,1733472600000,7175,HEROIC,13,6248,The MongolZ,8,HEROIC,Mirage,7524,Perfect World Shanghai Major 2024
189203,1733472000000,7532,BIG,6,4773,paiN,13,paiN,Mirage,7524,Perfect World Shanghai Major 2024
189197,1733472000000,4773,paiN,11,7532,BIG,13,BIG,Dust2,7524,Perfect World Shanghai Major 2024
189192,1733472000000,4773,paiN,13,7532,BIG,10,paiN,Vertigo,7524,Perfect World Shanghai Major 2024
189188,1733462700000,9215,MIBR,5,9565,Vitality,13,Vitality,Anubis,7524,Perfect World Shanghai Major 2024
189185,1733462700000,9215,MIBR,3,9565,Vitality,13,Vitality,Mirage,7524,Perfect World Shanghai Major 2024
189190,1733461800000,12257,Wildcard,5,9928,GamerLegion,13,GamerLegion,Anubis,7524,Perfect World Shanghai Major 2024
189189,1733461800000,12257,Wildcard,10,9928,GamerLegion,13,GamerLegion,Ancient,7524,Perfect World Shanghai Major 2024
189184,1733461800000,9928,GamerLegion,10,12257,Wildcard,13,Wildcard,Dust2,7524,Perfect World Shanghai Major 2024
189182,1733457600000,4494,MOUZ,10,6667,FaZe,13,FaZe,Inferno,7524,Perfect World Shanghai Major 2024
189181,1733457600000,5995,G2,13,4914,3DMAX,8,G2,Ancient,7524,Perfect World Shanghai Major 2024
189175,1733454000000,8297,FURIA,9,5973,Liquid,13,Liquid,Inferno,7524,Perfect World Shanghai Major 2024
189174,1733454000000,4608,Natus Vincere,2,7020,Spirit,13,Spirit,Mirage,7524,Perfect World Shanghai Major 2024
189149,1733399400000,6667,FaZe,8,7175,HEROIC,13,HEROIC,Ancient,7524,Perfect World Shanghai Major 2024
189148,1733399100000,4773,paiN,11,4914,3DMAX,13,3DMAX,Dust2,7524,Perfect World Shanghai Major 2024
189143,1733395800000,5995,G2,13,7532,BIG,5,G2,Mirage,7524,Perfect World Shanghai Major 2024
189145,1733394900000,4608,Natus Vincere,11,9215,MIBR,13,MIBR,Inferno,7524,Perfect World Shanghai Major 2024
189134,1733391000000,4494,MOUZ,13,6248,The MongolZ,16,The MongolZ,Mirage,7524,Perfect World Shanghai Major 2024
189133,1733391000000,7020,Spirit,13,12257,Wildcard,6,Spirit,Ancient,7524,Perfect World Shanghai Major 2024
189128,1733387100000,5973,Liquid,13,9928,GamerLegion,10,Liquid,Inferno,7524,Perfect World Shanghai Major 2024
189127,1733386500000,9565,Vitality,16,8297,FURIA,13,Vitality,Mirage,7524,Perfect World Shanghai Major 2024
189124,1733379000000,9215,MIBR,13,4914,3DMAX,11,MIBR,Vertigo,7524,Perfect World Shanghai Major 2024
189125,1733378400000,7175,HEROIC,13,7532,BIG,7,HEROIC,Mirage,7524,Perfect World Shanghai Major 2024
189122,1733375400000,6667,FaZe,13,12257,Wildcard,10,FaZe,Ancient,7524,Perfect World Shanghai Major 2024
189121,1733375100000,4494,MOUZ,13,4773,paiN,6,MOUZ,Nuke,7524,Perfect World Shanghai Major 2024
189116,1733371800000,9565,Vitality,13,9928,GamerLegion,7,Vitality,Mirage,7524,Perfect World Shanghai Major 2024
189117,1733371500000,7020,Spirit,6,8297,FURIA,13,FURIA,Dust2,7524,Perfect World Shanghai Major 2024
189114,1733367600000,5995,G2,10,6248,The MongolZ,13,The MongolZ,Inferno,7524,Perfect World Shanghai Major 2024
189113,1733367600000,4608,Natus Vincere,13,5973,Liquid,10,Natus Vincere,Nuke,7524,Perfect World Shanghai Major 2024
189037,1733216400000,12426,Passion UA,13,12257,Wildcard,16,Wildcard,Ancient,7861,Perfect World Shanghai Major 2024 Opening Stage
189033,1733216400000,12257,Wildcard,6,12426,Passion UA,13,Passion UA,Mirage,7861,Perfect World Shanghai Major 2024 Opening Stage
189027,1733216400000,12426,Passion UA,6,12257,Wildcard,13,Wildcard,Inferno,7861,Perfect World Shanghai Major 2024 Opening Stage
189026,1733205900000,9215,MIBR,13,12774,FlyQuest,5,MIBR,Inferno,7861,Perfect World Shanghai Major 2024 Opening Stage
189025,1733205900000,12774,FlyQuest,4,9215,MIBR,13,MIBR,Nuke,7861,Perfect World Shanghai Major 2024 Opening Stage
189024,1733194800000,7532,BIG,13,5005,Complexity,9,BIG,Dust2,7861,Perfect World Shanghai Major 2024 Opening Stage
189022,1733194800000,5005,Complexity,9,7532,BIG,13,BIG,Ancient,7861,Perfect World Shanghai Major 2024 Opening Stage
189019,1733194800000,5005,Complexity,13,7532,BIG,5,Complexity,Anubis,7861,Perfect World Shanghai Major 2024 Opening Stage
188980,1733130900000,5378,Virtus.pro,8,12257,Wildcard,13,Wildcard,Anubis,7861,Perfect World Shanghai Major 2024 Opening Stage
188976,1733130900000,5378,Virtus.pro,7,12257,Wildcard,13,Wildcard,Inferno,7861,Perfect World Shanghai Major 2024 Opening Stage
188973,1733130900000,12257,Wildcard,10,5378,Virtus.pro,13,Virtus.pro,Ancient,7861,Perfect World Shanghai Major 2024 Opening Stage
188978,1733130000000,12426,Passion UA,9,9928,GamerLegion,13,GamerLegion,Ancient,7861,Perfect World Shanghai Major 2024 Opening Stage
188974,1733130000000,12426,Passion UA,13,9928,GamerLegion,5,Passion UA,Mirage,7861,Perfect World Shanghai Major 2024 Opening Stage
188971,1733130000000,9928,GamerLegion,13,12426,Passion UA,6,GamerLegion,Inferno,7861,Perfect World Shanghai Major 2024 Opening Stage
188969,1733120100000,5005,Complexity,13,5752,Cloud9,8,Complexity,Ancient,7861,Perfect World Shanghai Major 2024 Opening Stage
188966,1733120100000,5752,Cloud9,13,5005,Complexity,16,Complexity,Vertigo,7861,Perfect World Shanghai Major 2024 Opening Stage
188970,1733119800000,4773,paiN,13,12774,FlyQuest,6,paiN,Inferno,7861,Perfect World Shanghai Major 2024 Opening Stage
188965,1733119800000,12774,FlyQuest,14,4773,paiN,16,paiN,Vertigo,7861,Perfect World Shanghai Major 2024 Opening Stage
188963,1733108400000,7532,BIG,3,8297,FURIA,13,FURIA,Dust2,7861,Perfect World Shanghai Major 2024 Opening Stage
188961,1733108400000,8297,FURIA,13,7532,BIG,11,FURIA,Mirage,7861,Perfect World Shanghai Major 2024 Opening Stage
188959,1733108400000,7532,BIG,13,8297,FURIA,5,BIG,Nuke,7861,Perfect World Shanghai Major 2024 Opening Stage
188927,1733042400000,9928,GamerLegion,2,6248,The MongolZ,13,The MongolZ,Anubis,7861,Perfect World Shanghai Major 2024 Opening Stage
188923,1733042400000,9928,GamerLegion,5,6248,The MongolZ,13,The MongolZ,Mirage,7861,Perfect World Shanghai Major 2024 Opening Stage
188924,1733040000000,9455,Imperial,5,5005,Complexity,13,Complexity,Ancient,7861,Perfect World Shanghai Major 2024 Opening Stage
188922,1733040000000,5005,Complexity,13,9455,Imperial,4,Complexity,Inferno,7861,Perfect World Shanghai Major 2024 Opening Stage
188920,1733029800000,5973,Liquid,13,12774,FlyQuest,1,Liquid,Nuke,7861,Perfect World Shanghai Major 2024 Opening Stage
188918,1733029800000,5973,Liquid,13,12774,FlyQuest,9,Liquid,Anubis,7861,Perfect World Shanghai Major 2024 Opening Stage
188916,1733029800000,12774,FlyQuest,13,5973,Liquid,5,FlyQuest,Inferno,7861,Perfect World Shanghai Major 2024 Opening Stage
188914,1733025600000,8297,FURIA,16,12257,Wildcard,14,FURIA,Vertigo,7861,Perfect World Shanghai Major 2024 Opening Stage
188913,1733025600000,5752,Cloud9,11,4773,paiN,13,paiN,Anubis,7861,Perfect World Shanghai Major 2024 Opening Stage
188912,1733022000000,5378,Virtus.pro,11,7532,BIG,13,BIG,Vertigo,7861,Perfect World Shanghai Major 2024 Opening Stage
188911,1733022000000,9215,MIBR,5,12426,Passion UA,13,Passion UA,Mirage,7861,Perfect World Shanghai Major 2024 Opening Stage
188861,1732968000000,4773,paiN,10,9928,GamerLegion,13,GamerLegion,Nuke,7861,Perfect World Shanghai Major 2024 Opening Stage
188860,1732967400000,8297,FURIA,13,9455,Imperial,11,FURIA,Anubis,7861,Perfect World Shanghai Major 2024 Opening Stage
188856,1732964100000,5973,Liquid,13,12257,Wildcard,10,Liquid,Inferno,7861,Perfect World Shanghai Major 2024 Opening Stage
188853,1732960200000,5005,Complexity,9,12426,Passion UA,13,Passion UA,Anubis,7861,Perfect World Shanghai Major 2024 Opening Stage
188852,1732960200000,9215,MIBR,6,6248,The MongolZ,13,The MongolZ,Ancient,7861,Perfect World Shanghai Major 2024 Opening Stage
188850,1732956900000,7532,BIG,5,12774,FlyQuest,13,FlyQuest,Nuke,7861,Perfect World Shanghai Major 2024 Opening Stage
188849,1732956600000,4991,fnatic,5,5752,Cloud9,13,Cloud9,Ancient,7861,Perfect World Shanghai Major 2024 Opening Stage
188848,1732950300000,4773,paiN,13,9455,Imperial,5,paiN,Dust2,7861,Perfect World Shanghai Major 2024 Opening Stage
188846,1732946100000,4991,fnatic,11,12257,Wildcard,13,Wildcard,Mirage,7861,Perfect World Shanghai Major 2024 Opening Stage
188845,1732944300000,7532,BIG,13,12426,Passion UA,9,BIG,Mirage,7861,Perfect World Shanghai Major 2024 Opening Stage
188844,1732940700000,5752,Cloud9,10,5973,Liquid,13,Liquid,Ancient,7861,Perfect World Shanghai Major 2024 Opening Stage
188843,1732940700000,5005,Complexity,6,12774,FlyQuest,13,FlyQuest,Anubis,7861,Perfect World Shanghai Major 2024 Opening Stage
188842,1732937100000,9928,GamerLegion,13,8297,FURIA,8,GamerLegion,Vertigo,7861,Perfect World Shanghai Major 2024 Opening Stage
188841,1732937100000,5378,Virtus.pro,7,9215,MIBR,13,MIBR,Ancient,7861,Perfect World Shanghai Major 2024 Opening Stage
188619,1732456800000,11811,Monte,4,4869,ENCE,13,ENCE,Vertigo,8111,A1 Gaming League Season 9
188615,1732456800000,4869,ENCE,13,11811,Monte,9,ENCE,Mirage,8111,A1 Gaming League Season 9
188587,1732425000000,6665,Astralis,11,12426,Passion UA,13,Passion UA,Ancient,7865,Perfect World Shanghai Major 2024 Europe RMR B
188586,1732425000000,12426,Passion UA,13,6665,Astralis,9,Passion UA,Inferno,7865,Perfect World Shanghai Major 2024 Europe RMR B
188533,1732356000000,11251,Eternal Fire,11,6665,Astralis,13,Astralis,Inferno,7865,Perfect World Shanghai Major 2024 Europe RMR B
188526,1732356000000,11251,Eternal Fire,8,6665,Astralis,13,Astralis,Dust2,7865,Perfect World Shanghai Major 2024 Europe RMR B
188520,1732356000000,6665,Astralis,6,11251,Eternal Fire,13,Eternal Fire,Vertigo,7865,Perfect World Shanghai Major 2024 Europe RMR B
188531,1732356000000,5995,G2,16,7020,Spirit,14,G2,Nuke,7865,Perfect World Shanghai Major 2024 Europe RMR B
188525,1732356000000,7020,Spirit,13,5995,G2,5,Spirit,Mirage,7865,Perfect World Shanghai Major 2024 Europe RMR B
188521,1732356000000,5995,G2,13,7020,Spirit,9,G2,Ancient,7865,Perfect World Shanghai Major 2024 Europe RMR B
188516,1732345200000,12426,Passion UA,7,7175,HEROIC,13,HEROIC,Mirage,7865,Perfect World Shanghai Major 2024 Europe RMR B
188513,1732345200000,7175,HEROIC,13,12426,Passion UA,7,HEROIC,Vertigo,7865,Perfect World Shanghai Major 2024 Europe RMR B
188510,1732345200000,12426,Passion UA,13,7175,HEROIC,9,Passion UA,Ancient,7865,Perfect World Shanghai Major 2024 Europe RMR B
188461,1732267200000,6665,Astralis,13,11241,B8,9,Astralis,Ancient,7865,Perfect World Shanghai Major 2024 Europe RMR B
188455,1732267200000,11241,B8,11,6665,Astralis,13,Astralis,Nuke,7865,Perfect World Shanghai Major 2024 Europe RMR B
188449,1732267200000,6665,Astralis,11,11241,B8,13,B8,Mirage,7865,Perfect World Shanghai Major 2024 Europe RMR B
188458,1732266600000,5995,G2,11,4914,3DMAX,13,3DMAX,Ancient,7865,Perfect World Shanghai Major 2024 Europe RMR B
188451,1732266600000,4914,3DMAX,13,5995,G2,6,3DMAX,Dust2,7865,Perfect World Shanghai Major 2024 Europe RMR B
188446,1732266600000,4914,3DMAX,5,5995,G2,13,G2,Anubis,7865,Perfect World Shanghai Major 2024 Europe RMR B
188443,1732255200000,7532,BIG,13,12426,Passion UA,9,BIG,Mirage,7865,Perfect World Shanghai Major 2024 Europe RMR B
188439,1732255200000,12426,Passion UA,5,7532,BIG,13,BIG,Dust2,7865,Perfect World Shanghai Major 2024 Europe RMR B
188438,1732255200000,12426,Passion UA,13,7532,BIG,9,Passion UA,Anubis,7865,Perfect World Shanghai Major 2024 Europe RMR B
188413,1732197000000,7175,HEROIC,8,7532,BIG,13,BIG,Ancient,7865,Perfect World Shanghai Major 2024 Europe RMR B
188408,1732191000000,11251,Eternal Fire,16,4914,3DMAX,19,3DMAX,Nuke,7865,Perfect World Shanghai Major 2024 Europe RMR B
188400,1732182300000,12426,Passion UA,13,7020,Spirit,11,Passion UA,Anubis,7865,Perfect World Shanghai Major 2024 Europe RMR B
188389,1732165200000,5378,Virtus.pro,14,12426,Passion UA,16,Passion UA,Mirage,7865,Perfect World Shanghai Major 2024 Europe RMR B
188387,1732161600000,7020,Spirit,13,11241,B8,1,Spirit,Dust2,7865,Perfect World Shanghai Major 2024 Europe RMR B
188374,1732109100000,12394,BetBoom,9,9928,GamerLegion,13,GamerLegion,Mirage,7864,Perfect World Shanghai Major 2024 Europe RMR A
188372,1732109100000,9928,GamerLegion,13,12394,BetBoom,5,GamerLegion,Nuke,7864,Perfect World Shanghai Major 2024 Europe RMR A
188370,1732109100000,12394,BetBoom,16,9928,GamerLegion,12,BetBoom,Ancient,7864,Perfect World Shanghai Major 2024 Europe RMR A
188356,1732068000000,10567,SAW,9,12394,BetBoom,13,BetBoom,Ancient,7864,Perfect World Shanghai Major 2024 Europe RMR A
188355,1732068000000,12394,BetBoom,13,10567,SAW,9,BetBoom,Vertigo,7864,Perfect World Shanghai Major 2024 Europe RMR A
188344,1732017600000,6667,FaZe,13,5752,Cloud9,6,FaZe,Inferno,7864,Perfect World Shanghai Major 2024 Europe RMR A
188343,1732017600000,5752,Cloud9,13,6667,FaZe,7,Cloud9,Ancient,7864,Perfect World Shanghai Major 2024 Europe RMR A
188342,1732017600000,6667,FaZe,13,5752,Cloud9,6,FaZe,Mirage,7864,Perfect World Shanghai Major 2024 Europe RMR A
188341,1732003200000,11283,Falcons,7,9928,GamerLegion,13,GamerLegion,Mirage,7864,Perfect World Shanghai Major 2024 Europe RMR A
188339,1732003200000,9928,GamerLegion,7,11283,Falcons,13,Falcons,Nuke,7864,Perfect World Shanghai Major 2024 Europe RMR A
188336,1732003200000,11283,Falcons,6,9928,GamerLegion,13,GamerLegion,Vertigo,7864,Perfect World Shanghai Major 2024 Europe RMR A
188340,1732003200000,4991,fnatic,8,6667,FaZe,13,FaZe,Ancient,7864,Perfect World Shanghai Major 2024 Europe RMR A
188337,1732003200000,4991,fnatic,5,6667,FaZe,13,FaZe,Anubis,7864,Perfect World Shanghai Major 2024 Europe RMR A
188334,1731993300000,10567,SAW,2,4608,Natus Vincere,13,Natus Vincere,Ancient,7864,Perfect World Shanghai Major 2024 Europe RMR A
188332,1731993300000,4608,Natus Vincere,13,10567,SAW,10,Natus Vincere,Nuke,7864,Perfect World Shanghai Major 2024 Europe RMR A
188333,1731992400000,7969,Nemiga,8,12394,BetBoom,13,BetBoom,Mirage,7864,Perfect World Shanghai Major 2024 Europe RMR A
188331,1731992400000,12394,BetBoom,13,7969,Nemiga,8,BetBoom,Ancient,7864,Perfect World Shanghai Major 2024 Europe RMR A
188313,1731921000000,6667,FaZe,11,9565,Vitality,13,Vitality,Dust2,7864,Perfect World Shanghai Major 2024 Europe RMR A
188309,1731921000000,9565,Vitality,13,6667,FaZe,5,Vitality,Mirage,7864,Perfect World Shanghai Major 2024 Europe RMR A
188306,1731909600000,4608,Natus Vincere,7,4494,MOUZ,13,MOUZ,Inferno,7864,Perfect World Shanghai Major 2024 Europe RMR A
188302,1731909600000,4494,MOUZ,13,4608,Natus Vincere,8,MOUZ,Dust2,7864,Perfect World Shanghai Major 2024 Europe RMR A
188300,1731909600000,4608,Natus Vincere,13,4494,MOUZ,4,Natus Vincere,Mirage,7864,Perfect World Shanghai Major 2024 Europe RMR A
188299,1731906000000,4991,fnatic,13,12394,BetBoom,11,fnatic,Nuke,7864,Perfect World Shanghai Major 2024 Europe RMR A
188298,1731906000000,10567,SAW,13,11283,Falcons,5,SAW,Anubis,7864,Perfect World Shanghai Major 2024 Europe RMR A
188296,1731902400000,10333,Sangal,2,5752,Cloud9,13,Cloud9,Mirage,7864,Perfect World Shanghai Major 2024 Europe RMR A
188263,1731846600000,6667,FaZe,16,11283,Falcons,12,FaZe,Nuke,7864,Perfect World Shanghai Major 2024 Europe RMR A
188261,1731843000000,7969,Nemiga,5,5752,Cloud9,13,Cloud9,Inferno,7864,Perfect World Shanghai Major 2024 Europe RMR A
188259,1731843000000,4494,MOUZ,13,10333,Sangal,3,MOUZ,Mirage,7864,Perfect World Shanghai Major 2024 Europe RMR A
188256,1731839400000,9565,Vitality,13,12394,BetBoom,3,Vitality,Nuke,7864,Perfect World Shanghai Major 2024 Europe RMR A
188236,1731821100000,6667,FaZe,13,5752,Cloud9,8,FaZe,Ancient,7864,Perfect World Shanghai Major 2024 Europe RMR A
188235,1731820200000,7969,Nemiga,3,4494,MOUZ,13,MOUZ,Inferno,7864,Perfect World Shanghai Major 2024 Europe RMR A
188234,1731816000000,9565,Vitality,13,9928,GamerLegion,8,Vitality,Inferno,7864,Perfect World Shanghai Major 2024 Europe RMR A
188233,1731816000000,4608,Natus Vincere,13,4991,fnatic,9,Natus Vincere,Inferno,7864,Perfect World Shanghai Major 2024 Europe RMR A
188162,1731672000000,12376,M80,8,8297,FURIA,13,FURIA,Vertigo,7863,Perfect World Shanghai Major 2024 Americas RMR
188154,1731672000000,8297,FURIA,13,12376,M80,8,FURIA,Anubis,7863,Perfect World Shanghai Major 2024 Americas RMR
188142,1731660600000,9996,9z,10,8297,FURIA,13,FURIA,Dust2,7863,Perfect World Shanghai Major 2024 Americas RMR
188139,1731660600000,8297,FURIA,13,9996,9z,8,FURIA,Anubis,7863,Perfect World Shanghai Major 2024 Americas RMR
188136,1731650100000,7176,RED Canids,17,9455,Imperial,19,Imperial,Dust2,7863,Perfect World Shanghai Major 2024 Americas RMR
188135,1731650100000,9455,Imperial,13,7176,RED Canids,10,Imperial,Vertigo,7863,Perfect World Shanghai Major 2024 Americas RMR
188132,1731636000000,12376,M80,19,12144,BESTIA,17,M80,Anubis,7863,Perfect World Shanghai Major 2024 Americas RMR
188131,1731636000000,12376,M80,4,12144,BESTIA,13,BESTIA,Mirage,7863,Perfect World Shanghai Major 2024 Americas RMR
188130,1731636000000,12144,BESTIA,7,12376,M80,13,M80,Dust2,7863,Perfect World Shanghai Major 2024 Americas RMR
188076,1731578400000,8297,FURIA,7,5973,Liquid,13,Liquid,Inferno,7863,Perfect World Shanghai Major 2024 Americas RMR
188068,1731578400000,8297,FURIA,13,5973,Liquid,3,FURIA,Dust2,7863,Perfect World Shanghai Major 2024 Americas RMR
188062,1731578400000,5973,Liquid,13,8297,FURIA,3,Liquid,Anubis,7863,Perfect World Shanghai Major 2024 Americas RMR
188056,1731567600000,12376,M80,9,5005,Complexity,13,Complexity,Vertigo,7863,Perfect World Shanghai Major 2024 Americas RMR
188054,1731567600000,5005,Complexity,13,12376,M80,8,Complexity,Anubis,7863,Perfect World Shanghai Major 2024 Americas RMR
188051,1731556800000,4773,paiN,13,9996,9z,0,paiN,Dust2,7863,Perfect World Shanghai Major 2024 Americas RMR
188049,1731556800000,9996,9z,11,4773,paiN,13,paiN,Mirage,7863,Perfect World Shanghai Major 2024 Americas RMR
188008,1731488400000,9215,MIBR,13,5005,Complexity,11,MIBR,Vertigo,7863,Perfect World Shanghai Major 2024 Americas RMR
188002,1731488400000,5005,Complexity,9,9215,MIBR,13,MIBR,Nuke,7863,Perfect World Shanghai Major 2024 Americas RMR
187994,1731477600000,12257,Wildcard,13,9996,9z,6,Wildcard,Inferno,7863,Perfect World Shanghai Major 2024 Americas RMR
187987,1731477600000,12257,Wildcard,16,9996,9z,14,Wildcard,Nuke,7863,Perfect World Shanghai Major 2024 Americas RMR
187985,1731474000000,4773,paiN,13,9455,Imperial,5,paiN,Ancient,7863,Perfect World Shanghai Major 2024 Americas RMR
187983,1731474000000,5973,Liquid,13,12144,BESTIA,4,Liquid,Anubis,7863,Perfect World Shanghai Major 2024 Americas RMR
187953,1731415800000,9215,MIBR,13,9455,Imperial,9,MIBR,Nuke,7863,Perfect World Shanghai Major 2024 Americas RMR
187946,1731412500000,7176,RED Canids,13,12376,M80,16,M80,Anubis,7863,Perfect World Shanghai Major 2024 Americas RMR
187931,1731407400000,4773,paiN,10,12257,Wildcard,13,Wildcard,Nuke,7863,Perfect World Shanghai Major 2024 Americas RMR
187911,1731394200000,7176,RED Canids,7,9996,9z,13,9z,Dust2,7863,Perfect World Shanghai Major 2024 Americas RMR
187908,1731390900000,5005,Complexity,13,12144,BESTIA,7,Complexity,Anubis,7863,Perfect World Shanghai Major 2024 Americas RMR
187901,1731384300000,12257,Wildcard,16,5973,Liquid,12,Wildcard,Inferno,7863,Perfect World Shanghai Major 2024 Americas RMR
187465,1730651400000,7175,HEROIC,2,6248,The MongolZ,13,The MongolZ,Mirage,7694,Thunderpick World Championship 2024 Finals
187458,1730651400000,7175,HEROIC,11,6248,The MongolZ,13,The MongolZ,Anubis,7694,Thunderpick World Championship 2024 Finals
187450,1730651400000,7175,HEROIC,13,6248,The MongolZ,6,HEROIC,Ancient,7694,Thunderpick World Championship 2024 Finals
187445,1730651400000,6248,The MongolZ,13,7175,HEROIC,8,The MongolZ,Dust2,7694,Thunderpick World Championship 2024 Finals
187415,1730624400000,7020,Spirit,7,5995,G2,13,G2,Dust2,7557,BLAST Premier World Final 2024
187413,1730624400000,7020,Spirit,5,5995,G2,13,G2,Anubis,7557,BLAST Premier World Final 2024
187409,1730624400000,7020,Spirit,7,5995,G2,13,G2,Mirage,7557,BLAST Premier World Final 2024
187391,1730577300000,4914,3DMAX,9,6248,The MongolZ,13,The MongolZ,Ancient,7694,Thunderpick World Championship 2024 Finals
187385,1730577300000,6248,The MongolZ,13,4914,3DMAX,6,The MongolZ,Anubis,7694,Thunderpick World Championship 2024 Finals
187357,1730552100000,6665,Astralis,5,7020,Spirit,13,Spirit,Ancient,7557,BLAST Premier World Final 2024
187349,1730552100000,7020,Spirit,3,6665,Astralis,13,Astralis,Vertigo,7557,BLAST Premier World Final 2024
187346,1730552100000,7020,Spirit,13,6665,Astralis,5,Spirit,Dust2,7557,BLAST Premier World Final 2024
187339,1730536500000,5995,G2,13,9565,Vitality,8,G2,Mirage,7557,BLAST Premier World Final 2024
187333,1730536500000,9565,Vitality,13,5995,G2,7,Vitality,Inferno,7557,BLAST Premier World Final 2024
187329,1730536500000,5995,G2,13,9565,Vitality,10,G2,Dust2,7557,BLAST Premier World Final 2024
187287,1730459400000,7020,Spirit,19,6667,FaZe,17,Spirit,Anubis,7557,BLAST Premier World Final 2024
187281,1730459400000,7020,Spirit,13,6667,FaZe,10,Spirit,Mirage,7557,BLAST Premier World Final 2024
187274,1730449800000,9565,Vitality,13,4494,MOUZ,6,Vitality,Mirage,7557,BLAST Premier World Final 2024
187271,1730449800000,4494,MOUZ,6,9565,Vitality,13,Vitality,Dust2,7557,BLAST Premier World Final 2024
187250,1730385300000,7020,Spirit,10,5995,G2,13,G2,Mirage,7557,BLAST Premier World Final 2024
187241,1730385300000,7020,Spirit,13,5995,G2,16,G2,Anubis,7557,BLAST Premier World Final 2024
187236,1730373600000,9565,Vitality,13,5973,Liquid,11,Vitality,Nuke,7557,BLAST Premier World Final 2024
187234,1730373600000,5973,Liquid,3,9565,Vitality,13,Vitality,Dust2,7557,BLAST Premier World Final 2024
187228,1730373600000,5973,Liquid,13,9565,Vitality,10,Liquid,Anubis,7557,BLAST Premier World Final 2024
187220,1730366100000,6665,Astralis,13,4494,MOUZ,9,Astralis,Nuke,7557,BLAST Premier World Final 2024
187218,1730366100000,4494,MOUZ,7,6665,Astralis,13,Astralis,Vertigo,7557,BLAST Premier World Final 2024
187215,1730354400000,6667,FaZe,13,4608,Natus Vincere,6,FaZe,Ancient,7557,BLAST Premier World Final 2024
187214,1730354400000,6667,FaZe,13,4608,Natus Vincere,8,FaZe,Mirage,7557,BLAST Premier World Final 2024
187213,1730354400000,4608,Natus Vincere,13,6667,FaZe,6,Natus Vincere,Inferno,7557,BLAST Premier World Final 2024
187180,1730295600000,7020,Spirit,13,9565,Vitality,11,Spirit,Mirage,7557,BLAST Premier World Final 2024
187176,1730295600000,7020,Spirit,13,9565,Vitality,9,Spirit,Anubis,7557,BLAST Premier World Final 2024
187173,1730285100000,5995,G2,13,5973,Liquid,6,G2,Mirage,7557,BLAST Premier World Final 2024
187169,1730285100000,5973,Liquid,6,5995,G2,13,G2,Inferno,7557,BLAST Premier World Final 2024
187165,1730285100000,5973,Liquid,13,5995,G2,0,Liquid,Ancient,7557,BLAST Premier World Final 2024
187163,1730276100000,6667,FaZe,11,4494,MOUZ,13,MOUZ,Nuke,7557,BLAST Premier World Final 2024
187160,1730276100000,4494,MOUZ,16,6667,FaZe,13,MOUZ,Inferno,7557,BLAST Premier World Final 2024
187159,1730268000000,6665,Astralis,13,4608,Natus Vincere,6,Astralis,Mirage,7557,BLAST Premier World Final 2024
187158,1730268000000,4608,Natus Vincere,6,6665,Astralis,13,Astralis,Nuke,7557,BLAST Premier World Final 2024
187042,1730050800000,11241,B8,5,10567,SAW,13,SAW,Nuke,7603,ESL Challenger Katowice 2024
187037,1730050800000,10567,SAW,13,11241,B8,3,SAW,Ancient,7603,ESL Challenger Katowice 2024
187033,1730038200000,11241,B8,13,4773,paiN,5,B8,Mirage,7603,ESL Challenger Katowice 2024
187028,1730038200000,11241,B8,4,4773,paiN,13,paiN,Nuke,7603,ESL Challenger Katowice 2024
187024,1730038200000,4773,paiN,11,11241,B8,13,B8,Dust2,7603,ESL Challenger Katowice 2024
187017,1730028600000,11811,Monte,17,10567,SAW,19,SAW,Nuke,7603,ESL Challenger Katowice 2024
187013,1730028600000,10567,SAW,13,11811,Monte,11,SAW,Ancient,7603,ESL Challenger Katowice 2024
186987,1729971600000,4914,3DMAX,13,12144,BESTIA,9,3DMAX,Anubis,7791,Thunderpick World Championship 2024
186983,1729971600000,4914,3DMAX,18,12144,BESTIA,22,BESTIA,Ancient,7791,Thunderpick World Championship 2024
186979,1729971600000,12144,BESTIA,4,4914,3DMAX,13,3DMAX,Inferno,7791,Thunderpick World Championship 2024
186973,1729958400000,9455,Imperial,8,6248,The MongolZ,13,The MongolZ,Inferno,7791,Thunderpick World Championship 2024
186965,1729958400000,9455,Imperial,13,6248,The MongolZ,6,Imperial,Mirage,7791,Thunderpick World Championship 2024
186958,1729958400000,6248,The MongolZ,16,9455,Imperial,12,The MongolZ,Dust2,7791,Thunderpick World Championship 2024
186966,1729958400000,11241,B8,19,11251,Eternal Fire,17,B8,Anubis,7603,ESL Challenger Katowice 2024
186956,1729958400000,11251,Eternal Fire,9,11241,B8,13,B8,Mirage,7603,ESL Challenger Katowice 2024
186946,1729949100000,7175,HEROIC,13,4991,fnatic,10,HEROIC,Vertigo,7791,Thunderpick World Championship 2024
186941,1729949100000,4991,fnatic,10,7175,HEROIC,13,HEROIC,Nuke,7791,Thunderpick World Championship 2024
186924,1729938600000,11251,Eternal Fire,13,11283,Falcons,4,Eternal Fire,Inferno,7603,ESL Challenger Katowice 2024
186915,1729938600000,11251,Eternal Fire,16,11283,Falcons,12,Eternal Fire,Dust2,7603,ESL Challenger Katowice 2024
186907,1729881000000,12144,BESTIA,13,12376,M80,7,BESTIA,Anubis,7791,Thunderpick World Championship 2024
186906,1729881000000,12144,BESTIA,13,12376,M80,5,BESTIA,Ancient,7791,Thunderpick World Championship 2024
186902,1729881000000,12144,BESTIA,20,12376,M80,22,M80,Inferno,7791,Thunderpick World Championship 2024
186896,1729878300000,9215,MIBR,17,11811,Monte,19,Monte,Anubis,7603,ESL Challenger Katowice 2024
186895,1729878300000,9215,MIBR,2,11811,Monte,13,Monte,Mirage,7603,ESL Challenger Katowice 2024
186893,1729871700000,9455,Imperial,16,4411,Ninjas in Pyjamas,13,Imperial,Vertigo,7791,Thunderpick World Championship 2024
186889,1729871700000,9455,Imperial,13,4411,Ninjas in Pyjamas,2,Imperial,Dust2,7791,Thunderpick World Championship 2024
186888,1729869000000,10567,SAW,13,11241,B8,10,SAW,Inferno,7603,ESL Challenger Katowice 2024
186880,1729860300000,4773,paiN,13,11811,Monte,9,paiN,Vertigo,7603,ESL Challenger Katowice 2024
186875,1729855800000,10567,SAW,13,11283,Falcons,11,SAW,Ancient,7603,ESL Challenger Katowice 2024
186870,1729850400000,11251,Eternal Fire,11,11241,B8,13,B8,Dust2,7603,ESL Challenger Katowice 2024
186860,1729794600000,12144,BESTIA,11,7532,BIG,13,BIG,Dust2,7791,Thunderpick World Championship 2024
186859,1729794600000,7532,BIG,13,12144,BESTIA,6,BIG,Anubis,7791,Thunderpick World Championship 2024
186849,1729773000000,12376,M80,1,12144,BESTIA,13,BESTIA,Anubis,7791,Thunderpick World Championship 2024
186847,1729773000000,12376,M80,5,12144,BESTIA,13,BESTIA,Mirage,7791,Thunderpick World Championship 2024
186827,1729715400000,7175,HEROIC,13,4411,Ninjas in Pyjamas,10,HEROIC,Vertigo,7791,Thunderpick World Championship 2024
186826,1729715400000,4411,Ninjas in Pyjamas,2,7175,HEROIC,13,HEROIC,Dust2,7791,Thunderpick World Championship 2024
186820,1729689900000,9455,Imperial,17,4411,Ninjas in Pyjamas,19,Ninjas in Pyjamas,Mirage,7791,Thunderpick World Championship 2024
186818,1729689900000,4411,Ninjas in Pyjamas,7,9455,Imperial,13,Imperial,Nuke,7791,Thunderpick World Championship 2024
186816,1729689900000,9455,Imperial,7,4411,Ninjas in Pyjamas,13,Ninjas in Pyjamas,Vertigo,7791,Thunderpick World Championship 2024
186794,1729621800000,6248,The MongolZ,13,4991,fnatic,7,The MongolZ,Dust2,7791,Thunderpick World Championship 2024
186793,1729621800000,4991,fnatic,11,6248,The MongolZ,13,The MongolZ,Mirage,7791,Thunderpick World Championship 2024
186789,1729600200000,9996,9z,10,4991,fnatic,13,fnatic,Dust2,7791,Thunderpick World Championship 2024
186786,1729600200000,9996,9z,8,4991,fnatic,13,fnatic,Inferno,7791,Thunderpick World Championship 2024
186781,1729600200000,4991,fnatic,4,9996,9z,13,9z,Ancient,7791,Thunderpick World Championship 2024
186759,1729527000000,11283,Falcons,8,5378,Virtus.pro,13,Virtus.pro,Anubis,7791,Thunderpick World Championship 2024
186758,1729527000000,11283,Falcons,9,5378,Virtus.pro,13,Virtus.pro,Mirage,7791,Thunderpick World Championship 2024
186743,1729503000000,4914,3DMAX,13,11283,Falcons,9,3DMAX,Nuke,7791,Thunderpick World Championship 2024
186739,1729503000000,4914,3DMAX,13,11283,Falcons,10,3DMAX,Anubis,7791,Thunderpick World Championship 2024
186727,1729452600000,4773,paiN,13,9215,MIBR,11,paiN,Nuke,7804,ESL Challenger League Season 48 South America
186725,1729452600000,9215,MIBR,7,4773,paiN,13,paiN,Mirage,7804,ESL Challenger League Season 48 South America
186722,1729452600000,9215,MIBR,13,4773,paiN,4,MIBR,Anubis,7804,ESL Challenger League Season 48 South America
186700,1729436400000,7969,Nemiga,10,10333,Sangal,13,Sangal,Mirage,7800,ESL Challenger League Season 48 Europe
186695,1729436400000,7969,Nemiga,4,10333,Sangal,13,Sangal,Ancient,7800,ESL Challenger League Season 48 Europe
186721,1729435500000,4869,ENCE,13,7175,HEROIC,8,ENCE,Dust2,7860,Elisa Masters Espoo 2024
186708,1729435500000,7175,HEROIC,19,4869,ENCE,22,ENCE,Vertigo,7860,Elisa Masters Espoo 2024
186701,1729435500000,4869,ENCE,13,7175,HEROIC,7,ENCE,Nuke,7860,Elisa Masters Espoo 2024
186694,1729435500000,7175,HEROIC,13,4869,ENCE,10,HEROIC,Ancient,7860,Elisa Masters Espoo 2024
186647,1729375200000,12144,BESTIA,10,9215,MIBR,13,MIBR,Anubis,7804,ESL Challenger League Season 48 South America
186646,1729375200000,12144,BESTIA,13,9215,MIBR,1,BESTIA,Nuke,7804,ESL Challenger League Season 48 South America
186645,1729375200000,9215,MIBR,13,12144,BESTIA,1,MIBR,Mirage,7804,ESL Challenger League Season 48 South America
186642,1729359300000,11241,B8,8,7175,HEROIC,13,HEROIC,Dust2,7860,Elisa Masters Espoo 2024
186638,1729359300000,11241,B8,5,7175,HEROIC,13,HEROIC,Anubis,7860,Elisa Masters Espoo 2024
186636,1729350000000,4914,3DMAX,2,7969,Nemiga,13,Nemiga,Anubis,7800,ESL Challenger League Season 48 Europe
186632,1729350000000,4914,3DMAX,13,7969,Nemiga,16,Nemiga,Ancient,7800,ESL Challenger League Season 48 Europe
186623,1729350000000,7969,Nemiga,11,4914,3DMAX,13,3DMAX,Dust2,7800,ESL Challenger League Season 48 Europe
186626,1729344600000,4869,ENCE,13,6248,The MongolZ,8,ENCE,Ancient,7860,Elisa Masters Espoo 2024
186622,1729344600000,4869,ENCE,1,6248,The MongolZ,13,The MongolZ,Mirage,7860,Elisa Masters Espoo 2024
186617,1729344600000,6248,The MongolZ,8,4869,ENCE,13,ENCE,Anubis,7860,Elisa Masters Espoo 2024
186599,1729332000000,7969,Nemiga,13,4991,fnatic,10,Nemiga,Dust2,7778,RES Regional Champions 2024
186596,1729332000000,4991,fnatic,5,7969,Nemiga,13,Nemiga,Ancient,7778,RES Regional Champions 2024
186579,1729288800000,7176,RED Canids,14,12144,BESTIA,16,BESTIA,Anubis,7804,ESL Challenger League Season 48 South America
186577,1729288800000,12144,BESTIA,13,7176,RED Canids,5,BESTIA,Nuke,7804,ESL Challenger League Season 48 South America
186567,1729270800000,10567,SAW,10,4914,3DMAX,13,3DMAX,Inferno,7800,ESL Challenger League Season 48 Europe
186559,1729270800000,4914,3DMAX,11,10567,SAW,13,SAW,Ancient,7800,ESL Challenger League Season 48 Europe
186549,1729270800000,4914,3DMAX,13,10567,SAW,10,3DMAX,Anubis,7800,ESL Challenger League Season 48 Europe
186555,1729267200000,4869,ENCE,13,9996,9z,9,ENCE,Mirage,7860,Elisa Masters Espoo 2024
186548,1729267200000,9996,9z,6,4869,ENCE,13,ENCE,Ancient,7860,Elisa Masters Espoo 2024
186511,1729202400000,4773,paiN,13,9215,MIBR,7,paiN,Vertigo,7804,ESL Challenger League Season 48 South America
186509,1729202400000,9215,MIBR,7,4773,paiN,13,paiN,Mirage,7804,ESL Challenger League Season 48 South America
186506,1729202400000,4773,paiN,3,9215,MIBR,13,MIBR,Nuke,7804,ESL Challenger League Season 48 South America
186510,1729202400000,9455,Imperial,13,7176,RED Canids,16,RED Canids,Mirage,7804,ESL Challenger League Season 48 South America
186508,1729202400000,7176,RED Canids,10,9455,Imperial,13,Imperial,Dust2,7804,ESL Challenger League Season 48 South America
186504,1729202400000,7176,RED Canids,13,9455,Imperial,7,RED Canids,Anubis,7804,ESL Challenger League Season 48 South America
186501,1729184400000,10333,Sangal,13,7969,Nemiga,8,Sangal,Anubis,7800,ESL Challenger League Season 48 Europe
186493,1729184400000,10333,Sangal,5,7969,Nemiga,13,Nemiga,Ancient,7800,ESL Challenger League Season 48 Europe
186488,1729184400000,7969,Nemiga,7,10333,Sangal,13,Sangal,Mirage,7800,ESL Challenger League Season 48 Europe
186484,1729173600000,4869,ENCE,10,7175,HEROIC,13,HEROIC,Nuke,7860,Elisa Masters Espoo 2024
186477,1729173600000,7175,HEROIC,13,4869,ENCE,10,HEROIC,Vertigo,7860,Elisa Masters Espoo 2024
186464,1729163400000,9996,9z,6,4869,ENCE,13,ENCE,Ancient,7860,Elisa Masters Espoo 2024
186427,1729116000000,9215,MIBR,13,7176,RED Canids,3,MIBR,Nuke,7804,ESL Challenger League Season 48 South America
186425,1729116000000,7176,RED Canids,8,9215,MIBR,13,MIBR,Ancient,7804,ESL Challenger League Season 48 South America
186421,1729116000000,9215,MIBR,10,7176,RED Canids,13,RED Canids,Mirage,7804,ESL Challenger League Season 48 South America
186412,1729099200000,4914,3DMAX,9,7969,Nemiga,13,Nemiga,Ancient,7800,ESL Challenger League Season 48 Europe
186399,1729099200000,7969,Nemiga,16,4914,3DMAX,13,Nemiga,Inferno,7800,ESL Challenger League Season 48 Europe
186413,1729098000000,10333,Sangal,13,10567,SAW,6,Sangal,Vertigo,7800,ESL Challenger League Season 48 Europe
186405,1729098000000,10333,Sangal,13,10567,SAW,9,Sangal,Anubis,7800,ESL Challenger League Season 48 Europe
186396,1729098000000,10333,Sangal,9,10567,SAW,13,SAW,Nuke,7800,ESL Challenger League Season 48 Europe
186391,1729089000000,11241,B8,8,6248,The MongolZ,13,The MongolZ,Inferno,7860,Elisa Masters Espoo 2024
186380,1729089000000,6248,The MongolZ,13,11241,B8,3,The MongolZ,Nuke,7860,Elisa Masters Espoo 2024
186370,1729082400000,4411,Ninjas in Pyjamas,14,11241,B8,16,B8,Mirage,7860,Elisa Masters Espoo 2024
186382,1729078500000,10333,Sangal,13,7969,Nemiga,5,Sangal,Anubis,7778,RES Regional Champions 2024
186375,1729078500000,10333,Sangal,19,7969,Nemiga,17,Sangal,Vertigo,7778,RES Regional Champions 2024
186369,1729078500000,10333,Sangal,6,7969,Nemiga,13,Nemiga,Ancient,7778,RES Regional Champions 2024
186343,1729029600000,7176,RED Canids,13,12144,BESTIA,10,RED Canids,Anubis,7804,ESL Challenger League Season 48 South America
186340,1729029600000,12144,BESTIA,4,7176,RED Canids,13,RED Canids,Nuke,7804,ESL Challenger League Season 48 South America
186286,1728838800000,4494,MOUZ,11,4608,Natus Vincere,13,Natus Vincere,Ancient,7439,IEM Rio 2024
186280,1728838800000,4608,Natus Vincere,6,4494,MOUZ,13,MOUZ,Mirage,7439,IEM Rio 2024
186276,1728838800000,4494,MOUZ,2,4608,Natus Vincere,13,Natus Vincere,Dust2,7439,IEM Rio 2024
186272,1728838800000,4608,Natus Vincere,13,4494,MOUZ,11,Natus Vincere,Inferno,7439,IEM Rio 2024
186238,1728759000000,8297,FURIA,3,4494,MOUZ,13,MOUZ,Mirage,7439,IEM Rio 2024
186237,1728759000000,4494,MOUZ,13,8297,FURIA,3,MOUZ,Nuke,7439,IEM Rio 2024
186231,1728745200000,7175,HEROIC,6,4608,Natus Vincere,13,Natus Vincere,Mirage,7439,IEM Rio 2024
186226,1728745200000,4608,Natus Vincere,16,7175,HEROIC,14,Natus Vincere,Dust2,7439,IEM Rio 2024
186216,1728745200000,7175,HEROIC,13,4608,Natus Vincere,9,HEROIC,Ancient,7439,IEM Rio 2024
186192,1728670500000,9565,Vitality,10,4494,MOUZ,13,MOUZ,Inferno,7439,IEM Rio 2024
186190,1728670500000,4494,MOUZ,13,9565,Vitality,11,MOUZ,Nuke,7439,IEM Rio 2024
186186,1728670500000,9565,Vitality,13,4494,MOUZ,7,Vitality,Mirage,7439,IEM Rio 2024
186181,1728658800000,5378,Virtus.pro,11,4608,Natus Vincere,13,Natus Vincere,Ancient,7439,IEM Rio 2024
186177,1728658800000,4608,Natus Vincere,13,5378,Virtus.pro,4,Natus Vincere,Inferno,7439,IEM Rio 2024
186106,1728514800000,7176,RED Canids,6,9215,MIBR,13,MIBR,Anubis,7804,ESL Challenger League Season 48 South America
186102,1728511200000,9215,MIBR,13,7176,RED Canids,8,MIBR,Nuke,7804,ESL Challenger League Season 48 South America
186097,1728500400000,6667,FaZe,7,4494,MOUZ,13,MOUZ,Nuke,7439,IEM Rio 2024
186095,1728500400000,6667,FaZe,16,4494,MOUZ,14,FaZe,Mirage,7439,IEM Rio 2024
186092,1728500400000,4494,MOUZ,13,6667,FaZe,7,MOUZ,Dust2,7439,IEM Rio 2024
186094,1728500400000,6248,The MongolZ,3,5378,Virtus.pro,13,Virtus.pro,Dust2,7439,IEM Rio 2024
186093,1728500400000,5378,Virtus.pro,13,6248,The MongolZ,10,Virtus.pro,Ancient,7439,IEM Rio 2024
186089,1728492900000,8297,FURIA,13,4608,Natus Vincere,4,FURIA,Mirage,7439,IEM Rio 2024
186086,1728492900000,4608,Natus Vincere,10,8297,FURIA,13,FURIA,Nuke,7439,IEM Rio 2024
186088,1728492000000,9565,Vitality,5,7175,HEROIC,13,HEROIC,Anubis,7439,IEM Rio 2024
186085,1728492000000,9565,Vitality,11,7175,HEROIC,13,HEROIC,Mirage,7439,IEM Rio 2024
186084,1728482400000,11251,Eternal Fire,4,6248,The MongolZ,13,The MongolZ,Inferno,7439,IEM Rio 2024
186082,1728482400000,11251,Eternal Fire,13,6248,The MongolZ,8,Eternal Fire,Mirage,7439,IEM Rio 2024
186078,1728482400000,6248,The MongolZ,13,11251,Eternal Fire,2,The MongolZ,Anubis,7439,IEM Rio 2024
186083,1728482400000,6665,Astralis,9,5378,Virtus.pro,13,Virtus.pro,Mirage,7439,IEM Rio 2024
186079,1728482400000,5378,Virtus.pro,19,6665,Astralis,16,Virtus.pro,Ancient,7439,IEM Rio 2024
186050,1728428400000,4773,paiN,17,9455,Imperial,19,Imperial,Mirage,7804,ESL Challenger League Season 48 South America
186045,1728424800000,4773,paiN,13,9455,Imperial,3,paiN,Inferno,7804,ESL Challenger League Season 48 South America
186040,1728415800000,5005,Complexity,12,4494,MOUZ,16,MOUZ,Inferno,7439,IEM Rio 2024
186035,1728415800000,4494,MOUZ,16,5005,Complexity,12,MOUZ,Vertigo,7439,IEM Rio 2024
186039,1728414000000,5973,Liquid,7,6667,FaZe,13,FaZe,Dust2,7439,IEM Rio 2024
186032,1728414000000,6667,FaZe,13,5973,Liquid,6,FaZe,Inferno,7439,IEM Rio 2024
186033,1728414000000,9215,MIBR,14,4773,paiN,16,paiN,Vertigo,7804,ESL Challenger League Season 48 South America
186028,1728410400000,4773,paiN,13,9215,MIBR,1,paiN,Mirage,7804,ESL Challenger League Season 48 South America
186029,1728408300000,7175,HEROIC,13,6665,Astralis,7,HEROIC,Ancient,7439,IEM Rio 2024
186024,1728408300000,6665,Astralis,9,7175,HEROIC,13,HEROIC,Mirage,7439,IEM Rio 2024
186026,1728405600000,11251,Eternal Fire,13,5995,G2,6,Eternal Fire,Mirage,7439,IEM Rio 2024
186022,1728405600000,11251,Eternal Fire,13,5995,G2,4,Eternal Fire,Anubis,7439,IEM Rio 2024
186020,1728396000000,9996,9z,2,5378,Virtus.pro,13,Virtus.pro,Mirage,7439,IEM Rio 2024
186017,1728396000000,9996,9z,11,5378,Virtus.pro,13,Virtus.pro,Inferno,7439,IEM Rio 2024
186013,1728396000000,5378,Virtus.pro,6,9996,9z,13,9z,Ancient,7439,IEM Rio 2024
186018,1728396000000,6248,The MongolZ,8,9565,Vitality,13,Vitality,Nuke,7439,IEM Rio 2024
186014,1728396000000,9565,Vitality,19,6248,The MongolZ,17,Vitality,Inferno,7439,IEM Rio 2024
185995,1728339600000,4608,Natus Vincere,13,5973,Liquid,11,Natus Vincere,Ancient,7439,IEM Rio 2024
185993,1728339600000,5973,Liquid,5,4608,Natus Vincere,13,Natus Vincere,Dust2,7439,IEM Rio 2024
185989,1728339600000,4608,Natus Vincere,4,5973,Liquid,13,Liquid,Inferno,7439,IEM Rio 2024
185994,1728335100000,5005,Complexity,13,9455,Imperial,5,Complexity,Anubis,7439,IEM Rio 2024
185991,1728335100000,9455,Imperial,13,5005,Complexity,11,Imperial,Vertigo,7439,IEM Rio 2024
185986,1728335100000,5005,Complexity,16,9455,Imperial,12,Complexity,Dust2,7439,IEM Rio 2024
185987,1728327000000,4773,paiN,8,6667,FaZe,13,FaZe,Nuke,7439,IEM Rio 2024
185984,1728327000000,4773,paiN,16,6667,FaZe,13,paiN,Mirage,7439,IEM Rio 2024
185980,1728327000000,4773,paiN,9,6667,FaZe,13,FaZe,Dust2,7439,IEM Rio 2024
185983,1728324900000,4494,MOUZ,5,8297,FURIA,13,FURIA,Dust2,7439,IEM Rio 2024
185982,1728324900000,8297,FURIA,5,4494,MOUZ,13,MOUZ,Mirage,7439,IEM Rio 2024
185979,1728324900000,4494,MOUZ,8,8297,FURIA,13,FURIA,Nuke,7439,IEM Rio 2024
185972,1728322200000,6665,Astralis,13,11251,Eternal Fire,11,Astralis,Inferno,7439,IEM Rio 2024
185969,1728320700000,6248,The MongolZ,13,5378,Virtus.pro,10,The MongolZ,Mirage,7439,IEM Rio 2024
185964,1728317700000,5995,G2,10,7175,HEROIC,13,HEROIC,Dust2,7439,IEM Rio 2024
185962,1728317400000,9996,9z,3,9565,Vitality,13,Vitality,Mirage,7439,IEM Rio 2024
185957,1728314100000,4608,Natus Vincere,13,9455,Imperial,2,Natus Vincere,Nuke,7439,IEM Rio 2024
185958,1728313800000,5005,Complexity,6,5973,Liquid,13,Liquid,Inferno,7439,IEM Rio 2024
185956,1728309600000,4773,paiN,11,4494,MOUZ,13,MOUZ,Dust2,7439,IEM Rio 2024
185955,1728309600000,6667,FaZe,7,8297,FURIA,13,FURIA,Dust2,7439,IEM Rio 2024
185934,1728255600000,9455,Imperial,8,9215,MIBR,13,MIBR,Mirage,7804,ESL Challenger League Season 48 South America
185931,1728252000000,9455,Imperial,13,9215,MIBR,7,Imperial,Nuke,7804,ESL Challenger League Season 48 South America
185937,1728249300000,12774,FlyQuest,13,7532,BIG,9,FlyQuest,Dust2,7602,ESL Challenger Atlanta 2024
185932,1728249300000,7532,BIG,16,12774,FlyQuest,14,BIG,Vertigo,7602,ESL Challenger Atlanta 2024
185929,1728249300000,12774,FlyQuest,13,7532,BIG,10,FlyQuest,Ancient,7602,ESL Challenger Atlanta 2024
185923,1728235800000,10567,SAW,9,7532,BIG,13,BIG,Vertigo,7602,ESL Challenger Atlanta 2024
185920,1728235800000,10567,SAW,6,7532,BIG,13,BIG,Ancient,7602,ESL Challenger Atlanta 2024
185916,1728235800000,7532,BIG,5,10567,SAW,13,SAW,Nuke,7602,ESL Challenger Atlanta 2024
185909,1728223200000,12257,Wildcard,3,12774,FlyQuest,13,FlyQuest,Anubis,7602,ESL Challenger Atlanta 2024
185896,1728223200000,12257,Wildcard,13,12774,FlyQuest,9,Wildcard,Dust2,7602,ESL Challenger Atlanta 2024
185889,1728223200000,12774,FlyQuest,13,12257,Wildcard,11,FlyQuest,Nuke,7602,ESL Challenger Atlanta 2024
185841,1728160200000,10567,SAW,13,12394,BetBoom,11,SAW,Ancient,7602,ESL Challenger Atlanta 2024
185840,1728160200000,12394,BetBoom,13,10567,SAW,10,BetBoom,Nuke,7602,ESL Challenger Atlanta 2024
185836,1728160200000,12394,BetBoom,6,10567,SAW,13,SAW,Anubis,7602,ESL Challenger Atlanta 2024
185830,1728147900000,12257,Wildcard,13,12376,M80,8,Wildcard,Vertigo,7602,ESL Challenger Atlanta 2024
185827,1728147900000,12376,M80,8,12257,Wildcard,13,Wildcard,Anubis,7602,ESL Challenger Atlanta 2024
185821,1728147900000,12376,M80,13,12257,Wildcard,7,M80,Dust2,7602,ESL Challenger Atlanta 2024
185739,1728078600000,7532,BIG,13,12376,M80,7,BIG,Dust2,7602,ESL Challenger Atlanta 2024
185735,1728072600000,10567,SAW,9,12774,FlyQuest,13,FlyQuest,Inferno,7602,ESL Challenger Atlanta 2024
185743,1728072000000,9455,Imperial,11,7176,RED Canids,13,RED Canids,Nuke,8083,CBCS Masters 2024 Finals
185737,1728072000000,7176,RED Canids,6,9455,Imperial,13,Imperial,Dust2,8083,CBCS Masters 2024 Finals
185734,1728072000000,9455,Imperial,11,7176,RED Canids,13,RED Canids,Vertigo,8083,CBCS Masters 2024 Finals
185731,1728066900000,12257,Wildcard,8,12376,M80,13,M80,Ancient,7602,ESL Challenger Atlanta 2024
185711,1728052200000,12774,FlyQuest,13,12394,BetBoom,3,FlyQuest,Dust2,7602,ESL Challenger Atlanta 2024
185572,1727896500000,7176,RED Canids,14,4773,paiN,16,paiN,Mirage,7804,ESL Challenger League Season 48 South America
185566,1727892000000,7176,RED Canids,13,4773,paiN,9,RED Canids,Nuke,7804,ESL Challenger League Season 48 South America
185323,1727618400000,4608,Natus Vincere,7,5995,G2,13,G2,Inferno,7556,BLAST Premier Fall Final 2024
185318,1727618400000,5995,G2,11,4608,Natus Vincere,13,Natus Vincere,Mirage,7556,BLAST Premier Fall Final 2024
185312,1727618400000,4608,Natus Vincere,11,5995,G2,13,G2,Dust2,7556,BLAST Premier Fall Final 2024
185303,1727618400000,5995,G2,13,4608,Natus Vincere,9,G2,Ancient,7556,BLAST Premier Fall Final 2024
185317,1727616600000,10567,SAW,13,4914,3DMAX,9,SAW,Vertigo,8092,ESL Challenger Katowice 2024 Europe Closed Qualifier
185310,1727616600000,4914,3DMAX,13,10567,SAW,10,3DMAX,Nuke,8092,ESL Challenger Katowice 2024 Europe Closed Qualifier
185301,1727616600000,10567,SAW,13,4914,3DMAX,8,SAW,Dust2,8092,ESL Challenger Katowice 2024 Europe Closed Qualifier
185268,1727566200000,7176,RED Canids,6,4773,paiN,13,paiN,Nuke,8096,ESL Challenger Katowice 2024 South America Closed Qualifier
185267,1727566200000,4773,paiN,13,7176,RED Canids,3,paiN,Mirage,8096,ESL Challenger Katowice 2024 South America Closed Qualifier
185255,1727548500000,6667,FaZe,2,4608,Natus Vincere,13,Natus Vincere,Anubis,7556,BLAST Premier Fall Final 2024
185249,1727548500000,6667,FaZe,11,4608,Natus Vincere,13,Natus Vincere,Ancient,7556,BLAST Premier Fall Final 2024
185236,1727548500000,4608,Natus Vincere,10,6667,FaZe,13,FaZe,Inferno,7556,BLAST Premier Fall Final 2024
185246,1727544600000,11241,B8,13,4914,3DMAX,10,B8,Nuke,8092,ESL Challenger Katowice 2024 Europe Closed Qualifier
185232,1727544600000,11241,B8,14,4914,3DMAX,16,3DMAX,Dust2,8092,ESL Challenger Katowice 2024 Europe Closed Qualifier
185223,1727544600000,4914,3DMAX,10,11241,B8,13,B8,Ancient,8092,ESL Challenger Katowice 2024 Europe Closed Qualifier
185237,1727544600000,9996,9z,9,10567,SAW,13,SAW,Inferno,8092,ESL Challenger Katowice 2024 Europe Closed Qualifier
185227,1727544600000,10567,SAW,19,9996,9z,17,SAW,Dust2,8092,ESL Challenger Katowice 2024 Europe Closed Qualifier
185215,1727532000000,5995,G2,16,9565,Vitality,14,G2,Mirage,7556,BLAST Premier Fall Final 2024
185208,1727532000000,5995,G2,13,9565,Vitality,7,G2,Dust2,7556,BLAST Premier Fall Final 2024
185202,1727532000000,9565,Vitality,13,5995,G2,9,Vitality,Anubis,7556,BLAST Premier Fall Final 2024
185213,1727530200000,7969,Nemiga,7,10567,SAW,13,SAW,Vertigo,8092,ESL Challenger Katowice 2024 Europe Closed Qualifier
185207,1727530200000,7969,Nemiga,5,10567,SAW,13,SAW,Inferno,8092,ESL Challenger Katowice 2024 Europe Closed Qualifier
185201,1727530200000,10567,SAW,7,7969,Nemiga,13,Nemiga,Ancient,8092,ESL Challenger Katowice 2024 Europe Closed Qualifier
185194,1727519400000,4914,3DMAX,4,12394,BetBoom,13,BetBoom,Anubis,8074,CCT Season 2 Europe Series 12
185191,1727519400000,4914,3DMAX,14,12394,BetBoom,16,BetBoom,Nuke,8074,CCT Season 2 Europe Series 12
185178,1727519400000,4914,3DMAX,13,12394,BetBoom,6,3DMAX,Inferno,8074,CCT Season 2 Europe Series 12
185128,1727460600000,12394,BetBoom,16,10333,Sangal,13,BetBoom,Mirage,8074,CCT Season 2 Europe Series 12
185119,1727460600000,10333,Sangal,2,12394,BetBoom,13,BetBoom,Dust2,8074,CCT Season 2 Europe Series 12
185122,1727460600000,11241,B8,13,10567,SAW,8,B8,Nuke,8092,ESL Challenger Katowice 2024 Europe Closed Qualifier
185112,1727460600000,10567,SAW,9,11241,B8,13,B8,Ancient,8092,ESL Challenger Katowice 2024 Europe Closed Qualifier
185126,1727458200000,9996,9z,13,4914,3DMAX,16,3DMAX,Dust2,8092,ESL Challenger Katowice 2024 Europe Closed Qualifier
185113,1727458200000,9996,9z,16,4914,3DMAX,19,3DMAX,Inferno,8092,ESL Challenger Katowice 2024 Europe Closed Qualifier
185116,1727457900000,6667,FaZe,13,5973,Liquid,3,FaZe,Mirage,7556,BLAST Premier Fall Final 2024
185109,1727457900000,5973,Liquid,6,6667,FaZe,13,FaZe,Inferno,7556,BLAST Premier Fall Final 2024
185098,1727445600000,7020,Spirit,13,5995,G2,16,G2,Mirage,7556,BLAST Premier Fall Final 2024
185083,1727445600000,5995,G2,13,7020,Spirit,9,G2,Dust2,7556,BLAST Premier Fall Final 2024
185088,1727443800000,7969,Nemiga,7,4914,3DMAX,13,3DMAX,Inferno,8092,ESL Challenger Katowice 2024 Europe Closed Qualifier
185077,1727443800000,4914,3DMAX,13,7969,Nemiga,2,3DMAX,Ancient,8092,ESL Challenger Katowice 2024 Europe Closed Qualifier
185028,1727376300000,5973,Liquid,11,9565,Vitality,13,Vitality,Nuke,7556,BLAST Premier Fall Final 2024
185020,1727376300000,9565,Vitality,16,5973,Liquid,12,Vitality,Anubis,7556,BLAST Premier Fall Final 2024
185005,1727365800000,6665,Astralis,11,7020,Spirit,13,Spirit,Mirage,7556,BLAST Premier Fall Final 2024
184994,1727365800000,6665,Astralis,5,7020,Spirit,13,Spirit,Dust2,7556,BLAST Premier Fall Final 2024
184981,1727365800000,7020,Spirit,3,6665,Astralis,13,Astralis,Ancient,7556,BLAST Premier Fall Final 2024
185006,1727364000000,4914,3DMAX,13,11861,Aurora,7,3DMAX,Anubis,7990,YaLLa Compass Summer 2024
184980,1727364000000,11861,Aurora,19,4914,3DMAX,22,3DMAX,Dust2,7990,YaLLa Compass Summer 2024
184975,1727358300000,5995,G2,9,4608,Natus Vincere,13,Natus Vincere,Ancient,7556,BLAST Premier Fall Final 2024
184973,1727358300000,4608,Natus Vincere,13,5995,G2,9,Natus Vincere,Dust2,7556,BLAST Premier Fall Final 2024
184967,1727344800000,11283,Falcons,6,6667,FaZe,13,FaZe,Dust2,7556,BLAST Premier Fall Final 2024
184957,1727344800000,11283,Falcons,22,6667,FaZe,20,Falcons,Ancient,7556,BLAST Premier Fall Final 2024
184953,1727344800000,6667,FaZe,13,11283,Falcons,11,FaZe,Nuke,7556,BLAST Premier Fall Final 2024
184948,1727337600000,11811,Monte,11,4914,3DMAX,13,3DMAX,Dust2,7990,YaLLa Compass Summer 2024
184942,1727337600000,11811,Monte,11,4914,3DMAX,13,3DMAX,Vertigo,7990,YaLLa Compass Summer 2024
184907,1727284800000,5973,Liquid,13,7020,Spirit,10,Liquid,Anubis,7556,BLAST Premier Fall Final 2024
184900,1727284800000,5973,Liquid,13,7020,Spirit,11,Liquid,Nuke,7556,BLAST Premier Fall Final 2024
184888,1727284800000,7020,Spirit,13,5973,Liquid,3,Spirit,Dust2,7556,BLAST Premier Fall Final 2024
184887,1727277600000,6665,Astralis,4,9565,Vitality,13,Vitality,Dust2,7556,BLAST Premier Fall Final 2024
184882,1727277600000,9565,Vitality,13,6665,Astralis,0,Vitality,Inferno,7556,BLAST Premier Fall Final 2024
184878,1727265600000,5995,G2,13,6667,FaZe,9,G2,Mirage,7556,BLAST Premier Fall Final 2024
184875,1727265600000,6667,FaZe,13,5995,G2,6,FaZe,Inferno,7556,BLAST Premier Fall Final 2024
184871,1727265600000,5995,G2,13,6667,FaZe,7,G2,Dust2,7556,BLAST Premier Fall Final 2024
184865,1727258400000,11283,Falcons,10,4608,Natus Vincere,13,Natus Vincere,Ancient,7556,BLAST Premier Fall Final 2024
184858,1727258400000,11283,Falcons,5,4608,Natus Vincere,13,Natus Vincere,Anubis,7556,BLAST Premier Fall Final 2024
184780,1727177400000,11811,Monte,13,7532,BIG,9,Monte,Ancient,7990,YaLLa Compass Summer 2024
184775,1727177400000,7532,BIG,11,11811,Monte,13,Monte,Vertigo,7990,YaLLa Compass Summer 2024
184739,1727123400000,7176,RED Canids,7,4773,paiN,13,paiN,Nuke,8082,CBCS Masters 2024
184733,1727123400000,4773,paiN,13,7176,RED Canids,2,paiN,Mirage,8082,CBCS Masters 2024
184665,1727017200000,11251,Eternal Fire,10,4608,Natus Vincere,13,Natus Vincere,Dust2,7441,ESL Pro League Season 20
184660,1727017200000,4608,Natus Vincere,4,11251,Eternal Fire,13,Eternal Fire,Inferno,7441,ESL Pro League Season 20
184656,1727017200000,11251,Eternal Fire,11,4608,Natus Vincere,13,Natus Vincere,Ancient,7441,ESL Pro League Season 20
184650,1727017200000,11251,Eternal Fire,11,4608,Natus Vincere,13,Natus Vincere,Anubis,7441,ESL Pro League Season 20
184644,1727017200000,11251,Eternal Fire,13,4608,Natus Vincere,8,Eternal Fire,Nuke,7441,ESL Pro League Season 20
184593,1726939800000,4608,Natus Vincere,13,5995,G2,6,Natus Vincere,Ancient,7441,ESL Pro League Season 20
184591,1726939800000,5995,G2,13,4608,Natus Vincere,11,G2,Nuke,7441,ESL Pro League Season 20
184587,1726939800000,4608,Natus Vincere,13,5995,G2,8,Natus Vincere,Inferno,7441,ESL Pro League Season 20
184577,1726928100000,9215,MIBR,10,11251,Eternal Fire,13,Eternal Fire,Inferno,7441,ESL Pro League Season 20
184571,1726928100000,11251,Eternal Fire,13,9215,MIBR,7,Eternal Fire,Nuke,7441,ESL Pro League Season 20
184533,1726853400000,5995,G2,13,5973,Liquid,3,G2,Nuke,7441,ESL Pro League Season 20
184532,1726853400000,5973,Liquid,13,5995,G2,5,Liquid,Mirage,7441,ESL Pro League Season 20
184525,1726853400000,5995,G2,13,5973,Liquid,3,G2,Inferno,7441,ESL Pro League Season 20
184514,1726841700000,7020,Spirit,9,4608,Natus Vincere,13,Natus Vincere,Mirage,7441,ESL Pro League Season 20
184505,1726841700000,4608,Natus Vincere,13,7020,Spirit,5,Natus Vincere,Dust2,7441,ESL Pro League Season 20
184450,1726767000000,9565,Vitality,20,11251,Eternal Fire,22,Eternal Fire,Inferno,7441,ESL Pro League Season 20
184439,1726767000000,11251,Eternal Fire,5,9565,Vitality,13,Vitality,Nuke,7441,ESL Pro League Season 20
184431,1726767000000,11251,Eternal Fire,16,9565,Vitality,14,Eternal Fire,Anubis,7441,ESL Pro League Season 20
184419,1726755300000,9215,MIBR,13,12376,M80,8,MIBR,Ancient,7441,ESL Pro League Season 20
184411,1726755300000,9215,MIBR,13,12376,M80,10,MIBR,Anubis,7441,ESL Pro League Season 20
184409,1726743600000,11712,Sashi,7,11811,Monte,13,Monte,Vertigo,7990,YaLLa Compass Summer 2024
184403,1726743600000,11811,Monte,14,11712,Sashi,16,Sashi,Nuke,7990,YaLLa Compass Summer 2024
184397,1726743600000,11811,Monte,13,11712,Sashi,10,Monte,Anubis,7990,YaLLa Compass Summer 2024
184343,1726682400000,5005,Complexity,7,5973,Liquid,13,Liquid,Anubis,7441,ESL Pro League Season 20
184339,1726682400000,5973,Liquid,13,5005,Complexity,2,Liquid,Nuke,7441,ESL Pro League Season 20
184332,1726672500000,7020,Spirit,13,9455,Imperial,3,Spirit,Dust2,7441,ESL Pro League Season 20
184328,1726672500000,9455,Imperial,13,7020,Spirit,16,Spirit,Nuke,7441,ESL Pro League Season 20
184322,1726657200000,11251,Eternal Fire,13,6248,The MongolZ,11,Eternal Fire,Inferno,7441,ESL Pro League Season 20
184317,1726657200000,6248,The MongolZ,9,11251,Eternal Fire,13,Eternal Fire,Anubis,7441,ESL Pro League Season 20
184309,1726657200000,11251,Eternal Fire,13,6248,The MongolZ,16,The MongolZ,Mirage,7441,ESL Pro League Season 20
184319,1726657200000,7175,HEROIC,5,9215,MIBR,13,MIBR,Nuke,7441,ESL Pro League Season 20
184316,1726657200000,9215,MIBR,13,7175,HEROIC,10,MIBR,Anubis,7441,ESL Pro League Season 20
184308,1726657200000,9215,MIBR,9,7175,HEROIC,13,HEROIC,Mirage,7441,ESL Pro League Season 20
184277,1726594200000,5005,Complexity,13,6667,FaZe,9,Complexity,Dust2,7441,ESL Pro League Season 20
184272,1726594200000,6667,FaZe,10,5005,Complexity,13,Complexity,Anubis,7441,ESL Pro League Season 20
184266,1726582500000,8297,FURIA,11,7020,Spirit,13,Spirit,Anubis,7441,ESL Pro League Season 20
184259,1726582500000,7020,Spirit,13,8297,FURIA,9,Spirit,Nuke,7441,ESL Pro League Season 20
184256,1726570800000,7532,BIG,9,6248,The MongolZ,13,The MongolZ,Mirage,7441,ESL Pro League Season 20
184249,1726570800000,6248,The MongolZ,13,7532,BIG,11,The MongolZ,Nuke,7441,ESL Pro League Season 20
184238,1726570800000,7532,BIG,22,6248,The MongolZ,19,BIG,Ancient,7441,ESL Pro League Season 20
184246,1726570800000,7175,HEROIC,13,5378,Virtus.pro,6,HEROIC,Dust2,7441,ESL Pro League Season 20
184235,1726570800000,5378,Virtus.pro,8,7175,HEROIC,13,HEROIC,Ancient,7441,ESL Pro League Season 20
184153,1726421400000,9565,Vitality,13,5973,Liquid,9,Vitality,Dust2,7441,ESL Pro League Season 20
184149,1726421400000,5973,Liquid,5,9565,Vitality,13,Vitality,Nuke,7441,ESL Pro League Season 20
184145,1726421400000,9565,Vitality,10,5973,Liquid,13,Liquid,Anubis,7441,ESL Pro League Season 20
184133,1726410600000,7176,RED Canids,9,8297,FURIA,13,FURIA,Nuke,7441,ESL Pro League Season 20
184124,1726410600000,8297,FURIA,13,7176,RED Canids,7,FURIA,Anubis,7441,ESL Pro League Season 20
184106,1726399800000,5005,Complexity,13,4494,MOUZ,10,Complexity,Ancient,7441,ESL Pro League Season 20
184097,1726399800000,4494,MOUZ,8,5005,Complexity,13,Complexity,Vertigo,7441,ESL Pro League Season 20
184069,1726336800000,12376,M80,13,9455,Imperial,11,M80,Dust2,7441,ESL Pro League Season 20
184061,1726336800000,9455,Imperial,7,12376,M80,13,M80,Vertigo,7441,ESL Pro League Season 20
184056,1726324200000,5005,Complexity,16,6665,Astralis,14,Complexity,Nuke,7441,ESL Pro League Season 20
184049,1726324200000,5005,Complexity,6,6665,Astralis,13,Astralis,Inferno,7441,ESL Pro League Season 20
184037,1726324200000,6665,Astralis,10,5005,Complexity,13,Complexity,Vertigo,7441,ESL Pro League Season 20
184020,1726313400000,7176,RED Canids,13,11283,Falcons,10,RED Canids,Dust2,7441,ESL Pro League Season 20
184009,1726313400000,11283,Falcons,10,7176,RED Canids,13,RED Canids,Mirage,7441,ESL Pro League Season 20
184016,1726313400000,4991,fnatic,5,4494,MOUZ,13,MOUZ,Mirage,7441,ESL Pro League Season 20
184004,1726313400000,4494,MOUZ,13,4991,fnatic,3,MOUZ,Vertigo,7441,ESL Pro League Season 20
183967,1726253400000,8297,FURIA,7,5378,Virtus.pro,13,Virtus.pro,Mirage,7441,ESL Pro League Season 20
183964,1726253400000,5378,Virtus.pro,13,8297,FURIA,7,Virtus.pro,Vertigo,7441,ESL Pro League Season 20
183960,1726253400000,8297,FURIA,16,5378,Virtus.pro,14,FURIA,Dust2,7441,ESL Pro League Season 20
183948,1726241700000,7532,BIG,13,5005,Complexity,1,BIG,Dust2,7441,ESL Pro League Season 20
183945,1726241700000,7532,BIG,11,5005,Complexity,13,Complexity,Vertigo,7441,ESL Pro League Season 20
183937,1726241700000,5005,Complexity,10,7532,BIG,13,BIG,Ancient,7441,ESL Pro League Season 20
183931,1726227000000,5378,Virtus.pro,13,11283,Falcons,11,Virtus.pro,Ancient,7441,ESL Pro League Season 20
183925,1726227000000,5378,Virtus.pro,16,11283,Falcons,13,Virtus.pro,Vertigo,7441,ESL Pro League Season 20
183916,1726227000000,11283,Falcons,16,5378,Virtus.pro,13,Falcons,Dust2,7441,ESL Pro League Season 20
183927,1726227000000,7176,RED Canids,11,8297,FURIA,13,FURIA,Vertigo,7441,ESL Pro League Season 20
183919,1726227000000,7176,RED Canids,6,8297,FURIA,13,FURIA,Nuke,7441,ESL Pro League Season 20
183910,1726227000000,7176,RED Canids,13,8297,FURIA,1,RED Canids,Anubis,7441,ESL Pro League Season 20
183873,1726162200000,5005,Complexity,13,4494,MOUZ,6,Complexity,Nuke,7441,ESL Pro League Season 20
183861,1726162200000,4494,MOUZ,8,5005,Complexity,13,Complexity,Vertigo,7441,ESL Pro League Season 20
183870,1726162200000,4991,fnatic,6,7532,BIG,13,BIG,Mirage,7441,ESL Pro League Season 20
183859,1726162200000,7532,BIG,13,4991,fnatic,4,BIG,Anubis,7441,ESL Pro League Season 20
183855,1726151400000,7176,RED Canids,13,4869,ENCE,8,RED Canids,Anubis,7441,ESL Pro League Season 20
183848,1726151400000,4869,ENCE,13,7176,RED Canids,6,ENCE,Vertigo,7441,ESL Pro League Season 20
183840,1726151400000,7176,RED Canids,13,4869,ENCE,3,RED Canids,Ancient,7441,ESL Pro League Season 20
183850,1726151400000,8297,FURIA,3,9565,Vitality,13,Vitality,Dust2,7441,ESL Pro League Season 20
183841,1726151400000,9565,Vitality,13,8297,FURIA,7,Vitality,Vertigo,7441,ESL Pro League Season 20
183826,1726140600000,5973,Liquid,13,5378,Virtus.pro,6,Liquid,Dust2,7441,ESL Pro League Season 20
183819,1726140600000,5378,Virtus.pro,7,5973,Liquid,13,Liquid,Ancient,7441,ESL Pro League Season 20
183775,1726077300000,9455,Imperial,16,4494,MOUZ,13,Imperial,Inferno,7441,ESL Pro League Season 20
183757,1726077300000,4494,MOUZ,14,9455,Imperial,16,Imperial,Dust2,7441,ESL Pro League Season 20
183781,1726075800000,12376,M80,16,4991,fnatic,13,M80,Inferno,7441,ESL Pro League Season 20
183764,1726075800000,12376,M80,37,4991,fnatic,34,M80,Anubis,7441,ESL Pro League Season 20
183741,1726066500000,5005,Complexity,16,6665,Astralis,14,Complexity,Inferno,7441,ESL Pro League Season 20
183732,1726066500000,6665,Astralis,17,5005,Complexity,19,Complexity,Vertigo,7441,ESL Pro League Season 20
183719,1726054200000,8297,FURIA,13,11283,Falcons,9,FURIA,Dust2,7441,ESL Pro League Season 20
183713,1726054200000,11283,Falcons,13,8297,FURIA,10,Falcons,Anubis,7441,ESL Pro League Season 20
183702,1726054200000,11283,Falcons,10,8297,FURIA,13,FURIA,Nuke,7441,ESL Pro League Season 20
183673,1725991800000,7176,RED Canids,3,5378,Virtus.pro,13,Virtus.pro,Dust2,7441,ESL Pro League Season 20
183672,1725991800000,5378,Virtus.pro,13,7176,RED Canids,5,Virtus.pro,Vertigo,7441,ESL Pro League Season 20
183671,1725989400000,5005,Complexity,10,12376,M80,13,M80,Anubis,7441,ESL Pro League Season 20
183665,1725989400000,5005,Complexity,6,12376,M80,13,M80,Ancient,7441,ESL Pro League Season 20
183663,1725981000000,9455,Imperial,13,7532,BIG,10,Imperial,Dust2,7441,ESL Pro League Season 20
183660,1725981000000,7532,BIG,4,9455,Imperial,13,Imperial,Mirage,7441,ESL Pro League Season 20
183657,1725981000000,9455,Imperial,8,7532,BIG,13,BIG,Nuke,7441,ESL Pro League Season 20
183659,1725979800000,5973,Liquid,13,4869,ENCE,7,Liquid,Anubis,7441,ESL Pro League Season 20
183656,1725979800000,5973,Liquid,13,4869,ENCE,11,Liquid,Nuke,7441,ESL Pro League Season 20
183651,1725967800000,4991,fnatic,13,6665,Astralis,7,fnatic,Ancient,7441,ESL Pro League Season 20
183643,1725967800000,6665,Astralis,13,4991,fnatic,8,Astralis,Inferno,7441,ESL Pro League Season 20
183632,1725967800000,6665,Astralis,10,4991,fnatic,13,fnatic,Vertigo,7441,ESL Pro League Season 20
183553,1725816600000,9215,MIBR,8,5995,G2,13,G2,Inferno,7441,ESL Pro League Season 20
183549,1725816600000,9215,MIBR,8,5995,G2,13,G2,Anubis,7441,ESL Pro League Season 20
183537,1725805800000,10333,Sangal,9,7175,HEROIC,13,HEROIC,Nuke,7441,ESL Pro League Season 20
183534,1725805800000,7175,HEROIC,13,10333,Sangal,11,HEROIC,Mirage,7441,ESL Pro League Season 20
183525,1725795000000,4914,3DMAX,7,6248,The MongolZ,13,The MongolZ,Ancient,7441,ESL Pro League Season 20
183522,1725795000000,6248,The MongolZ,13,4914,3DMAX,8,The MongolZ,Anubis,7441,ESL Pro League Season 20
183490,1725732000000,11251,Eternal Fire,5,4608,Natus Vincere,13,Natus Vincere,Mirage,7441,ESL Pro League Season 20
183476,1725732000000,11251,Eternal Fire,20,4608,Natus Vincere,22,Natus Vincere,Anubis,7441,ESL Pro League Season 20
183459,1725719400000,7175,HEROIC,13,4411,Ninjas in Pyjamas,6,HEROIC,Anubis,7441,ESL Pro League Season 20
183454,1725719400000,4411,Ninjas in Pyjamas,7,7175,HEROIC,13,HEROIC,Nuke,7441,ESL Pro League Season 20
183443,1725719400000,7175,HEROIC,13,4411,Ninjas in Pyjamas,16,Ninjas in Pyjamas,Ancient,7441,ESL Pro League Season 20
183449,1725719400000,12257,Wildcard,4,4914,3DMAX,13,3DMAX,Inferno,7441,ESL Pro League Season 20
183440,1725719400000,4914,3DMAX,13,12257,Wildcard,9,3DMAX,Ancient,7441,ESL Pro League Season 20
183429,1725708600000,10333,Sangal,16,12774,FlyQuest,12,Sangal,Vertigo,7441,ESL Pro League Season 20
183420,1725708600000,10333,Sangal,13,12774,FlyQuest,11,Sangal,Anubis,7441,ESL Pro League Season 20
183428,1725708600000,9996,9z,10,6248,The MongolZ,13,The MongolZ,Ancient,7441,ESL Pro League Season 20
183419,1725708600000,6248,The MongolZ,13,9996,9z,10,The MongolZ,Nuke,7441,ESL Pro League Season 20
183392,1725643800000,7020,Spirit,13,4914,3DMAX,2,Spirit,Nuke,7441,ESL Pro League Season 20
183387,1725643800000,4914,3DMAX,6,7020,Spirit,13,Spirit,Ancient,7441,ESL Pro League Season 20
183379,1725643800000,7020,Spirit,6,4914,3DMAX,13,3DMAX,Anubis,7441,ESL Pro League Season 20
183369,1725633900000,10333,Sangal,5,6667,FaZe,13,FaZe,Dust2,7441,ESL Pro League Season 20
183363,1725633900000,6667,FaZe,13,10333,Sangal,11,FaZe,Anubis,7441,ESL Pro League Season 20
183355,1725622200000,6248,The MongolZ,11,7020,Spirit,13,Spirit,Nuke,7441,ESL Pro League Season 20
183349,1725622200000,7020,Spirit,13,6248,The MongolZ,4,Spirit,Anubis,7441,ESL Pro League Season 20
183343,1725622200000,7020,Spirit,9,6248,The MongolZ,13,The MongolZ,Ancient,7441,ESL Pro League Season 20
183350,1725622200000,4914,3DMAX,13,9996,9z,5,3DMAX,Nuke,7441,ESL Pro League Season 20
183345,1725622200000,9996,9z,14,4914,3DMAX,16,3DMAX,Inferno,7441,ESL Pro League Season 20
183317,1725559500000,4411,Ninjas in Pyjamas,1,6667,FaZe,13,FaZe,Dust2,7441,ESL Pro League Season 20
183313,1725559500000,6667,FaZe,13,4411,Ninjas in Pyjamas,9,FaZe,Mirage,7441,ESL Pro League Season 20
183303,1725559500000,6667,FaZe,11,4411,Ninjas in Pyjamas,13,Ninjas in Pyjamas,Ancient,7441,ESL Pro League Season 20
183315,1725557400000,10333,Sangal,13,7175,HEROIC,11,Sangal,Nuke,7441,ESL Pro League Season 20
183306,1725557400000,10333,Sangal,13,7175,HEROIC,9,Sangal,Ancient,7441,ESL Pro League Season 20
183293,1725557400000,7175,HEROIC,16,10333,Sangal,12,HEROIC,Mirage,7441,ESL Pro League Season 20
183284,1725548100000,4914,3DMAX,7,5995,G2,13,G2,Nuke,7441,ESL Pro League Season 20
183275,1725548100000,4914,3DMAX,6,5995,G2,13,G2,Ancient,7441,ESL Pro League Season 20
183267,1725548100000,4914,3DMAX,13,5995,G2,10,3DMAX,Anubis,7441,ESL Pro League Season 20
183271,1725546600000,12257,Wildcard,10,9996,9z,13,9z,Nuke,7441,ESL Pro League Season 20
183262,1725546600000,9996,9z,13,12257,Wildcard,6,9z,Ancient,7441,ESL Pro League Season 20
183256,1725535800000,7020,Spirit,13,9215,MIBR,16,MIBR,Anubis,7441,ESL Pro League Season 20
183250,1725535800000,9215,MIBR,13,7020,Spirit,7,MIBR,Nuke,7441,ESL Pro League Season 20
183240,1725535800000,7020,Spirit,13,9215,MIBR,2,Spirit,Ancient,7441,ESL Pro League Season 20
183199,1725471000000,4411,Ninjas in Pyjamas,9,4608,Natus Vincere,13,Natus Vincere,Dust2,7441,ESL Pro League Season 20
183190,1725471000000,4608,Natus Vincere,13,4411,Ninjas in Pyjamas,6,Natus Vincere,Ancient,7441,ESL Pro League Season 20
183187,1725460200000,12774,FlyQuest,11,6667,FaZe,13,FaZe,Ancient,7441,ESL Pro League Season 20
183180,1725460200000,6667,FaZe,13,12774,FlyQuest,9,FaZe,Anubis,7441,ESL Pro League Season 20
183183,1725460200000,11251,Eternal Fire,13,10333,Sangal,1,Eternal Fire,Nuke,7441,ESL Pro League Season 20
183182,1725460200000,10333,Sangal,8,11251,Eternal Fire,13,Eternal Fire,Dust2,7441,ESL Pro League Season 20
183172,1725449400000,12257,Wildcard,13,7020,Spirit,16,Spirit,Nuke,7441,ESL Pro League Season 20
183169,1725449400000,4914,3DMAX,13,6248,The MongolZ,11,3DMAX,Ancient,7441,ESL Pro League Season 20
183165,1725449400000,7020,Spirit,13,12257,Wildcard,11,Spirit,Ancient,7441,ESL Pro League Season 20
183163,1725449400000,4914,3DMAX,13,6248,The MongolZ,9,3DMAX,Anubis,7441,ESL Pro League Season 20
183134,1725384600000,9215,MIBR,13,9996,9z,10,MIBR,Nuke,7441,ESL Pro League Season 20
183122,1725384600000,9215,MIBR,13,9996,9z,11,MIBR,Anubis,7441,ESL Pro League Season 20
183115,1725374400000,7175,HEROIC,6,4411,Ninjas in Pyjamas,13,Ninjas in Pyjamas,Vertigo,7441,ESL Pro League Season 20
183107,1725374400000,4411,Ninjas in Pyjamas,7,7175,HEROIC,13,HEROIC,Nuke,7441,ESL Pro League Season 20
183112,1725373800000,6667,FaZe,11,10333,Sangal,13,Sangal,Nuke,7441,ESL Pro League Season 20
183105,1725373800000,10333,Sangal,11,6667,FaZe,13,FaZe,Ancient,7441,ESL Pro League Season 20
183095,1725373800000,10333,Sangal,13,6667,FaZe,2,Sangal,Anubis,7441,ESL Pro League Season 20
183085,1725363000000,12774,FlyQuest,7,11251,Eternal Fire,13,Eternal Fire,Dust2,7441,ESL Pro League Season 20
183078,1725363000000,11251,Eternal Fire,13,12774,FlyQuest,10,Eternal Fire,Inferno,7441,ESL Pro League Season 20
182969,1725188400000,11251,Eternal Fire,9,7020,Spirit,13,Spirit,Mirage,7993,BetBoom Dacha Belgrade Season 2
182963,1725188400000,7020,Spirit,13,11251,Eternal Fire,8,Spirit,Vertigo,7993,BetBoom Dacha Belgrade Season 2
182957,1725188400000,11251,Eternal Fire,7,7020,Spirit,13,Spirit,Nuke,7993,BetBoom Dacha Belgrade Season 2
182935,1725120000000,11251,Eternal Fire,19,4494,MOUZ,17,Eternal Fire,Nuke,7993,BetBoom Dacha Belgrade Season 2
182931,1725120000000,4494,MOUZ,10,11251,Eternal Fire,13,Eternal Fire,Dust2,7993,BetBoom Dacha Belgrade Season 2
182918,1725102900000,11251,Eternal Fire,13,4773,paiN,6,Eternal Fire,Anubis,7993,BetBoom Dacha Belgrade Season 2
182916,1725102900000,11251,Eternal Fire,13,4773,paiN,10,Eternal Fire,Inferno,7993,BetBoom Dacha Belgrade Season 2
182905,1725043500000,7020,Spirit,13,4494,MOUZ,11,Spirit,Ancient,7993,BetBoom Dacha Belgrade Season 2
182903,1725043500000,7020,Spirit,14,4494,MOUZ,16,MOUZ,Mirage,7993,BetBoom Dacha Belgrade Season 2
182900,1725043500000,4494,MOUZ,9,7020,Spirit,13,Spirit,Nuke,7993,BetBoom Dacha Belgrade Season 2
182892,1725028200000,5378,Virtus.pro,11,4773,paiN,13,paiN,Dust2,7993,BetBoom Dacha Belgrade Season 2
182890,1725028200000,5378,Virtus.pro,10,4773,paiN,13,paiN,Vertigo,7993,BetBoom Dacha Belgrade Season 2
182885,1725028200000,4773,paiN,10,5378,Virtus.pro,13,Virtus.pro,Mirage,7993,BetBoom Dacha Belgrade Season 2
182883,1725024600000,11861,Aurora,13,11712,Sashi,7,Aurora,Inferno,7964,ESL Challenger Atlanta 2024 Europe Closed Qualifier
182880,1725024600000,11712,Sashi,10,11861,Aurora,13,Aurora,Mirage,7964,ESL Challenger Atlanta 2024 Europe Closed Qualifier
182875,1725015600000,8297,FURIA,9,11251,Eternal Fire,13,Eternal Fire,Mirage,7993,BetBoom Dacha Belgrade Season 2
182866,1725015600000,11251,Eternal Fire,5,8297,FURIA,13,FURIA,Nuke,7993,BetBoom Dacha Belgrade Season 2
182861,1725015600000,8297,FURIA,6,11251,Eternal Fire,13,Eternal Fire,Vertigo,7993,BetBoom Dacha Belgrade Season 2
182823,1724955000000,4773,paiN,7,4494,MOUZ,13,MOUZ,Nuke,7993,BetBoom Dacha Belgrade Season 2
182819,1724955000000,4773,paiN,6,4494,MOUZ,13,MOUZ,Mirage,7993,BetBoom Dacha Belgrade Season 2
182810,1724955000000,4494,MOUZ,12,4773,paiN,16,paiN,Vertigo,7993,BetBoom Dacha Belgrade Season 2
182791,1724946000000,7020,Spirit,13,8297,FURIA,1,Spirit,Anubis,7993,BetBoom Dacha Belgrade Season 2
182788,1724946000000,7020,Spirit,13,8297,FURIA,4,Spirit,Mirage,7993,BetBoom Dacha Belgrade Season 2
182770,1724936100000,11251,Eternal Fire,13,7175,HEROIC,10,Eternal Fire,Anubis,7993,BetBoom Dacha Belgrade Season 2
182757,1724936100000,11251,Eternal Fire,13,7175,HEROIC,7,Eternal Fire,Mirage,7993,BetBoom Dacha Belgrade Season 2
182739,1724922000000,5378,Virtus.pro,13,11283,Falcons,9,Virtus.pro,Ancient,7993,BetBoom Dacha Belgrade Season 2
182732,1724922000000,11283,Falcons,13,5378,Virtus.pro,8,Falcons,Vertigo,7993,BetBoom Dacha Belgrade Season 2
182720,1724922000000,11283,Falcons,11,5378,Virtus.pro,13,Virtus.pro,Mirage,7993,BetBoom Dacha Belgrade Season 2
182691,1724878500000,11251,Eternal Fire,3,4494,MOUZ,13,MOUZ,Nuke,7993,BetBoom Dacha Belgrade Season 2
182684,1724878500000,4494,MOUZ,13,11251,Eternal Fire,8,MOUZ,Inferno,7993,BetBoom Dacha Belgrade Season 2
182681,1724863800000,4773,paiN,13,7175,HEROIC,8,paiN,Nuke,7993,BetBoom Dacha Belgrade Season 2
182669,1724863800000,4773,paiN,13,7175,HEROIC,11,paiN,Dust2,7993,BetBoom Dacha Belgrade Season 2
182658,1724863800000,7175,HEROIC,13,4773,paiN,5,HEROIC,Vertigo,7993,BetBoom Dacha Belgrade Season 2
182648,1724851800000,7175,HEROIC,13,11283,Falcons,6,HEROIC,Dust2,7976,IEM Rio 2024 Europe Closed Qualifier
182641,1724851800000,11283,Falcons,9,7175,HEROIC,13,HEROIC,Mirage,7976,IEM Rio 2024 Europe Closed Qualifier
182639,1724846400000,8297,FURIA,13,5378,Virtus.pro,7,FURIA,Mirage,7993,BetBoom Dacha Belgrade Season 2
182631,1724846400000,5378,Virtus.pro,6,8297,FURIA,13,FURIA,Inferno,7993,BetBoom Dacha Belgrade Season 2
182607,1724835600000,7020,Spirit,13,11283,Falcons,11,Spirit,Dust2,7993,BetBoom Dacha Belgrade Season 2
182582,1724835600000,11283,Falcons,7,7020,Spirit,13,Spirit,Nuke,7993,BetBoom Dacha Belgrade Season 2
182545,1724779800000,7175,HEROIC,13,4991,fnatic,7,HEROIC,Dust2,7976,IEM Rio 2024 Europe Closed Qualifier
182535,1724779800000,4991,fnatic,6,7175,HEROIC,13,HEROIC,Mirage,7976,IEM Rio 2024 Europe Closed Qualifier
182528,1724779800000,4991,fnatic,16,7175,HEROIC,14,fnatic,Anubis,7976,IEM Rio 2024 Europe Closed Qualifier
182534,1724779800000,11283,Falcons,8,11251,Eternal Fire,13,Eternal Fire,Anubis,7976,IEM Rio 2024 Europe Closed Qualifier
182525,1724779800000,11283,Falcons,11,11251,Eternal Fire,13,Eternal Fire,Vertigo,7976,IEM Rio 2024 Europe Closed Qualifier
182507,1724767800000,11251,Eternal Fire,17,8297,FURIA,19,FURIA,Dust2,8005,BetBoom Dacha Belgrade Season 2 Play-in
182505,1724765400000,7175,HEROIC,13,4914,3DMAX,3,HEROIC,Ancient,7976,IEM Rio 2024 Europe Closed Qualifier
182497,1724765400000,4914,3DMAX,11,7175,HEROIC,13,HEROIC,Anubis,7976,IEM Rio 2024 Europe Closed Qualifier
182457,1724751000000,4773,paiN,13,11283,Falcons,10,paiN,Vertigo,8005,BetBoom Dacha Belgrade Season 2 Play-in
182392,1724694300000,11283,Falcons,13,4914,3DMAX,11,Falcons,Anubis,7976,IEM Rio 2024 Europe Closed Qualifier
182391,1724694300000,11283,Falcons,13,4914,3DMAX,4,Falcons,Vertigo,7976,IEM Rio 2024 Europe Closed Qualifier
182369,1724694300000,11283,Falcons,3,4914,3DMAX,13,3DMAX,Nuke,7976,IEM Rio 2024 Europe Closed Qualifier
182384,1724693400000,11241,B8,9,7175,HEROIC,13,HEROIC,Dust2,7976,IEM Rio 2024 Europe Closed Qualifier
182370,1724693400000,11241,B8,12,7175,HEROIC,16,HEROIC,Anubis,7976,IEM Rio 2024 Europe Closed Qualifier
182360,1724679000000,4991,fnatic,11,4914,3DMAX,13,3DMAX,Inferno,7976,IEM Rio 2024 Europe Closed Qualifier
182350,1724679000000,4914,3DMAX,8,4991,fnatic,13,fnatic,Anubis,7976,IEM Rio 2024 Europe Closed Qualifier
182338,1724679000000,4914,3DMAX,13,4991,fnatic,9,3DMAX,Ancient,7976,IEM Rio 2024 Europe Closed Qualifier
182346,1724679000000,11241,B8,7,11251,Eternal Fire,13,Eternal Fire,Dust2,7976,IEM Rio 2024 Europe Closed Qualifier
182335,1724679000000,11251,Eternal Fire,13,11241,B8,2,Eternal Fire,Mirage,7976,IEM Rio 2024 Europe Closed Qualifier
182334,1724671200000,8297,FURIA,13,11861,Aurora,9,FURIA,Nuke,8005,BetBoom Dacha Belgrade Season 2 Play-in
182328,1724671200000,11861,Aurora,10,8297,FURIA,13,FURIA,Inferno,8005,BetBoom Dacha Belgrade Season 2 Play-in
182313,1724671200000,8297,FURIA,7,11861,Aurora,13,Aurora,Mirage,8005,BetBoom Dacha Belgrade Season 2 Play-in
182296,1724662800000,11283,Falcons,13,9996,9z,1,Falcons,Mirage,8005,BetBoom Dacha Belgrade Season 2 Play-in
182289,1724662800000,9996,9z,9,11283,Falcons,13,Falcons,Dust2,8005,BetBoom Dacha Belgrade Season 2 Play-in
182257,1724609400000,11283,Falcons,13,5378,Virtus.pro,6,Falcons,Mirage,7555,BLAST Premier Fall Showdown 2024
182254,1724609400000,11283,Falcons,13,5378,Virtus.pro,10,Falcons,Vertigo,7555,BLAST Premier Fall Showdown 2024
182247,1724597100000,11861,Aurora,2,11251,Eternal Fire,13,Eternal Fire,Inferno,8005,BetBoom Dacha Belgrade Season 2 Play-in
182246,1724597100000,11861,Aurora,9,11251,Eternal Fire,13,Eternal Fire,Dust2,8005,BetBoom Dacha Belgrade Season 2 Play-in
182237,1724597100000,11251,Eternal Fire,13,11861,Aurora,16,Aurora,Mirage,8005,BetBoom Dacha Belgrade Season 2 Play-in
182232,1724586300000,9996,9z,10,4773,paiN,13,paiN,Inferno,8005,BetBoom Dacha Belgrade Season 2 Play-in
182227,1724586300000,4773,paiN,13,9996,9z,9,paiN,Nuke,8005,BetBoom Dacha Belgrade Season 2 Play-in
182219,1724577300000,12394,BetBoom,8,11283,Falcons,13,Falcons,Nuke,8005,BetBoom Dacha Belgrade Season 2 Play-in
182217,1724577300000,11283,Falcons,13,12394,BetBoom,7,Falcons,Ancient,8005,BetBoom Dacha Belgrade Season 2 Play-in
182200,1724529300000,7532,BIG,10,5378,Virtus.pro,13,Virtus.pro,Dust2,7555,BLAST Premier Fall Showdown 2024
182199,1724529300000,7532,BIG,7,5378,Virtus.pro,13,Virtus.pro,Mirage,7555,BLAST Premier Fall Showdown 2024
182196,1724529300000,5378,Virtus.pro,16,7532,BIG,19,BIG,Ancient,7555,BLAST Premier Fall Showdown 2024
182195,1724517000000,4773,paiN,5,6667,FaZe,13,FaZe,Mirage,7555,BLAST Premier Fall Showdown 2024
182191,1724517000000,4773,paiN,16,6667,FaZe,14,paiN,Inferno,7555,BLAST Premier Fall Showdown 2024
182189,1724517000000,4773,paiN,5,6667,FaZe,13,FaZe,Anubis,7555,BLAST Premier Fall Showdown 2024
182188,1724506200000,5005,Complexity,5,11283,Falcons,13,Falcons,Anubis,7555,BLAST Premier Fall Showdown 2024
182185,1724506200000,11283,Falcons,13,5005,Complexity,10,Falcons,Vertigo,7555,BLAST Premier Fall Showdown 2024
182180,1724506200000,5005,Complexity,13,11283,Falcons,6,Complexity,Nuke,7555,BLAST Premier Fall Showdown 2024
182187,1724504100000,12394,BetBoom,9,4773,paiN,13,paiN,Anubis,8005,BetBoom Dacha Belgrade Season 2 Play-in
182182,1724504100000,12394,BetBoom,13,4773,paiN,10,BetBoom,Vertigo,8005,BetBoom Dacha Belgrade Season 2 Play-in
182179,1724504100000,4773,paiN,13,12394,BetBoom,8,paiN,Mirage,8005,BetBoom Dacha Belgrade Season 2 Play-in
182172,1724488200000,9996,9z,13,11283,Falcons,10,9z,Nuke,8005,BetBoom Dacha Belgrade Season 2 Play-in
182167,1724488200000,9996,9z,7,11283,Falcons,13,Falcons,Dust2,8005,BetBoom Dacha Belgrade Season 2 Play-in
182164,1724488200000,11283,Falcons,5,9996,9z,13,9z,Mirage,8005,BetBoom Dacha Belgrade Season 2 Play-in
182061,1724349900000,12376,M80,14,11283,Falcons,16,Falcons,Dust2,7555,BLAST Premier Fall Showdown 2024
182058,1724349900000,11283,Falcons,13,12376,M80,9,Falcons,Ancient,7555,BLAST Premier Fall Showdown 2024
181774,1724088600000,11241,B8,13,11712,Sashi,6,B8,Anubis,7975,IEM Rio 2024 Europe Open Qualifier 2
181758,1724072400000,11712,Sashi,11,11861,Aurora,13,Aurora,Mirage,7800,ESL Challenger League Season 48 Europe
181757,1724072400000,11861,Aurora,5,11712,Sashi,13,Sashi,Anubis,7800,ESL Challenger League Season 48 Europe
181755,1724072400000,11861,Aurora,3,11712,Sashi,13,Sashi,Inferno,7800,ESL Challenger League Season 48 Europe
181707,1723993200000,4608,Natus Vincere,9,9565,Vitality,13,Vitality,Inferno,7436,IEM Cologne 2024
181701,1723993200000,9565,Vitality,22,4608,Natus Vincere,20,Vitality,Mirage,7436,IEM Cologne 2024
181696,1723993200000,9565,Vitality,10,4608,Natus Vincere,13,Natus Vincere,Dust2,7436,IEM Cologne 2024
181691,1723993200000,9565,Vitality,16,4608,Natus Vincere,14,Vitality,Nuke,7436,IEM Cologne 2024
181650,1723914000000,4494,MOUZ,11,4608,Natus Vincere,13,Natus Vincere,Mirage,7436,IEM Cologne 2024
181641,1723914000000,4608,Natus Vincere,16,4494,MOUZ,14,Natus Vincere,Inferno,7436,IEM Cologne 2024
181623,1723902300000,10567,SAW,5,9565,Vitality,13,Vitality,Dust2,7436,IEM Cologne 2024
181620,1723902300000,9565,Vitality,13,10567,SAW,6,Vitality,Nuke,7436,IEM Cologne 2024
181596,1723830600000,5995,G2,8,4494,MOUZ,13,MOUZ,Mirage,7436,IEM Cologne 2024
181592,1723830600000,4494,MOUZ,13,5995,G2,9,MOUZ,Dust2,7436,IEM Cologne 2024
181587,1723815900000,10567,SAW,16,6667,FaZe,14,SAW,Nuke,7436,IEM Cologne 2024
181582,1723815900000,10567,SAW,11,6667,FaZe,13,FaZe,Anubis,7436,IEM Cologne 2024
181580,1723815900000,10567,SAW,13,6667,FaZe,6,SAW,Inferno,7436,IEM Cologne 2024
181384,1723568100000,9565,Vitality,16,4494,MOUZ,13,Vitality,Vertigo,7436,IEM Cologne 2024
181374,1723568100000,4494,MOUZ,6,9565,Vitality,13,Vitality,Dust2,7436,IEM Cologne 2024
181396,1723567500000,5973,Liquid,13,6667,FaZe,16,FaZe,Mirage,7436,IEM Cologne 2024
181389,1723567500000,5973,Liquid,16,6667,FaZe,13,Liquid,Nuke,7436,IEM Cologne 2024
181375,1723567500000,6667,FaZe,13,5973,Liquid,9,FaZe,Inferno,7436,IEM Cologne 2024
181369,1723557600000,4608,Natus Vincere,13,10567,SAW,6,Natus Vincere,Inferno,7436,IEM Cologne 2024
181366,1723557600000,10567,SAW,2,4608,Natus Vincere,13,Natus Vincere,Ancient,7436,IEM Cologne 2024
181363,1723557600000,4608,Natus Vincere,9,10567,SAW,13,SAW,Nuke,7436,IEM Cologne 2024
181365,1723556700000,4773,paiN,1,5995,G2,13,G2,Mirage,7436,IEM Cologne 2024
181358,1723556700000,5995,G2,13,4773,paiN,6,G2,Nuke,7436,IEM Cologne 2024
181352,1723548600000,11283,Falcons,6,6667,FaZe,13,FaZe,Ancient,7436,IEM Cologne 2024
181340,1723548600000,6667,FaZe,16,11283,Falcons,13,FaZe,Dust2,7436,IEM Cologne 2024
181351,1723548600000,5973,Liquid,13,5005,Complexity,5,Liquid,Anubis,7436,IEM Cologne 2024
181339,1723548600000,5005,Complexity,10,5973,Liquid,13,Liquid,Ancient,7436,IEM Cologne 2024
181275,1723484400000,6665,Astralis,3,5995,G2,13,G2,Ancient,7436,IEM Cologne 2024
181263,1723484400000,6665,Astralis,13,5995,G2,10,Astralis,Mirage,7436,IEM Cologne 2024
181255,1723484400000,5995,G2,13,6665,Astralis,1,G2,Dust2,7436,IEM Cologne 2024
181280,1723483200000,4773,paiN,13,6248,The MongolZ,8,paiN,Nuke,7436,IEM Cologne 2024
181270,1723483200000,4773,paiN,13,6248,The MongolZ,10,paiN,Mirage,7436,IEM Cologne 2024
181257,1723483200000,4773,paiN,13,6248,The MongolZ,16,The MongolZ,Anubis,7436,IEM Cologne 2024
181247,1723475100000,5005,Complexity,11,4494,MOUZ,13,MOUZ,Nuke,7436,IEM Cologne 2024
181243,1723475100000,4494,MOUZ,13,5005,Complexity,9,MOUZ,Vertigo,7436,IEM Cologne 2024
181252,1723474800000,10567,SAW,13,11712,Sashi,6,SAW,Anubis,7800,ESL Challenger League Season 48 Europe
181251,1723474800000,11712,Sashi,13,10567,SAW,10,Sashi,Ancient,7800,ESL Challenger League Season 48 Europe
181242,1723474800000,11712,Sashi,2,10567,SAW,13,SAW,Vertigo,7800,ESL Challenger League Season 48 Europe
181250,1723471200000,9565,Vitality,13,6667,FaZe,9,Vitality,Anubis,7436,IEM Cologne 2024
181244,1723471200000,6667,FaZe,12,9565,Vitality,16,Vitality,Dust2,7436,IEM Cologne 2024
181239,1723471200000,9565,Vitality,8,6667,FaZe,13,FaZe,Inferno,7436,IEM Cologne 2024
181238,1723462200000,11283,Falcons,13,5378,Virtus.pro,8,Falcons,Dust2,7436,IEM Cologne 2024
181231,1723462200000,11283,Falcons,8,5378,Virtus.pro,13,Virtus.pro,Mirage,7436,IEM Cologne 2024
181225,1723462200000,11283,Falcons,13,5378,Virtus.pro,11,Falcons,Vertigo,7436,IEM Cologne 2024
181232,1723462200000,5973,Liquid,13,8297,FURIA,4,Liquid,Nuke,7436,IEM Cologne 2024
181224,1723462200000,8297,FURIA,13,5973,Liquid,16,Liquid,Dust2,7436,IEM Cologne 2024
181202,1723396800000,9996,9z,9,4773,paiN,13,paiN,Nuke,7436,IEM Cologne 2024
181198,1723396800000,4773,paiN,13,9996,9z,8,paiN,Dust2,7436,IEM Cologne 2024
181192,1723396800000,4773,paiN,11,9996,9z,13,9z,Anubis,7436,IEM Cologne 2024
181193,1723395300000,7020,Spirit,1,5995,G2,13,G2,Mirage,7436,IEM Cologne 2024
181189,1723395300000,5995,G2,13,7020,Spirit,3,G2,Nuke,7436,IEM Cologne 2024
181184,1723387200000,6665,Astralis,7,4608,Natus Vincere,13,Natus Vincere,Mirage,7436,IEM Cologne 2024
181180,1723387200000,4608,Natus Vincere,13,6665,Astralis,4,Natus Vincere,Ancient,7436,IEM Cologne 2024
181186,1723383900000,6248,The MongolZ,10,10567,SAW,13,SAW,Anubis,7436,IEM Cologne 2024
181181,1723383900000,6248,The MongolZ,7,10567,SAW,13,SAW,Nuke,7436,IEM Cologne 2024
181175,1723383900000,10567,SAW,13,6248,The MongolZ,16,The MongolZ,Ancient,7436,IEM Cologne 2024
181174,1723375800000,11283,Falcons,9,4494,MOUZ,13,MOUZ,Ancient,7436,IEM Cologne 2024
181170,1723375800000,11283,Falcons,13,4494,MOUZ,11,Falcons,Vertigo,7436,IEM Cologne 2024
181162,1723375800000,4494,MOUZ,13,11283,Falcons,6,MOUZ,Nuke,7436,IEM Cologne 2024
181169,1723375800000,8297,FURIA,2,9565,Vitality,13,Vitality,Mirage,7436,IEM Cologne 2024
181164,1723375800000,9565,Vitality,13,8297,FURIA,3,Vitality,Inferno,7436,IEM Cologne 2024
181129,1723310700000,4773,paiN,4,4608,Natus Vincere,13,Natus Vincere,Mirage,7436,IEM Cologne 2024
181126,1723310700000,4773,paiN,4,4608,Natus Vincere,13,Natus Vincere,Anubis,7436,IEM Cologne 2024
181127,1723308300000,6248,The MongolZ,13,7020,Spirit,4,The MongolZ,Anubis,7436,IEM Cologne 2024
181123,1723308300000,7020,Spirit,13,6248,The MongolZ,16,The MongolZ,Ancient,7436,IEM Cologne 2024
181122,1723302300000,9996,9z,5,6665,Astralis,13,Astralis,Inferno,7436,IEM Cologne 2024
181120,1723302300000,6665,Astralis,13,9996,9z,10,Astralis,Dust2,7436,IEM Cologne 2024
181118,1723297800000,10567,SAW,13,5995,G2,10,SAW,Inferno,7436,IEM Cologne 2024
181114,1723297800000,5995,G2,5,10567,SAW,13,SAW,Nuke,7436,IEM Cologne 2024
181115,1723289400000,5005,Complexity,13,5378,Virtus.pro,5,Complexity,Anubis,7436,IEM Cologne 2024
181108,1723289400000,5005,Complexity,14,5378,Virtus.pro,16,Virtus.pro,Dust2,7436,IEM Cologne 2024
181103,1723289400000,5378,Virtus.pro,6,5005,Complexity,13,Complexity,Vertigo,7436,IEM Cologne 2024
181107,1723289400000,5973,Liquid,10,6667,FaZe,13,FaZe,Nuke,7436,IEM Cologne 2024
181104,1723289400000,6667,FaZe,13,5973,Liquid,11,FaZe,Mirage,7436,IEM Cologne 2024
181075,1723228200000,4773,paiN,13,9215,MIBR,3,paiN,Vertigo,7675,IEM Cologne 2024 Play-in
181071,1723228200000,4773,paiN,4,9215,MIBR,13,MIBR,Anubis,7675,IEM Cologne 2024 Play-in
181067,1723228200000,4773,paiN,13,9215,MIBR,10,paiN,Mirage,7675,IEM Cologne 2024 Play-in
181072,1723224900000,11251,Eternal Fire,14,6248,The MongolZ,16,The MongolZ,Nuke,7675,IEM Cologne 2024 Play-in
181066,1723224900000,11251,Eternal Fire,8,6248,The MongolZ,13,The MongolZ,Mirage,7675,IEM Cologne 2024 Play-in
181062,1723224900000,6248,The MongolZ,4,11251,Eternal Fire,13,Eternal Fire,Anubis,7675,IEM Cologne 2024 Play-in
181061,1723216800000,11283,Falcons,13,7532,BIG,10,Falcons,Anubis,7675,IEM Cologne 2024 Play-in
181050,1723216800000,7532,BIG,13,11283,Falcons,10,BIG,Mirage,7675,IEM Cologne 2024 Play-in
181046,1723216800000,11283,Falcons,13,7532,BIG,7,Falcons,Dust2,7675,IEM Cologne 2024 Play-in
181051,1723211700000,7175,HEROIC,11,8297,FURIA,13,FURIA,Nuke,7675,IEM Cologne 2024 Play-in
181047,1723211700000,8297,FURIA,8,7175,HEROIC,13,HEROIC,Anubis,7675,IEM Cologne 2024 Play-in
181044,1723211700000,8297,FURIA,13,7175,HEROIC,11,FURIA,Mirage,7675,IEM Cologne 2024 Play-in
181041,1723203000000,4773,paiN,13,9455,Imperial,7,paiN,Inferno,7675,IEM Cologne 2024 Play-in
181036,1723203000000,9455,Imperial,10,4773,paiN,13,paiN,Vertigo,7675,IEM Cologne 2024 Play-in
181027,1723203000000,4773,paiN,10,9455,Imperial,13,Imperial,Dust2,7675,IEM Cologne 2024 Play-in
181035,1723203000000,9215,MIBR,2,9996,9z,13,9z,Nuke,7675,IEM Cologne 2024 Play-in
181028,1723203000000,9996,9z,16,9215,MIBR,13,9z,Ancient,7675,IEM Cologne 2024 Play-in
180989,1723137300000,11251,Eternal Fire,17,5005,Complexity,19,Complexity,Dust2,7675,IEM Cologne 2024 Play-in
180982,1723137300000,5005,Complexity,13,11251,Eternal Fire,9,Complexity,Vertigo,7675,IEM Cologne 2024 Play-in
180979,1723128300000,4914,3DMAX,5,7175,HEROIC,13,HEROIC,Nuke,7675,IEM Cologne 2024 Play-in
180969,1723128300000,4914,3DMAX,7,7175,HEROIC,13,HEROIC,Ancient,7675,IEM Cologne 2024 Play-in
180963,1723128300000,4914,3DMAX,13,7175,HEROIC,5,3DMAX,Anubis,7675,IEM Cologne 2024 Play-in
180973,1723124700000,5973,Liquid,13,8297,FURIA,7,Liquid,Mirage,7675,IEM Cologne 2024 Play-in
180966,1723124700000,5973,Liquid,13,8297,FURIA,11,Liquid,Nuke,7675,IEM Cologne 2024 Play-in
180959,1723124700000,5973,Liquid,8,8297,FURIA,13,FURIA,Anubis,7675,IEM Cologne 2024 Play-in
180957,1723116600000,10567,SAW,13,7532,BIG,11,SAW,Inferno,7675,IEM Cologne 2024 Play-in
180949,1723116600000,10567,SAW,13,7532,BIG,5,SAW,Ancient,7675,IEM Cologne 2024 Play-in
180942,1723116600000,7532,BIG,13,10567,SAW,7,BIG,Anubis,7675,IEM Cologne 2024 Play-in
180948,1723116600000,12774,FlyQuest,4,6248,The MongolZ,13,The MongolZ,Ancient,7675,IEM Cologne 2024 Play-in
180943,1723116600000,6248,The MongolZ,13,12774,FlyQuest,8,The MongolZ,Anubis,7675,IEM Cologne 2024 Play-in
180913,1723056000000,4773,paiN,11,5973,Liquid,13,Liquid,Inferno,7675,IEM Cologne 2024 Play-in
180903,1723056000000,4773,paiN,13,5973,Liquid,16,Liquid,Anubis,7675,IEM Cologne 2024 Play-in
180898,1723049100000,9455,Imperial,0,8297,FURIA,13,FURIA,Inferno,7675,IEM Cologne 2024 Play-in
180890,1723049100000,9455,Imperial,11,8297,FURIA,13,FURIA,Nuke,7675,IEM Cologne 2024 Play-in
180882,1723049100000,9455,Imperial,13,8297,FURIA,3,Imperial,Dust2,7675,IEM Cologne 2024 Play-in
180891,1723044600000,11283,Falcons,11,11251,Eternal Fire,13,Eternal Fire,Dust2,7675,IEM Cologne 2024 Play-in
180881,1723044600000,11251,Eternal Fire,8,11283,Falcons,13,Falcons,Nuke,7675,IEM Cologne 2024 Play-in
180873,1723044600000,11283,Falcons,5,11251,Eternal Fire,13,Eternal Fire,Vertigo,7675,IEM Cologne 2024 Play-in
180862,1723032900000,9215,MIBR,13,7175,HEROIC,7,MIBR,Anubis,7675,IEM Cologne 2024 Play-in
180851,1723032900000,9215,MIBR,13,7175,HEROIC,7,MIBR,Mirage,7675,IEM Cologne 2024 Play-in
180843,1723032900000,7175,HEROIC,13,9215,MIBR,10,HEROIC,Ancient,7675,IEM Cologne 2024 Play-in
180846,1723031400000,4914,3DMAX,4,9996,9z,13,9z,Nuke,7675,IEM Cologne 2024 Play-in
180837,1723031400000,4914,3DMAX,3,9996,9z,13,9z,Anubis,7675,IEM Cologne 2024 Play-in
180833,1723019400000,12774,FlyQuest,11,7532,BIG,13,BIG,Vertigo,7675,IEM Cologne 2024 Play-in
180822,1723019400000,7532,BIG,13,12774,FlyQuest,10,BIG,Inferno,7675,IEM Cologne 2024 Play-in
180804,1723019400000,12774,FlyQuest,16,7532,BIG,14,FlyQuest,Ancient,7675,IEM Cologne 2024 Play-in
180830,1723019400000,6248,The MongolZ,5,10567,SAW,13,SAW,Dust2,7675,IEM Cologne 2024 Play-in
180820,1723019400000,10567,SAW,5,6248,The MongolZ,13,The MongolZ,Ancient,7675,IEM Cologne 2024 Play-in
180807,1723019400000,10567,SAW,16,6248,The MongolZ,13,SAW,Anubis,7675,IEM Cologne 2024 Play-in
180601,1722782100000,5005,Complexity,6,4608,Natus Vincere,13,Natus Vincere,Nuke,7554,BLAST Premier Fall Groups 2024
180593,1722782100000,5005,Complexity,11,4608,Natus Vincere,13,Natus Vincere,Anubis,7554,BLAST Premier Fall Groups 2024
180582,1722774900000,4411,Ninjas in Pyjamas,5,6665,Astralis,13,Astralis,Inferno,7554,BLAST Premier Fall Groups 2024
180576,1722774900000,6665,Astralis,13,4411,Ninjas in Pyjamas,6,Astralis,Mirage,7554,BLAST Premier Fall Groups 2024
180524,1722712200000,4914,3DMAX,13,4991,fnatic,8,3DMAX,Anubis,7992,BetBoom Dacha Belgrade Season 2 Europe Closed Qualifier
180519,1722712200000,4914,3DMAX,13,4991,fnatic,11,3DMAX,Vertigo,7992,BetBoom Dacha Belgrade Season 2 Europe Closed Qualifier
180532,1722711900000,4608,Natus Vincere,10,5973,Liquid,13,Liquid,Inferno,7554,BLAST Premier Fall Groups 2024
180526,1722711900000,5973,Liquid,16,4608,Natus Vincere,14,Liquid,Anubis,7554,BLAST Premier Fall Groups 2024
180518,1722711900000,4608,Natus Vincere,13,5973,Liquid,9,Natus Vincere,Nuke,7554,BLAST Premier Fall Groups 2024
180515,1722703800000,4411,Ninjas in Pyjamas,8,5995,G2,13,G2,Inferno,7554,BLAST Premier Fall Groups 2024
180508,1722703800000,5995,G2,13,4411,Ninjas in Pyjamas,7,G2,Ancient,7554,BLAST Premier Fall Groups 2024
180501,1722693000000,6665,Astralis,7,9565,Vitality,13,Vitality,Nuke,7554,BLAST Premier Fall Groups 2024
180495,1722693000000,6665,Astralis,10,9565,Vitality,13,Vitality,Mirage,7554,BLAST Premier Fall Groups 2024
180487,1722693000000,9565,Vitality,10,6665,Astralis,13,Astralis,Vertigo,7554,BLAST Premier Fall Groups 2024
180477,1722679200000,5005,Complexity,10,7020,Spirit,13,Spirit,Nuke,7554,BLAST Premier Fall Groups 2024
180471,1722679200000,7020,Spirit,13,5005,Complexity,6,Spirit,Anubis,7554,BLAST Premier Fall Groups 2024
180462,1722679200000,5005,Complexity,19,7020,Spirit,16,Complexity,Dust2,7554,BLAST Premier Fall Groups 2024
180447,1722637200000,4773,paiN,13,9215,MIBR,0,paiN,Vertigo,7948,CCT Season 2 South America Series 2
180445,1722637200000,4773,paiN,13,9215,MIBR,8,paiN,Anubis,7948,CCT Season 2 South America Series 2
180436,1722620700000,4608,Natus Vincere,13,7532,BIG,3,Natus Vincere,Mirage,7554,BLAST Premier Fall Groups 2024
180427,1722620700000,4608,Natus Vincere,13,7532,BIG,7,Natus Vincere,Dust2,7554,BLAST Premier Fall Groups 2024
180421,1722611100000,4411,Ninjas in Pyjamas,13,6667,FaZe,11,Ninjas in Pyjamas,Inferno,7554,BLAST Premier Fall Groups 2024
180407,1722611100000,6667,FaZe,14,4411,Ninjas in Pyjamas,16,Ninjas in Pyjamas,Ancient,7554,BLAST Premier Fall Groups 2024
180399,1722600000000,6665,Astralis,13,11283,Falcons,9,Astralis,Nuke,7554,BLAST Premier Fall Groups 2024
180389,1722600000000,11283,Falcons,1,6665,Astralis,13,Astralis,Ancient,7554,BLAST Premier Fall Groups 2024
180383,1722600000000,6665,Astralis,13,11283,Falcons,16,Falcons,Dust2,7554,BLAST Premier Fall Groups 2024
180379,1722592800000,5005,Complexity,13,7175,HEROIC,11,Complexity,Ancient,7554,BLAST Premier Fall Groups 2024
180376,1722592800000,5005,Complexity,13,7175,HEROIC,5,Complexity,Anubis,7554,BLAST Premier Fall Groups 2024
180352,1722540900000,7532,BIG,13,5378,Virtus.pro,7,BIG,Ancient,7554,BLAST Premier Fall Groups 2024
180350,1722540900000,7532,BIG,10,5378,Virtus.pro,13,Virtus.pro,Mirage,7554,BLAST Premier Fall Groups 2024
180345,1722540900000,5378,Virtus.pro,11,7532,BIG,13,BIG,Dust2,7554,BLAST Premier Fall Groups 2024
180338,1722528600000,5973,Liquid,13,4608,Natus Vincere,11,Liquid,Inferno,7554,BLAST Premier Fall Groups 2024
180328,1722528600000,5973,Liquid,2,4608,Natus Vincere,13,Natus Vincere,Mirage,7554,BLAST Premier Fall Groups 2024
180324,1722528600000,5973,Liquid,13,4608,Natus Vincere,11,Liquid,Anubis,7554,BLAST Premier Fall Groups 2024
180290,1722506400000,5995,G2,13,6667,FaZe,6,G2,Mirage,7554,BLAST Premier Fall Groups 2024
180285,1722506400000,5995,G2,13,6667,FaZe,6,G2,Nuke,7554,BLAST Premier Fall Groups 2024
180278,1722506400000,6667,FaZe,13,5995,G2,9,FaZe,Ancient,7554,BLAST Premier Fall Groups 2024
180235,1722447000000,5973,Liquid,13,5378,Virtus.pro,6,Liquid,Dust2,7554,BLAST Premier Fall Groups 2024
180227,1722447000000,5378,Virtus.pro,20,5973,Liquid,22,Liquid,Ancient,7554,BLAST Premier Fall Groups 2024
180210,1722440700000,7532,BIG,3,4608,Natus Vincere,13,Natus Vincere,Mirage,7554,BLAST Premier Fall Groups 2024
180202,1722440700000,4608,Natus Vincere,13,7532,BIG,7,Natus Vincere,Dust2,7554,BLAST Premier Fall Groups 2024
180196,1722432300000,4411,Ninjas in Pyjamas,11,5995,G2,13,G2,Inferno,7554,BLAST Premier Fall Groups 2024
180188,1722432300000,4411,Ninjas in Pyjamas,7,5995,G2,13,G2,Anubis,7554,BLAST Premier Fall Groups 2024
180121,1722360600000,9928,GamerLegion,5,11283,Falcons,13,Falcons,Nuke,7554,BLAST Premier Fall Groups 2024
180114,1722360600000,11283,Falcons,13,9928,GamerLegion,8,Falcons,Anubis,7554,BLAST Premier Fall Groups 2024
180107,1722352500000,6665,Astralis,11,9565,Vitality,13,Vitality,Dust2,7554,BLAST Premier Fall Groups 2024
180103,1722352500000,9565,Vitality,13,6665,Astralis,7,Vitality,Nuke,7554,BLAST Premier Fall Groups 2024
180073,1722333600000,7020,Spirit,13,7175,HEROIC,6,Spirit,Anubis,7554,BLAST Premier Fall Groups 2024
180066,1722333600000,7020,Spirit,13,7175,HEROIC,11,Spirit,Vertigo,7554,BLAST Premier Fall Groups 2024
180054,1722295800000,4773,paiN,13,9455,Imperial,8,paiN,Anubis,7979,IEM Rio 2024 South America Closed Qualifier
180051,1722295800000,4773,paiN,13,9455,Imperial,11,paiN,Inferno,7979,IEM Rio 2024 South America Closed Qualifier
180046,1722281400000,9215,MIBR,5,9455,Imperial,13,Imperial,Nuke,7979,IEM Rio 2024 South America Closed Qualifier
180045,1722281400000,9455,Imperial,6,9215,MIBR,13,MIBR,Vertigo,7979,IEM Rio 2024 South America Closed Qualifier
180041,1722281400000,9215,MIBR,10,9455,Imperial,13,Imperial,Mirage,7979,IEM Rio 2024 South America Closed Qualifier
180040,1722276900000,11283,Falcons,9,6665,Astralis,13,Astralis,Ancient,7554,BLAST Premier Fall Groups 2024
180037,1722276900000,6665,Astralis,13,11283,Falcons,7,Astralis,Dust2,7554,BLAST Premier Fall Groups 2024
180029,1722263400000,9565,Vitality,13,9928,GamerLegion,5,Vitality,Dust2,7554,BLAST Premier Fall Groups 2024
180023,1722263400000,9928,GamerLegion,17,9565,Vitality,19,Vitality,Mirage,7554,BLAST Premier Fall Groups 2024
180019,1722263400000,9928,GamerLegion,13,9565,Vitality,10,GamerLegion,Anubis,7554,BLAST Premier Fall Groups 2024
180008,1722254400000,7175,HEROIC,16,5005,Complexity,14,HEROIC,Vertigo,7554,BLAST Premier Fall Groups 2024
180002,1722254400000,5005,Complexity,8,7175,HEROIC,13,HEROIC,Ancient,7554,BLAST Premier Fall Groups 2024
179977,1722209400000,4773,paiN,16,9455,Imperial,14,paiN,Inferno,7979,IEM Rio 2024 South America Closed Qualifier
179969,1722209400000,9455,Imperial,13,4773,paiN,9,Imperial,Nuke,7979,IEM Rio 2024 South America Closed Qualifier
179967,1722209400000,4773,paiN,13,9455,Imperial,8,paiN,Dust2,7979,IEM Rio 2024 South America Closed Qualifier
179955,1722195000000,9215,MIBR,10,9455,Imperial,13,Imperial,Mirage,7979,IEM Rio 2024 South America Closed Qualifier
179948,1722195000000,9455,Imperial,13,9215,MIBR,10,Imperial,Vertigo,7979,IEM Rio 2024 South America Closed Qualifier
179943,1722184200000,4991,fnatic,4,10333,Sangal,13,Sangal,Ancient,7899,CCT Season 2 Europe Series 6
179937,1722184200000,10333,Sangal,13,4991,fnatic,11,Sangal,Anubis,7899,CCT Season 2 Europe Series 6
179929,1722184200000,10333,Sangal,11,4991,fnatic,13,fnatic,Dust2,7899,CCT Season 2 Europe Series 6
179930,1722182400000,4914,3DMAX,13,6248,The MongolZ,5,3DMAX,Ancient,7847,Skyesports Championship 2024
179925,1722182400000,4914,3DMAX,13,6248,The MongolZ,4,3DMAX,Anubis,7847,Skyesports Championship 2024
179915,1722173400000,10567,SAW,7,4991,fnatic,13,fnatic,Inferno,7899,CCT Season 2 Europe Series 6
179904,1722173400000,10567,SAW,4,4991,fnatic,13,fnatic,Anubis,7899,CCT Season 2 Europe Series 6
179910,1722165000000,11861,Aurora,11,4914,3DMAX,13,3DMAX,Anubis,7847,Skyesports Championship 2024
179902,1722165000000,4914,3DMAX,10,11861,Aurora,13,Aurora,Nuke,7847,Skyesports Championship 2024
179898,1722165000000,11861,Aurora,9,4914,3DMAX,13,3DMAX,Inferno,7847,Skyesports Championship 2024
179890,1722152400000,6248,The MongolZ,13,11251,Eternal Fire,4,The MongolZ,Dust2,7847,Skyesports Championship 2024
179889,1722152400000,6248,The MongolZ,13,11251,Eternal Fire,8,The MongolZ,Ancient,7847,Skyesports Championship 2024
179856,1722091800000,4869,ENCE,11,4914,3DMAX,13,3DMAX,Ancient,7847,Skyesports Championship 2024
179853,1722091800000,4914,3DMAX,13,4869,ENCE,5,3DMAX,Dust2,7847,Skyesports Championship 2024
179790,1722000600000,11251,Eternal Fire,16,4914,3DMAX,14,Eternal Fire,Anubis,7847,Skyesports Championship 2024
179778,1721993700000,6248,The MongolZ,13,11861,Aurora,4,The MongolZ,Ancient,7847,Skyesports Championship 2024
179706,1721892600000,11861,Aurora,16,4869,ENCE,14,Aurora,Ancient,7847,Skyesports Championship 2024
179664,1721836200000,6248,The MongolZ,13,4869,ENCE,5,The MongolZ,Mirage,7847,Skyesports Championship 2024
179488,1721584800000,5995,G2,6,4608,Natus Vincere,13,Natus Vincere,Inferno,7732,Esports World Cup 2024
179483,1721584800000,5995,G2,6,4608,Natus Vincere,13,Natus Vincere,Nuke,7732,Esports World Cup 2024
179479,1721584800000,4608,Natus Vincere,14,5995,G2,16,G2,Ancient,7732,Esports World Cup 2024
179410,1721500200000,9455,Imperial,14,4773,paiN,16,paiN,Vertigo,7786,Ace South American Masters Fall 2024 - BLAST Premier Qualifier
179397,1721500200000,4773,paiN,19,9455,Imperial,16,paiN,Inferno,7786,Ace South American Masters Fall 2024 - BLAST Premier Qualifier
179405,1721498400000,4608,Natus Vincere,13,4494,MOUZ,5,Natus Vincere,Mirage,7732,Esports World Cup 2024
179399,1721498400000,4608,Natus Vincere,13,4494,MOUZ,8,Natus Vincere,Nuke,7732,Esports World Cup 2024
179389,1721498400000,4494,MOUZ,13,4608,Natus Vincere,1,MOUZ,Dust2,7732,Esports World Cup 2024
179373,1721486700000,5378,Virtus.pro,7,5995,G2,13,G2,Ancient,7732,Esports World Cup 2024
179361,1721486700000,5995,G2,13,5378,Virtus.pro,4,G2,Dust2,7732,Esports World Cup 2024
179336,1721466000000,4991,fnatic,16,10333,Sangal,13,fnatic,Mirage,7950,RES Regional Series 6 Europe
179333,1721466000000,10333,Sangal,1,4991,fnatic,13,fnatic,Dust2,7950,RES Regional Series 6 Europe
179321,1721418600000,4608,Natus Vincere,16,6667,FaZe,12,Natus Vincere,Nuke,7732,Esports World Cup 2024
179315,1721418600000,6667,FaZe,10,4608,Natus Vincere,13,Natus Vincere,Mirage,7732,Esports World Cup 2024
179302,1721404500000,4494,MOUZ,13,8297,FURIA,7,MOUZ,Inferno,7732,Esports World Cup 2024
179290,1721404500000,4494,MOUZ,11,8297,FURIA,13,FURIA,Mirage,7732,Esports World Cup 2024
179277,1721404500000,4494,MOUZ,13,8297,FURIA,7,MOUZ,Nuke,7732,Esports World Cup 2024
179265,1721388600000,9565,Vitality,5,5378,Virtus.pro,13,Virtus.pro,Dust2,7732,Esports World Cup 2024
179258,1721388600000,5378,Virtus.pro,13,9565,Vitality,7,Virtus.pro,Inferno,7732,Esports World Cup 2024
179245,1721388600000,9565,Vitality,22,5378,Virtus.pro,20,Vitality,Mirage,7732,Esports World Cup 2024
179208,1721329800000,7020,Spirit,5,5995,G2,13,G2,Ancient,7732,Esports World Cup 2024
179202,1721329800000,5995,G2,14,7020,Spirit,16,Spirit,Nuke,7732,Esports World Cup 2024
179190,1721329800000,7020,Spirit,8,5995,G2,13,G2,Mirage,7732,Esports World Cup 2024
179174,1721324400000,6248,The MongolZ,9,8297,FURIA,13,FURIA,Nuke,7732,Esports World Cup 2024
179163,1721319000000,12376,M80,8,6248,The MongolZ,13,The MongolZ,Ancient,7732,Esports World Cup 2024
179146,1721311500000,11712,Sashi,15,8297,FURIA,19,FURIA,Nuke,7732,Esports World Cup 2024
179133,1721304900000,5005,Complexity,14,12376,M80,16,M80,Anubis,7732,Esports World Cup 2024
179129,1721304900000,9215,MIBR,2,6248,The MongolZ,13,The MongolZ,Inferno,7732,Esports World Cup 2024
179125,1721298900000,8297,FURIA,13,12774,FlyQuest,5,FURIA,Nuke,7732,Esports World Cup 2024
179068,1721240100000,10567,SAW,16,10333,Sangal,13,SAW,Ancient,7800,ESL Challenger League Season 48 Europe
179053,1721240100000,10333,Sangal,6,10567,SAW,13,SAW,Nuke,7800,ESL Challenger League Season 48 Europe
179042,1721240100000,10333,Sangal,13,10567,SAW,4,Sangal,Anubis,7800,ESL Challenger League Season 48 Europe
179057,1721239200000,7020,Spirit,13,9215,MIBR,3,Spirit,Vertigo,7732,Esports World Cup 2024
179044,1721239200000,9215,MIBR,4,7020,Spirit,13,Spirit,Nuke,7732,Esports World Cup 2024
179055,1721239200000,5005,Complexity,4,5378,Virtus.pro,13,Virtus.pro,Dust2,7732,Esports World Cup 2024
179045,1721239200000,5005,Complexity,9,5378,Virtus.pro,13,Virtus.pro,Anubis,7732,Esports World Cup 2024
179028,1721228100000,8297,FURIA,5,4608,Natus Vincere,13,Natus Vincere,Mirage,7732,Esports World Cup 2024
179021,1721228100000,4608,Natus Vincere,13,8297,FURIA,11,Natus Vincere,Nuke,7732,Esports World Cup 2024
179027,1721228100000,12376,M80,5,9565,Vitality,13,Vitality,Dust2,7732,Esports World Cup 2024
179017,1721228100000,9565,Vitality,13,12376,M80,11,Vitality,Vertigo,7732,Esports World Cup 2024
179011,1721217300000,12774,FlyQuest,11,6667,FaZe,13,FaZe,Nuke,7732,Esports World Cup 2024
178992,1721217300000,12774,FlyQuest,13,6667,FaZe,16,FaZe,Anubis,7732,Esports World Cup 2024
179009,1721216400000,6248,The MongolZ,13,5995,G2,16,G2,Inferno,7732,Esports World Cup 2024
178989,1721216400000,5995,G2,13,6248,The MongolZ,11,G2,Ancient,7732,Esports World Cup 2024
179007,1721216100000,4494,MOUZ,13,11712,Sashi,5,MOUZ,Mirage,7732,Esports World Cup 2024
179000,1721216100000,11712,Sashi,7,4494,MOUZ,13,MOUZ,Ancient,7732,Esports World Cup 2024
178991,1721216100000,4494,MOUZ,11,11712,Sashi,13,Sashi,Nuke,7732,Esports World Cup 2024
178280,1718581200000,9996,9z,13,4991,fnatic,4,9z,Inferno,6981,FiReLEAGUE 2024 Global Finals
178278,1718581200000,4991,fnatic,10,9996,9z,13,9z,Dust2,6981,FiReLEAGUE 2024 Global Finals
178274,1718565300000,4411,Ninjas in Pyjamas,8,4991,fnatic,13,fnatic,Vertigo,6981,FiReLEAGUE 2024 Global Finals
178271,1718565300000,4991,fnatic,13,4411,Ninjas in Pyjamas,11,fnatic,Ancient,6981,FiReLEAGUE 2024 Global Finals
178266,1718565300000,4411,Ninjas in Pyjamas,13,4991,fnatic,11,Ninjas in Pyjamas,Inferno,6981,FiReLEAGUE 2024 Global Finals
178258,1718546400000,7020,Spirit,13,4608,Natus Vincere,6,Spirit,Nuke,7485,BLAST Premier Spring Final 2024
178250,1718546400000,4608,Natus Vincere,13,7020,Spirit,4,Natus Vincere,Mirage,7485,BLAST Premier Spring Final 2024
178247,1718546400000,7020,Spirit,13,4608,Natus Vincere,9,Spirit,Dust2,7485,BLAST Premier Spring Final 2024
178241,1718546400000,4608,Natus Vincere,9,7020,Spirit,13,Spirit,Ancient,7485,BLAST Premier Spring Final 2024
178246,1718546400000,5005,Complexity,13,11283,Falcons,9,Complexity,Nuke,7601,ESL Challenger Jönköping 2024
178240,1718546400000,11283,Falcons,10,5005,Complexity,13,Complexity,Vertigo,7601,ESL Challenger Jönköping 2024
178232,1718536500000,11283,Falcons,13,4869,ENCE,6,Falcons,Mirage,7601,ESL Challenger Jönköping 2024
178229,1718536500000,4869,ENCE,9,11283,Falcons,13,Falcons,Nuke,7601,ESL Challenger Jönköping 2024
178223,1718524800000,5005,Complexity,13,11861,Aurora,3,Complexity,Inferno,7601,ESL Challenger Jönköping 2024
178219,1718524800000,5005,Complexity,7,11861,Aurora,13,Aurora,Nuke,7601,ESL Challenger Jönköping 2024
178217,1718524800000,5005,Complexity,13,11861,Aurora,6,Complexity,Anubis,7601,ESL Challenger Jönköping 2024
178197,1718483100000,4773,paiN,13,9996,9z,16,9z,Anubis,6981,FiReLEAGUE 2024 Global Finals
178193,1718483100000,4773,paiN,3,9996,9z,13,9z,Dust2,6981,FiReLEAGUE 2024 Global Finals
178192,1718478600000,5378,Virtus.pro,9,4608,Natus Vincere,13,Natus Vincere,Mirage,7485,BLAST Premier Spring Final 2024
178188,1718478600000,5378,Virtus.pro,5,4608,Natus Vincere,13,Natus Vincere,Anubis,7485,BLAST Premier Spring Final 2024
178181,1718467800000,4991,fnatic,13,9455,Imperial,11,fnatic,Dust2,6981,FiReLEAGUE 2024 Global Finals
178170,1718467800000,4991,fnatic,10,9455,Imperial,13,Imperial,Mirage,6981,FiReLEAGUE 2024 Global Finals
178163,1718467800000,9455,Imperial,8,4991,fnatic,13,fnatic,Inferno,6981,FiReLEAGUE 2024 Global Finals
178171,1718463600000,7020,Spirit,13,9565,Vitality,9,Spirit,Anubis,7485,BLAST Premier Spring Final 2024
178164,1718463600000,7020,Spirit,13,9565,Vitality,9,Spirit,Dust2,7485,BLAST Premier Spring Final 2024
178153,1718463600000,9565,Vitality,13,7020,Spirit,11,Vitality,Mirage,7485,BLAST Premier Spring Final 2024
178158,1718462700000,11283,Falcons,13,6248,The MongolZ,9,Falcons,Mirage,7601,ESL Challenger Jönköping 2024
178149,1718462700000,6248,The MongolZ,11,11283,Falcons,13,Falcons,Dust2,7601,ESL Challenger Jönköping 2024
178142,1718449200000,5005,Complexity,13,9215,MIBR,10,Complexity,Anubis,7601,ESL Challenger Jönköping 2024
178137,1718449200000,9215,MIBR,11,5005,Complexity,13,Complexity,Vertigo,7601,ESL Challenger Jönköping 2024
178131,1718449200000,5005,Complexity,8,9215,MIBR,13,MIBR,Ancient,7601,ESL Challenger Jönköping 2024
178107,1718412600000,4411,Ninjas in Pyjamas,13,4773,paiN,10,Ninjas in Pyjamas,Vertigo,6981,FiReLEAGUE 2024 Global Finals
178089,1718391600000,4411,Ninjas in Pyjamas,13,9996,9z,10,Ninjas in Pyjamas,Ancient,6981,FiReLEAGUE 2024 Global Finals
178090,1718390400000,6665,Astralis,10,5378,Virtus.pro,13,Virtus.pro,Dust2,7485,BLAST Premier Spring Final 2024
178083,1718390400000,5378,Virtus.pro,13,6665,Astralis,8,Virtus.pro,Inferno,7485,BLAST Premier Spring Final 2024
178052,1718379000000,5005,Complexity,10,4869,ENCE,13,ENCE,Dust2,7601,ESL Challenger Jönköping 2024
178060,1718377200000,6667,FaZe,6,9565,Vitality,13,Vitality,Mirage,7485,BLAST Premier Spring Final 2024
178056,1718377200000,9565,Vitality,13,6667,FaZe,10,Vitality,Dust2,7485,BLAST Premier Spring Final 2024
178049,1718377200000,9565,Vitality,4,6667,FaZe,13,FaZe,Inferno,7485,BLAST Premier Spring Final 2024
178043,1718373600000,11861,Aurora,13,6248,The MongolZ,10,Aurora,Nuke,7601,ESL Challenger Jönköping 2024
178053,1718371800000,4914,3DMAX,13,11712,Sashi,11,3DMAX,Anubis,7900,Skyesports Championship 2024 Europe Closed Qualifier
178044,1718371800000,11712,Sashi,10,4914,3DMAX,13,3DMAX,Vertigo,7900,Skyesports Championship 2024 Europe Closed Qualifier
178038,1718371800000,4914,3DMAX,2,11712,Sashi,13,Sashi,Mirage,7900,Skyesports Championship 2024 Europe Closed Qualifier
178033,1718367900000,4869,ENCE,13,9215,MIBR,6,ENCE,Nuke,7601,ESL Challenger Jönköping 2024
178016,1718357100000,11861,Aurora,16,11283,Falcons,14,Aurora,Nuke,7601,ESL Challenger Jönköping 2024
177997,1718306100000,7020,Spirit,13,5378,Virtus.pro,11,Spirit,Dust2,7485,BLAST Premier Spring Final 2024
177986,1718306100000,5378,Virtus.pro,4,7020,Spirit,13,Spirit,Ancient,7485,BLAST Premier Spring Final 2024
177976,1718294700000,9565,Vitality,13,5995,G2,5,Vitality,Mirage,7485,BLAST Premier Spring Final 2024
177962,1718294700000,9565,Vitality,9,5995,G2,13,G2,Anubis,7485,BLAST Premier Spring Final 2024
177957,1718294700000,9565,Vitality,13,5995,G2,4,Vitality,Inferno,7485,BLAST Premier Spring Final 2024
177950,1718283000000,6667,FaZe,10,4608,Natus Vincere,13,Natus Vincere,Mirage,7485,BLAST Premier Spring Final 2024
177941,1718283000000,4608,Natus Vincere,9,6667,FaZe,13,FaZe,Nuke,7485,BLAST Premier Spring Final 2024
177936,1718283000000,6667,FaZe,5,4608,Natus Vincere,13,Natus Vincere,Dust2,7485,BLAST Premier Spring Final 2024
177930,1718276400000,10567,SAW,3,6665,Astralis,13,Astralis,Inferno,7485,BLAST Premier Spring Final 2024
177924,1718276400000,6665,Astralis,13,10567,SAW,6,Astralis,Dust2,7485,BLAST Premier Spring Final 2024
177900,1718221800000,7020,Spirit,13,5995,G2,4,Spirit,Anubis,7485,BLAST Premier Spring Final 2024
177899,1718221800000,7020,Spirit,13,5995,G2,7,Spirit,Dust2,7485,BLAST Premier Spring Final 2024
177897,1718221800000,5995,G2,13,7020,Spirit,8,G2,Ancient,7485,BLAST Premier Spring Final 2024
177890,1718207100000,9565,Vitality,10,5378,Virtus.pro,13,Virtus.pro,Anubis,7485,BLAST Premier Spring Final 2024
177881,1718207100000,5378,Virtus.pro,13,9565,Vitality,11,Virtus.pro,Dust2,7485,BLAST Premier Spring Final 2024
177874,1718207100000,9565,Vitality,13,5378,Virtus.pro,5,Vitality,Inferno,7485,BLAST Premier Spring Final 2024
177865,1718198700000,6665,Astralis,9,4608,Natus Vincere,13,Natus Vincere,Dust2,7485,BLAST Premier Spring Final 2024
177862,1718198700000,4608,Natus Vincere,13,6665,Astralis,11,Natus Vincere,Nuke,7485,BLAST Premier Spring Final 2024
177859,1718190000000,10567,SAW,5,6667,FaZe,13,FaZe,Inferno,7485,BLAST Premier Spring Final 2024
177854,1718190000000,6667,FaZe,19,10567,SAW,16,FaZe,Ancient,7485,BLAST Premier Spring Final 2024
177755,1718029800000,9455,Imperial,9,4773,paiN,13,paiN,Anubis,7856,CCT Season 2 South America Series 1
177747,1718029800000,4773,paiN,13,9455,Imperial,11,paiN,Inferno,7856,CCT Season 2 South America Series 1
177742,1718029800000,9455,Imperial,13,4773,paiN,9,Imperial,Nuke,7856,CCT Season 2 South America Series 1
177737,1718024400000,10567,SAW,11,4914,3DMAX,13,3DMAX,Nuke,7834,ESL Pro League Season 20 Europe Closed Qualifier
177726,1718019000000,11861,Aurora,13,11811,Monte,10,Aurora,Mirage,7834,ESL Pro League Season 20 Europe Closed Qualifier
177719,1718013600000,11861,Aurora,10,10567,SAW,13,SAW,Nuke,7834,ESL Pro League Season 20 Europe Closed Qualifier
177684,1717956000000,11811,Monte,6,12586,AMKAL,13,AMKAL,Vertigo,7845,RES European Masters 2 Fall 2024 - BLAST Premier Qualifier
177674,1717956000000,12586,AMKAL,16,11811,Monte,13,AMKAL,Dust2,7845,RES European Masters 2 Fall 2024 - BLAST Premier Qualifier
177654,1717947000000,11811,Monte,13,11861,Aurora,3,Monte,Mirage,7845,RES European Masters 2 Fall 2024 - BLAST Premier Qualifier
177648,1717947000000,11861,Aurora,9,11811,Monte,13,Monte,Dust2,7845,RES European Masters 2 Fall 2024 - BLAST Premier Qualifier
177662,1717945200000,4411,Ninjas in Pyjamas,6,6248,The MongolZ,13,The MongolZ,Nuke,7475,YaLLa Compass 2024
177656,1717945200000,4411,Ninjas in Pyjamas,7,6248,The MongolZ,13,The MongolZ,Mirage,7475,YaLLa Compass 2024
177643,1717945200000,6248,The MongolZ,12,4411,Ninjas in Pyjamas,16,Ninjas in Pyjamas,Ancient,7475,YaLLa Compass 2024
177629,1717943100000,4914,3DMAX,3,11811,Monte,13,Monte,Dust2,7834,ESL Pro League Season 20 Europe Closed Qualifier
177627,1717938000000,10567,SAW,13,11811,Monte,7,SAW,Ancient,7834,ESL Pro League Season 20 Europe Closed Qualifier
177603,1717932600000,4914,3DMAX,13,11861,Aurora,7,3DMAX,Dust2,7834,ESL Pro League Season 20 Europe Closed Qualifier
177548,1717884000000,9455,Imperial,13,9996,9z,5,Imperial,Anubis,7666,ESL Challenger League Season 47 South America
177541,1717884000000,9996,9z,4,9455,Imperial,13,Imperial,Dust2,7666,ESL Challenger League Season 47 South America
177504,1717867800000,4411,Ninjas in Pyjamas,13,8297,FURIA,7,Ninjas in Pyjamas,Nuke,7475,YaLLa Compass 2024
177489,1717867800000,4411,Ninjas in Pyjamas,13,8297,FURIA,7,Ninjas in Pyjamas,Ancient,7475,YaLLa Compass 2024
177441,1717855500000,11811,Monte,7,12586,AMKAL,13,AMKAL,Vertigo,7845,RES European Masters 2 Fall 2024 - BLAST Premier Qualifier
177455,1717851600000,6665,Astralis,19,6248,The MongolZ,22,The MongolZ,Ancient,7475,YaLLa Compass 2024
177440,1717851600000,6665,Astralis,13,6248,The MongolZ,6,Astralis,Mirage,7475,YaLLa Compass 2024
177437,1717851600000,6248,The MongolZ,13,6665,Astralis,7,The MongolZ,Nuke,7475,YaLLa Compass 2024
177365,1717782300000,4991,fnatic,11,4411,Ninjas in Pyjamas,13,Ninjas in Pyjamas,Ancient,7475,YaLLa Compass 2024
177348,1717782300000,4991,fnatic,6,4411,Ninjas in Pyjamas,13,Ninjas in Pyjamas,Anubis,7475,YaLLa Compass 2024
177336,1717772400000,4914,3DMAX,13,11571,Gaimin Gladiators,4,3DMAX,Nuke,7886,Regional Clash Arena Europe 2024
177328,1717772400000,11571,Gaimin Gladiators,10,4914,3DMAX,13,3DMAX,Inferno,7886,Regional Clash Arena Europe 2024
177330,1717766100000,12394,BetBoom,14,6665,Astralis,16,Astralis,Ancient,7475,YaLLa Compass 2024
177320,1717766100000,6665,Astralis,7,12394,BetBoom,13,BetBoom,Mirage,7475,YaLLa Compass 2024
177314,1717766100000,6665,Astralis,13,12394,BetBoom,5,Astralis,Nuke,7475,YaLLa Compass 2024
177262,1717711200000,9215,MIBR,3,9996,9z,13,9z,Mirage,7666,ESL Challenger League Season 47 South America
177260,1717711200000,9215,MIBR,13,9996,9z,8,MIBR,Ancient,7666,ESL Challenger League Season 47 South America
177255,1717711200000,9215,MIBR,11,9996,9z,13,9z,Anubis,7666,ESL Challenger League Season 47 South America
177224,1717699200000,7532,BIG,10,4991,fnatic,13,fnatic,Inferno,7475,YaLLa Compass 2024
177222,1717699200000,11712,Sashi,7,4411,Ninjas in Pyjamas,13,Ninjas in Pyjamas,Vertigo,7475,YaLLa Compass 2024
177207,1717693800000,5005,Complexity,9,8297,FURIA,13,FURIA,Inferno,7475,YaLLa Compass 2024
177206,1717693500000,6248,The MongolZ,8,6665,Astralis,13,Astralis,Inferno,7475,YaLLa Compass 2024
177193,1717688400000,11251,Eternal Fire,11,12394,BetBoom,13,BetBoom,Anubis,7475,YaLLa Compass 2024
177191,1717688400000,7175,HEROIC,13,4869,ENCE,7,HEROIC,Dust2,7475,YaLLa Compass 2024
177178,1717682400000,4991,fnatic,11,8297,FURIA,13,FURIA,Dust2,7475,YaLLa Compass 2024
177172,1717682400000,6248,The MongolZ,13,4411,Ninjas in Pyjamas,6,The MongolZ,Nuke,7475,YaLLa Compass 2024
177164,1717677000000,5005,Complexity,8,12394,BetBoom,13,BetBoom,Nuke,7475,YaLLa Compass 2024
177162,1717677000000,4869,ENCE,3,6665,Astralis,13,Astralis,Mirage,7475,YaLLa Compass 2024
177153,1717672200000,11712,Sashi,6,7175,HEROIC,13,HEROIC,Anubis,7475,YaLLa Compass 2024
177154,1717671600000,7532,BIG,6,11251,Eternal Fire,13,Eternal Fire,Anubis,7475,YaLLa Compass 2024
177145,1717666800000,6665,Astralis,11,4411,Ninjas in Pyjamas,13,Ninjas in Pyjamas,Ancient,7475,YaLLa Compass 2024
177139,1717666500000,4991,fnatic,13,5005,Complexity,3,fnatic,Inferno,7475,YaLLa Compass 2024
177130,1717660800000,11251,Eternal Fire,7,8297,FURIA,13,FURIA,Inferno,7475,YaLLa Compass 2024
177129,1717660800000,7175,HEROIC,9,6248,The MongolZ,13,The MongolZ,Mirage,7475,YaLLa Compass 2024
177081,1717613100000,12394,BetBoom,13,7532,BIG,9,BetBoom,Ancient,7475,YaLLa Compass 2024
177076,1717612200000,11712,Sashi,4,4869,ENCE,13,ENCE,Mirage,7475,YaLLa Compass 2024
177064,1717607400000,11251,Eternal Fire,5,4991,fnatic,13,fnatic,Inferno,7475,YaLLa Compass 2024
177061,1717606800000,4411,Ninjas in Pyjamas,13,7175,HEROIC,10,Ninjas in Pyjamas,Ancient,7475,YaLLa Compass 2024
177056,1717601700000,12394,BetBoom,1,8297,FURIA,13,FURIA,Nuke,7475,YaLLa Compass 2024
177051,1717600500000,6248,The MongolZ,13,4869,ENCE,7,The MongolZ,Nuke,7475,YaLLa Compass 2024
177042,1717596000000,5005,Complexity,13,7532,BIG,5,Complexity,Inferno,7475,YaLLa Compass 2024
177039,1717595100000,11712,Sashi,13,6665,Astralis,8,Sashi,Nuke,7475,YaLLa Compass 2024
177029,1717590900000,12394,BetBoom,13,4991,fnatic,7,BetBoom,Ancient,7475,YaLLa Compass 2024
177028,1717589100000,4869,ENCE,6,4411,Ninjas in Pyjamas,13,Ninjas in Pyjamas,Vertigo,7475,YaLLa Compass 2024
177021,1717581900000,8297,FURIA,3,7532,BIG,13,BIG,Ancient,7475,YaLLa Compass 2024
177019,1717581300000,11712,Sashi,14,6248,The MongolZ,16,The MongolZ,Mirage,7475,YaLLa Compass 2024
177012,1717575000000,5005,Complexity,16,11251,Eternal Fire,13,Complexity,Anubis,7475,YaLLa Compass 2024
177011,1717575000000,6665,Astralis,13,7175,HEROIC,6,Astralis,Nuke,7475,YaLLa Compass 2024
176965,1717520400000,4914,3DMAX,13,11861,Aurora,8,3DMAX,Anubis,7620,ESL Challenger League Season 47 Europe
176954,1717520400000,4914,3DMAX,13,11861,Aurora,8,3DMAX,Dust2,7620,ESL Challenger League Season 47 Europe
176948,1717520400000,11861,Aurora,13,4914,3DMAX,1,Aurora,Nuke,7620,ESL Challenger League Season 47 Europe
176831,1717351200000,9565,Vitality,8,5995,G2,13,G2,Nuke,7438,IEM Dallas 2024
176827,1717351200000,9565,Vitality,16,5995,G2,13,Vitality,Anubis,7438,IEM Dallas 2024
176820,1717351200000,9565,Vitality,16,5995,G2,19,G2,Inferno,7438,IEM Dallas 2024
176757,1717276500000,5995,G2,13,9996,9z,8,G2,Dust2,7438,IEM Dallas 2024
176754,1717276500000,9996,9z,11,5995,G2,13,G2,Inferno,7438,IEM Dallas 2024
176738,1717264800000,9565,Vitality,13,7020,Spirit,11,Vitality,Mirage,7438,IEM Dallas 2024
176730,1717264800000,7020,Spirit,6,9565,Vitality,13,Vitality,Dust2,7438,IEM Dallas 2024
176664,1717190100000,5995,G2,13,6667,FaZe,2,G2,Nuke,7438,IEM Dallas 2024
176661,1717190100000,6667,FaZe,8,5995,G2,13,G2,Dust2,7438,IEM Dallas 2024
176653,1717179300000,7175,HEROIC,2,9565,Vitality,13,Vitality,Dust2,7438,IEM Dallas 2024
176643,1717179300000,9565,Vitality,13,7175,HEROIC,8,Vitality,Nuke,7438,IEM Dallas 2024
176623,1717165500000,4991,fnatic,13,10567,SAW,7,fnatic,Dust2,7844,RES European Masters 1 Fall 2024 - BLAST Premier Qualifier
176537,1717023600000,5995,G2,13,5973,Liquid,11,G2,Nuke,7438,IEM Dallas 2024
176534,1717023600000,5973,Liquid,8,5995,G2,13,G2,Inferno,7438,IEM Dallas 2024
176530,1717023600000,5995,G2,11,5973,Liquid,13,Liquid,Dust2,7438,IEM Dallas 2024
176533,1717023600000,7532,BIG,4,7175,HEROIC,13,HEROIC,Nuke,7438,IEM Dallas 2024
176528,1717023600000,7175,HEROIC,13,7532,BIG,7,HEROIC,Ancient,7438,IEM Dallas 2024
176525,1717013700000,9565,Vitality,14,9996,9z,16,9z,Anubis,7438,IEM Dallas 2024
176520,1717013700000,9565,Vitality,9,9996,9z,13,9z,Dust2,7438,IEM Dallas 2024
176522,1717012800000,7020,Spirit,13,6667,FaZe,10,Spirit,Nuke,7438,IEM Dallas 2024
176519,1717012800000,7020,Spirit,13,6667,FaZe,11,Spirit,Anubis,7438,IEM Dallas 2024
176508,1717002000000,7532,BIG,13,5378,Virtus.pro,5,BIG,Dust2,7438,IEM Dallas 2024
176502,1717002000000,5378,Virtus.pro,13,7532,BIG,10,Virtus.pro,Ancient,7438,IEM Dallas 2024
176492,1717002000000,7532,BIG,13,5378,Virtus.pro,5,BIG,Inferno,7438,IEM Dallas 2024
176501,1717002000000,7175,HEROIC,13,4608,Natus Vincere,9,HEROIC,Mirage,7438,IEM Dallas 2024
176494,1717002000000,4608,Natus Vincere,8,7175,HEROIC,13,HEROIC,Nuke,7438,IEM Dallas 2024
176485,1716979500000,6248,The MongolZ,13,11861,Aurora,10,The MongolZ,Nuke,7788,MESA Nomadic Masters Spring 2024
176483,1716979500000,11861,Aurora,8,6248,The MongolZ,13,The MongolZ,Inferno,7788,MESA Nomadic Masters Spring 2024
176472,1716941400000,4494,MOUZ,10,5995,G2,13,G2,Ancient,7438,IEM Dallas 2024
176470,1716941400000,5995,G2,5,4494,MOUZ,13,MOUZ,Nuke,7438,IEM Dallas 2024
176467,1716941400000,4494,MOUZ,8,5995,G2,13,G2,Inferno,7438,IEM Dallas 2024
176469,1716937200000,11283,Falcons,10,5973,Liquid,13,Liquid,Anubis,7438,IEM Dallas 2024
176466,1716937200000,11283,Falcons,11,5973,Liquid,13,Liquid,Ancient,7438,IEM Dallas 2024
176464,1716937200000,5973,Liquid,6,11283,Falcons,13,Falcons,Nuke,7438,IEM Dallas 2024
176463,1716926400000,6667,FaZe,13,5378,Virtus.pro,11,FaZe,Ancient,7438,IEM Dallas 2024
176460,1716926400000,6667,FaZe,16,5378,Virtus.pro,13,FaZe,Inferno,7438,IEM Dallas 2024
176452,1716926400000,6667,FaZe,10,5378,Virtus.pro,13,Virtus.pro,Mirage,7438,IEM Dallas 2024
176458,1716926400000,7532,BIG,16,12774,FlyQuest,14,BIG,Nuke,7438,IEM Dallas 2024
176451,1716926400000,12774,FlyQuest,6,7532,BIG,13,BIG,Ancient,7438,IEM Dallas 2024
176440,1716915600000,12376,M80,8,7175,HEROIC,13,HEROIC,Mirage,7438,IEM Dallas 2024
176436,1716915600000,7175,HEROIC,13,12376,M80,9,HEROIC,Ancient,7438,IEM Dallas 2024
176439,1716915600000,7020,Spirit,13,4608,Natus Vincere,8,Spirit,Nuke,7438,IEM Dallas 2024
176434,1716915600000,4608,Natus Vincere,4,7020,Spirit,13,Spirit,Ancient,7438,IEM Dallas 2024
176419,1716890700000,6248,The MongolZ,13,11571,Gaimin Gladiators,2,The MongolZ,Dust2,7788,MESA Nomadic Masters Spring 2024
176418,1716890700000,11571,Gaimin Gladiators,5,6248,The MongolZ,13,The MongolZ,Ancient,7788,MESA Nomadic Masters Spring 2024
176413,1716856200000,9996,9z,13,5973,Liquid,11,9z,Dust2,7438,IEM Dallas 2024
176410,1716856200000,5973,Liquid,13,9996,9z,9,Liquid,Anubis,7438,IEM Dallas 2024
176404,1716856200000,5973,Liquid,13,9996,9z,16,9z,Nuke,7438,IEM Dallas 2024
176412,1716856200000,5005,Complexity,6,4494,MOUZ,13,MOUZ,Nuke,7438,IEM Dallas 2024
176411,1716856200000,5005,Complexity,11,4494,MOUZ,13,MOUZ,Ancient,7438,IEM Dallas 2024
176405,1716856200000,4494,MOUZ,16,5005,Complexity,19,Complexity,Vertigo,7438,IEM Dallas 2024
176401,1716848400000,11811,Monte,4,11283,Falcons,13,Falcons,Nuke,7438,IEM Dallas 2024
176399,1716848400000,11283,Falcons,13,11811,Monte,10,Falcons,Dust2,7438,IEM Dallas 2024
176400,1716846600000,5995,G2,5,9565,Vitality,13,Vitality,Anubis,7438,IEM Dallas 2024
176397,1716846600000,9565,Vitality,13,5995,G2,6,Vitality,Dust2,7438,IEM Dallas 2024
176395,1716844800000,5378,Virtus.pro,13,7175,HEROIC,4,Virtus.pro,Ancient,7438,IEM Dallas 2024
176394,1716843600000,7020,Spirit,13,12774,FlyQuest,1,Spirit,Ancient,7438,IEM Dallas 2024
176392,1716841200000,12376,M80,6,6667,FaZe,13,FaZe,Ancient,7438,IEM Dallas 2024
176391,1716839700000,7532,BIG,9,4608,Natus Vincere,13,Natus Vincere,Ancient,7438,IEM Dallas 2024
176387,1716836400000,9996,9z,13,4494,MOUZ,9,9z,Nuke,7438,IEM Dallas 2024
176385,1716835800000,5005,Complexity,6,5973,Liquid,13,Liquid,Dust2,7438,IEM Dallas 2024
176381,1716831000000,9565,Vitality,16,11811,Monte,12,Vitality,Nuke,7438,IEM Dallas 2024
176380,1716831000000,5995,G2,13,11283,Falcons,10,G2,Anubis,7438,IEM Dallas 2024
176204,1716471000000,5973,Liquid,14,11251,Eternal Fire,16,Eternal Fire,Nuke,7517,CCT Global Finals 2024
176199,1716471000000,5973,Liquid,16,11251,Eternal Fire,14,Liquid,Dust2,7517,CCT Global Finals 2024
176194,1716471000000,11251,Eternal Fire,13,5973,Liquid,10,Eternal Fire,Anubis,7517,CCT Global Finals 2024
176188,1716471000000,11251,Eternal Fire,13,5973,Liquid,5,Eternal Fire,Inferno,7517,CCT Global Finals 2024
176158,1716419400000,9996,9z,10,9455,Imperial,13,Imperial,Nuke,7666,ESL Challenger League Season 47 South America
176159,1716415200000,9455,Imperial,13,9996,9z,10,Imperial,Mirage,7666,ESL Challenger League Season 47 South America
176136,1716404400000,4773,paiN,8,9215,MIBR,13,MIBR,Vertigo,7666,ESL Challenger League Season 47 South America
176129,1716400800000,9215,MIBR,13,4773,paiN,3,MIBR,Anubis,7666,ESL Challenger League Season 47 South America
176117,1716387300000,11251,Eternal Fire,13,9928,GamerLegion,7,Eternal Fire,Mirage,7517,CCT Global Finals 2024
176111,1716387300000,11251,Eternal Fire,13,9928,GamerLegion,10,Eternal Fire,Anubis,7517,CCT Global Finals 2024
176109,1716373800000,6665,Astralis,3,5973,Liquid,13,Liquid,Dust2,7517,CCT Global Finals 2024
176106,1716373800000,5973,Liquid,10,6665,Astralis,13,Astralis,Nuke,7517,CCT Global Finals 2024
176101,1716373800000,6665,Astralis,17,5973,Liquid,19,Liquid,Inferno,7517,CCT Global Finals 2024
176065,1716316200000,12586,AMKAL,11,9928,GamerLegion,13,GamerLegion,Nuke,7517,CCT Global Finals 2024
176056,1716316200000,12586,AMKAL,13,9928,GamerLegion,9,AMKAL,Vertigo,7517,CCT Global Finals 2024
176047,1716316200000,12586,AMKAL,17,9928,GamerLegion,19,GamerLegion,Ancient,7517,CCT Global Finals 2024
176040,1716305400000,12394,BetBoom,4,11251,Eternal Fire,13,Eternal Fire,Dust2,7517,CCT Global Finals 2024
176037,1716305400000,11251,Eternal Fire,13,12394,BetBoom,8,Eternal Fire,Vertigo,7517,CCT Global Finals 2024
176033,1716305400000,11251,Eternal Fire,3,12394,BetBoom,13,BetBoom,Mirage,7517,CCT Global Finals 2024
176030,1716294600000,6665,Astralis,13,11861,Aurora,2,Astralis,Nuke,7517,CCT Global Finals 2024
176027,1716294600000,11861,Aurora,6,6665,Astralis,13,Astralis,Ancient,7517,CCT Global Finals 2024
176023,1716294600000,6665,Astralis,4,11861,Aurora,13,Aurora,Mirage,7517,CCT Global Finals 2024
176015,1716285600000,4869,ENCE,10,5973,Liquid,13,Liquid,Ancient,7517,CCT Global Finals 2024
176012,1716285600000,5973,Liquid,13,4869,ENCE,2,Liquid,Nuke,7517,CCT Global Finals 2024
175988,1716232500000,12394,BetBoom,19,9215,MIBR,16,BetBoom,Nuke,7517,CCT Global Finals 2024
175986,1716232500000,9215,MIBR,6,12394,BetBoom,13,BetBoom,Ancient,7517,CCT Global Finals 2024
175979,1716232500000,9215,MIBR,13,12394,BetBoom,9,MIBR,Vertigo,7517,CCT Global Finals 2024
175969,1716221400000,6665,Astralis,19,12394,BetBoom,17,Astralis,Mirage,7517,CCT Global Finals 2024
175963,1716221400000,6665,Astralis,16,12394,BetBoom,13,Astralis,Vertigo,7517,CCT Global Finals 2024
175955,1716208200000,7532,BIG,8,9215,MIBR,13,MIBR,Vertigo,7517,CCT Global Finals 2024
175950,1716208200000,9215,MIBR,14,7532,BIG,16,BIG,Ancient,7517,CCT Global Finals 2024
175945,1716208200000,9215,MIBR,13,7532,BIG,10,MIBR,Anubis,7517,CCT Global Finals 2024
175940,1716195600000,11712,Sashi,10,11811,Monte,13,Monte,Vertigo,7831,RES Regional Series 4 Europe
175932,1716195600000,11811,Monte,16,11712,Sashi,13,Monte,Nuke,7831,RES Regional Series 4 Europe
175925,1716195600000,11712,Sashi,16,11811,Monte,13,Sashi,Mirage,7831,RES Regional Series 4 Europe
175935,1716195600000,9215,MIBR,1,12394,BetBoom,13,BetBoom,Nuke,7517,CCT Global Finals 2024
175928,1716195600000,12394,BetBoom,0,9215,MIBR,13,MIBR,Vertigo,7517,CCT Global Finals 2024
175924,1716195600000,9215,MIBR,9,12394,BetBoom,13,BetBoom,Mirage,7517,CCT Global Finals 2024
175908,1716143400000,7532,BIG,8,6665,Astralis,13,Astralis,Nuke,7517,CCT Global Finals 2024
175901,1716143400000,6665,Astralis,13,7532,BIG,6,Astralis,Dust2,7517,CCT Global Finals 2024
175895,1716132600000,12586,AMKAL,13,4773,paiN,4,AMKAL,Nuke,7517,CCT Global Finals 2024
175889,1716132600000,4773,paiN,13,12586,AMKAL,16,AMKAL,Inferno,7517,CCT Global Finals 2024
175885,1716123600000,7020,Spirit,4,4494,MOUZ,13,MOUZ,Mirage,7755,BetBoom Dacha Belgrade 2024
175881,1716123600000,4494,MOUZ,13,7020,Spirit,9,MOUZ,Ancient,7755,BetBoom Dacha Belgrade 2024
175876,1716123600000,7020,Spirit,11,4494,MOUZ,13,MOUZ,Vertigo,7755,BetBoom Dacha Belgrade 2024
175878,1716123600000,5973,Liquid,13,12586,AMKAL,11,Liquid,Nuke,7517,CCT Global Finals 2024
175873,1716123600000,12586,AMKAL,2,5973,Liquid,13,Liquid,Inferno,7517,CCT Global Finals 2024
175863,1716111000000,4773,paiN,13,10503,OG,6,paiN,Dust2,7517,CCT Global Finals 2024
175856,1716111000000,4773,paiN,13,10503,OG,10,paiN,Mirage,7517,CCT Global Finals 2024
175852,1716111000000,4773,paiN,14,10503,OG,16,OG,Vertigo,7517,CCT Global Finals 2024
175833,1716061800000,10503,OG,10,5973,Liquid,13,Liquid,Inferno,7517,CCT Global Finals 2024
175828,1716061800000,10503,OG,13,5973,Liquid,5,OG,Ancient,7517,CCT Global Finals 2024
175821,1716061800000,10503,OG,5,5973,Liquid,13,Liquid,Anubis,7517,CCT Global Finals 2024
175814,1716052800000,12586,AMKAL,16,4773,paiN,14,AMKAL,Nuke,7517,CCT Global Finals 2024
175808,1716052800000,4773,paiN,8,12586,AMKAL,13,AMKAL,Inferno,7517,CCT Global Finals 2024
175801,1716044400000,7175,HEROIC,8,4494,MOUZ,13,MOUZ,Mirage,7755,BetBoom Dacha Belgrade 2024
175788,1716044400000,4494,MOUZ,13,7175,HEROIC,9,MOUZ,Dust2,7755,BetBoom Dacha Belgrade 2024
175797,1716039000000,4869,ENCE,16,4991,fnatic,14,ENCE,Dust2,7517,CCT Global Finals 2024
175786,1716039000000,4869,ENCE,8,4991,fnatic,13,fnatic,Ancient,7517,CCT Global Finals 2024
175773,1716039000000,4869,ENCE,13,4991,fnatic,8,ENCE,Anubis,7517,CCT Global Finals 2024
175781,1716037200000,11712,Sashi,13,11811,Monte,7,Sashi,Mirage,7700,Elisa Invitational Spring 2024
175780,1716037200000,11811,Monte,7,11712,Sashi,13,Sashi,Nuke,7700,Elisa Invitational Spring 2024
175762,1716033600000,7020,Spirit,13,11283,Falcons,2,Spirit,Vertigo,7755,BetBoom Dacha Belgrade 2024
175757,1716033600000,7020,Spirit,13,11283,Falcons,7,Spirit,Anubis,7755,BetBoom Dacha Belgrade 2024
175755,1716024600000,9928,GamerLegion,13,4991,fnatic,11,GamerLegion,Mirage,7517,CCT Global Finals 2024
175752,1716024600000,4991,fnatic,13,9928,GamerLegion,8,fnatic,Anubis,7517,CCT Global Finals 2024
175746,1716024600000,4991,fnatic,11,9928,GamerLegion,13,GamerLegion,Ancient,7517,CCT Global Finals 2024
175724,1715977800000,4869,ENCE,13,11571,Gaimin Gladiators,9,ENCE,Dust2,7517,CCT Global Finals 2024
175721,1715977800000,4869,ENCE,13,11571,Gaimin Gladiators,4,ENCE,Vertigo,7517,CCT Global Finals 2024
175712,1715961600000,11571,Gaimin Gladiators,14,9928,GamerLegion,16,GamerLegion,Nuke,7517,CCT Global Finals 2024
175704,1715961600000,9928,GamerLegion,9,11571,Gaimin Gladiators,13,Gaimin Gladiators,Dust2,7517,CCT Global Finals 2024
175698,1715961600000,9928,GamerLegion,13,11571,Gaimin Gladiators,8,GamerLegion,Vertigo,7517,CCT Global Finals 2024
175701,1715960700000,7175,HEROIC,13,9215,MIBR,7,HEROIC,Dust2,7755,BetBoom Dacha Belgrade 2024
175697,1715960700000,9215,MIBR,6,7175,HEROIC,13,HEROIC,Ancient,7755,BetBoom Dacha Belgrade 2024
175693,1715960700000,7175,HEROIC,2,9215,MIBR,13,MIBR,Vertigo,7755,BetBoom Dacha Belgrade 2024
175686,1715951700000,4869,ENCE,8,4991,fnatic,13,fnatic,Anubis,7517,CCT Global Finals 2024
175679,1715951700000,4869,ENCE,10,4991,fnatic,13,fnatic,Ancient,7517,CCT Global Finals 2024
175685,1715947200000,11283,Falcons,13,5378,Virtus.pro,8,Falcons,Ancient,7755,BetBoom Dacha Belgrade 2024
175677,1715947200000,11283,Falcons,5,5378,Virtus.pro,13,Virtus.pro,Mirage,7755,BetBoom Dacha Belgrade 2024
175672,1715947200000,5378,Virtus.pro,10,11283,Falcons,13,Falcons,Vertigo,7755,BetBoom Dacha Belgrade 2024
175669,1715938200000,10567,SAW,14,11861,Aurora,16,Aurora,Ancient,7517,CCT Global Finals 2024
175665,1715938200000,11861,Aurora,13,10567,SAW,16,SAW,Dust2,7517,CCT Global Finals 2024
175658,1715938200000,11861,Aurora,13,10567,SAW,8,Aurora,Nuke,7517,CCT Global Finals 2024
175632,1715882400000,9455,Imperial,13,9996,9z,5,Imperial,Anubis,7822,Thunderpick World Championship 2024 SA Closed Qualifier 1
175625,1715882400000,9996,9z,6,9455,Imperial,13,Imperial,Mirage,7822,Thunderpick World Championship 2024 SA Closed Qualifier 1
175622,1715882400000,9455,Imperial,6,9996,9z,13,9z,Dust2,7822,Thunderpick World Championship 2024 SA Closed Qualifier 1
175629,1715881500000,11251,Eternal Fire,13,10567,SAW,7,Eternal Fire,Nuke,7517,CCT Global Finals 2024
175620,1715881500000,11251,Eternal Fire,16,10567,SAW,13,Eternal Fire,Anubis,7517,CCT Global Finals 2024
175623,1715880300000,11861,Aurora,10,9215,MIBR,13,MIBR,Nuke,7755,BetBoom Dacha Belgrade 2024
175615,1715880300000,11861,Aurora,5,9215,MIBR,13,MIBR,Anubis,7755,BetBoom Dacha Belgrade 2024
175602,1715868900000,7175,HEROIC,8,7020,Spirit,13,Spirit,Mirage,7755,BetBoom Dacha Belgrade 2024
175598,1715868900000,7020,Spirit,13,7175,HEROIC,11,Spirit,Nuke,7755,BetBoom Dacha Belgrade 2024
175586,1715854800000,4494,MOUZ,13,5378,Virtus.pro,2,MOUZ,Mirage,7755,BetBoom Dacha Belgrade 2024
175580,1715854800000,5378,Virtus.pro,16,4494,MOUZ,13,Virtus.pro,Vertigo,7755,BetBoom Dacha Belgrade 2024
175573,1715854800000,4494,MOUZ,13,5378,Virtus.pro,4,MOUZ,Dust2,7755,BetBoom Dacha Belgrade 2024
175581,1715852700000,10567,SAW,13,11861,Aurora,9,SAW,Ancient,7517,CCT Global Finals 2024
175576,1715852700000,11861,Aurora,13,10567,SAW,10,Aurora,Dust2,7517,CCT Global Finals 2024
175568,1715852700000,11861,Aurora,3,10567,SAW,13,SAW,Nuke,7517,CCT Global Finals 2024
175528,1715791800000,12394,BetBoom,3,11283,Falcons,13,Falcons,Nuke,7755,BetBoom Dacha Belgrade 2024
175523,1715791800000,11283,Falcons,13,12394,BetBoom,10,Falcons,Vertigo,7755,BetBoom Dacha Belgrade 2024
175512,1715791800000,12394,BetBoom,13,11283,Falcons,9,BetBoom,Anubis,7755,BetBoom Dacha Belgrade 2024
175504,1715777100000,7175,HEROIC,13,9215,MIBR,4,HEROIC,Ancient,7755,BetBoom Dacha Belgrade 2024
175496,1715777100000,9215,MIBR,16,7175,HEROIC,13,MIBR,Dust2,7755,BetBoom Dacha Belgrade 2024
175488,1715777100000,9215,MIBR,7,7175,HEROIC,13,HEROIC,Anubis,7755,BetBoom Dacha Belgrade 2024
175481,1715767200000,11861,Aurora,7,7020,Spirit,13,Spirit,Ancient,7755,BetBoom Dacha Belgrade 2024
175476,1715767200000,7020,Spirit,13,11861,Aurora,8,Spirit,Dust2,7755,BetBoom Dacha Belgrade 2024
175397,1715704500000,11283,Falcons,5,5378,Virtus.pro,13,Virtus.pro,Mirage,7755,BetBoom Dacha Belgrade 2024
175390,1715704500000,5378,Virtus.pro,16,11283,Falcons,13,Virtus.pro,Vertigo,7755,BetBoom Dacha Belgrade 2024
175380,1715690100000,4494,MOUZ,16,12394,BetBoom,12,MOUZ,Vertigo,7755,BetBoom Dacha Belgrade 2024
175376,1715690100000,4494,MOUZ,13,12394,BetBoom,11,MOUZ,Dust2,7755,BetBoom Dacha Belgrade 2024
175287,1715544000000,9996,9z,11,4773,paiN,13,paiN,Nuke,7814,RES Regional Series 4 LATAM
175278,1715544000000,4773,paiN,13,9996,9z,7,paiN,Anubis,7814,RES Regional Series 4 LATAM
175274,1715544000000,4773,paiN,10,9996,9z,13,9z,Dust2,7814,RES Regional Series 4 LATAM
175259,1715526000000,4494,MOUZ,13,9565,Vitality,5,MOUZ,Nuke,7440,ESL Pro League Season 19
175256,1715526000000,9565,Vitality,8,4494,MOUZ,13,MOUZ,Mirage,7440,ESL Pro League Season 19
175251,1715526000000,4494,MOUZ,13,9565,Vitality,9,MOUZ,Inferno,7440,ESL Pro League Season 19
175253,1715520600000,11883,9 Pandas,9,12394,BetBoom,13,BetBoom,Anubis,7795,CCT Season 2 Europe Series 2
175244,1715520600000,11883,9 Pandas,15,12394,BetBoom,19,BetBoom,Mirage,7795,CCT Season 2 Europe Series 2
175219,1715451300000,4494,MOUZ,13,5005,Complexity,4,MOUZ,Ancient,7440,ESL Pro League Season 19
175215,1715451300000,5005,Complexity,9,4494,MOUZ,13,MOUZ,Nuke,7440,ESL Pro League Season 19
175205,1715451300000,4494,MOUZ,8,5005,Complexity,13,Complexity,Vertigo,7440,ESL Pro League Season 19
175187,1715436900000,9565,Vitality,13,6665,Astralis,8,Vitality,Inferno,7440,ESL Pro League Season 19
175177,1715436900000,9565,Vitality,16,6665,Astralis,13,Vitality,Vertigo,7440,ESL Pro League Season 19
175171,1715436900000,6665,Astralis,13,9565,Vitality,9,Astralis,Mirage,7440,ESL Pro League Season 19
175133,1715362200000,9565,Vitality,13,6667,FaZe,10,Vitality,Vertigo,7440,ESL Pro League Season 19
175131,1715362200000,9565,Vitality,13,6667,FaZe,3,Vitality,Nuke,7440,ESL Pro League Season 19
175126,1715350800000,5973,Liquid,7,6665,Astralis,13,Astralis,Overpass,7440,ESL Pro League Season 19
175124,1715350800000,6665,Astralis,13,5973,Liquid,9,Astralis,Inferno,7440,ESL Pro League Season 19
175092,1715275800000,5995,G2,4,4494,MOUZ,13,MOUZ,Nuke,7440,ESL Pro League Season 19
175090,1715275800000,5995,G2,8,4494,MOUZ,13,MOUZ,Vertigo,7440,ESL Pro League Season 19
175088,1715275800000,4494,MOUZ,3,5995,G2,13,G2,Inferno,7440,ESL Pro League Season 19
175079,1715264100000,5378,Virtus.pro,3,5005,Complexity,13,Complexity,Vertigo,7440,ESL Pro League Season 19
175077,1715264100000,5005,Complexity,13,5378,Virtus.pro,9,Complexity,Ancient,7440,ESL Pro League Season 19
175050,1715192400000,6667,FaZe,16,4608,Natus Vincere,14,FaZe,Mirage,7440,ESL Pro League Season 19
175043,1715192400000,4608,Natus Vincere,5,6667,FaZe,13,FaZe,Nuke,7440,ESL Pro League Season 19
175053,1715191500000,6248,The MongolZ,11,5378,Virtus.pro,13,Virtus.pro,Ancient,7440,ESL Pro League Season 19
175049,1715191500000,5378,Virtus.pro,13,6248,The MongolZ,6,Virtus.pro,Mirage,7440,ESL Pro League Season 19
175042,1715191500000,6248,The MongolZ,13,5378,Virtus.pro,11,The MongolZ,Overpass,7440,ESL Pro League Season 19
175039,1715177700000,5973,Liquid,13,12774,FlyQuest,10,Liquid,Ancient,7440,ESL Pro League Season 19
175035,1715177700000,5973,Liquid,14,12774,FlyQuest,16,FlyQuest,Anubis,7440,ESL Pro League Season 19
175029,1715177700000,5973,Liquid,13,12774,FlyQuest,10,Liquid,Mirage,7440,ESL Pro League Season 19
175038,1715177700000,4914,3DMAX,6,5995,G2,13,G2,Inferno,7440,ESL Pro League Season 19
175034,1715177700000,5995,G2,7,4914,3DMAX,13,3DMAX,Anubis,7440,ESL Pro League Season 19
175028,1715177700000,4914,3DMAX,10,5995,G2,13,G2,Nuke,7440,ESL Pro League Season 19
175011,1715104800000,9928,GamerLegion,11,5378,Virtus.pro,13,Virtus.pro,Mirage,7440,ESL Pro League Season 19
175007,1715104800000,5378,Virtus.pro,13,9928,GamerLegion,11,Virtus.pro,Anubis,7440,ESL Pro League Season 19
175013,1715103000000,6667,FaZe,13,11811,Monte,10,FaZe,Mirage,7440,ESL Pro League Season 19
175008,1715103000000,11811,Monte,16,6667,FaZe,14,Monte,Nuke,7440,ESL Pro League Season 19
175004,1715103000000,6667,FaZe,13,11811,Monte,7,FaZe,Vertigo,7440,ESL Pro League Season 19
175000,1715091300000,12394,BetBoom,9,12774,FlyQuest,13,FlyQuest,Anubis,7440,ESL Pro League Season 19
174995,1715091300000,12774,FlyQuest,13,12394,BetBoom,9,FlyQuest,Mirage,7440,ESL Pro League Season 19
174987,1715091300000,12774,FlyQuest,11,12394,BetBoom,13,BetBoom,Vertigo,7440,ESL Pro League Season 19
174997,1715091300000,5995,G2,13,7532,BIG,4,G2,Ancient,7440,ESL Pro League Season 19
174988,1715091300000,7532,BIG,16,5995,G2,19,G2,Inferno,7440,ESL Pro League Season 19
174996,1715086800000,11883,9 Pandas,11,11712,Sashi,13,Sashi,Mirage,7796,Hellcase Cup 9
174990,1715086800000,11712,Sashi,5,11883,9 Pandas,13,9 Pandas,Ancient,7796,Hellcase Cup 9
174983,1715086800000,11883,9 Pandas,17,11712,Sashi,19,Sashi,Nuke,7796,Hellcase Cup 9
174936,1714933200000,4608,Natus Vincere,8,5005,Complexity,13,Complexity,Nuke,7440,ESL Pro League Season 19
174935,1714933200000,5005,Complexity,13,4608,Natus Vincere,9,Complexity,Anubis,7440,ESL Pro League Season 19
174926,1714933200000,5005,Complexity,8,4608,Natus Vincere,13,Natus Vincere,Ancient,7440,ESL Pro League Season 19
174929,1714927200000,11712,Sashi,10,11571,Gaimin Gladiators,13,Gaimin Gladiators,Ancient,7812,IESF World Championship 2024 Denmark Closed Qualifier
174928,1714927200000,11571,Gaimin Gladiators,13,11712,Sashi,9,Gaimin Gladiators,Nuke,7812,IESF World Championship 2024 Denmark Closed Qualifier
174921,1714919400000,8297,FURIA,7,11811,Monte,13,Monte,Vertigo,7440,ESL Pro League Season 19
174916,1714919400000,8297,FURIA,13,11811,Monte,10,FURIA,Mirage,7440,ESL Pro League Season 19
174909,1714919400000,11811,Monte,16,8297,FURIA,14,Monte,Nuke,7440,ESL Pro League Season 19
174878,1714843800000,5973,Liquid,7,4494,MOUZ,13,MOUZ,Mirage,7440,ESL Pro League Season 19
174876,1714843800000,4494,MOUZ,13,5973,Liquid,11,MOUZ,Nuke,7440,ESL Pro League Season 19
174874,1714838400000,12586,AMKAL,13,12394,BetBoom,5,AMKAL,Vertigo,7781,CCT Season 2 Europe Series 1
174873,1714838400000,12586,AMKAL,13,12394,BetBoom,8,AMKAL,Mirage,7781,CCT Season 2 Europe Series 1
174864,1714833900000,4869,ENCE,8,8297,FURIA,13,FURIA,Mirage,7440,ESL Pro League Season 19
174862,1714833900000,8297,FURIA,13,4869,ENCE,9,FURIA,Nuke,7440,ESL Pro League Season 19
174859,1714827600000,12394,BetBoom,13,11883,9 Pandas,6,BetBoom,Ancient,7781,CCT Season 2 Europe Series 1
174856,1714827600000,11883,9 Pandas,7,12394,BetBoom,13,BetBoom,Mirage,7781,CCT Season 2 Europe Series 1
174847,1714816800000,11641,Metizport,11,12586,AMKAL,13,AMKAL,Overpass,7781,CCT Season 2 Europe Series 1
174843,1714816800000,12586,AMKAL,13,11641,Metizport,11,AMKAL,Mirage,7781,CCT Season 2 Europe Series 1
174840,1714757400000,7175,HEROIC,5,7532,BIG,13,BIG,Ancient,7440,ESL Pro League Season 19
174835,1714757400000,7175,HEROIC,13,7532,BIG,16,BIG,Vertigo,7440,ESL Pro League Season 19
174831,1714757400000,7532,BIG,5,7175,HEROIC,13,HEROIC,Nuke,7440,ESL Pro League Season 19
174822,1714746600000,4869,ENCE,10,9928,GamerLegion,13,GamerLegion,Overpass,7440,ESL Pro League Season 19
174816,1714746600000,9928,GamerLegion,13,4869,ENCE,5,GamerLegion,Nuke,7440,ESL Pro League Season 19
174825,1714744800000,11571,Gaimin Gladiators,22,12586,AMKAL,25,AMKAL,Overpass,7781,CCT Season 2 Europe Series 1
174818,1714744800000,11571,Gaimin Gladiators,13,12586,AMKAL,11,Gaimin Gladiators,Inferno,7781,CCT Season 2 Europe Series 1
174815,1714744800000,11571,Gaimin Gladiators,5,12586,AMKAL,13,AMKAL,Vertigo,7781,CCT Season 2 Europe Series 1
174809,1714735800000,12774,FlyQuest,12,7175,HEROIC,16,HEROIC,Nuke,7440,ESL Pro League Season 19
174803,1714735800000,7175,HEROIC,13,12774,FlyQuest,8,HEROIC,Ancient,7440,ESL Pro League Season 19
174776,1714671900000,4869,ENCE,13,11811,Monte,10,ENCE,Vertigo,7440,ESL Pro League Season 19
174771,1714671900000,11811,Monte,3,4869,ENCE,13,ENCE,Nuke,7440,ESL Pro League Season 19
174764,1714660500000,7175,HEROIC,7,5005,Complexity,13,Complexity,Anubis,7440,ESL Pro League Season 19
174756,1714660500000,7175,HEROIC,11,5005,Complexity,13,Complexity,Vertigo,7440,ESL Pro League Season 19
174749,1714660500000,5005,Complexity,5,7175,HEROIC,13,HEROIC,Nuke,7440,ESL Pro League Season 19
174745,1714649400000,7532,BIG,7,4608,Natus Vincere,13,Natus Vincere,Ancient,7440,ESL Pro League Season 19
174737,1714649400000,7532,BIG,3,4608,Natus Vincere,13,Natus Vincere,Nuke,7440,ESL Pro League Season 19
174730,1714649400000,7532,BIG,13,4608,Natus Vincere,9,BIG,Anubis,7440,ESL Pro League Season 19
174718,1714584900000,5973,Liquid,13,11811,Monte,11,Liquid,Mirage,7440,ESL Pro League Season 19
174705,1714584900000,11811,Monte,19,5973,Liquid,22,Liquid,Ancient,7440,ESL Pro League Season 19
174694,1714573800000,9928,GamerLegion,12,4494,MOUZ,16,MOUZ,Mirage,7440,ESL Pro League Season 19
174690,1714573800000,4494,MOUZ,13,9928,GamerLegion,1,MOUZ,Nuke,7440,ESL Pro League Season 19
174675,1714563000000,12774,FlyQuest,6,4608,Natus Vincere,13,Natus Vincere,Mirage,7440,ESL Pro League Season 19
174670,1714563000000,4608,Natus Vincere,13,12774,FlyQuest,5,Natus Vincere,Ancient,7440,ESL Pro League Season 19
174682,1714561200000,11712,Sashi,13,4914,3DMAX,6,Sashi,Overpass,7642,YaLLa Compass Spring 2024
174674,1714561200000,4914,3DMAX,13,11712,Sashi,6,3DMAX,Anubis,7642,YaLLa Compass Spring 2024
174669,1714561200000,4914,3DMAX,9,11712,Sashi,13,Sashi,Nuke,7642,YaLLa Compass Spring 2024
174652,1714498200000,8297,FURIA,9,5973,Liquid,13,Liquid,Nuke,7440,ESL Pro League Season 19
174646,1714498200000,5973,Liquid,13,8297,FURIA,7,Liquid,Mirage,7440,ESL Pro League Season 19
174642,1714498200000,8297,FURIA,13,5973,Liquid,9,FURIA,Inferno,7440,ESL Pro League Season 19
174644,1714497000000,11571,Gaimin Gladiators,5,12586,AMKAL,13,AMKAL,Inferno,7642,YaLLa Compass Spring 2024
174638,1714497000000,11571,Gaimin Gladiators,10,12586,AMKAL,13,AMKAL,Vertigo,7642,YaLLa Compass Spring 2024
174632,1714485600000,10503,OG,11,11712,Sashi,13,Sashi,Mirage,7642,YaLLa Compass Spring 2024
174628,1714485600000,11712,Sashi,13,10503,OG,11,Sashi,Vertigo,7642,YaLLa Compass Spring 2024
174618,1714485600000,10503,OG,13,11712,Sashi,8,OG,Overpass,7642,YaLLa Compass Spring 2024
174613,1714477500000,4869,ENCE,6,9928,GamerLegion,13,GamerLegion,Overpass,7440,ESL Pro League Season 19
174605,1714477500000,9928,GamerLegion,13,4869,ENCE,6,GamerLegion,Ancient,7440,ESL Pro League Season 19
174607,1714474800000,4914,3DMAX,13,12394,BetBoom,7,3DMAX,Overpass,7642,YaLLa Compass Spring 2024
174602,1714474800000,4914,3DMAX,13,12394,BetBoom,8,3DMAX,Anubis,7642,YaLLa Compass Spring 2024
174524,1714325400000,12376,M80,6,5995,G2,13,G2,Inferno,7440,ESL Pro League Season 19
174519,1714325400000,5995,G2,22,12376,M80,20,G2,Ancient,7440,ESL Pro League Season 19
174509,1714314600000,10567,SAW,10,5378,Virtus.pro,13,Virtus.pro,Overpass,7440,ESL Pro League Season 19
174501,1714314600000,5378,Virtus.pro,13,10567,SAW,3,Virtus.pro,Vertigo,7440,ESL Pro League Season 19
174493,1714303800000,6248,The MongolZ,6,9565,Vitality,13,Vitality,Nuke,7440,ESL Pro League Season 19
174488,1714303800000,9565,Vitality,13,6248,The MongolZ,10,Vitality,Mirage,7440,ESL Pro League Season 19
174481,1714295400000,11861,Aurora,7,9215,MIBR,13,MIBR,Anubis,7600,ESL Challenger Melbourne 2024
174477,1714295400000,9215,MIBR,13,11861,Aurora,11,MIBR,Mirage,7600,ESL Challenger Melbourne 2024
174483,1714294800000,11883,9 Pandas,25,11571,Gaimin Gladiators,22,9 Pandas,Inferno,7805,RES Regional Series 3 Europe
174478,1714294800000,11571,Gaimin Gladiators,7,11883,9 Pandas,13,9 Pandas,Ancient,7805,RES Regional Series 3 Europe
174474,1714273200000,9806,Apeks,0,9215,MIBR,13,MIBR,Anubis,7600,ESL Challenger Melbourne 2024
174472,1714273200000,9806,Apeks,12,9215,MIBR,16,MIBR,Nuke,7600,ESL Challenger Melbourne 2024
174471,1714273200000,9215,MIBR,9,9806,Apeks,13,Apeks,Ancient,7600,ESL Challenger Melbourne 2024
174461,1714239000000,11251,Eternal Fire,3,10567,SAW,13,SAW,Nuke,7440,ESL Pro League Season 19
174458,1714239000000,11251,Eternal Fire,8,10567,SAW,13,SAW,Vertigo,7440,ESL Pro League Season 19
174449,1714229100000,4914,3DMAX,3,6665,Astralis,13,Astralis,Ancient,7440,ESL Pro League Season 19
174441,1714229100000,6665,Astralis,13,4914,3DMAX,7,Astralis,Inferno,7440,ESL Pro League Season 19
174433,1714217400000,5995,G2,13,11283,Falcons,5,G2,Nuke,7440,ESL Pro League Season 19
174428,1714217400000,5995,G2,13,11283,Falcons,3,G2,Anubis,7440,ESL Pro League Season 19
174422,1714217400000,5995,G2,13,11283,Falcons,16,Falcons,Vertigo,7440,ESL Pro League Season 19
174401,1714159200000,12376,M80,14,12394,BetBoom,16,BetBoom,Anubis,7440,ESL Pro League Season 19
174399,1714159200000,12376,M80,6,12394,BetBoom,13,BetBoom,Mirage,7440,ESL Pro League Season 19
174397,1714159200000,12394,BetBoom,7,12376,M80,13,M80,Ancient,7440,ESL Pro League Season 19
174390,1714146900000,11251,Eternal Fire,8,6667,FaZe,13,FaZe,Inferno,7440,ESL Pro League Season 19
174387,1714146900000,11251,Eternal Fire,11,6667,FaZe,13,FaZe,Mirage,7440,ESL Pro League Season 19
174383,1714146900000,11251,Eternal Fire,13,6667,FaZe,9,Eternal Fire,Anubis,7440,ESL Pro League Season 19
174381,1714141800000,10567,SAW,16,9455,Imperial,14,SAW,Inferno,7440,ESL Pro League Season 19
174370,1714141800000,9455,Imperial,4,10567,SAW,13,SAW,Nuke,7440,ESL Pro League Season 19
174369,1714131000000,5995,G2,19,12376,M80,22,M80,Vertigo,7440,ESL Pro League Season 19
174361,1714131000000,12376,M80,16,5995,G2,19,G2,Inferno,7440,ESL Pro League Season 19
174355,1714131000000,5995,G2,2,12376,M80,13,M80,Ancient,7440,ESL Pro League Season 19
174363,1714131000000,12394,BetBoom,13,11283,Falcons,8,BetBoom,Nuke,7440,ESL Pro League Season 19
174357,1714131000000,11283,Falcons,9,12394,BetBoom,13,BetBoom,Overpass,7440,ESL Pro League Season 19
174344,1714110900000,11861,Aurora,11,9806,Apeks,13,Apeks,Overpass,7600,ESL Challenger Melbourne 2024
174327,1714066200000,5378,Virtus.pro,4,6667,FaZe,13,FaZe,Mirage,7440,ESL Pro League Season 19
174323,1714066200000,6667,FaZe,13,5378,Virtus.pro,10,FaZe,Vertigo,7440,ESL Pro League Season 19
174317,1714055400000,9565,Vitality,13,12394,BetBoom,9,Vitality,Anubis,7440,ESL Pro League Season 19
174313,1714055400000,9565,Vitality,13,12394,BetBoom,4,Vitality,Mirage,7440,ESL Pro League Season 19
174305,1714044600000,5995,G2,7,6248,The MongolZ,13,The MongolZ,Anubis,7440,ESL Pro League Season 19
174299,1714044600000,5995,G2,4,6248,The MongolZ,13,The MongolZ,Ancient,7440,ESL Pro League Season 19
174279,1713979800000,9455,Imperial,9,11251,Eternal Fire,13,Eternal Fire,Inferno,7440,ESL Pro League Season 19
174277,1713979800000,11251,Eternal Fire,13,9455,Imperial,4,Eternal Fire,Anubis,7440,ESL Pro League Season 19
174273,1713979800000,11251,Eternal Fire,10,9455,Imperial,13,Imperial,Mirage,7440,ESL Pro League Season 19
174278,1713979800000,6665,Astralis,13,6667,FaZe,9,Astralis,Nuke,7440,ESL Pro League Season 19
174274,1713979800000,6667,FaZe,11,6665,Astralis,13,Astralis,Ancient,7440,ESL Pro League Season 19
174268,1713969000000,5378,Virtus.pro,13,10567,SAW,11,Virtus.pro,Vertigo,7440,ESL Pro League Season 19
174260,1713969000000,10567,SAW,3,5378,Virtus.pro,13,Virtus.pro,Overpass,7440,ESL Pro League Season 19
174257,1713958200000,11283,Falcons,11,6248,The MongolZ,13,The MongolZ,Ancient,7440,ESL Pro League Season 19
174252,1713958200000,6248,The MongolZ,9,11283,Falcons,13,Falcons,Nuke,7440,ESL Pro League Season 19
174246,1713958200000,11283,Falcons,3,6248,The MongolZ,13,The MongolZ,Mirage,7440,ESL Pro League Season 19
174237,1713893400000,12394,BetBoom,13,12376,M80,11,BetBoom,Mirage,7440,ESL Pro League Season 19
174235,1713893400000,12376,M80,13,12394,BetBoom,1,M80,Ancient,7440,ESL Pro League Season 19
174232,1713893400000,12376,M80,5,12394,BetBoom,13,BetBoom,Anubis,7440,ESL Pro League Season 19
174236,1713893400000,9455,Imperial,6,6667,FaZe,13,FaZe,Nuke,7440,ESL Pro League Season 19
174233,1713893400000,6667,FaZe,13,9455,Imperial,10,FaZe,Inferno,7440,ESL Pro League Season 19
174228,1713884700000,11251,Eternal Fire,9,6665,Astralis,13,Astralis,Overpass,7440,ESL Pro League Season 19
174223,1713884700000,6665,Astralis,13,11251,Eternal Fire,5,Astralis,Vertigo,7440,ESL Pro League Season 19
174220,1713879000000,11571,Gaimin Gladiators,8,11712,Sashi,13,Sashi,Anubis,7700,Elisa Invitational Spring 2024
174216,1713879000000,11571,Gaimin Gladiators,9,11712,Sashi,13,Sashi,Nuke,7700,Elisa Invitational Spring 2024
174212,1713871800000,10567,SAW,17,4914,3DMAX,19,3DMAX,Inferno,7440,ESL Pro League Season 19
174203,1713871800000,10567,SAW,13,4914,3DMAX,16,3DMAX,Vertigo,7440,ESL Pro League Season 19
174125,1713707400000,11571,Gaimin Gladiators,13,12586,AMKAL,8,Gaimin Gladiators,Overpass,7749,Thunderpick World Championship 2024 EU Closed Qualifier 1
174122,1713707400000,11571,Gaimin Gladiators,13,12586,AMKAL,8,Gaimin Gladiators,Inferno,7749,Thunderpick World Championship 2024 EU Closed Qualifier 1
174120,1713707400000,11571,Gaimin Gladiators,7,12586,AMKAL,13,AMKAL,Vertigo,7749,Thunderpick World Championship 2024 EU Closed Qualifier 1
174093,1713645600000,9455,Imperial,8,4773,paiN,13,paiN,Ancient,7742,Global Esports Tour Rio 2024
174091,1713645600000,9455,Imperial,9,4773,paiN,13,paiN,Nuke,7742,Global Esports Tour Rio 2024
174090,1713645600000,4773,paiN,6,9455,Imperial,13,Imperial,Inferno,7742,Global Esports Tour Rio 2024
174070,1713634500000,4773,paiN,16,9215,MIBR,13,paiN,Vertigo,7742,Global Esports Tour Rio 2024
174051,1713634500000,9215,MIBR,6,4773,paiN,13,paiN,Anubis,7742,Global Esports Tour Rio 2024
174084,1713634200000,11712,Sashi,13,11251,Eternal Fire,4,Sashi,Overpass,7759,Esports World Cup 2024 Europe Closed Qualifier
174064,1713634200000,11712,Sashi,6,11251,Eternal Fire,13,Eternal Fire,Vertigo,7759,Esports World Cup 2024 Europe Closed Qualifier
174052,1713634200000,11251,Eternal Fire,14,11712,Sashi,16,Sashi,Nuke,7759,Esports World Cup 2024 Europe Closed Qualifier
174039,1713619800000,9928,GamerLegion,17,7532,BIG,19,BIG,Vertigo,7749,Thunderpick World Championship 2024 EU Closed Qualifier 1
174034,1713619800000,11712,Sashi,13,5752,Cloud9,4,Sashi,Ancient,7759,Esports World Cup 2024 Europe Closed Qualifier
174027,1713619800000,5752,Cloud9,8,11712,Sashi,13,Sashi,Nuke,7759,Esports World Cup 2024 Europe Closed Qualifier
174042,1713619500000,9215,MIBR,13,10503,OG,10,MIBR,Inferno,7742,Global Esports Tour Rio 2024
174032,1713619500000,10503,OG,10,9215,MIBR,13,MIBR,Anubis,7742,Global Esports Tour Rio 2024
174025,1713619500000,9215,MIBR,10,10503,OG,13,OG,Vertigo,7742,Global Esports Tour Rio 2024
173997,1713586500000,9455,Imperial,13,4773,paiN,10,Imperial,Overpass,7742,Global Esports Tour Rio 2024
173996,1713586500000,9455,Imperial,13,4773,paiN,6,Imperial,Nuke,7742,Global Esports Tour Rio 2024
173995,1713586500000,9455,Imperial,8,4773,paiN,13,paiN,Anubis,7742,Global Esports Tour Rio 2024
173993,1713578400000,9215,MIBR,13,4773,paiN,11,MIBR,Vertigo,7763,Esports World Cup 2024 South America Closed Qualifier
173991,1713578400000,9215,MIBR,13,4773,paiN,7,MIBR,Anubis,7763,Esports World Cup 2024 South America Closed Qualifier
173994,1713576600000,5973,Liquid,2,12376,M80,13,M80,Mirage,7761,Esports World Cup 2024 North America Closed Qualifier
173990,1713576600000,5973,Liquid,11,12376,M80,13,M80,Anubis,7761,Esports World Cup 2024 North America Closed Qualifier
173983,1713566400000,8297,FURIA,7,9215,MIBR,13,MIBR,Vertigo,7742,Global Esports Tour Rio 2024
173977,1713566400000,9215,MIBR,13,8297,FURIA,8,MIBR,Inferno,7742,Global Esports Tour Rio 2024
173982,1713562200000,12376,M80,13,12468,Legacy,6,M80,Mirage,7761,Esports World Cup 2024 North America Closed Qualifier
173976,1713562200000,12468,Legacy,13,12376,M80,9,Legacy,Vertigo,7761,Esports World Cup 2024 North America Closed Qualifier
173972,1713562200000,12376,M80,13,12468,Legacy,8,M80,Ancient,7761,Esports World Cup 2024 North America Closed Qualifier
173969,1713554100000,4773,paiN,13,9455,Imperial,9,paiN,Inferno,7763,Esports World Cup 2024 South America Closed Qualifier
173960,1713554100000,9455,Imperial,10,4773,paiN,13,paiN,Nuke,7763,Esports World Cup 2024 South America Closed Qualifier
173970,1713553200000,11811,Monte,7,10503,OG,13,OG,Vertigo,7742,Global Esports Tour Rio 2024
173963,1713553200000,10503,OG,6,11811,Monte,13,Monte,Mirage,7742,Global Esports Tour Rio 2024
173956,1713553200000,11811,Monte,11,10503,OG,13,OG,Ancient,7742,Global Esports Tour Rio 2024
173955,1713547200000,5752,Cloud9,13,12394,BetBoom,4,Cloud9,Ancient,7759,Esports World Cup 2024 Europe Closed Qualifier
173944,1713547200000,5752,Cloud9,13,12394,BetBoom,9,Cloud9,Anubis,7759,Esports World Cup 2024 Europe Closed Qualifier
173927,1713547200000,5752,Cloud9,4,12394,BetBoom,13,BetBoom,Nuke,7759,Esports World Cup 2024 Europe Closed Qualifier
173946,1713547200000,11712,Sashi,6,11251,Eternal Fire,13,Eternal Fire,Vertigo,7759,Esports World Cup 2024 Europe Closed Qualifier
173933,1713547200000,11251,Eternal Fire,13,11712,Sashi,11,Eternal Fire,Nuke,7759,Esports World Cup 2024 Europe Closed Qualifier
173920,1713545100000,4773,paiN,13,9215,MIBR,9,paiN,Vertigo,7742,Global Esports Tour Rio 2024
173909,1713534600000,12586,AMKAL,13,4869,ENCE,10,AMKAL,Nuke,7749,Thunderpick World Championship 2024 EU Closed Qualifier 1
173897,1713534600000,4869,ENCE,11,12586,AMKAL,13,AMKAL,Overpass,7749,Thunderpick World Championship 2024 EU Closed Qualifier 1
173919,1713534300000,8297,FURIA,22,11641,Metizport,19,FURIA,Inferno,7742,Global Esports Tour Rio 2024
173912,1713534300000,8297,FURIA,8,11641,Metizport,13,Metizport,Vertigo,7742,Global Esports Tour Rio 2024
173894,1713534300000,11641,Metizport,14,8297,FURIA,16,FURIA,Overpass,7742,Global Esports Tour Rio 2024
173914,1713533400000,5752,Cloud9,11,11712,Sashi,13,Sashi,Mirage,7759,Esports World Cup 2024 Europe Closed Qualifier
173903,1713533400000,11712,Sashi,9,5752,Cloud9,13,Cloud9,Ancient,7759,Esports World Cup 2024 Europe Closed Qualifier
173893,1713533400000,5752,Cloud9,8,11712,Sashi,13,Sashi,Nuke,7759,Esports World Cup 2024 Europe Closed Qualifier
173910,1713533400000,11251,Eternal Fire,13,12394,BetBoom,8,Eternal Fire,Anubis,7759,Esports World Cup 2024 Europe Closed Qualifier
173899,1713533400000,11251,Eternal Fire,13,12394,BetBoom,4,Eternal Fire,Vertigo,7759,Esports World Cup 2024 Europe Closed Qualifier
173891,1713533400000,11251,Eternal Fire,4,12394,BetBoom,13,BetBoom,Mirage,7759,Esports World Cup 2024 Europe Closed Qualifier
173851,1713492600000,9215,MIBR,13,9455,Imperial,5,MIBR,Inferno,7763,Esports World Cup 2024 South America Closed Qualifier
173850,1713492600000,9455,Imperial,4,9215,MIBR,13,MIBR,Vertigo,7763,Esports World Cup 2024 South America Closed Qualifier
173849,1713490200000,5973,Liquid,13,12376,M80,6,Liquid,Anubis,7761,Esports World Cup 2024 North America Closed Qualifier
173848,1713490200000,5973,Liquid,13,12376,M80,10,Liquid,Ancient,7761,Esports World Cup 2024 North America Closed Qualifier
173842,1713490200000,12376,M80,13,5973,Liquid,3,M80,Mirage,7761,Esports World Cup 2024 North America Closed Qualifier
173841,1713477600000,4773,paiN,1,9215,MIBR,13,MIBR,Vertigo,7763,Esports World Cup 2024 South America Closed Qualifier
173839,1713477600000,9215,MIBR,13,4773,paiN,11,MIBR,Nuke,7763,Esports World Cup 2024 South America Closed Qualifier
173836,1713477600000,9215,MIBR,11,4773,paiN,13,paiN,Anubis,7763,Esports World Cup 2024 South America Closed Qualifier
173837,1713475800000,5973,Liquid,13,12468,Legacy,5,Liquid,Ancient,7761,Esports World Cup 2024 North America Closed Qualifier
173834,1713475800000,12468,Legacy,9,5973,Liquid,13,Liquid,Mirage,7761,Esports World Cup 2024 North America Closed Qualifier
173831,1713472200000,10503,OG,4,9215,MIBR,13,MIBR,Vertigo,7742,Global Esports Tour Rio 2024
173826,1713465000000,9806,Apeks,9,12394,BetBoom,13,BetBoom,Mirage,7758,Esports World Cup 2024 Europe Open Qualifier
173820,1713465000000,12394,BetBoom,13,9806,Apeks,6,BetBoom,Ancient,7758,Esports World Cup 2024 Europe Open Qualifier
173813,1713459600000,9455,Imperial,13,11641,Metizport,11,Imperial,Inferno,7742,Global Esports Tour Rio 2024
173799,1713456000000,11712,Sashi,13,9928,GamerLegion,11,Sashi,Vertigo,7758,Esports World Cup 2024 Europe Open Qualifier
173797,1713456000000,12586,AMKAL,10,9806,Apeks,13,Apeks,Overpass,7758,Esports World Cup 2024 Europe Open Qualifier
173792,1713453300000,4773,paiN,16,11811,Monte,14,paiN,Anubis,7742,Global Esports Tour Rio 2024
173584,1713211200000,9455,Imperial,7,9215,MIBR,13,MIBR,Anubis,7769,RES Regional Series 3 LATAM
173583,1713211200000,9215,MIBR,10,9455,Imperial,13,Imperial,Mirage,7769,RES Regional Series 3 LATAM
173581,1713211200000,9455,Imperial,6,9215,MIBR,13,MIBR,Vertigo,7769,RES Regional Series 3 LATAM
173541,1713114000000,9455,Imperial,13,4773,paiN,5,Imperial,Inferno,7769,RES Regional Series 3 LATAM
173539,1713114000000,4773,paiN,9,9455,Imperial,13,Imperial,Mirage,7769,RES Regional Series 3 LATAM
173534,1713114000000,9455,Imperial,5,4773,paiN,13,paiN,Nuke,7769,RES Regional Series 3 LATAM
173536,1713105000000,10503,OG,3,11861,Aurora,13,Aurora,Overpass,7711,Skyesports Masters 2024
173532,1713105000000,11861,Aurora,13,10503,OG,10,Aurora,Ancient,7711,Skyesports Masters 2024
173529,1713105000000,10503,OG,13,11861,Aurora,11,OG,Mirage,7711,Skyesports Masters 2024
173525,1713105000000,11861,Aurora,13,10503,OG,6,Aurora,Anubis,7711,Skyesports Masters 2024
173528,1713099600000,12394,BetBoom,13,4914,3DMAX,6,BetBoom,Overpass,7672,A1 Gaming League Season 8
173524,1713099600000,4914,3DMAX,9,12394,BetBoom,13,BetBoom,Ancient,7672,A1 Gaming League Season 8
173522,1713099600000,12394,BetBoom,11,4914,3DMAX,13,3DMAX,Nuke,7672,A1 Gaming League Season 8
173520,1713090900000,4494,MOUZ,6,6667,FaZe,13,FaZe,Nuke,7437,IEM Chengdu 2024
173518,1713090900000,6667,FaZe,13,4494,MOUZ,10,FaZe,Overpass,7437,IEM Chengdu 2024
173509,1713030300000,12394,BetBoom,4,10503,OG,13,OG,Ancient,7711,Skyesports Masters 2024
173508,1713030300000,10503,OG,11,12394,BetBoom,13,BetBoom,Vertigo,7711,Skyesports Masters 2024
173504,1713030300000,10503,OG,13,12394,BetBoom,3,OG,Mirage,7711,Skyesports Masters 2024
173496,1713021600000,11861,Aurora,13,12394,BetBoom,10,Aurora,Anubis,7711,Skyesports Masters 2024
173493,1713021600000,12394,BetBoom,7,11861,Aurora,13,Aurora,Mirage,7711,Skyesports Masters 2024
173488,1713007800000,7532,BIG,5,10503,OG,13,OG,Ancient,7711,Skyesports Masters 2024
173483,1713007800000,7532,BIG,13,10503,OG,8,BIG,Vertigo,7711,Skyesports Masters 2024
173478,1713007800000,7532,BIG,17,10503,OG,19,OG,Anubis,7711,Skyesports Masters 2024
173482,1713005100000,6667,FaZe,13,6665,Astralis,7,FaZe,Inferno,7437,IEM Chengdu 2024
173475,1713005100000,6667,FaZe,5,6665,Astralis,13,Astralis,Ancient,7437,IEM Chengdu 2024
173474,1713005100000,6665,Astralis,10,6667,FaZe,13,FaZe,Nuke,7437,IEM Chengdu 2024
173469,1712991600000,4494,MOUZ,13,5995,G2,10,MOUZ,Overpass,7437,IEM Chengdu 2024
173468,1712991600000,5995,G2,13,4494,MOUZ,7,G2,Ancient,7437,IEM Chengdu 2024
173467,1712991600000,4494,MOUZ,13,5995,G2,8,MOUZ,Nuke,7437,IEM Chengdu 2024
173458,1712944800000,11861,Aurora,16,12586,AMKAL,13,Aurora,Inferno,7757,BetBoom Dacha Belgrade 2024 Europe Closed Qualifier
173454,1712944800000,12586,AMKAL,6,11861,Aurora,13,Aurora,Mirage,7757,BetBoom Dacha Belgrade 2024 Europe Closed Qualifier
173437,1712916900000,5973,Liquid,10,6667,FaZe,13,FaZe,Mirage,7437,IEM Chengdu 2024
173435,1712916900000,5973,Liquid,13,6667,FaZe,11,Liquid,Anubis,7437,IEM Chengdu 2024
173432,1712916900000,5973,Liquid,13,6667,FaZe,16,FaZe,Nuke,7437,IEM Chengdu 2024
173429,1712905200000,5995,G2,13,5378,Virtus.pro,10,G2,Overpass,7437,IEM Chengdu 2024
173427,1712905200000,5995,G2,13,5378,Virtus.pro,6,G2,Anubis,7437,IEM Chengdu 2024
173421,1712878200000,9215,MIBR,13,4773,paiN,11,MIBR,Anubis,7771,BetBoom Dacha Belgrade 2024 South America Closed Qualifier
173414,1712878200000,9215,MIBR,13,4773,paiN,11,MIBR,Nuke,7771,BetBoom Dacha Belgrade 2024 South America Closed Qualifier
173399,1712860500000,11861,Aurora,13,12394,BetBoom,6,Aurora,Mirage,7757,BetBoom Dacha Belgrade 2024 Europe Closed Qualifier
173397,1712860500000,11861,Aurora,13,12394,BetBoom,8,Aurora,Ancient,7757,BetBoom Dacha Belgrade 2024 Europe Closed Qualifier
173394,1712860500000,12394,BetBoom,16,11861,Aurora,14,BetBoom,Overpass,7757,BetBoom Dacha Belgrade 2024 Europe Closed Qualifier
173386,1712853000000,9455,Imperial,7,4773,paiN,13,paiN,Nuke,7771,BetBoom Dacha Belgrade 2024 South America Closed Qualifier
173378,1712853000000,4773,paiN,13,9455,Imperial,5,paiN,Inferno,7771,BetBoom Dacha Belgrade 2024 South America Closed Qualifier
173383,1712849400000,11861,Aurora,13,9806,Apeks,3,Aurora,Anubis,7757,BetBoom Dacha Belgrade 2024 Europe Closed Qualifier
173377,1712849400000,9806,Apeks,13,11861,Aurora,6,Apeks,Overpass,7757,BetBoom Dacha Belgrade 2024 Europe Closed Qualifier
173371,1712849400000,11861,Aurora,13,9806,Apeks,10,Aurora,Ancient,7757,BetBoom Dacha Belgrade 2024 Europe Closed Qualifier
173365,1712836800000,12586,AMKAL,13,12394,BetBoom,11,AMKAL,Nuke,7757,BetBoom Dacha Belgrade 2024 Europe Closed Qualifier
173357,1712836800000,12586,AMKAL,11,12394,BetBoom,13,BetBoom,Mirage,7757,BetBoom Dacha Belgrade 2024 Europe Closed Qualifier
173353,1712836800000,12394,BetBoom,4,12586,AMKAL,13,AMKAL,Vertigo,7757,BetBoom Dacha Belgrade 2024 Europe Closed Qualifier
173312,1712772000000,11883,9 Pandas,10,10567,SAW,13,SAW,Inferno,7620,ESL Challenger League Season 47 Europe
173299,1712772000000,11883,9 Pandas,13,10567,SAW,5,9 Pandas,Ancient,7620,ESL Challenger League Season 47 Europe
173292,1712772000000,11883,9 Pandas,5,10567,SAW,13,SAW,Anubis,7620,ESL Challenger League Season 47 Europe
173307,1712772000000,12586,AMKAL,13,9806,Apeks,5,AMKAL,Overpass,7757,BetBoom Dacha Belgrade 2024 Europe Closed Qualifier
173306,1712772000000,9806,Apeks,6,12586,AMKAL,13,AMKAL,Vertigo,7757,BetBoom Dacha Belgrade 2024 Europe Closed Qualifier
173291,1712772000000,12586,AMKAL,10,9806,Apeks,13,Apeks,Ancient,7757,BetBoom Dacha Belgrade 2024 Europe Closed Qualifier
173282,1712763000000,9215,MIBR,13,9455,Imperial,6,MIBR,Nuke,7771,BetBoom Dacha Belgrade 2024 South America Closed Qualifier
173277,1712763000000,9455,Imperial,12,9215,MIBR,16,MIBR,Vertigo,7771,BetBoom Dacha Belgrade 2024 South America Closed Qualifier
173279,1712761200000,12394,BetBoom,13,11861,Aurora,4,BetBoom,Nuke,7757,BetBoom Dacha Belgrade 2024 Europe Closed Qualifier
173274,1712761200000,11861,Aurora,10,12394,BetBoom,13,BetBoom,Ancient,7757,BetBoom Dacha Belgrade 2024 Europe Closed Qualifier
173280,1712755800000,10503,OG,13,4869,ENCE,11,OG,Vertigo,7711,Skyesports Masters 2024
173273,1712755800000,4869,ENCE,10,10503,OG,13,OG,Anubis,7711,Skyesports Masters 2024
173268,1712755800000,4869,ENCE,13,10503,OG,11,ENCE,Ancient,7711,Skyesports Masters 2024
173264,1712748600000,7175,HEROIC,13,5995,G2,16,G2,Nuke,7437,IEM Chengdu 2024
173261,1712748600000,5995,G2,13,7175,HEROIC,10,G2,Ancient,7437,IEM Chengdu 2024
173263,1712748600000,12774,FlyQuest,10,6667,FaZe,13,FaZe,Nuke,7437,IEM Chengdu 2024
173260,1712748600000,6667,FaZe,13,12774,FlyQuest,4,FaZe,Ancient,7437,IEM Chengdu 2024
173251,1712737800000,5973,Liquid,6,4494,MOUZ,13,MOUZ,Mirage,7437,IEM Chengdu 2024
173241,1712737800000,4494,MOUZ,13,5973,Liquid,11,MOUZ,Inferno,7437,IEM Chengdu 2024
173249,1712737800000,5378,Virtus.pro,7,6665,Astralis,13,Astralis,Vertigo,7437,IEM Chengdu 2024
173242,1712737800000,6665,Astralis,13,5378,Virtus.pro,6,Astralis,Overpass,7437,IEM Chengdu 2024
173237,1712727000000,5752,Cloud9,11,6667,FaZe,13,FaZe,Nuke,7437,IEM Chengdu 2024
173234,1712727000000,6667,FaZe,13,5752,Cloud9,4,FaZe,Overpass,7437,IEM Chengdu 2024
173212,1712685600000,4914,3DMAX,13,10567,SAW,10,3DMAX,Overpass,7620,ESL Challenger League Season 47 Europe
173203,1712685600000,4914,3DMAX,13,10567,SAW,9,3DMAX,Nuke,7620,ESL Challenger League Season 47 Europe
173192,1712685600000,10567,SAW,13,4914,3DMAX,10,SAW,Ancient,7620,ESL Challenger League Season 47 Europe
173198,1712685600000,11861,Aurora,3,12591,KOI,13,KOI,Nuke,7620,ESL Challenger League Season 47 Europe
173188,1712685600000,12591,KOI,13,11861,Aurora,10,KOI,Overpass,7620,ESL Challenger League Season 47 Europe
173176,1712676600000,9455,Imperial,13,4773,paiN,9,Imperial,Nuke,7771,BetBoom Dacha Belgrade 2024 South America Closed Qualifier
173172,1712676600000,4773,paiN,10,9455,Imperial,13,Imperial,Inferno,7771,BetBoom Dacha Belgrade 2024 South America Closed Qualifier
173178,1712674800000,9806,Apeks,22,12591,KOI,19,Apeks,Inferno,7757,BetBoom Dacha Belgrade 2024 Europe Closed Qualifier
173170,1712674800000,12591,KOI,10,9806,Apeks,13,Apeks,Overpass,7757,BetBoom Dacha Belgrade 2024 Europe Closed Qualifier
173171,1712669400000,12394,BetBoom,13,7532,BIG,7,BetBoom,Ancient,7711,Skyesports Masters 2024
173166,1712669400000,7532,BIG,6,12394,BetBoom,13,BetBoom,Anubis,7711,Skyesports Masters 2024
173161,1712669400000,7532,BIG,13,12394,BetBoom,9,BIG,Overpass,7711,Skyesports Masters 2024
173160,1712662200000,8297,FURIA,11,7175,HEROIC,13,HEROIC,Overpass,7437,IEM Chengdu 2024
173154,1712662200000,7175,HEROIC,13,8297,FURIA,6,HEROIC,Nuke,7437,IEM Chengdu 2024
173149,1712662200000,8297,FURIA,13,7175,HEROIC,6,FURIA,Ancient,7437,IEM Chengdu 2024
173156,1712662200000,8840,Lynn Vision,11,5995,G2,13,G2,Inferno,7437,IEM Chengdu 2024
173150,1712662200000,8840,Lynn Vision,8,5995,G2,13,G2,Anubis,7437,IEM Chengdu 2024
173152,1712660400000,11861,Aurora,13,11883,9 Pandas,5,Aurora,Ancient,7757,BetBoom Dacha Belgrade 2024 Europe Closed Qualifier
173148,1712660400000,11883,9 Pandas,9,11861,Aurora,13,Aurora,Nuke,7757,BetBoom Dacha Belgrade 2024 Europe Closed Qualifier
173146,1712654400000,6665,Astralis,13,6667,FaZe,4,Astralis,Nuke,7437,IEM Chengdu 2024
173143,1712654400000,6667,FaZe,7,6665,Astralis,13,Astralis,Ancient,7437,IEM Chengdu 2024
173138,1712640600000,12774,FlyQuest,7,5378,Virtus.pro,13,Virtus.pro,Ancient,7437,IEM Chengdu 2024
173137,1712640600000,12774,FlyQuest,13,5378,Virtus.pro,11,FlyQuest,Vertigo,7437,IEM Chengdu 2024
173134,1712640600000,12774,FlyQuest,14,5378,Virtus.pro,16,Virtus.pro,Inferno,7437,IEM Chengdu 2024
173123,1712601900000,11641,Metizport,7,11861,Aurora,13,Aurora,Mirage,7757,BetBoom Dacha Belgrade 2024 Europe Closed Qualifier
173118,1712601900000,11641,Metizport,12,11861,Aurora,16,Aurora,Overpass,7757,BetBoom Dacha Belgrade 2024 Europe Closed Qualifier
173113,1712594700000,11861,Aurora,13,10503,OG,9,Aurora,Ancient,7711,Skyesports Masters 2024
173110,1712594700000,10503,OG,7,11861,Aurora,13,Aurora,Overpass,7711,Skyesports Masters 2024
173096,1712584800000,11883,9 Pandas,13,11641,Metizport,6,9 Pandas,Ancient,7757,BetBoom Dacha Belgrade 2024 Europe Closed Qualifier
173102,1712579400000,4494,MOUZ,13,8297,FURIA,9,MOUZ,Mirage,7437,IEM Chengdu 2024
173091,1712579400000,4494,MOUZ,16,8297,FURIA,14,MOUZ,Vertigo,7437,IEM Chengdu 2024
173081,1712579400000,4494,MOUZ,8,8297,FURIA,13,FURIA,Nuke,7437,IEM Chengdu 2024
173078,1712567100000,5973,Liquid,13,5995,G2,9,Liquid,Inferno,7437,IEM Chengdu 2024
173076,1712567100000,5973,Liquid,10,5995,G2,13,G2,Anubis,7437,IEM Chengdu 2024
173070,1712567100000,5995,G2,6,5973,Liquid,13,Liquid,Ancient,7437,IEM Chengdu 2024
173064,1712559600000,12774,FlyQuest,13,5752,Cloud9,6,FlyQuest,Ancient,7437,IEM Chengdu 2024
173062,1712555400000,8297,FURIA,13,8840,Lynn Vision,9,FURIA,Ancient,7437,IEM Chengdu 2024
173060,1712550600000,7175,HEROIC,8,5973,Liquid,13,Liquid,Ancient,7437,IEM Chengdu 2024
173059,1712534400000,4773,paiN,11,9215,MIBR,13,MIBR,Vertigo,7771,BetBoom Dacha Belgrade 2024 South America Closed Qualifier
173054,1712534400000,9215,MIBR,14,4773,paiN,16,paiN,Nuke,7771,BetBoom Dacha Belgrade 2024 South America Closed Qualifier
173052,1712534400000,9215,MIBR,13,4773,paiN,7,MIBR,Anubis,7771,BetBoom Dacha Belgrade 2024 South America Closed Qualifier
172829,1712165400000,11641,Metizport,13,11811,Monte,11,Metizport,Mirage,7724,ESL Challenger Jönköping 2024 Europe Closed Qualifier
172820,1712165400000,11811,Monte,12,11641,Metizport,16,Metizport,Anubis,7724,ESL Challenger Jönköping 2024 Europe Closed Qualifier
172807,1712165400000,11811,Monte,13,11641,Metizport,7,Monte,Vertigo,7724,ESL Challenger Jönköping 2024 Europe Closed Qualifier
172793,1712151000000,9806,Apeks,4,11811,Monte,13,Monte,Mirage,7724,ESL Challenger Jönköping 2024 Europe Closed Qualifier
172783,1712151000000,11811,Monte,13,9806,Apeks,9,Monte,Ancient,7724,ESL Challenger Jönköping 2024 Europe Closed Qualifier
172794,1712147400000,8840,Lynn Vision,8,6248,The MongolZ,13,The MongolZ,Ancient,7722,ESL Challenger Jönköping 2024 Asia Closed Qualifier
172786,1712147400000,6248,The MongolZ,13,8840,Lynn Vision,11,The MongolZ,Overpass,7722,ESL Challenger Jönköping 2024 Asia Closed Qualifier
172736,1712079900000,11811,Monte,13,9928,GamerLegion,10,Monte,Vertigo,7724,ESL Challenger Jönköping 2024 Europe Closed Qualifier
172730,1712079900000,11811,Monte,13,9928,GamerLegion,11,Monte,Overpass,7724,ESL Challenger Jönköping 2024 Europe Closed Qualifier
172719,1712079900000,9928,GamerLegion,16,11811,Monte,12,GamerLegion,Mirage,7724,ESL Challenger Jönköping 2024 Europe Closed Qualifier
172728,1712079000000,11861,Aurora,13,9806,Apeks,7,Aurora,Anubis,7724,ESL Challenger Jönköping 2024 Europe Closed Qualifier
172717,1712079000000,9806,Apeks,12,11861,Aurora,16,Aurora,Mirage,7724,ESL Challenger Jönköping 2024 Europe Closed Qualifier
172703,1712064600000,11861,Aurora,13,11641,Metizport,11,Aurora,Inferno,7724,ESL Challenger Jönköping 2024 Europe Closed Qualifier
172696,1712064600000,11641,Metizport,10,11861,Aurora,13,Aurora,Overpass,7724,ESL Challenger Jönköping 2024 Europe Closed Qualifier
172647,1711908000000,4608,Natus Vincere,13,6667,FaZe,3,Natus Vincere,Inferno,7148,PGL CS2 Major Copenhagen 2024
172646,1711908000000,6667,FaZe,13,4608,Natus Vincere,2,FaZe,Mirage,7148,PGL CS2 Major Copenhagen 2024
172645,1711908000000,4608,Natus Vincere,13,6667,FaZe,9,Natus Vincere,Ancient,7148,PGL CS2 Major Copenhagen 2024
172632,1711828200000,4608,Natus Vincere,13,5995,G2,11,Natus Vincere,Ancient,7148,PGL CS2 Major Copenhagen 2024
172631,1711828200000,5995,G2,13,4608,Natus Vincere,7,G2,Nuke,7148,PGL CS2 Major Copenhagen 2024
172629,1711828200000,5995,G2,13,4608,Natus Vincere,16,Natus Vincere,Anubis,7148,PGL CS2 Major Copenhagen 2024
172628,1711814400000,9565,Vitality,8,6667,FaZe,13,FaZe,Inferno,7148,PGL CS2 Major Copenhagen 2024
172627,1711814400000,6667,FaZe,5,9565,Vitality,13,Vitality,Vertigo,7148,PGL CS2 Major Copenhagen 2024
172626,1711814400000,9565,Vitality,7,6667,FaZe,13,FaZe,Nuke,7148,PGL CS2 Major Copenhagen 2024
172615,1711740000000,5995,G2,13,4494,MOUZ,6,G2,Vertigo,7148,PGL CS2 Major Copenhagen 2024
172612,1711740000000,4494,MOUZ,9,5995,G2,13,G2,Inferno,7148,PGL CS2 Major Copenhagen 2024
172609,1711728000000,4608,Natus Vincere,13,11251,Eternal Fire,9,Natus Vincere,Inferno,7148,PGL CS2 Major Copenhagen 2024
172603,1711728000000,11251,Eternal Fire,13,4608,Natus Vincere,16,Natus Vincere,Mirage,7148,PGL CS2 Major Copenhagen 2024
172583,1711652100000,6667,FaZe,16,7020,Spirit,14,FaZe,Vertigo,7148,PGL CS2 Major Copenhagen 2024
172577,1711652100000,7020,Spirit,19,6667,FaZe,16,Spirit,Nuke,7148,PGL CS2 Major Copenhagen 2024
172573,1711652100000,6667,FaZe,13,7020,Spirit,7,FaZe,Mirage,7148,PGL CS2 Major Copenhagen 2024
172562,1711641600000,5752,Cloud9,2,9565,Vitality,13,Vitality,Anubis,7148,PGL CS2 Major Copenhagen 2024
172556,1711641600000,9565,Vitality,13,5752,Cloud9,8,Vitality,Inferno,7148,PGL CS2 Major Copenhagen 2024
172514,1711568700000,11861,Aurora,13,11641,Metizport,9,Aurora,Ancient,7723,ESL Challenger Jönköping 2024 Europe Open Qualifier
172511,1711568700000,11861,Aurora,10,11641,Metizport,13,Metizport,Inferno,7723,ESL Challenger Jönköping 2024 Europe Open Qualifier
172505,1711568700000,11641,Metizport,6,11861,Aurora,13,Aurora,Overpass,7723,ESL Challenger Jönköping 2024 Europe Open Qualifier
172436,1711303200000,4773,paiN,9,4608,Natus Vincere,13,Natus Vincere,Mirage,7148,PGL CS2 Major Copenhagen 2024
172435,1711303200000,4608,Natus Vincere,13,4773,paiN,10,Natus Vincere,Nuke,7148,PGL CS2 Major Copenhagen 2024
172434,1711288500000,5995,G2,13,5378,Virtus.pro,6,G2,Anubis,7148,PGL CS2 Major Copenhagen 2024
172433,1711288500000,5378,Virtus.pro,11,5995,G2,13,G2,Inferno,7148,PGL CS2 Major Copenhagen 2024
172429,1711288500000,5995,G2,14,5378,Virtus.pro,16,Virtus.pro,Overpass,7148,PGL CS2 Major Copenhagen 2024
172426,1711281600000,6667,FaZe,13,5005,Complexity,6,FaZe,Overpass,7148,PGL CS2 Major Copenhagen 2024
172423,1711281600000,5005,Complexity,6,6667,FaZe,13,FaZe,Nuke,7148,PGL CS2 Major Copenhagen 2024
172411,1711221300000,5752,Cloud9,13,4608,Natus Vincere,2,Cloud9,Overpass,7148,PGL CS2 Major Copenhagen 2024
172409,1711221300000,4608,Natus Vincere,6,5752,Cloud9,13,Cloud9,Ancient,7148,PGL CS2 Major Copenhagen 2024
172404,1711221300000,5752,Cloud9,14,4608,Natus Vincere,16,Natus Vincere,Mirage,7148,PGL CS2 Major Copenhagen 2024
172406,1711219800000,4773,paiN,13,7175,HEROIC,9,paiN,Mirage,7148,PGL CS2 Major Copenhagen 2024
172402,1711219800000,7175,HEROIC,6,4773,paiN,13,paiN,Nuke,7148,PGL CS2 Major Copenhagen 2024
172401,1711208100000,5005,Complexity,10,9565,Vitality,13,Vitality,Anubis,7148,PGL CS2 Major Copenhagen 2024
172399,1711208100000,9565,Vitality,7,5005,Complexity,13,Complexity,Vertigo,7148,PGL CS2 Major Copenhagen 2024
172395,1711208100000,5005,Complexity,16,9565,Vitality,19,Vitality,Inferno,7148,PGL CS2 Major Copenhagen 2024
172400,1711207800000,5995,G2,13,11419,ECSTATIC,8,G2,Anubis,7148,PGL CS2 Major Copenhagen 2024
172398,1711207800000,5995,G2,11,11419,ECSTATIC,13,ECSTATIC,Vertigo,7148,PGL CS2 Major Copenhagen 2024
172394,1711207800000,11419,ECSTATIC,7,5995,G2,13,G2,Inferno,7148,PGL CS2 Major Copenhagen 2024
172392,1711195200000,11251,Eternal Fire,13,5378,Virtus.pro,7,Eternal Fire,Inferno,7148,PGL CS2 Major Copenhagen 2024
172388,1711195200000,11251,Eternal Fire,13,5378,Virtus.pro,6,Eternal Fire,Vertigo,7148,PGL CS2 Major Copenhagen 2024
172386,1711195200000,11251,Eternal Fire,6,5378,Virtus.pro,13,Virtus.pro,Overpass,7148,PGL CS2 Major Copenhagen 2024
172391,1711195200000,9455,Imperial,8,6667,FaZe,13,FaZe,Mirage,7148,PGL CS2 Major Copenhagen 2024
172389,1711195200000,9455,Imperial,13,6667,FaZe,8,Imperial,Anubis,7148,PGL CS2 Major Copenhagen 2024
172385,1711195200000,9455,Imperial,8,6667,FaZe,13,FaZe,Nuke,7148,PGL CS2 Major Copenhagen 2024
172373,1711131600000,11419,ECSTATIC,13,8297,FURIA,7,ECSTATIC,Ancient,7148,PGL CS2 Major Copenhagen 2024
172371,1711131600000,8297,FURIA,16,11419,ECSTATIC,14,FURIA,Inferno,7148,PGL CS2 Major Copenhagen 2024
172367,1711131600000,11419,ECSTATIC,13,8297,FURIA,7,ECSTATIC,Overpass,7148,PGL CS2 Major Copenhagen 2024
172369,1711125000000,7020,Spirit,13,4608,Natus Vincere,7,Spirit,Mirage,7148,PGL CS2 Major Copenhagen 2024
172365,1711125000000,4608,Natus Vincere,9,7020,Spirit,13,Spirit,Ancient,7148,PGL CS2 Major Copenhagen 2024
172355,1711125000000,7020,Spirit,13,4608,Natus Vincere,16,Natus Vincere,Nuke,7148,PGL CS2 Major Copenhagen 2024
172356,1711116900000,4773,paiN,22,6248,The MongolZ,19,paiN,Inferno,7148,PGL CS2 Major Copenhagen 2024
172354,1711116900000,6248,The MongolZ,10,4773,paiN,13,paiN,Nuke,7148,PGL CS2 Major Copenhagen 2024
172351,1711116900000,4773,paiN,9,6248,The MongolZ,13,The MongolZ,Mirage,7148,PGL CS2 Major Copenhagen 2024
172353,1711116300000,5005,Complexity,2,4494,MOUZ,13,MOUZ,Ancient,7148,PGL CS2 Major Copenhagen 2024
172350,1711116300000,4494,MOUZ,13,5005,Complexity,1,MOUZ,Overpass,7148,PGL CS2 Major Copenhagen 2024
172348,1711112700000,9455,Imperial,9,9565,Vitality,13,Vitality,Overpass,7148,PGL CS2 Major Copenhagen 2024
172347,1711112700000,11251,Eternal Fire,13,6667,FaZe,1,Eternal Fire,Overpass,7148,PGL CS2 Major Copenhagen 2024
172345,1711108800000,5752,Cloud9,13,5995,G2,9,Cloud9,Anubis,7148,PGL CS2 Major Copenhagen 2024
172344,1711108800000,7175,HEROIC,6,5378,Virtus.pro,13,Virtus.pro,Ancient,7148,PGL CS2 Major Copenhagen 2024
172330,1711055700000,7020,Spirit,13,9455,Imperial,2,Spirit,Mirage,7148,PGL CS2 Major Copenhagen 2024
172328,1711052700000,6667,FaZe,13,8297,FURIA,7,FaZe,Ancient,7148,PGL CS2 Major Copenhagen 2024
172327,1711051500000,4608,Natus Vincere,13,5995,G2,11,Natus Vincere,Nuke,7148,PGL CS2 Major Copenhagen 2024
172324,1711049700000,5752,Cloud9,13,11419,ECSTATIC,3,Cloud9,Overpass,7148,PGL CS2 Major Copenhagen 2024
172321,1711045800000,5005,Complexity,19,7175,HEROIC,17,Complexity,Vertigo,7148,PGL CS2 Major Copenhagen 2024
172319,1711045500000,5378,Virtus.pro,13,4773,paiN,9,Virtus.pro,Inferno,7148,PGL CS2 Major Copenhagen 2024
172317,1711041900000,4494,MOUZ,13,11251,Eternal Fire,11,MOUZ,Vertigo,7148,PGL CS2 Major Copenhagen 2024
172316,1711041900000,9565,Vitality,13,6248,The MongolZ,9,Vitality,Nuke,7148,PGL CS2 Major Copenhagen 2024
172311,1711035600000,7020,Spirit,13,5752,Cloud9,7,Spirit,Ancient,7148,PGL CS2 Major Copenhagen 2024
172309,1711033500000,5995,G2,13,8297,FURIA,3,G2,Inferno,7148,PGL CS2 Major Copenhagen 2024
172307,1711031100000,6667,FaZe,10,7175,HEROIC,13,HEROIC,Ancient,7148,PGL CS2 Major Copenhagen 2024
172305,1711029900000,5005,Complexity,13,4773,paiN,9,Complexity,Vertigo,7148,PGL CS2 Major Copenhagen 2024
172304,1711026900000,9565,Vitality,10,11251,Eternal Fire,13,Eternal Fire,Inferno,7148,PGL CS2 Major Copenhagen 2024
172302,1711026000000,5378,Virtus.pro,6,9455,Imperial,13,Imperial,Inferno,7148,PGL CS2 Major Copenhagen 2024
172299,1711022400000,4494,MOUZ,13,11419,ECSTATIC,11,MOUZ,Overpass,7148,PGL CS2 Major Copenhagen 2024
172298,1711022400000,4608,Natus Vincere,13,6248,The MongolZ,10,Natus Vincere,Mirage,7148,PGL CS2 Major Copenhagen 2024
172271,1710955800000,8297,FURIA,13,10567,SAW,7,FURIA,Ancient,7258,PGL CS2 Major Copenhagen 2024 Opening Stage
172270,1710955800000,8297,FURIA,13,10567,SAW,7,FURIA,Vertigo,7258,PGL CS2 Major Copenhagen 2024 Opening Stage
172267,1710942900000,9455,Imperial,13,9928,GamerLegion,5,Imperial,Nuke,7258,PGL CS2 Major Copenhagen 2024 Opening Stage
172266,1710942900000,9928,GamerLegion,6,9455,Imperial,13,Imperial,Mirage,7258,PGL CS2 Major Copenhagen 2024 Opening Stage
172263,1710942900000,9455,Imperial,12,9928,GamerLegion,16,GamerLegion,Overpass,7258,PGL CS2 Major Copenhagen 2024 Opening Stage
172261,1710936000000,12468,Legacy,6,6248,The MongolZ,13,The MongolZ,Anubis,7258,PGL CS2 Major Copenhagen 2024 Opening Stage
172259,1710936000000,12468,Legacy,9,6248,The MongolZ,13,The MongolZ,Ancient,7258,PGL CS2 Major Copenhagen 2024 Opening Stage
172243,1710869400000,11419,ECSTATIC,13,9455,Imperial,9,ECSTATIC,Vertigo,7258,PGL CS2 Major Copenhagen 2024 Opening Stage
172240,1710869400000,9455,Imperial,13,11419,ECSTATIC,10,Imperial,Inferno,7258,PGL CS2 Major Copenhagen 2024 Opening Stage
172236,1710869400000,9455,Imperial,4,11419,ECSTATIC,13,ECSTATIC,Anubis,7258,PGL CS2 Major Copenhagen 2024 Opening Stage
172239,1710869400000,8297,FURIA,13,4869,ENCE,9,FURIA,Ancient,7258,PGL CS2 Major Copenhagen 2024 Opening Stage
172237,1710869400000,4869,ENCE,8,8297,FURIA,13,FURIA,Mirage,7258,PGL CS2 Major Copenhagen 2024 Opening Stage
172235,1710860400000,4773,paiN,13,10567,SAW,7,paiN,Nuke,7258,PGL CS2 Major Copenhagen 2024 Opening Stage
172233,1710860400000,10567,SAW,10,4773,paiN,13,paiN,Vertigo,7258,PGL CS2 Major Copenhagen 2024 Opening Stage
172232,1710856800000,9806,Apeks,7,12468,Legacy,13,Legacy,Inferno,7258,PGL CS2 Major Copenhagen 2024 Opening Stage
172230,1710856800000,12468,Legacy,13,9806,Apeks,7,Legacy,Ancient,7258,PGL CS2 Major Copenhagen 2024 Opening Stage
172229,1710849600000,9928,GamerLegion,11,11251,Eternal Fire,13,Eternal Fire,Vertigo,7258,PGL CS2 Major Copenhagen 2024 Opening Stage
172226,1710849600000,9928,GamerLegion,2,11251,Eternal Fire,13,Eternal Fire,Inferno,7258,PGL CS2 Major Copenhagen 2024 Opening Stage
172221,1710849600000,11251,Eternal Fire,4,9928,GamerLegion,13,GamerLegion,Overpass,7258,PGL CS2 Major Copenhagen 2024 Opening Stage
172227,1710849600000,8840,Lynn Vision,6,6248,The MongolZ,13,The MongolZ,Anubis,7258,PGL CS2 Major Copenhagen 2024 Opening Stage
172223,1710849600000,8840,Lynn Vision,8,6248,The MongolZ,13,The MongolZ,Ancient,7258,PGL CS2 Major Copenhagen 2024 Opening Stage
172216,1710781200000,12591,KOI,9,8297,FURIA,13,FURIA,Vertigo,7258,PGL CS2 Major Copenhagen 2024 Opening Stage
172214,1710781200000,12591,KOI,6,8297,FURIA,13,FURIA,Overpass,7258,PGL CS2 Major Copenhagen 2024 Opening Stage
172215,1710779400000,5752,Cloud9,13,10567,SAW,9,Cloud9,Anubis,7258,PGL CS2 Major Copenhagen 2024 Opening Stage
172211,1710779400000,5752,Cloud9,19,10567,SAW,17,Cloud9,Nuke,7258,PGL CS2 Major Copenhagen 2024 Opening Stage
172209,1710770100000,6248,The MongolZ,13,12586,AMKAL,10,The MongolZ,Inferno,7258,PGL CS2 Major Copenhagen 2024 Opening Stage
172206,1710770100000,12586,AMKAL,13,6248,The MongolZ,8,AMKAL,Mirage,7258,PGL CS2 Major Copenhagen 2024 Opening Stage
172201,1710770100000,6248,The MongolZ,13,12586,AMKAL,2,The MongolZ,Nuke,7258,PGL CS2 Major Copenhagen 2024 Opening Stage
172207,1710770100000,11251,Eternal Fire,7,7175,HEROIC,13,HEROIC,Mirage,7258,PGL CS2 Major Copenhagen 2024 Opening Stage
172202,1710770100000,11251,Eternal Fire,14,7175,HEROIC,16,HEROIC,Vertigo,7258,PGL CS2 Major Copenhagen 2024 Opening Stage
172199,1710767100000,9928,GamerLegion,13,12468,Legacy,4,GamerLegion,Vertigo,7258,PGL CS2 Major Copenhagen 2024 Opening Stage
172200,1710766200000,8840,Lynn Vision,8,11419,ECSTATIC,13,ECSTATIC,Overpass,7258,PGL CS2 Major Copenhagen 2024 Opening Stage
172198,1710763200000,9455,Imperial,13,9806,Apeks,7,Imperial,Overpass,7258,PGL CS2 Major Copenhagen 2024 Opening Stage
172197,1710763200000,4773,paiN,13,4869,ENCE,3,paiN,Nuke,7258,PGL CS2 Major Copenhagen 2024 Opening Stage
172181,1710711600000,8297,FURIA,9,8840,Lynn Vision,13,Lynn Vision,Nuke,7258,PGL CS2 Major Copenhagen 2024 Opening Stage
172180,1710710700000,9928,GamerLegion,9,10567,SAW,13,SAW,Vertigo,7258,PGL CS2 Major Copenhagen 2024 Opening Stage
172176,1710707400000,12591,KOI,12,4869,ENCE,16,ENCE,Nuke,7258,PGL CS2 Major Copenhagen 2024 Opening Stage
172171,1710706800000,12468,Legacy,10,5752,Cloud9,13,Cloud9,Overpass,7258,PGL CS2 Major Copenhagen 2024 Opening Stage
172163,1710702300000,9806,Apeks,16,12586,AMKAL,13,Apeks,Overpass,7258,PGL CS2 Major Copenhagen 2024 Opening Stage
172161,1710701700000,7175,HEROIC,16,9455,Imperial,14,HEROIC,Mirage,7258,PGL CS2 Major Copenhagen 2024 Opening Stage
172156,1710698400000,11419,ECSTATIC,13,6248,The MongolZ,10,ECSTATIC,Nuke,7258,PGL CS2 Major Copenhagen 2024 Opening Stage
172155,1710698400000,4773,paiN,2,11251,Eternal Fire,13,Eternal Fire,Anubis,7258,PGL CS2 Major Copenhagen 2024 Opening Stage
172152,1710691800000,8297,FURIA,13,12468,Legacy,16,Legacy,Ancient,7258,PGL CS2 Major Copenhagen 2024 Opening Stage
172149,1710687900000,9928,GamerLegion,13,12586,AMKAL,8,GamerLegion,Overpass,7258,PGL CS2 Major Copenhagen 2024 Opening Stage
172148,1710687600000,10567,SAW,13,12591,KOI,4,SAW,Nuke,7258,PGL CS2 Major Copenhagen 2024 Opening Stage
172143,1710684300000,7175,HEROIC,13,8840,Lynn Vision,5,HEROIC,Nuke,7258,PGL CS2 Major Copenhagen 2024 Opening Stage
172140,1710681300000,9455,Imperial,22,4869,ENCE,19,Imperial,Anubis,7258,PGL CS2 Major Copenhagen 2024 Opening Stage
172139,1710680400000,9806,Apeks,8,4773,paiN,13,paiN,Vertigo,7258,PGL CS2 Major Copenhagen 2024 Opening Stage
172138,1710676800000,11419,ECSTATIC,10,5752,Cloud9,13,Cloud9,Ancient,7258,PGL CS2 Major Copenhagen 2024 Opening Stage
172137,1710676800000,11251,Eternal Fire,13,6248,The MongolZ,6,Eternal Fire,Nuke,7258,PGL CS2 Major Copenhagen 2024 Opening Stage
171899,1710340200000,7175,HEROIC,13,11641,Metizport,5,HEROIC,Anubis,7654,IEM Dallas 2024 Europe Closed Qualifier
171897,1710340200000,11641,Metizport,4,7175,HEROIC,13,HEROIC,Vertigo,7654,IEM Dallas 2024 Europe Closed Qualifier
171851,1710268200000,5378,Virtus.pro,13,7175,HEROIC,11,Virtus.pro,Mirage,7654,IEM Dallas 2024 Europe Closed Qualifier
171846,1710268200000,7175,HEROIC,10,5378,Virtus.pro,13,Virtus.pro,Overpass,7654,IEM Dallas 2024 Europe Closed Qualifier
171834,1710253800000,9806,Apeks,6,11641,Metizport,13,Metizport,Inferno,7654,IEM Dallas 2024 Europe Closed Qualifier
171830,1710253800000,9806,Apeks,7,11641,Metizport,13,Metizport,Mirage,7654,IEM Dallas 2024 Europe Closed Qualifier
171825,1710253800000,11641,Metizport,9,9806,Apeks,13,Apeks,Ancient,7654,IEM Dallas 2024 Europe Closed Qualifier
171802,1710183600000,5378,Virtus.pro,13,9806,Apeks,11,Virtus.pro,Mirage,7654,IEM Dallas 2024 Europe Closed Qualifier
171796,1710183600000,9806,Apeks,13,5378,Virtus.pro,11,Apeks,Anubis,7654,IEM Dallas 2024 Europe Closed Qualifier
171790,1710183600000,9806,Apeks,6,5378,Virtus.pro,13,Virtus.pro,Overpass,7654,IEM Dallas 2024 Europe Closed Qualifier
171801,1710181800000,11641,Metizport,13,12334,Preasy,5,Metizport,Ancient,7654,IEM Dallas 2024 Europe Closed Qualifier
171794,1710181800000,11641,Metizport,16,12334,Preasy,14,Metizport,Inferno,7654,IEM Dallas 2024 Europe Closed Qualifier
171785,1710181800000,12334,Preasy,16,11641,Metizport,14,Preasy,Vertigo,7654,IEM Dallas 2024 Europe Closed Qualifier
171798,1710181800000,4869,ENCE,5,7175,HEROIC,13,HEROIC,Overpass,7654,IEM Dallas 2024 Europe Closed Qualifier
171792,1710181800000,7175,HEROIC,10,4869,ENCE,13,ENCE,Nuke,7654,IEM Dallas 2024 Europe Closed Qualifier
171783,1710181800000,4869,ENCE,11,7175,HEROIC,13,HEROIC,Ancient,7654,IEM Dallas 2024 Europe Closed Qualifier
171776,1710167400000,9806,Apeks,16,12591,KOI,12,Apeks,Anubis,7654,IEM Dallas 2024 Europe Closed Qualifier
171763,1710167400000,12591,KOI,13,9806,Apeks,11,KOI,Ancient,7654,IEM Dallas 2024 Europe Closed Qualifier
171755,1710167400000,9806,Apeks,13,12591,KOI,10,Apeks,Vertigo,7654,IEM Dallas 2024 Europe Closed Qualifier
171770,1710167400000,7175,HEROIC,13,12334,Preasy,11,HEROIC,Ancient,7654,IEM Dallas 2024 Europe Closed Qualifier
171761,1710167400000,12334,Preasy,13,7175,HEROIC,9,Preasy,Vertigo,7654,IEM Dallas 2024 Europe Closed Qualifier
171754,1710167400000,7175,HEROIC,13,12334,Preasy,4,HEROIC,Nuke,7654,IEM Dallas 2024 Europe Closed Qualifier
171765,1710167400000,4869,ENCE,13,11641,Metizport,5,ENCE,Ancient,7654,IEM Dallas 2024 Europe Closed Qualifier
171760,1710167400000,11641,Metizport,5,4869,ENCE,13,ENCE,Nuke,7654,IEM Dallas 2024 Europe Closed Qualifier
171753,1710167400000,4869,ENCE,2,11641,Metizport,13,Metizport,Vertigo,7654,IEM Dallas 2024 Europe Closed Qualifier
171732,1710098100000,11641,Metizport,8,7020,Spirit,13,Spirit,Nuke,7553,BLAST Premier Spring Showdown 2024
171729,1710098100000,11641,Metizport,4,7020,Spirit,13,Spirit,Mirage,7553,BLAST Premier Spring Showdown 2024
171721,1710098100000,11641,Metizport,13,7020,Spirit,8,Metizport,Vertigo,7553,BLAST Premier Spring Showdown 2024
171711,1710090000000,10503,OG,12,10567,SAW,16,SAW,Overpass,7553,BLAST Premier Spring Showdown 2024
171708,1710090000000,10567,SAW,13,10503,OG,8,SAW,Ancient,7553,BLAST Premier Spring Showdown 2024
171670,1710010800000,7532,BIG,3,7020,Spirit,13,Spirit,Vertigo,7553,BLAST Premier Spring Showdown 2024
171668,1710010800000,7020,Spirit,13,7532,BIG,11,Spirit,Anubis,7553,BLAST Premier Spring Showdown 2024
171650,1710001200000,11641,Metizport,13,11811,Monte,5,Metizport,Mirage,7553,BLAST Premier Spring Showdown 2024
171643,1710001200000,11811,Monte,7,11641,Metizport,13,Metizport,Vertigo,7553,BLAST Premier Spring Showdown 2024
171638,1709994600000,10503,OG,13,7175,HEROIC,6,OG,Mirage,7553,BLAST Premier Spring Showdown 2024
171630,1709994600000,7175,HEROIC,5,10503,OG,13,OG,Vertigo,7553,BLAST Premier Spring Showdown 2024
171604,1709925300000,10567,SAW,13,5752,Cloud9,8,SAW,Overpass,7553,BLAST Premier Spring Showdown 2024
171598,1709925300000,5752,Cloud9,13,10567,SAW,16,SAW,Nuke,7553,BLAST Premier Spring Showdown 2024
171596,1709914800000,7532,BIG,13,9928,GamerLegion,6,BIG,Ancient,7553,BLAST Premier Spring Showdown 2024
171591,1709914800000,7532,BIG,7,9928,GamerLegion,13,GamerLegion,Overpass,7553,BLAST Premier Spring Showdown 2024
171583,1709914800000,9928,GamerLegion,7,7532,BIG,13,BIG,Vertigo,7553,BLAST Premier Spring Showdown 2024
171554,1709847600000,9455,Imperial,5,11811,Monte,13,Monte,Mirage,7553,BLAST Premier Spring Showdown 2024
171550,1709847600000,11811,Monte,13,9455,Imperial,8,Monte,Nuke,7553,BLAST Premier Spring Showdown 2024
171544,1709835000000,5005,Complexity,10,10503,OG,13,OG,Ancient,7553,BLAST Premier Spring Showdown 2024
171536,1709835000000,5005,Complexity,5,10503,OG,13,OG,Anubis,7553,BLAST Premier Spring Showdown 2024
171524,1709835000000,5005,Complexity,16,10503,OG,14,Complexity,Inferno,7553,BLAST Premier Spring Showdown 2024
171514,1709821800000,10567,SAW,13,5973,Liquid,4,SAW,Ancient,7553,BLAST Premier Spring Showdown 2024
171508,1709821800000,10567,SAW,14,5973,Liquid,16,Liquid,Inferno,7553,BLAST Premier Spring Showdown 2024
171502,1709821800000,5973,Liquid,10,10567,SAW,13,SAW,Nuke,7553,BLAST Premier Spring Showdown 2024
171466,1709752500000,11283,Falcons,11,11641,Metizport,13,Metizport,Vertigo,7553,BLAST Premier Spring Showdown 2024
171460,1709752500000,11641,Metizport,13,11283,Falcons,4,Metizport,Overpass,7553,BLAST Premier Spring Showdown 2024
171451,1709752500000,11283,Falcons,13,11641,Metizport,9,Falcons,Mirage,7553,BLAST Premier Spring Showdown 2024
171469,1709751600000,11883,9 Pandas,10,12591,KOI,13,KOI,Ancient,7620,ESL Challenger League Season 47 Europe
171468,1709751600000,12591,KOI,6,11883,9 Pandas,13,9 Pandas,Overpass,7620,ESL Challenger League Season 47 Europe
171447,1709751600000,11883,9 Pandas,14,12591,KOI,16,KOI,Nuke,7620,ESL Challenger League Season 47 Europe
171388,1709665200000,11811,Monte,4,10567,SAW,13,SAW,Vertigo,7620,ESL Challenger League Season 47 Europe
171383,1709665200000,11811,Monte,9,10567,SAW,13,SAW,Nuke,7620,ESL Challenger League Season 47 Europe
171342,1709586600000,5005,Complexity,13,5973,Liquid,7,Complexity,Overpass,7261,PGL CS2 Major Copenhagen 2024 Americas RMR
171341,1709586600000,5005,Complexity,13,5973,Liquid,5,Complexity,Anubis,7261,PGL CS2 Major Copenhagen 2024 Americas RMR
171340,1709586600000,5005,Complexity,9,5973,Liquid,13,Liquid,Inferno,7261,PGL CS2 Major Copenhagen 2024 Americas RMR
171327,1709557200000,4914,3DMAX,4,4991,fnatic,13,fnatic,Mirage,7709,RES Regional Series 1 Europe
171323,1709557200000,4914,3DMAX,8,4991,fnatic,13,fnatic,Overpass,7709,RES Regional Series 1 Europe
171322,1709557200000,4914,3DMAX,13,4991,fnatic,11,3DMAX,Anubis,7709,RES Regional Series 1 Europe
171312,1709546400000,12394,BetBoom,13,11419,ECSTATIC,3,BetBoom,Overpass,7709,RES Regional Series 1 Europe
171308,1709546400000,12394,BetBoom,13,11419,ECSTATIC,4,BetBoom,Vertigo,7709,RES Regional Series 1 Europe
171305,1709546400000,12394,BetBoom,11,11419,ECSTATIC,13,ECSTATIC,Anubis,7709,RES Regional Series 1 Europe
171301,1709500800000,12468,Legacy,13,9215,MIBR,7,Legacy,Vertigo,7261,PGL CS2 Major Copenhagen 2024 Americas RMR
171297,1709500800000,12468,Legacy,13,9215,MIBR,7,Legacy,Anubis,7261,PGL CS2 Major Copenhagen 2024 Americas RMR
171300,1709495100000,8297,FURIA,13,5005,Complexity,7,FURIA,Nuke,7261,PGL CS2 Major Copenhagen 2024 Americas RMR
171295,1709495100000,5005,Complexity,16,8297,FURIA,13,Complexity,Vertigo,7261,PGL CS2 Major Copenhagen 2024 Americas RMR
171287,1709495100000,8297,FURIA,13,5005,Complexity,10,FURIA,Overpass,7261,PGL CS2 Major Copenhagen 2024 Americas RMR
171298,1709494200000,12334,Preasy,13,11419,ECSTATIC,8,Preasy,Ancient,7652,IEM Dallas 2024 Europe Open Qualifier 1
171292,1709494200000,12334,Preasy,13,11419,ECSTATIC,5,Preasy,Overpass,7652,IEM Dallas 2024 Europe Open Qualifier 1
171283,1709494200000,11419,ECSTATIC,19,12334,Preasy,15,ECSTATIC,Nuke,7652,IEM Dallas 2024 Europe Open Qualifier 1
171272,1709489700000,12334,Preasy,13,12394,BetBoom,7,Preasy,Ancient,7652,IEM Dallas 2024 Europe Open Qualifier 1
171275,1709489400000,4991,fnatic,14,11419,ECSTATIC,16,ECSTATIC,Anubis,7652,IEM Dallas 2024 Europe Open Qualifier 1
171279,1709488500000,9455,Imperial,13,4773,paiN,4,Imperial,Nuke,7261,PGL CS2 Major Copenhagen 2024 Americas RMR
171271,1709488500000,4773,paiN,5,9455,Imperial,13,Imperial,Mirage,7261,PGL CS2 Major Copenhagen 2024 Americas RMR
171251,1709470800000,12334,Preasy,4,4991,fnatic,13,fnatic,Vertigo,7709,RES Regional Series 1 Europe
171248,1709470800000,12334,Preasy,9,4991,fnatic,13,fnatic,Ancient,7709,RES Regional Series 1 Europe
171244,1709470800000,4991,fnatic,9,12334,Preasy,13,Preasy,Inferno,7709,RES Regional Series 1 Europe
171243,1709460000000,11811,Monte,7,11419,ECSTATIC,13,ECSTATIC,Nuke,7709,RES Regional Series 1 Europe
171240,1709460000000,11419,ECSTATIC,13,11811,Monte,11,ECSTATIC,Ancient,7709,RES Regional Series 1 Europe
171230,1709406000000,4914,3DMAX,13,11811,Monte,7,3DMAX,Vertigo,7709,RES Regional Series 1 Europe
171227,1709406000000,11811,Monte,4,4914,3DMAX,13,3DMAX,Nuke,7709,RES Regional Series 1 Europe
171221,1709398800000,8297,FURIA,13,5973,Liquid,10,FURIA,Mirage,7261,PGL CS2 Major Copenhagen 2024 Americas RMR
171184,1709328300000,4773,paiN,13,12468,Legacy,2,paiN,Overpass,7261,PGL CS2 Major Copenhagen 2024 Americas RMR
171180,1709319600000,12394,BetBoom,13,12334,Preasy,9,BetBoom,Vertigo,7709,RES Regional Series 1 Europe
171179,1709319600000,12334,Preasy,10,12394,BetBoom,13,BetBoom,Anubis,7709,RES Regional Series 1 Europe
171164,1709287200000,7532,BIG,13,12586,AMKAL,8,BIG,Vertigo,7709,RES Regional Series 1 Europe
171162,1709287200000,12586,AMKAL,10,7532,BIG,13,BIG,Ancient,7709,RES Regional Series 1 Europe
171161,1709287200000,7532,BIG,9,12586,AMKAL,13,AMKAL,Overpass,7709,RES Regional Series 1 Europe
171157,1709233200000,4914,3DMAX,13,11419,ECSTATIC,11,3DMAX,Overpass,7709,RES Regional Series 1 Europe
171154,1709233200000,4914,3DMAX,13,11419,ECSTATIC,10,3DMAX,Anubis,7709,RES Regional Series 1 Europe
171145,1709217000000,7865,HAVU,3,12591,KOI,13,KOI,Vertigo,7665,ESL Challenger Melbourne 2024 Europe Closed Qualifier
171141,1709217000000,12591,KOI,13,7865,HAVU,5,KOI,Ancient,7665,ESL Challenger Melbourne 2024 Europe Closed Qualifier
171126,1709146800000,12334,Preasy,19,4991,fnatic,16,Preasy,Vertigo,7709,RES Regional Series 1 Europe
171123,1709146800000,12334,Preasy,6,4991,fnatic,13,fnatic,Overpass,7709,RES Regional Series 1 Europe
171119,1709146800000,4991,fnatic,8,12334,Preasy,13,Preasy,Inferno,7709,RES Regional Series 1 Europe
171073,1709085600000,6248,The MongolZ,13,8840,Lynn Vision,3,The MongolZ,Nuke,7260,PGL CS2 Major Copenhagen 2024 Asia RMR
171072,1709085600000,8840,Lynn Vision,8,6248,The MongolZ,13,The MongolZ,Ancient,7260,PGL CS2 Major Copenhagen 2024 Asia RMR
171051,1709053200000,11641,Metizport,8,12527,Guild Eagles,13,Guild Eagles,Mirage,7664,ESL Challenger Melbourne 2024 Europe Open Qualifier
170896,1708782600000,11883,9 Pandas,13,9928,GamerLegion,11,9 Pandas,Nuke,7578,PGL CS2 Major Copenhagen 2024 Europe Last Chance Qualifier
170893,1708782600000,9928,GamerLegion,8,11883,9 Pandas,13,9 Pandas,Ancient,7578,PGL CS2 Major Copenhagen 2024 Europe Last Chance Qualifier
170883,1708782600000,11883,9 Pandas,14,9928,GamerLegion,16,GamerLegion,Overpass,7578,PGL CS2 Major Copenhagen 2024 Europe Last Chance Qualifier
170871,1708772400000,9928,GamerLegion,13,12527,Guild Eagles,11,GamerLegion,Mirage,7578,PGL CS2 Major Copenhagen 2024 Europe Last Chance Qualifier
170867,1708772400000,9928,GamerLegion,13,12527,Guild Eagles,11,GamerLegion,Vertigo,7578,PGL CS2 Major Copenhagen 2024 Europe Last Chance Qualifier
170852,1708701600000,9928,GamerLegion,13,4991,fnatic,7,GamerLegion,Ancient,7578,PGL CS2 Major Copenhagen 2024 Europe Last Chance Qualifier
170850,1708701600000,4991,fnatic,14,9928,GamerLegion,16,GamerLegion,Vertigo,7578,PGL CS2 Major Copenhagen 2024 Europe Last Chance Qualifier
170849,1708694400000,12527,Guild Eagles,13,12394,BetBoom,10,Guild Eagles,Ancient,7578,PGL CS2 Major Copenhagen 2024 Europe Last Chance Qualifier
170848,1708694400000,12527,Guild Eagles,13,12394,BetBoom,4,Guild Eagles,Overpass,7578,PGL CS2 Major Copenhagen 2024 Europe Last Chance Qualifier
170847,1708686000000,6665,Astralis,8,11883,9 Pandas,13,9 Pandas,Nuke,7578,PGL CS2 Major Copenhagen 2024 Europe Last Chance Qualifier
170846,1708686000000,11883,9 Pandas,13,6665,Astralis,11,9 Pandas,Overpass,7578,PGL CS2 Major Copenhagen 2024 Europe Last Chance Qualifier
170823,1708630200000,9455,Imperial,6,8297,FURIA,13,FURIA,Vertigo,7645,IEM Dallas 2024 South America Closed Qualifier
170820,1708630200000,9455,Imperial,7,8297,FURIA,13,FURIA,Nuke,7645,IEM Dallas 2024 South America Closed Qualifier
170819,1708617600000,9928,GamerLegion,9,7175,HEROIC,13,HEROIC,Mirage,7577,PGL CS2 Major Copenhagen 2024 Europe RMR B
170818,1708617600000,7175,HEROIC,13,9928,GamerLegion,5,HEROIC,Overpass,7577,PGL CS2 Major Copenhagen 2024 Europe RMR B
170817,1708607700000,11419,ECSTATIC,13,12527,Guild Eagles,5,ECSTATIC,Overpass,7577,PGL CS2 Major Copenhagen 2024 Europe RMR B
170816,1708607700000,12527,Guild Eagles,9,11419,ECSTATIC,13,ECSTATIC,Inferno,7577,PGL CS2 Major Copenhagen 2024 Europe RMR B
170814,1708607700000,11419,ECSTATIC,3,12527,Guild Eagles,13,Guild Eagles,Ancient,7577,PGL CS2 Major Copenhagen 2024 Europe RMR B
170813,1708599600000,4869,ENCE,13,6665,Astralis,9,ENCE,Ancient,7577,PGL CS2 Major Copenhagen 2024 Europe RMR B
170811,1708599600000,6665,Astralis,6,4869,ENCE,13,ENCE,Vertigo,7577,PGL CS2 Major Copenhagen 2024 Europe RMR B
170776,1708533600000,7020,Spirit,13,7175,HEROIC,11,Spirit,Nuke,7577,PGL CS2 Major Copenhagen 2024 Europe RMR B
170767,1708533600000,7020,Spirit,13,7175,HEROIC,8,Spirit,Anubis,7577,PGL CS2 Major Copenhagen 2024 Europe RMR B
170777,1708531200000,12527,Guild Eagles,13,12334,Preasy,9,Guild Eagles,Overpass,7577,PGL CS2 Major Copenhagen 2024 Europe RMR B
170768,1708531200000,12334,Preasy,7,12527,Guild Eagles,13,Guild Eagles,Ancient,7577,PGL CS2 Major Copenhagen 2024 Europe RMR B
170766,1708531200000,12527,Guild Eagles,6,12334,Preasy,13,Preasy,Inferno,7577,PGL CS2 Major Copenhagen 2024 Europe RMR B
170765,1708526400000,4869,ENCE,4,9565,Vitality,13,Vitality,Nuke,7577,PGL CS2 Major Copenhagen 2024 Europe RMR B
170762,1708526400000,9565,Vitality,13,4869,ENCE,6,Vitality,Vertigo,7577,PGL CS2 Major Copenhagen 2024 Europe RMR B
170764,1708524000000,9928,GamerLegion,13,10503,OG,9,GamerLegion,Mirage,7577,PGL CS2 Major Copenhagen 2024 Europe RMR B
170761,1708524000000,10503,OG,8,9928,GamerLegion,13,GamerLegion,Overpass,7577,PGL CS2 Major Copenhagen 2024 Europe RMR B
170759,1708513200000,11419,ECSTATIC,11,9806,Apeks,13,Apeks,Anubis,7577,PGL CS2 Major Copenhagen 2024 Europe RMR B
170756,1708513200000,11419,ECSTATIC,11,9806,Apeks,13,Apeks,Ancient,7577,PGL CS2 Major Copenhagen 2024 Europe RMR B
170752,1708513200000,9806,Apeks,10,11419,ECSTATIC,13,ECSTATIC,Inferno,7577,PGL CS2 Major Copenhagen 2024 Europe RMR B
170757,1708513200000,11811,Monte,8,6665,Astralis,13,Astralis,Overpass,7577,PGL CS2 Major Copenhagen 2024 Europe RMR B
170754,1708513200000,6665,Astralis,4,11811,Monte,13,Monte,Vertigo,7577,PGL CS2 Major Copenhagen 2024 Europe RMR B
170750,1708513200000,11811,Monte,8,6665,Astralis,13,Astralis,Ancient,7577,PGL CS2 Major Copenhagen 2024 Europe RMR B
170720,1708446300000,4494,MOUZ,13,7020,Spirit,11,MOUZ,Mirage,7577,PGL CS2 Major Copenhagen 2024 Europe RMR B
170716,1708446300000,7020,Spirit,10,4494,MOUZ,13,MOUZ,Vertigo,7577,PGL CS2 Major Copenhagen 2024 Europe RMR B
170713,1708435200000,5752,Cloud9,13,9565,Vitality,5,Cloud9,Anubis,7577,PGL CS2 Major Copenhagen 2024 Europe RMR B
170711,1708435200000,5752,Cloud9,8,9565,Vitality,13,Vitality,Inferno,7577,PGL CS2 Major Copenhagen 2024 Europe RMR B
170707,1708435200000,9565,Vitality,8,5752,Cloud9,13,Cloud9,Overpass,7577,PGL CS2 Major Copenhagen 2024 Europe RMR B
170704,1708431300000,6665,Astralis,7,7175,HEROIC,13,HEROIC,Mirage,7577,PGL CS2 Major Copenhagen 2024 Europe RMR B
170703,1708430400000,9928,GamerLegion,14,4869,ENCE,16,ENCE,Nuke,7577,PGL CS2 Major Copenhagen 2024 Europe RMR B
170702,1708426800000,11419,ECSTATIC,13,10503,OG,11,ECSTATIC,Inferno,7577,PGL CS2 Major Copenhagen 2024 Europe RMR B
170701,1708426800000,11811,Monte,5,9806,Apeks,13,Apeks,Anubis,7577,PGL CS2 Major Copenhagen 2024 Europe RMR B
170682,1708372200000,7020,Spirit,13,6665,Astralis,11,Spirit,Vertigo,7577,PGL CS2 Major Copenhagen 2024 Europe RMR B
170681,1708371600000,9565,Vitality,13,7175,HEROIC,3,Vitality,Overpass,7577,PGL CS2 Major Copenhagen 2024 Europe RMR B
170680,1708368000000,5752,Cloud9,13,9806,Apeks,10,Cloud9,Mirage,7577,PGL CS2 Major Copenhagen 2024 Europe RMR B
170679,1708368000000,4494,MOUZ,13,11419,ECSTATIC,8,MOUZ,Overpass,7577,PGL CS2 Major Copenhagen 2024 Europe RMR B
170676,1708363800000,12334,Preasy,9,10503,OG,13,OG,Vertigo,7577,PGL CS2 Major Copenhagen 2024 Europe RMR B
170673,1708360200000,12527,Guild Eagles,6,4869,ENCE,13,ENCE,Anubis,7577,PGL CS2 Major Copenhagen 2024 Europe RMR B
170672,1708352400000,12334,Preasy,9,7175,HEROIC,13,HEROIC,Ancient,7577,PGL CS2 Major Copenhagen 2024 Europe RMR B
170668,1708346100000,10503,OG,5,9806,Apeks,13,Apeks,Ancient,7577,PGL CS2 Major Copenhagen 2024 Europe RMR B
170667,1708344900000,11419,ECSTATIC,13,11811,Monte,9,ECSTATIC,Anubis,7577,PGL CS2 Major Copenhagen 2024 Europe RMR B
170665,1708343400000,7020,Spirit,13,4869,ENCE,0,Spirit,Overpass,7577,PGL CS2 Major Copenhagen 2024 Europe RMR B
170663,1708340400000,4494,MOUZ,16,12527,Guild Eagles,14,MOUZ,Ancient,7577,PGL CS2 Major Copenhagen 2024 Europe RMR B
170662,1708340400000,9565,Vitality,13,9928,GamerLegion,2,Vitality,Nuke,7577,PGL CS2 Major Copenhagen 2024 Europe RMR B
170652,1708284600000,11811,Monte,13,11861,Aurora,9,Monte,Ancient,7683,RES Eastern European Masters Spring 2024 - BLAST Premier Qualifier
170645,1708284600000,11811,Monte,6,11861,Aurora,13,Aurora,Nuke,7683,RES Eastern European Masters Spring 2024 - BLAST Premier Qualifier
170642,1708284600000,11861,Aurora,10,11811,Monte,13,Monte,Mirage,7683,RES Eastern European Masters Spring 2024 - BLAST Premier Qualifier
170574,1708186200000,11251,Eternal Fire,13,12394,BetBoom,1,Eternal Fire,Vertigo,7259,PGL CS2 Major Copenhagen 2024 Europe RMR A
170571,1708186200000,11251,Eternal Fire,13,12394,BetBoom,7,Eternal Fire,Mirage,7259,PGL CS2 Major Copenhagen 2024 Europe RMR A
170569,1708183800000,11861,Aurora,6,11811,Monte,13,Monte,Mirage,7683,RES Eastern European Masters Spring 2024 - BLAST Premier Qualifier
170565,1708179900000,10567,SAW,13,4991,fnatic,4,SAW,Overpass,7259,PGL CS2 Major Copenhagen 2024 Europe RMR A
170562,1708179900000,4991,fnatic,5,10567,SAW,13,SAW,Vertigo,7259,PGL CS2 Major Copenhagen 2024 Europe RMR A
170558,1708167600000,11883,9 Pandas,9,12586,AMKAL,13,AMKAL,Nuke,7259,PGL CS2 Major Copenhagen 2024 Europe RMR A
170555,1708167600000,12586,AMKAL,13,11883,9 Pandas,11,AMKAL,Overpass,7259,PGL CS2 Major Copenhagen 2024 Europe RMR A
170553,1708167600000,11883,9 Pandas,13,12586,AMKAL,6,9 Pandas,Inferno,7259,PGL CS2 Major Copenhagen 2024 Europe RMR A
170526,1708100400000,4608,Natus Vincere,13,12394,BetBoom,7,Natus Vincere,Nuke,7259,PGL CS2 Major Copenhagen 2024 Europe RMR A
170519,1708100400000,4608,Natus Vincere,8,12394,BetBoom,13,BetBoom,Anubis,7259,PGL CS2 Major Copenhagen 2024 Europe RMR A
170512,1708100400000,4608,Natus Vincere,13,12394,BetBoom,4,Natus Vincere,Overpass,7259,PGL CS2 Major Copenhagen 2024 Europe RMR A
170513,1708092300000,4914,3DMAX,8,11883,9 Pandas,13,9 Pandas,Ancient,7259,PGL CS2 Major Copenhagen 2024 Europe RMR A
170509,1708092300000,4914,3DMAX,7,11883,9 Pandas,13,9 Pandas,Overpass,7259,PGL CS2 Major Copenhagen 2024 Europe RMR A
170501,1708092300000,11883,9 Pandas,11,4914,3DMAX,13,3DMAX,Nuke,7259,PGL CS2 Major Copenhagen 2024 Europe RMR A
170508,1708090800000,11251,Eternal Fire,5,6667,FaZe,13,FaZe,Nuke,7259,PGL CS2 Major Copenhagen 2024 Europe RMR A
170496,1708090800000,6667,FaZe,19,11251,Eternal Fire,17,FaZe,Overpass,7259,PGL CS2 Major Copenhagen 2024 Europe RMR A
170492,1708081200000,11283,Falcons,13,12586,AMKAL,16,AMKAL,Mirage,7259,PGL CS2 Major Copenhagen 2024 Europe RMR A
170488,1708081200000,12586,AMKAL,13,11283,Falcons,8,AMKAL,Ancient,7259,PGL CS2 Major Copenhagen 2024 Europe RMR A
170482,1708081200000,11283,Falcons,13,12586,AMKAL,6,Falcons,Vertigo,7259,PGL CS2 Major Copenhagen 2024 Europe RMR A
170489,1708081200000,12591,KOI,13,4991,fnatic,7,KOI,Ancient,7259,PGL CS2 Major Copenhagen 2024 Europe RMR A
170484,1708081200000,4991,fnatic,16,12591,KOI,19,KOI,Vertigo,7259,PGL CS2 Major Copenhagen 2024 Europe RMR A
170465,1708039500000,9455,Imperial,16,9996,9z,12,Imperial,Nuke,7643,IEM Dallas 2024 South America Open Qualifier 1
170464,1708039500000,9996,9z,6,9455,Imperial,13,Imperial,Mirage,7643,IEM Dallas 2024 South America Open Qualifier 1
170445,1708011300000,4608,Natus Vincere,9,5378,Virtus.pro,13,Virtus.pro,Anubis,7259,PGL CS2 Major Copenhagen 2024 Europe RMR A
170441,1708011300000,4608,Natus Vincere,9,5378,Virtus.pro,13,Virtus.pro,Ancient,7259,PGL CS2 Major Copenhagen 2024 Europe RMR A
170439,1708003500000,4411,Ninjas in Pyjamas,3,10567,SAW,13,SAW,Nuke,7259,PGL CS2 Major Copenhagen 2024 Europe RMR A
170437,1708003500000,10567,SAW,13,4411,Ninjas in Pyjamas,5,SAW,Ancient,7259,PGL CS2 Major Copenhagen 2024 Europe RMR A
170438,1708002900000,5995,G2,13,6667,FaZe,9,G2,Ancient,7259,PGL CS2 Major Copenhagen 2024 Europe RMR A
170436,1708002900000,5995,G2,13,6667,FaZe,8,G2,Anubis,7259,PGL CS2 Major Copenhagen 2024 Europe RMR A
170434,1707998100000,4991,fnatic,13,12586,AMKAL,11,fnatic,Overpass,7259,PGL CS2 Major Copenhagen 2024 Europe RMR A
170430,1707994800000,11883,9 Pandas,11,12591,KOI,13,KOI,Inferno,7259,PGL CS2 Major Copenhagen 2024 Europe RMR A
170427,1707994800000,11251,Eternal Fire,13,11283,Falcons,5,Eternal Fire,Nuke,7259,PGL CS2 Major Copenhagen 2024 Europe RMR A
170392,1707937800000,5378,Virtus.pro,13,4991,fnatic,3,Virtus.pro,Ancient,7259,PGL CS2 Major Copenhagen 2024 Europe RMR A
170390,1707936000000,5995,G2,16,11251,Eternal Fire,13,G2,Nuke,7259,PGL CS2 Major Copenhagen 2024 Europe RMR A
170388,1707933600000,4914,3DMAX,8,12591,KOI,13,KOI,Nuke,7259,PGL CS2 Major Copenhagen 2024 Europe RMR A
170386,1707932400000,6667,FaZe,13,11283,Falcons,7,FaZe,Nuke,7259,PGL CS2 Major Copenhagen 2024 Europe RMR A
170380,1707926400000,12586,AMKAL,22,4411,Ninjas in Pyjamas,20,AMKAL,Overpass,7259,PGL CS2 Major Copenhagen 2024 Europe RMR A
170379,1707926400000,10567,SAW,1,11883,9 Pandas,13,9 Pandas,Anubis,7259,PGL CS2 Major Copenhagen 2024 Europe RMR A
170378,1707920400000,4914,3DMAX,8,11283,Falcons,13,Falcons,Nuke,7259,PGL CS2 Major Copenhagen 2024 Europe RMR A
170377,1707920400000,12394,BetBoom,6,4991,fnatic,13,fnatic,Anubis,7259,PGL CS2 Major Copenhagen 2024 Europe RMR A
170375,1707915900000,11251,Eternal Fire,13,4411,Ninjas in Pyjamas,11,Eternal Fire,Overpass,7259,PGL CS2 Major Copenhagen 2024 Europe RMR A
170370,1707912000000,4608,Natus Vincere,13,12591,KOI,8,Natus Vincere,Ancient,7259,PGL CS2 Major Copenhagen 2024 Europe RMR A
170368,1707908400000,5378,Virtus.pro,13,10567,SAW,6,Virtus.pro,Ancient,7259,PGL CS2 Major Copenhagen 2024 Europe RMR A
170367,1707908400000,6667,FaZe,13,11883,9 Pandas,6,FaZe,Mirage,7259,PGL CS2 Major Copenhagen 2024 Europe RMR A
170280,1707679200000,11641,Metizport,13,9806,Apeks,6,Metizport,Inferno,7682,RES Western European Masters Spring 2024 - BLAST Premier Qualifier
170279,1707679200000,11641,Metizport,11,9806,Apeks,13,Apeks,Ancient,7682,RES Western European Masters Spring 2024 - BLAST Premier Qualifier
170277,1707679200000,9806,Apeks,6,11641,Metizport,13,Metizport,Mirage,7682,RES Western European Masters Spring 2024 - BLAST Premier Qualifier
170274,1707669000000,9806,Apeks,13,4914,3DMAX,9,Apeks,Inferno,7682,RES Western European Masters Spring 2024 - BLAST Premier Qualifier
170270,1707669000000,9806,Apeks,13,4914,3DMAX,6,Apeks,Ancient,7682,RES Western European Masters Spring 2024 - BLAST Premier Qualifier
170275,1707667200000,7020,Spirit,13,6667,FaZe,3,Spirit,Overpass,7435,IEM Katowice 2024
170271,1707667200000,6667,FaZe,11,7020,Spirit,13,Spirit,Mirage,7435,IEM Katowice 2024
170269,1707667200000,7020,Spirit,13,6667,FaZe,9,Spirit,Nuke,7435,IEM Katowice 2024
170249,1707589800000,11283,Falcons,3,7020,Spirit,13,Spirit,Ancient,7435,IEM Katowice 2024
170248,1707589800000,11283,Falcons,8,7020,Spirit,13,Spirit,Anubis,7435,IEM Katowice 2024
170238,1707578100000,6667,FaZe,13,4494,MOUZ,11,FaZe,Ancient,7435,IEM Katowice 2024
170234,1707578100000,4494,MOUZ,3,6667,FaZe,13,FaZe,Nuke,7435,IEM Katowice 2024
170219,1707503400000,4869,ENCE,11,11283,Falcons,13,Falcons,Nuke,7435,IEM Katowice 2024
170218,1707503400000,11283,Falcons,9,4869,ENCE,13,ENCE,Overpass,7435,IEM Katowice 2024
170213,1707503400000,4869,ENCE,5,11283,Falcons,13,Falcons,Mirage,7435,IEM Katowice 2024
170212,1707499800000,4914,3DMAX,13,4991,fnatic,9,3DMAX,Vertigo,7682,RES Western European Masters Spring 2024 - BLAST Premier Qualifier
170210,1707491700000,5995,G2,6,6667,FaZe,13,FaZe,Ancient,7435,IEM Katowice 2024
170206,1707491700000,5995,G2,9,6667,FaZe,13,FaZe,Inferno,7435,IEM Katowice 2024
170200,1707469200000,11419,ECSTATIC,11,12334,Preasy,13,Preasy,Nuke,7640,European Pro League Season 13
170198,1707469200000,12334,Preasy,13,11419,ECSTATIC,11,Preasy,Inferno,7640,European Pro League Season 13
170197,1707469200000,11419,ECSTATIC,13,12334,Preasy,10,ECSTATIC,Ancient,7640,European Pro League Season 13
170194,1707469200000,12334,Preasy,13,11419,ECSTATIC,11,Preasy,Overpass,7640,European Pro League Season 13
170193,1707469200000,11419,ECSTATIC,13,12334,Preasy,6,ECSTATIC,Vertigo,7640,European Pro League Season 13
170134,1707244200000,7175,HEROIC,8,5995,G2,13,G2,Nuke,7435,IEM Katowice 2024
170132,1707244200000,5995,G2,13,7175,HEROIC,9,G2,Vertigo,7435,IEM Katowice 2024
170133,1707244200000,4869,ENCE,3,4494,MOUZ,13,MOUZ,Ancient,7435,IEM Katowice 2024
170131,1707244200000,4494,MOUZ,13,4869,ENCE,5,MOUZ,Vertigo,7435,IEM Katowice 2024
170130,1707233400000,11283,Falcons,13,4608,Natus Vincere,4,Falcons,Mirage,7435,IEM Katowice 2024
170125,1707233400000,4608,Natus Vincere,11,11283,Falcons,13,Falcons,Ancient,7435,IEM Katowice 2024
170129,1707233400000,7020,Spirit,13,6667,FaZe,5,Spirit,Nuke,7435,IEM Katowice 2024
170124,1707233400000,6667,FaZe,10,7020,Spirit,13,Spirit,Mirage,7435,IEM Katowice 2024
170120,1707222600000,11811,Monte,6,5995,G2,13,G2,Anubis,7435,IEM Katowice 2024
170117,1707222600000,5995,G2,8,11811,Monte,13,Monte,Vertigo,7435,IEM Katowice 2024
170114,1707222600000,11811,Monte,4,5995,G2,13,G2,Nuke,7435,IEM Katowice 2024
170119,1707222600000,9928,GamerLegion,8,7175,HEROIC,13,HEROIC,Nuke,7435,IEM Katowice 2024
170118,1707222600000,9928,GamerLegion,4,7175,HEROIC,13,HEROIC,Mirage,7435,IEM Katowice 2024
170115,1707222600000,7175,HEROIC,5,9928,GamerLegion,13,GamerLegion,Overpass,7435,IEM Katowice 2024
170110,1707158700000,4608,Natus Vincere,13,11251,Eternal Fire,5,Natus Vincere,Anubis,7435,IEM Katowice 2024
170108,1707158700000,11251,Eternal Fire,8,4608,Natus Vincere,13,Natus Vincere,Mirage,7435,IEM Katowice 2024
170106,1707158700000,4608,Natus Vincere,11,11251,Eternal Fire,13,Eternal Fire,Nuke,7435,IEM Katowice 2024
170109,1707157800000,5005,Complexity,10,11283,Falcons,13,Falcons,Anubis,7435,IEM Katowice 2024
170107,1707157800000,11283,Falcons,13,5005,Complexity,5,Falcons,Overpass,7435,IEM Katowice 2024
170105,1707157800000,5005,Complexity,13,11283,Falcons,9,Complexity,Ancient,7435,IEM Katowice 2024
170104,1707150600000,5995,G2,7,4869,ENCE,13,ENCE,Anubis,7435,IEM Katowice 2024
170102,1707150600000,5995,G2,8,4869,ENCE,13,ENCE,Mirage,7435,IEM Katowice 2024
170103,1707147000000,9928,GamerLegion,6,4494,MOUZ,13,MOUZ,Ancient,7435,IEM Katowice 2024
170100,1707147000000,4494,MOUZ,16,9928,GamerLegion,14,MOUZ,Overpass,7435,IEM Katowice 2024
170098,1707136200000,9565,Vitality,13,7175,HEROIC,16,HEROIC,Vertigo,7435,IEM Katowice 2024
170095,1707136200000,9565,Vitality,13,7175,HEROIC,11,Vitality,Anubis,7435,IEM Katowice 2024
170091,1707136200000,9565,Vitality,14,7175,HEROIC,16,HEROIC,Mirage,7435,IEM Katowice 2024
170094,1707136200000,5752,Cloud9,11,11811,Monte,13,Monte,Mirage,7435,IEM Katowice 2024
170090,1707136200000,11811,Monte,13,5752,Cloud9,11,Monte,Overpass,7435,IEM Katowice 2024
170086,1707123600000,11419,ECSTATIC,16,12334,Preasy,14,ECSTATIC,Vertigo,7640,European Pro League Season 13
170083,1707123600000,11419,ECSTATIC,7,12334,Preasy,13,Preasy,Ancient,7640,European Pro League Season 13
170082,1707123600000,12334,Preasy,8,11419,ECSTATIC,13,ECSTATIC,Anubis,7640,European Pro League Season 13
170075,1707080400000,9455,Imperial,13,9996,9z,10,Imperial,Overpass,7626,Ace South American Masters Spring 2024 - BLAST Premier Qualifier
170071,1707080400000,9996,9z,9,9455,Imperial,13,Imperial,Mirage,7626,Ace South American Masters Spring 2024 - BLAST Premier Qualifier
170076,1707076800000,6667,FaZe,13,11251,Eternal Fire,5,FaZe,Nuke,7435,IEM Katowice 2024
170073,1707076800000,6667,FaZe,13,11251,Eternal Fire,16,Eternal Fire,Anubis,7435,IEM Katowice 2024
170064,1707076800000,6667,FaZe,16,11251,Eternal Fire,14,FaZe,Inferno,7435,IEM Katowice 2024
170070,1707071400000,12642,RBLS,10,11283,Falcons,13,Falcons,Nuke,7435,IEM Katowice 2024
170063,1707071400000,11283,Falcons,9,12642,RBLS,13,RBLS,Anubis,7435,IEM Katowice 2024
170061,1707071400000,11283,Falcons,13,12642,RBLS,9,Falcons,Vertigo,7435,IEM Katowice 2024
170062,1707064200000,4608,Natus Vincere,13,9806,Apeks,8,Natus Vincere,Mirage,7435,IEM Katowice 2024
170053,1707064200000,4608,Natus Vincere,11,9806,Apeks,13,Apeks,Anubis,7435,IEM Katowice 2024
170050,1707064200000,4608,Natus Vincere,13,9806,Apeks,11,Natus Vincere,Ancient,7435,IEM Katowice 2024
170048,1707060600000,7020,Spirit,13,5005,Complexity,5,Spirit,Overpass,7435,IEM Katowice 2024
170043,1707060600000,5005,Complexity,3,7020,Spirit,13,Spirit,Ancient,7435,IEM Katowice 2024
170039,1707049800000,4494,MOUZ,22,5752,Cloud9,20,MOUZ,Ancient,7435,IEM Katowice 2024
170033,1707049800000,5752,Cloud9,8,4494,MOUZ,13,MOUZ,Mirage,7435,IEM Katowice 2024
170025,1707049800000,4494,MOUZ,8,5752,Cloud9,13,Cloud9,Overpass,7435,IEM Katowice 2024
170032,1707049800000,9928,GamerLegion,13,11811,Monte,5,GamerLegion,Ancient,7435,IEM Katowice 2024
170024,1707049800000,11811,Monte,8,9928,GamerLegion,13,GamerLegion,Overpass,7435,IEM Katowice 2024
169998,1706989800000,9565,Vitality,8,4869,ENCE,13,ENCE,Nuke,7435,IEM Katowice 2024
169992,1706989800000,9565,Vitality,13,4869,ENCE,4,Vitality,Anubis,7435,IEM Katowice 2024
169987,1706989800000,9565,Vitality,6,4869,ENCE,13,ENCE,Vertigo,7435,IEM Katowice 2024
169986,1706985000000,9806,Apeks,11,5005,Complexity,13,Complexity,Overpass,7435,IEM Katowice 2024
169981,1706985000000,5005,Complexity,13,9806,Apeks,9,Complexity,Vertigo,7435,IEM Katowice 2024
169982,1706977500000,4608,Natus Vincere,4,7020,Spirit,13,Spirit,Mirage,7435,IEM Katowice 2024
169973,1706977500000,4608,Natus Vincere,13,7020,Spirit,11,Natus Vincere,Anubis,7435,IEM Katowice 2024
169966,1706977500000,4608,Natus Vincere,7,7020,Spirit,13,Spirit,Ancient,7435,IEM Katowice 2024
169967,1706974200000,12642,RBLS,7,6667,FaZe,13,FaZe,Ancient,7435,IEM Katowice 2024
169964,1706974200000,6667,FaZe,13,12642,RBLS,9,FaZe,Nuke,7435,IEM Katowice 2024
169965,1706968800000,12591,KOI,7,10567,SAW,13,SAW,Ancient,7668,RTP Arena Spring Cup 2024 - BLAST Premier Qualifier
169963,1706968800000,10567,SAW,10,12591,KOI,13,KOI,Vertigo,7668,RTP Arena Spring Cup 2024 - BLAST Premier Qualifier
169953,1706968800000,12591,KOI,14,10567,SAW,16,SAW,Nuke,7668,RTP Arena Spring Cup 2024 - BLAST Premier Qualifier
169959,1706963400000,7175,HEROIC,6,5995,G2,13,G2,Nuke,7435,IEM Katowice 2024
169954,1706963400000,5995,G2,13,7175,HEROIC,16,HEROIC,Anubis,7435,IEM Katowice 2024
169946,1706963400000,5995,G2,16,7175,HEROIC,13,G2,Overpass,7435,IEM Katowice 2024
169951,1706963400000,11251,Eternal Fire,13,11283,Falcons,6,Eternal Fire,Nuke,7435,IEM Katowice 2024
169945,1706963400000,11283,Falcons,9,11251,Eternal Fire,13,Eternal Fire,Vertigo,7435,IEM Katowice 2024
169927,1706900400000,7532,BIG,14,9806,Apeks,16,Apeks,Ancient,7551,IEM Katowice 2024 Play-in
169924,1706900400000,9806,Apeks,13,7532,BIG,10,Apeks,Vertigo,7551,IEM Katowice 2024 Play-in
169921,1706900400000,7532,BIG,13,9806,Apeks,7,BIG,Inferno,7551,IEM Katowice 2024 Play-in
169922,1706898900000,12642,RBLS,13,12376,M80,7,RBLS,Vertigo,7551,IEM Katowice 2024 Play-in
169918,1706898900000,12376,M80,9,12642,RBLS,13,RBLS,Nuke,7551,IEM Katowice 2024 Play-in
169916,1706887800000,6248,The MongolZ,5,4869,ENCE,13,ENCE,Anubis,7551,IEM Katowice 2024 Play-in
169911,1706887800000,6248,The MongolZ,13,4869,ENCE,10,The MongolZ,Nuke,7551,IEM Katowice 2024 Play-in
169905,1706887800000,4869,ENCE,16,6248,The MongolZ,13,ENCE,Mirage,7551,IEM Katowice 2024 Play-in
169913,1706887800000,5378,Virtus.pro,4,5752,Cloud9,13,Cloud9,Ancient,7551,IEM Katowice 2024 Play-in
169910,1706887800000,5752,Cloud9,6,5378,Virtus.pro,13,Virtus.pro,Anubis,7551,IEM Katowice 2024 Play-in
169904,1706887800000,5752,Cloud9,13,5378,Virtus.pro,5,Cloud9,Overpass,7551,IEM Katowice 2024 Play-in
169865,1706816400000,4869,ENCE,13,6665,Astralis,4,ENCE,Ancient,7551,IEM Katowice 2024 Play-in
169864,1706816400000,6665,Astralis,10,4869,ENCE,13,ENCE,Vertigo,7551,IEM Katowice 2024 Play-in
169866,1706812200000,8297,FURIA,11,9806,Apeks,13,Apeks,Ancient,7551,IEM Katowice 2024 Play-in
169863,1706812200000,9806,Apeks,10,8297,FURIA,13,FURIA,Mirage,7551,IEM Katowice 2024 Play-in
169862,1706812200000,8297,FURIA,9,9806,Apeks,13,Apeks,Inferno,7551,IEM Katowice 2024 Play-in
169861,1706801400000,12394,BetBoom,7,5752,Cloud9,13,Cloud9,Ancient,7551,IEM Katowice 2024 Play-in
169859,1706801400000,5752,Cloud9,13,12394,BetBoom,6,Cloud9,Anubis,7551,IEM Katowice 2024 Play-in
169851,1706801400000,12394,BetBoom,25,5752,Cloud9,22,BetBoom,Overpass,7551,IEM Katowice 2024 Play-in
169845,1706790600000,9928,GamerLegion,13,5378,Virtus.pro,9,GamerLegion,Overpass,7551,IEM Katowice 2024 Play-in
169839,1706790600000,9928,GamerLegion,5,5378,Virtus.pro,13,Virtus.pro,Inferno,7551,IEM Katowice 2024 Play-in
169833,1706790600000,5378,Virtus.pro,3,9928,GamerLegion,13,GamerLegion,Vertigo,7551,IEM Katowice 2024 Play-in
169837,1706790600000,7020,Spirit,16,6248,The MongolZ,14,Spirit,Ancient,7551,IEM Katowice 2024 Play-in
169832,1706790600000,7020,Spirit,13,6248,The MongolZ,2,Spirit,Mirage,7551,IEM Katowice 2024 Play-in
169821,1706728500000,11251,Eternal Fire,13,12642,RBLS,9,Eternal Fire,Mirage,7551,IEM Katowice 2024 Play-in
169819,1706728500000,12642,RBLS,4,11251,Eternal Fire,13,Eternal Fire,Inferno,7551,IEM Katowice 2024 Play-in
169822,1706728200000,7532,BIG,7,7175,HEROIC,13,HEROIC,Anubis,7551,IEM Katowice 2024 Play-in
169820,1706728200000,7175,HEROIC,7,7532,BIG,13,BIG,Vertigo,7551,IEM Katowice 2024 Play-in
169818,1706728200000,7532,BIG,8,7175,HEROIC,13,HEROIC,Nuke,7551,IEM Katowice 2024 Play-in
169815,1706723100000,8297,FURIA,14,6248,The MongolZ,16,The MongolZ,Mirage,7551,IEM Katowice 2024 Play-in
169814,1706720700000,9928,GamerLegion,13,12376,M80,10,GamerLegion,Nuke,7551,IEM Katowice 2024 Play-in
169813,1706720100000,7020,Spirit,13,9806,Apeks,0,Spirit,Ancient,7551,IEM Katowice 2024 Play-in
169812,1706716500000,12642,RBLS,13,5752,Cloud9,10,RBLS,Mirage,7551,IEM Katowice 2024 Play-in
169811,1706715600000,4869,ENCE,9,7532,BIG,13,BIG,Ancient,7551,IEM Katowice 2024 Play-in
169809,1706711400000,12394,BetBoom,1,11251,Eternal Fire,13,Eternal Fire,Nuke,7551,IEM Katowice 2024 Play-in
169807,1706711400000,6665,Astralis,11,7175,HEROIC,13,HEROIC,Mirage,7551,IEM Katowice 2024 Play-in
169747,1706463000000,5995,G2,13,5973,Liquid,7,G2,Anubis,7552,BLAST Premier Spring Groups 2024
169741,1706463000000,5995,G2,13,5973,Liquid,10,G2,Overpass,7552,BLAST Premier Spring Groups 2024
169743,1706457600000,11883,9 Pandas,13,12642,RBLS,6,9 Pandas,Mirage,7512,ESL Challenger League Season 46 Europe Relegation
169740,1706457600000,11883,9 Pandas,13,12642,RBLS,6,9 Pandas,Ancient,7512,ESL Challenger League Season 46 Europe Relegation
169735,1706457600000,12642,RBLS,13,11883,9 Pandas,9,RBLS,Vertigo,7512,ESL Challenger League Season 46 Europe Relegation
169736,1706448600000,6665,Astralis,16,7532,BIG,14,Astralis,Ancient,7552,BLAST Premier Spring Groups 2024
169733,1706448600000,7532,BIG,9,6665,Astralis,13,Astralis,Overpass,7552,BLAST Premier Spring Groups 2024
169730,1706448600000,7532,BIG,16,6665,Astralis,12,BIG,Vertigo,7552,BLAST Premier Spring Groups 2024
169725,1706439600000,8840,Lynn Vision,3,6248,The MongolZ,13,The MongolZ,Anubis,7595,eXTREMESLAND 2023
169722,1706439600000,8840,Lynn Vision,14,6248,The MongolZ,16,The MongolZ,Ancient,7595,eXTREMESLAND 2023
169714,1706414400000,8840,Lynn Vision,13,4863,TYLOO,4,Lynn Vision,Nuke,7595,eXTREMESLAND 2023
169713,1706414400000,8840,Lynn Vision,13,4863,TYLOO,7,Lynn Vision,Anubis,7595,eXTREMESLAND 2023
169710,1706380800000,7532,BIG,6,5378,Virtus.pro,13,Virtus.pro,Anubis,7552,BLAST Premier Spring Groups 2024
169707,1706380800000,7532,BIG,10,5378,Virtus.pro,13,Virtus.pro,Overpass,7552,BLAST Premier Spring Groups 2024
169704,1706373000000,6667,FaZe,13,5973,Liquid,9,FaZe,Mirage,7552,BLAST Premier Spring Groups 2024
169702,1706373000000,5973,Liquid,11,6667,FaZe,13,FaZe,Nuke,7552,BLAST Premier Spring Groups 2024
169699,1706365500000,5995,G2,5,4608,Natus Vincere,13,Natus Vincere,Mirage,7552,BLAST Premier Spring Groups 2024
169696,1706365500000,4608,Natus Vincere,13,5995,G2,9,Natus Vincere,Inferno,7552,BLAST Premier Spring Groups 2024
169695,1706362200000,6248,The MongolZ,5,4863,TYLOO,13,TYLOO,Mirage,7618,IEM Chengdu 2024 Asia Closed Qualifier
169694,1706362200000,6248,The MongolZ,7,4863,TYLOO,13,TYLOO,Nuke,7618,IEM Chengdu 2024 Asia Closed Qualifier
169693,1706353200000,6665,Astralis,6,9565,Vitality,13,Vitality,Nuke,7552,BLAST Premier Spring Groups 2024
169690,1706353200000,9565,Vitality,16,6665,Astralis,14,Vitality,Mirage,7552,BLAST Premier Spring Groups 2024
169688,1706353200000,6665,Astralis,13,9565,Vitality,10,Astralis,Inferno,7552,BLAST Premier Spring Groups 2024
169674,1706298900000,5752,Cloud9,10,7532,BIG,13,BIG,Anubis,7552,BLAST Premier Spring Groups 2024
169673,1706298900000,5752,Cloud9,9,7532,BIG,13,BIG,Ancient,7552,BLAST Premier Spring Groups 2024
169672,1706287200000,6667,FaZe,13,9928,GamerLegion,5,FaZe,Inferno,7552,BLAST Premier Spring Groups 2024
169669,1706287200000,6667,FaZe,12,9928,GamerLegion,16,GamerLegion,Overpass,7552,BLAST Premier Spring Groups 2024
169665,1706287200000,9928,GamerLegion,5,6667,FaZe,13,FaZe,Ancient,7552,BLAST Premier Spring Groups 2024
169662,1706279700000,5995,G2,13,4411,Ninjas in Pyjamas,9,G2,Anubis,7552,BLAST Premier Spring Groups 2024
169658,1706279700000,5995,G2,13,4411,Ninjas in Pyjamas,6,G2,Vertigo,7552,BLAST Premier Spring Groups 2024
169659,1706277000000,6248,The MongolZ,13,4863,TYLOO,8,The MongolZ,Mirage,7618,IEM Chengdu 2024 Asia Closed Qualifier
169656,1706277000000,6248,The MongolZ,13,4863,TYLOO,7,The MongolZ,Overpass,7618,IEM Chengdu 2024 Asia Closed Qualifier
169654,1706266800000,9565,Vitality,13,11283,Falcons,8,Vitality,Anubis,7552,BLAST Premier Spring Groups 2024
169653,1706266800000,11283,Falcons,9,9565,Vitality,13,Vitality,Vertigo,7552,BLAST Premier Spring Groups 2024
169646,1706266800000,9565,Vitality,16,11283,Falcons,19,Falcons,Nuke,7552,BLAST Premier Spring Groups 2024
169628,1706250600000,4863,TYLOO,26,6248,The MongolZ,28,The MongolZ,Inferno,7595,eXTREMESLAND 2023
169622,1706208900000,7532,BIG,16,7175,HEROIC,14,BIG,Anubis,7552,BLAST Premier Spring Groups 2024
169618,1706208900000,7532,BIG,13,7175,HEROIC,9,BIG,Nuke,7552,BLAST Premier Spring Groups 2024
169614,1706208900000,7175,HEROIC,16,7532,BIG,12,HEROIC,Vertigo,7552,BLAST Premier Spring Groups 2024
169612,1706196600000,5378,Virtus.pro,13,5752,Cloud9,9,Virtus.pro,Inferno,7552,BLAST Premier Spring Groups 2024
169611,1706196600000,5752,Cloud9,13,5378,Virtus.pro,10,Cloud9,Anubis,7552,BLAST Premier Spring Groups 2024
169610,1706196600000,5752,Cloud9,4,5378,Virtus.pro,13,Virtus.pro,Overpass,7552,BLAST Premier Spring Groups 2024
169609,1706187300000,7020,Spirit,4,6667,FaZe,13,FaZe,Nuke,7552,BLAST Premier Spring Groups 2024
169607,1706187300000,7020,Spirit,4,6667,FaZe,13,FaZe,Anubis,7552,BLAST Premier Spring Groups 2024
169604,1706180400000,9928,GamerLegion,7,5973,Liquid,13,Liquid,Mirage,7552,BLAST Premier Spring Groups 2024
169600,1706180400000,5973,Liquid,13,9928,GamerLegion,6,Liquid,Overpass,7552,BLAST Premier Spring Groups 2024
169583,1706123700000,5752,Cloud9,13,7175,HEROIC,1,Cloud9,Anubis,7552,BLAST Premier Spring Groups 2024
169581,1706123700000,5752,Cloud9,13,7175,HEROIC,5,Cloud9,Mirage,7552,BLAST Premier Spring Groups 2024
169579,1706115600000,5378,Virtus.pro,13,7532,BIG,8,Virtus.pro,Vertigo,7552,BLAST Premier Spring Groups 2024
169577,1706115600000,7532,BIG,5,5378,Virtus.pro,13,Virtus.pro,Overpass,7552,BLAST Premier Spring Groups 2024
169573,1706103300000,7020,Spirit,10,5973,Liquid,13,Liquid,Ancient,7552,BLAST Premier Spring Groups 2024
169571,1706103300000,5973,Liquid,10,7020,Spirit,13,Spirit,Anubis,7552,BLAST Premier Spring Groups 2024
169565,1706103300000,5973,Liquid,16,7020,Spirit,14,Liquid,Nuke,7552,BLAST Premier Spring Groups 2024
169560,1706094000000,9928,GamerLegion,16,6667,FaZe,13,GamerLegion,Ancient,7552,BLAST Premier Spring Groups 2024
169558,1706094000000,6667,FaZe,11,9928,GamerLegion,13,GamerLegion,Overpass,7552,BLAST Premier Spring Groups 2024
169535,1706028300000,6665,Astralis,13,9565,Vitality,4,Astralis,Overpass,7552,BLAST Premier Spring Groups 2024
169532,1706028300000,9565,Vitality,13,6665,Astralis,6,Vitality,Vertigo,7552,BLAST Premier Spring Groups 2024
169528,1706028300000,9565,Vitality,10,6665,Astralis,13,Astralis,Mirage,7552,BLAST Premier Spring Groups 2024
169524,1706020800000,4411,Ninjas in Pyjamas,13,5005,Complexity,5,Ninjas in Pyjamas,Ancient,7552,BLAST Premier Spring Groups 2024
169523,1706020800000,5005,Complexity,9,4411,Ninjas in Pyjamas,13,Ninjas in Pyjamas,Vertigo,7552,BLAST Premier Spring Groups 2024
169521,1706007600000,5995,G2,9,4608,Natus Vincere,13,Natus Vincere,Anubis,7552,BLAST Premier Spring Groups 2024
169516,1706007600000,4608,Natus Vincere,10,5995,G2,13,G2,Inferno,7552,BLAST Premier Spring Groups 2024
169511,1706007600000,5995,G2,12,4608,Natus Vincere,16,Natus Vincere,Overpass,7552,BLAST Premier Spring Groups 2024
169485,1705944300000,11283,Falcons,3,6665,Astralis,13,Astralis,Ancient,7552,BLAST Premier Spring Groups 2024
169483,1705944300000,11283,Falcons,8,6665,Astralis,13,Astralis,Vertigo,7552,BLAST Premier Spring Groups 2024
169476,1705927800000,4608,Natus Vincere,13,5005,Complexity,8,Natus Vincere,Anubis,7552,BLAST Premier Spring Groups 2024
169470,1705927800000,4608,Natus Vincere,16,5005,Complexity,14,Natus Vincere,Overpass,7552,BLAST Premier Spring Groups 2024
169468,1705921200000,5995,G2,13,4411,Ninjas in Pyjamas,2,G2,Anubis,7552,BLAST Premier Spring Groups 2024
169467,1705921200000,5995,G2,13,4411,Ninjas in Pyjamas,7,G2,Vertigo,7552,BLAST Premier Spring Groups 2024
169404,1705842000000,4914,3DMAX,7,12334,Preasy,13,Preasy,Nuke,7391,PGL CS2 Major Copenhagen 2024 Europe RMR Decider Qualifier
169400,1705842000000,12334,Preasy,5,4914,3DMAX,13,3DMAX,Inferno,7391,PGL CS2 Major Copenhagen 2024 Europe RMR Decider Qualifier
169397,1705842000000,4914,3DMAX,11,12334,Preasy,13,Preasy,Vertigo,7391,PGL CS2 Major Copenhagen 2024 Europe RMR Decider Qualifier
169368,1705813200000,8840,Lynn Vision,13,4863,TYLOO,11,Lynn Vision,Anubis,7397,PGL CS2 Major Copenhagen 2024 China RMR Closed Qualifier
169362,1705813200000,8840,Lynn Vision,13,4863,TYLOO,11,Lynn Vision,Nuke,7397,PGL CS2 Major Copenhagen 2024 China RMR Closed Qualifier
169363,1705804200000,12376,M80,13,5973,Liquid,9,M80,Ancient,7609,IEM Chengdu 2024 North America Closed Qualifier
169361,1705804200000,5973,Liquid,13,12376,M80,2,Liquid,Nuke,7609,IEM Chengdu 2024 North America Closed Qualifier
169357,1705804200000,12376,M80,19,5973,Liquid,17,M80,Inferno,7609,IEM Chengdu 2024 North America Closed Qualifier
169343,1705777800000,4494,MOUZ,13,12334,Preasy,9,MOUZ,Nuke,7619,PGL CS2 Major Copenhagen 2024 Europe RMR Closed Qualifier B
169335,1705777800000,12334,Preasy,13,4494,MOUZ,8,Preasy,Inferno,7619,PGL CS2 Major Copenhagen 2024 Europe RMR Closed Qualifier B
169324,1705777800000,4494,MOUZ,13,12334,Preasy,2,MOUZ,Ancient,7619,PGL CS2 Major Copenhagen 2024 Europe RMR Closed Qualifier B
169342,1705773900000,4914,3DMAX,10,11883,9 Pandas,13,9 Pandas,Anubis,7392,PGL CS2 Major Copenhagen 2024 Europe RMR Closed Qualifier A
169333,1705773900000,4914,3DMAX,16,11883,9 Pandas,14,3DMAX,Overpass,7392,PGL CS2 Major Copenhagen 2024 Europe RMR Closed Qualifier A
169323,1705773900000,11883,9 Pandas,13,4914,3DMAX,11,9 Pandas,Inferno,7392,PGL CS2 Major Copenhagen 2024 Europe RMR Closed Qualifier A
169316,1705762800000,10567,SAW,13,11883,9 Pandas,1,SAW,Overpass,7392,PGL CS2 Major Copenhagen 2024 Europe RMR Closed Qualifier A
169311,1705762800000,11883,9 Pandas,9,10567,SAW,13,SAW,Nuke,7392,PGL CS2 Major Copenhagen 2024 Europe RMR Closed Qualifier A
169314,1705762800000,7020,Spirit,13,4494,MOUZ,6,Spirit,Ancient,7619,PGL CS2 Major Copenhagen 2024 Europe RMR Closed Qualifier B
169306,1705762800000,4494,MOUZ,2,7020,Spirit,13,Spirit,Mirage,7619,PGL CS2 Major Copenhagen 2024 Europe RMR Closed Qualifier B
169307,1705752000000,12334,Preasy,13,8135,FORZE,11,Preasy,Anubis,7619,PGL CS2 Major Copenhagen 2024 Europe RMR Closed Qualifier B
169303,1705752000000,8135,FORZE,11,12334,Preasy,13,Preasy,Inferno,7619,PGL CS2 Major Copenhagen 2024 Europe RMR Closed Qualifier B
169293,1705752000000,12334,Preasy,14,8135,FORZE,16,FORZE,Nuke,7619,PGL CS2 Major Copenhagen 2024 Europe RMR Closed Qualifier B
169219,1705690800000,8135,FORZE,13,11861,Aurora,8,FORZE,Overpass,7619,PGL CS2 Major Copenhagen 2024 Europe RMR Closed Qualifier B
169212,1705690800000,11861,Aurora,9,8135,FORZE,13,FORZE,Mirage,7619,PGL CS2 Major Copenhagen 2024 Europe RMR Closed Qualifier B
169211,1705680000000,12586,AMKAL,13,6665,Astralis,10,AMKAL,Nuke,7619,PGL CS2 Major Copenhagen 2024 Europe RMR Closed Qualifier B
169200,1705680000000,6665,Astralis,13,12586,AMKAL,9,Astralis,Inferno,7619,PGL CS2 Major Copenhagen 2024 Europe RMR Closed Qualifier B
169188,1705680000000,12586,AMKAL,25,6665,Astralis,21,AMKAL,Mirage,7619,PGL CS2 Major Copenhagen 2024 Europe RMR Closed Qualifier B
169203,1705680000000,11251,Eternal Fire,13,4494,MOUZ,8,Eternal Fire,Nuke,7619,PGL CS2 Major Copenhagen 2024 Europe RMR Closed Qualifier B
169199,1705680000000,4494,MOUZ,13,11251,Eternal Fire,10,MOUZ,Vertigo,7619,PGL CS2 Major Copenhagen 2024 Europe RMR Closed Qualifier B
169190,1705680000000,11251,Eternal Fire,16,4494,MOUZ,14,Eternal Fire,Inferno,7619,PGL CS2 Major Copenhagen 2024 Europe RMR Closed Qualifier B
169201,1705680000000,4608,Natus Vincere,16,5378,Virtus.pro,12,Natus Vincere,Anubis,7392,PGL CS2 Major Copenhagen 2024 Europe RMR Closed Qualifier A
169189,1705680000000,4608,Natus Vincere,19,5378,Virtus.pro,16,Natus Vincere,Overpass,7392,PGL CS2 Major Copenhagen 2024 Europe RMR Closed Qualifier A
169193,1705680000000,12394,BetBoom,5,5752,Cloud9,13,Cloud9,Anubis,7392,PGL CS2 Major Copenhagen 2024 Europe RMR Closed Qualifier A
169187,1705680000000,12394,BetBoom,3,5752,Cloud9,13,Cloud9,Nuke,7392,PGL CS2 Major Copenhagen 2024 Europe RMR Closed Qualifier A
169184,1705676400000,12334,Preasy,14,7020,Spirit,16,Spirit,Nuke,7619,PGL CS2 Major Copenhagen 2024 Europe RMR Closed Qualifier B
169182,1705676400000,12591,KOI,16,7175,HEROIC,14,KOI,Nuke,7619,PGL CS2 Major Copenhagen 2024 Europe RMR Closed Qualifier B
169138,1705620600000,9996,9z,1,9215,MIBR,13,MIBR,Ancient,7612,IEM Chengdu 2024 South America Closed Qualifier
169137,1705620600000,9215,MIBR,11,9996,9z,13,9z,Mirage,7612,IEM Chengdu 2024 South America Closed Qualifier
169132,1705620600000,9215,MIBR,3,9996,9z,13,9z,Nuke,7612,IEM Chengdu 2024 South America Closed Qualifier
169116,1705599900000,5752,Cloud9,13,4914,3DMAX,10,Cloud9,Anubis,7392,PGL CS2 Major Copenhagen 2024 Europe RMR Closed Qualifier A
169115,1705599900000,5378,Virtus.pro,13,10567,SAW,8,Virtus.pro,Ancient,7392,PGL CS2 Major Copenhagen 2024 Europe RMR Closed Qualifier A
169114,1705599900000,11883,9 Pandas,6,4608,Natus Vincere,13,Natus Vincere,Anubis,7392,PGL CS2 Major Copenhagen 2024 Europe RMR Closed Qualifier A
169110,1705599900000,7532,BIG,9,12394,BetBoom,13,BetBoom,Overpass,7392,PGL CS2 Major Copenhagen 2024 Europe RMR Closed Qualifier A
169112,1705599300000,12591,KOI,10,12586,AMKAL,13,AMKAL,Vertigo,7619,PGL CS2 Major Copenhagen 2024 Europe RMR Closed Qualifier B
169109,1705599300000,6665,Astralis,13,12334,Preasy,6,Astralis,Nuke,7619,PGL CS2 Major Copenhagen 2024 Europe RMR Closed Qualifier B
169108,1705599300000,4494,MOUZ,16,7175,HEROIC,12,MOUZ,Ancient,7619,PGL CS2 Major Copenhagen 2024 Europe RMR Closed Qualifier B
169103,1705593600000,8135,FORZE,9,7175,HEROIC,13,HEROIC,Anubis,7619,PGL CS2 Major Copenhagen 2024 Europe RMR Closed Qualifier B
169093,1705590000000,12591,KOI,13,7020,Spirit,9,KOI,Ancient,7619,PGL CS2 Major Copenhagen 2024 Europe RMR Closed Qualifier B
169068,1705534200000,9996,9z,13,9215,MIBR,6,9z,Inferno,7612,IEM Chengdu 2024 South America Closed Qualifier
169060,1705534200000,9996,9z,10,9215,MIBR,13,MIBR,Ancient,7612,IEM Chengdu 2024 South America Closed Qualifier
169056,1705534200000,9215,MIBR,9,9996,9z,13,9z,Nuke,7612,IEM Chengdu 2024 South America Closed Qualifier
168829,1705240800000,4411,Ninjas in Pyjamas,10,6665,Astralis,13,Astralis,Mirage,7630,Copenhagen Gaming Week 2024
168826,1705240800000,6665,Astralis,19,4411,Ninjas in Pyjamas,15,Astralis,Overpass,7630,Copenhagen Gaming Week 2024
168734,1705122600000,12376,M80,13,5973,Liquid,3,M80,Overpass,7409,PGL CS2 Major Copenhagen 2024 NA RMR Closed Qualifier
168627,1704985200000,7865,HAVU,6,7175,HEROIC,13,HEROIC,Mirage,7394,PGL CS2 Major Copenhagen 2024 Europe RMR Open Qualifier 2
168333,1702848300000,9806,Apeks,4,5378,Virtus.pro,13,Virtus.pro,Inferno,6869,ESL Challenger Atlanta 2023
168332,1702848300000,5378,Virtus.pro,13,9806,Apeks,5,Virtus.pro,Ancient,6869,ESL Challenger Atlanta 2023
168327,1702831500000,11811,Monte,10,9806,Apeks,13,Apeks,Ancient,6869,ESL Challenger Atlanta 2023
168326,1702831500000,11811,Monte,13,9806,Apeks,11,Monte,Anubis,6869,ESL Challenger Atlanta 2023
168314,1702831500000,11811,Monte,16,9806,Apeks,19,Apeks,Mirage,6869,ESL Challenger Atlanta 2023
168308,1702821600000,5378,Virtus.pro,13,6248,The MongolZ,8,Virtus.pro,Inferno,6869,ESL Challenger Atlanta 2023
168303,1702821600000,6248,The MongolZ,11,5378,Virtus.pro,13,Virtus.pro,Overpass,6869,ESL Challenger Atlanta 2023
168305,1702821600000,9565,Vitality,13,6667,FaZe,7,Vitality,Nuke,6976,BLAST Premier World Final 2023
168299,1702821600000,9565,Vitality,13,6667,FaZe,5,Vitality,Inferno,6976,BLAST Premier World Final 2023
168230,1702748700000,6248,The MongolZ,13,5005,Complexity,8,The MongolZ,Overpass,6869,ESL Challenger Atlanta 2023
168222,1702748700000,6248,The MongolZ,13,5005,Complexity,3,The MongolZ,Inferno,6869,ESL Challenger Atlanta 2023
168216,1702737000000,9565,Vitality,13,4608,Natus Vincere,9,Vitality,Inferno,6976,BLAST Premier World Final 2023
168212,1702737000000,4608,Natus Vincere,5,9565,Vitality,13,Vitality,Anubis,6976,BLAST Premier World Final 2023
168208,1702726200000,4494,MOUZ,11,6667,FaZe,13,FaZe,Overpass,6976,BLAST Premier World Final 2023
168204,1702726200000,6667,FaZe,13,4494,MOUZ,11,FaZe,Mirage,6976,BLAST Premier World Final 2023
168194,1702687200000,5005,Complexity,13,9928,GamerLegion,2,Complexity,Overpass,6869,ESL Challenger Atlanta 2023
168191,1702687200000,9928,GamerLegion,13,5005,Complexity,11,GamerLegion,Nuke,6869,ESL Challenger Atlanta 2023
168182,1702687200000,5005,Complexity,13,9928,GamerLegion,3,Complexity,Vertigo,6869,ESL Challenger Atlanta 2023
168180,1702682100000,9806,Apeks,13,6248,The MongolZ,6,Apeks,Anubis,6869,ESL Challenger Atlanta 2023
168177,1702676400000,11811,Monte,6,5378,Virtus.pro,13,Virtus.pro,Mirage,6869,ESL Challenger Atlanta 2023
168170,1702670100000,5005,Complexity,14,6248,The MongolZ,16,The MongolZ,Ancient,6869,ESL Challenger Atlanta 2023
168159,1702664400000,9806,Apeks,13,9928,GamerLegion,11,Apeks,Mirage,6869,ESL Challenger Atlanta 2023
168147,1702638300000,5995,G2,6,4608,Natus Vincere,13,Natus Vincere,Nuke,6976,BLAST Premier World Final 2023
168145,1702638300000,4608,Natus Vincere,13,5995,G2,11,Natus Vincere,Inferno,6976,BLAST Premier World Final 2023
168141,1702638300000,4608,Natus Vincere,13,5995,G2,16,G2,Anubis,6976,BLAST Premier World Final 2023
168140,1702630800000,4494,MOUZ,13,5752,Cloud9,7,MOUZ,Ancient,6976,BLAST Premier World Final 2023
168139,1702630800000,4494,MOUZ,13,5752,Cloud9,1,MOUZ,Mirage,6976,BLAST Premier World Final 2023
168137,1702560300000,6667,FaZe,16,5995,G2,13,FaZe,Anubis,6976,BLAST Premier World Final 2023
168136,1702560300000,5995,G2,10,6667,FaZe,13,FaZe,Nuke,6976,BLAST Premier World Final 2023
168135,1702560300000,6667,FaZe,7,5995,G2,13,G2,Inferno,6976,BLAST Premier World Final 2023
168134,1702553400000,7175,HEROIC,5,4494,MOUZ,13,MOUZ,Mirage,6976,BLAST Premier World Final 2023
168133,1702553400000,4494,MOUZ,13,7175,HEROIC,7,MOUZ,Nuke,6976,BLAST Premier World Final 2023
168132,1702544700000,5752,Cloud9,8,9565,Vitality,13,Vitality,Inferno,6976,BLAST Premier World Final 2023
168131,1702544700000,5752,Cloud9,11,9565,Vitality,13,Vitality,Anubis,6976,BLAST Premier World Final 2023
168130,1702533600000,4608,Natus Vincere,13,4869,ENCE,11,Natus Vincere,Nuke,6976,BLAST Premier World Final 2023
168129,1702533600000,4608,Natus Vincere,11,4869,ENCE,13,ENCE,Ancient,6976,BLAST Premier World Final 2023
168128,1702533600000,4608,Natus Vincere,13,4869,ENCE,4,Natus Vincere,Anubis,6976,BLAST Premier World Final 2023
168121,1702490700000,10278,9INE,7,7532,BIG,13,BIG,Vertigo,7479,YaLLa Compass Fall 2023
168120,1702490700000,7532,BIG,13,10278,9INE,11,BIG,Overpass,7479,YaLLa Compass Fall 2023
168117,1702479900000,11861,Aurora,11,7532,BIG,13,BIG,Ancient,7479,YaLLa Compass Fall 2023
168115,1702479900000,11861,Aurora,7,7532,BIG,13,BIG,Anubis,7479,YaLLa Compass Fall 2023
168113,1702472700000,5995,G2,13,4494,MOUZ,11,G2,Vertigo,6976,BLAST Premier World Final 2023
168110,1702472700000,4494,MOUZ,10,5995,G2,13,G2,Ancient,6976,BLAST Premier World Final 2023
168111,1702468800000,10278,9INE,13,12394,BetBoom,6,9INE,Nuke,7479,YaLLa Compass Fall 2023
168109,1702468800000,10278,9INE,10,12394,BetBoom,13,BetBoom,Mirage,7479,YaLLa Compass Fall 2023
168107,1702468800000,12394,BetBoom,13,10278,9INE,16,9INE,Ancient,7479,YaLLa Compass Fall 2023
168105,1702463700000,7175,HEROIC,14,6667,FaZe,16,FaZe,Ancient,6976,BLAST Premier World Final 2023
168104,1702463700000,6667,FaZe,13,7175,HEROIC,3,FaZe,Overpass,6976,BLAST Premier World Final 2023
168103,1702455900000,4608,Natus Vincere,6,9565,Vitality,13,Vitality,Overpass,6976,BLAST Premier World Final 2023
168102,1702455900000,4608,Natus Vincere,8,9565,Vitality,13,Vitality,Anubis,6976,BLAST Premier World Final 2023
168100,1702447200000,4869,ENCE,13,5752,Cloud9,16,Cloud9,Overpass,6976,BLAST Premier World Final 2023
168099,1702447200000,5752,Cloud9,13,4869,ENCE,4,Cloud9,Ancient,6976,BLAST Premier World Final 2023
168082,1702371600000,8135,FORZE,13,10278,9INE,16,9INE,Ancient,7479,YaLLa Compass Fall 2023
168081,1702371600000,10278,9INE,13,8135,FORZE,8,9INE,Nuke,7479,YaLLa Compass Fall 2023
168058,1702296000000,10567,SAW,6,8135,FORZE,13,FORZE,Overpass,7479,YaLLa Compass Fall 2023
168056,1702296000000,8135,FORZE,13,10567,SAW,16,SAW,Ancient,7479,YaLLa Compass Fall 2023
168055,1702296000000,10567,SAW,9,8135,FORZE,13,FORZE,Nuke,7479,YaLLa Compass Fall 2023
168036,1702231200000,8135,FORZE,7,4914,3DMAX,13,3DMAX,Inferno,7288,ESL Challenger League Season 46 Europe
168033,1702231200000,4914,3DMAX,16,8135,FORZE,14,3DMAX,Nuke,7288,ESL Challenger League Season 46 Europe
168025,1702209600000,4863,TYLOO,11,6248,The MongolZ,13,The MongolZ,Inferno,7359,ESL Challenger League Season 46 Asia-Pacific
168019,1702209600000,4863,TYLOO,16,6248,The MongolZ,13,TYLOO,Anubis,7359,ESL Challenger League Season 46 Asia-Pacific
168014,1702209600000,4863,TYLOO,5,6248,The MongolZ,13,The MongolZ,Mirage,7359,ESL Challenger League Season 46 Asia-Pacific
168009,1702209600000,6248,The MongolZ,13,4863,TYLOO,11,The MongolZ,Nuke,7359,ESL Challenger League Season 46 Asia-Pacific
168026,1702205700000,7020,Spirit,16,5378,Virtus.pro,13,Spirit,Anubis,7499,BetBoom Dacha 2023
168018,1702205700000,7020,Spirit,13,5378,Virtus.pro,5,Spirit,Mirage,7499,BetBoom Dacha 2023
168013,1702205700000,7020,Spirit,13,5378,Virtus.pro,3,Spirit,Vertigo,7499,BetBoom Dacha 2023
168008,1702205700000,5378,Virtus.pro,13,7020,Spirit,9,Virtus.pro,Ancient,7499,BetBoom Dacha 2023
168003,1702205700000,7020,Spirit,8,5378,Virtus.pro,13,Virtus.pro,Overpass,7499,BetBoom Dacha 2023
167942,1702126200000,7020,Spirit,13,9215,MIBR,3,Spirit,Mirage,7499,BetBoom Dacha 2023
167937,1702126200000,7020,Spirit,13,9215,MIBR,8,Spirit,Anubis,7499,BetBoom Dacha 2023
167946,1702123200000,6248,The MongolZ,13,8840,Lynn Vision,5,The MongolZ,Nuke,7359,ESL Challenger League Season 46 Asia-Pacific
167938,1702123200000,8840,Lynn Vision,16,6248,The MongolZ,13,Lynn Vision,Anubis,7359,ESL Challenger League Season 46 Asia-Pacific
167934,1702123200000,8840,Lynn Vision,5,6248,The MongolZ,13,The MongolZ,Inferno,7359,ESL Challenger League Season 46 Asia-Pacific
167928,1702115700000,12394,BetBoom,6,5378,Virtus.pro,13,Virtus.pro,Mirage,7499,BetBoom Dacha 2023
167925,1702115700000,12394,BetBoom,5,5378,Virtus.pro,13,Virtus.pro,Overpass,7499,BetBoom Dacha 2023
167910,1702058400000,9806,Apeks,8,8135,FORZE,13,FORZE,Anubis,7288,ESL Challenger League Season 46 Europe
167903,1702058400000,8135,FORZE,13,9806,Apeks,9,FORZE,Ancient,7288,ESL Challenger League Season 46 Europe
167901,1702058400000,9806,Apeks,13,8135,FORZE,8,Apeks,Overpass,7288,ESL Challenger League Season 46 Europe
167897,1702041000000,7020,Spirit,13,8297,FURIA,8,Spirit,Mirage,7499,BetBoom Dacha 2023
167895,1702041000000,8297,FURIA,12,7020,Spirit,16,Spirit,Ancient,7499,BetBoom Dacha 2023
167886,1702029300000,5752,Cloud9,5,12394,BetBoom,13,BetBoom,Nuke,7499,BetBoom Dacha 2023
167883,1702029300000,12394,BetBoom,13,5752,Cloud9,10,BetBoom,Ancient,7499,BetBoom Dacha 2023
167855,1701975300000,11861,Aurora,8,7532,BIG,13,BIG,Ancient,7543,CCT 2023 Online Finals 5
167845,1701975300000,7532,BIG,13,11861,Aurora,9,BIG,Inferno,7543,CCT 2023 Online Finals 5
167842,1701969000000,8297,FURIA,13,6665,Astralis,5,FURIA,Nuke,7499,BetBoom Dacha 2023
167833,1701969000000,6665,Astralis,17,8297,FURIA,19,FURIA,Mirage,7499,BetBoom Dacha 2023
167828,1701954000000,5752,Cloud9,6,9215,MIBR,13,MIBR,Mirage,7499,BetBoom Dacha 2023
167822,1701954000000,9215,MIBR,16,5752,Cloud9,13,MIBR,Inferno,7499,BetBoom Dacha 2023
167819,1701954000000,9215,MIBR,3,5752,Cloud9,13,Cloud9,Anubis,7499,BetBoom Dacha 2023
167824,1701950400000,8840,Lynn Vision,8,4863,TYLOO,13,TYLOO,Nuke,7359,ESL Challenger League Season 46 Asia-Pacific
167820,1701950400000,8840,Lynn Vision,5,4863,TYLOO,13,TYLOO,Anubis,7359,ESL Challenger League Season 46 Asia-Pacific
167814,1701950400000,8840,Lynn Vision,13,4863,TYLOO,9,Lynn Vision,Inferno,7359,ESL Challenger League Season 46 Asia-Pacific
167809,1701939300000,7020,Spirit,10,5378,Virtus.pro,13,Virtus.pro,Overpass,7499,BetBoom Dacha 2023
167804,1701939300000,5378,Virtus.pro,16,7020,Spirit,13,Virtus.pro,Ancient,7499,BetBoom Dacha 2023
167770,1701885600000,4914,3DMAX,13,9806,Apeks,9,3DMAX,Anubis,7288,ESL Challenger League Season 46 Europe
167759,1701885600000,4914,3DMAX,13,9806,Apeks,6,3DMAX,Inferno,7288,ESL Challenger League Season 46 Europe
167768,1701885000000,9928,GamerLegion,7,12394,BetBoom,13,BetBoom,Nuke,7499,BetBoom Dacha 2023
167757,1701885000000,12394,BetBoom,13,9928,GamerLegion,9,BetBoom,Ancient,7499,BetBoom Dacha 2023
167754,1701880200000,7532,BIG,13,11861,Aurora,5,BIG,Nuke,7543,CCT 2023 Online Finals 5
167748,1701880200000,11861,Aurora,8,7532,BIG,13,BIG,Ancient,7543,CCT 2023 Online Finals 5
167739,1701871800000,7020,Spirit,13,8297,FURIA,8,Spirit,Mirage,7499,BetBoom Dacha 2023
167735,1701871800000,8297,FURIA,9,7020,Spirit,13,Spirit,Nuke,7499,BetBoom Dacha 2023
167721,1701858600000,10567,SAW,11,11883,9 Pandas,13,9 Pandas,Inferno,7543,CCT 2023 Online Finals 5
167710,1701858600000,11883,9 Pandas,13,10567,SAW,10,9 Pandas,Ancient,7543,CCT 2023 Online Finals 5
167708,1701858600000,11883,9 Pandas,2,10567,SAW,13,SAW,Anubis,7543,CCT 2023 Online Finals 5
167714,1701854700000,5378,Virtus.pro,13,6665,Astralis,7,Virtus.pro,Overpass,7499,BetBoom Dacha 2023
167709,1701854700000,6665,Astralis,13,5378,Virtus.pro,10,Astralis,Mirage,7499,BetBoom Dacha 2023
167707,1701854700000,6665,Astralis,9,5378,Virtus.pro,13,Virtus.pro,Inferno,7499,BetBoom Dacha 2023
167692,1701804600000,11883,9 Pandas,5,7532,BIG,13,BIG,Ancient,7543,CCT 2023 Online Finals 5
167681,1701804600000,7532,BIG,13,11883,9 Pandas,8,BIG,Overpass,7543,CCT 2023 Online Finals 5
167693,1701802800000,8135,FORZE,13,7718,Movistar Riders,11,FORZE,Inferno,7288,ESL Challenger League Season 46 Europe
167690,1701802800000,8135,FORZE,13,7718,Movistar Riders,5,FORZE,Overpass,7288,ESL Challenger League Season 46 Europe
167678,1701802800000,7718,Movistar Riders,13,8135,FORZE,9,Movistar Riders,Nuke,7288,ESL Challenger League Season 46 Europe
167660,1701793800000,11861,Aurora,13,5995,G2,2,Aurora,Nuke,7543,CCT 2023 Online Finals 5
167658,1701793800000,5995,G2,6,11861,Aurora,13,Aurora,Ancient,7543,CCT 2023 Online Finals 5
167655,1701786300000,9215,MIBR,13,12394,BetBoom,1,MIBR,Nuke,7499,BetBoom Dacha 2023
167653,1701786300000,12394,BetBoom,5,9215,MIBR,13,MIBR,Ancient,7499,BetBoom Dacha 2023
167635,1701773700000,9928,GamerLegion,3,5752,Cloud9,13,Cloud9,Mirage,7499,BetBoom Dacha 2023
167629,1701773700000,5752,Cloud9,13,9928,GamerLegion,5,Cloud9,Overpass,7499,BetBoom Dacha 2023
167587,1701615600000,9806,Apeks,9,8297,FURIA,13,FURIA,Mirage,7250,Elisa Masters Espoo 2023
167583,1701615600000,9806,Apeks,9,8297,FURIA,13,FURIA,Vertigo,7250,Elisa Masters Espoo 2023
167580,1701615600000,9806,Apeks,13,8297,FURIA,7,Apeks,Ancient,7250,Elisa Masters Espoo 2023
167577,1701615600000,8297,FURIA,13,9806,Apeks,9,FURIA,Inferno,7250,Elisa Masters Espoo 2023
167579,1701612300000,11861,Aurora,13,10567,SAW,1,Aurora,Nuke,7543,CCT 2023 Online Finals 5
167576,1701612300000,10567,SAW,7,11861,Aurora,13,Aurora,Anubis,7543,CCT 2023 Online Finals 5
167574,1701612300000,10567,SAW,13,11861,Aurora,10,SAW,Ancient,7543,CCT 2023 Online Finals 5
167514,1701536400000,8297,FURIA,13,7865,HAVU,1,FURIA,Nuke,7250,Elisa Masters Espoo 2023
167512,1701536400000,7865,HAVU,7,8297,FURIA,13,FURIA,Mirage,7250,Elisa Masters Espoo 2023
167502,1701525600000,9806,Apeks,13,4869,ENCE,11,Apeks,Anubis,7250,Elisa Masters Espoo 2023
167497,1701525600000,9806,Apeks,13,4869,ENCE,7,Apeks,Vertigo,7250,Elisa Masters Espoo 2023
167461,1701453000000,4494,MOUZ,7,8297,FURIA,13,FURIA,Ancient,7250,Elisa Masters Espoo 2023
167459,1701453000000,8297,FURIA,13,4494,MOUZ,11,FURIA,Mirage,7250,Elisa Masters Espoo 2023
167455,1701439200000,9928,GamerLegion,7,4869,ENCE,13,ENCE,Nuke,7250,Elisa Masters Espoo 2023
167453,1701439200000,4869,ENCE,4,9928,GamerLegion,13,GamerLegion,Overpass,7250,Elisa Masters Espoo 2023
167451,1701439200000,9928,GamerLegion,8,4869,ENCE,13,ENCE,Ancient,7250,Elisa Masters Espoo 2023
167430,1701366600000,5005,Complexity,10,4494,MOUZ,13,MOUZ,Ancient,7250,Elisa Masters Espoo 2023
167428,1701366600000,4494,MOUZ,13,5005,Complexity,11,MOUZ,Inferno,7250,Elisa Masters Espoo 2023
167427,1701366600000,4494,MOUZ,7,5005,Complexity,13,Complexity,Overpass,7250,Elisa Masters Espoo 2023
167422,1701356400000,9806,Apeks,13,8297,FURIA,3,Apeks,Vertigo,7250,Elisa Masters Espoo 2023
167421,1701356400000,8297,FURIA,7,9806,Apeks,13,Apeks,Inferno,7250,Elisa Masters Espoo 2023
167417,1701349200000,8297,FURIA,13,5005,Complexity,8,FURIA,Ancient,7250,Elisa Masters Espoo 2023
167416,1701345600000,11883,9 Pandas,11,10567,SAW,13,SAW,Nuke,7479,YaLLa Compass Fall 2023
167413,1701345600000,11883,9 Pandas,4,10567,SAW,13,SAW,Anubis,7479,YaLLa Compass Fall 2023
167408,1701342000000,9806,Apeks,19,4494,MOUZ,16,Apeks,Inferno,7250,Elisa Masters Espoo 2023
167394,1701270000000,9928,GamerLegion,10,7865,HAVU,13,HAVU,Nuke,7250,Elisa Masters Espoo 2023
167393,1701270000000,7865,HAVU,5,9928,GamerLegion,13,GamerLegion,Overpass,7250,Elisa Masters Espoo 2023
167391,1701270000000,9928,GamerLegion,10,7865,HAVU,13,HAVU,Ancient,7250,Elisa Masters Espoo 2023
167379,1701255600000,7865,HAVU,13,4869,ENCE,6,HAVU,Nuke,7250,Elisa Masters Espoo 2023
167324,1701018900000,11811,Monte,19,11251,Eternal Fire,16,Monte,Anubis,6868,ESL Challenger Jönköping 2023
167321,1701018900000,11811,Monte,13,11251,Eternal Fire,10,Monte,Vertigo,6868,ESL Challenger Jönköping 2023
167320,1701014400000,9565,Vitality,13,6667,FaZe,11,Vitality,Nuke,6975,BLAST Premier Fall Final 2023
167314,1701014400000,6667,FaZe,3,9565,Vitality,13,Vitality,Vertigo,6975,BLAST Premier Fall Final 2023
167310,1700999100000,9215,MIBR,19,11251,Eternal Fire,22,Eternal Fire,Mirage,6868,ESL Challenger Jönköping 2023
167306,1700999100000,9215,MIBR,13,11251,Eternal Fire,10,MIBR,Anubis,6868,ESL Challenger Jönköping 2023
167303,1700999100000,9215,MIBR,13,11251,Eternal Fire,16,Eternal Fire,Vertigo,6868,ESL Challenger Jönköping 2023
167298,1700985600000,5378,Virtus.pro,10,11811,Monte,13,Monte,Mirage,6868,ESL Challenger Jönköping 2023
167294,1700985600000,11811,Monte,6,5378,Virtus.pro,13,Virtus.pro,Anubis,6868,ESL Challenger Jönköping 2023
167292,1700985600000,11811,Monte,13,5378,Virtus.pro,8,Monte,Ancient,6868,ESL Challenger Jönköping 2023
167279,1700938500000,5005,Complexity,7,6667,FaZe,13,FaZe,Ancient,6975,BLAST Premier Fall Final 2023
167275,1700938500000,5005,Complexity,13,6667,FaZe,5,Complexity,Nuke,6975,BLAST Premier Fall Final 2023
167268,1700938500000,5005,Complexity,10,6667,FaZe,13,FaZe,Anubis,6975,BLAST Premier Fall Final 2023
167260,1700922600000,9565,Vitality,13,5752,Cloud9,11,Vitality,Inferno,6975,BLAST Premier Fall Final 2023
167252,1700922600000,5752,Cloud9,13,9565,Vitality,9,Cloud9,Nuke,6975,BLAST Premier Fall Final 2023
167241,1700922600000,9565,Vitality,16,5752,Cloud9,13,Vitality,Mirage,6975,BLAST Premier Fall Final 2023
167232,1700912100000,9928,GamerLegion,10,5378,Virtus.pro,13,Virtus.pro,Vertigo,6868,ESL Challenger Jönköping 2023
167230,1700912100000,9928,GamerLegion,7,5378,Virtus.pro,13,Virtus.pro,Ancient,6868,ESL Challenger Jönköping 2023
167229,1700902800000,11251,Eternal Fire,13,4863,TYLOO,4,Eternal Fire,Overpass,6868,ESL Challenger Jönköping 2023
167227,1700902800000,11251,Eternal Fire,13,4863,TYLOO,9,Eternal Fire,Vertigo,6868,ESL Challenger Jönköping 2023
167220,1700854200000,9928,GamerLegion,13,4914,3DMAX,11,GamerLegion,Vertigo,6868,ESL Challenger Jönköping 2023
167216,1700854200000,4914,3DMAX,9,9928,GamerLegion,13,GamerLegion,Overpass,6868,ESL Challenger Jönköping 2023
167213,1700854200000,9928,GamerLegion,4,4914,3DMAX,13,3DMAX,Ancient,6868,ESL Challenger Jönköping 2023
167214,1700845800000,5005,Complexity,13,4608,Natus Vincere,10,Complexity,Nuke,6975,BLAST Premier Fall Final 2023
167209,1700845800000,4608,Natus Vincere,6,5005,Complexity,13,Complexity,Overpass,6975,BLAST Premier Fall Final 2023
167203,1700845800000,5005,Complexity,10,4608,Natus Vincere,13,Natus Vincere,Anubis,6975,BLAST Premier Fall Final 2023
167198,1700844900000,5378,Virtus.pro,22,9215,MIBR,25,MIBR,Ancient,6868,ESL Challenger Jönköping 2023
167190,1700836200000,7175,HEROIC,5,5752,Cloud9,13,Cloud9,Inferno,6975,BLAST Premier Fall Final 2023
167186,1700836200000,5752,Cloud9,13,7175,HEROIC,11,Cloud9,Nuke,6975,BLAST Premier Fall Final 2023
167185,1700833500000,9215,MIBR,13,9928,GamerLegion,9,MIBR,Ancient,6868,ESL Challenger Jönköping 2023
167182,1700827500000,4914,3DMAX,9,5378,Virtus.pro,13,Virtus.pro,Ancient,6868,ESL Challenger Jönköping 2023
167176,1700816400000,11811,Monte,13,4863,TYLOO,5,Monte,Anubis,6868,ESL Challenger Jönköping 2023
167169,1700761800000,9565,Vitality,13,5005,Complexity,7,Vitality,Inferno,6975,BLAST Premier Fall Final 2023
167165,1700761800000,5005,Complexity,16,9565,Vitality,13,Complexity,Nuke,6975,BLAST Premier Fall Final 2023
167162,1700761800000,5005,Complexity,2,9565,Vitality,13,Vitality,Anubis,6975,BLAST Premier Fall Final 2023
167158,1700752500000,7175,HEROIC,16,6665,Astralis,13,HEROIC,Overpass,6975,BLAST Premier Fall Final 2023
167153,1700752500000,7175,HEROIC,13,6665,Astralis,8,HEROIC,Vertigo,6975,BLAST Premier Fall Final 2023
167148,1700739000000,6667,FaZe,19,5752,Cloud9,15,FaZe,Anubis,6975,BLAST Premier Fall Final 2023
167146,1700739000000,5752,Cloud9,2,6667,FaZe,13,FaZe,Ancient,6975,BLAST Premier Fall Final 2023
167144,1700739000000,6667,FaZe,11,5752,Cloud9,13,Cloud9,Overpass,6975,BLAST Premier Fall Final 2023
167141,1700730000000,4411,Ninjas in Pyjamas,6,4608,Natus Vincere,13,Natus Vincere,Mirage,6975,BLAST Premier Fall Final 2023
167138,1700730000000,4608,Natus Vincere,13,4411,Ninjas in Pyjamas,11,Natus Vincere,Overpass,6975,BLAST Premier Fall Final 2023
167115,1700671500000,6665,Astralis,12,5005,Complexity,16,Complexity,Overpass,6975,BLAST Premier Fall Final 2023
167113,1700671500000,5005,Complexity,13,6665,Astralis,9,Complexity,Ancient,6975,BLAST Premier Fall Final 2023
167111,1700663700000,7175,HEROIC,9,9565,Vitality,13,Vitality,Inferno,6975,BLAST Premier Fall Final 2023
167108,1700663700000,9565,Vitality,13,7175,HEROIC,6,Vitality,Nuke,6975,BLAST Premier Fall Final 2023
167106,1700651400000,5752,Cloud9,13,4608,Natus Vincere,9,Cloud9,Inferno,6975,BLAST Premier Fall Final 2023
167103,1700651400000,4608,Natus Vincere,13,5752,Cloud9,9,Natus Vincere,Ancient,6975,BLAST Premier Fall Final 2023
167100,1700651400000,5752,Cloud9,13,4608,Natus Vincere,11,Cloud9,Anubis,6975,BLAST Premier Fall Final 2023
167098,1700643600000,4411,Ninjas in Pyjamas,9,6667,FaZe,13,FaZe,Nuke,6975,BLAST Premier Fall Final 2023
167096,1700643600000,6667,FaZe,13,4411,Ninjas in Pyjamas,6,FaZe,Vertigo,6975,BLAST Premier Fall Final 2023
167079,1700578500000,10278,9INE,5,7020,Spirit,13,Spirit,Anubis,7500,BetBoom Dacha 2023 Closed Qualifier
167075,1700578500000,7020,Spirit,13,10278,9INE,7,Spirit,Mirage,7500,BetBoom Dacha 2023 Closed Qualifier
167070,1700578500000,10278,9INE,19,7020,Spirit,16,9INE,Nuke,7500,BetBoom Dacha 2023 Closed Qualifier
167045,1700502900000,11861,Aurora,6,9215,MIBR,13,MIBR,Anubis,7500,BetBoom Dacha 2023 Closed Qualifier
167042,1700502900000,9215,MIBR,13,11861,Aurora,8,MIBR,Inferno,7500,BetBoom Dacha 2023 Closed Qualifier
167044,1700496000000,11883,9 Pandas,13,11251,Eternal Fire,11,9 Pandas,Mirage,7527,PARI Please 2023
167040,1700496000000,11251,Eternal Fire,7,11883,9 Pandas,13,9 Pandas,Overpass,7527,PARI Please 2023
167035,1700496000000,11251,Eternal Fire,9,11883,9 Pandas,13,9 Pandas,Anubis,7527,PARI Please 2023
167036,1700493300000,10278,9INE,13,9806,Apeks,10,9INE,Anubis,7500,BetBoom Dacha 2023 Closed Qualifier
167032,1700493300000,10278,9INE,13,9806,Apeks,5,9INE,Mirage,7500,BetBoom Dacha 2023 Closed Qualifier
167029,1700481300000,7532,BIG,13,9215,MIBR,16,MIBR,Ancient,7500,BetBoom Dacha 2023 Closed Qualifier
167026,1700481300000,9215,MIBR,13,7532,BIG,10,MIBR,Anubis,7500,BetBoom Dacha 2023 Closed Qualifier
167022,1700481300000,7532,BIG,13,9215,MIBR,5,BIG,Vertigo,7500,BetBoom Dacha 2023 Closed Qualifier
167002,1700414100000,11251,Eternal Fire,13,9215,MIBR,2,Eternal Fire,Mirage,7527,PARI Please 2023
166996,1700414100000,11251,Eternal Fire,13,9215,MIBR,9,Eternal Fire,Vertigo,7527,PARI Please 2023
166986,1700402400000,11883,9 Pandas,13,8297,FURIA,4,9 Pandas,Nuke,7527,PARI Please 2023
166978,1700402400000,8297,FURIA,13,11883,9 Pandas,10,FURIA,Ancient,7527,PARI Please 2023
166972,1700402400000,8297,FURIA,5,11883,9 Pandas,13,9 Pandas,Overpass,7527,PARI Please 2023
166981,1700400600000,10278,9INE,16,8135,FORZE,14,9INE,Anubis,7500,BetBoom Dacha 2023 Closed Qualifier
166969,1700400600000,10278,9INE,19,8135,FORZE,16,9INE,Nuke,7500,BetBoom Dacha 2023 Closed Qualifier
166943,1700340000000,8297,FURIA,13,9215,MIBR,8,FURIA,Train,1040,Showmatch CS
166944,1700334000000,8135,FORZE,10,9806,Apeks,13,Apeks,Inferno,7465,ESL Challenger Atlanta 2023 Europe Closed Qualifier
166938,1700334000000,9806,Apeks,16,8135,FORZE,13,Apeks,Mirage,7465,ESL Challenger Atlanta 2023 Europe Closed Qualifier
166933,1700328900000,12394,BetBoom,9,9215,MIBR,13,MIBR,Mirage,7527,PARI Please 2023
166924,1700328900000,12394,BetBoom,7,9215,MIBR,13,MIBR,Anubis,7527,PARI Please 2023
166918,1700316000000,8297,FURIA,13,11861,Aurora,11,FURIA,Nuke,7527,PARI Please 2023
166911,1700316000000,8297,FURIA,16,11861,Aurora,12,FURIA,Ancient,7527,PARI Please 2023
166903,1700316000000,11861,Aurora,13,8297,FURIA,9,Aurora,Inferno,7527,PARI Please 2023
166862,1700247600000,7718,Movistar Riders,11,9806,Apeks,13,Apeks,Ancient,7465,ESL Challenger Atlanta 2023 Europe Closed Qualifier
166856,1700247600000,9806,Apeks,14,7718,Movistar Riders,16,Movistar Riders,Vertigo,7465,ESL Challenger Atlanta 2023 Europe Closed Qualifier
166849,1700247600000,7718,Movistar Riders,10,9806,Apeks,13,Apeks,Inferno,7465,ESL Challenger Atlanta 2023 Europe Closed Qualifier
166840,1700236800000,11251,Eternal Fire,13,8297,FURIA,7,Eternal Fire,Vertigo,7527,PARI Please 2023
166833,1700236800000,11251,Eternal Fire,13,8297,FURIA,4,Eternal Fire,Overpass,7527,PARI Please 2023
166834,1700232900000,7020,Spirit,13,9215,MIBR,8,Spirit,Vertigo,7500,BetBoom Dacha 2023 Closed Qualifier
166829,1700232900000,9215,MIBR,11,7020,Spirit,13,Spirit,Ancient,7500,BetBoom Dacha 2023 Closed Qualifier
166839,1700231400000,11861,Aurora,10,7718,Movistar Riders,13,Movistar Riders,Anubis,7465,ESL Challenger Atlanta 2023 Europe Closed Qualifier
166832,1700231400000,7718,Movistar Riders,13,11861,Aurora,11,Movistar Riders,Overpass,7465,ESL Challenger Atlanta 2023 Europe Closed Qualifier
166825,1700231400000,11861,Aurora,13,7718,Movistar Riders,10,Aurora,Nuke,7465,ESL Challenger Atlanta 2023 Europe Closed Qualifier
166817,1700219400000,7718,Movistar Riders,7,12394,BetBoom,13,BetBoom,Nuke,7527,PARI Please 2023
166812,1700219400000,12394,BetBoom,13,7718,Movistar Riders,3,BetBoom,Anubis,7527,PARI Please 2023
166809,1700219400000,12394,BetBoom,9,7718,Movistar Riders,13,Movistar Riders,Ancient,7527,PARI Please 2023
166808,1700216100000,11883,9 Pandas,13,9215,MIBR,7,9 Pandas,Anubis,7527,PARI Please 2023
166803,1700216100000,11883,9 Pandas,13,9215,MIBR,5,9 Pandas,Ancient,7527,PARI Please 2023
166785,1700161800000,11861,Aurora,10,8297,FURIA,13,FURIA,Overpass,7527,PARI Please 2023
166779,1700161800000,8297,FURIA,13,11861,Aurora,11,FURIA,Ancient,7527,PARI Please 2023
166770,1700161800000,11861,Aurora,13,8297,FURIA,11,Aurora,Mirage,7527,PARI Please 2023
166747,1700144100000,11883,9 Pandas,13,12394,BetBoom,10,9 Pandas,Mirage,7527,PARI Please 2023
166738,1700144100000,12394,BetBoom,11,11883,9 Pandas,13,9 Pandas,Anubis,7527,PARI Please 2023
166735,1700135700000,10278,9INE,10,7020,Spirit,13,Spirit,Nuke,7500,BetBoom Dacha 2023 Closed Qualifier
166728,1700135700000,7020,Spirit,13,10278,9INE,10,Spirit,Mirage,7500,BetBoom Dacha 2023 Closed Qualifier
166732,1700130600000,7718,Movistar Riders,8,9215,MIBR,13,MIBR,Vertigo,7527,PARI Please 2023
166725,1700130600000,7718,Movistar Riders,13,9215,MIBR,11,Movistar Riders,Nuke,7527,PARI Please 2023
166717,1700130600000,9215,MIBR,13,7718,Movistar Riders,10,MIBR,Ancient,7527,PARI Please 2023
166596,1699962900000,7532,BIG,13,11251,Eternal Fire,9,BIG,Vertigo,7500,BetBoom Dacha 2023 Closed Qualifier
166592,1699962900000,11251,Eternal Fire,14,7532,BIG,16,BIG,Anubis,7500,BetBoom Dacha 2023 Closed Qualifier
166560,1699887300000,9806,Apeks,1,11861,Aurora,13,Aurora,Overpass,7500,BetBoom Dacha 2023 Closed Qualifier
166556,1699887300000,11861,Aurora,13,9806,Apeks,9,Aurora,Inferno,7500,BetBoom Dacha 2023 Closed Qualifier
166515,1699812000000,7718,Movistar Riders,13,10567,SAW,7,Movistar Riders,Anubis,7288,ESL Challenger League Season 46 Europe
166508,1699812000000,7718,Movistar Riders,13,10567,SAW,8,Movistar Riders,Vertigo,7288,ESL Challenger League Season 46 Europe
166507,1699812000000,10567,SAW,13,7718,Movistar Riders,9,SAW,Overpass,7288,ESL Challenger League Season 46 Europe
166488,1699800900000,7532,BIG,8,9806,Apeks,13,Apeks,Overpass,7500,BetBoom Dacha 2023 Closed Qualifier
166481,1699800900000,9806,Apeks,12,7532,BIG,16,BIG,Vertigo,7500,BetBoom Dacha 2023 Closed Qualifier
166472,1699800900000,7532,BIG,5,9806,Apeks,13,Apeks,Inferno,7500,BetBoom Dacha 2023 Closed Qualifier
166465,1699795200000,4494,MOUZ,18,6667,FaZe,22,FaZe,Nuke,7365,CS Asia Championships 2023
166457,1699795200000,6667,FaZe,13,4494,MOUZ,7,FaZe,Mirage,7365,CS Asia Championships 2023
166449,1699777500000,6667,FaZe,13,4869,ENCE,11,FaZe,Anubis,7365,CS Asia Championships 2023
166442,1699777500000,6667,FaZe,16,4869,ENCE,14,FaZe,Ancient,7365,CS Asia Championships 2023
166441,1699777500000,4869,ENCE,13,6667,FaZe,8,ENCE,Nuke,7365,CS Asia Championships 2023
166436,1699762500000,6665,Astralis,7,4494,MOUZ,13,MOUZ,Vertigo,7365,CS Asia Championships 2023
166433,1699762500000,6665,Astralis,13,4494,MOUZ,3,Astralis,Mirage,7365,CS Asia Championships 2023
166428,1699762500000,4494,MOUZ,13,6665,Astralis,10,MOUZ,Overpass,7365,CS Asia Championships 2023
166379,1699715400000,11861,Aurora,16,11251,Eternal Fire,13,Aurora,Anubis,7500,BetBoom Dacha 2023 Closed Qualifier
166370,1699715400000,11251,Eternal Fire,7,11861,Aurora,13,Aurora,Ancient,7500,BetBoom Dacha 2023 Closed Qualifier
166354,1699686000000,4411,Ninjas in Pyjamas,6,4869,ENCE,13,ENCE,Ancient,7365,CS Asia Championships 2023
166353,1699686000000,4869,ENCE,8,4411,Ninjas in Pyjamas,13,Ninjas in Pyjamas,Overpass,7365,CS Asia Championships 2023
166350,1699686000000,4411,Ninjas in Pyjamas,8,4869,ENCE,13,ENCE,Nuke,7365,CS Asia Championships 2023
166344,1699675200000,8840,Lynn Vision,7,4494,MOUZ,13,MOUZ,Inferno,7365,CS Asia Championships 2023
166341,1699675200000,4494,MOUZ,13,8840,Lynn Vision,3,MOUZ,Overpass,7365,CS Asia Championships 2023
166272,1699521600000,6667,FaZe,13,4494,MOUZ,8,FaZe,Overpass,7365,CS Asia Championships 2023
166271,1699521600000,4494,MOUZ,8,6667,FaZe,13,FaZe,Nuke,7365,CS Asia Championships 2023
166269,1699521600000,6667,FaZe,11,4494,MOUZ,13,MOUZ,Mirage,7365,CS Asia Championships 2023
166262,1699509300000,4411,Ninjas in Pyjamas,25,6667,FaZe,28,FaZe,Ancient,7365,CS Asia Championships 2023
166248,1699466400000,10278,9INE,9,12260,Looking4Org,13,Looking4Org,Anubis,7288,ESL Challenger League Season 46 Europe
166235,1699466400000,12260,Looking4Org,13,10278,9INE,11,Looking4Org,Nuke,7288,ESL Challenger League Season 46 Europe
166224,1699466400000,10278,9INE,13,12260,Looking4Org,8,9INE,Ancient,7288,ESL Challenger League Season 46 Europe
166230,1699466400000,7020,Spirit,13,9806,Apeks,9,Spirit,Mirage,7288,ESL Challenger League Season 46 Europe
166220,1699466400000,9806,Apeks,7,7020,Spirit,13,Spirit,Ancient,7288,ESL Challenger League Season 46 Europe
166204,1699446600000,11861,Aurora,13,11883,9 Pandas,16,9 Pandas,Overpass,7357,CCT Central Europe Series 8
166200,1699446600000,11883,9 Pandas,13,11861,Aurora,6,9 Pandas,Nuke,7357,CCT Central Europe Series 8
166209,1699445700000,8840,Lynn Vision,13,4863,TYLOO,11,Lynn Vision,Nuke,7365,CS Asia Championships 2023
166205,1699445700000,8840,Lynn Vision,13,4863,TYLOO,11,Lynn Vision,Anubis,7365,CS Asia Championships 2023
166199,1699445700000,8840,Lynn Vision,10,4863,TYLOO,13,TYLOO,Overpass,7365,CS Asia Championships 2023
166194,1699432500000,4869,ENCE,2,6665,Astralis,13,Astralis,Ancient,7365,CS Asia Championships 2023
166190,1699432500000,6665,Astralis,10,4869,ENCE,13,ENCE,Vertigo,7365,CS Asia Championships 2023
166187,1699432500000,4869,ENCE,2,6665,Astralis,13,Astralis,Overpass,7365,CS Asia Championships 2023
166186,1699425300000,6665,Astralis,13,8840,Lynn Vision,4,Astralis,Ancient,7365,CS Asia Championships 2023
166185,1699416900000,4869,ENCE,13,4863,TYLOO,7,ENCE,Nuke,7365,CS Asia Championships 2023
166167,1699380000000,11811,Monte,11,12260,Looking4Org,13,Looking4Org,Ancient,7288,ESL Challenger League Season 46 Europe
166155,1699380000000,11811,Monte,4,12260,Looking4Org,13,Looking4Org,Anubis,7288,ESL Challenger League Season 46 Europe
166141,1699380000000,11811,Monte,13,12260,Looking4Org,10,Monte,Nuke,7288,ESL Challenger League Season 46 Europe
166068,1699209000000,6667,FaZe,19,5378,Virtus.pro,17,FaZe,Vertigo,7289,Thunderpick World Championship 2023
166061,1699209000000,5378,Virtus.pro,10,6667,FaZe,13,FaZe,Ancient,7289,Thunderpick World Championship 2023
166006,1699122600000,5378,Virtus.pro,19,11811,Monte,16,Virtus.pro,Mirage,7289,Thunderpick World Championship 2023
166003,1699122600000,11811,Monte,8,5378,Virtus.pro,13,Virtus.pro,Anubis,7289,Thunderpick World Championship 2023
165998,1699122600000,11811,Monte,13,5378,Virtus.pro,6,Monte,Overpass,7289,Thunderpick World Championship 2023
165991,1699110000000,6667,FaZe,13,5752,Cloud9,8,FaZe,Ancient,7289,Thunderpick World Championship 2023
165984,1699110000000,5752,Cloud9,8,6667,FaZe,13,FaZe,Anubis,7289,Thunderpick World Championship 2023
165978,1699110000000,5752,Cloud9,13,6667,FaZe,7,Cloud9,Overpass,7289,Thunderpick World Championship 2023
165965,1699099200000,7175,HEROIC,10,5378,Virtus.pro,13,Virtus.pro,Overpass,7289,Thunderpick World Championship 2023
165916,1699012800000,7175,HEROIC,11,5378,Virtus.pro,13,Virtus.pro,Vertigo,7289,Thunderpick World Championship 2023
165972,1699095600000,4863,TYLOO,13,8840,Lynn Vision,16,Lynn Vision,Nuke,7483,IEM Chengdu 2024 China Closed Qualifier
165967,1699095600000,8840,Lynn Vision,8,4863,TYLOO,13,TYLOO,Overpass,7483,IEM Chengdu 2024 China Closed Qualifier
165966,1699095600000,8840,Lynn Vision,13,4863,TYLOO,8,Lynn Vision,Anubis,7483,IEM Chengdu 2024 China Closed Qualifier
165943,1699034400000,4494,MOUZ,4,6667,FaZe,13,FaZe,Ancient,7289,Thunderpick World Championship 2023
165939,1699034400000,4494,MOUZ,8,6667,FaZe,13,FaZe,Nuke,7289,Thunderpick World Championship 2023
165936,1699034400000,6667,FaZe,5,4494,MOUZ,13,MOUZ,Vertigo,7289,Thunderpick World Championship 2023
165930,1699024200000,5752,Cloud9,13,7532,BIG,9,Cloud9,Nuke,7289,Thunderpick World Championship 2023
165926,1699024200000,7532,BIG,6,5752,Cloud9,13,Cloud9,Inferno,7289,Thunderpick World Championship 2023
165908,1699002000000,7020,Spirit,12,11811,Monte,16,Monte,Vertigo,7289,Thunderpick World Championship 2023
165902,1699002000000,11811,Monte,13,7020,Spirit,8,Monte,Nuke,7289,Thunderpick World Championship 2023
165874,1698944400000,5378,Virtus.pro,13,11811,Monte,4,Virtus.pro,Mirage,7225,Roobet Cup 2023
165866,1698944400000,11811,Monte,13,5378,Virtus.pro,10,Monte,Anubis,7225,Roobet Cup 2023
165862,1698944400000,11811,Monte,10,5378,Virtus.pro,13,Virtus.pro,Overpass,7225,Roobet Cup 2023
165803,1698861600000,7020,Spirit,13,10567,SAW,10,Spirit,Anubis,7288,ESL Challenger League Season 46 Europe
165797,1698861600000,7020,Spirit,13,10567,SAW,7,Spirit,Vertigo,7288,ESL Challenger League Season 46 Europe
165802,1698861600000,10278,9INE,13,10621,1win,10,9INE,Vertigo,7288,ESL Challenger League Season 46 Europe
165793,1698861600000,10278,9INE,13,10621,1win,4,9INE,Nuke,7288,ESL Challenger League Season 46 Europe
165808,1698858900000,8297,FURIA,7,5378,Virtus.pro,13,Virtus.pro,Ancient,7225,Roobet Cup 2023
165804,1698858900000,8297,FURIA,10,5378,Virtus.pro,13,Virtus.pro,Inferno,7225,Roobet Cup 2023
165791,1698858900000,5378,Virtus.pro,13,8297,FURIA,16,FURIA,Mirage,7225,Roobet Cup 2023
165783,1698847200000,11811,Monte,13,11861,Aurora,10,Monte,Ancient,7225,Roobet Cup 2023
165778,1698847200000,11811,Monte,13,11861,Aurora,8,Monte,Nuke,7225,Roobet Cup 2023
165774,1698847200000,11861,Aurora,13,11811,Monte,10,Aurora,Anubis,7225,Roobet Cup 2023
165741,1698775800000,8297,FURIA,5,7532,BIG,13,BIG,Vertigo,7289,Thunderpick World Championship 2023
165723,1698775800000,7532,BIG,14,8297,FURIA,16,FURIA,Overpass,7289,Thunderpick World Championship 2023
165712,1698775800000,8297,FURIA,8,7532,BIG,13,BIG,Ancient,7289,Thunderpick World Championship 2023
165729,1698775200000,11861,Aurora,22,9806,Apeks,20,Aurora,Mirage,7288,ESL Challenger League Season 46 Europe
165709,1698775200000,9806,Apeks,9,11861,Aurora,13,Aurora,Overpass,7288,ESL Challenger League Season 46 Europe
165699,1698765900000,5005,Complexity,2,4494,MOUZ,13,MOUZ,Inferno,7289,Thunderpick World Championship 2023
165697,1698765900000,4494,MOUZ,9,5005,Complexity,13,Complexity,Overpass,7289,Thunderpick World Championship 2023
165688,1698765900000,5005,Complexity,3,4494,MOUZ,13,MOUZ,Nuke,7289,Thunderpick World Championship 2023
165690,1698760800000,9806,Apeks,11,8297,FURIA,13,FURIA,Overpass,7225,Roobet Cup 2023
165683,1698760800000,8297,FURIA,13,9806,Apeks,11,FURIA,Ancient,7225,Roobet Cup 2023
165684,1698753600000,7532,BIG,9,7175,HEROIC,13,HEROIC,Vertigo,7289,Thunderpick World Championship 2023
165678,1698753600000,7532,BIG,7,7175,HEROIC,13,HEROIC,Nuke,7289,Thunderpick World Championship 2023
165674,1698753600000,7175,HEROIC,9,7532,BIG,13,BIG,Ancient,7289,Thunderpick World Championship 2023
165635,1698690600000,7020,Spirit,13,4494,MOUZ,6,Spirit,Mirage,7289,Thunderpick World Championship 2023
165628,1698690600000,4494,MOUZ,14,7020,Spirit,16,Spirit,Ancient,7289,Thunderpick World Championship 2023
165611,1698678000000,7532,BIG,13,8297,FURIA,6,BIG,Ancient,7289,Thunderpick World Championship 2023
165604,1698678000000,7532,BIG,13,8297,FURIA,1,BIG,Nuke,7289,Thunderpick World Championship 2023
165605,1698674400000,11811,Monte,13,7718,Movistar Riders,1,Monte,Overpass,7225,Roobet Cup 2023
165602,1698674400000,11811,Monte,13,7718,Movistar Riders,10,Monte,Anubis,7225,Roobet Cup 2023
165594,1698663600000,7532,BIG,10,11861,Aurora,13,Aurora,Nuke,7225,Roobet Cup 2023
165584,1698663600000,11861,Aurora,16,7532,BIG,14,Aurora,Ancient,7225,Roobet Cup 2023
165539,1698602400000,11811,Monte,13,10567,SAW,9,Monte,Anubis,7289,Thunderpick World Championship 2023
165532,1698602400000,11811,Monte,13,10567,SAW,10,Monte,Vertigo,7289,Thunderpick World Championship 2023
165533,1698600300000,9806,Apeks,13,10278,9INE,8,Apeks,Vertigo,7225,Roobet Cup 2023
165523,1698600300000,10278,9INE,7,9806,Apeks,13,Apeks,Mirage,7225,Roobet Cup 2023
165513,1698588000000,7175,HEROIC,11,11861,Aurora,13,Aurora,Overpass,7225,Roobet Cup 2023
165507,1698588000000,11861,Aurora,7,7175,HEROIC,13,HEROIC,Nuke,7225,Roobet Cup 2023
165499,1698588000000,7175,HEROIC,14,11861,Aurora,16,Aurora,Ancient,7225,Roobet Cup 2023
165510,1698588000000,7718,Movistar Riders,13,9996,9z,6,Movistar Riders,Overpass,7225,Roobet Cup 2023
165504,1698588000000,7718,Movistar Riders,5,9996,9z,13,9z,Nuke,7225,Roobet Cup 2023
165495,1698588000000,9996,9z,11,7718,Movistar Riders,13,Movistar Riders,Ancient,7225,Roobet Cup 2023
165494,1698584400000,5005,Complexity,10,7020,Spirit,13,Spirit,Nuke,7289,Thunderpick World Championship 2023
165483,1698584400000,5005,Complexity,3,7020,Spirit,13,Spirit,Anubis,7289,Thunderpick World Championship 2023
165478,1698570000000,4991,fnatic,10,5378,Virtus.pro,13,Virtus.pro,Ancient,7289,Thunderpick World Championship 2023
165456,1698570000000,5378,Virtus.pro,20,4991,fnatic,22,fnatic,Inferno,7289,Thunderpick World Championship 2023
165449,1698570000000,4991,fnatic,2,5378,Virtus.pro,13,Virtus.pro,Overpass,7289,Thunderpick World Championship 2023
165404,1698512400000,11811,Monte,8,6667,FaZe,13,FaZe,Nuke,7289,Thunderpick World Championship 2023
165395,1698512400000,6667,FaZe,13,11811,Monte,9,FaZe,Mirage,7289,Thunderpick World Championship 2023
165413,1698510900000,6665,Astralis,10,9806,Apeks,13,Apeks,Ancient,7225,Roobet Cup 2023
165408,1698510900000,9806,Apeks,8,6665,Astralis,13,Astralis,Overpass,7225,Roobet Cup 2023
165398,1698510900000,6665,Astralis,19,9806,Apeks,22,Apeks,Mirage,7225,Roobet Cup 2023
165389,1698498000000,7532,BIG,13,10278,9INE,0,BIG,Ancient,7225,Roobet Cup 2023
165377,1698498000000,10278,9INE,22,7532,BIG,20,9INE,Anubis,7225,Roobet Cup 2023
165372,1698498000000,10278,9INE,11,7532,BIG,13,BIG,Vertigo,7225,Roobet Cup 2023
165378,1698498000000,4411,Ninjas in Pyjamas,14,11811,Monte,16,Monte,Mirage,7225,Roobet Cup 2023
165373,1698498000000,11811,Monte,13,4411,Ninjas in Pyjamas,11,Monte,Overpass,7225,Roobet Cup 2023
165370,1698490800000,5752,Cloud9,13,5378,Virtus.pro,8,Cloud9,Anubis,7289,Thunderpick World Championship 2023
165362,1698490800000,5378,Virtus.pro,6,5752,Cloud9,13,Cloud9,Ancient,7289,Thunderpick World Championship 2023
165357,1698490800000,5752,Cloud9,5,5378,Virtus.pro,13,Virtus.pro,Vertigo,7289,Thunderpick World Championship 2023
165343,1698480000000,4411,Ninjas in Pyjamas,14,4991,fnatic,16,fnatic,Inferno,7289,Thunderpick World Championship 2023
165334,1698480000000,4991,fnatic,13,4411,Ninjas in Pyjamas,6,fnatic,Ancient,7289,Thunderpick World Championship 2023
165303,1698426900000,12260,Looking4Org,10,10621,1win,13,1win,Inferno,7451,CCT East Europe Series 3
165292,1698426900000,12260,Looking4Org,4,10621,1win,13,1win,Overpass,7451,CCT East Europe Series 3
165306,1698423900000,11861,Aurora,13,11251,Eternal Fire,6,Aurora,Overpass,7225,Roobet Cup 2023
165297,1698423900000,11861,Aurora,13,11251,Eternal Fire,10,Aurora,Anubis,7225,Roobet Cup 2023
165287,1698423900000,11251,Eternal Fire,13,11861,Aurora,9,Eternal Fire,Ancient,7225,Roobet Cup 2023
165296,1698422400000,9996,9z,13,7020,Spirit,4,9z,Anubis,7225,Roobet Cup 2023
165288,1698422400000,7020,Spirit,13,9996,9z,3,Spirit,Nuke,7225,Roobet Cup 2023
165284,1698422400000,9996,9z,13,7020,Spirit,4,9z,Mirage,7225,Roobet Cup 2023
165289,1698417000000,4411,Ninjas in Pyjamas,10,5378,Virtus.pro,13,Virtus.pro,Inferno,7289,Thunderpick World Championship 2023
165282,1698417000000,5378,Virtus.pro,13,4411,Ninjas in Pyjamas,3,Virtus.pro,Ancient,7289,Thunderpick World Championship 2023
165275,1698417000000,4411,Ninjas in Pyjamas,13,5378,Virtus.pro,8,Ninjas in Pyjamas,Overpass,7289,Thunderpick World Championship 2023
165279,1698411600000,7175,HEROIC,7,8297,FURIA,13,FURIA,Mirage,7225,Roobet Cup 2023
165273,1698411600000,7175,HEROIC,10,8297,FURIA,13,FURIA,Ancient,7225,Roobet Cup 2023
165270,1698411600000,8297,FURIA,11,7175,HEROIC,13,HEROIC,Nuke,7225,Roobet Cup 2023
165269,1698408000000,7718,Movistar Riders,6,5378,Virtus.pro,13,Virtus.pro,Overpass,7225,Roobet Cup 2023
165266,1698408000000,5378,Virtus.pro,13,7718,Movistar Riders,7,Virtus.pro,Ancient,7225,Roobet Cup 2023
165255,1698393600000,4991,fnatic,10,5752,Cloud9,13,Cloud9,Inferno,7289,Thunderpick World Championship 2023
165252,1698393600000,5752,Cloud9,11,4991,fnatic,13,fnatic,Overpass,7289,Thunderpick World Championship 2023
165248,1698393600000,4991,fnatic,8,5752,Cloud9,13,Cloud9,Ancient,7289,Thunderpick World Championship 2023
165225,1698336000000,4411,Ninjas in Pyjamas,13,4991,fnatic,2,Ninjas in Pyjamas,Overpass,7225,Roobet Cup 2023
165219,1698336000000,4991,fnatic,10,4411,Ninjas in Pyjamas,13,Ninjas in Pyjamas,Ancient,7225,Roobet Cup 2023
165216,1698336000000,4411,Ninjas in Pyjamas,9,4991,fnatic,13,fnatic,Inferno,7225,Roobet Cup 2023
165220,1698336000000,9806,Apeks,13,7532,BIG,16,BIG,Anubis,7225,Roobet Cup 2023
165215,1698336000000,9806,Apeks,7,7532,BIG,13,BIG,Vertigo,7225,Roobet Cup 2023
165207,1698325200000,6665,Astralis,11,10278,9INE,13,9INE,Mirage,7225,Roobet Cup 2023
165200,1698325200000,10278,9INE,13,6665,Astralis,9,9INE,Ancient,7225,Roobet Cup 2023
165135,1698253200000,7020,Spirit,9,5378,Virtus.pro,13,Virtus.pro,Mirage,7225,Roobet Cup 2023
165115,1698253200000,7020,Spirit,4,5378,Virtus.pro,13,Virtus.pro,Overpass,7225,Roobet Cup 2023
165100,1698253200000,5378,Virtus.pro,7,7020,Spirit,13,Spirit,Ancient,7225,Roobet Cup 2023
165119,1698253200000,7718,Movistar Riders,16,10278,9INE,14,Movistar Riders,Vertigo,7288,ESL Challenger League Season 46 Europe
165097,1698253200000,10278,9INE,4,7718,Movistar Riders,13,Movistar Riders,Ancient,7288,ESL Challenger League Season 46 Europe
165138,1698252000000,11251,Eternal Fire,11,8297,FURIA,13,FURIA,Mirage,7225,Roobet Cup 2023
165114,1698252000000,11251,Eternal Fire,4,8297,FURIA,13,FURIA,Vertigo,7225,Roobet Cup 2023
165096,1698252000000,11251,Eternal Fire,16,8297,FURIA,13,Eternal Fire,Ancient,7225,Roobet Cup 2023
165079,1698242400000,7532,BIG,13,7020,Spirit,6,BIG,Overpass,7383,CCT North Europe Series 8
165072,1698242400000,7020,Spirit,10,7532,BIG,13,BIG,Vertigo,7383,CCT North Europe Series 8
165083,1698238800000,7175,HEROIC,13,11861,Aurora,8,HEROIC,Mirage,7225,Roobet Cup 2023
165074,1698238800000,7175,HEROIC,13,11861,Aurora,9,HEROIC,Nuke,7225,Roobet Cup 2023
165068,1698238800000,11861,Aurora,16,7175,HEROIC,14,Aurora,Overpass,7225,Roobet Cup 2023
165076,1698238800000,7718,Movistar Riders,13,9996,9z,11,Movistar Riders,Inferno,7225,Roobet Cup 2023
165071,1698238800000,9996,9z,9,7718,Movistar Riders,13,Movistar Riders,Ancient,7225,Roobet Cup 2023
165063,1698238800000,7718,Movistar Riders,7,9996,9z,13,9z,Nuke,7225,Roobet Cup 2023
165043,1698224400000,10278,9INE,4,7020,Spirit,13,Spirit,Mirage,7383,CCT North Europe Series 8
165039,1698224400000,7020,Spirit,13,10278,9INE,3,Spirit,Overpass,7383,CCT North Europe Series 8
164983,1698149700000,7532,BIG,7,11883,9 Pandas,13,9 Pandas,Overpass,7451,CCT East Europe Series 3
164978,1698149700000,11883,9 Pandas,8,7532,BIG,13,BIG,Ancient,7451,CCT East Europe Series 3
164970,1698149700000,7532,BIG,17,11883,9 Pandas,19,9 Pandas,Nuke,7451,CCT East Europe Series 3
164826,1697959800000,6667,FaZe,19,5005,Complexity,16,FaZe,Ancient,6865,IEM Sydney 2023
164818,1697959800000,5005,Complexity,10,6667,FaZe,13,FaZe,Nuke,6865,IEM Sydney 2023
164814,1697959800000,6667,FaZe,11,5005,Complexity,13,Complexity,Overpass,6865,IEM Sydney 2023
164769,1697877000000,6667,FaZe,13,4494,MOUZ,9,FaZe,Vertigo,6865,IEM Sydney 2023
164766,1697877000000,4494,MOUZ,4,6667,FaZe,13,FaZe,Nuke,6865,IEM Sydney 2023
164764,1697866200000,5005,Complexity,13,5995,G2,3,Complexity,Ancient,6865,IEM Sydney 2023
164763,1697866200000,5005,Complexity,13,5995,G2,8,Complexity,Anubis,6865,IEM Sydney 2023
164752,1697810400000,12260,Looking4Org,9,7020,Spirit,13,Spirit,Nuke,7288,ESL Challenger League Season 46 Europe
164748,1697810400000,12260,Looking4Org,13,7020,Spirit,16,Spirit,Anubis,7288,ESL Challenger League Season 46 Europe
164735,1697790600000,4869,ENCE,0,6667,FaZe,13,FaZe,Anubis,6865,IEM Sydney 2023
164733,1697790600000,4869,ENCE,5,6667,FaZe,13,FaZe,Nuke,6865,IEM Sydney 2023
164731,1697779800000,5005,Complexity,13,12394,BetBoom,11,Complexity,Ancient,6865,IEM Sydney 2023
164730,1697779800000,12394,BetBoom,6,5005,Complexity,13,Complexity,Anubis,6865,IEM Sydney 2023
164725,1697756400000,9215,MIBR,13,9996,9z,10,MIBR,Anubis,7421,ESL Challenger Jönköping 2023 South America Closed Qualifier
164724,1697756400000,9215,MIBR,11,9996,9z,13,9z,Ancient,7421,ESL Challenger Jönköping 2023 South America Closed Qualifier
164713,1697756400000,9996,9z,8,9215,MIBR,13,MIBR,Mirage,7421,ESL Challenger Jönköping 2023 South America Closed Qualifier
164610,1697619900000,5995,G2,13,4869,ENCE,8,G2,Vertigo,6865,IEM Sydney 2023
164606,1697619900000,4869,ENCE,9,5995,G2,13,G2,Ancient,6865,IEM Sydney 2023
164611,1697618700000,5005,Complexity,16,11811,Monte,13,Complexity,Ancient,6865,IEM Sydney 2023
164605,1697618700000,11811,Monte,13,5005,Complexity,16,Complexity,Overpass,6865,IEM Sydney 2023
164604,1697607000000,12394,BetBoom,10,4494,MOUZ,13,MOUZ,Overpass,6865,IEM Sydney 2023
164602,1697607000000,12394,BetBoom,13,4494,MOUZ,7,BetBoom,Ancient,6865,IEM Sydney 2023
164597,1697607000000,4494,MOUZ,19,12394,BetBoom,15,MOUZ,Mirage,6865,IEM Sydney 2023
164603,1697607000000,6667,FaZe,13,9928,GamerLegion,6,FaZe,Nuke,6865,IEM Sydney 2023
164601,1697607000000,9928,GamerLegion,13,6667,FaZe,7,GamerLegion,Inferno,6865,IEM Sydney 2023
164598,1697607000000,6667,FaZe,13,9928,GamerLegion,11,FaZe,Ancient,6865,IEM Sydney 2023
164596,1697596200000,5005,Complexity,13,5752,Cloud9,3,Complexity,Inferno,6865,IEM Sydney 2023
164594,1697596200000,5005,Complexity,6,5752,Cloud9,13,Cloud9,Ancient,6865,IEM Sydney 2023
164590,1697596200000,5752,Cloud9,9,5005,Complexity,13,Complexity,Anubis,6865,IEM Sydney 2023
164595,1697596200000,11811,Monte,13,4991,fnatic,6,Monte,Vertigo,6865,IEM Sydney 2023
164593,1697596200000,11811,Monte,13,4991,fnatic,4,Monte,Anubis,6865,IEM Sydney 2023
164591,1697596200000,11811,Monte,10,4991,fnatic,13,fnatic,Overpass,6865,IEM Sydney 2023
164550,1697533500000,6667,FaZe,13,4608,Natus Vincere,7,FaZe,Inferno,6865,IEM Sydney 2023
164549,1697533500000,6667,FaZe,4,4608,Natus Vincere,13,Natus Vincere,Mirage,6865,IEM Sydney 2023
164546,1697533500000,4608,Natus Vincere,7,6667,FaZe,13,FaZe,Overpass,6865,IEM Sydney 2023
164547,1697531400000,9806,Apeks,11,9928,GamerLegion,13,GamerLegion,Overpass,6865,IEM Sydney 2023
164544,1697531400000,9928,GamerLegion,13,9806,Apeks,8,GamerLegion,Vertigo,6865,IEM Sydney 2023
164543,1697520600000,4869,ENCE,13,4991,fnatic,10,ENCE,Vertigo,6865,IEM Sydney 2023
164542,1697520600000,4869,ENCE,13,4991,fnatic,10,ENCE,Anubis,6865,IEM Sydney 2023
164540,1697520600000,4869,ENCE,10,4991,fnatic,13,fnatic,Overpass,6865,IEM Sydney 2023
164541,1697520600000,8840,Lynn Vision,8,5752,Cloud9,13,Cloud9,Ancient,6865,IEM Sydney 2023
164539,1697520600000,5752,Cloud9,13,8840,Lynn Vision,11,Cloud9,Anubis,6865,IEM Sydney 2023
164538,1697509800000,11811,Monte,13,8008,Grayhound,11,Monte,Anubis,6865,IEM Sydney 2023
164536,1697509800000,11811,Monte,13,8008,Grayhound,5,Monte,Nuke,6865,IEM Sydney 2023
164537,1697509800000,5005,Complexity,7,5995,G2,13,G2,Ancient,6865,IEM Sydney 2023
164535,1697509800000,5005,Complexity,7,5995,G2,13,G2,Anubis,6865,IEM Sydney 2023
164520,1697451900000,9565,Vitality,9,6667,FaZe,13,FaZe,Nuke,6865,IEM Sydney 2023
164516,1697451900000,6667,FaZe,13,9565,Vitality,10,FaZe,Inferno,6865,IEM Sydney 2023
164511,1697451900000,9565,Vitality,16,6667,FaZe,14,Vitality,Overpass,6865,IEM Sydney 2023
164508,1697445000000,12394,BetBoom,13,9928,GamerLegion,6,BetBoom,Nuke,6865,IEM Sydney 2023
164503,1697445000000,9928,GamerLegion,11,12394,BetBoom,13,BetBoom,Mirage,6865,IEM Sydney 2023
164507,1697440500000,4494,MOUZ,13,4608,Natus Vincere,6,MOUZ,Ancient,6865,IEM Sydney 2023
164502,1697440500000,4608,Natus Vincere,13,4494,MOUZ,4,Natus Vincere,Inferno,6865,IEM Sydney 2023
164499,1697440500000,4494,MOUZ,16,4608,Natus Vincere,13,MOUZ,Mirage,6865,IEM Sydney 2023
164497,1697435100000,5005,Complexity,13,11811,Monte,9,Complexity,Anubis,6865,IEM Sydney 2023
164495,1697432700000,8008,Grayhound,11,5995,G2,13,G2,Nuke,6865,IEM Sydney 2023
164494,1697430000000,5752,Cloud9,10,4991,fnatic,13,fnatic,Inferno,6865,IEM Sydney 2023
164493,1697428500000,8840,Lynn Vision,6,4869,ENCE,13,ENCE,Anubis,6865,IEM Sydney 2023
164490,1697424300000,6667,FaZe,15,9928,GamerLegion,19,GamerLegion,Nuke,6865,IEM Sydney 2023
164488,1697423400000,12394,BetBoom,16,9565,Vitality,14,BetBoom,Mirage,6865,IEM Sydney 2023
164487,1697419800000,4608,Natus Vincere,13,9806,Apeks,9,Natus Vincere,Mirage,6865,IEM Sydney 2023
164330,1697216400000,12260,Looking4Org,13,10567,SAW,8,Looking4Org,Ancient,7288,ESL Challenger League Season 46 Europe
164324,1697216400000,12260,Looking4Org,13,10567,SAW,10,Looking4Org,Anubis,7288,ESL Challenger League Season 46 Europe
164326,1697216400000,7718,Movistar Riders,4,10621,1win,13,1win,Nuke,7288,ESL Challenger League Season 46 Europe
164322,1697216400000,10621,1win,13,7718,Movistar Riders,5,1win,Ancient,7288,ESL Challenger League Season 46 Europe
164224,1697047200000,12260,Looking4Org,13,7020,Spirit,7,Looking4Org,Nuke,7417,ESL Challenger Jönköping 2023 Europe Closed Qualifier
164223,1697047200000,12260,Looking4Org,13,7020,Spirit,9,Looking4Org,Anubis,7417,ESL Challenger Jönköping 2023 Europe Closed Qualifier
164222,1697031000000,12260,Looking4Org,13,7718,Movistar Riders,9,Looking4Org,Overpass,7417,ESL Challenger Jönköping 2023 Europe Closed Qualifier
164221,1697031000000,12260,Looking4Org,13,7718,Movistar Riders,2,Looking4Org,Vertigo,7417,ESL Challenger Jönköping 2023 Europe Closed Qualifier
164218,1697031000000,12260,Looking4Org,10,7718,Movistar Riders,13,Movistar Riders,Anubis,7417,ESL Challenger Jönköping 2023 Europe Closed Qualifier
164186,1696960800000,12260,Looking4Org,13,11861,Aurora,7,Looking4Org,Nuke,7417,ESL Challenger Jönköping 2023 Europe Closed Qualifier
164180,1696960800000,11861,Aurora,17,12260,Looking4Org,19,Looking4Org,Anubis,7417,ESL Challenger Jönköping 2023 Europe Closed Qualifier
164185,1696960800000,7020,Spirit,13,7718,Movistar Riders,0,Spirit,Overpass,7417,ESL Challenger Jönköping 2023 Europe Closed Qualifier
164179,1696960800000,7020,Spirit,13,7718,Movistar Riders,6,Spirit,Anubis,7417,ESL Challenger Jönköping 2023 Europe Closed Qualifier
164175,1696944600000,12260,Looking4Org,13,9806,Apeks,9,Looking4Org,Ancient,7417,ESL Challenger Jönköping 2023 Europe Closed Qualifier
164170,1696944600000,9806,Apeks,10,12260,Looking4Org,13,Looking4Org,Inferno,7417,ESL Challenger Jönköping 2023 Europe Closed Qualifier
164162,1696874400000,9806,Apeks,8,7718,Movistar Riders,13,Movistar Riders,Ancient,7417,ESL Challenger Jönköping 2023 Europe Closed Qualifier
164160,1696874400000,9806,Apeks,9,7718,Movistar Riders,13,Movistar Riders,Overpass,7417,ESL Challenger Jönköping 2023 Europe Closed Qualifier
164148,1696874400000,7718,Movistar Riders,20,9806,Apeks,22,Apeks,Vertigo,7417,ESL Challenger Jönköping 2023 Europe Closed Qualifier
164161,1696874400000,12260,Looking4Org,13,7532,BIG,8,Looking4Org,Anubis,7417,ESL Challenger Jönköping 2023 Europe Closed Qualifier
164157,1696874400000,12260,Looking4Org,16,7532,BIG,14,Looking4Org,Ancient,7417,ESL Challenger Jönköping 2023 Europe Closed Qualifier
164149,1696874400000,12260,Looking4Org,13,7532,BIG,16,BIG,Inferno,7417,ESL Challenger Jönköping 2023 Europe Closed Qualifier
164142,1696858200000,12260,Looking4Org,8,7020,Spirit,13,Spirit,Vertigo,7417,ESL Challenger Jönköping 2023 Europe Closed Qualifier
164139,1696858200000,12260,Looking4Org,13,7020,Spirit,10,Looking4Org,Nuke,7417,ESL Challenger Jönköping 2023 Europe Closed Qualifier
164133,1696858200000,12260,Looking4Org,10,7020,Spirit,13,Spirit,Anubis,7417,ESL Challenger Jönköping 2023 Europe Closed Qualifier
164135,1696858200000,11861,Aurora,11,9806,Apeks,13,Apeks,Anubis,7417,ESL Challenger Jönköping 2023 Europe Closed Qualifier
164131,1696858200000,9806,Apeks,13,11861,Aurora,8,Apeks,Ancient,7417,ESL Challenger Jönköping 2023 Europe Closed Qualifier
163825,1696435200000,12260,Looking4Org,13,11518,Bad News Eagles,10,Looking4Org,Anubis,7416,ESL Challenger Jönköping 2023 Europe Open Qualifier
