match_id,data,evento_id,evento_nome,team_a_id,team_a_nome,team_b_id,team_b_nome,mapas_ganhos_a,mapas_ganhos_b,num_mapas,mapas_jogados,mapstat_ids,vencedor_id,vencedor_nome
630,2023-10-04 16:00:00,7416,ESL Challenger Jönköping 2023 Europe Open Qualifier,12260,Looking4Org,11518,Bad News Eagles,1,0,1,Anubis,163825,12260,Looking4Org
1006,2023-10-09 13:30:00,7417,ESL Challenger Jönköping 2023 Europe Closed Qualifier,12260,Looking4Org,7020,Spirit,1,2,3,"Vertigo,Nuke,Anubis","164142,164139,164133",7020,Spirit
919,2023-10-09 13:30:00,7417,ESL Challenger Jönköping 2023 Europe Closed Qualifier,11861,Aurora,9806,Apeks,0,2,2,"Anubis,Ancient","164135,164131",9806,Apeks
1008,2023-10-09 18:00:00,7417,ESL Challenger Jönköping 2023 Europe Closed Qualifier,12260,Looking4Org,7532,BIG,2,1,3,"Anubis,Ancient,Inferno","164161,164157,164149",12260,Looking4Org
2930,2023-10-09 18:00:00,7417,ESL Challenger Jönköping 2023 Europe Closed Qualifier,9806,Apeks,7718,Movistar Riders,1,2,3,"Ancient,Overpass,Vertigo","164162,164160,164148",7718,Movistar Riders
1010,2023-10-10 13:30:00,7417,ESL Challenger Jönköping 2023 Europe Closed Qualifier,12260,Looking4Org,9806,Apeks,2,0,2,"Ancient,Inferno","164175,164170",12260,Looking4Org
2823,2023-10-10 18:00:00,7417,ESL Challenger Jönköping 2023 Europe Closed Qualifier,7020,Spirit,7718,Movistar Riders,2,0,2,"Overpass,Anubis","164185,164179",7020,Spirit
798,2023-10-10 18:00:00,7417,ESL Challenger Jönköping 2023 Europe Closed Qualifier,12260,Looking4Org,11861,Aurora,2,0,2,"Nuke,Anubis","164186,164180",12260,Looking4Org
1009,2023-10-11 13:30:00,7417,ESL Challenger Jönköping 2023 Europe Closed Qualifier,12260,Looking4Org,7718,Movistar Riders,2,1,3,"Overpass,Vertigo,Anubis","164222,164221,164218",12260,Looking4Org
1007,2023-10-11 18:00:00,7417,ESL Challenger Jönköping 2023 Europe Closed Qualifier,12260,Looking4Org,7020,Spirit,2,0,2,"Nuke,Anubis","164224,164223",12260,Looking4Org
219,2023-10-13 17:00:00,7288,ESL Challenger League Season 46 Europe,7718,Movistar Riders,10621,1win,0,2,2,"Nuke,Ancient","164326,164322",10621,1win
127,2023-10-13 17:00:00,7288,ESL Challenger League Season 46 Europe,12260,Looking4Org,10567,SAW,2,0,2,"Ancient,Anubis","164330,164324",12260,Looking4Org
1934,2023-10-16 01:30:00,6865,IEM Sydney 2023,4608,Natus Vincere,9806,Apeks,1,0,1,Mirage,164487,4608,Natus Vincere
1184,2023-10-16 02:30:00,6865,IEM Sydney 2023,12394,BetBoom,9565,Vitality,1,0,1,Mirage,164488,12394,BetBoom
2801,2023-10-16 02:45:00,6865,IEM Sydney 2023,6667,FaZe,9928,GamerLegion,0,1,1,Nuke,164490,9928,GamerLegion
2154,2023-10-16 03:55:00,6865,IEM Sydney 2023,8840,Lynn Vision,4869,ENCE,0,1,1,Anubis,164493,4869,ENCE
2265,2023-10-16 04:20:00,6865,IEM Sydney 2023,5752,Cloud9,4991,fnatic,0,1,1,Inferno,164494,4991,fnatic
2581,2023-10-16 05:05:00,6865,IEM Sydney 2023,8008,Grayhound,5995,G2,0,1,1,Nuke,164495,5995,G2
760,2023-10-16 05:45:00,6865,IEM Sydney 2023,5005,Complexity,11811,Monte,1,0,1,Anubis,164497,5005,Complexity
1657,2023-10-16 07:15:00,6865,IEM Sydney 2023,4494,MOUZ,4608,Natus Vincere,2,1,3,"Ancient,Inferno,Mirage","164507,164502,164499",4494,MOUZ
1190,2023-10-16 08:30:00,6865,IEM Sydney 2023,12394,BetBoom,9928,GamerLegion,2,0,2,"Nuke,Mirage","164508,164503",12394,BetBoom
2785,2023-10-16 10:25:00,6865,IEM Sydney 2023,9565,Vitality,6667,FaZe,1,2,3,"Nuke,Inferno,Overpass","164520,164516,164511",6667,FaZe
785,2023-10-17 02:30:00,6865,IEM Sydney 2023,11811,Monte,8008,Grayhound,2,0,2,"Anubis,Nuke","164538,164536",11811,Monte
2304,2023-10-17 02:30:00,6865,IEM Sydney 2023,5005,Complexity,5995,G2,0,2,2,"Ancient,Anubis","164537,164535",5995,G2
2117,2023-10-17 05:30:00,6865,IEM Sydney 2023,4869,ENCE,4991,fnatic,2,1,3,"Vertigo,Anubis,Overpass","164543,164542,164540",4869,ENCE
2444,2023-10-17 05:30:00,6865,IEM Sydney 2023,8840,Lynn Vision,5752,Cloud9,0,2,2,"Ancient,Anubis","164541,164539",5752,Cloud9
3024,2023-10-17 08:30:00,6865,IEM Sydney 2023,9806,Apeks,9928,GamerLegion,0,2,2,"Overpass,Vertigo","164547,164544",9928,GamerLegion
1875,2023-10-17 09:05:00,6865,IEM Sydney 2023,6667,FaZe,4608,Natus Vincere,2,1,3,"Inferno,Mirage,Overpass","164550,164549,164546",6667,FaZe
759,2023-10-18 02:30:00,6865,IEM Sydney 2023,11811,Monte,4991,fnatic,2,1,3,"Vertigo,Anubis,Overpass","164595,164593,164591",11811,Monte
2296,2023-10-18 02:30:00,6865,IEM Sydney 2023,5005,Complexity,5752,Cloud9,2,1,3,"Inferno,Ancient,Anubis","164596,164594,164590",5005,Complexity
2802,2023-10-18 05:30:00,6865,IEM Sydney 2023,6667,FaZe,9928,GamerLegion,2,1,3,"Nuke,Inferno,Ancient","164603,164601,164598",6667,FaZe
1118,2023-10-18 05:30:00,6865,IEM Sydney 2023,12394,BetBoom,4494,MOUZ,1,2,3,"Overpass,Ancient,Mirage","164604,164602,164597",4494,MOUZ
761,2023-10-18 08:45:00,6865,IEM Sydney 2023,5005,Complexity,11811,Monte,2,0,2,"Ancient,Overpass","164611,164605",5005,Complexity
2126,2023-10-18 09:05:00,6865,IEM Sydney 2023,5995,G2,4869,ENCE,2,0,2,"Vertigo,Ancient","164610,164606",5995,G2
2996,2023-10-19 23:00:00,7421,ESL Challenger Jönköping 2023 South America Closed Qualifier,9215,MIBR,9996,9z,2,1,3,"Anubis,Ancient,Mirage","164725,164724,164713",9215,MIBR
1134,2023-10-20 05:30:00,6865,IEM Sydney 2023,5005,Complexity,12394,BetBoom,2,0,2,"Ancient,Anubis","164731,164730",5005,Complexity
2138,2023-10-20 08:30:00,6865,IEM Sydney 2023,4869,ENCE,6667,FaZe,0,2,2,"Anubis,Nuke","164735,164733",6667,FaZe
1005,2023-10-20 14:00:00,7288,ESL Challenger League Season 46 Europe,12260,Looking4Org,7020,Spirit,0,2,2,"Nuke,Anubis","164752,164748",7020,Spirit
2305,2023-10-21 05:30:00,6865,IEM Sydney 2023,5005,Complexity,5995,G2,2,0,2,"Ancient,Anubis","164764,164763",5005,Complexity
1725,2023-10-21 08:30:00,6865,IEM Sydney 2023,6667,FaZe,4494,MOUZ,2,0,2,"Vertigo,Nuke","164769,164766",6667,FaZe
2315,2023-10-22 07:30:00,6865,IEM Sydney 2023,6667,FaZe,5005,Complexity,2,1,3,"Ancient,Nuke,Overpass","164826,164818,164814",6667,FaZe
940,2023-10-24 12:15:00,7451,CCT East Europe Series 3,7532,BIG,11883,9 Pandas,1,2,3,"Overpass,Ancient,Nuke","164983,164978,164970",11883,9 Pandas
20,2023-10-25 09:00:00,7383,CCT North Europe Series 8,10278,9INE,7020,Spirit,0,2,2,"Mirage,Overpass","165043,165039",7020,Spirit
2932,2023-10-25 13:00:00,7225,Roobet Cup 2023,7718,Movistar Riders,9996,9z,2,1,3,"Inferno,Ancient,Nuke","165076,165071,165063",7718,Movistar Riders
884,2023-10-25 13:00:00,7225,Roobet Cup 2023,7175,HEROIC,11861,Aurora,2,1,3,"Mirage,Nuke,Overpass","165083,165074,165068",7175,HEROIC
2820,2023-10-25 14:00:00,7383,CCT North Europe Series 8,7532,BIG,7020,Spirit,2,0,2,"Overpass,Vertigo","165079,165072",7532,BIG
416,2023-10-25 16:40:00,7225,Roobet Cup 2023,11251,Eternal Fire,8297,FURIA,1,2,3,"Mirage,Vertigo,Ancient","165138,165114,165096",8297,FURIA
2378,2023-10-25 17:00:00,7225,Roobet Cup 2023,7020,Spirit,5378,Virtus.pro,1,2,3,"Mirage,Overpass,Ancient","165135,165115,165100",5378,Virtus.pro
25,2023-10-25 17:00:00,7288,ESL Challenger League Season 46 Europe,7718,Movistar Riders,10278,9INE,2,0,2,"Vertigo,Ancient","165119,165097",7718,Movistar Riders
19,2023-10-26 13:00:00,7225,Roobet Cup 2023,6665,Astralis,10278,9INE,0,2,2,"Mirage,Ancient","165207,165200",10278,9INE
1603,2023-10-26 16:00:00,7225,Roobet Cup 2023,4411,Ninjas in Pyjamas,4991,fnatic,2,1,3,"Overpass,Ancient,Inferno","165225,165219,165216",4411,Ninjas in Pyjamas
2921,2023-10-26 16:00:00,7225,Roobet Cup 2023,9806,Apeks,7532,BIG,0,2,2,"Anubis,Vertigo","165220,165215",7532,BIG
2266,2023-10-27 08:00:00,7289,Thunderpick World Championship 2023,4991,fnatic,5752,Cloud9,1,2,3,"Inferno,Overpass,Ancient","165255,165252,165248",5752,Cloud9
2400,2023-10-27 12:00:00,7225,Roobet Cup 2023,7718,Movistar Riders,5378,Virtus.pro,0,2,2,"Overpass,Ancient","165269,165266",5378,Virtus.pro
2876,2023-10-27 13:00:00,7225,Roobet Cup 2023,7175,HEROIC,8297,FURIA,1,2,3,"Mirage,Ancient,Nuke","165279,165273,165270",8297,FURIA
1607,2023-10-27 14:30:00,7289,Thunderpick World Championship 2023,4411,Ninjas in Pyjamas,5378,Virtus.pro,1,2,3,"Inferno,Ancient,Overpass","165289,165282,165275",5378,Virtus.pro
2855,2023-10-27 16:00:00,7225,Roobet Cup 2023,9996,9z,7020,Spirit,2,1,3,"Anubis,Nuke,Mirage","165296,165288,165284",9996,9z
346,2023-10-27 16:25:00,7225,Roobet Cup 2023,11861,Aurora,11251,Eternal Fire,2,1,3,"Overpass,Anubis,Ancient","165306,165297,165287",11861,Aurora
218,2023-10-27 17:15:00,7451,CCT East Europe Series 3,12260,Looking4Org,10621,1win,0,2,2,"Inferno,Overpass","165303,165292",10621,1win
1604,2023-10-28 08:00:00,7289,Thunderpick World Championship 2023,4411,Ninjas in Pyjamas,4991,fnatic,0,2,2,"Inferno,Ancient","165343,165334",4991,fnatic
2348,2023-10-28 11:00:00,7289,Thunderpick World Championship 2023,5752,Cloud9,5378,Virtus.pro,2,1,3,"Anubis,Ancient,Vertigo","165370,165362,165357",5752,Cloud9
23,2023-10-28 13:00:00,7225,Roobet Cup 2023,7532,BIG,10278,9INE,2,1,3,"Ancient,Anubis,Vertigo","165389,165377,165372",7532,BIG
745,2023-10-28 13:00:00,7225,Roobet Cup 2023,4411,Ninjas in Pyjamas,11811,Monte,0,2,2,"Mirage,Overpass","165378,165373",11811,Monte
2745,2023-10-28 16:35:00,7225,Roobet Cup 2023,6665,Astralis,9806,Apeks,1,2,3,"Ancient,Overpass,Mirage","165413,165408,165398",9806,Apeks
774,2023-10-28 17:00:00,7289,Thunderpick World Championship 2023,11811,Monte,6667,FaZe,0,2,2,"Nuke,Mirage","165404,165395",6667,FaZe
2264,2023-10-29 09:00:00,7289,Thunderpick World Championship 2023,4991,fnatic,5378,Virtus.pro,1,2,3,"Ancient,Inferno,Overpass","165478,165456,165449",5378,Virtus.pro
2321,2023-10-29 13:00:00,7289,Thunderpick World Championship 2023,5005,Complexity,7020,Spirit,0,2,2,"Nuke,Anubis","165494,165483",7020,Spirit
885,2023-10-29 14:00:00,7225,Roobet Cup 2023,7175,HEROIC,11861,Aurora,1,2,3,"Overpass,Nuke,Ancient","165513,165507,165499",11861,Aurora
2933,2023-10-29 14:00:00,7225,Roobet Cup 2023,7718,Movistar Riders,9996,9z,2,1,3,"Overpass,Nuke,Ancient","165510,165504,165495",7718,Movistar Riders
28,2023-10-29 17:25:00,7225,Roobet Cup 2023,9806,Apeks,10278,9INE,2,0,2,"Vertigo,Mirage","165533,165523",9806,Apeks
112,2023-10-29 18:00:00,7289,Thunderpick World Championship 2023,11811,Monte,10567,SAW,2,0,2,"Anubis,Vertigo","165539,165532",11811,Monte
892,2023-10-30 11:00:00,7225,Roobet Cup 2023,7532,BIG,11861,Aurora,0,2,2,"Nuke,Ancient","165594,165584",11861,Aurora
784,2023-10-30 14:00:00,7225,Roobet Cup 2023,11811,Monte,7718,Movistar Riders,2,0,2,"Overpass,Anubis","165605,165602",11811,Monte
2910,2023-10-30 15:00:00,7289,Thunderpick World Championship 2023,7532,BIG,8297,FURIA,2,0,2,"Ancient,Nuke","165611,165604",7532,BIG
1744,2023-10-30 18:30:00,7289,Thunderpick World Championship 2023,7020,Spirit,4494,MOUZ,2,0,2,"Mirage,Ancient","165635,165628",7020,Spirit
2859,2023-10-31 12:00:00,7289,Thunderpick World Championship 2023,7532,BIG,7175,HEROIC,1,2,3,"Vertigo,Nuke,Ancient","165684,165678,165674",7175,HEROIC
2967,2023-10-31 14:00:00,7225,Roobet Cup 2023,9806,Apeks,8297,FURIA,0,2,2,"Overpass,Ancient","165690,165683",8297,FURIA
1681,2023-10-31 15:25:00,7289,Thunderpick World Championship 2023,5005,Complexity,4494,MOUZ,1,2,3,"Inferno,Overpass,Nuke","165699,165697,165688",4494,MOUZ
918,2023-10-31 18:00:00,7288,ESL Challenger League Season 46 Europe,11861,Aurora,9806,Apeks,2,0,2,"Mirage,Overpass","165729,165709",11861,Aurora
2911,2023-10-31 18:10:00,7289,Thunderpick World Championship 2023,8297,FURIA,7532,BIG,1,2,3,"Vertigo,Overpass,Ancient","165741,165723,165712",7532,BIG
723,2023-11-01 14:00:00,7225,Roobet Cup 2023,11811,Monte,11861,Aurora,2,1,3,"Ancient,Nuke,Anubis","165783,165778,165774",11811,Monte
2401,2023-11-01 17:15:00,7225,Roobet Cup 2023,8297,FURIA,5378,Virtus.pro,1,2,3,"Ancient,Inferno,Mirage","165808,165804,165791",5378,Virtus.pro
7,2023-11-01 18:00:00,7288,ESL Challenger League Season 46 Europe,10278,9INE,10621,1win,2,0,2,"Vertigo,Nuke","165802,165793",10278,9INE
182,2023-11-01 18:00:00,7288,ESL Challenger League Season 46 Europe,7020,Spirit,10567,SAW,2,0,2,"Anubis,Vertigo","165803,165797",7020,Spirit
764,2023-11-02 17:00:00,7225,Roobet Cup 2023,5378,Virtus.pro,11811,Monte,2,1,3,"Mirage,Anubis,Overpass","165874,165866,165862",5378,Virtus.pro
778,2023-11-03 09:00:00,7289,Thunderpick World Championship 2023,7020,Spirit,11811,Monte,0,2,2,"Vertigo,Nuke","165908,165902",11811,Monte
2386,2023-11-03 12:00:00,7289,Thunderpick World Championship 2023,7175,HEROIC,5378,Virtus.pro,0,1,1,Vertigo,165916,5378,Virtus.pro
2441,2023-11-03 15:10:00,7289,Thunderpick World Championship 2023,5752,Cloud9,7532,BIG,2,0,2,"Nuke,Inferno","165930,165926",5752,Cloud9
1727,2023-11-03 18:00:00,7289,Thunderpick World Championship 2023,4494,MOUZ,6667,FaZe,1,2,3,"Ancient,Nuke,Vertigo","165943,165939,165936",6667,FaZe
2097,2023-11-04 11:00:00,7483,IEM Chengdu 2024 China Closed Qualifier,4863,TYLOO,8840,Lynn Vision,1,2,3,"Nuke,Overpass,Anubis","165972,165967,165966",8840,Lynn Vision
2387,2023-11-04 12:00:00,7289,Thunderpick World Championship 2023,7175,HEROIC,5378,Virtus.pro,0,1,1,Overpass,165965,5378,Virtus.pro
2434,2023-11-04 15:00:00,7289,Thunderpick World Championship 2023,6667,FaZe,5752,Cloud9,2,1,3,"Ancient,Anubis,Overpass","165991,165984,165978",6667,FaZe
765,2023-11-04 18:30:00,7289,Thunderpick World Championship 2023,5378,Virtus.pro,11811,Monte,2,1,3,"Mirage,Anubis,Overpass","166006,166003,165998",5378,Virtus.pro
2372,2023-11-05 18:30:00,7289,Thunderpick World Championship 2023,6667,FaZe,5378,Virtus.pro,2,0,2,"Vertigo,Ancient","166068,166061",6667,FaZe
729,2023-11-07 18:00:00,7288,ESL Challenger League Season 46 Europe,11811,Monte,12260,Looking4Org,1,2,3,"Ancient,Anubis,Nuke","166167,166155,166141",12260,Looking4Org
2065,2023-11-08 04:15:00,7365,CS Asia Championships 2023,4869,ENCE,4863,TYLOO,1,0,1,Nuke,166185,4869,ENCE
2728,2023-11-08 06:35:00,7365,CS Asia Championships 2023,6665,Astralis,8840,Lynn Vision,1,0,1,Ancient,166186,6665,Astralis
2133,2023-11-08 08:35:00,7365,CS Asia Championships 2023,4869,ENCE,6665,Astralis,1,2,3,"Ancient,Vertigo,Overpass","166194,166190,166187",6665,Astralis
2095,2023-11-08 12:15:00,7365,CS Asia Championships 2023,8840,Lynn Vision,4863,TYLOO,2,1,3,"Nuke,Anubis,Overpass","166209,166205,166199",8840,Lynn Vision
796,2023-11-08 12:30:00,7357,CCT Central Europe Series 8,11861,Aurora,11883,9 Pandas,0,2,2,"Overpass,Nuke","166204,166200",11883,9 Pandas
10,2023-11-08 18:00:00,7288,ESL Challenger League Season 46 Europe,10278,9INE,12260,Looking4Org,1,2,3,"Anubis,Nuke,Ancient","166248,166235,166224",12260,Looking4Org
2851,2023-11-08 18:00:00,7288,ESL Challenger League Season 46 Europe,7020,Spirit,9806,Apeks,2,0,2,"Mirage,Ancient","166230,166220",7020,Spirit
1627,2023-11-09 05:55:00,7365,CS Asia Championships 2023,4411,Ninjas in Pyjamas,6667,FaZe,0,1,1,Ancient,166262,6667,FaZe
1728,2023-11-09 09:20:00,7365,CS Asia Championships 2023,6667,FaZe,4494,MOUZ,2,1,3,"Overpass,Nuke,Mirage","166272,166271,166269",6667,FaZe
1779,2023-11-11 04:00:00,7365,CS Asia Championships 2023,8840,Lynn Vision,4494,MOUZ,0,2,2,"Inferno,Overpass","166344,166341",4494,MOUZ
1596,2023-11-11 07:00:00,7365,CS Asia Championships 2023,4411,Ninjas in Pyjamas,4869,ENCE,1,2,3,"Ancient,Overpass,Nuke","166354,166353,166350",4869,ENCE
347,2023-11-11 15:10:00,7500,BetBoom Dacha 2023 Closed Qualifier,11861,Aurora,11251,Eternal Fire,2,0,2,"Anubis,Ancient","166379,166370",11861,Aurora
1719,2023-11-12 04:15:00,7365,CS Asia Championships 2023,6665,Astralis,4494,MOUZ,1,2,3,"Vertigo,Mirage,Overpass","166436,166433,166428",4494,MOUZ
2139,2023-11-12 08:25:00,7365,CS Asia Championships 2023,6667,FaZe,4869,ENCE,2,1,3,"Anubis,Ancient,Nuke","166449,166442,166441",6667,FaZe
1729,2023-11-12 13:20:00,7365,CS Asia Championships 2023,4494,MOUZ,6667,FaZe,0,2,2,"Nuke,Mirage","166465,166457",6667,FaZe
2922,2023-11-12 14:55:00,7500,BetBoom Dacha 2023 Closed Qualifier,7532,BIG,9806,Apeks,1,2,3,"Overpass,Vertigo,Inferno","166488,166481,166472",9806,Apeks
189,2023-11-12 18:00:00,7288,ESL Challenger League Season 46 Europe,7718,Movistar Riders,10567,SAW,2,1,3,"Anubis,Vertigo,Overpass","166515,166508,166507",7718,Movistar Riders
920,2023-11-13 14:55:00,7500,BetBoom Dacha 2023 Closed Qualifier,9806,Apeks,11861,Aurora,0,2,2,"Overpass,Inferno","166560,166556",11861,Aurora
414,2023-11-14 11:55:00,7500,BetBoom Dacha 2023 Closed Qualifier,7532,BIG,11251,Eternal Fire,2,0,2,"Vertigo,Anubis","166596,166592",7532,BIG
2929,2023-11-16 10:30:00,7527,PARI Please 2023,7718,Movistar Riders,9215,MIBR,1,2,3,"Vertigo,Nuke,Ancient","166732,166725,166717",9215,MIBR
21,2023-11-16 11:55:00,7500,BetBoom Dacha 2023 Closed Qualifier,10278,9INE,7020,Spirit,0,2,2,"Nuke,Mirage","166735,166728",7020,Spirit
928,2023-11-16 14:15:00,7527,PARI Please 2023,11883,9 Pandas,12394,BetBoom,2,0,2,"Mirage,Anubis","166747,166738",11883,9 Pandas
900,2023-11-16 19:10:00,7527,PARI Please 2023,11861,Aurora,8297,FURIA,1,2,3,"Overpass,Ancient,Mirage","166785,166779,166770",8297,FURIA
943,2023-11-17 10:15:00,7527,PARI Please 2023,11883,9 Pandas,9215,MIBR,2,0,2,"Anubis,Ancient","166808,166803",11883,9 Pandas
1169,2023-11-17 11:10:00,7527,PARI Please 2023,7718,Movistar Riders,12394,BetBoom,1,2,3,"Nuke,Anubis,Ancient","166817,166812,166809",12394,BetBoom
898,2023-11-17 14:30:00,7465,ESL Challenger Atlanta 2023 Europe Closed Qualifier,11861,Aurora,7718,Movistar Riders,1,2,3,"Anubis,Overpass,Nuke","166839,166832,166825",7718,Movistar Riders
2836,2023-11-17 14:55:00,7500,BetBoom Dacha 2023 Closed Qualifier,7020,Spirit,9215,MIBR,2,0,2,"Vertigo,Ancient","166834,166829",7020,Spirit
418,2023-11-17 16:00:00,7527,PARI Please 2023,11251,Eternal Fire,8297,FURIA,2,0,2,"Vertigo,Overpass","166840,166833",11251,Eternal Fire
2931,2023-11-17 19:00:00,7465,ESL Challenger Atlanta 2023 Europe Closed Qualifier,7718,Movistar Riders,9806,Apeks,1,2,3,"Ancient,Vertigo,Inferno","166862,166856,166849",9806,Apeks
901,2023-11-18 14:00:00,7527,PARI Please 2023,8297,FURIA,11861,Aurora,2,1,3,"Nuke,Ancient,Inferno","166918,166911,166903",8297,FURIA
1181,2023-11-18 17:35:00,7527,PARI Please 2023,12394,BetBoom,9215,MIBR,0,2,2,"Mirage,Anubis","166933,166924",9215,MIBR
2943,2023-11-18 19:00:00,7465,ESL Challenger Atlanta 2023 Europe Closed Qualifier,8135,FORZE,9806,Apeks,0,2,2,"Inferno,Mirage","166944,166938",9806,Apeks
2949,2023-11-18 20:40:00,1040,Showmatch CS,8297,FURIA,9215,MIBR,1,0,1,Train,166943,8297,FURIA
27,2023-11-19 13:30:00,7500,BetBoom Dacha 2023 Closed Qualifier,10278,9INE,8135,FORZE,2,0,2,"Anubis,Nuke","166981,166969",10278,9INE
942,2023-11-19 14:00:00,7527,PARI Please 2023,11883,9 Pandas,8297,FURIA,2,1,3,"Nuke,Ancient,Overpass","166986,166978,166972",11883,9 Pandas
423,2023-11-19 17:15:00,7527,PARI Please 2023,11251,Eternal Fire,9215,MIBR,2,0,2,"Mirage,Vertigo","167002,166996",11251,Eternal Fire
2916,2023-11-20 11:55:00,7500,BetBoom Dacha 2023 Closed Qualifier,7532,BIG,9215,MIBR,1,2,3,"Ancient,Anubis,Vertigo","167029,167026,167022",9215,MIBR
29,2023-11-20 15:15:00,7500,BetBoom Dacha 2023 Closed Qualifier,10278,9INE,9806,Apeks,2,0,2,"Anubis,Mirage","167036,167032",10278,9INE
349,2023-11-20 16:00:00,7527,PARI Please 2023,11883,9 Pandas,11251,Eternal Fire,3,0,3,"Mirage,Overpass,Anubis","167044,167040,167035",11883,9 Pandas
912,2023-11-20 17:55:00,7500,BetBoom Dacha 2023 Closed Qualifier,11861,Aurora,9215,MIBR,0,2,2,"Anubis,Inferno","167045,167042",9215,MIBR
22,2023-11-21 14:55:00,7500,BetBoom Dacha 2023 Closed Qualifier,10278,9INE,7020,Spirit,1,2,3,"Anubis,Mirage,Nuke","167079,167075,167070",7020,Spirit
1626,2023-11-22 09:00:00,6975,BLAST Premier Fall Final 2023,4411,Ninjas in Pyjamas,6667,FaZe,0,2,2,"Nuke,Vertigo","167098,167096",6667,FaZe
1834,2023-11-22 11:10:00,6975,BLAST Premier Fall Final 2023,5752,Cloud9,4608,Natus Vincere,2,1,3,"Inferno,Ancient,Anubis","167106,167103,167100",5752,Cloud9
2890,2023-11-22 14:35:00,6975,BLAST Premier Fall Final 2023,7175,HEROIC,9565,Vitality,0,2,2,"Inferno,Nuke","167111,167108",9565,Vitality
2312,2023-11-22 16:45:00,6975,BLAST Premier Fall Final 2023,6665,Astralis,5005,Complexity,0,2,2,"Overpass,Ancient","167115,167113",5005,Complexity
1587,2023-11-23 09:00:00,6975,BLAST Premier Fall Final 2023,4411,Ninjas in Pyjamas,4608,Natus Vincere,0,2,2,"Mirage,Overpass","167141,167138",4608,Natus Vincere
2433,2023-11-23 11:30:00,6975,BLAST Premier Fall Final 2023,6667,FaZe,5752,Cloud9,2,1,3,"Anubis,Ancient,Overpass","167148,167146,167144",6667,FaZe
2708,2023-11-23 15:15:00,6975,BLAST Premier Fall Final 2023,7175,HEROIC,6665,Astralis,2,0,2,"Overpass,Vertigo","167158,167153",7175,HEROIC
2342,2023-11-23 17:50:00,6975,BLAST Premier Fall Final 2023,9565,Vitality,5005,Complexity,2,1,3,"Inferno,Nuke,Anubis","167169,167165,167162",9565,Vitality
753,2023-11-24 09:00:00,6868,ESL Challenger Jönköping 2023,11811,Monte,4863,TYLOO,1,0,1,Anubis,167176,11811,Monte
2172,2023-11-24 12:05:00,6868,ESL Challenger Jönköping 2023,4914,3DMAX,5378,Virtus.pro,0,1,1,Ancient,167182,5378,Virtus.pro
2994,2023-11-24 13:45:00,6868,ESL Challenger Jönköping 2023,9215,MIBR,9928,GamerLegion,1,0,1,Ancient,167185,9215,MIBR
2439,2023-11-24 14:30:00,6975,BLAST Premier Fall Final 2023,7175,HEROIC,5752,Cloud9,0,2,2,"Inferno,Nuke","167190,167186",5752,Cloud9
2407,2023-11-24 16:55:00,6868,ESL Challenger Jönköping 2023,5378,Virtus.pro,9215,MIBR,0,1,1,Ancient,167198,9215,MIBR
1826,2023-11-24 17:10:00,6975,BLAST Premier Fall Final 2023,5005,Complexity,4608,Natus Vincere,2,1,3,"Nuke,Overpass,Anubis","167214,167209,167203",5005,Complexity
2253,2023-11-24 19:30:00,6868,ESL Challenger Jönköping 2023,9928,GamerLegion,4914,3DMAX,2,1,3,"Vertigo,Overpass,Ancient","167220,167216,167213",9928,GamerLegion
372,2023-11-25 09:00:00,6868,ESL Challenger Jönköping 2023,11251,Eternal Fire,4863,TYLOO,2,0,2,"Overpass,Vertigo","167229,167227",11251,Eternal Fire
2424,2023-11-25 11:35:00,6868,ESL Challenger Jönköping 2023,9928,GamerLegion,5378,Virtus.pro,0,2,2,"Vertigo,Ancient","167232,167230",5378,Virtus.pro
2446,2023-11-25 14:30:00,6975,BLAST Premier Fall Final 2023,9565,Vitality,5752,Cloud9,2,1,3,"Inferno,Nuke,Mirage","167260,167252,167241",9565,Vitality
2316,2023-11-25 18:55:00,6975,BLAST Premier Fall Final 2023,5005,Complexity,6667,FaZe,1,2,3,"Ancient,Nuke,Anubis","167279,167275,167268",6667,FaZe
762,2023-11-26 08:00:00,6868,ESL Challenger Jönköping 2023,5378,Virtus.pro,11811,Monte,1,2,3,"Mirage,Anubis,Ancient","167298,167294,167292",11811,Monte
421,2023-11-26 11:45:00,6868,ESL Challenger Jönköping 2023,9215,MIBR,11251,Eternal Fire,1,2,3,"Mirage,Anubis,Vertigo","167310,167306,167303",11251,Eternal Fire
2786,2023-11-26 16:00:00,6975,BLAST Premier Fall Final 2023,9565,Vitality,6667,FaZe,2,0,2,"Nuke,Vertigo","167320,167314",9565,Vitality
345,2023-11-26 17:15:00,6868,ESL Challenger Jönköping 2023,11811,Monte,11251,Eternal Fire,2,0,2,"Anubis,Vertigo","167324,167321",11811,Monte
2148,2023-11-29 11:00:00,7250,Elisa Masters Espoo 2023,7865,HAVU,4869,ENCE,1,0,1,Nuke,167379,7865,HAVU
2935,2023-11-29 15:00:00,7250,Elisa Masters Espoo 2023,9928,GamerLegion,7865,HAVU,1,2,3,"Nuke,Overpass,Ancient","167394,167393,167391",7865,HAVU
1801,2023-11-30 11:00:00,7250,Elisa Masters Espoo 2023,9806,Apeks,4494,MOUZ,1,0,1,Inferno,167408,9806,Apeks
123,2023-11-30 12:00:00,7479,YaLLa Compass Fall 2023,11883,9 Pandas,10567,SAW,0,2,2,"Nuke,Anubis","167416,167413",10567,SAW
2334,2023-11-30 13:00:00,7250,Elisa Masters Espoo 2023,8297,FURIA,5005,Complexity,1,0,1,Ancient,167417,8297,FURIA
2968,2023-11-30 15:00:00,7250,Elisa Masters Espoo 2023,9806,Apeks,8297,FURIA,2,0,2,"Vertigo,Inferno","167422,167421",9806,Apeks
1680,2023-11-30 17:50:00,7250,Elisa Masters Espoo 2023,5005,Complexity,4494,MOUZ,1,2,3,"Ancient,Inferno,Overpass","167430,167428,167427",4494,MOUZ
2160,2023-12-01 14:00:00,7250,Elisa Masters Espoo 2023,9928,GamerLegion,4869,ENCE,1,2,3,"Nuke,Overpass,Ancient","167455,167453,167451",4869,ENCE
1768,2023-12-01 17:50:00,7250,Elisa Masters Espoo 2023,4494,MOUZ,8297,FURIA,0,2,2,"Ancient,Mirage","167461,167459",8297,FURIA
2159,2023-12-02 14:00:00,7250,Elisa Masters Espoo 2023,9806,Apeks,4869,ENCE,2,0,2,"Anubis,Vertigo","167502,167497",9806,Apeks
2934,2023-12-02 17:00:00,7250,Elisa Masters Espoo 2023,8297,FURIA,7865,HAVU,2,0,2,"Nuke,Mirage","167514,167512",8297,FURIA
118,2023-12-03 14:05:00,7543,CCT 2023 Online Finals 5,11861,Aurora,10567,SAW,2,1,3,"Nuke,Anubis,Ancient","167579,167576,167574",11861,Aurora
2969,2023-12-03 15:00:00,7250,Elisa Masters Espoo 2023,9806,Apeks,8297,FURIA,1,3,4,"Mirage,Vertigo,Ancient,Inferno","167587,167583,167580,167577",8297,FURIA
2451,2023-12-05 10:55:00,7499,BetBoom Dacha 2023,9928,GamerLegion,5752,Cloud9,0,2,2,"Mirage,Overpass","167635,167629",5752,Cloud9
1178,2023-12-05 14:25:00,7499,BetBoom Dacha 2023,9215,MIBR,12394,BetBoom,2,0,2,"Nuke,Ancient","167655,167653",9215,MIBR
851,2023-12-05 16:30:00,7543,CCT 2023 Online Finals 5,11861,Aurora,5995,G2,2,0,2,"Nuke,Ancient","167660,167658",11861,Aurora
2928,2023-12-05 19:00:00,7288,ESL Challenger League Season 46 Europe,8135,FORZE,7718,Movistar Riders,2,1,3,"Inferno,Overpass,Nuke","167693,167690,167678",8135,FORZE
941,2023-12-05 19:30:00,7543,CCT 2023 Online Finals 5,11883,9 Pandas,7532,BIG,0,2,2,"Ancient,Overpass","167692,167681",7532,BIG
2368,2023-12-06 09:25:00,7499,BetBoom Dacha 2023,5378,Virtus.pro,6665,Astralis,2,1,3,"Overpass,Mirage,Inferno","167714,167709,167707",5378,Virtus.pro
124,2023-12-06 10:30:00,7543,CCT 2023 Online Finals 5,10567,SAW,11883,9 Pandas,1,2,3,"Inferno,Ancient,Anubis","167721,167710,167708",11883,9 Pandas
2825,2023-12-06 14:10:00,7499,BetBoom Dacha 2023,7020,Spirit,8297,FURIA,2,0,2,"Mirage,Nuke","167739,167735",7020,Spirit
894,2023-12-06 16:30:00,7543,CCT 2023 Online Finals 5,7532,BIG,11861,Aurora,2,0,2,"Nuke,Ancient","167754,167748",7532,BIG
1191,2023-12-06 17:50:00,7499,BetBoom Dacha 2023,9928,GamerLegion,12394,BetBoom,0,2,2,"Nuke,Ancient","167768,167757",12394,BetBoom
2251,2023-12-06 18:00:00,7288,ESL Challenger League Season 46 Europe,4914,3DMAX,9806,Apeks,2,0,2,"Anubis,Inferno","167770,167759",4914,3DMAX
2380,2023-12-07 08:55:00,7499,BetBoom Dacha 2023,7020,Spirit,5378,Virtus.pro,0,2,2,"Overpass,Ancient","167809,167804",5378,Virtus.pro
2094,2023-12-07 12:00:00,7359,ESL Challenger League Season 46 Asia-Pacific,8840,Lynn Vision,4863,TYLOO,1,2,3,"Nuke,Anubis,Inferno","167824,167820,167814",4863,TYLOO
2445,2023-12-07 13:00:00,7499,BetBoom Dacha 2023,5752,Cloud9,9215,MIBR,1,2,3,"Mirage,Inferno,Anubis","167828,167822,167819",9215,MIBR
2721,2023-12-07 17:10:00,7499,BetBoom Dacha 2023,8297,FURIA,6665,Astralis,2,0,2,"Nuke,Mirage","167842,167833",8297,FURIA
895,2023-12-07 18:55:00,7543,CCT 2023 Online Finals 5,11861,Aurora,7532,BIG,0,2,2,"Ancient,Inferno","167855,167845",7532,BIG
1139,2023-12-08 09:55:00,7499,BetBoom Dacha 2023,5752,Cloud9,12394,BetBoom,0,2,2,"Nuke,Ancient","167886,167883",12394,BetBoom
2826,2023-12-08 13:10:00,7499,BetBoom Dacha 2023,7020,Spirit,8297,FURIA,2,0,2,"Mirage,Ancient","167897,167895",7020,Spirit
2942,2023-12-08 18:00:00,7288,ESL Challenger League Season 46 Europe,9806,Apeks,8135,FORZE,1,2,3,"Anubis,Ancient,Overpass","167910,167903,167901",8135,FORZE
1137,2023-12-09 09:55:00,7499,BetBoom Dacha 2023,12394,BetBoom,5378,Virtus.pro,0,2,2,"Mirage,Overpass","167928,167925",5378,Virtus.pro
2654,2023-12-09 12:00:00,7359,ESL Challenger League Season 46 Asia-Pacific,6248,The MongolZ,8840,Lynn Vision,2,1,3,"Nuke,Anubis,Inferno","167946,167938,167934",6248,The MongolZ
2835,2023-12-09 12:50:00,7499,BetBoom Dacha 2023,7020,Spirit,9215,MIBR,2,0,2,"Mirage,Anubis","167942,167937",7020,Spirit
2381,2023-12-10 10:55:00,7499,BetBoom Dacha 2023,7020,Spirit,5378,Virtus.pro,3,2,5,"Anubis,Mirage,Vertigo,Ancient,Overpass","168026,168018,168013,168008,168003",7020,Spirit
2078,2023-12-10 12:00:00,7359,ESL Challenger League Season 46 Asia-Pacific,4863,TYLOO,6248,The MongolZ,1,3,4,"Inferno,Anubis,Mirage,Nuke","168025,168019,168014,168009",6248,The MongolZ
2233,2023-12-10 18:00:00,7288,ESL Challenger League Season 46 Europe,8135,FORZE,4914,3DMAX,0,2,2,"Inferno,Nuke","168036,168033",4914,3DMAX
191,2023-12-11 12:00:00,7479,YaLLa Compass Fall 2023,10567,SAW,8135,FORZE,1,2,3,"Overpass,Ancient,Nuke","168058,168056,168055",8135,FORZE
26,2023-12-12 09:00:00,7479,YaLLa Compass Fall 2023,8135,FORZE,10278,9INE,0,2,2,"Ancient,Nuke","168082,168081",10278,9INE
2123,2023-12-13 06:00:00,6976,BLAST Premier World Final 2023,4869,ENCE,5752,Cloud9,0,2,2,"Overpass,Ancient","168100,168099",5752,Cloud9
1925,2023-12-13 08:25:00,6976,BLAST Premier World Final 2023,4608,Natus Vincere,9565,Vitality,0,2,2,"Overpass,Anubis","168103,168102",9565,Vitality
2767,2023-12-13 10:35:00,6976,BLAST Premier World Final 2023,7175,HEROIC,6667,FaZe,0,2,2,"Ancient,Overpass","168105,168104",6667,FaZe
11,2023-12-13 12:00:00,7479,YaLLa Compass Fall 2023,10278,9INE,12394,BetBoom,2,1,3,"Nuke,Mirage,Ancient","168111,168109,168107",10278,9INE
1701,2023-12-13 13:05:00,6976,BLAST Premier World Final 2023,5995,G2,4494,MOUZ,2,0,2,"Vertigo,Ancient","168113,168110",5995,G2
893,2023-12-13 15:05:00,7479,YaLLa Compass Fall 2023,11861,Aurora,7532,BIG,0,2,2,"Ancient,Anubis","168117,168115",7532,BIG
24,2023-12-13 18:05:00,7479,YaLLa Compass Fall 2023,10278,9INE,7532,BIG,0,2,2,"Vertigo,Overpass","168121,168120",7532,BIG
1818,2023-12-14 06:00:00,6976,BLAST Premier World Final 2023,4608,Natus Vincere,4869,ENCE,2,1,3,"Nuke,Ancient,Anubis","168130,168129,168128",4608,Natus Vincere
2447,2023-12-14 09:05:00,6976,BLAST Premier World Final 2023,5752,Cloud9,9565,Vitality,0,2,2,"Inferno,Anubis","168132,168131",9565,Vitality
1761,2023-12-14 11:30:00,6976,BLAST Premier World Final 2023,7175,HEROIC,4494,MOUZ,0,2,2,"Mirage,Nuke","168134,168133",4494,MOUZ
2541,2023-12-14 13:25:00,6976,BLAST Premier World Final 2023,6667,FaZe,5995,G2,2,1,3,"Anubis,Nuke,Inferno","168137,168136,168135",6667,FaZe
1692,2023-12-15 09:00:00,6976,BLAST Premier World Final 2023,4494,MOUZ,5752,Cloud9,2,0,2,"Ancient,Mirage","168140,168139",4494,MOUZ
1841,2023-12-15 11:05:00,6976,BLAST Premier World Final 2023,5995,G2,4608,Natus Vincere,1,2,3,"Nuke,Inferno,Anubis","168147,168145,168141",4608,Natus Vincere
3025,2023-12-15 18:20:00,6869,ESL Challenger Atlanta 2023,9806,Apeks,9928,GamerLegion,1,0,1,Mirage,168159,9806,Apeks
2308,2023-12-15 19:55:00,6869,ESL Challenger Atlanta 2023,5005,Complexity,6248,The MongolZ,0,1,1,Ancient,168170,6248,The MongolZ
763,2023-12-15 21:40:00,6869,ESL Challenger Atlanta 2023,11811,Monte,5378,Virtus.pro,0,1,1,Mirage,168177,5378,Virtus.pro
2679,2023-12-15 23:15:00,6869,ESL Challenger Atlanta 2023,9806,Apeks,6248,The MongolZ,1,0,1,Anubis,168180,9806,Apeks
2345,2023-12-16 00:40:00,6869,ESL Challenger Atlanta 2023,5005,Complexity,9928,GamerLegion,2,1,3,"Overpass,Nuke,Vertigo","168194,168191,168182",5005,Complexity
1726,2023-12-16 11:30:00,6976,BLAST Premier World Final 2023,4494,MOUZ,6667,FaZe,0,2,2,"Overpass,Mirage","168208,168204",6667,FaZe
1926,2023-12-16 14:30:00,6976,BLAST Premier World Final 2023,9565,Vitality,4608,Natus Vincere,2,0,2,"Inferno,Anubis","168216,168212",9565,Vitality
2309,2023-12-16 17:45:00,6869,ESL Challenger Atlanta 2023,6248,The MongolZ,5005,Complexity,2,0,2,"Overpass,Inferno","168230,168222",6248,The MongolZ
2787,2023-12-17 14:00:00,6976,BLAST Premier World Final 2023,9565,Vitality,6667,FaZe,2,0,2,"Nuke,Inferno","168305,168299",9565,Vitality
2361,2023-12-17 14:00:00,6869,ESL Challenger Atlanta 2023,5378,Virtus.pro,6248,The MongolZ,2,0,2,"Inferno,Overpass","168308,168303",5378,Virtus.pro
791,2023-12-17 16:45:00,6869,ESL Challenger Atlanta 2023,11811,Monte,9806,Apeks,1,2,3,"Ancient,Anubis,Mirage","168327,168326,168314",9806,Apeks
2422,2023-12-17 21:25:00,6869,ESL Challenger Atlanta 2023,9806,Apeks,5378,Virtus.pro,0,2,2,"Inferno,Ancient","168333,168332",5378,Virtus.pro
2871,2024-01-11 15:00:00,7394,PGL CS2 Major Copenhagen 2024 Europe RMR Open Qualifier 2,7865,HAVU,7175,HEROIC,0,1,1,Mirage,168627,7175,HEROIC
1057,2024-01-13 05:10:00,7409,PGL CS2 Major Copenhagen 2024 NA RMR Closed Qualifier,12376,M80,5973,Liquid,1,0,1,Overpass,168734,12376,M80
1623,2024-01-14 14:00:00,7630,Copenhagen Gaming Week 2024,4411,Ninjas in Pyjamas,6665,Astralis,0,2,2,"Mirage,Overpass","168829,168826",6665,Astralis
2998,2024-01-17 23:30:00,7612,IEM Chengdu 2024 South America Closed Qualifier,9996,9z,9215,MIBR,2,1,3,"Inferno,Ancient,Nuke","169068,169060,169056",9996,9z
1406,2024-01-18 15:00:00,7619,PGL CS2 Major Copenhagen 2024 Europe RMR Closed Qualifier B,12591,KOI,7020,Spirit,1,0,1,Ancient,169093,12591,KOI
2875,2024-01-18 16:00:00,7619,PGL CS2 Major Copenhagen 2024 Europe RMR Closed Qualifier B,8135,FORZE,7175,HEROIC,0,1,1,Anubis,169103,7175,HEROIC
1762,2024-01-18 17:35:00,7619,PGL CS2 Major Copenhagen 2024 Europe RMR Closed Qualifier B,4494,MOUZ,7175,HEROIC,1,0,1,Ancient,169108,4494,MOUZ
1387,2024-01-18 17:35:00,7619,PGL CS2 Major Copenhagen 2024 Europe RMR Closed Qualifier B,12591,KOI,12586,AMKAL,0,1,1,Vertigo,169112,12586,AMKAL
1018,2024-01-18 17:35:00,7619,PGL CS2 Major Copenhagen 2024 Europe RMR Closed Qualifier B,6665,Astralis,12334,Preasy,1,0,1,Nuke,169109,6665,Astralis
2176,2024-01-18 17:45:00,7392,PGL CS2 Major Copenhagen 2024 Europe RMR Closed Qualifier A,5752,Cloud9,4914,3DMAX,1,0,1,Anubis,169116,5752,Cloud9
164,2024-01-18 17:45:00,7392,PGL CS2 Major Copenhagen 2024 Europe RMR Closed Qualifier A,5378,Virtus.pro,10567,SAW,1,0,1,Ancient,169115,5378,Virtus.pro
935,2024-01-18 17:45:00,7392,PGL CS2 Major Copenhagen 2024 Europe RMR Closed Qualifier A,11883,9 Pandas,4608,Natus Vincere,0,1,1,Anubis,169114,4608,Natus Vincere
1164,2024-01-18 17:45:00,7392,PGL CS2 Major Copenhagen 2024 Europe RMR Closed Qualifier A,7532,BIG,12394,BetBoom,0,1,1,Overpass,169110,12394,BetBoom
2999,2024-01-18 23:30:00,7612,IEM Chengdu 2024 South America Closed Qualifier,9996,9z,9215,MIBR,2,1,3,"Ancient,Mirage,Nuke","169138,169137,169132",9996,9z
1407,2024-01-19 15:00:00,7619,PGL CS2 Major Copenhagen 2024 Europe RMR Closed Qualifier B,12591,KOI,7175,HEROIC,1,0,1,Nuke,169182,12591,KOI
1019,2024-01-19 15:00:00,7619,PGL CS2 Major Copenhagen 2024 Europe RMR Closed Qualifier B,12334,Preasy,7020,Spirit,0,1,1,Nuke,169184,7020,Spirit
1395,2024-01-19 16:00:00,7619,PGL CS2 Major Copenhagen 2024 Europe RMR Closed Qualifier B,12586,AMKAL,6665,Astralis,2,1,3,"Nuke,Inferno,Mirage","169211,169200,169188",12586,AMKAL
1831,2024-01-19 16:00:00,7392,PGL CS2 Major Copenhagen 2024 Europe RMR Closed Qualifier A,4608,Natus Vincere,5378,Virtus.pro,2,0,2,"Anubis,Overpass","169201,169189",4608,Natus Vincere
1138,2024-01-19 16:00:00,7392,PGL CS2 Major Copenhagen 2024 Europe RMR Closed Qualifier A,12394,BetBoom,5752,Cloud9,0,2,2,"Anubis,Nuke","169193,169187",5752,Cloud9
360,2024-01-19 16:00:00,7619,PGL CS2 Major Copenhagen 2024 Europe RMR Closed Qualifier B,11251,Eternal Fire,4494,MOUZ,2,1,3,"Nuke,Vertigo,Inferno","169203,169199,169190",11251,Eternal Fire
899,2024-01-19 19:00:00,7619,PGL CS2 Major Copenhagen 2024 Europe RMR Closed Qualifier B,8135,FORZE,11861,Aurora,2,0,2,"Overpass,Mirage","169219,169212",8135,FORZE
1022,2024-01-20 12:00:00,7619,PGL CS2 Major Copenhagen 2024 Europe RMR Closed Qualifier B,12334,Preasy,8135,FORZE,2,1,3,"Anubis,Inferno,Nuke","169307,169303,169293",12334,Preasy
1747,2024-01-20 15:00:00,7619,PGL CS2 Major Copenhagen 2024 Europe RMR Closed Qualifier B,7020,Spirit,4494,MOUZ,2,0,2,"Ancient,Mirage","169314,169306",7020,Spirit
122,2024-01-20 15:00:00,7392,PGL CS2 Major Copenhagen 2024 Europe RMR Closed Qualifier A,10567,SAW,11883,9 Pandas,2,0,2,"Overpass,Nuke","169316,169311",10567,SAW
937,2024-01-20 18:05:00,7392,PGL CS2 Major Copenhagen 2024 Europe RMR Closed Qualifier A,4914,3DMAX,11883,9 Pandas,1,2,3,"Anubis,Overpass,Inferno","169342,169333,169323",11883,9 Pandas
1014,2024-01-20 19:10:00,7619,PGL CS2 Major Copenhagen 2024 Europe RMR Closed Qualifier B,4494,MOUZ,12334,Preasy,2,1,3,"Nuke,Inferno,Ancient","169343,169335,169324",4494,MOUZ
1058,2024-01-21 02:30:00,7609,IEM Chengdu 2024 North America Closed Qualifier,12376,M80,5973,Liquid,2,1,3,"Ancient,Nuke,Inferno","169363,169361,169357",12376,M80
2096,2024-01-21 05:00:00,7397,PGL CS2 Major Copenhagen 2024 China RMR Closed Qualifier,8840,Lynn Vision,4863,TYLOO,2,0,2,"Anubis,Nuke","169368,169362",8840,Lynn Vision
1015,2024-01-21 13:00:00,7391,PGL CS2 Major Copenhagen 2024 Europe RMR Decider Qualifier,4914,3DMAX,12334,Preasy,1,2,3,"Nuke,Inferno,Vertigo","169404,169400,169397",12334,Preasy
1612,2024-01-22 11:00:00,7552,BLAST Premier Spring Groups 2024,5995,G2,4411,Ninjas in Pyjamas,2,0,2,"Anubis,Vertigo","169468,169467",5995,G2
1828,2024-01-22 12:50:00,7552,BLAST Premier Spring Groups 2024,4608,Natus Vincere,5005,Complexity,2,0,2,"Anubis,Overpass","169476,169470",4608,Natus Vincere
527,2024-01-22 17:25:00,7552,BLAST Premier Spring Groups 2024,11283,Falcons,6665,Astralis,0,2,2,"Ancient,Vertigo","169485,169483",6665,Astralis
1845,2024-01-23 11:00:00,7552,BLAST Premier Spring Groups 2024,5995,G2,4608,Natus Vincere,1,2,3,"Anubis,Inferno,Overpass","169521,169516,169511",4608,Natus Vincere
1606,2024-01-23 14:40:00,7552,BLAST Premier Spring Groups 2024,4411,Ninjas in Pyjamas,5005,Complexity,2,0,2,"Ancient,Vertigo","169524,169523",4411,Ninjas in Pyjamas
2737,2024-01-23 16:45:00,7552,BLAST Premier Spring Groups 2024,6665,Astralis,9565,Vitality,2,1,3,"Overpass,Vertigo,Mirage","169535,169532,169528",6665,Astralis
2803,2024-01-24 11:00:00,7552,BLAST Premier Spring Groups 2024,9928,GamerLegion,6667,FaZe,2,0,2,"Ancient,Overpass","169560,169558",9928,GamerLegion
2484,2024-01-24 13:35:00,7552,BLAST Premier Spring Groups 2024,7020,Spirit,5973,Liquid,1,2,3,"Ancient,Anubis,Nuke","169573,169571,169565",5973,Liquid
2394,2024-01-24 17:00:00,7552,BLAST Premier Spring Groups 2024,5378,Virtus.pro,7532,BIG,2,0,2,"Vertigo,Overpass","169579,169577",5378,Virtus.pro
2440,2024-01-24 19:15:00,7552,BLAST Premier Spring Groups 2024,5752,Cloud9,7175,HEROIC,2,0,2,"Anubis,Mirage","169583,169581",5752,Cloud9
2522,2024-01-25 11:00:00,7552,BLAST Premier Spring Groups 2024,9928,GamerLegion,5973,Liquid,0,2,2,"Mirage,Overpass","169604,169600",5973,Liquid
2761,2024-01-25 12:55:00,7552,BLAST Premier Spring Groups 2024,7020,Spirit,6667,FaZe,0,2,2,"Nuke,Anubis","169609,169607",6667,FaZe
2350,2024-01-25 15:30:00,7552,BLAST Premier Spring Groups 2024,5378,Virtus.pro,5752,Cloud9,2,1,3,"Inferno,Anubis,Overpass","169612,169611,169610",5378,Virtus.pro
2864,2024-01-25 18:55:00,7552,BLAST Premier Spring Groups 2024,7532,BIG,7175,HEROIC,2,1,3,"Anubis,Nuke,Vertigo","169622,169618,169614",7532,BIG
2079,2024-01-26 06:30:00,7595,eXTREMESLAND 2023,4863,TYLOO,6248,The MongolZ,0,1,1,Inferno,169628,6248,The MongolZ
574,2024-01-26 11:00:00,7552,BLAST Premier Spring Groups 2024,9565,Vitality,11283,Falcons,2,1,3,"Anubis,Vertigo,Nuke","169654,169653,169646",9565,Vitality
2080,2024-01-26 13:50:00,7618,IEM Chengdu 2024 Asia Closed Qualifier,6248,The MongolZ,4863,TYLOO,2,0,2,"Mirage,Overpass","169659,169656",6248,The MongolZ
1613,2024-01-26 14:35:00,7552,BLAST Premier Spring Groups 2024,5995,G2,4411,Ninjas in Pyjamas,2,0,2,"Anubis,Vertigo","169662,169658",5995,G2
2804,2024-01-26 16:40:00,7552,BLAST Premier Spring Groups 2024,6667,FaZe,9928,GamerLegion,2,1,3,"Inferno,Overpass,Ancient","169672,169669,169665",6667,FaZe
2442,2024-01-26 19:55:00,7552,BLAST Premier Spring Groups 2024,5752,Cloud9,7532,BIG,0,2,2,"Anubis,Ancient","169674,169673",7532,BIG
2738,2024-01-27 11:00:00,7552,BLAST Premier Spring Groups 2024,6665,Astralis,9565,Vitality,1,2,3,"Nuke,Mirage,Inferno","169693,169690,169688",9565,Vitality
2081,2024-01-27 13:30:00,7618,IEM Chengdu 2024 Asia Closed Qualifier,6248,The MongolZ,4863,TYLOO,0,2,2,"Mirage,Nuke","169695,169694",4863,TYLOO
1846,2024-01-27 14:25:00,7552,BLAST Premier Spring Groups 2024,5995,G2,4608,Natus Vincere,0,2,2,"Mirage,Inferno","169699,169696",4608,Natus Vincere
2477,2024-01-27 16:30:00,7552,BLAST Premier Spring Groups 2024,6667,FaZe,5973,Liquid,2,0,2,"Mirage,Nuke","169704,169702",6667,FaZe
2395,2024-01-27 18:40:00,7552,BLAST Premier Spring Groups 2024,7532,BIG,5378,Virtus.pro,0,2,2,"Anubis,Overpass","169710,169707",5378,Virtus.pro
2098,2024-01-28 04:00:00,7595,eXTREMESLAND 2023,8840,Lynn Vision,4863,TYLOO,2,0,2,"Nuke,Anubis","169714,169713",8840,Lynn Vision
2655,2024-01-28 11:00:00,7595,eXTREMESLAND 2023,8840,Lynn Vision,6248,The MongolZ,0,2,2,"Anubis,Ancient","169725,169722",6248,The MongolZ
2718,2024-01-28 13:30:00,7552,BLAST Premier Spring Groups 2024,6665,Astralis,7532,BIG,2,1,3,"Ancient,Overpass,Vertigo","169736,169733,169730",6665,Astralis
934,2024-01-28 16:00:00,7512,ESL Challenger League Season 46 Europe Relegation,11883,9 Pandas,12642,RBLS,2,1,3,"Mirage,Ancient,Vertigo","169743,169740,169735",11883,9 Pandas
2455,2024-01-28 17:30:00,7552,BLAST Premier Spring Groups 2024,5995,G2,5973,Liquid,2,0,2,"Anubis,Overpass","169747,169741",5995,G2
2711,2024-01-31 14:30:00,7551,IEM Katowice 2024 Play-in,6665,Astralis,7175,HEROIC,0,1,1,Mirage,169807,7175,HEROIC
353,2024-01-31 14:30:00,7551,IEM Katowice 2024 Play-in,12394,BetBoom,11251,Eternal Fire,0,1,1,Nuke,169809,11251,Eternal Fire
2146,2024-01-31 15:40:00,7551,IEM Katowice 2024 Play-in,4869,ENCE,7532,BIG,0,1,1,Ancient,169811,7532,BIG
1412,2024-01-31 15:55:00,7551,IEM Katowice 2024 Play-in,12642,RBLS,5752,Cloud9,1,0,1,Mirage,169812,12642,RBLS
2852,2024-01-31 16:55:00,7551,IEM Katowice 2024 Play-in,7020,Spirit,9806,Apeks,1,0,1,Ancient,169813,7020,Spirit
1094,2024-01-31 17:05:00,7551,IEM Katowice 2024 Play-in,9928,GamerLegion,12376,M80,1,0,1,Nuke,169814,9928,GamerLegion
2641,2024-01-31 17:45:00,7551,IEM Katowice 2024 Play-in,8297,FURIA,6248,The MongolZ,0,1,1,Mirage,169815,6248,The MongolZ
2863,2024-01-31 19:10:00,7551,IEM Katowice 2024 Play-in,7532,BIG,7175,HEROIC,1,2,3,"Anubis,Vertigo,Nuke","169822,169820,169818",7175,HEROIC
355,2024-01-31 19:15:00,7551,IEM Katowice 2024 Play-in,11251,Eternal Fire,12642,RBLS,2,0,2,"Mirage,Inferno","169821,169819",11251,Eternal Fire
2426,2024-02-01 12:30:00,7551,IEM Katowice 2024 Play-in,9928,GamerLegion,5378,Virtus.pro,2,1,3,"Overpass,Inferno,Vertigo","169845,169839,169833",9928,GamerLegion
2628,2024-02-01 12:30:00,7551,IEM Katowice 2024 Play-in,7020,Spirit,6248,The MongolZ,2,0,2,"Ancient,Mirage","169837,169832",7020,Spirit
1140,2024-02-01 15:30:00,7551,IEM Katowice 2024 Play-in,12394,BetBoom,5752,Cloud9,1,2,3,"Ancient,Anubis,Overpass","169861,169859,169851",5752,Cloud9
2970,2024-02-01 18:30:00,7551,IEM Katowice 2024 Play-in,8297,FURIA,9806,Apeks,1,2,3,"Ancient,Mirage,Inferno","169866,169863,169862",9806,Apeks
2135,2024-02-01 19:40:00,7551,IEM Katowice 2024 Play-in,4869,ENCE,6665,Astralis,2,0,2,"Ancient,Vertigo","169865,169864",4869,ENCE
2130,2024-02-02 15:30:00,7551,IEM Katowice 2024 Play-in,6248,The MongolZ,4869,ENCE,1,2,3,"Anubis,Nuke,Mirage","169916,169911,169905",4869,ENCE
2349,2024-02-02 15:30:00,7551,IEM Katowice 2024 Play-in,5378,Virtus.pro,5752,Cloud9,1,2,3,"Ancient,Anubis,Overpass","169913,169910,169904",5752,Cloud9
1033,2024-02-02 18:35:00,7551,IEM Katowice 2024 Play-in,12642,RBLS,12376,M80,2,0,2,"Vertigo,Nuke","169922,169918",12642,RBLS
2923,2024-02-02 19:00:00,7551,IEM Katowice 2024 Play-in,7532,BIG,9806,Apeks,1,2,3,"Ancient,Vertigo,Inferno","169927,169924,169921",9806,Apeks
335,2024-02-03 12:30:00,7435,IEM Katowice 2024,11251,Eternal Fire,11283,Falcons,2,0,2,"Nuke,Vertigo","169951,169945",11251,Eternal Fire
2568,2024-02-03 12:30:00,7435,IEM Katowice 2024,7175,HEROIC,5995,G2,1,2,3,"Nuke,Anubis,Overpass","169959,169954,169946",5995,G2
135,2024-02-03 14:00:00,7668,RTP Arena Spring Cup 2024 - BLAST Premier Qualifier,12591,KOI,10567,SAW,1,2,3,"Ancient,Vertigo,Nuke","169965,169963,169953",10567,SAW
1413,2024-02-03 15:30:00,7435,IEM Katowice 2024,12642,RBLS,6667,FaZe,0,2,2,"Ancient,Nuke","169967,169964",6667,FaZe
1889,2024-02-03 16:25:00,7435,IEM Katowice 2024,4608,Natus Vincere,7020,Spirit,1,2,3,"Mirage,Anubis,Ancient","169982,169973,169966",7020,Spirit
2344,2024-02-03 18:30:00,7435,IEM Katowice 2024,9806,Apeks,5005,Complexity,0,2,2,"Overpass,Vertigo","169986,169981",5005,Complexity
2157,2024-02-03 19:50:00,7435,IEM Katowice 2024,9565,Vitality,4869,ENCE,1,2,3,"Nuke,Anubis,Vertigo","169998,169992,169987",4869,ENCE
1693,2024-02-04 12:30:00,7435,IEM Katowice 2024,4494,MOUZ,5752,Cloud9,2,1,3,"Ancient,Mirage,Overpass","170039,170033,170025",4494,MOUZ
794,2024-02-04 12:30:00,7435,IEM Katowice 2024,9928,GamerLegion,11811,Monte,2,0,2,"Ancient,Overpass","170032,170024",9928,GamerLegion
2322,2024-02-04 15:30:00,7435,IEM Katowice 2024,7020,Spirit,5005,Complexity,2,0,2,"Overpass,Ancient","170048,170043",7020,Spirit
1935,2024-02-04 16:30:00,7435,IEM Katowice 2024,4608,Natus Vincere,9806,Apeks,2,1,3,"Mirage,Anubis,Ancient","170062,170053,170050",4608,Natus Vincere
457,2024-02-04 18:30:00,7435,IEM Katowice 2024,12642,RBLS,11283,Falcons,1,2,3,"Nuke,Anubis,Vertigo","170070,170063,170061",11283,Falcons
403,2024-02-04 20:00:00,7435,IEM Katowice 2024,6667,FaZe,11251,Eternal Fire,2,1,3,"Nuke,Anubis,Inferno","170076,170073,170064",6667,FaZe
3006,2024-02-04 21:00:00,7626,Ace South American Masters Spring 2024 - BLAST Premier Qualifier,9455,Imperial,9996,9z,2,0,2,"Overpass,Mirage","170075,170071",9455,Imperial
597,2024-02-05 09:00:00,7640,European Pro League Season 13,11419,ECSTATIC,12334,Preasy,2,1,3,"Vertigo,Ancient,Anubis","170086,170083,170082",11419,ECSTATIC
766,2024-02-05 12:30:00,7435,IEM Katowice 2024,5752,Cloud9,11811,Monte,0,2,2,"Mirage,Overpass","170094,170090",11811,Monte
2891,2024-02-05 12:30:00,7435,IEM Katowice 2024,9565,Vitality,7175,HEROIC,1,2,3,"Vertigo,Anubis,Mirage","170098,170095,170091",7175,HEROIC
1802,2024-02-05 15:30:00,7435,IEM Katowice 2024,9928,GamerLegion,4494,MOUZ,0,2,2,"Ancient,Overpass","170103,170100",4494,MOUZ
2127,2024-02-05 16:30:00,7435,IEM Katowice 2024,5995,G2,4869,ENCE,0,2,2,"Anubis,Mirage","170104,170102",4869,ENCE
498,2024-02-05 18:30:00,7435,IEM Katowice 2024,5005,Complexity,11283,Falcons,1,2,3,"Anubis,Overpass,Ancient","170109,170107,170105",11283,Falcons
365,2024-02-05 18:45:00,7435,IEM Katowice 2024,4608,Natus Vincere,11251,Eternal Fire,2,1,3,"Anubis,Mirage,Nuke","170110,170108,170106",4608,Natus Vincere
768,2024-02-06 12:30:00,7435,IEM Katowice 2024,11811,Monte,5995,G2,1,2,3,"Anubis,Vertigo,Nuke","170120,170117,170114",5995,G2
2895,2024-02-06 12:30:00,7435,IEM Katowice 2024,9928,GamerLegion,7175,HEROIC,1,2,3,"Nuke,Mirage,Overpass","170119,170118,170115",7175,HEROIC
2757,2024-02-06 15:30:00,7435,IEM Katowice 2024,7020,Spirit,6667,FaZe,2,0,2,"Nuke,Mirage","170129,170124",7020,Spirit
475,2024-02-06 15:30:00,7435,IEM Katowice 2024,11283,Falcons,4608,Natus Vincere,2,0,2,"Mirage,Ancient","170130,170125",11283,Falcons
2569,2024-02-06 18:30:00,7435,IEM Katowice 2024,7175,HEROIC,5995,G2,0,2,2,"Nuke,Vertigo","170134,170132",5995,G2
1673,2024-02-06 18:30:00,7435,IEM Katowice 2024,4869,ENCE,4494,MOUZ,0,2,2,"Ancient,Vertigo","170133,170131",4494,MOUZ
598,2024-02-09 09:00:00,7640,European Pro League Season 13,11419,ECSTATIC,12334,Preasy,2,3,5,"Nuke,Inferno,Ancient,Overpass,Vertigo","170200,170198,170197,170194,170193",12334,Preasy
2543,2024-02-09 15:15:00,7435,IEM Katowice 2024,5995,G2,6667,FaZe,0,2,2,"Ancient,Inferno","170210,170206",6667,FaZe
2166,2024-02-09 17:30:00,7682,RES Western European Masters Spring 2024 - BLAST Premier Qualifier,4914,3DMAX,4991,fnatic,1,0,1,Vertigo,170212,4914,3DMAX
487,2024-02-09 18:30:00,7435,IEM Katowice 2024,4869,ENCE,11283,Falcons,1,2,3,"Nuke,Overpass,Mirage","170219,170218,170213",11283,Falcons
1730,2024-02-10 15:15:00,7435,IEM Katowice 2024,6667,FaZe,4494,MOUZ,2,0,2,"Ancient,Nuke","170238,170234",6667,FaZe
545,2024-02-10 18:30:00,7435,IEM Katowice 2024,11283,Falcons,7020,Spirit,0,2,2,"Ancient,Anubis","170249,170248",7020,Spirit
2758,2024-02-11 16:00:00,7435,IEM Katowice 2024,7020,Spirit,6667,FaZe,3,0,3,"Overpass,Mirage,Nuke","170275,170271,170269",7020,Spirit
2252,2024-02-11 16:30:00,7682,RES Western European Masters Spring 2024 - BLAST Premier Qualifier,9806,Apeks,4914,3DMAX,2,0,2,"Inferno,Ancient","170274,170270",9806,Apeks
686,2024-02-11 19:20:00,7682,RES Western European Masters Spring 2024 - BLAST Premier Qualifier,11641,Metizport,9806,Apeks,2,1,3,"Inferno,Ancient,Mirage","170280,170279,170277",11641,Metizport
939,2024-02-14 11:00:00,7259,PGL CS2 Major Copenhagen 2024 Europe RMR A,6667,FaZe,11883,9 Pandas,1,0,1,Mirage,170367,6667,FaZe
163,2024-02-14 11:00:00,7259,PGL CS2 Major Copenhagen 2024 Europe RMR A,5378,Virtus.pro,10567,SAW,1,0,1,Ancient,170368,5378,Virtus.pro
1402,2024-02-14 12:00:00,7259,PGL CS2 Major Copenhagen 2024 Europe RMR A,4608,Natus Vincere,12591,KOI,1,0,1,Ancient,170370,4608,Natus Vincere
358,2024-02-14 13:05:00,7259,PGL CS2 Major Copenhagen 2024 Europe RMR A,11251,Eternal Fire,4411,Ninjas in Pyjamas,1,0,1,Overpass,170375,11251,Eternal Fire
490,2024-02-14 14:20:00,7259,PGL CS2 Major Copenhagen 2024 Europe RMR A,4914,3DMAX,11283,Falcons,0,1,1,Nuke,170378,11283,Falcons
1130,2024-02-14 14:20:00,7259,PGL CS2 Major Copenhagen 2024 Europe RMR A,12394,BetBoom,4991,fnatic,0,1,1,Anubis,170377,4991,fnatic
121,2024-02-14 16:00:00,7259,PGL CS2 Major Copenhagen 2024 Europe RMR A,10567,SAW,11883,9 Pandas,0,1,1,Anubis,170379,11883,9 Pandas
1388,2024-02-14 16:00:00,7259,PGL CS2 Major Copenhagen 2024 Europe RMR A,12586,AMKAL,4411,Ninjas in Pyjamas,1,0,1,Overpass,170380,12586,AMKAL
534,2024-02-14 17:40:00,7259,PGL CS2 Major Copenhagen 2024 Europe RMR A,6667,FaZe,11283,Falcons,1,0,1,Nuke,170386,6667,FaZe
1404,2024-02-14 18:00:00,7259,PGL CS2 Major Copenhagen 2024 Europe RMR A,4914,3DMAX,12591,KOI,0,1,1,Nuke,170388,12591,KOI
388,2024-02-14 18:40:00,7259,PGL CS2 Major Copenhagen 2024 Europe RMR A,5995,G2,11251,Eternal Fire,1,0,1,Nuke,170390,5995,G2
2263,2024-02-14 19:10:00,7259,PGL CS2 Major Copenhagen 2024 Europe RMR A,5378,Virtus.pro,4991,fnatic,1,0,1,Ancient,170392,5378,Virtus.pro
932,2024-02-15 11:00:00,7259,PGL CS2 Major Copenhagen 2024 Europe RMR A,11883,9 Pandas,12591,KOI,0,1,1,Inferno,170430,12591,KOI
334,2024-02-15 11:00:00,7259,PGL CS2 Major Copenhagen 2024 Europe RMR A,11251,Eternal Fire,11283,Falcons,1,0,1,Nuke,170427,11251,Eternal Fire
1392,2024-02-15 11:55:00,7259,PGL CS2 Major Copenhagen 2024 Europe RMR A,4991,fnatic,12586,AMKAL,1,0,1,Overpass,170434,4991,fnatic
2542,2024-02-15 13:15:00,7259,PGL CS2 Major Copenhagen 2024 Europe RMR A,5995,G2,6667,FaZe,2,0,2,"Ancient,Anubis","170438,170436",5995,G2
141,2024-02-15 13:25:00,7259,PGL CS2 Major Copenhagen 2024 Europe RMR A,4411,Ninjas in Pyjamas,10567,SAW,0,2,2,"Nuke,Ancient","170439,170437",10567,SAW
1830,2024-02-15 15:35:00,7259,PGL CS2 Major Copenhagen 2024 Europe RMR A,4608,Natus Vincere,5378,Virtus.pro,0,2,2,"Anubis,Ancient","170445,170441",5378,Virtus.pro
3007,2024-02-15 23:25:00,7643,IEM Dallas 2024 South America Open Qualifier 1,9455,Imperial,9996,9z,2,0,2,"Nuke,Mirage","170465,170464",9455,Imperial
456,2024-02-16 11:00:00,7259,PGL CS2 Major Copenhagen 2024 Europe RMR A,11283,Falcons,12586,AMKAL,1,2,3,"Mirage,Ancient,Vertigo","170492,170488,170482",12586,AMKAL
1405,2024-02-16 11:00:00,7259,PGL CS2 Major Copenhagen 2024 Europe RMR A,12591,KOI,4991,fnatic,2,0,2,"Ancient,Vertigo","170489,170484",12591,KOI
402,2024-02-16 13:40:00,7259,PGL CS2 Major Copenhagen 2024 Europe RMR A,11251,Eternal Fire,6667,FaZe,0,2,2,"Nuke,Overpass","170508,170496",6667,FaZe
936,2024-02-16 14:05:00,7259,PGL CS2 Major Copenhagen 2024 Europe RMR A,4914,3DMAX,11883,9 Pandas,1,2,3,"Ancient,Overpass,Nuke","170513,170509,170501",11883,9 Pandas
1121,2024-02-16 16:20:00,7259,PGL CS2 Major Copenhagen 2024 Europe RMR A,4608,Natus Vincere,12394,BetBoom,2,1,3,"Nuke,Anubis,Overpass","170526,170519,170512",4608,Natus Vincere
931,2024-02-17 11:00:00,7259,PGL CS2 Major Copenhagen 2024 Europe RMR A,11883,9 Pandas,12586,AMKAL,1,2,3,"Nuke,Overpass,Inferno","170558,170555,170553",12586,AMKAL
158,2024-02-17 14:25:00,7259,PGL CS2 Major Copenhagen 2024 Europe RMR A,10567,SAW,4991,fnatic,2,0,2,"Overpass,Vertigo","170565,170562",10567,SAW
724,2024-02-17 15:30:00,7683,RES Eastern European Masters Spring 2024 - BLAST Premier Qualifier,11861,Aurora,11811,Monte,0,1,1,Mirage,170569,11811,Monte
350,2024-02-17 16:10:00,7259,PGL CS2 Major Copenhagen 2024 Europe RMR A,11251,Eternal Fire,12394,BetBoom,2,0,2,"Vertigo,Mirage","170574,170571",11251,Eternal Fire
725,2024-02-18 19:30:00,7683,RES Eastern European Masters Spring 2024 - BLAST Premier Qualifier,11811,Monte,11861,Aurora,2,1,3,"Ancient,Nuke,Mirage","170652,170645,170642",11811,Monte
3013,2024-02-19 11:00:00,7577,PGL CS2 Major Copenhagen 2024 Europe RMR B,9565,Vitality,9928,GamerLegion,1,0,1,Nuke,170662,9565,Vitality
1384,2024-02-19 11:00:00,7577,PGL CS2 Major Copenhagen 2024 Europe RMR B,4494,MOUZ,12527,Guild Eagles,1,0,1,Ancient,170663,4494,MOUZ
2140,2024-02-19 11:50:00,7577,PGL CS2 Major Copenhagen 2024 Europe RMR B,7020,Spirit,4869,ENCE,1,0,1,Overpass,170665,7020,Spirit
595,2024-02-19 12:15:00,7577,PGL CS2 Major Copenhagen 2024 Europe RMR B,11419,ECSTATIC,11811,Monte,1,0,1,Anubis,170667,11419,ECSTATIC
100,2024-02-19 12:35:00,7577,PGL CS2 Major Copenhagen 2024 Europe RMR B,10503,OG,9806,Apeks,0,1,1,Ancient,170668,9806,Apeks
1020,2024-02-19 14:20:00,7577,PGL CS2 Major Copenhagen 2024 Europe RMR B,12334,Preasy,7175,HEROIC,0,1,1,Ancient,170672,7175,HEROIC
1385,2024-02-19 16:30:00,7577,PGL CS2 Major Copenhagen 2024 Europe RMR B,12527,Guild Eagles,4869,ENCE,0,1,1,Anubis,170673,4869,ENCE
60,2024-02-19 17:30:00,7577,PGL CS2 Major Copenhagen 2024 Europe RMR B,12334,Preasy,10503,OG,0,1,1,Vertigo,170676,10503,OG
2450,2024-02-19 18:40:00,7577,PGL CS2 Major Copenhagen 2024 Europe RMR B,5752,Cloud9,9806,Apeks,1,0,1,Mirage,170680,5752,Cloud9
606,2024-02-19 18:40:00,7577,PGL CS2 Major Copenhagen 2024 Europe RMR B,4494,MOUZ,11419,ECSTATIC,1,0,1,Overpass,170679,4494,MOUZ
2894,2024-02-19 19:40:00,7577,PGL CS2 Major Copenhagen 2024 Europe RMR B,9565,Vitality,7175,HEROIC,1,0,1,Overpass,170681,9565,Vitality
2702,2024-02-19 19:50:00,7577,PGL CS2 Major Copenhagen 2024 Europe RMR B,7020,Spirit,6665,Astralis,1,0,1,Vertigo,170682,7020,Spirit
51,2024-02-20 11:00:00,7577,PGL CS2 Major Copenhagen 2024 Europe RMR B,11419,ECSTATIC,10503,OG,1,0,1,Inferno,170702,11419,ECSTATIC
792,2024-02-20 11:00:00,7577,PGL CS2 Major Copenhagen 2024 Europe RMR B,11811,Monte,9806,Apeks,0,1,1,Anubis,170701,9806,Apeks
2163,2024-02-20 12:00:00,7577,PGL CS2 Major Copenhagen 2024 Europe RMR B,9928,GamerLegion,4869,ENCE,0,1,1,Nuke,170703,4869,ENCE
2712,2024-02-20 12:15:00,7577,PGL CS2 Major Copenhagen 2024 Europe RMR B,6665,Astralis,7175,HEROIC,0,1,1,Mirage,170704,7175,HEROIC
2449,2024-02-20 13:20:00,7577,PGL CS2 Major Copenhagen 2024 Europe RMR B,5752,Cloud9,9565,Vitality,2,1,3,"Anubis,Inferno,Overpass","170713,170711,170707",5752,Cloud9
1746,2024-02-20 16:25:00,7577,PGL CS2 Major Copenhagen 2024 Europe RMR B,4494,MOUZ,7020,Spirit,2,0,2,"Mirage,Vertigo","170720,170716",4494,MOUZ
620,2024-02-21 11:00:00,7577,PGL CS2 Major Copenhagen 2024 Europe RMR B,11419,ECSTATIC,9806,Apeks,1,2,3,"Anubis,Ancient,Inferno","170759,170756,170752",9806,Apeks
772,2024-02-21 11:00:00,7577,PGL CS2 Major Copenhagen 2024 Europe RMR B,11811,Monte,6665,Astralis,1,2,3,"Overpass,Vertigo,Ancient","170757,170754,170750",6665,Astralis
101,2024-02-21 14:00:00,7577,PGL CS2 Major Copenhagen 2024 Europe RMR B,9928,GamerLegion,10503,OG,2,0,2,"Mirage,Overpass","170764,170761",9928,GamerLegion
2158,2024-02-21 14:40:00,7577,PGL CS2 Major Copenhagen 2024 Europe RMR B,4869,ENCE,9565,Vitality,0,2,2,"Nuke,Vertigo","170765,170762",9565,Vitality
1013,2024-02-21 16:00:00,7577,PGL CS2 Major Copenhagen 2024 Europe RMR B,12527,Guild Eagles,12334,Preasy,2,1,3,"Overpass,Ancient,Inferno","170777,170768,170766",12527,Guild Eagles
2814,2024-02-21 16:40:00,7577,PGL CS2 Major Copenhagen 2024 Europe RMR B,7020,Spirit,7175,HEROIC,2,0,2,"Nuke,Anubis","170776,170767",7020,Spirit
2136,2024-02-22 11:00:00,7577,PGL CS2 Major Copenhagen 2024 Europe RMR B,4869,ENCE,6665,Astralis,2,0,2,"Ancient,Vertigo","170813,170811",4869,ENCE
604,2024-02-22 13:15:00,7577,PGL CS2 Major Copenhagen 2024 Europe RMR B,11419,ECSTATIC,12527,Guild Eagles,2,1,3,"Overpass,Inferno,Ancient","170817,170816,170814",11419,ECSTATIC
2896,2024-02-22 16:00:00,7577,PGL CS2 Major Copenhagen 2024 Europe RMR B,9928,GamerLegion,7175,HEROIC,0,2,2,"Mirage,Overpass","170819,170818",7175,HEROIC
2955,2024-02-22 19:30:00,7645,IEM Dallas 2024 South America Closed Qualifier,9455,Imperial,8297,FURIA,0,2,2,"Vertigo,Nuke","170823,170820",8297,FURIA
938,2024-02-23 11:00:00,7578,PGL CS2 Major Copenhagen 2024 Europe Last Chance Qualifier,6665,Astralis,11883,9 Pandas,0,2,2,"Nuke,Overpass","170847,170846",11883,9 Pandas
1102,2024-02-23 13:20:00,7578,PGL CS2 Major Copenhagen 2024 Europe Last Chance Qualifier,12527,Guild Eagles,12394,BetBoom,2,0,2,"Ancient,Overpass","170849,170848",12527,Guild Eagles
2286,2024-02-23 15:20:00,7578,PGL CS2 Major Copenhagen 2024 Europe Last Chance Qualifier,9928,GamerLegion,4991,fnatic,2,0,2,"Ancient,Vertigo","170852,170850",9928,GamerLegion
1386,2024-02-24 11:00:00,7578,PGL CS2 Major Copenhagen 2024 Europe Last Chance Qualifier,9928,GamerLegion,12527,Guild Eagles,2,0,2,"Mirage,Vertigo","170871,170867",9928,GamerLegion
944,2024-02-24 13:50:00,7578,PGL CS2 Major Copenhagen 2024 Europe Last Chance Qualifier,11883,9 Pandas,9928,GamerLegion,2,1,3,"Nuke,Ancient,Overpass","170896,170893,170883",11883,9 Pandas
678,2024-02-27 17:00:00,7664,ESL Challenger Melbourne 2024 Europe Open Qualifier,11641,Metizport,12527,Guild Eagles,0,1,1,Mirage,171051,12527,Guild Eagles
2653,2024-02-28 02:00:00,7260,PGL CS2 Major Copenhagen 2024 Asia RMR,6248,The MongolZ,8840,Lynn Vision,2,0,2,"Nuke,Ancient","171073,171072",6248,The MongolZ
1016,2024-02-28 19:00:00,7709,RES Regional Series 1 Europe,12334,Preasy,4991,fnatic,2,1,3,"Vertigo,Overpass,Inferno","171126,171123,171119",12334,Preasy
1408,2024-02-29 14:30:00,7665,ESL Challenger Melbourne 2024 Europe Closed Qualifier,7865,HAVU,12591,KOI,0,2,2,"Vertigo,Ancient","171145,171141",12591,KOI
607,2024-02-29 19:00:00,7709,RES Regional Series 1 Europe,4914,3DMAX,11419,ECSTATIC,2,0,2,"Overpass,Anubis","171157,171154",4914,3DMAX
1396,2024-03-01 10:00:00,7709,RES Regional Series 1 Europe,7532,BIG,12586,AMKAL,2,1,3,"Vertigo,Ancient,Overpass","171164,171162,171161",7532,BIG
1012,2024-03-01 19:00:00,7709,RES Regional Series 1 Europe,12394,BetBoom,12334,Preasy,2,0,2,"Vertigo,Anubis","171180,171179",12394,BetBoom
1316,2024-03-01 21:25:00,7261,PGL CS2 Major Copenhagen 2024 Americas RMR,4773,paiN,12468,Legacy,1,0,1,Overpass,171184,4773,paiN
2499,2024-03-02 17:00:00,7261,PGL CS2 Major Copenhagen 2024 Americas RMR,8297,FURIA,5973,Liquid,1,0,1,Mirage,171221,8297,FURIA
756,2024-03-02 19:00:00,7709,RES Regional Series 1 Europe,4914,3DMAX,11811,Monte,2,0,2,"Vertigo,Nuke","171230,171227",4914,3DMAX
596,2024-03-03 10:00:00,7709,RES Regional Series 1 Europe,11811,Monte,11419,ECSTATIC,0,2,2,"Nuke,Ancient","171243,171240",11419,ECSTATIC
1017,2024-03-03 13:00:00,7709,RES Regional Series 1 Europe,12334,Preasy,4991,fnatic,1,2,3,"Vertigo,Ancient,Inferno","171251,171248,171244",4991,fnatic
2035,2024-03-03 17:55:00,7261,PGL CS2 Major Copenhagen 2024 Americas RMR,9455,Imperial,4773,paiN,2,0,2,"Nuke,Mirage","171279,171271",9455,Imperial
608,2024-03-03 18:10:00,7652,IEM Dallas 2024 Europe Open Qualifier 1,4991,fnatic,11419,ECSTATIC,0,1,1,Anubis,171275,11419,ECSTATIC
1011,2024-03-03 18:15:00,7652,IEM Dallas 2024 Europe Open Qualifier 1,12334,Preasy,12394,BetBoom,1,0,1,Ancient,171272,12334,Preasy
599,2024-03-03 19:30:00,7652,IEM Dallas 2024 Europe Open Qualifier 1,12334,Preasy,11419,ECSTATIC,2,1,3,"Ancient,Overpass,Nuke","171298,171292,171283",12334,Preasy
2335,2024-03-03 19:45:00,7261,PGL CS2 Major Copenhagen 2024 Americas RMR,8297,FURIA,5005,Complexity,2,1,3,"Nuke,Vertigo,Overpass","171300,171295,171287",8297,FURIA
1357,2024-03-03 21:20:00,7261,PGL CS2 Major Copenhagen 2024 Americas RMR,12468,Legacy,9215,MIBR,2,0,2,"Vertigo,Anubis","171301,171297",12468,Legacy
600,2024-03-04 10:00:00,7709,RES Regional Series 1 Europe,12394,BetBoom,11419,ECSTATIC,2,1,3,"Overpass,Vertigo,Anubis","171312,171308,171305",12394,BetBoom
2167,2024-03-04 13:00:00,7709,RES Regional Series 1 Europe,4914,3DMAX,4991,fnatic,1,2,3,"Mirage,Overpass,Anubis","171327,171323,171322",4991,fnatic
2298,2024-03-04 21:10:00,7261,PGL CS2 Major Copenhagen 2024 Americas RMR,5005,Complexity,5973,Liquid,2,1,3,"Overpass,Anubis,Inferno","171342,171341,171340",5005,Complexity
114,2024-03-05 19:00:00,7620,ESL Challenger League Season 47 Europe,11811,Monte,10567,SAW,0,2,2,"Vertigo,Nuke","171388,171383",10567,SAW
933,2024-03-06 19:00:00,7620,ESL Challenger League Season 47 Europe,11883,9 Pandas,12591,KOI,1,2,3,"Ancient,Overpass,Nuke","171469,171468,171447",12591,KOI
432,2024-03-06 19:15:00,7553,BLAST Premier Spring Showdown 2024,11283,Falcons,11641,Metizport,1,2,3,"Vertigo,Overpass,Mirage","171466,171460,171451",11641,Metizport
170,2024-03-07 14:30:00,7553,BLAST Premier Spring Showdown 2024,10567,SAW,5973,Liquid,2,1,3,"Ancient,Inferno,Nuke","171514,171508,171502",10567,SAW
85,2024-03-07 18:10:00,7553,BLAST Premier Spring Showdown 2024,5005,Complexity,10503,OG,1,2,3,"Ancient,Anubis,Inferno","171544,171536,171524",10503,OG
789,2024-03-07 21:40:00,7553,BLAST Premier Spring Showdown 2024,9455,Imperial,11811,Monte,0,2,2,"Mirage,Nuke","171554,171550",11811,Monte
2924,2024-03-08 16:20:00,7553,BLAST Premier Spring Showdown 2024,7532,BIG,9928,GamerLegion,2,1,3,"Ancient,Overpass,Vertigo","171596,171591,171583",7532,BIG
169,2024-03-08 19:15:00,7553,BLAST Premier Spring Showdown 2024,10567,SAW,5752,Cloud9,2,0,2,"Overpass,Nuke","171604,171598",10567,SAW
90,2024-03-09 14:30:00,7553,BLAST Premier Spring Showdown 2024,10503,OG,7175,HEROIC,2,0,2,"Mirage,Vertigo","171638,171630",10503,OG
671,2024-03-09 16:20:00,7553,BLAST Premier Spring Showdown 2024,11641,Metizport,11811,Monte,2,0,2,"Mirage,Vertigo","171650,171643",11641,Metizport
2821,2024-03-09 19:00:00,7553,BLAST Premier Spring Showdown 2024,7532,BIG,7020,Spirit,0,2,2,"Vertigo,Anubis","171670,171668",7020,Spirit
46,2024-03-10 17:00:00,7553,BLAST Premier Spring Showdown 2024,10503,OG,10567,SAW,0,2,2,"Overpass,Ancient","171711,171708",10567,SAW
681,2024-03-10 19:15:00,7553,BLAST Premier Spring Showdown 2024,11641,Metizport,7020,Spirit,1,2,3,"Nuke,Mirage,Vertigo","171732,171729,171721",7020,Spirit
680,2024-03-11 14:30:00,7654,IEM Dallas 2024 Europe Closed Qualifier,4869,ENCE,11641,Metizport,2,1,3,"Ancient,Nuke,Vertigo","171765,171760,171753",4869,ENCE
1021,2024-03-11 14:30:00,7654,IEM Dallas 2024 Europe Closed Qualifier,7175,HEROIC,12334,Preasy,2,1,3,"Ancient,Vertigo,Nuke","171770,171761,171754",7175,HEROIC
1410,2024-03-11 14:30:00,7654,IEM Dallas 2024 Europe Closed Qualifier,9806,Apeks,12591,KOI,2,1,3,"Anubis,Ancient,Vertigo","171776,171763,171755",9806,Apeks
677,2024-03-11 18:30:00,7654,IEM Dallas 2024 Europe Closed Qualifier,11641,Metizport,12334,Preasy,2,1,3,"Ancient,Inferno,Vertigo","171801,171794,171785",11641,Metizport
2142,2024-03-11 18:30:00,7654,IEM Dallas 2024 Europe Closed Qualifier,4869,ENCE,7175,HEROIC,1,2,3,"Overpass,Nuke,Ancient","171798,171792,171783",7175,HEROIC
2423,2024-03-11 19:00:00,7654,IEM Dallas 2024 Europe Closed Qualifier,5378,Virtus.pro,9806,Apeks,2,1,3,"Mirage,Anubis,Overpass","171802,171796,171790",5378,Virtus.pro
685,2024-03-12 14:30:00,7654,IEM Dallas 2024 Europe Closed Qualifier,9806,Apeks,11641,Metizport,1,2,3,"Inferno,Mirage,Ancient","171834,171830,171825",11641,Metizport
2390,2024-03-12 18:30:00,7654,IEM Dallas 2024 Europe Closed Qualifier,5378,Virtus.pro,7175,HEROIC,2,0,2,"Mirage,Overpass","171851,171846",5378,Virtus.pro
682,2024-03-13 14:30:00,7654,IEM Dallas 2024 Europe Closed Qualifier,7175,HEROIC,11641,Metizport,2,0,2,"Anubis,Vertigo","171899,171897",7175,HEROIC
392,2024-03-17 12:00:00,7258,PGL CS2 Major Copenhagen 2024 Opening Stage,11251,Eternal Fire,6248,The MongolZ,1,0,1,Nuke,172137,11251,Eternal Fire
612,2024-03-17 12:00:00,7258,PGL CS2 Major Copenhagen 2024 Opening Stage,11419,ECSTATIC,5752,Cloud9,0,1,1,Ancient,172138,5752,Cloud9
2051,2024-03-17 13:00:00,7258,PGL CS2 Major Copenhagen 2024 Opening Stage,9806,Apeks,4773,paiN,0,1,1,Vertigo,172139,4773,paiN
2156,2024-03-17 13:15:00,7258,PGL CS2 Major Copenhagen 2024 Opening Stage,9455,Imperial,4869,ENCE,1,0,1,Anubis,172140,9455,Imperial
2882,2024-03-17 14:05:00,7258,PGL CS2 Major Copenhagen 2024 Opening Stage,7175,HEROIC,8840,Lynn Vision,1,0,1,Nuke,172143,7175,HEROIC
134,2024-03-17 15:00:00,7258,PGL CS2 Major Copenhagen 2024 Opening Stage,10567,SAW,12591,KOI,1,0,1,Nuke,172148,10567,SAW
1400,2024-03-17 15:05:00,7258,PGL CS2 Major Copenhagen 2024 Opening Stage,9928,GamerLegion,12586,AMKAL,1,0,1,Overpass,172149,9928,GamerLegion
1351,2024-03-17 16:10:00,7258,PGL CS2 Major Copenhagen 2024 Opening Stage,8297,FURIA,12468,Legacy,0,1,1,Ancient,172152,12468,Legacy
614,2024-03-17 18:00:00,7258,PGL CS2 Major Copenhagen 2024 Opening Stage,11419,ECSTATIC,6248,The MongolZ,1,0,1,Nuke,172156,11419,ECSTATIC
369,2024-03-17 18:00:00,7258,PGL CS2 Major Copenhagen 2024 Opening Stage,4773,paiN,11251,Eternal Fire,0,1,1,Anubis,172155,11251,Eternal Fire
2889,2024-03-17 18:55:00,7258,PGL CS2 Major Copenhagen 2024 Opening Stage,7175,HEROIC,9455,Imperial,1,0,1,Mirage,172161,7175,HEROIC
1397,2024-03-17 19:05:00,7258,PGL CS2 Major Copenhagen 2024 Opening Stage,9806,Apeks,12586,AMKAL,1,0,1,Overpass,172163,9806,Apeks
1327,2024-03-17 20:20:00,7258,PGL CS2 Major Copenhagen 2024 Opening Stage,12468,Legacy,5752,Cloud9,0,1,1,Overpass,172171,5752,Cloud9
1403,2024-03-17 20:30:00,7258,PGL CS2 Major Copenhagen 2024 Opening Stage,12591,KOI,4869,ENCE,0,1,1,Nuke,172176,4869,ENCE
199,2024-03-17 21:25:00,7258,PGL CS2 Major Copenhagen 2024 Opening Stage,9928,GamerLegion,10567,SAW,0,1,1,Vertigo,172180,10567,SAW
2944,2024-03-17 21:40:00,7258,PGL CS2 Major Copenhagen 2024 Opening Stage,8297,FURIA,8840,Lynn Vision,0,1,1,Nuke,172181,8840,Lynn Vision
1944,2024-03-18 12:00:00,7258,PGL CS2 Major Copenhagen 2024 Opening Stage,4773,paiN,4869,ENCE,1,0,1,Nuke,172197,4773,paiN
3004,2024-03-18 12:00:00,7258,PGL CS2 Major Copenhagen 2024 Opening Stage,9455,Imperial,9806,Apeks,1,0,1,Overpass,172198,9455,Imperial
618,2024-03-18 12:50:00,7258,PGL CS2 Major Copenhagen 2024 Opening Stage,8840,Lynn Vision,11419,ECSTATIC,0,1,1,Overpass,172200,11419,ECSTATIC
1369,2024-03-18 13:05:00,7258,PGL CS2 Major Copenhagen 2024 Opening Stage,9928,GamerLegion,12468,Legacy,1,0,1,Vertigo,172199,9928,GamerLegion
410,2024-03-18 13:55:00,7258,PGL CS2 Major Copenhagen 2024 Opening Stage,11251,Eternal Fire,7175,HEROIC,0,2,2,"Mirage,Vertigo","172207,172202",7175,HEROIC
1394,2024-03-18 13:55:00,7258,PGL CS2 Major Copenhagen 2024 Opening Stage,6248,The MongolZ,12586,AMKAL,2,1,3,"Inferno,Mirage,Nuke","172209,172206,172201",6248,The MongolZ
168,2024-03-18 16:30:00,7258,PGL CS2 Major Copenhagen 2024 Opening Stage,5752,Cloud9,10567,SAW,2,0,2,"Anubis,Nuke","172215,172211",5752,Cloud9
1409,2024-03-18 17:00:00,7258,PGL CS2 Major Copenhagen 2024 Opening Stage,12591,KOI,8297,FURIA,0,2,2,"Vertigo,Overpass","172216,172214",8297,FURIA
429,2024-03-19 12:00:00,7258,PGL CS2 Major Copenhagen 2024 Opening Stage,9928,GamerLegion,11251,Eternal Fire,1,2,3,"Vertigo,Inferno,Overpass","172229,172226,172221",11251,Eternal Fire
2652,2024-03-19 12:00:00,7258,PGL CS2 Major Copenhagen 2024 Opening Stage,8840,Lynn Vision,6248,The MongolZ,0,2,2,"Anubis,Ancient","172227,172223",6248,The MongolZ
1368,2024-03-19 14:00:00,7258,PGL CS2 Major Copenhagen 2024 Opening Stage,9806,Apeks,12468,Legacy,0,2,2,"Inferno,Ancient","172232,172230",12468,Legacy
147,2024-03-19 15:00:00,7258,PGL CS2 Major Copenhagen 2024 Opening Stage,4773,paiN,10567,SAW,2,0,2,"Nuke,Vertigo","172235,172233",4773,paiN
619,2024-03-19 17:30:00,7258,PGL CS2 Major Copenhagen 2024 Opening Stage,11419,ECSTATIC,9455,Imperial,2,1,3,"Vertigo,Inferno,Anubis","172243,172240,172236",11419,ECSTATIC
2152,2024-03-19 17:30:00,7258,PGL CS2 Major Copenhagen 2024 Opening Stage,8297,FURIA,4869,ENCE,2,0,2,"Ancient,Mirage","172239,172237",8297,FURIA
1335,2024-03-20 12:00:00,7258,PGL CS2 Major Copenhagen 2024 Opening Stage,12468,Legacy,6248,The MongolZ,0,2,2,"Anubis,Ancient","172261,172259",6248,The MongolZ
3005,2024-03-20 13:55:00,7258,PGL CS2 Major Copenhagen 2024 Opening Stage,9455,Imperial,9928,GamerLegion,2,1,3,"Nuke,Mirage,Overpass","172267,172266,172263",9455,Imperial
192,2024-03-20 17:30:00,7258,PGL CS2 Major Copenhagen 2024 Opening Stage,8297,FURIA,10567,SAW,2,0,2,"Ancient,Vertigo","172271,172270",8297,FURIA
1855,2024-03-21 12:00:00,7148,PGL CS2 Major Copenhagen 2024,4608,Natus Vincere,6248,The MongolZ,1,0,1,Mirage,172298,4608,Natus Vincere
605,2024-03-21 12:00:00,7148,PGL CS2 Major Copenhagen 2024,4494,MOUZ,11419,ECSTATIC,1,0,1,Overpass,172299,4494,MOUZ
2413,2024-03-21 13:00:00,7148,PGL CS2 Major Copenhagen 2024,5378,Virtus.pro,9455,Imperial,0,1,1,Inferno,172302,9455,Imperial
426,2024-03-21 13:15:00,7148,PGL CS2 Major Copenhagen 2024,9565,Vitality,11251,Eternal Fire,0,1,1,Inferno,172304,11251,Eternal Fire
1952,2024-03-21 14:05:00,7148,PGL CS2 Major Copenhagen 2024,5005,Complexity,4773,paiN,1,0,1,Vertigo,172305,5005,Complexity
2768,2024-03-21 14:25:00,7148,PGL CS2 Major Copenhagen 2024,6667,FaZe,7175,HEROIC,0,1,1,Ancient,172307,7175,HEROIC
2582,2024-03-21 15:05:00,7148,PGL CS2 Major Copenhagen 2024,5995,G2,8297,FURIA,1,0,1,Inferno,172309,5995,G2
2438,2024-03-21 15:40:00,7148,PGL CS2 Major Copenhagen 2024,7020,Spirit,5752,Cloud9,1,0,1,Ancient,172311,7020,Spirit
359,2024-03-21 17:25:00,7148,PGL CS2 Major Copenhagen 2024,4494,MOUZ,11251,Eternal Fire,1,0,1,Vertigo,172317,4494,MOUZ
2664,2024-03-21 17:25:00,7148,PGL CS2 Major Copenhagen 2024,9565,Vitality,6248,The MongolZ,1,0,1,Nuke,172316,9565,Vitality
1954,2024-03-21 18:25:00,7148,PGL CS2 Major Copenhagen 2024,5378,Virtus.pro,4773,paiN,1,0,1,Inferno,172319,5378,Virtus.pro
2324,2024-03-21 18:30:00,7148,PGL CS2 Major Copenhagen 2024,5005,Complexity,7175,HEROIC,1,0,1,Vertigo,172321,5005,Complexity
611,2024-03-21 19:35:00,7148,PGL CS2 Major Copenhagen 2024,5752,Cloud9,11419,ECSTATIC,1,0,1,Overpass,172324,5752,Cloud9
1842,2024-03-21 20:05:00,7148,PGL CS2 Major Copenhagen 2024,4608,Natus Vincere,5995,G2,1,0,1,Nuke,172327,4608,Natus Vincere
2776,2024-03-21 20:25:00,7148,PGL CS2 Major Copenhagen 2024,6667,FaZe,8297,FURIA,1,0,1,Ancient,172328,6667,FaZe
2839,2024-03-21 21:15:00,7148,PGL CS2 Major Copenhagen 2024,7020,Spirit,9455,Imperial,1,0,1,Mirage,172330,7020,Spirit
2432,2024-03-22 12:00:00,7148,PGL CS2 Major Copenhagen 2024,5752,Cloud9,5995,G2,1,0,1,Anubis,172345,5752,Cloud9
2385,2024-03-22 12:00:00,7148,PGL CS2 Major Copenhagen 2024,7175,HEROIC,5378,Virtus.pro,0,1,1,Ancient,172344,5378,Virtus.pro
3003,2024-03-22 13:05:00,7148,PGL CS2 Major Copenhagen 2024,9455,Imperial,9565,Vitality,0,1,1,Overpass,172348,9565,Vitality
401,2024-03-22 13:05:00,7148,PGL CS2 Major Copenhagen 2024,11251,Eternal Fire,6667,FaZe,1,0,1,Overpass,172347,11251,Eternal Fire
1679,2024-03-22 14:05:00,7148,PGL CS2 Major Copenhagen 2024,5005,Complexity,4494,MOUZ,0,2,2,"Ancient,Overpass","172353,172350",4494,MOUZ
1970,2024-03-22 14:15:00,7148,PGL CS2 Major Copenhagen 2024,4773,paiN,6248,The MongolZ,2,1,3,"Inferno,Nuke,Mirage","172356,172354,172351",4773,paiN
1888,2024-03-22 16:30:00,7148,PGL CS2 Major Copenhagen 2024,7020,Spirit,4608,Natus Vincere,2,1,3,"Mirage,Ancient,Nuke","172369,172365,172355",7020,Spirit
617,2024-03-22 18:20:00,7148,PGL CS2 Major Copenhagen 2024,11419,ECSTATIC,8297,FURIA,2,1,3,"Ancient,Inferno,Overpass","172373,172371,172367",11419,ECSTATIC
383,2024-03-23 12:00:00,7148,PGL CS2 Major Copenhagen 2024,11251,Eternal Fire,5378,Virtus.pro,2,1,3,"Inferno,Vertigo,Overpass","172392,172388,172386",11251,Eternal Fire
2783,2024-03-23 12:00:00,7148,PGL CS2 Major Copenhagen 2024,9455,Imperial,6667,FaZe,1,2,3,"Mirage,Anubis,Nuke","172391,172389,172385",6667,FaZe
613,2024-03-23 15:30:00,7148,PGL CS2 Major Copenhagen 2024,5995,G2,11419,ECSTATIC,2,1,3,"Anubis,Vertigo,Inferno","172400,172398,172394",5995,G2
2343,2024-03-23 15:35:00,7148,PGL CS2 Major Copenhagen 2024,5005,Complexity,9565,Vitality,1,2,3,"Anubis,Vertigo,Inferno","172401,172399,172395",9565,Vitality
1997,2024-03-23 18:50:00,7148,PGL CS2 Major Copenhagen 2024,4773,paiN,7175,HEROIC,2,0,2,"Mirage,Nuke","172406,172402",4773,paiN
1835,2024-03-23 19:15:00,7148,PGL CS2 Major Copenhagen 2024,5752,Cloud9,4608,Natus Vincere,2,1,3,"Overpass,Ancient,Mirage","172411,172409,172404",5752,Cloud9
2317,2024-03-24 12:00:00,7148,PGL CS2 Major Copenhagen 2024,6667,FaZe,5005,Complexity,2,0,2,"Overpass,Nuke","172426,172423",6667,FaZe
2355,2024-03-24 13:55:00,7148,PGL CS2 Major Copenhagen 2024,5995,G2,5378,Virtus.pro,2,1,3,"Anubis,Inferno,Overpass","172434,172433,172429",5995,G2
1812,2024-03-24 18:00:00,7148,PGL CS2 Major Copenhagen 2024,4773,paiN,4608,Natus Vincere,0,2,2,"Mirage,Nuke","172436,172435",4608,Natus Vincere
673,2024-03-27 19:45:00,7723,ESL Challenger Jönköping 2024 Europe Open Qualifier,11861,Aurora,11641,Metizport,2,1,3,"Ancient,Inferno,Overpass","172514,172511,172505",11861,Aurora
2448,2024-03-28 16:00:00,7148,PGL CS2 Major Copenhagen 2024,5752,Cloud9,9565,Vitality,0,2,2,"Anubis,Inferno","172562,172556",9565,Vitality
2756,2024-03-28 18:55:00,7148,PGL CS2 Major Copenhagen 2024,6667,FaZe,7020,Spirit,2,1,3,"Vertigo,Nuke,Mirage","172583,172577,172573",6667,FaZe
364,2024-03-29 16:00:00,7148,PGL CS2 Major Copenhagen 2024,4608,Natus Vincere,11251,Eternal Fire,2,0,2,"Inferno,Mirage","172609,172603",4608,Natus Vincere
1702,2024-03-29 19:20:00,7148,PGL CS2 Major Copenhagen 2024,5995,G2,4494,MOUZ,2,0,2,"Vertigo,Inferno","172615,172612",5995,G2
2788,2024-03-30 16:00:00,7148,PGL CS2 Major Copenhagen 2024,9565,Vitality,6667,FaZe,1,2,3,"Inferno,Vertigo,Nuke","172628,172627,172626",6667,FaZe
1843,2024-03-30 19:50:00,7148,PGL CS2 Major Copenhagen 2024,4608,Natus Vincere,5995,G2,2,1,3,"Ancient,Nuke,Anubis","172632,172631,172629",4608,Natus Vincere
1876,2024-03-31 18:00:00,7148,PGL CS2 Major Copenhagen 2024,4608,Natus Vincere,6667,FaZe,2,1,3,"Inferno,Mirage,Ancient","172647,172646,172645",4608,Natus Vincere
674,2024-04-02 13:30:00,7724,ESL Challenger Jönköping 2024 Europe Closed Qualifier,11861,Aurora,11641,Metizport,2,0,2,"Inferno,Overpass","172703,172696",11861,Aurora
922,2024-04-02 17:30:00,7724,ESL Challenger Jönköping 2024 Europe Closed Qualifier,11861,Aurora,9806,Apeks,2,0,2,"Anubis,Mirage","172728,172717",11861,Aurora
795,2024-04-02 17:45:00,7724,ESL Challenger Jönköping 2024 Europe Closed Qualifier,11811,Monte,9928,GamerLegion,2,1,3,"Vertigo,Overpass,Mirage","172736,172730,172719",11811,Monte
2656,2024-04-03 12:30:00,7722,ESL Challenger Jönköping 2024 Asia Closed Qualifier,8840,Lynn Vision,6248,The MongolZ,0,2,2,"Ancient,Overpass","172794,172786",6248,The MongolZ
793,2024-04-03 13:30:00,7724,ESL Challenger Jönköping 2024 Europe Closed Qualifier,9806,Apeks,11811,Monte,0,2,2,"Mirage,Ancient","172793,172783",11811,Monte
672,2024-04-03 17:30:00,7724,ESL Challenger Jönköping 2024 Europe Closed Qualifier,11641,Metizport,11811,Monte,2,1,3,"Mirage,Anubis,Vertigo","172829,172820,172807",11641,Metizport
2028,2024-04-08 00:00:00,7771,BetBoom Dacha Belgrade 2024 South America Closed Qualifier,4773,paiN,9215,MIBR,1,2,3,"Vertigo,Nuke,Anubis","173059,173054,173052",9215,MIBR
2492,2024-04-08 04:30:00,7437,IEM Chengdu 2024,7175,HEROIC,5973,Liquid,0,1,1,Ancient,173060,5973,Liquid
2945,2024-04-08 05:50:00,7437,IEM Chengdu 2024,8297,FURIA,8840,Lynn Vision,1,0,1,Ancient,173062,8297,FURIA
1428,2024-04-08 07:00:00,7437,IEM Chengdu 2024,12774,FlyQuest,5752,Cloud9,1,0,1,Ancient,173064,12774,FlyQuest
2452,2024-04-08 09:05:00,7437,IEM Chengdu 2024,5973,Liquid,5995,G2,2,1,3,"Inferno,Anubis,Ancient","173078,173076,173070",5973,Liquid
1769,2024-04-08 12:30:00,7437,IEM Chengdu 2024,4494,MOUZ,8297,FURIA,2,1,3,"Mirage,Vertigo,Nuke","173102,173091,173081",4494,MOUZ
676,2024-04-08 14:00:00,7757,BetBoom Dacha Belgrade 2024 Europe Closed Qualifier,11883,9 Pandas,11641,Metizport,1,0,1,Ancient,173096,11883,9 Pandas
57,2024-04-08 16:45:00,7711,Skyesports Masters 2024,11861,Aurora,10503,OG,2,0,2,"Ancient,Overpass","173113,173110",11861,Aurora
675,2024-04-08 18:45:00,7757,BetBoom Dacha Belgrade 2024 Europe Closed Qualifier,11641,Metizport,11861,Aurora,0,2,2,"Mirage,Overpass","173123,173118",11861,Aurora
1426,2024-04-09 05:30:00,7437,IEM Chengdu 2024,12774,FlyQuest,5378,Virtus.pro,1,2,3,"Ancient,Vertigo,Inferno","173138,173137,173134",5378,Virtus.pro
2690,2024-04-09 09:20:00,7437,IEM Chengdu 2024,6665,Astralis,6667,FaZe,2,0,2,"Nuke,Ancient","173146,173143",6665,Astralis
797,2024-04-09 11:00:00,7757,BetBoom Dacha Belgrade 2024 Europe Closed Qualifier,11861,Aurora,11883,9 Pandas,2,0,2,"Ancient,Nuke","173152,173148",11861,Aurora
2877,2024-04-09 11:30:00,7437,IEM Chengdu 2024,8297,FURIA,7175,HEROIC,1,2,3,"Overpass,Nuke,Ancient","173160,173154,173149",7175,HEROIC
2591,2024-04-09 11:30:00,7437,IEM Chengdu 2024,8840,Lynn Vision,5995,G2,0,2,2,"Inferno,Anubis","173156,173150",5995,G2
1166,2024-04-09 13:30:00,7711,Skyesports Masters 2024,12394,BetBoom,7532,BIG,2,1,3,"Ancient,Anubis,Overpass","173171,173166,173161",12394,BetBoom
1411,2024-04-09 15:00:00,7757,BetBoom Dacha Belgrade 2024 Europe Closed Qualifier,9806,Apeks,12591,KOI,2,0,2,"Inferno,Overpass","173178,173170",9806,Apeks
2041,2024-04-09 15:30:00,7771,BetBoom Dacha Belgrade 2024 South America Closed Qualifier,9455,Imperial,4773,paiN,2,0,2,"Nuke,Inferno","173176,173172",9455,Imperial
152,2024-04-09 18:00:00,7620,ESL Challenger League Season 47 Europe,4914,3DMAX,10567,SAW,2,1,3,"Overpass,Nuke,Ancient","173212,173203,173192",4914,3DMAX
815,2024-04-09 18:00:00,7620,ESL Challenger League Season 47 Europe,11861,Aurora,12591,KOI,0,2,2,"Nuke,Overpass","173198,173188",12591,KOI
2435,2024-04-10 05:30:00,7437,IEM Chengdu 2024,5752,Cloud9,6667,FaZe,0,2,2,"Nuke,Overpass","173237,173234",6667,FaZe
2365,2024-04-10 08:30:00,7437,IEM Chengdu 2024,5378,Virtus.pro,6665,Astralis,0,2,2,"Vertigo,Overpass","173249,173242",6665,Astralis
1694,2024-04-10 08:30:00,7437,IEM Chengdu 2024,5973,Liquid,4494,MOUZ,0,2,2,"Mirage,Inferno","173251,173241",4494,MOUZ
1436,2024-04-10 11:30:00,7437,IEM Chengdu 2024,12774,FlyQuest,6667,FaZe,0,2,2,"Nuke,Ancient","173263,173260",6667,FaZe
2570,2024-04-10 11:30:00,7437,IEM Chengdu 2024,7175,HEROIC,5995,G2,0,2,2,"Nuke,Ancient","173264,173261",5995,G2
81,2024-04-10 13:30:00,7711,Skyesports Masters 2024,10503,OG,4869,ENCE,2,1,3,"Vertigo,Anubis,Ancient","173280,173273,173268",10503,OG
803,2024-04-10 15:00:00,7757,BetBoom Dacha Belgrade 2024 Europe Closed Qualifier,12394,BetBoom,11861,Aurora,2,0,2,"Nuke,Ancient","173279,173274",12394,BetBoom
2983,2024-04-10 15:30:00,7771,BetBoom Dacha Belgrade 2024 South America Closed Qualifier,9215,MIBR,9455,Imperial,2,0,2,"Nuke,Vertigo","173282,173277",9215,MIBR
125,2024-04-10 18:00:00,7620,ESL Challenger League Season 47 Europe,11883,9 Pandas,10567,SAW,1,2,3,"Inferno,Ancient,Anubis","173312,173299,173292",10567,SAW
1398,2024-04-10 18:00:00,7757,BetBoom Dacha Belgrade 2024 Europe Closed Qualifier,12586,AMKAL,9806,Apeks,2,1,3,"Overpass,Vertigo,Ancient","173307,173306,173291",12586,AMKAL
1103,2024-04-11 12:00:00,7757,BetBoom Dacha Belgrade 2024 Europe Closed Qualifier,12586,AMKAL,12394,BetBoom,2,1,3,"Nuke,Mirage,Vertigo","173365,173357,173353",12586,AMKAL
923,2024-04-11 15:30:00,7757,BetBoom Dacha Belgrade 2024 Europe Closed Qualifier,11861,Aurora,9806,Apeks,2,1,3,"Anubis,Overpass,Ancient","173383,173377,173371",11861,Aurora
2042,2024-04-11 16:30:00,7771,BetBoom Dacha Belgrade 2024 South America Closed Qualifier,9455,Imperial,4773,paiN,0,2,2,"Nuke,Inferno","173386,173378",4773,paiN
804,2024-04-11 18:35:00,7757,BetBoom Dacha Belgrade 2024 Europe Closed Qualifier,11861,Aurora,12394,BetBoom,2,1,3,"Mirage,Ancient,Overpass","173399,173397,173394",11861,Aurora
2029,2024-04-11 23:30:00,7771,BetBoom Dacha Belgrade 2024 South America Closed Qualifier,9215,MIBR,4773,paiN,2,0,2,"Anubis,Nuke","173421,173414",9215,MIBR
2356,2024-04-12 07:00:00,7437,IEM Chengdu 2024,5995,G2,5378,Virtus.pro,2,0,2,"Overpass,Anubis","173429,173427",5995,G2
2475,2024-04-12 10:15:00,7437,IEM Chengdu 2024,5973,Liquid,6667,FaZe,1,2,3,"Mirage,Anubis,Nuke","173437,173435,173432",6667,FaZe
814,2024-04-12 18:00:00,7757,BetBoom Dacha Belgrade 2024 Europe Closed Qualifier,11861,Aurora,12586,AMKAL,2,0,2,"Inferno,Mirage","173458,173454",11861,Aurora
1704,2024-04-13 07:00:00,7437,IEM Chengdu 2024,4494,MOUZ,5995,G2,2,1,3,"Overpass,Ancient,Nuke","173469,173468,173467",4494,MOUZ
2691,2024-04-13 10:45:00,7437,IEM Chengdu 2024,6667,FaZe,6665,Astralis,2,1,3,"Inferno,Ancient,Nuke","173482,173475,173474",6667,FaZe
92,2024-04-13 11:30:00,7711,Skyesports Masters 2024,7532,BIG,10503,OG,1,2,3,"Ancient,Vertigo,Anubis","173488,173483,173478",10503,OG
802,2024-04-13 15:20:00,7711,Skyesports Masters 2024,11861,Aurora,12394,BetBoom,2,0,2,"Anubis,Mirage","173496,173493",11861,Aurora
63,2024-04-13 17:45:00,7711,Skyesports Masters 2024,12394,BetBoom,10503,OG,1,2,3,"Ancient,Vertigo,Mirage","173509,173508,173504",10503,OG
1731,2024-04-14 10:35:00,7437,IEM Chengdu 2024,4494,MOUZ,6667,FaZe,0,2,2,"Nuke,Overpass","173520,173518",6667,FaZe
1127,2024-04-14 13:00:00,7672,A1 Gaming League Season 8,12394,BetBoom,4914,3DMAX,2,1,3,"Overpass,Ancient,Nuke","173528,173524,173522",12394,BetBoom
58,2024-04-14 14:30:00,7711,Skyesports Masters 2024,10503,OG,11861,Aurora,1,3,4,"Overpass,Ancient,Mirage,Anubis","173536,173532,173529,173525",11861,Aurora
2040,2024-04-14 17:00:00,7769,RES Regional Series 3 LATAM,9455,Imperial,4773,paiN,2,1,3,"Inferno,Mirage,Nuke","173541,173539,173534",9455,Imperial
2982,2024-04-15 20:00:00,7769,RES Regional Series 3 LATAM,9455,Imperial,9215,MIBR,1,2,3,"Anubis,Mirage,Vertigo","173584,173583,173581",9215,MIBR
751,2024-04-18 15:15:00,7742,Global Esports Tour Rio 2024,4773,paiN,11811,Monte,1,0,1,Anubis,173792,4773,paiN
704,2024-04-18 16:00:00,7758,Esports World Cup 2024 Europe Open Qualifier,11712,Sashi,9928,GamerLegion,1,0,1,Vertigo,173799,11712,Sashi
1399,2024-04-18 16:00:00,7758,Esports World Cup 2024 Europe Open Qualifier,12586,AMKAL,9806,Apeks,0,1,1,Overpass,173797,9806,Apeks
684,2024-04-18 17:00:00,7742,Global Esports Tour Rio 2024,9455,Imperial,11641,Metizport,1,0,1,Inferno,173813,9455,Imperial
1189,2024-04-18 18:30:00,7758,Esports World Cup 2024 Europe Open Qualifier,9806,Apeks,12394,BetBoom,0,2,2,"Mirage,Ancient","173826,173820",12394,BetBoom
98,2024-04-18 20:30:00,7742,Global Esports Tour Rio 2024,10503,OG,9215,MIBR,0,1,1,Vertigo,173831,9215,MIBR
1328,2024-04-18 21:30:00,7761,Esports World Cup 2024 North America Closed Qualifier,5973,Liquid,12468,Legacy,2,0,2,"Ancient,Mirage","173837,173834",5973,Liquid
2026,2024-04-18 22:00:00,7763,Esports World Cup 2024 South America Closed Qualifier,4773,paiN,9215,MIBR,1,2,3,"Vertigo,Nuke,Anubis","173841,173839,173836",9215,MIBR
1059,2024-04-19 01:30:00,7761,Esports World Cup 2024 North America Closed Qualifier,5973,Liquid,12376,M80,2,1,3,"Anubis,Ancient,Mirage","173849,173848,173842",5973,Liquid
2981,2024-04-19 02:10:00,7763,Esports World Cup 2024 South America Closed Qualifier,9215,MIBR,9455,Imperial,2,0,2,"Inferno,Vertigo","173851,173850",9215,MIBR
698,2024-04-19 13:30:00,7759,Esports World Cup 2024 Europe Closed Qualifier,5752,Cloud9,11712,Sashi,1,2,3,"Mirage,Ancient,Nuke","173914,173903,173893",11712,Sashi
354,2024-04-19 13:30:00,7759,Esports World Cup 2024 Europe Closed Qualifier,11251,Eternal Fire,12394,BetBoom,2,1,3,"Anubis,Vertigo,Mirage","173910,173899,173891",11251,Eternal Fire
683,2024-04-19 13:45:00,7742,Global Esports Tour Rio 2024,8297,FURIA,11641,Metizport,2,1,3,"Inferno,Vertigo,Overpass","173919,173912,173894",8297,FURIA
1391,2024-04-19 13:50:00,7749,Thunderpick World Championship 2024 EU Closed Qualifier 1,12586,AMKAL,4869,ENCE,2,0,2,"Nuke,Overpass","173909,173897",12586,AMKAL
2024,2024-04-19 16:45:00,7742,Global Esports Tour Rio 2024,4773,paiN,9215,MIBR,1,0,1,Vertigo,173920,4773,paiN
1141,2024-04-19 17:20:00,7759,Esports World Cup 2024 Europe Closed Qualifier,5752,Cloud9,12394,BetBoom,2,1,3,"Ancient,Anubis,Nuke","173955,173944,173927",5752,Cloud9
343,2024-04-19 17:20:00,7759,Esports World Cup 2024 Europe Closed Qualifier,11712,Sashi,11251,Eternal Fire,0,2,2,"Vertigo,Nuke","173946,173933",11251,Eternal Fire
56,2024-04-19 19:00:00,7742,Global Esports Tour Rio 2024,11811,Monte,10503,OG,1,2,3,"Vertigo,Mirage,Ancient","173970,173963,173956",10503,OG
2039,2024-04-19 19:15:00,7763,Esports World Cup 2024 South America Closed Qualifier,4773,paiN,9455,Imperial,2,0,2,"Inferno,Nuke","173969,173960",4773,paiN
1029,2024-04-19 21:30:00,7761,Esports World Cup 2024 North America Closed Qualifier,12376,M80,12468,Legacy,2,1,3,"Mirage,Vertigo,Ancient","173982,173976,173972",12376,M80
2950,2024-04-19 22:40:00,7742,Global Esports Tour Rio 2024,8297,FURIA,9215,MIBR,0,2,2,"Vertigo,Inferno","173983,173977",9215,MIBR
1060,2024-04-20 01:30:00,7761,Esports World Cup 2024 North America Closed Qualifier,5973,Liquid,12376,M80,0,2,2,"Mirage,Anubis","173994,173990",12376,M80
2027,2024-04-20 02:00:00,7763,Esports World Cup 2024 South America Closed Qualifier,9215,MIBR,4773,paiN,2,0,2,"Vertigo,Anubis","173993,173991",9215,MIBR
2037,2024-04-20 04:15:00,7742,Global Esports Tour Rio 2024,9455,Imperial,4773,paiN,2,1,3,"Overpass,Nuke,Anubis","173997,173996,173995",9455,Imperial
99,2024-04-20 13:25:00,7742,Global Esports Tour Rio 2024,9215,MIBR,10503,OG,2,1,3,"Inferno,Anubis,Vertigo","174042,174032,174025",9215,MIBR
699,2024-04-20 13:30:00,7759,Esports World Cup 2024 Europe Closed Qualifier,11712,Sashi,5752,Cloud9,2,0,2,"Ancient,Nuke","174034,174027",11712,Sashi
2925,2024-04-20 13:30:00,7749,Thunderpick World Championship 2024 EU Closed Qualifier 1,9928,GamerLegion,7532,BIG,0,1,1,Vertigo,174039,7532,BIG
344,2024-04-20 17:30:00,7759,Esports World Cup 2024 Europe Closed Qualifier,11712,Sashi,11251,Eternal Fire,2,1,3,"Overpass,Vertigo,Nuke","174084,174064,174052",11712,Sashi
2025,2024-04-20 17:35:00,7742,Global Esports Tour Rio 2024,4773,paiN,9215,MIBR,2,0,2,"Vertigo,Anubis","174070,174051",4773,paiN
2038,2024-04-20 20:40:00,7742,Global Esports Tour Rio 2024,9455,Imperial,4773,paiN,1,2,3,"Ancient,Nuke,Inferno","174093,174091,174090",4773,paiN
635,2024-04-21 13:50:00,7749,Thunderpick World Championship 2024 EU Closed Qualifier 1,11571,Gaimin Gladiators,12586,AMKAL,2,1,3,"Overpass,Inferno,Vertigo","174125,174122,174120",11571,Gaimin Gladiators
151,2024-04-23 11:30:00,7440,ESL Pro League Season 19,10567,SAW,4914,3DMAX,0,2,2,"Inferno,Vertigo","174212,174203",4914,3DMAX
631,2024-04-23 13:30:00,7700,Elisa Invitational Spring 2024,11571,Gaimin Gladiators,11712,Sashi,0,2,2,"Anubis,Nuke","174220,174216",11712,Sashi
399,2024-04-23 15:05:00,7440,ESL Pro League Season 19,11251,Eternal Fire,6665,Astralis,0,2,2,"Overpass,Vertigo","174228,174223",6665,Astralis
2784,2024-04-23 17:30:00,7440,ESL Pro League Season 19,9455,Imperial,6667,FaZe,0,2,2,"Nuke,Inferno","174236,174233",6667,FaZe
1023,2024-04-23 17:30:00,7440,ESL Pro League Season 19,12394,BetBoom,12376,M80,2,1,3,"Mirage,Ancient,Anubis","174237,174235,174232",12394,BetBoom
521,2024-04-24 11:30:00,7440,ESL Pro League Season 19,11283,Falcons,6248,The MongolZ,1,2,3,"Ancient,Nuke,Mirage","174257,174252,174246",6248,The MongolZ
165,2024-04-24 14:30:00,7440,ESL Pro League Season 19,5378,Virtus.pro,10567,SAW,2,0,2,"Vertigo,Overpass","174268,174260",5378,Virtus.pro
425,2024-04-24 17:30:00,7440,ESL Pro League Season 19,9455,Imperial,11251,Eternal Fire,1,2,3,"Inferno,Anubis,Mirage","174279,174277,174273",11251,Eternal Fire
2692,2024-04-24 17:30:00,7440,ESL Pro League Season 19,6665,Astralis,6667,FaZe,2,0,2,"Nuke,Ancient","174278,174274",6665,Astralis
2527,2024-04-25 11:30:00,7440,ESL Pro League Season 19,5995,G2,6248,The MongolZ,0,2,2,"Anubis,Ancient","174305,174299",6248,The MongolZ
1185,2024-04-25 14:30:00,7440,ESL Pro League Season 19,9565,Vitality,12394,BetBoom,2,0,2,"Anubis,Mirage","174317,174313",9565,Vitality
2374,2024-04-25 17:30:00,7440,ESL Pro League Season 19,5378,Virtus.pro,6667,FaZe,0,2,2,"Mirage,Vertigo","174327,174323",6667,FaZe
921,2024-04-26 05:55:00,7600,ESL Challenger Melbourne 2024,11861,Aurora,9806,Apeks,0,1,1,Overpass,174344,9806,Apeks
442,2024-04-26 11:30:00,7440,ESL Pro League Season 19,12394,BetBoom,11283,Falcons,2,0,2,"Nuke,Overpass","174363,174357",12394,BetBoom
1064,2024-04-26 11:30:00,7440,ESL Pro League Season 19,5995,G2,12376,M80,1,2,3,"Vertigo,Inferno,Ancient","174369,174361,174355",12376,M80
197,2024-04-26 14:30:00,7440,ESL Pro League Season 19,10567,SAW,9455,Imperial,2,0,2,"Inferno,Nuke","174381,174370",10567,SAW
404,2024-04-26 15:55:00,7440,ESL Pro League Season 19,11251,Eternal Fire,6667,FaZe,1,2,3,"Inferno,Mirage,Anubis","174390,174387,174383",6667,FaZe
1024,2024-04-26 19:20:00,7440,ESL Pro League Season 19,12376,M80,12394,BetBoom,1,2,3,"Anubis,Mirage,Ancient","174401,174399,174397",12394,BetBoom
515,2024-04-27 11:30:00,7440,ESL Pro League Season 19,5995,G2,11283,Falcons,2,1,3,"Nuke,Anubis,Vertigo","174433,174428,174422",5995,G2
2203,2024-04-27 14:45:00,7440,ESL Pro League Season 19,4914,3DMAX,6665,Astralis,0,2,2,"Ancient,Inferno","174449,174441",6665,Astralis
106,2024-04-27 17:30:00,7440,ESL Pro League Season 19,11251,Eternal Fire,10567,SAW,0,2,2,"Nuke,Vertigo","174461,174458",10567,SAW
2993,2024-04-28 03:00:00,7600,ESL Challenger Melbourne 2024,9806,Apeks,9215,MIBR,1,2,3,"Anubis,Nuke,Ancient","174474,174472,174471",9215,MIBR
633,2024-04-28 09:00:00,7805,RES Regional Series 3 Europe,11883,9 Pandas,11571,Gaimin Gladiators,2,0,2,"Inferno,Ancient","174483,174478",11883,9 Pandas
913,2024-04-28 09:10:00,7600,ESL Challenger Melbourne 2024,11861,Aurora,9215,MIBR,0,2,2,"Anubis,Mirage","174481,174477",9215,MIBR
2666,2024-04-28 11:30:00,7440,ESL Pro League Season 19,6248,The MongolZ,9565,Vitality,0,2,2,"Nuke,Mirage","174493,174488",9565,Vitality
166,2024-04-28 14:30:00,7440,ESL Pro League Season 19,10567,SAW,5378,Virtus.pro,0,2,2,"Overpass,Vertigo","174509,174501",5378,Virtus.pro
1065,2024-04-28 17:30:00,7440,ESL Pro League Season 19,12376,M80,5995,G2,0,2,2,"Inferno,Ancient","174524,174519",5995,G2
1126,2024-04-30 11:00:00,7642,YaLLa Compass Spring 2024,4914,3DMAX,12394,BetBoom,2,0,2,"Overpass,Anubis","174607,174602",4914,3DMAX
2161,2024-04-30 11:45:00,7440,ESL Pro League Season 19,4869,ENCE,9928,GamerLegion,0,2,2,"Overpass,Ancient","174613,174605",9928,GamerLegion
55,2024-04-30 14:00:00,7642,YaLLa Compass Spring 2024,10503,OG,11712,Sashi,1,2,3,"Mirage,Vertigo,Overpass","174632,174628,174618",11712,Sashi
634,2024-04-30 17:10:00,7642,YaLLa Compass Spring 2024,11571,Gaimin Gladiators,12586,AMKAL,0,2,2,"Inferno,Vertigo","174644,174638",12586,AMKAL
2501,2024-04-30 17:30:00,7440,ESL Pro League Season 19,8297,FURIA,5973,Liquid,1,2,3,"Nuke,Mirage,Inferno","174652,174646,174642",5973,Liquid
696,2024-05-01 11:00:00,7642,YaLLa Compass Spring 2024,11712,Sashi,4914,3DMAX,2,1,3,"Overpass,Anubis,Nuke","174682,174674,174669",11712,Sashi
1414,2024-05-01 11:30:00,7440,ESL Pro League Season 19,12774,FlyQuest,4608,Natus Vincere,0,2,2,"Mirage,Ancient","174675,174670",4608,Natus Vincere
1803,2024-05-01 14:30:00,7440,ESL Pro League Season 19,9928,GamerLegion,4494,MOUZ,0,2,2,"Mirage,Nuke","174694,174690",4494,MOUZ
767,2024-05-01 17:35:00,7440,ESL Pro League Season 19,5973,Liquid,11811,Monte,2,0,2,"Mirage,Ancient","174718,174705",5973,Liquid
1907,2024-05-02 11:30:00,7440,ESL Pro League Season 19,7532,BIG,4608,Natus Vincere,1,2,3,"Ancient,Nuke,Anubis","174745,174737,174730",4608,Natus Vincere
2325,2024-05-02 14:35:00,7440,ESL Pro League Season 19,7175,HEROIC,5005,Complexity,1,2,3,"Anubis,Vertigo,Nuke","174764,174756,174749",5005,Complexity
754,2024-05-02 17:45:00,7440,ESL Pro League Season 19,4869,ENCE,11811,Monte,2,0,2,"Vertigo,Nuke","174776,174771",4869,ENCE
1444,2024-05-03 11:30:00,7440,ESL Pro League Season 19,12774,FlyQuest,7175,HEROIC,0,2,2,"Nuke,Ancient","174809,174803",7175,HEROIC
636,2024-05-03 14:00:00,7781,CCT Season 2 Europe Series 1,11571,Gaimin Gladiators,12586,AMKAL,1,2,3,"Overpass,Inferno,Vertigo","174825,174818,174815",12586,AMKAL
2162,2024-05-03 14:30:00,7440,ESL Pro League Season 19,4869,ENCE,9928,GamerLegion,0,2,2,"Overpass,Nuke","174822,174816",9928,GamerLegion
2861,2024-05-03 17:30:00,7440,ESL Pro League Season 19,7175,HEROIC,7532,BIG,1,2,3,"Ancient,Vertigo,Nuke","174840,174835,174831",7532,BIG
679,2024-05-04 10:00:00,7781,CCT Season 2 Europe Series 1,11641,Metizport,12586,AMKAL,0,2,2,"Overpass,Mirage","174847,174843",12586,AMKAL
929,2024-05-04 13:00:00,7781,CCT Season 2 Europe Series 1,12394,BetBoom,11883,9 Pandas,2,0,2,"Ancient,Mirage","174859,174856",12394,BetBoom
2153,2024-05-04 14:45:00,7440,ESL Pro League Season 19,4869,ENCE,8297,FURIA,0,2,2,"Mirage,Nuke","174864,174862",8297,FURIA
1104,2024-05-04 16:00:00,7781,CCT Season 2 Europe Series 1,12586,AMKAL,12394,BetBoom,2,0,2,"Vertigo,Mirage","174874,174873",12586,AMKAL
1695,2024-05-04 17:30:00,7440,ESL Pro League Season 19,5973,Liquid,4494,MOUZ,0,2,2,"Mirage,Nuke","174878,174876",4494,MOUZ
786,2024-05-05 14:30:00,7440,ESL Pro League Season 19,8297,FURIA,11811,Monte,1,2,3,"Vertigo,Mirage,Nuke","174921,174916,174909",11811,Monte
632,2024-05-05 16:40:00,7812,IESF World Championship 2024 Denmark Closed Qualifier,11712,Sashi,11571,Gaimin Gladiators,0,2,2,"Ancient,Nuke","174929,174928",11571,Gaimin Gladiators
1827,2024-05-05 18:20:00,7440,ESL Pro League Season 19,4608,Natus Vincere,5005,Complexity,1,2,3,"Nuke,Anubis,Ancient","174936,174935,174926",5005,Complexity
692,2024-05-07 13:00:00,7796,Hellcase Cup 9,11883,9 Pandas,11712,Sashi,1,2,3,"Mirage,Ancient,Nuke","174996,174990,174983",11712,Sashi
1105,2024-05-07 14:15:00,7440,ESL Pro League Season 19,12394,BetBoom,12774,FlyQuest,1,2,3,"Anubis,Mirage,Vertigo","175000,174995,174987",12774,FlyQuest
2574,2024-05-07 14:15:00,7440,ESL Pro League Season 19,5995,G2,7532,BIG,2,0,2,"Ancient,Inferno","174997,174988",5995,G2
775,2024-05-07 17:30:00,7440,ESL Pro League Season 19,6667,FaZe,11811,Monte,2,1,3,"Mirage,Nuke,Vertigo","175013,175008,175004",6667,FaZe
2425,2024-05-07 18:00:00,7440,ESL Pro League Season 19,9928,GamerLegion,5378,Virtus.pro,0,2,2,"Mirage,Anubis","175011,175007",5378,Virtus.pro
1429,2024-05-08 14:15:00,7440,ESL Pro League Season 19,5973,Liquid,12774,FlyQuest,2,1,3,"Ancient,Anubis,Mirage","175039,175035,175029",5973,Liquid
2182,2024-05-08 14:15:00,7440,ESL Pro League Season 19,4914,3DMAX,5995,G2,1,2,3,"Inferno,Anubis,Nuke","175038,175034,175028",5995,G2
2364,2024-05-08 18:05:00,7440,ESL Pro League Season 19,6248,The MongolZ,5378,Virtus.pro,1,2,3,"Ancient,Mirage,Overpass","175053,175049,175042",5378,Virtus.pro
1877,2024-05-08 18:20:00,7440,ESL Pro League Season 19,6667,FaZe,4608,Natus Vincere,2,0,2,"Mirage,Nuke","175050,175043",6667,FaZe
2292,2024-05-09 14:15:00,7440,ESL Pro League Season 19,5378,Virtus.pro,5005,Complexity,0,2,2,"Vertigo,Ancient","175079,175077",5005,Complexity
1706,2024-05-09 17:30:00,7440,ESL Pro League Season 19,5995,G2,4494,MOUZ,1,2,3,"Nuke,Vertigo,Inferno","175092,175090,175088",4494,MOUZ
2469,2024-05-10 14:20:00,7440,ESL Pro League Season 19,5973,Liquid,6665,Astralis,0,2,2,"Overpass,Inferno","175126,175124",6665,Astralis
2790,2024-05-10 17:30:00,7440,ESL Pro League Season 19,9565,Vitality,6667,FaZe,2,0,2,"Vertigo,Nuke","175133,175131",9565,Vitality
2736,2024-05-11 14:15:00,7440,ESL Pro League Season 19,9565,Vitality,6665,Astralis,2,1,3,"Inferno,Vertigo,Mirage","175187,175177,175171",9565,Vitality
1685,2024-05-11 18:15:00,7440,ESL Pro League Season 19,4494,MOUZ,5005,Complexity,2,1,3,"Ancient,Nuke,Vertigo","175219,175215,175205",4494,MOUZ
930,2024-05-12 13:30:00,7795,CCT Season 2 Europe Series 2,11883,9 Pandas,12394,BetBoom,0,2,2,"Anubis,Mirage","175253,175244",12394,BetBoom
1785,2024-05-12 15:00:00,7440,ESL Pro League Season 19,4494,MOUZ,9565,Vitality,3,0,3,"Nuke,Mirage,Inferno","175259,175256,175251",4494,MOUZ
2060,2024-05-12 20:00:00,7814,RES Regional Series 4 LATAM,9996,9z,4773,paiN,1,2,3,"Nuke,Anubis,Dust2","175287,175278,175274",4773,paiN
1119,2024-05-14 12:35:00,7755,BetBoom Dacha Belgrade 2024,4494,MOUZ,12394,BetBoom,2,0,2,"Vertigo,Dust2","175380,175376",4494,MOUZ
505,2024-05-14 16:35:00,7755,BetBoom Dacha Belgrade 2024,11283,Falcons,5378,Virtus.pro,0,2,2,"Mirage,Vertigo","175397,175390",5378,Virtus.pro
881,2024-05-15 10:00:00,7755,BetBoom Dacha Belgrade 2024,11861,Aurora,7020,Spirit,0,2,2,"Ancient,Dust2","175481,175476",7020,Spirit
2886,2024-05-15 12:45:00,7755,BetBoom Dacha Belgrade 2024,7175,HEROIC,9215,MIBR,2,1,3,"Ancient,Dust2,Anubis","175504,175496,175488",7175,HEROIC
443,2024-05-15 16:50:00,7755,BetBoom Dacha Belgrade 2024,12394,BetBoom,11283,Falcons,1,2,3,"Nuke,Vertigo,Anubis","175528,175523,175512",11283,Falcons
116,2024-05-16 09:45:00,7517,CCT Global Finals 2024,10567,SAW,11861,Aurora,2,1,3,"Ancient,Dust2,Nuke","175581,175576,175568",10567,SAW
1688,2024-05-16 10:20:00,7755,BetBoom Dacha Belgrade 2024,4494,MOUZ,5378,Virtus.pro,2,1,3,"Mirage,Vertigo,Dust2","175586,175580,175573",4494,MOUZ
2815,2024-05-16 14:15:00,7755,BetBoom Dacha Belgrade 2024,7175,HEROIC,7020,Spirit,0,2,2,"Mirage,Nuke","175602,175598",7020,Spirit
914,2024-05-16 17:25:00,7755,BetBoom Dacha Belgrade 2024,11861,Aurora,9215,MIBR,0,2,2,"Nuke,Anubis","175623,175615",9215,MIBR
107,2024-05-16 17:45:00,7517,CCT Global Finals 2024,11251,Eternal Fire,10567,SAW,2,0,2,"Nuke,Anubis","175629,175620",11251,Eternal Fire
3010,2024-05-16 18:00:00,7822,Thunderpick World Championship 2024 SA Closed Qualifier 1,9455,Imperial,9996,9z,2,1,3,"Anubis,Mirage,Dust2","175632,175625,175622",9455,Imperial
117,2024-05-17 09:30:00,7517,CCT Global Finals 2024,10567,SAW,11861,Aurora,1,2,3,"Ancient,Dust2,Nuke","175669,175665,175658",11861,Aurora
506,2024-05-17 12:00:00,7755,BetBoom Dacha Belgrade 2024,11283,Falcons,5378,Virtus.pro,2,1,3,"Ancient,Mirage,Vertigo","175685,175677,175672",11283,Falcons
2118,2024-05-17 13:15:00,7517,CCT Global Finals 2024,4869,ENCE,4991,fnatic,0,2,2,"Anubis,Ancient","175686,175679",4991,fnatic
2887,2024-05-17 15:45:00,7755,BetBoom Dacha Belgrade 2024,7175,HEROIC,9215,MIBR,2,1,3,"Dust2,Ancient,Vertigo","175701,175697,175693",7175,HEROIC
640,2024-05-17 16:00:00,7517,CCT Global Finals 2024,11571,Gaimin Gladiators,9928,GamerLegion,1,2,3,"Nuke,Dust2,Vertigo","175712,175704,175698",9928,GamerLegion
637,2024-05-17 20:30:00,7517,CCT Global Finals 2024,4869,ENCE,11571,Gaimin Gladiators,2,0,2,"Dust2,Vertigo","175724,175721",4869,ENCE
2285,2024-05-18 09:30:00,7517,CCT Global Finals 2024,9928,GamerLegion,4991,fnatic,2,1,3,"Mirage,Anubis,Ancient","175755,175752,175746",9928,GamerLegion
546,2024-05-18 12:00:00,7755,BetBoom Dacha Belgrade 2024,7020,Spirit,11283,Falcons,2,0,2,"Vertigo,Anubis","175762,175757",7020,Spirit
687,2024-05-18 13:00:00,7700,Elisa Invitational Spring 2024,11712,Sashi,11811,Monte,2,0,2,"Mirage,Nuke","175781,175780",11712,Sashi
2119,2024-05-18 13:30:00,7517,CCT Global Finals 2024,4869,ENCE,4991,fnatic,2,1,3,"Dust2,Ancient,Anubis","175797,175786,175773",4869,ENCE
1763,2024-05-18 15:00:00,7755,BetBoom Dacha Belgrade 2024,7175,HEROIC,4494,MOUZ,0,2,2,"Mirage,Dust2","175801,175788",4494,MOUZ
1389,2024-05-18 17:20:00,7517,CCT Global Finals 2024,12586,AMKAL,4773,paiN,2,0,2,"Nuke,Inferno","175814,175808",12586,AMKAL
88,2024-05-18 19:50:00,7517,CCT Global Finals 2024,10503,OG,5973,Liquid,1,2,3,"Inferno,Ancient,Anubis","175833,175828,175821",5973,Liquid
79,2024-05-19 09:30:00,7517,CCT Global Finals 2024,4773,paiN,10503,OG,2,1,3,"Dust2,Mirage,Vertigo","175863,175856,175852",4773,paiN
1748,2024-05-19 13:00:00,7755,BetBoom Dacha Belgrade 2024,7020,Spirit,4494,MOUZ,0,3,3,"Mirage,Ancient,Vertigo","175885,175881,175876",4494,MOUZ
1393,2024-05-19 13:00:00,7517,CCT Global Finals 2024,5973,Liquid,12586,AMKAL,2,0,2,"Nuke,Inferno","175878,175873",5973,Liquid
1390,2024-05-19 15:30:00,7517,CCT Global Finals 2024,12586,AMKAL,4773,paiN,2,0,2,"Nuke,Inferno","175895,175889",12586,AMKAL
2717,2024-05-19 18:30:00,7517,CCT Global Finals 2024,7532,BIG,6665,Astralis,0,2,2,"Nuke,Dust2","175908,175901",6665,Astralis
1179,2024-05-20 09:00:00,7517,CCT Global Finals 2024,9215,MIBR,12394,BetBoom,1,2,3,"Nuke,Vertigo,Mirage","175935,175928,175924",12394,BetBoom
688,2024-05-20 09:00:00,7831,RES Regional Series 4 Europe,11712,Sashi,11811,Monte,1,2,3,"Vertigo,Nuke,Mirage","175940,175932,175925",11811,Monte
2917,2024-05-20 12:30:00,7517,CCT Global Finals 2024,7532,BIG,9215,MIBR,1,2,3,"Vertigo,Ancient,Anubis","175955,175950,175945",9215,MIBR
1150,2024-05-20 16:10:00,7517,CCT Global Finals 2024,6665,Astralis,12394,BetBoom,2,0,2,"Mirage,Vertigo","175969,175963",6665,Astralis
1180,2024-05-20 19:15:00,7517,CCT Global Finals 2024,12394,BetBoom,9215,MIBR,2,1,3,"Nuke,Ancient,Vertigo","175988,175986,175979",12394,BetBoom
2125,2024-05-21 10:00:00,7517,CCT Global Finals 2024,4869,ENCE,5973,Liquid,0,2,2,"Ancient,Nuke","176015,176012",5973,Liquid
867,2024-05-21 12:30:00,7517,CCT Global Finals 2024,6665,Astralis,11861,Aurora,2,1,3,"Nuke,Ancient,Mirage","176030,176027,176023",6665,Astralis
352,2024-05-21 15:30:00,7517,CCT Global Finals 2024,12394,BetBoom,11251,Eternal Fire,1,2,3,"Dust2,Vertigo,Mirage","176040,176037,176033",11251,Eternal Fire
1401,2024-05-21 18:30:00,7517,CCT Global Finals 2024,12586,AMKAL,9928,GamerLegion,1,2,3,"Nuke,Vertigo,Ancient","176065,176056,176047",9928,GamerLegion
2470,2024-05-22 10:30:00,7517,CCT Global Finals 2024,6665,Astralis,5973,Liquid,1,2,3,"Dust2,Nuke,Inferno","176109,176106,176101",5973,Liquid
430,2024-05-22 14:15:00,7517,CCT Global Finals 2024,11251,Eternal Fire,9928,GamerLegion,2,0,2,"Mirage,Anubis","176117,176111",11251,Eternal Fire
2022,2024-05-22 18:00:00,7666,ESL Challenger League Season 47 South America,9215,MIBR,4773,paiN,2,0,2,"Anubis,Vertigo","176129,176136",9215,MIBR
3008,2024-05-22 22:00:00,7666,ESL Challenger League Season 47 South America,9455,Imperial,9996,9z,2,0,2,"Mirage,Nuke","176159,176158",9455,Imperial
385,2024-05-23 13:30:00,7517,CCT Global Finals 2024,5973,Liquid,11251,Eternal Fire,1,3,4,"Nuke,Dust2,Anubis,Inferno","176204,176199,176194,176188",11251,Eternal Fire
790,2024-05-27 17:30:00,7438,IEM Dallas 2024,9565,Vitality,11811,Monte,1,0,1,Nuke,176381,9565,Vitality
514,2024-05-27 17:30:00,7438,IEM Dallas 2024,5995,G2,11283,Falcons,1,0,1,Anubis,176380,5995,G2
2300,2024-05-27 18:50:00,7438,IEM Dallas 2024,5005,Complexity,5973,Liquid,0,1,1,Dust2,176385,5973,Liquid
1808,2024-05-27 19:00:00,7438,IEM Dallas 2024,9996,9z,4494,MOUZ,1,0,1,Nuke,176387,9996,9z
1906,2024-05-27 19:55:00,7438,IEM Dallas 2024,7532,BIG,4608,Natus Vincere,0,1,1,Ancient,176391,4608,Natus Vincere
1074,2024-05-27 20:20:00,7438,IEM Dallas 2024,12376,M80,6667,FaZe,0,1,1,Ancient,176392,6667,FaZe
1440,2024-05-27 21:00:00,7438,IEM Dallas 2024,7020,Spirit,12774,FlyQuest,1,0,1,Ancient,176394,7020,Spirit
2388,2024-05-27 21:20:00,7438,IEM Dallas 2024,5378,Virtus.pro,7175,HEROIC,1,0,1,Ancient,176395,5378,Virtus.pro
2597,2024-05-27 21:50:00,7438,IEM Dallas 2024,5995,G2,9565,Vitality,0,2,2,"Anubis,Dust2","176400,176397",9565,Vitality
433,2024-05-27 22:20:00,7438,IEM Dallas 2024,11811,Monte,11283,Falcons,0,2,2,"Nuke,Dust2","176401,176399",11283,Falcons
2526,2024-05-28 00:30:00,7438,IEM Dallas 2024,9996,9z,5973,Liquid,2,1,3,"Dust2,Anubis,Nuke","176413,176410,176404",9996,9z
1683,2024-05-28 00:30:00,7438,IEM Dallas 2024,5005,Complexity,4494,MOUZ,1,2,3,"Nuke,Ancient,Vertigo","176412,176411,176405",4494,MOUZ
639,2024-05-28 10:05:00,7788,MESA Nomadic Masters Spring 2024,6248,The MongolZ,11571,Gaimin Gladiators,2,0,2,"Dust2,Ancient","176419,176418",6248,The MongolZ
1890,2024-05-28 17:00:00,7438,IEM Dallas 2024,7020,Spirit,4608,Natus Vincere,2,0,2,"Nuke,Ancient","176439,176434",7020,Spirit
1078,2024-05-28 17:00:00,7438,IEM Dallas 2024,12376,M80,7175,HEROIC,0,2,2,"Mirage,Ancient","176440,176436",7175,HEROIC
2373,2024-05-28 20:00:00,7438,IEM Dallas 2024,6667,FaZe,5378,Virtus.pro,2,1,3,"Ancient,Inferno,Mirage","176463,176460,176452",6667,FaZe
1447,2024-05-28 20:00:00,7438,IEM Dallas 2024,7532,BIG,12774,FlyQuest,2,0,2,"Nuke,Ancient","176458,176451",7532,BIG
511,2024-05-28 23:00:00,7438,IEM Dallas 2024,11283,Falcons,5973,Liquid,1,2,3,"Anubis,Ancient,Nuke","176469,176466,176464",5973,Liquid
1705,2024-05-29 00:10:00,7438,IEM Dallas 2024,4494,MOUZ,5995,G2,1,2,3,"Ancient,Nuke,Inferno","176472,176470,176467",5995,G2
857,2024-05-29 10:45:00,7788,MESA Nomadic Masters Spring 2024,6248,The MongolZ,11861,Aurora,2,0,2,"Nuke,Inferno","176485,176483",6248,The MongolZ
1902,2024-05-29 17:00:00,7438,IEM Dallas 2024,7175,HEROIC,4608,Natus Vincere,2,0,2,"Mirage,Nuke","176501,176494",7175,HEROIC
2393,2024-05-29 17:00:00,7438,IEM Dallas 2024,7532,BIG,5378,Virtus.pro,2,1,3,"Dust2,Ancient,Inferno","176508,176502,176492",7532,BIG
2759,2024-05-29 20:00:00,7438,IEM Dallas 2024,7020,Spirit,6667,FaZe,2,0,2,"Nuke,Anubis","176522,176519",7020,Spirit
3020,2024-05-29 20:15:00,7438,IEM Dallas 2024,9565,Vitality,9996,9z,0,2,2,"Anubis,Dust2","176525,176520",9996,9z
2860,2024-05-29 23:00:00,7438,IEM Dallas 2024,7532,BIG,7175,HEROIC,0,2,2,"Nuke,Ancient","176533,176528",7175,HEROIC
2453,2024-05-29 23:00:00,7438,IEM Dallas 2024,5995,G2,5973,Liquid,2,1,3,"Nuke,Inferno,Dust2","176537,176534,176530",5995,G2
159,2024-05-31 14:25:00,7844,RES European Masters 1 Fall 2024 - BLAST Premier Qualifier,4991,fnatic,10567,SAW,1,0,1,Dust2,176623,4991,fnatic
2892,2024-05-31 18:15:00,7438,IEM Dallas 2024,7175,HEROIC,9565,Vitality,0,2,2,"Dust2,Nuke","176653,176643",9565,Vitality
2544,2024-05-31 21:15:00,7438,IEM Dallas 2024,5995,G2,6667,FaZe,2,0,2,"Nuke,Dust2","176664,176661",5995,G2
2841,2024-06-01 18:00:00,7438,IEM Dallas 2024,9565,Vitality,7020,Spirit,2,0,2,"Mirage,Dust2","176738,176730",9565,Vitality
2614,2024-06-01 21:15:00,7438,IEM Dallas 2024,5995,G2,9996,9z,2,0,2,"Dust2,Inferno","176757,176754",5995,G2
2598,2024-06-02 18:00:00,7438,IEM Dallas 2024,9565,Vitality,5995,G2,1,2,3,"Nuke,Anubis,Inferno","176831,176827,176820",5995,G2
840,2024-06-04 17:00:00,7620,ESL Challenger League Season 47 Europe,4914,3DMAX,11861,Aurora,2,1,3,"Anubis,Dust2,Nuke","176965,176954,176948",4914,3DMAX
2710,2024-06-05 08:10:00,7475,YaLLa Compass 2024,6665,Astralis,7175,HEROIC,1,0,1,Nuke,177011,6665,Astralis
380,2024-06-05 08:10:00,7475,YaLLa Compass 2024,5005,Complexity,11251,Eternal Fire,1,0,1,Anubis,177012,5005,Complexity
700,2024-06-05 09:55:00,7475,YaLLa Compass 2024,11712,Sashi,6248,The MongolZ,0,1,1,Mirage,177019,6248,The MongolZ
2912,2024-06-05 10:05:00,7475,YaLLa Compass 2024,8297,FURIA,7532,BIG,0,1,1,Ancient,177021,7532,BIG
1597,2024-06-05 12:05:00,7475,YaLLa Compass 2024,4869,ENCE,4411,Ninjas in Pyjamas,0,1,1,Vertigo,177028,4411,Ninjas in Pyjamas
1131,2024-06-05 12:35:00,7475,YaLLa Compass 2024,12394,BetBoom,4991,fnatic,1,0,1,Ancient,177029,12394,BetBoom
701,2024-06-05 13:45:00,7475,YaLLa Compass 2024,11712,Sashi,6665,Astralis,1,0,1,Nuke,177039,11712,Sashi
2330,2024-06-05 14:00:00,7475,YaLLa Compass 2024,5005,Complexity,7532,BIG,1,0,1,Inferno,177042,5005,Complexity
2129,2024-06-05 15:15:00,7475,YaLLa Compass 2024,6248,The MongolZ,4869,ENCE,1,0,1,Nuke,177051,6248,The MongolZ
1175,2024-06-05 15:35:00,7475,YaLLa Compass 2024,12394,BetBoom,8297,FURIA,0,1,1,Nuke,177056,8297,FURIA
1638,2024-06-05 17:00:00,7475,YaLLa Compass 2024,4411,Ninjas in Pyjamas,7175,HEROIC,1,0,1,Ancient,177061,4411,Ninjas in Pyjamas
379,2024-06-05 17:10:00,7475,YaLLa Compass 2024,11251,Eternal Fire,4991,fnatic,0,1,1,Inferno,177064,4991,fnatic
695,2024-06-05 18:30:00,7475,YaLLa Compass 2024,11712,Sashi,4869,ENCE,0,1,1,Mirage,177076,4869,ENCE
1165,2024-06-05 18:45:00,7475,YaLLa Compass 2024,12394,BetBoom,7532,BIG,1,0,1,Ancient,177081,12394,BetBoom
2635,2024-06-06 08:00:00,7475,YaLLa Compass 2024,7175,HEROIC,6248,The MongolZ,0,1,1,Mirage,177129,6248,The MongolZ
417,2024-06-06 08:00:00,7475,YaLLa Compass 2024,11251,Eternal Fire,8297,FURIA,0,1,1,Inferno,177130,8297,FURIA
2262,2024-06-06 09:35:00,7475,YaLLa Compass 2024,4991,fnatic,5005,Complexity,1,0,1,Inferno,177139,4991,fnatic
1621,2024-06-06 09:40:00,7475,YaLLa Compass 2024,6665,Astralis,4411,Ninjas in Pyjamas,0,1,1,Ancient,177145,4411,Ninjas in Pyjamas
413,2024-06-06 11:00:00,7475,YaLLa Compass 2024,7532,BIG,11251,Eternal Fire,0,1,1,Anubis,177154,11251,Eternal Fire
702,2024-06-06 11:10:00,7475,YaLLa Compass 2024,11712,Sashi,7175,HEROIC,0,1,1,Anubis,177153,7175,HEROIC
1135,2024-06-06 12:30:00,7475,YaLLa Compass 2024,5005,Complexity,12394,BetBoom,0,1,1,Nuke,177164,12394,BetBoom
2134,2024-06-06 12:30:00,7475,YaLLa Compass 2024,4869,ENCE,6665,Astralis,0,1,1,Mirage,177162,6665,Astralis
2281,2024-06-06 14:00:00,7475,YaLLa Compass 2024,4991,fnatic,8297,FURIA,0,1,1,Dust2,177178,8297,FURIA
1618,2024-06-06 14:00:00,7475,YaLLa Compass 2024,6248,The MongolZ,4411,Ninjas in Pyjamas,1,0,1,Nuke,177172,6248,The MongolZ
351,2024-06-06 15:40:00,7475,YaLLa Compass 2024,11251,Eternal Fire,12394,BetBoom,0,1,1,Anubis,177193,12394,BetBoom
2141,2024-06-06 15:40:00,7475,YaLLa Compass 2024,7175,HEROIC,4869,ENCE,1,0,1,Dust2,177191,7175,HEROIC
2615,2024-06-06 17:05:00,7475,YaLLa Compass 2024,6248,The MongolZ,6665,Astralis,0,1,1,Inferno,177206,6665,Astralis
2336,2024-06-06 17:10:00,7475,YaLLa Compass 2024,5005,Complexity,8297,FURIA,0,1,1,Inferno,177207,8297,FURIA
2277,2024-06-06 18:40:00,7475,YaLLa Compass 2024,7532,BIG,4991,fnatic,0,1,1,Inferno,177224,4991,fnatic
693,2024-06-06 18:40:00,7475,YaLLa Compass 2024,11712,Sashi,4411,Ninjas in Pyjamas,0,1,1,Vertigo,177222,4411,Ninjas in Pyjamas
3000,2024-06-06 22:00:00,7666,ESL Challenger League Season 47 South America,9215,MIBR,9996,9z,1,2,3,"Mirage,Ancient,Anubis","177262,177260,177255",9996,9z
1149,2024-06-07 13:15:00,7475,YaLLa Compass 2024,12394,BetBoom,6665,Astralis,1,2,3,"Ancient,Mirage,Nuke","177330,177320,177314",6665,Astralis
638,2024-06-07 15:00:00,7886,Regional Clash Arena Europe 2024,4914,3DMAX,11571,Gaimin Gladiators,2,0,2,"Nuke,Inferno","177336,177328",4914,3DMAX
1605,2024-06-07 17:45:00,7475,YaLLa Compass 2024,4991,fnatic,4411,Ninjas in Pyjamas,0,2,2,"Ancient,Anubis","177365,177348",4411,Ninjas in Pyjamas
2616,2024-06-08 13:00:00,7475,YaLLa Compass 2024,6665,Astralis,6248,The MongolZ,1,2,3,"Ancient,Mirage,Nuke","177455,177440,177437",6248,The MongolZ
740,2024-06-08 14:05:00,7845,RES European Masters 2 Fall 2024 - BLAST Premier Qualifier,11811,Monte,12586,AMKAL,0,1,1,Vertigo,177441,12586,AMKAL
1650,2024-06-08 17:30:00,7475,YaLLa Compass 2024,4411,Ninjas in Pyjamas,8297,FURIA,2,0,2,"Nuke,Ancient","177504,177489",4411,Ninjas in Pyjamas
3009,2024-06-08 22:00:00,7666,ESL Challenger League Season 47 South America,9455,Imperial,9996,9z,2,0,2,"Anubis,Dust2","177548,177541",9455,Imperial
841,2024-06-09 11:30:00,7834,ESL Pro League Season 20 Europe Closed Qualifier,4914,3DMAX,11861,Aurora,1,0,1,Dust2,177603,4914,3DMAX
115,2024-06-09 13:00:00,7834,ESL Pro League Season 20 Europe Closed Qualifier,10567,SAW,11811,Monte,1,0,1,Ancient,177627,10567,SAW
757,2024-06-09 14:25:00,7834,ESL Pro League Season 20 Europe Closed Qualifier,4914,3DMAX,11811,Monte,0,1,1,Dust2,177629,11811,Monte
1619,2024-06-09 15:00:00,7475,YaLLa Compass 2024,4411,Ninjas in Pyjamas,6248,The MongolZ,1,2,3,"Nuke,Mirage,Ancient","177662,177656,177643",6248,The MongolZ
727,2024-06-09 15:30:00,7845,RES European Masters 2 Fall 2024 - BLAST Premier Qualifier,11811,Monte,11861,Aurora,2,0,2,"Mirage,Dust2","177654,177648",11811,Monte
741,2024-06-09 18:00:00,7845,RES European Masters 2 Fall 2024 - BLAST Premier Qualifier,11811,Monte,12586,AMKAL,0,2,2,"Vertigo,Dust2","177684,177674",12586,AMKAL
119,2024-06-10 10:00:00,7834,ESL Pro League Season 20 Europe Closed Qualifier,11861,Aurora,10567,SAW,0,1,1,Nuke,177719,10567,SAW
726,2024-06-10 11:30:00,7834,ESL Pro League Season 20 Europe Closed Qualifier,11861,Aurora,11811,Monte,1,0,1,Mirage,177726,11861,Aurora
154,2024-06-10 13:00:00,7834,ESL Pro League Season 20 Europe Closed Qualifier,10567,SAW,4914,3DMAX,0,1,1,Nuke,177737,4914,3DMAX
2045,2024-06-10 14:30:00,7856,CCT Season 2 South America Series 1,9455,Imperial,4773,paiN,1,2,3,"Anubis,Inferno,Nuke","177755,177747,177742",4773,paiN
179,2024-06-12 11:00:00,7485,BLAST Premier Spring Final 2024,10567,SAW,6667,FaZe,0,2,2,"Inferno,Ancient","177859,177854",6667,FaZe
1868,2024-06-12 13:25:00,7485,BLAST Premier Spring Final 2024,6665,Astralis,4608,Natus Vincere,0,2,2,"Dust2,Nuke","177865,177862",4608,Natus Vincere
2414,2024-06-12 15:45:00,7485,BLAST Premier Spring Final 2024,9565,Vitality,5378,Virtus.pro,1,2,3,"Anubis,Dust2,Inferno","177890,177881,177874",5378,Virtus.pro
2554,2024-06-12 19:50:00,7485,BLAST Premier Spring Final 2024,7020,Spirit,5995,G2,2,1,3,"Anubis,Dust2,Ancient","177900,177899,177897",7020,Spirit
176,2024-06-13 11:00:00,7485,BLAST Premier Spring Final 2024,10567,SAW,6665,Astralis,0,2,2,"Inferno,Dust2","177930,177924",6665,Astralis
1878,2024-06-13 12:50:00,7485,BLAST Premier Spring Final 2024,6667,FaZe,4608,Natus Vincere,1,2,3,"Mirage,Nuke,Dust2","177950,177941,177936",4608,Natus Vincere
2599,2024-06-13 16:05:00,7485,BLAST Premier Spring Final 2024,9565,Vitality,5995,G2,2,1,3,"Mirage,Anubis,Inferno","177976,177962,177957",9565,Vitality
2379,2024-06-13 19:15:00,7485,BLAST Premier Spring Final 2024,7020,Spirit,5378,Virtus.pro,2,0,2,"Dust2,Ancient","177997,177986",7020,Spirit
437,2024-06-14 09:25:00,7601,ESL Challenger Jönköping 2024,11861,Aurora,11283,Falcons,1,0,1,Nuke,178016,11861,Aurora
2155,2024-06-14 12:25:00,7601,ESL Challenger Jönköping 2024,4869,ENCE,9215,MIBR,1,0,1,Nuke,178033,4869,ENCE
697,2024-06-14 13:30:00,7900,Skyesports Championship 2024 Europe Closed Qualifier,4914,3DMAX,11712,Sashi,2,1,3,"Anubis,Vertigo,Mirage","178053,178044,178038",4914,3DMAX
856,2024-06-14 14:00:00,7601,ESL Challenger Jönköping 2024,11861,Aurora,6248,The MongolZ,1,0,1,Nuke,178043,11861,Aurora
2791,2024-06-14 15:00:00,7485,BLAST Premier Spring Final 2024,6667,FaZe,9565,Vitality,1,2,3,"Mirage,Dust2,Inferno","178060,178056,178049",9565,Vitality
2122,2024-06-14 15:30:00,7601,ESL Challenger Jönköping 2024,5005,Complexity,4869,ENCE,0,1,1,Dust2,178052,4869,ENCE
2367,2024-06-14 18:40:00,7485,BLAST Premier Spring Final 2024,6665,Astralis,5378,Virtus.pro,0,2,2,"Dust2,Inferno","178090,178083",5378,Virtus.pro
1656,2024-06-14 19:00:00,6981,FiReLEAGUE 2024 Global Finals,4411,Ninjas in Pyjamas,9996,9z,1,0,1,Ancient,178089,4411,Ninjas in Pyjamas
1592,2024-06-15 00:50:00,6981,FiReLEAGUE 2024 Global Finals,4411,Ninjas in Pyjamas,4773,paiN,1,0,1,Vertigo,178107,4411,Ninjas in Pyjamas
2338,2024-06-15 11:00:00,7601,ESL Challenger Jönköping 2024,5005,Complexity,9215,MIBR,2,1,3,"Anubis,Vertigo,Ancient","178142,178137,178131",5005,Complexity
522,2024-06-15 14:45:00,7601,ESL Challenger Jönköping 2024,11283,Falcons,6248,The MongolZ,2,0,2,"Mirage,Dust2","178158,178149",11283,Falcons
2842,2024-06-15 15:00:00,7485,BLAST Premier Spring Final 2024,7020,Spirit,9565,Vitality,2,1,3,"Anubis,Dust2,Mirage","178171,178164,178153",7020,Spirit
2282,2024-06-15 16:10:00,6981,FiReLEAGUE 2024 Global Finals,4991,fnatic,9455,Imperial,2,1,3,"Dust2,Mirage,Inferno","178181,178170,178163",4991,fnatic
1833,2024-06-15 19:10:00,7485,BLAST Premier Spring Final 2024,5378,Virtus.pro,4608,Natus Vincere,0,2,2,"Mirage,Anubis","178192,178188",4608,Natus Vincere
2058,2024-06-15 20:25:00,6981,FiReLEAGUE 2024 Global Finals,4773,paiN,9996,9z,0,2,2,"Anubis,Dust2","178197,178193",9996,9z
846,2024-06-16 08:00:00,7601,ESL Challenger Jönköping 2024,5005,Complexity,11861,Aurora,2,1,3,"Inferno,Nuke,Anubis","178223,178219,178217",5005,Complexity
488,2024-06-16 11:15:00,7601,ESL Challenger Jönköping 2024,11283,Falcons,4869,ENCE,2,0,2,"Mirage,Nuke","178232,178229",11283,Falcons
500,2024-06-16 14:00:00,7601,ESL Challenger Jönköping 2024,5005,Complexity,11283,Falcons,2,0,2,"Nuke,Vertigo","178246,178240",5005,Complexity
1892,2024-06-16 14:00:00,7485,BLAST Premier Spring Final 2024,7020,Spirit,4608,Natus Vincere,3,1,4,"Nuke,Mirage,Dust2,Ancient","178258,178250,178247,178241",7020,Spirit
1602,2024-06-16 19:15:00,6981,FiReLEAGUE 2024 Global Finals,4411,Ninjas in Pyjamas,4991,fnatic,1,2,3,"Vertigo,Ancient,Inferno","178274,178271,178266",4991,fnatic
2289,2024-06-16 23:40:00,6981,FiReLEAGUE 2024 Global Finals,9996,9z,4991,fnatic,2,0,2,"Inferno,Dust2","178280,178278",9996,9z
694,2024-07-17 11:35:00,7732,Esports World Cup 2024,4494,MOUZ,11712,Sashi,2,1,3,"Mirage,Ancient,Nuke","179007,179000,178991",4494,MOUZ
2529,2024-07-17 11:40:00,7732,Esports World Cup 2024,6248,The MongolZ,5995,G2,0,2,2,"Inferno,Ancient","179009,178989",5995,G2
1438,2024-07-17 11:55:00,7732,Esports World Cup 2024,12774,FlyQuest,6667,FaZe,0,2,2,"Nuke,Anubis","179011,178992",6667,FaZe
1092,2024-07-17 14:55:00,7732,Esports World Cup 2024,12376,M80,9565,Vitality,0,2,2,"Dust2,Vertigo","179027,179017",9565,Vitality
1913,2024-07-17 14:55:00,7732,Esports World Cup 2024,8297,FURIA,4608,Natus Vincere,0,2,2,"Mirage,Nuke","179028,179021",4608,Natus Vincere
2293,2024-07-17 18:00:00,7732,Esports World Cup 2024,5005,Complexity,5378,Virtus.pro,0,2,2,"Dust2,Anubis","179055,179045",5378,Virtus.pro
2837,2024-07-17 18:00:00,7732,Esports World Cup 2024,7020,Spirit,9215,MIBR,2,0,2,"Vertigo,Nuke","179057,179044",7020,Spirit
30,2024-07-17 18:15:00,7800,ESL Challenger League Season 48 Europe,10567,SAW,10333,Sangal,2,1,3,"Ancient,Nuke,Anubis","179068,179053,179042",10567,SAW
1453,2024-07-18 10:35:00,7732,Esports World Cup 2024,8297,FURIA,12774,FlyQuest,1,0,1,Nuke,179125,8297,FURIA
2659,2024-07-18 12:15:00,7732,Esports World Cup 2024,9215,MIBR,6248,The MongolZ,0,1,1,Inferno,179129,6248,The MongolZ
1053,2024-07-18 12:15:00,7732,Esports World Cup 2024,5005,Complexity,12376,M80,0,1,1,Anubis,179133,12376,M80
703,2024-07-18 14:05:00,7732,Esports World Cup 2024,11712,Sashi,8297,FURIA,0,1,1,Nuke,179146,8297,FURIA
1071,2024-07-18 16:10:00,7732,Esports World Cup 2024,12376,M80,6248,The MongolZ,0,1,1,Ancient,179163,6248,The MongolZ
2642,2024-07-18 17:40:00,7732,Esports World Cup 2024,6248,The MongolZ,8297,FURIA,0,1,1,Nuke,179174,8297,FURIA
2558,2024-07-18 19:10:00,7732,Esports World Cup 2024,7020,Spirit,5995,G2,1,2,3,"Ancient,Nuke,Mirage","179208,179202,179190",5995,G2
2415,2024-07-19 11:30:00,7732,Esports World Cup 2024,9565,Vitality,5378,Virtus.pro,1,2,3,"Dust2,Inferno,Mirage","179265,179258,179245",5378,Virtus.pro
1772,2024-07-19 15:55:00,7732,Esports World Cup 2024,4494,MOUZ,8297,FURIA,2,1,3,"Inferno,Mirage,Nuke","179302,179290,179277",4494,MOUZ
1881,2024-07-19 19:50:00,7732,Esports World Cup 2024,4608,Natus Vincere,6667,FaZe,2,0,2,"Nuke,Mirage","179321,179315",4608,Natus Vincere
37,2024-07-20 09:00:00,7950,RES Regional Series 6 Europe,4991,fnatic,10333,Sangal,2,0,2,"Mirage,Dust2","179336,179333",4991,fnatic
2357,2024-07-20 14:45:00,7732,Esports World Cup 2024,5378,Virtus.pro,5995,G2,0,2,2,"Ancient,Dust2","179373,179361",5995,G2
1660,2024-07-20 18:00:00,7732,Esports World Cup 2024,4608,Natus Vincere,4494,MOUZ,2,1,3,"Mirage,Nuke,Dust2","179405,179399,179389",4608,Natus Vincere
2043,2024-07-20 18:30:00,7786,Ace South American Masters Fall 2024 - BLAST Premier Qualifier,9455,Imperial,4773,paiN,0,2,2,"Vertigo,Inferno","179410,179397",4773,paiN
1849,2024-07-21 18:00:00,7732,Esports World Cup 2024,5995,G2,4608,Natus Vincere,1,2,3,"Inferno,Nuke,Ancient","179488,179483,179479",4608,Natus Vincere
2131,2024-07-24 15:50:00,7847,Skyesports Championship 2024,6248,The MongolZ,4869,ENCE,1,0,1,Mirage,179664,6248,The MongolZ
839,2024-07-25 07:30:00,7847,Skyesports Championship 2024,11861,Aurora,4869,ENCE,1,0,1,Ancient,179706,11861,Aurora
858,2024-07-26 11:35:00,7847,Skyesports Championship 2024,6248,The MongolZ,11861,Aurora,1,0,1,Ancient,179778,6248,The MongolZ
374,2024-07-26 13:30:00,7847,Skyesports Championship 2024,11251,Eternal Fire,4914,3DMAX,1,0,1,Anubis,179790,11251,Eternal Fire
2115,2024-07-27 14:50:00,7847,Skyesports Championship 2024,4869,ENCE,4914,3DMAX,0,2,2,"Ancient,Dust2","179856,179853",4914,3DMAX
396,2024-07-28 07:40:00,7847,Skyesports Championship 2024,6248,The MongolZ,11251,Eternal Fire,2,0,2,"Dust2,Ancient","179890,179889",6248,The MongolZ
842,2024-07-28 11:10:00,7847,Skyesports Championship 2024,11861,Aurora,4914,3DMAX,1,2,3,"Anubis,Nuke,Inferno","179910,179902,179898",4914,3DMAX
160,2024-07-28 13:30:00,7899,CCT Season 2 Europe Series 6,10567,SAW,4991,fnatic,0,2,2,"Inferno,Anubis","179915,179904",4991,fnatic
2195,2024-07-28 16:00:00,7847,Skyesports Championship 2024,4914,3DMAX,6248,The MongolZ,2,0,2,"Ancient,Anubis","179930,179925",4914,3DMAX
36,2024-07-28 16:30:00,7899,CCT Season 2 Europe Series 6,4991,fnatic,10333,Sangal,1,2,3,"Ancient,Anubis,Dust2","179943,179937,179929",10333,Sangal
2986,2024-07-28 19:30:00,7979,IEM Rio 2024 South America Closed Qualifier,9215,MIBR,9455,Imperial,0,2,2,"Mirage,Vertigo","179955,179948",9455,Imperial
2048,2024-07-28 23:30:00,7979,IEM Rio 2024 South America Closed Qualifier,4773,paiN,9455,Imperial,2,1,3,"Inferno,Nuke,Dust2","179977,179969,179967",4773,paiN
2326,2024-07-29 12:00:00,7554,BLAST Premier Fall Groups 2024,7175,HEROIC,5005,Complexity,2,0,2,"Vertigo,Ancient","180008,180002",7175,HEROIC
3012,2024-07-29 14:30:00,7554,BLAST Premier Fall Groups 2024,9565,Vitality,9928,GamerLegion,2,1,3,"Dust2,Mirage,Anubis","180029,180023,180019",9565,Vitality
528,2024-07-29 18:15:00,7554,BLAST Premier Fall Groups 2024,11283,Falcons,6665,Astralis,0,2,2,"Ancient,Dust2","180040,180037",6665,Astralis
2987,2024-07-29 19:30:00,7979,IEM Rio 2024 South America Closed Qualifier,9215,MIBR,9455,Imperial,1,2,3,"Nuke,Vertigo,Mirage","180046,180045,180041",9455,Imperial
2049,2024-07-29 23:30:00,7979,IEM Rio 2024 South America Closed Qualifier,4773,paiN,9455,Imperial,2,0,2,"Anubis,Inferno","180054,180051",4773,paiN
2813,2024-07-30 10:00:00,7554,BLAST Premier Fall Groups 2024,7020,Spirit,7175,HEROIC,2,0,2,"Anubis,Vertigo","180073,180066",7020,Spirit
2739,2024-07-30 15:15:00,7554,BLAST Premier Fall Groups 2024,6665,Astralis,9565,Vitality,0,2,2,"Dust2,Nuke","180107,180103",9565,Vitality
585,2024-07-30 17:30:00,7554,BLAST Premier Fall Groups 2024,9928,GamerLegion,11283,Falcons,0,2,2,"Nuke,Anubis","180121,180114",11283,Falcons
1614,2024-07-31 13:25:00,7554,BLAST Premier Fall Groups 2024,4411,Ninjas in Pyjamas,5995,G2,0,2,2,"Inferno,Anubis","180196,180188",5995,G2
1908,2024-07-31 15:45:00,7554,BLAST Premier Fall Groups 2024,7532,BIG,4608,Natus Vincere,0,2,2,"Mirage,Dust2","180210,180202",4608,Natus Vincere
2352,2024-07-31 17:30:00,7554,BLAST Premier Fall Groups 2024,5973,Liquid,5378,Virtus.pro,2,0,2,"Dust2,Ancient","180235,180227",5973,Liquid
2547,2024-08-01 10:00:00,7554,BLAST Premier Fall Groups 2024,5995,G2,6667,FaZe,2,1,3,"Mirage,Nuke,Ancient","180290,180285,180278",5995,G2
1838,2024-08-01 16:10:00,7554,BLAST Premier Fall Groups 2024,5973,Liquid,4608,Natus Vincere,2,1,3,"Inferno,Mirage,Anubis","180338,180328,180324",5973,Liquid
2396,2024-08-01 19:35:00,7554,BLAST Premier Fall Groups 2024,7532,BIG,5378,Virtus.pro,2,1,3,"Ancient,Mirage,Dust2","180352,180350,180345",7532,BIG
2327,2024-08-02 10:00:00,7554,BLAST Premier Fall Groups 2024,5005,Complexity,7175,HEROIC,2,0,2,"Ancient,Anubis","180379,180376",5005,Complexity
529,2024-08-02 12:00:00,7554,BLAST Premier Fall Groups 2024,6665,Astralis,11283,Falcons,2,1,3,"Nuke,Ancient,Dust2","180399,180389,180383",6665,Astralis
1629,2024-08-02 15:05:00,7554,BLAST Premier Fall Groups 2024,4411,Ninjas in Pyjamas,6667,FaZe,2,0,2,"Inferno,Ancient","180421,180407",4411,Ninjas in Pyjamas
1909,2024-08-02 17:45:00,7554,BLAST Premier Fall Groups 2024,4608,Natus Vincere,7532,BIG,2,0,2,"Mirage,Dust2","180436,180427",4608,Natus Vincere
2033,2024-08-02 22:20:00,7948,CCT Season 2 South America Series 2,4773,paiN,9215,MIBR,2,0,2,"Vertigo,Anubis","180447,180445",4773,paiN
2323,2024-08-03 10:00:00,7554,BLAST Premier Fall Groups 2024,5005,Complexity,7020,Spirit,1,2,3,"Nuke,Anubis,Dust2","180477,180471,180462",7020,Spirit
2740,2024-08-03 13:50:00,7554,BLAST Premier Fall Groups 2024,6665,Astralis,9565,Vitality,1,2,3,"Nuke,Mirage,Vertigo","180501,180495,180487",9565,Vitality
1615,2024-08-03 16:50:00,7554,BLAST Premier Fall Groups 2024,4411,Ninjas in Pyjamas,5995,G2,0,2,2,"Inferno,Ancient","180515,180508",5995,G2
1839,2024-08-03 19:05:00,7554,BLAST Premier Fall Groups 2024,4608,Natus Vincere,5973,Liquid,1,2,3,"Inferno,Anubis,Nuke","180532,180526,180518",5973,Liquid
2169,2024-08-03 19:10:00,7992,BetBoom Dacha Belgrade Season 2 Europe Closed Qualifier,4914,3DMAX,4991,fnatic,2,0,2,"Anubis,Vertigo","180524,180519",4914,3DMAX
1622,2024-08-04 12:35:00,7554,BLAST Premier Fall Groups 2024,4411,Ninjas in Pyjamas,6665,Astralis,0,2,2,"Inferno,Mirage","180582,180576",6665,Astralis
1829,2024-08-04 14:35:00,7554,BLAST Premier Fall Groups 2024,5005,Complexity,4608,Natus Vincere,0,2,2,"Nuke,Anubis","180601,180593",4608,Natus Vincere
175,2024-08-07 08:30:00,7675,IEM Cologne 2024 Play-in,6248,The MongolZ,10567,SAW,1,2,3,"Dust2,Ancient,Anubis","180830,180820,180807",10567,SAW
1449,2024-08-07 08:30:00,7675,IEM Cologne 2024 Play-in,12774,FlyQuest,7532,BIG,1,2,3,"Vertigo,Inferno,Ancient","180833,180822,180804",7532,BIG
2259,2024-08-07 11:50:00,7675,IEM Cologne 2024 Play-in,4914,3DMAX,9996,9z,0,2,2,"Nuke,Anubis","180846,180837",9996,9z
2885,2024-08-07 12:15:00,7675,IEM Cologne 2024 Play-in,9215,MIBR,7175,HEROIC,2,1,3,"Anubis,Mirage,Ancient","180862,180851,180843",9215,MIBR
337,2024-08-07 15:30:00,7675,IEM Cologne 2024 Play-in,11283,Falcons,11251,Eternal Fire,1,2,3,"Dust2,Nuke,Vertigo","180891,180881,180873",11251,Eternal Fire
2956,2024-08-07 16:45:00,7675,IEM Cologne 2024 Play-in,9455,Imperial,8297,FURIA,1,2,3,"Inferno,Nuke,Dust2","180898,180890,180882",8297,FURIA
1962,2024-08-07 18:40:00,7675,IEM Cologne 2024 Play-in,4773,paiN,5973,Liquid,0,2,2,"Inferno,Anubis","180913,180903",5973,Liquid
186,2024-08-08 11:30:00,7675,IEM Cologne 2024 Play-in,10567,SAW,7532,BIG,2,1,3,"Inferno,Ancient,Anubis","180957,180949,180942",10567,SAW
1433,2024-08-08 11:30:00,7675,IEM Cologne 2024 Play-in,12774,FlyQuest,6248,The MongolZ,0,2,2,"Ancient,Anubis","180948,180943",6248,The MongolZ
2503,2024-08-08 13:45:00,7675,IEM Cologne 2024 Play-in,5973,Liquid,8297,FURIA,2,1,3,"Mirage,Nuke,Anubis","180973,180966,180959",5973,Liquid
2219,2024-08-08 14:45:00,7675,IEM Cologne 2024 Play-in,4914,3DMAX,7175,HEROIC,1,2,3,"Nuke,Ancient,Anubis","180979,180969,180963",7175,HEROIC
381,2024-08-08 17:15:00,7675,IEM Cologne 2024 Play-in,11251,Eternal Fire,5005,Complexity,0,2,2,"Dust2,Vertigo","180989,180982",5005,Complexity
2036,2024-08-09 11:30:00,7675,IEM Cologne 2024 Play-in,4773,paiN,9455,Imperial,2,1,3,"Inferno,Vertigo,Dust2","181041,181036,181027",4773,paiN
3001,2024-08-09 11:30:00,7675,IEM Cologne 2024 Play-in,9215,MIBR,9996,9z,0,2,2,"Nuke,Ancient","181035,181028",9996,9z
2878,2024-08-09 13:55:00,7675,IEM Cologne 2024 Play-in,7175,HEROIC,8297,FURIA,1,2,3,"Nuke,Anubis,Mirage","181051,181047,181044",8297,FURIA
559,2024-08-09 15:20:00,7675,IEM Cologne 2024 Play-in,11283,Falcons,7532,BIG,2,1,3,"Anubis,Mirage,Dust2","181061,181050,181046",11283,Falcons
395,2024-08-09 17:35:00,7675,IEM Cologne 2024 Play-in,11251,Eternal Fire,6248,The MongolZ,1,2,3,"Nuke,Mirage,Anubis","181072,181066,181062",6248,The MongolZ
2023,2024-08-09 18:30:00,7675,IEM Cologne 2024 Play-in,4773,paiN,9215,MIBR,2,1,3,"Vertigo,Anubis,Mirage","181075,181071,181067",4773,paiN
2473,2024-08-10 11:30:00,7436,IEM Cologne 2024,5973,Liquid,6667,FaZe,0,2,2,"Nuke,Mirage","181107,181104",6667,FaZe
2291,2024-08-10 11:30:00,7436,IEM Cologne 2024,5005,Complexity,5378,Virtus.pro,2,1,3,"Anubis,Dust2,Vertigo","181115,181108,181103",5005,Complexity
172,2024-08-10 13:50:00,7436,IEM Cologne 2024,10567,SAW,5995,G2,2,0,2,"Inferno,Nuke","181118,181114",10567,SAW
2753,2024-08-10 15:05:00,7436,IEM Cologne 2024,9996,9z,6665,Astralis,0,2,2,"Inferno,Dust2","181122,181120",6665,Astralis
2626,2024-08-10 16:45:00,7436,IEM Cologne 2024,6248,The MongolZ,7020,Spirit,2,0,2,"Anubis,Ancient","181127,181123",6248,The MongolZ
1813,2024-08-10 17:25:00,7436,IEM Cologne 2024,4773,paiN,4608,Natus Vincere,0,2,2,"Mirage,Anubis","181129,181126",4608,Natus Vincere
2959,2024-08-11 11:30:00,7436,IEM Cologne 2024,8297,FURIA,9565,Vitality,0,2,2,"Mirage,Inferno","181169,181164",9565,Vitality
460,2024-08-11 11:30:00,7436,IEM Cologne 2024,11283,Falcons,4494,MOUZ,1,2,3,"Ancient,Vertigo,Nuke","181174,181170,181162",4494,MOUZ
174,2024-08-11 13:45:00,7436,IEM Cologne 2024,6248,The MongolZ,10567,SAW,1,2,3,"Anubis,Nuke,Ancient","181186,181181,181175",10567,SAW
1867,2024-08-11 14:40:00,7436,IEM Cologne 2024,6665,Astralis,4608,Natus Vincere,0,2,2,"Mirage,Ancient","181184,181180",4608,Natus Vincere
2553,2024-08-11 16:55:00,7436,IEM Cologne 2024,7020,Spirit,5995,G2,0,2,2,"Mirage,Nuke","181193,181189",5995,G2
2059,2024-08-11 17:20:00,7436,IEM Cologne 2024,9996,9z,4773,paiN,1,2,3,"Nuke,Dust2,Anubis","181202,181198,181192",4773,paiN
502,2024-08-12 11:30:00,7436,IEM Cologne 2024,11283,Falcons,5378,Virtus.pro,2,1,3,"Dust2,Mirage,Vertigo","181238,181231,181225",11283,Falcons
2500,2024-08-12 11:30:00,7436,IEM Cologne 2024,5973,Liquid,8297,FURIA,2,0,2,"Nuke,Dust2","181232,181224",5973,Liquid
2789,2024-08-12 14:00:00,7436,IEM Cologne 2024,9565,Vitality,6667,FaZe,2,1,3,"Anubis,Dust2,Inferno","181250,181244,181239",9565,Vitality
111,2024-08-12 15:00:00,7800,ESL Challenger League Season 48 Europe,10567,SAW,11712,Sashi,2,1,3,"Anubis,Ancient,Vertigo","181252,181251,181242",10567,SAW
1682,2024-08-12 15:05:00,7436,IEM Cologne 2024,5005,Complexity,4494,MOUZ,0,2,2,"Nuke,Vertigo","181247,181243",4494,MOUZ
1971,2024-08-12 17:20:00,7436,IEM Cologne 2024,4773,paiN,6248,The MongolZ,2,1,3,"Nuke,Mirage,Anubis","181280,181270,181257",4773,paiN
2538,2024-08-12 17:40:00,7436,IEM Cologne 2024,6665,Astralis,5995,G2,1,2,3,"Ancient,Mirage,Dust2","181275,181263,181255",5995,G2
2299,2024-08-13 11:30:00,7436,IEM Cologne 2024,5973,Liquid,5005,Complexity,2,0,2,"Anubis,Ancient","181351,181339",5973,Liquid
535,2024-08-13 11:30:00,7436,IEM Cologne 2024,11283,Falcons,6667,FaZe,0,2,2,"Ancient,Dust2","181352,181340",6667,FaZe
1964,2024-08-13 13:45:00,7436,IEM Cologne 2024,4773,paiN,5995,G2,0,2,2,"Mirage,Nuke","181365,181358",5995,G2
144,2024-08-13 14:00:00,7436,IEM Cologne 2024,4608,Natus Vincere,10567,SAW,2,1,3,"Inferno,Ancient,Nuke","181369,181366,181363",4608,Natus Vincere
2474,2024-08-13 16:45:00,7436,IEM Cologne 2024,5973,Liquid,6667,FaZe,1,2,3,"Mirage,Nuke,Inferno","181396,181389,181375",6667,FaZe
1783,2024-08-13 16:55:00,7436,IEM Cologne 2024,9565,Vitality,4494,MOUZ,2,0,2,"Vertigo,Dust2","181384,181374",9565,Vitality
178,2024-08-16 13:45:00,7436,IEM Cologne 2024,10567,SAW,6667,FaZe,2,1,3,"Nuke,Anubis,Inferno","181587,181582,181580",10567,SAW
1703,2024-08-16 17:50:00,7436,IEM Cologne 2024,5995,G2,4494,MOUZ,0,2,2,"Mirage,Dust2","181596,181592",4494,MOUZ
198,2024-08-17 13:45:00,7436,IEM Cologne 2024,10567,SAW,9565,Vitality,0,2,2,"Dust2,Nuke","181623,181620",9565,Vitality
1658,2024-08-17 17:00:00,7436,IEM Cologne 2024,4494,MOUZ,4608,Natus Vincere,0,2,2,"Mirage,Inferno","181650,181641",4608,Natus Vincere
1927,2024-08-18 15:00:00,7436,IEM Cologne 2024,4608,Natus Vincere,9565,Vitality,1,3,4,"Inferno,Mirage,Dust2,Nuke","181707,181701,181696,181691",9565,Vitality
690,2024-08-19 13:00:00,7800,ESL Challenger League Season 48 Europe,11712,Sashi,11861,Aurora,2,1,3,"Mirage,Anubis,Inferno","181758,181757,181755",11712,Sashi
226,2024-08-19 17:30:00,7975,IEM Rio 2024 Europe Open Qualifier 2,11241,B8,11712,Sashi,1,0,1,Anubis,181774,11241,B8
440,2024-08-22 18:05:00,7555,BLAST Premier Fall Showdown 2024,12376,M80,11283,Falcons,0,2,2,"Dust2,Ancient","182061,182058",11283,Falcons
592,2024-08-24 08:30:00,8005,BetBoom Dacha Belgrade Season 2 Play-in,9996,9z,11283,Falcons,2,1,3,"Nuke,Dust2,Mirage","182172,182167,182164",9996,9z
1123,2024-08-24 12:55:00,8005,BetBoom Dacha Belgrade Season 2 Play-in,12394,BetBoom,4773,paiN,1,2,3,"Anubis,Vertigo,Mirage","182187,182182,182179",4773,paiN
499,2024-08-24 13:30:00,7555,BLAST Premier Fall Showdown 2024,5005,Complexity,11283,Falcons,1,2,3,"Anubis,Vertigo,Nuke","182188,182185,182180",11283,Falcons
1988,2024-08-24 16:30:00,7555,BLAST Premier Fall Showdown 2024,4773,paiN,6667,FaZe,1,2,3,"Mirage,Inferno,Anubis","182195,182191,182189",6667,FaZe
2397,2024-08-24 19:55:00,7555,BLAST Premier Fall Showdown 2024,7532,BIG,5378,Virtus.pro,1,2,3,"Dust2,Mirage,Ancient","182200,182199,182196",5378,Virtus.pro
444,2024-08-25 09:15:00,8005,BetBoom Dacha Belgrade Season 2 Play-in,12394,BetBoom,11283,Falcons,0,2,2,"Nuke,Ancient","182219,182217",11283,Falcons
2062,2024-08-25 11:45:00,8005,BetBoom Dacha Belgrade Season 2 Play-in,9996,9z,4773,paiN,0,2,2,"Inferno,Nuke","182232,182227",4773,paiN
348,2024-08-25 14:45:00,8005,BetBoom Dacha Belgrade Season 2 Play-in,11861,Aurora,11251,Eternal Fire,1,2,3,"Inferno,Dust2,Mirage","182247,182246,182237",11251,Eternal Fire
504,2024-08-25 18:10:00,7555,BLAST Premier Fall Showdown 2024,11283,Falcons,5378,Virtus.pro,2,0,2,"Mirage,Vertigo","182257,182254",11283,Falcons
593,2024-08-26 09:00:00,8005,BetBoom Dacha Belgrade Season 2 Play-in,11283,Falcons,9996,9z,2,0,2,"Mirage,Dust2","182296,182289",11283,Falcons
903,2024-08-26 11:20:00,8005,BetBoom Dacha Belgrade Season 2 Play-in,8297,FURIA,11861,Aurora,2,1,3,"Nuke,Inferno,Mirage","182334,182328,182313",8297,FURIA
222,2024-08-26 13:30:00,7976,IEM Rio 2024 Europe Closed Qualifier,11241,B8,11251,Eternal Fire,0,2,2,"Dust2,Mirage","182346,182335",11251,Eternal Fire
2168,2024-08-26 13:30:00,7976,IEM Rio 2024 Europe Closed Qualifier,4991,fnatic,4914,3DMAX,1,2,3,"Inferno,Anubis,Ancient","182360,182350,182338",4914,3DMAX
305,2024-08-26 17:30:00,7976,IEM Rio 2024 Europe Closed Qualifier,11241,B8,7175,HEROIC,0,2,2,"Dust2,Anubis","182384,182370",7175,HEROIC
492,2024-08-26 17:45:00,7976,IEM Rio 2024 Europe Closed Qualifier,11283,Falcons,4914,3DMAX,2,1,3,"Anubis,Vertigo,Nuke","182392,182391,182369",11283,Falcons
481,2024-08-27 09:30:00,8005,BetBoom Dacha Belgrade Season 2 Play-in,4773,paiN,11283,Falcons,1,0,1,Vertigo,182457,4773,paiN
2221,2024-08-27 13:30:00,7976,IEM Rio 2024 Europe Closed Qualifier,7175,HEROIC,4914,3DMAX,2,0,2,"Ancient,Anubis","182505,182497",7175,HEROIC
420,2024-08-27 14:10:00,8005,BetBoom Dacha Belgrade Season 2 Play-in,11251,Eternal Fire,8297,FURIA,0,1,1,Dust2,182507,8297,FURIA
2274,2024-08-27 17:30:00,7976,IEM Rio 2024 Europe Closed Qualifier,7175,HEROIC,4991,fnatic,2,1,3,"Dust2,Mirage,Anubis","182545,182535,182528",7175,HEROIC
339,2024-08-27 17:30:00,7976,IEM Rio 2024 Europe Closed Qualifier,11283,Falcons,11251,Eternal Fire,0,2,2,"Anubis,Vertigo","182534,182525",11251,Eternal Fire
549,2024-08-28 09:00:00,7993,BetBoom Dacha Belgrade Season 2,7020,Spirit,11283,Falcons,2,0,2,"Dust2,Nuke","182607,182582",7020,Spirit
2404,2024-08-28 12:00:00,7993,BetBoom Dacha Belgrade Season 2,8297,FURIA,5378,Virtus.pro,2,0,2,"Mirage,Inferno","182639,182631",8297,FURIA
556,2024-08-28 13:30:00,7976,IEM Rio 2024 Europe Closed Qualifier,7175,HEROIC,11283,Falcons,2,0,2,"Dust2,Mirage","182648,182641",7175,HEROIC
1998,2024-08-28 16:50:00,7993,BetBoom Dacha Belgrade Season 2,4773,paiN,7175,HEROIC,2,1,3,"Nuke,Dust2,Vertigo","182681,182669,182658",4773,paiN
362,2024-08-28 20:55:00,7993,BetBoom Dacha Belgrade Season 2,11251,Eternal Fire,4494,MOUZ,0,2,2,"Nuke,Inferno","182691,182684",4494,MOUZ
509,2024-08-29 09:00:00,7993,BetBoom Dacha Belgrade Season 2,5378,Virtus.pro,11283,Falcons,2,1,3,"Ancient,Vertigo,Mirage","182739,182732,182720",5378,Virtus.pro
411,2024-08-29 12:55:00,7993,BetBoom Dacha Belgrade Season 2,11251,Eternal Fire,7175,HEROIC,2,0,2,"Anubis,Mirage","182770,182757",11251,Eternal Fire
2829,2024-08-29 15:40:00,7993,BetBoom Dacha Belgrade Season 2,7020,Spirit,8297,FURIA,2,0,2,"Anubis,Mirage","182791,182788",7020,Spirit
1669,2024-08-29 18:10:00,7993,BetBoom Dacha Belgrade Season 2,4773,paiN,4494,MOUZ,1,2,3,"Nuke,Mirage,Vertigo","182823,182819,182810",4494,MOUZ
419,2024-08-30 11:00:00,7993,BetBoom Dacha Belgrade Season 2,8297,FURIA,11251,Eternal Fire,1,2,3,"Mirage,Nuke,Vertigo","182875,182866,182861",11251,Eternal Fire
691,2024-08-30 13:30:00,7964,ESL Challenger Atlanta 2024 Europe Closed Qualifier,11861,Aurora,11712,Sashi,2,0,2,"Inferno,Mirage","182883,182880",11861,Aurora
1956,2024-08-30 14:30:00,7993,BetBoom Dacha Belgrade Season 2,5378,Virtus.pro,4773,paiN,1,2,3,"Dust2,Vertigo,Mirage","182892,182890,182885",4773,paiN
1752,2024-08-30 18:45:00,7993,BetBoom Dacha Belgrade Season 2,7020,Spirit,4494,MOUZ,2,1,3,"Ancient,Mirage,Nuke","182905,182903,182900",7020,Spirit
370,2024-08-31 11:15:00,7993,BetBoom Dacha Belgrade Season 2,11251,Eternal Fire,4773,paiN,2,0,2,"Anubis,Inferno","182918,182916",11251,Eternal Fire
363,2024-08-31 16:00:00,7993,BetBoom Dacha Belgrade Season 2,11251,Eternal Fire,4494,MOUZ,2,0,2,"Nuke,Dust2","182935,182931",11251,Eternal Fire
408,2024-09-01 11:00:00,7993,BetBoom Dacha Belgrade Season 2,11251,Eternal Fire,7020,Spirit,0,3,3,"Mirage,Vertigo,Nuke","182969,182963,182957",7020,Spirit
356,2024-09-03 11:30:00,7441,ESL Pro League Season 20,12774,FlyQuest,11251,Eternal Fire,0,2,2,"Dust2,Inferno","183085,183078",11251,Eternal Fire
39,2024-09-03 14:30:00,7441,ESL Pro League Season 20,6667,FaZe,10333,Sangal,1,2,3,"Nuke,Ancient,Anubis","183112,183105,183095",10333,Sangal
2997,2024-09-03 17:30:00,7441,ESL Pro League Season 20,9215,MIBR,9996,9z,2,0,2,"Nuke,Anubis","183134,183122",9215,MIBR
989,2024-09-04 11:30:00,7441,ESL Pro League Season 20,12257,Wildcard,7020,Spirit,0,2,2,"Nuke,Ancient","183172,183165",7020,Spirit
2192,2024-09-04 11:30:00,7441,ESL Pro League Season 20,4914,3DMAX,6248,The MongolZ,2,0,2,"Ancient,Anubis","183169,183163",4914,3DMAX
1437,2024-09-04 14:30:00,7441,ESL Pro League Season 20,12774,FlyQuest,6667,FaZe,0,2,2,"Ancient,Anubis","183187,183180",6667,FaZe
32,2024-09-04 14:30:00,7441,ESL Pro League Season 20,11251,Eternal Fire,10333,Sangal,2,0,2,"Nuke,Dust2","183183,183182",11251,Eternal Fire
1588,2024-09-04 17:30:00,7441,ESL Pro League Season 20,4411,Ninjas in Pyjamas,4608,Natus Vincere,0,2,2,"Dust2,Ancient","183199,183190",4608,Natus Vincere
2834,2024-09-05 11:30:00,7441,ESL Pro League Season 20,7020,Spirit,9215,MIBR,1,2,3,"Anubis,Nuke,Ancient","183256,183250,183240",9215,MIBR
1003,2024-09-05 14:30:00,7441,ESL Pro League Season 20,12257,Wildcard,9996,9z,0,2,2,"Nuke,Ancient","183271,183262",9996,9z
2183,2024-09-05 14:55:00,7441,ESL Pro League Season 20,4914,3DMAX,5995,G2,1,2,3,"Nuke,Ancient,Anubis","183284,183275,183267",5995,G2
41,2024-09-05 17:30:00,7441,ESL Pro League Season 20,10333,Sangal,7175,HEROIC,2,1,3,"Nuke,Ancient,Mirage","183315,183306,183293",10333,Sangal
1628,2024-09-05 18:05:00,7441,ESL Pro League Season 20,4411,Ninjas in Pyjamas,6667,FaZe,1,2,3,"Dust2,Mirage,Ancient","183317,183313,183303",6667,FaZe
2627,2024-09-06 11:30:00,7441,ESL Pro League Season 20,6248,The MongolZ,7020,Spirit,1,2,3,"Nuke,Anubis,Ancient","183355,183349,183343",7020,Spirit
2258,2024-09-06 11:30:00,7441,ESL Pro League Season 20,4914,3DMAX,9996,9z,2,0,2,"Nuke,Inferno","183350,183345",4914,3DMAX
40,2024-09-06 14:45:00,7441,ESL Pro League Season 20,10333,Sangal,6667,FaZe,0,2,2,"Dust2,Anubis","183369,183363",6667,FaZe
2217,2024-09-06 17:30:00,7441,ESL Pro League Season 20,7020,Spirit,4914,3DMAX,2,1,3,"Nuke,Ancient,Anubis","183392,183387,183379",7020,Spirit
2685,2024-09-07 11:30:00,7441,ESL Pro League Season 20,9996,9z,6248,The MongolZ,0,2,2,"Ancient,Nuke","183428,183419",6248,The MongolZ
34,2024-09-07 11:30:00,7441,ESL Pro League Season 20,10333,Sangal,12774,FlyQuest,2,0,2,"Vertigo,Anubis","183429,183420",10333,Sangal
1637,2024-09-07 14:30:00,7441,ESL Pro League Season 20,7175,HEROIC,4411,Ninjas in Pyjamas,2,1,3,"Anubis,Nuke,Ancient","183459,183454,183443",7175,HEROIC
978,2024-09-07 14:30:00,7441,ESL Pro League Season 20,12257,Wildcard,4914,3DMAX,0,2,2,"Inferno,Ancient","183449,183440",4914,3DMAX
366,2024-09-07 18:00:00,7441,ESL Pro League Season 20,11251,Eternal Fire,4608,Natus Vincere,0,2,2,"Mirage,Anubis","183490,183476",4608,Natus Vincere
2193,2024-09-08 11:30:00,7441,ESL Pro League Season 20,4914,3DMAX,6248,The MongolZ,0,2,2,"Ancient,Anubis","183525,183522",6248,The MongolZ
42,2024-09-08 14:30:00,7441,ESL Pro League Season 20,10333,Sangal,7175,HEROIC,0,2,2,"Nuke,Mirage","183537,183534",7175,HEROIC
2594,2024-09-08 17:30:00,7441,ESL Pro League Season 20,9215,MIBR,5995,G2,0,2,2,"Inferno,Anubis","183553,183549",5995,G2
2269,2024-09-10 11:30:00,7441,ESL Pro League Season 20,4991,fnatic,6665,Astralis,2,1,3,"Ancient,Inferno,Vertigo","183651,183643,183632",4991,fnatic
2124,2024-09-10 14:50:00,7441,ESL Pro League Season 20,5973,Liquid,4869,ENCE,2,0,2,"Anubis,Nuke","183659,183656",5973,Liquid
2920,2024-09-10 15:10:00,7441,ESL Pro League Season 20,9455,Imperial,7532,BIG,2,1,3,"Dust2,Mirage,Nuke","183663,183660,183657",9455,Imperial
1052,2024-09-10 17:30:00,7441,ESL Pro League Season 20,5005,Complexity,12376,M80,0,2,2,"Anubis,Ancient","183671,183665",12376,M80
2392,2024-09-10 18:10:00,7441,ESL Pro League Season 20,7176,RED Canids,5378,Virtus.pro,0,2,2,"Dust2,Vertigo","183673,183672",5378,Virtus.pro
560,2024-09-11 11:30:00,7441,ESL Pro League Season 20,8297,FURIA,11283,Falcons,2,1,3,"Dust2,Anubis,Nuke","183719,183713,183702",8297,FURIA
2313,2024-09-11 14:55:00,7441,ESL Pro League Season 20,5005,Complexity,6665,Astralis,2,0,2,"Inferno,Vertigo","183741,183732",5005,Complexity
1050,2024-09-11 17:30:00,7441,ESL Pro League Season 20,12376,M80,4991,fnatic,2,0,2,"Inferno,Anubis","183781,183764",12376,M80
1782,2024-09-11 17:55:00,7441,ESL Pro League Season 20,9455,Imperial,4494,MOUZ,2,0,2,"Inferno,Dust2","183775,183757",9455,Imperial
2351,2024-09-12 11:30:00,7441,ESL Pro League Season 20,5973,Liquid,5378,Virtus.pro,2,0,2,"Dust2,Ancient","183826,183819",5973,Liquid
2960,2024-09-12 14:30:00,7441,ESL Pro League Season 20,8297,FURIA,9565,Vitality,0,2,2,"Dust2,Vertigo","183850,183841",9565,Vitality
2145,2024-09-12 14:30:00,7441,ESL Pro League Season 20,7176,RED Canids,4869,ENCE,2,1,3,"Anubis,Vertigo,Ancient","183855,183848,183840",7176,RED Canids
2276,2024-09-12 17:30:00,7441,ESL Pro League Season 20,4991,fnatic,7532,BIG,0,2,2,"Mirage,Anubis","183870,183859",7532,BIG
1686,2024-09-12 17:30:00,7441,ESL Pro League Season 20,5005,Complexity,4494,MOUZ,2,0,2,"Nuke,Vertigo","183873,183861",5005,Complexity
2900,2024-09-13 11:30:00,7441,ESL Pro League Season 20,7176,RED Canids,8297,FURIA,1,2,3,"Vertigo,Nuke,Anubis","183927,183919,183910",8297,FURIA
503,2024-09-13 11:30:00,7441,ESL Pro League Season 20,5378,Virtus.pro,11283,Falcons,2,1,3,"Ancient,Vertigo,Dust2","183931,183925,183916",5378,Virtus.pro
2329,2024-09-13 15:35:00,7441,ESL Pro League Season 20,7532,BIG,5005,Complexity,2,1,3,"Dust2,Vertigo,Ancient","183948,183945,183937",7532,BIG
2402,2024-09-13 18:50:00,7441,ESL Pro League Season 20,8297,FURIA,5378,Virtus.pro,1,2,3,"Mirage,Vertigo,Dust2","183967,183964,183960",5378,Virtus.pro
1678,2024-09-14 11:30:00,7441,ESL Pro League Season 20,4991,fnatic,4494,MOUZ,0,2,2,"Mirage,Vertigo","184016,184004",4494,MOUZ
558,2024-09-14 11:30:00,7441,ESL Pro League Season 20,7176,RED Canids,11283,Falcons,2,0,2,"Dust2,Mirage","184020,184009",7176,RED Canids
2314,2024-09-14 14:30:00,7441,ESL Pro League Season 20,5005,Complexity,6665,Astralis,2,1,3,"Nuke,Inferno,Vertigo","184056,184049,184037",5005,Complexity
1090,2024-09-14 18:00:00,7441,ESL Pro League Season 20,12376,M80,9455,Imperial,2,0,2,"Dust2,Vertigo","184069,184061",12376,M80
1687,2024-09-15 11:30:00,7441,ESL Pro League Season 20,5005,Complexity,4494,MOUZ,2,0,2,"Ancient,Vertigo","184106,184097",5005,Complexity
2901,2024-09-15 14:30:00,7441,ESL Pro League Season 20,7176,RED Canids,8297,FURIA,0,2,2,"Nuke,Anubis","184133,184124",8297,FURIA
2513,2024-09-15 17:30:00,7441,ESL Pro League Season 20,9565,Vitality,5973,Liquid,2,1,3,"Dust2,Nuke,Anubis","184153,184149,184145",9565,Vitality
2389,2024-09-17 11:00:00,7441,ESL Pro League Season 20,7175,HEROIC,5378,Virtus.pro,2,0,2,"Dust2,Ancient","184246,184235",7175,HEROIC
2640,2024-09-17 11:00:00,7441,ESL Pro League Season 20,7532,BIG,6248,The MongolZ,1,2,3,"Mirage,Nuke,Ancient","184256,184249,184238",6248,The MongolZ
2824,2024-09-17 14:15:00,7441,ESL Pro League Season 20,8297,FURIA,7020,Spirit,0,2,2,"Anubis,Nuke","184266,184259",7020,Spirit
2318,2024-09-17 17:30:00,7441,ESL Pro League Season 20,5005,Complexity,6667,FaZe,2,0,2,"Dust2,Anubis","184277,184272",5005,Complexity
2884,2024-09-18 11:00:00,7441,ESL Pro League Season 20,7175,HEROIC,9215,MIBR,1,2,3,"Nuke,Anubis,Mirage","184319,184316,184308",9215,MIBR
394,2024-09-18 11:00:00,7441,ESL Pro League Season 20,11251,Eternal Fire,6248,The MongolZ,2,1,3,"Inferno,Anubis,Mirage","184322,184317,184309",11251,Eternal Fire
2840,2024-09-18 15:15:00,7441,ESL Pro League Season 20,7020,Spirit,9455,Imperial,2,0,2,"Dust2,Nuke","184332,184328",7020,Spirit
2302,2024-09-18 18:00:00,7441,ESL Pro League Season 20,5005,Complexity,5973,Liquid,0,2,2,"Anubis,Nuke","184343,184339",5973,Liquid
689,2024-09-19 11:00:00,7990,YaLLa Compass Summer 2024,11712,Sashi,11811,Monte,1,2,3,"Vertigo,Nuke,Anubis","184409,184403,184397",11811,Monte
1089,2024-09-19 14:15:00,7441,ESL Pro League Season 20,9215,MIBR,12376,M80,2,0,2,"Ancient,Anubis","184419,184411",9215,MIBR
427,2024-09-19 17:30:00,7441,ESL Pro League Season 20,9565,Vitality,11251,Eternal Fire,1,2,3,"Inferno,Nuke,Anubis","184450,184439,184431",11251,Eternal Fire
1891,2024-09-20 14:15:00,7441,ESL Pro League Season 20,7020,Spirit,4608,Natus Vincere,0,2,2,"Mirage,Dust2","184514,184505",4608,Natus Vincere
2454,2024-09-20 17:30:00,7441,ESL Pro League Season 20,5995,G2,5973,Liquid,2,1,3,"Nuke,Mirage,Inferno","184533,184532,184525",5995,G2
422,2024-09-21 14:15:00,7441,ESL Pro League Season 20,9215,MIBR,11251,Eternal Fire,0,2,2,"Inferno,Nuke","184577,184571",11251,Eternal Fire
1844,2024-09-21 17:30:00,7441,ESL Pro League Season 20,4608,Natus Vincere,5995,G2,2,1,3,"Ancient,Nuke,Inferno","184593,184591,184587",4608,Natus Vincere
367,2024-09-22 15:00:00,7441,ESL Pro League Season 20,11251,Eternal Fire,4608,Natus Vincere,2,3,5,"Dust2,Inferno,Ancient,Anubis,Nuke","184665,184660,184656,184650,184644",4608,Natus Vincere
2002,2024-09-23 20:30:00,8082,CBCS Masters 2024,7176,RED Canids,4773,paiN,0,2,2,"Nuke,Mirage","184739,184733",4773,paiN
782,2024-09-24 11:30:00,7990,YaLLa Compass Summer 2024,11811,Monte,7532,BIG,2,0,2,"Ancient,Vertigo","184780,184775",11811,Monte
476,2024-09-25 10:00:00,7556,BLAST Premier Fall Final 2024,11283,Falcons,4608,Natus Vincere,0,2,2,"Ancient,Anubis","184865,184858",4608,Natus Vincere
2548,2024-09-25 12:00:00,7556,BLAST Premier Fall Final 2024,5995,G2,6667,FaZe,2,1,3,"Mirage,Inferno,Dust2","184878,184875,184871",5995,G2
2741,2024-09-25 15:20:00,7556,BLAST Premier Fall Final 2024,6665,Astralis,9565,Vitality,0,2,2,"Dust2,Inferno","184887,184882",9565,Vitality
2485,2024-09-25 17:20:00,7556,BLAST Premier Fall Final 2024,5973,Liquid,7020,Spirit,2,1,3,"Anubis,Nuke,Dust2","184907,184900,184888",5973,Liquid
758,2024-09-26 08:00:00,7990,YaLLa Compass Summer 2024,11811,Monte,4914,3DMAX,0,2,2,"Dust2,Vertigo","184948,184942",4914,3DMAX
536,2024-09-26 10:00:00,7556,BLAST Premier Fall Final 2024,11283,Falcons,6667,FaZe,1,2,3,"Dust2,Ancient,Nuke","184967,184957,184953",6667,FaZe
1847,2024-09-26 13:45:00,7556,BLAST Premier Fall Final 2024,5995,G2,4608,Natus Vincere,0,2,2,"Ancient,Dust2","184975,184973",4608,Natus Vincere
843,2024-09-26 15:20:00,7990,YaLLa Compass Summer 2024,4914,3DMAX,11861,Aurora,2,0,2,"Anubis,Dust2","185006,184980",4914,3DMAX
2700,2024-09-26 15:50:00,7556,BLAST Premier Fall Final 2024,6665,Astralis,7020,Spirit,1,2,3,"Mirage,Dust2,Ancient","185005,184994,184981",7020,Spirit
2514,2024-09-26 18:45:00,7556,BLAST Premier Fall Final 2024,5973,Liquid,9565,Vitality,0,2,2,"Nuke,Anubis","185028,185020",9565,Vitality
2231,2024-09-27 13:30:00,8092,ESL Challenger Katowice 2024 Europe Closed Qualifier,7969,Nemiga,4914,3DMAX,0,2,2,"Inferno,Ancient","185088,185077",4914,3DMAX
2555,2024-09-27 14:00:00,7556,BLAST Premier Fall Final 2024,7020,Spirit,5995,G2,0,2,2,"Mirage,Dust2","185098,185083",5995,G2
2478,2024-09-27 17:25:00,7556,BLAST Premier Fall Final 2024,6667,FaZe,5973,Liquid,2,0,2,"Mirage,Inferno","185116,185109",6667,FaZe
2260,2024-09-27 17:30:00,8092,ESL Challenger Katowice 2024 Europe Closed Qualifier,9996,9z,4914,3DMAX,0,2,2,"Dust2,Inferno","185126,185113",4914,3DMAX
33,2024-09-27 18:10:00,8074,CCT Season 2 Europe Series 12,12394,BetBoom,10333,Sangal,2,0,2,"Mirage,Dust2","185128,185119",12394,BetBoom
104,2024-09-27 18:10:00,8092,ESL Challenger Katowice 2024 Europe Closed Qualifier,11241,B8,10567,SAW,2,0,2,"Nuke,Ancient","185122,185112",11241,B8
1128,2024-09-28 10:30:00,8074,CCT Season 2 Europe Series 12,4914,3DMAX,12394,BetBoom,1,2,3,"Anubis,Nuke,Inferno","185194,185191,185178",12394,BetBoom
190,2024-09-28 13:30:00,8092,ESL Challenger Katowice 2024 Europe Closed Qualifier,7969,Nemiga,10567,SAW,1,2,3,"Vertigo,Inferno,Ancient","185213,185207,185201",10567,SAW
2600,2024-09-28 14:00:00,7556,BLAST Premier Fall Final 2024,5995,G2,9565,Vitality,2,1,3,"Mirage,Dust2,Anubis","185215,185208,185202",5995,G2
279,2024-09-28 17:30:00,8092,ESL Challenger Katowice 2024 Europe Closed Qualifier,11241,B8,4914,3DMAX,2,1,3,"Nuke,Dust2,Ancient","185246,185232,185223",11241,B8
206,2024-09-28 17:30:00,8092,ESL Challenger Katowice 2024 Europe Closed Qualifier,9996,9z,10567,SAW,0,2,2,"Inferno,Dust2","185237,185227",10567,SAW
1879,2024-09-28 18:35:00,7556,BLAST Premier Fall Final 2024,6667,FaZe,4608,Natus Vincere,1,2,3,"Anubis,Ancient,Inferno","185255,185249,185236",4608,Natus Vincere
2003,2024-09-28 23:30:00,8096,ESL Challenger Katowice 2024 South America Closed Qualifier,7176,RED Canids,4773,paiN,0,2,2,"Nuke,Mirage","185268,185267",4773,paiN
157,2024-09-29 13:30:00,8092,ESL Challenger Katowice 2024 Europe Closed Qualifier,10567,SAW,4914,3DMAX,2,1,3,"Vertigo,Nuke,Dust2","185317,185310,185301",10567,SAW
1848,2024-09-29 14:00:00,7556,BLAST Premier Fall Final 2024,4608,Natus Vincere,5995,G2,1,3,4,"Inferno,Mirage,Dust2,Ancient","185323,185318,185312,185303",5995,G2
1106,2024-10-04 14:30:00,7602,ESL Challenger Atlanta 2024,12774,FlyQuest,12394,BetBoom,1,0,1,Dust2,185711,12774,FlyQuest
966,2024-10-04 18:35:00,7602,ESL Challenger Atlanta 2024,12257,Wildcard,12376,M80,0,1,1,Ancient,185731,12376,M80
2906,2024-10-04 20:00:00,8083,CBCS Masters 2024 Finals,9455,Imperial,7176,RED Canids,1,2,3,"Nuke,Dust2,Vertigo","185743,185737,185734",7176,RED Canids
136,2024-10-04 20:10:00,7602,ESL Challenger Atlanta 2024,10567,SAW,12774,FlyQuest,0,1,1,Inferno,185735,12774,FlyQuest
1081,2024-10-04 21:50:00,7602,ESL Challenger Atlanta 2024,7532,BIG,12376,M80,1,0,1,Dust2,185739,7532,BIG
967,2024-10-05 17:05:00,7602,ESL Challenger Atlanta 2024,12257,Wildcard,12376,M80,2,1,3,"Vertigo,Anubis,Dust2","185830,185827,185821",12257,Wildcard
129,2024-10-05 20:30:00,7602,ESL Challenger Atlanta 2024,10567,SAW,12394,BetBoom,2,1,3,"Ancient,Nuke,Anubis","185841,185840,185836",10567,SAW
975,2024-10-06 14:00:00,7602,ESL Challenger Atlanta 2024,12257,Wildcard,12774,FlyQuest,1,2,3,"Anubis,Dust2,Nuke","185909,185896,185889",12774,FlyQuest
185,2024-10-06 17:30:00,7602,ESL Challenger Atlanta 2024,10567,SAW,7532,BIG,1,2,3,"Vertigo,Ancient,Nuke","185923,185920,185916",7532,BIG
1448,2024-10-06 21:15:00,7602,ESL Challenger Atlanta 2024,12774,FlyQuest,7532,BIG,2,1,3,"Dust2,Vertigo,Ancient","185937,185932,185929",12774,FlyQuest
1666,2024-10-07 14:00:00,7439,IEM Rio 2024,4773,paiN,4494,MOUZ,0,1,1,Dust2,185956,4494,MOUZ
2777,2024-10-07 14:00:00,7439,IEM Rio 2024,6667,FaZe,8297,FURIA,0,1,1,Dust2,185955,8297,FURIA
2301,2024-10-07 15:10:00,7439,IEM Rio 2024,5005,Complexity,5973,Liquid,0,1,1,Inferno,185958,5973,Liquid
1923,2024-10-07 15:15:00,7439,IEM Rio 2024,4608,Natus Vincere,9455,Imperial,1,0,1,Nuke,185957,4608,Natus Vincere
3021,2024-10-07 16:10:00,7439,IEM Rio 2024,9996,9z,9565,Vitality,0,1,1,Mirage,185962,9565,Vitality
2571,2024-10-07 16:15:00,7439,IEM Rio 2024,5995,G2,7175,HEROIC,0,1,1,Dust2,185964,7175,HEROIC
2362,2024-10-07 17:05:00,7439,IEM Rio 2024,6248,The MongolZ,5378,Virtus.pro,1,0,1,Mirage,185969,6248,The MongolZ
398,2024-10-07 17:30:00,7439,IEM Rio 2024,6665,Astralis,11251,Eternal Fire,1,0,1,Inferno,185972,6665,Astralis
1770,2024-10-07 18:15:00,7439,IEM Rio 2024,4494,MOUZ,8297,FURIA,1,2,3,"Dust2,Mirage,Nuke","185983,185982,185979",8297,FURIA
1987,2024-10-07 18:50:00,7439,IEM Rio 2024,4773,paiN,6667,FaZe,1,2,3,"Nuke,Mirage,Dust2","185987,185984,185980",6667,FaZe
2340,2024-10-07 21:05:00,7439,IEM Rio 2024,5005,Complexity,9455,Imperial,2,1,3,"Anubis,Vertigo,Dust2","185994,185991,185986",5005,Complexity
1836,2024-10-07 22:20:00,7439,IEM Rio 2024,4608,Natus Vincere,5973,Liquid,2,1,3,"Ancient,Dust2,Inferno","185995,185993,185989",4608,Natus Vincere
2430,2024-10-08 14:00:00,7439,IEM Rio 2024,9996,9z,5378,Virtus.pro,1,2,3,"Mirage,Inferno,Ancient","186020,186017,186013",5378,Virtus.pro
2665,2024-10-08 14:00:00,7439,IEM Rio 2024,6248,The MongolZ,9565,Vitality,0,2,2,"Nuke,Inferno","186018,186014",9565,Vitality
389,2024-10-08 16:40:00,7439,IEM Rio 2024,11251,Eternal Fire,5995,G2,2,0,2,"Mirage,Anubis","186026,186022",11251,Eternal Fire
2709,2024-10-08 17:25:00,7439,IEM Rio 2024,7175,HEROIC,6665,Astralis,2,0,2,"Ancient,Mirage","186029,186024",7175,HEROIC
2030,2024-10-08 18:00:00,7804,ESL Challenger League Season 48 South America,4773,paiN,9215,MIBR,2,0,2,"Mirage,Vertigo","186028,186033",4773,paiN
2476,2024-10-08 19:00:00,7439,IEM Rio 2024,5973,Liquid,6667,FaZe,0,2,2,"Dust2,Inferno","186039,186032",6667,FaZe
1684,2024-10-08 19:30:00,7439,IEM Rio 2024,5005,Complexity,4494,MOUZ,0,2,2,"Inferno,Vertigo","186040,186035",4494,MOUZ
2366,2024-10-09 14:00:00,7439,IEM Rio 2024,6665,Astralis,5378,Virtus.pro,0,2,2,"Mirage,Ancient","186083,186079",5378,Virtus.pro
393,2024-10-09 14:00:00,7439,IEM Rio 2024,11251,Eternal Fire,6248,The MongolZ,1,2,3,"Inferno,Mirage,Anubis","186084,186082,186078",6248,The MongolZ
2893,2024-10-09 16:40:00,7439,IEM Rio 2024,9565,Vitality,7175,HEROIC,0,2,2,"Anubis,Mirage","186088,186085",7175,HEROIC
1912,2024-10-09 16:55:00,7439,IEM Rio 2024,8297,FURIA,4608,Natus Vincere,2,0,2,"Mirage,Nuke","186089,186086",8297,FURIA
2363,2024-10-09 19:00:00,7439,IEM Rio 2024,6248,The MongolZ,5378,Virtus.pro,0,2,2,"Dust2,Ancient","186094,186093",5378,Virtus.pro
1732,2024-10-09 19:00:00,7439,IEM Rio 2024,6667,FaZe,4494,MOUZ,1,2,3,"Nuke,Mirage,Dust2","186097,186095,186092",4494,MOUZ
2902,2024-10-09 22:00:00,7804,ESL Challenger League Season 48 South America,9215,MIBR,7176,RED Canids,2,0,2,"Nuke,Anubis","186102,186106",9215,MIBR
1832,2024-10-11 15:00:00,7439,IEM Rio 2024,5378,Virtus.pro,4608,Natus Vincere,0,2,2,"Ancient,Inferno","186181,186177",4608,Natus Vincere
1784,2024-10-11 18:15:00,7439,IEM Rio 2024,9565,Vitality,4494,MOUZ,1,2,3,"Inferno,Nuke,Mirage","186192,186190,186186",4494,MOUZ
1903,2024-10-12 15:00:00,7439,IEM Rio 2024,7175,HEROIC,4608,Natus Vincere,1,2,3,"Mirage,Dust2,Ancient","186231,186226,186216",4608,Natus Vincere
1771,2024-10-12 18:50:00,7439,IEM Rio 2024,8297,FURIA,4494,MOUZ,0,2,2,"Mirage,Nuke","186238,186237",4494,MOUZ
1659,2024-10-13 17:00:00,7439,IEM Rio 2024,4494,MOUZ,4608,Natus Vincere,1,3,4,"Ancient,Mirage,Dust2,Inferno","186286,186280,186276,186272",4608,Natus Vincere
962,2024-10-15 22:00:00,7804,ESL Challenger League Season 48 South America,7176,RED Canids,12144,BESTIA,2,0,2,"Anubis,Nuke","186343,186340",7176,RED Canids
43,2024-10-16 11:35:00,7778,RES Regional Champions 2024,10333,Sangal,7969,Nemiga,2,1,3,"Anubis,Vertigo,Ancient","186382,186375,186369",10333,Sangal
260,2024-10-16 12:40:00,7860,Elisa Masters Espoo 2024,4411,Ninjas in Pyjamas,11241,B8,0,1,1,Mirage,186370,11241,B8
289,2024-10-16 14:30:00,7860,Elisa Masters Espoo 2024,11241,B8,6248,The MongolZ,0,2,2,"Inferno,Nuke","186391,186380",6248,The MongolZ
31,2024-10-16 17:00:00,7800,ESL Challenger League Season 48 Europe,10333,Sangal,10567,SAW,2,1,3,"Vertigo,Anubis,Nuke","186413,186405,186396",10333,Sangal
2229,2024-10-16 17:20:00,7800,ESL Challenger League Season 48 Europe,4914,3DMAX,7969,Nemiga,0,2,2,"Ancient,Inferno","186412,186399",7969,Nemiga
2903,2024-10-16 22:00:00,7804,ESL Challenger League Season 48 South America,9215,MIBR,7176,RED Canids,2,1,3,"Nuke,Ancient,Mirage","186427,186425,186421",9215,MIBR
2164,2024-10-17 11:10:00,7860,Elisa Masters Espoo 2024,9996,9z,4869,ENCE,0,1,1,Ancient,186464,4869,ENCE
2143,2024-10-17 14:00:00,7860,Elisa Masters Espoo 2024,4869,ENCE,7175,HEROIC,0,2,2,"Nuke,Vertigo","186484,186477",7175,HEROIC
44,2024-10-17 17:00:00,7800,ESL Challenger League Season 48 Europe,10333,Sangal,7969,Nemiga,2,1,3,"Anubis,Ancient,Mirage","186501,186493,186488",10333,Sangal
2904,2024-10-17 22:00:00,7804,ESL Challenger League Season 48 South America,9455,Imperial,7176,RED Canids,1,2,3,"Mirage,Dust2,Anubis","186510,186508,186504",7176,RED Canids
2031,2024-10-17 22:00:00,7804,ESL Challenger League Season 48 South America,4773,paiN,9215,MIBR,2,1,3,"Vertigo,Mirage,Nuke","186511,186509,186506",4773,paiN
2165,2024-10-18 16:00:00,7860,Elisa Masters Espoo 2024,4869,ENCE,9996,9z,2,0,2,"Mirage,Ancient","186555,186548",4869,ENCE
153,2024-10-18 17:00:00,7800,ESL Challenger League Season 48 Europe,10567,SAW,4914,3DMAX,1,2,3,"Inferno,Ancient,Anubis","186567,186559,186549",4914,3DMAX
963,2024-10-18 22:00:00,7804,ESL Challenger League Season 48 South America,7176,RED Canids,12144,BESTIA,0,2,2,"Anubis,Nuke","186579,186577",12144,BESTIA
2278,2024-10-19 10:00:00,7778,RES Regional Champions 2024,7969,Nemiga,4991,fnatic,2,0,2,"Dust2,Ancient","186599,186596",7969,Nemiga
2132,2024-10-19 13:30:00,7860,Elisa Masters Espoo 2024,4869,ENCE,6248,The MongolZ,2,1,3,"Ancient,Mirage,Anubis","186626,186622,186617",4869,ENCE
2230,2024-10-19 15:00:00,7800,ESL Challenger League Season 48 Europe,4914,3DMAX,7969,Nemiga,1,2,3,"Anubis,Ancient,Dust2","186636,186632,186623",7969,Nemiga
304,2024-10-19 17:35:00,7860,Elisa Masters Espoo 2024,11241,B8,7175,HEROIC,0,2,2,"Dust2,Anubis","186642,186638",7175,HEROIC
965,2024-10-19 22:00:00,7804,ESL Challenger League Season 48 South America,12144,BESTIA,9215,MIBR,1,2,3,"Anubis,Nuke,Mirage","186647,186646,186645",9215,MIBR
2144,2024-10-20 14:45:00,7860,Elisa Masters Espoo 2024,4869,ENCE,7175,HEROIC,3,1,4,"Dust2,Vertigo,Nuke,Ancient","186721,186708,186701,186694",4869,ENCE
45,2024-10-20 15:00:00,7800,ESL Challenger League Season 48 Europe,7969,Nemiga,10333,Sangal,0,2,2,"Mirage,Ancient","186700,186695",10333,Sangal
2032,2024-10-20 19:30:00,7804,ESL Challenger League Season 48 South America,4773,paiN,9215,MIBR,2,1,3,"Nuke,Mirage,Anubis","186727,186725,186722",4773,paiN
491,2024-10-21 09:30:00,7791,Thunderpick World Championship 2024,4914,3DMAX,11283,Falcons,2,0,2,"Nuke,Anubis","186743,186739",4914,3DMAX
507,2024-10-21 16:10:00,7791,Thunderpick World Championship 2024,11283,Falcons,5378,Virtus.pro,0,2,2,"Anubis,Mirage","186759,186758",5378,Virtus.pro
2290,2024-10-22 12:30:00,7791,Thunderpick World Championship 2024,9996,9z,4991,fnatic,1,2,3,"Dust2,Inferno,Ancient","186789,186786,186781",4991,fnatic
2268,2024-10-22 18:30:00,7791,Thunderpick World Championship 2024,6248,The MongolZ,4991,fnatic,2,0,2,"Dust2,Mirage","186794,186793",6248,The MongolZ
1652,2024-10-23 13:25:00,7791,Thunderpick World Championship 2024,9455,Imperial,4411,Ninjas in Pyjamas,1,2,3,"Mirage,Nuke,Vertigo","186820,186818,186816",4411,Ninjas in Pyjamas
1639,2024-10-23 20:30:00,7791,Thunderpick World Championship 2024,7175,HEROIC,4411,Ninjas in Pyjamas,2,0,2,"Vertigo,Dust2","186827,186826",7175,HEROIC
956,2024-10-24 12:30:00,7791,Thunderpick World Championship 2024,12376,M80,12144,BESTIA,0,2,2,"Anubis,Mirage","186849,186847",12144,BESTIA
964,2024-10-24 18:30:00,7791,Thunderpick World Championship 2024,12144,BESTIA,7532,BIG,0,2,2,"Dust2,Anubis","186860,186859",7532,BIG
220,2024-10-25 10:00:00,7603,ESL Challenger Katowice 2024,11251,Eternal Fire,11241,B8,0,1,1,Dust2,186870,11241,B8
108,2024-10-25 11:30:00,7603,ESL Challenger Katowice 2024,10567,SAW,11283,Falcons,1,0,1,Ancient,186875,10567,SAW
750,2024-10-25 12:45:00,7603,ESL Challenger Katowice 2024,4773,paiN,11811,Monte,1,0,1,Vertigo,186880,4773,paiN
102,2024-10-25 15:10:00,7603,ESL Challenger Katowice 2024,10567,SAW,11241,B8,1,0,1,Inferno,186888,10567,SAW
1653,2024-10-25 15:55:00,7791,Thunderpick World Championship 2024,9455,Imperial,4411,Ninjas in Pyjamas,2,0,2,"Vertigo,Dust2","186893,186889",9455,Imperial
788,2024-10-25 17:45:00,7603,ESL Challenger Katowice 2024,9215,MIBR,11811,Monte,0,2,2,"Anubis,Mirage","186896,186895",11811,Monte
957,2024-10-25 18:30:00,7791,Thunderpick World Championship 2024,12144,BESTIA,12376,M80,2,1,3,"Anubis,Ancient,Inferno","186907,186906,186902",12144,BESTIA
336,2024-10-26 10:30:00,7603,ESL Challenger Katowice 2024,11251,Eternal Fire,11283,Falcons,2,0,2,"Inferno,Dust2","186924,186915",11251,Eternal Fire
2273,2024-10-26 13:25:00,7791,Thunderpick World Championship 2024,7175,HEROIC,4991,fnatic,2,0,2,"Vertigo,Nuke","186946,186941",7175,HEROIC
2662,2024-10-26 16:00:00,7791,Thunderpick World Championship 2024,9455,Imperial,6248,The MongolZ,1,2,3,"Inferno,Mirage,Dust2","186973,186965,186958",6248,The MongolZ
221,2024-10-26 16:00:00,7603,ESL Challenger Katowice 2024,11241,B8,11251,Eternal Fire,2,0,2,"Anubis,Mirage","186966,186956",11241,B8
959,2024-10-26 19:40:00,7791,Thunderpick World Championship 2024,4914,3DMAX,12144,BESTIA,2,1,3,"Anubis,Ancient,Inferno","186987,186983,186979",4914,3DMAX
113,2024-10-27 11:30:00,7603,ESL Challenger Katowice 2024,11811,Monte,10567,SAW,0,2,2,"Nuke,Ancient","187017,187013",10567,SAW
271,2024-10-27 14:10:00,7603,ESL Challenger Katowice 2024,11241,B8,4773,paiN,2,1,3,"Mirage,Nuke,Dust2","187033,187028,187024",11241,B8
103,2024-10-27 17:40:00,7603,ESL Challenger Katowice 2024,11241,B8,10567,SAW,0,2,2,"Nuke,Ancient","187042,187037",10567,SAW
1869,2024-10-30 06:00:00,7557,BLAST Premier World Final 2024,6665,Astralis,4608,Natus Vincere,2,0,2,"Mirage,Nuke","187159,187158",6665,Astralis
1734,2024-10-30 08:15:00,7557,BLAST Premier World Final 2024,6667,FaZe,4494,MOUZ,0,2,2,"Nuke,Inferno","187163,187160",4494,MOUZ
2456,2024-10-30 10:45:00,7557,BLAST Premier World Final 2024,5995,G2,5973,Liquid,2,1,3,"Mirage,Inferno,Ancient","187173,187169,187165",5995,G2
2843,2024-10-30 13:40:00,7557,BLAST Premier World Final 2024,7020,Spirit,9565,Vitality,2,0,2,"Mirage,Anubis","187180,187176",7020,Spirit
1880,2024-10-31 06:00:00,7557,BLAST Premier World Final 2024,6667,FaZe,4608,Natus Vincere,2,1,3,"Ancient,Mirage,Inferno","187215,187214,187213",6667,FaZe
1720,2024-10-31 09:15:00,7557,BLAST Premier World Final 2024,6665,Astralis,4494,MOUZ,2,0,2,"Nuke,Vertigo","187220,187218",6665,Astralis
2515,2024-10-31 11:20:00,7557,BLAST Premier World Final 2024,9565,Vitality,5973,Liquid,2,1,3,"Nuke,Dust2,Anubis","187236,187234,187228",9565,Vitality
2556,2024-10-31 14:35:00,7557,BLAST Premier World Final 2024,7020,Spirit,5995,G2,0,2,2,"Mirage,Anubis","187250,187241",5995,G2
1786,2024-11-01 08:30:00,7557,BLAST Premier World Final 2024,9565,Vitality,4494,MOUZ,2,0,2,"Mirage,Dust2","187274,187271",9565,Vitality
2762,2024-11-01 11:10:00,7557,BLAST Premier World Final 2024,7020,Spirit,6667,FaZe,2,0,2,"Anubis,Mirage","187287,187281",7020,Spirit
2601,2024-11-02 08:35:00,7557,BLAST Premier World Final 2024,5995,G2,9565,Vitality,2,1,3,"Mirage,Inferno,Dust2","187339,187333,187329",5995,G2
2701,2024-11-02 12:55:00,7557,BLAST Premier World Final 2024,6665,Astralis,7020,Spirit,1,2,3,"Ancient,Vertigo,Dust2","187357,187349,187346",7020,Spirit
2194,2024-11-02 19:55:00,7694,Thunderpick World Championship 2024 Finals,4914,3DMAX,6248,The MongolZ,0,2,2,"Ancient,Anubis","187391,187385",6248,The MongolZ
2557,2024-11-03 09:00:00,7557,BLAST Premier World Final 2024,7020,Spirit,5995,G2,0,3,3,"Dust2,Anubis,Mirage","187415,187413,187409",5995,G2
2637,2024-11-03 16:30:00,7694,Thunderpick World Championship 2024 Finals,7175,HEROIC,6248,The MongolZ,1,3,4,"Mirage,Anubis,Ancient,Dust2","187465,187458,187450,187445",6248,The MongolZ
984,2024-11-12 04:05:00,7863,Perfect World Shanghai Major 2024 Americas RMR,12257,Wildcard,5973,Liquid,1,0,1,Inferno,187901,12257,Wildcard
960,2024-11-12 05:55:00,7863,Perfect World Shanghai Major 2024 Americas RMR,5005,Complexity,12144,BESTIA,1,0,1,Anubis,187908,5005,Complexity
2907,2024-11-12 06:50:00,7863,Perfect World Shanghai Major 2024 Americas RMR,7176,RED Canids,9996,9z,0,1,1,Dust2,187911,9996,9z
976,2024-11-12 10:30:00,7863,Perfect World Shanghai Major 2024 Americas RMR,4773,paiN,12257,Wildcard,0,1,1,Nuke,187931,12257,Wildcard
1080,2024-11-12 11:55:00,7863,Perfect World Shanghai Major 2024 Americas RMR,7176,RED Canids,12376,M80,0,1,1,Anubis,187946,12376,M80
2985,2024-11-12 12:50:00,7863,Perfect World Shanghai Major 2024 Americas RMR,9215,MIBR,9455,Imperial,1,0,1,Nuke,187953,9215,MIBR
961,2024-11-13 05:00:00,7863,Perfect World Shanghai Major 2024 Americas RMR,5973,Liquid,12144,BESTIA,1,0,1,Anubis,187983,5973,Liquid
2047,2024-11-13 05:00:00,7863,Perfect World Shanghai Major 2024 Americas RMR,4773,paiN,9455,Imperial,1,0,1,Ancient,187985,4773,paiN
1004,2024-11-13 06:00:00,7863,Perfect World Shanghai Major 2024 Americas RMR,12257,Wildcard,9996,9z,2,0,2,"Inferno,Nuke","187994,187987",12257,Wildcard
2339,2024-11-13 09:00:00,7863,Perfect World Shanghai Major 2024 Americas RMR,9215,MIBR,5005,Complexity,2,0,2,"Vertigo,Nuke","188008,188002",9215,MIBR
2061,2024-11-14 04:00:00,7863,Perfect World Shanghai Major 2024 Americas RMR,4773,paiN,9996,9z,2,0,2,"Dust2,Mirage","188051,188049",4773,paiN
1054,2024-11-14 07:00:00,7863,Perfect World Shanghai Major 2024 Americas RMR,12376,M80,5005,Complexity,0,2,2,"Vertigo,Anubis","188056,188054",5005,Complexity
2504,2024-11-14 10:00:00,7863,Perfect World Shanghai Major 2024 Americas RMR,8297,FURIA,5973,Liquid,1,2,3,"Inferno,Dust2,Anubis","188076,188068,188062",5973,Liquid
958,2024-11-15 02:00:00,7863,Perfect World Shanghai Major 2024 Americas RMR,12376,M80,12144,BESTIA,2,1,3,"Anubis,Mirage,Dust2","188132,188131,188130",12376,M80
2905,2024-11-15 05:55:00,7863,Perfect World Shanghai Major 2024 Americas RMR,7176,RED Canids,9455,Imperial,0,2,2,"Dust2,Vertigo","188136,188135",9455,Imperial
2975,2024-11-15 08:50:00,7863,Perfect World Shanghai Major 2024 Americas RMR,9996,9z,8297,FURIA,0,2,2,"Dust2,Anubis","188142,188139",8297,FURIA
1083,2024-11-15 12:00:00,7863,Perfect World Shanghai Major 2024 Americas RMR,12376,M80,8297,FURIA,0,2,2,"Vertigo,Anubis","188162,188154",8297,FURIA
1824,2024-11-17 04:00:00,7864,Perfect World Shanghai Major 2024 Europe RMR A,4608,Natus Vincere,4991,fnatic,1,0,1,Inferno,188233,4608,Natus Vincere
3014,2024-11-17 04:00:00,7864,Perfect World Shanghai Major 2024 Europe RMR A,9565,Vitality,9928,GamerLegion,1,0,1,Inferno,188234,9565,Vitality
1767,2024-11-17 05:10:00,7864,Perfect World Shanghai Major 2024 Europe RMR A,7969,Nemiga,4494,MOUZ,0,1,1,Inferno,188235,4494,MOUZ
2436,2024-11-17 05:25:00,7864,Perfect World Shanghai Major 2024 Europe RMR A,6667,FaZe,5752,Cloud9,1,0,1,Ancient,188236,6667,FaZe
1186,2024-11-17 10:30:00,7864,Perfect World Shanghai Major 2024 Europe RMR A,9565,Vitality,12394,BetBoom,1,0,1,Nuke,188256,9565,Vitality
35,2024-11-17 11:30:00,7864,Perfect World Shanghai Major 2024 Europe RMR A,4494,MOUZ,10333,Sangal,1,0,1,Mirage,188259,4494,MOUZ
2443,2024-11-17 11:30:00,7864,Perfect World Shanghai Major 2024 Europe RMR A,7969,Nemiga,5752,Cloud9,0,1,1,Inferno,188261,5752,Cloud9
537,2024-11-17 12:30:00,7864,Perfect World Shanghai Major 2024 Europe RMR A,6667,FaZe,11283,Falcons,1,0,1,Nuke,188263,6667,FaZe
38,2024-11-18 04:00:00,7864,Perfect World Shanghai Major 2024 Europe RMR A,10333,Sangal,5752,Cloud9,0,1,1,Mirage,188296,5752,Cloud9
1132,2024-11-18 05:00:00,7864,Perfect World Shanghai Major 2024 Europe RMR A,4991,fnatic,12394,BetBoom,1,0,1,Nuke,188299,4991,fnatic
109,2024-11-18 05:00:00,7864,Perfect World Shanghai Major 2024 Europe RMR A,10567,SAW,11283,Falcons,1,0,1,Anubis,188298,10567,SAW
1661,2024-11-18 06:00:00,7864,Perfect World Shanghai Major 2024 Europe RMR A,4608,Natus Vincere,4494,MOUZ,1,2,3,"Inferno,Dust2,Mirage","188306,188302,188300",4494,MOUZ
2793,2024-11-18 09:10:00,7864,Perfect World Shanghai Major 2024 Europe RMR A,6667,FaZe,9565,Vitality,0,2,2,"Dust2,Mirage","188313,188309",9565,Vitality
1170,2024-11-19 05:00:00,7864,Perfect World Shanghai Major 2024 Europe RMR A,7969,Nemiga,12394,BetBoom,0,2,2,"Mirage,Ancient","188333,188331",12394,BetBoom
145,2024-11-19 05:15:00,7864,Perfect World Shanghai Major 2024 Europe RMR A,10567,SAW,4608,Natus Vincere,0,2,2,"Ancient,Nuke","188334,188332",4608,Natus Vincere
2271,2024-11-19 08:00:00,7864,Perfect World Shanghai Major 2024 Europe RMR A,4991,fnatic,6667,FaZe,0,2,2,"Ancient,Anubis","188340,188337",6667,FaZe
586,2024-11-19 08:00:00,7864,Perfect World Shanghai Major 2024 Europe RMR A,11283,Falcons,9928,GamerLegion,1,2,3,"Mirage,Nuke,Vertigo","188341,188339,188336",9928,GamerLegion
2437,2024-11-19 12:00:00,7864,Perfect World Shanghai Major 2024 Europe RMR A,6667,FaZe,5752,Cloud9,2,1,3,"Inferno,Ancient,Mirage","188344,188343,188342",6667,FaZe
130,2024-11-20 02:00:00,7864,Perfect World Shanghai Major 2024 Europe RMR A,10567,SAW,12394,BetBoom,0,2,2,"Ancient,Vertigo","188356,188355",12394,BetBoom
1192,2024-11-20 13:25:00,7864,Perfect World Shanghai Major 2024 Europe RMR A,12394,BetBoom,9928,GamerLegion,1,2,3,"Mirage,Nuke,Ancient","188374,188372,188370",9928,GamerLegion
301,2024-11-21 04:00:00,7865,Perfect World Shanghai Major 2024 Europe RMR B,7020,Spirit,11241,B8,1,0,1,Dust2,188387,7020,Spirit
1213,2024-11-21 05:00:00,7865,Perfect World Shanghai Major 2024 Europe RMR B,5378,Virtus.pro,12426,Passion UA,0,1,1,Mirage,188389,12426,Passion UA
1225,2024-11-21 09:45:00,7865,Perfect World Shanghai Major 2024 Europe RMR B,12426,Passion UA,7020,Spirit,1,0,1,Anubis,188400,12426,Passion UA
375,2024-11-21 12:10:00,7865,Perfect World Shanghai Major 2024 Europe RMR B,11251,Eternal Fire,4914,3DMAX,0,1,1,Nuke,188408,4914,3DMAX
2865,2024-11-21 13:50:00,7865,Perfect World Shanghai Major 2024 Europe RMR B,7175,HEROIC,7532,BIG,0,1,1,Ancient,188413,7532,BIG
1230,2024-11-22 06:00:00,7865,Perfect World Shanghai Major 2024 Europe RMR B,7532,BIG,12426,Passion UA,2,1,3,"Mirage,Dust2,Anubis","188443,188439,188438",7532,BIG
2185,2024-11-22 09:10:00,7865,Perfect World Shanghai Major 2024 Europe RMR B,5995,G2,4914,3DMAX,1,2,3,"Ancient,Dust2,Anubis","188458,188451,188446",4914,3DMAX
293,2024-11-22 09:20:00,7865,Perfect World Shanghai Major 2024 Europe RMR B,6665,Astralis,11241,B8,2,1,3,"Ancient,Nuke,Mirage","188461,188455,188449",6665,Astralis
1226,2024-11-23 07:00:00,7865,Perfect World Shanghai Major 2024 Europe RMR B,12426,Passion UA,7175,HEROIC,1,2,3,"Mirage,Vertigo,Ancient","188516,188513,188510",7175,HEROIC
400,2024-11-23 10:00:00,7865,Perfect World Shanghai Major 2024 Europe RMR B,11251,Eternal Fire,6665,Astralis,1,2,3,"Inferno,Dust2,Vertigo","188533,188526,188520",6665,Astralis
2559,2024-11-23 10:00:00,7865,Perfect World Shanghai Major 2024 Europe RMR B,5995,G2,7020,Spirit,2,1,3,"Nuke,Mirage,Ancient","188531,188525,188521",5995,G2
1219,2024-11-24 05:10:00,7865,Perfect World Shanghai Major 2024 Europe RMR B,6665,Astralis,12426,Passion UA,0,2,2,"Ancient,Inferno","188587,188586",12426,Passion UA
755,2024-11-24 14:00:00,8111,A1 Gaming League Season 9,11811,Monte,4869,ENCE,0,2,2,"Vertigo,Mirage","188619,188615",4869,ENCE
2408,2024-11-30 03:25:00,7861,Perfect World Shanghai Major 2024 Opening Stage,5378,Virtus.pro,9215,MIBR,0,1,1,Ancient,188841,9215,MIBR
2971,2024-11-30 03:25:00,7861,Perfect World Shanghai Major 2024 Opening Stage,9928,GamerLegion,8297,FURIA,1,0,1,Vertigo,188842,9928,GamerLegion
2431,2024-11-30 04:25:00,7861,Perfect World Shanghai Major 2024 Opening Stage,5752,Cloud9,5973,Liquid,0,1,1,Ancient,188844,5973,Liquid
1425,2024-11-30 04:25:00,7861,Perfect World Shanghai Major 2024 Opening Stage,5005,Complexity,12774,FlyQuest,0,1,1,Anubis,188843,12774,FlyQuest
1229,2024-11-30 05:25:00,7861,Perfect World Shanghai Major 2024 Opening Stage,7532,BIG,12426,Passion UA,1,0,1,Mirage,188845,7532,BIG
979,2024-11-30 05:55:00,7861,Perfect World Shanghai Major 2024 Opening Stage,4991,fnatic,12257,Wildcard,0,1,1,Mirage,188846,12257,Wildcard
2046,2024-11-30 07:05:00,7861,Perfect World Shanghai Major 2024 Opening Stage,4773,paiN,9455,Imperial,1,0,1,Dust2,188848,4773,paiN
2267,2024-11-30 08:50:00,7861,Perfect World Shanghai Major 2024 Opening Stage,4991,fnatic,5752,Cloud9,0,1,1,Ancient,188849,5752,Cloud9
1450,2024-11-30 08:55:00,7861,Perfect World Shanghai Major 2024 Opening Stage,7532,BIG,12774,FlyQuest,0,1,1,Nuke,188850,12774,FlyQuest
1212,2024-11-30 09:50:00,7861,Perfect World Shanghai Major 2024 Opening Stage,5005,Complexity,12426,Passion UA,0,1,1,Anubis,188853,12426,Passion UA
2660,2024-11-30 09:50:00,7861,Perfect World Shanghai Major 2024 Opening Stage,9215,MIBR,6248,The MongolZ,0,1,1,Ancient,188852,6248,The MongolZ
983,2024-11-30 10:55:00,7861,Perfect World Shanghai Major 2024 Opening Stage,5973,Liquid,12257,Wildcard,1,0,1,Inferno,188856,5973,Liquid
2957,2024-11-30 11:50:00,7861,Perfect World Shanghai Major 2024 Opening Stage,8297,FURIA,9455,Imperial,1,0,1,Anubis,188860,8297,FURIA
2052,2024-11-30 12:00:00,7861,Perfect World Shanghai Major 2024 Opening Stage,4773,paiN,9928,GamerLegion,0,1,1,Nuke,188861,9928,GamerLegion
2398,2024-12-01 03:00:00,7861,Perfect World Shanghai Major 2024 Opening Stage,5378,Virtus.pro,7532,BIG,0,1,1,Vertigo,188912,7532,BIG
1233,2024-12-01 03:00:00,7861,Perfect World Shanghai Major 2024 Opening Stage,9215,MIBR,12426,Passion UA,0,1,1,Mirage,188911,12426,Passion UA
995,2024-12-01 04:00:00,7861,Perfect World Shanghai Major 2024 Opening Stage,8297,FURIA,12257,Wildcard,1,0,1,Vertigo,188914,8297,FURIA
1961,2024-12-01 04:00:00,7861,Perfect World Shanghai Major 2024 Opening Stage,5752,Cloud9,4773,paiN,0,1,1,Anubis,188913,4773,paiN
1430,2024-12-01 05:10:00,7861,Perfect World Shanghai Major 2024 Opening Stage,5973,Liquid,12774,FlyQuest,2,1,3,"Nuke,Anubis,Inferno","188920,188918,188916",5973,Liquid
2341,2024-12-01 08:00:00,7861,Perfect World Shanghai Major 2024 Opening Stage,9455,Imperial,5005,Complexity,0,2,2,"Ancient,Inferno","188924,188922",5005,Complexity
2680,2024-12-01 08:40:00,7861,Perfect World Shanghai Major 2024 Opening Stage,9928,GamerLegion,6248,The MongolZ,0,2,2,"Anubis,Mirage","188927,188923",6248,The MongolZ
2913,2024-12-02 03:00:00,7861,Perfect World Shanghai Major 2024 Opening Stage,7532,BIG,8297,FURIA,1,2,3,"Dust2,Mirage,Nuke","188963,188961,188959",8297,FURIA
1417,2024-12-02 06:10:00,7861,Perfect World Shanghai Major 2024 Opening Stage,4773,paiN,12774,FlyQuest,2,0,2,"Inferno,Vertigo","188970,188965",4773,paiN
2297,2024-12-02 06:15:00,7861,Perfect World Shanghai Major 2024 Opening Stage,5005,Complexity,5752,Cloud9,2,0,2,"Ancient,Vertigo","188969,188966",5005,Complexity
1235,2024-12-02 09:00:00,7861,Perfect World Shanghai Major 2024 Opening Stage,12426,Passion UA,9928,GamerLegion,1,2,3,"Ancient,Mirage,Inferno","188978,188974,188971",9928,GamerLegion
981,2024-12-02 09:15:00,7861,Perfect World Shanghai Major 2024 Opening Stage,5378,Virtus.pro,12257,Wildcard,1,2,3,"Anubis,Inferno,Ancient","188980,188976,188973",12257,Wildcard
2331,2024-12-03 03:00:00,7861,Perfect World Shanghai Major 2024 Opening Stage,7532,BIG,5005,Complexity,2,1,3,"Dust2,Ancient,Anubis","189024,189022,189019",7532,BIG
1455,2024-12-03 06:05:00,7861,Perfect World Shanghai Major 2024 Opening Stage,9215,MIBR,12774,FlyQuest,2,0,2,"Inferno,Nuke","189026,189025",9215,MIBR
972,2024-12-03 09:00:00,7861,Perfect World Shanghai Major 2024 Opening Stage,12426,Passion UA,12257,Wildcard,1,2,3,"Ancient,Mirage,Inferno","189037,189033,189027",12257,Wildcard
1837,2024-12-05 03:00:00,7524,Perfect World Shanghai Major 2024,4608,Natus Vincere,5973,Liquid,1,0,1,Nuke,189113,4608,Natus Vincere
2528,2024-12-05 03:00:00,7524,Perfect World Shanghai Major 2024,5995,G2,6248,The MongolZ,0,1,1,Inferno,189114,6248,The MongolZ
2827,2024-12-05 04:05:00,7524,Perfect World Shanghai Major 2024,7020,Spirit,8297,FURIA,0,1,1,Dust2,189117,8297,FURIA
3011,2024-12-05 04:10:00,7524,Perfect World Shanghai Major 2024,9565,Vitality,9928,GamerLegion,1,0,1,Mirage,189116,9565,Vitality
1667,2024-12-05 05:05:00,7524,Perfect World Shanghai Major 2024,4494,MOUZ,4773,paiN,1,0,1,Nuke,189121,4494,MOUZ
988,2024-12-05 05:10:00,7524,Perfect World Shanghai Major 2024,6667,FaZe,12257,Wildcard,1,0,1,Ancient,189122,6667,FaZe
2862,2024-12-05 06:00:00,7524,Perfect World Shanghai Major 2024,7175,HEROIC,7532,BIG,1,0,1,Mirage,189125,7175,HEROIC
2240,2024-12-05 06:10:00,7524,Perfect World Shanghai Major 2024,9215,MIBR,4914,3DMAX,1,0,1,Vertigo,189124,9215,MIBR
2961,2024-12-05 08:15:00,7524,Perfect World Shanghai Major 2024,9565,Vitality,8297,FURIA,1,0,1,Mirage,189127,9565,Vitality
2521,2024-12-05 08:25:00,7524,Perfect World Shanghai Major 2024,5973,Liquid,9928,GamerLegion,1,0,1,Inferno,189128,5973,Liquid
990,2024-12-05 09:30:00,7524,Perfect World Shanghai Major 2024,7020,Spirit,12257,Wildcard,1,0,1,Ancient,189133,7020,Spirit
1712,2024-12-05 09:30:00,7524,Perfect World Shanghai Major 2024,4494,MOUZ,6248,The MongolZ,0,1,1,Mirage,189134,6248,The MongolZ
1921,2024-12-05 10:35:00,7524,Perfect World Shanghai Major 2024,4608,Natus Vincere,9215,MIBR,0,1,1,Inferno,189145,9215,MIBR
2575,2024-12-05 10:50:00,7524,Perfect World Shanghai Major 2024,5995,G2,7532,BIG,1,0,1,Mirage,189143,5995,G2
1945,2024-12-05 11:45:00,7524,Perfect World Shanghai Major 2024,4773,paiN,4914,3DMAX,0,1,1,Dust2,189148,4914,3DMAX
2769,2024-12-05 11:50:00,7524,Perfect World Shanghai Major 2024,6667,FaZe,7175,HEROIC,0,1,1,Ancient,189149,7175,HEROIC
2502,2024-12-06 03:00:00,7524,Perfect World Shanghai Major 2024,8297,FURIA,5973,Liquid,0,1,1,Inferno,189175,5973,Liquid
1893,2024-12-06 03:00:00,7524,Perfect World Shanghai Major 2024,4608,Natus Vincere,7020,Spirit,0,1,1,Mirage,189174,7020,Spirit
2184,2024-12-06 04:00:00,7524,Perfect World Shanghai Major 2024,5995,G2,4914,3DMAX,1,0,1,Ancient,189181,5995,G2
1733,2024-12-06 04:00:00,7524,Perfect World Shanghai Major 2024,4494,MOUZ,6667,FaZe,0,1,1,Inferno,189182,6667,FaZe
1001,2024-12-06 05:10:00,7524,Perfect World Shanghai Major 2024,12257,Wildcard,9928,GamerLegion,1,2,3,"Anubis,Ancient,Dust2","189190,189189,189184",9928,GamerLegion
2991,2024-12-06 05:25:00,7524,Perfect World Shanghai Major 2024,9215,MIBR,9565,Vitality,0,2,2,"Anubis,Mirage","189188,189185",9565,Vitality
2005,2024-12-06 08:00:00,7524,Perfect World Shanghai Major 2024,7532,BIG,4773,paiN,1,2,3,"Mirage,Dust2,Vertigo","189203,189197,189192",4773,paiN
2636,2024-12-06 08:10:00,7524,Perfect World Shanghai Major 2024,7175,HEROIC,6248,The MongolZ,1,2,3,"Ancient,Anubis,Mirage","189207,189198,189191",6248,The MongolZ
2545,2024-12-07 03:00:00,7524,Perfect World Shanghai Major 2024,6667,FaZe,5995,G2,0,2,2,"Mirage,Inferno","189258,189251",5995,G2
1674,2024-12-07 03:00:00,7524,Perfect World Shanghai Major 2024,4914,3DMAX,4494,MOUZ,0,2,2,"Nuke,Dust2","189265,189252",4494,MOUZ
1936,2024-12-07 06:00:00,7524,Perfect World Shanghai Major 2024,4608,Natus Vincere,9928,GamerLegion,2,0,2,"Mirage,Nuke","189269,189267",4608,Natus Vincere
2509,2024-12-07 06:00:00,7524,Perfect World Shanghai Major 2024,5973,Liquid,9215,MIBR,2,1,3,"Anubis,Nuke,Mirage","189270,189268,189266",5973,Liquid
2012,2024-12-07 09:00:00,7524,Perfect World Shanghai Major 2024,4773,paiN,8297,FURIA,1,2,3,"Inferno,Mirage,Vertigo","189282,189278,189274",8297,FURIA
2812,2024-12-07 09:00:00,7524,Perfect World Shanghai Major 2024,7175,HEROIC,7020,Spirit,1,2,3,"Dust2,Mirage,Ancient","189281,189279,189273",7020,Spirit
1780,2024-12-08 03:05:00,7524,Perfect World Shanghai Major 2024,4494,MOUZ,9215,MIBR,2,0,2,"Nuke,Mirage","189352,189347",4494,MOUZ
1904,2024-12-08 06:00:00,7524,Perfect World Shanghai Major 2024,4608,Natus Vincere,7175,HEROIC,1,2,3,"Ancient,Nuke,Mirage","189360,189359,189358",7175,HEROIC
2778,2024-12-08 09:10:00,7524,Perfect World Shanghai Major 2024,8297,FURIA,6667,FaZe,1,2,3,"Mirage,Dust2,Inferno","189370,189368,189361",6667,FaZe
1713,2024-12-12 06:00:00,7524,Perfect World Shanghai Major 2024,6248,The MongolZ,4494,MOUZ,0,2,2,"Nuke,Ancient","189514,189512",4494,MOUZ
2483,2024-12-12 09:30:00,7524,Perfect World Shanghai Major 2024,5973,Liquid,7020,Spirit,0,2,2,"Dust2,Anubis","189521,189518",7020,Spirit
2572,2024-12-13 06:00:00,7524,Perfect World Shanghai Major 2024,5995,G2,7175,HEROIC,2,1,3,"Mirage,Nuke,Ancient","189558,189557,189556",5995,G2
2792,2024-12-13 10:25:00,7524,Perfect World Shanghai Major 2024,6667,FaZe,9565,Vitality,2,1,3,"Anubis,Mirage,Nuke","189569,189566,189564",6667,FaZe
1745,2024-12-14 06:00:00,7524,Perfect World Shanghai Major 2024,7020,Spirit,4494,MOUZ,2,1,3,"Mirage,Ancient,Nuke","189616,189615,189611",7020,Spirit
2546,2024-12-14 10:35:00,7524,Perfect World Shanghai Major 2024,6667,FaZe,5995,G2,2,0,2,"Nuke,Ancient","189628,189625",6667,FaZe
2760,2024-12-15 09:25:00,7524,Perfect World Shanghai Major 2024,7020,Spirit,6667,FaZe,2,1,3,"Dust2,Ancient,Nuke","189697,189691,189688",7020,Spirit
1456,2025-01-14 11:00:00,7903,BLAST Bounty 2025 Season 1,12774,FlyQuest,9215,MIBR,2,0,2,"Anubis,Nuke","190259,190254",12774,FlyQuest
2220,2025-01-14 13:20:00,7903,BLAST Bounty 2025 Season 1,7175,HEROIC,4914,3DMAX,2,1,3,"Anubis,Dust2,Ancient","190273,190269,190264",7175,HEROIC
2272,2025-01-14 19:00:00,7903,BLAST Bounty 2025 Season 1,4991,fnatic,7020,Spirit,0,2,2,"Nuke,Train","190288,190285",7020,Spirit
987,2025-01-15 11:00:00,7903,BLAST Bounty 2025 Season 1,12257,Wildcard,6665,Astralis,0,2,2,"Mirage,Inferno","190325,190315",6665,Astralis
187,2025-01-15 13:20:00,7903,BLAST Bounty 2025 Season 1,7532,BIG,10567,SAW,2,0,2,"Nuke,Ancient","190330,190327",7532,BIG
489,2025-01-15 15:45:00,7903,BLAST Bounty 2025 Season 1,4869,ENCE,11283,Falcons,0,2,2,"Dust2,Train","190348,190341",11283,Falcons
2294,2025-01-16 11:00:00,7903,BLAST Bounty 2025 Season 1,5378,Virtus.pro,5005,Complexity,2,0,2,"Train,Dust2","190390,190387",5378,Virtus.pro
1075,2025-01-16 15:40:00,7903,BLAST Bounty 2025 Season 1,6667,FaZe,12376,M80,2,1,3,"Dust2,Inferno,Ancient","190414,190412,190408",6667,FaZe
2053,2025-01-17 11:00:00,7903,BLAST Bounty 2025 Season 1,4773,paiN,9928,GamerLegion,2,1,3,"Nuke,Mirage,Inferno","190453,190449,190446",4773,paiN
1120,2025-01-17 18:00:00,7903,BLAST Bounty 2025 Season 1,4494,MOUZ,12394,BetBoom,1,2,3,"Mirage,Nuke,Dust2","190479,190476,190471",12394,BetBoom
287,2025-01-17 22:00:00,7903,BLAST Bounty 2025 Season 1,11241,B8,5995,G2,1,2,3,"Dust2,Inferno,Ancient","190486,190485,190481",5995,G2
2493,2025-01-18 11:00:00,7903,BLAST Bounty 2025 Season 1,7175,HEROIC,5973,Liquid,2,1,3,"Ancient,Anubis,Mirage","190530,190517,190509",7175,HEROIC
1989,2025-01-18 14:25:00,7903,BLAST Bounty 2025 Season 1,4773,paiN,6667,FaZe,2,0,2,"Inferno,Dust2","190542,190536",4773,paiN
1441,2025-01-18 17:20:00,7903,BLAST Bounty 2025 Season 1,12774,FlyQuest,7020,Spirit,0,2,2,"Dust2,Anubis","190554,190550",7020,Spirit
1870,2025-01-18 19:10:00,7903,BLAST Bounty 2025 Season 1,6665,Astralis,4608,Natus Vincere,0,2,2,"Ancient,Inferno","190558,190557",4608,Natus Vincere
338,2025-01-19 11:00:00,7903,BLAST Bounty 2025 Season 1,11251,Eternal Fire,11283,Falcons,2,0,2,"Nuke,Inferno","190597,190590",11251,Eternal Fire
1176,2025-01-19 13:40:00,7903,BLAST Bounty 2025 Season 1,8297,FURIA,12394,BetBoom,1,2,3,"Anubis,Mirage,Dust2","190616,190608,190603",12394,BetBoom
2417,2025-01-19 17:30:00,7903,BLAST Bounty 2025 Season 1,9565,Vitality,5378,Virtus.pro,2,0,2,"Inferno,Train","190625,190620",9565,Vitality
2576,2025-01-19 19:35:00,7903,BLAST Bounty 2025 Season 1,5995,G2,7532,BIG,2,1,3,"Dust2,Mirage,Ancient","190636,190634,190631",5995,G2
945,2025-01-20 13:00:00,8285,ICE Invitational 2025,12000,500,12376,M80,1,0,1,Ancient,190661,12000,500
946,2025-01-21 12:45:00,8285,ICE Invitational 2025,12376,M80,12000,500,0,2,2,"Mirage,Anubis","190728,190718",12000,500
2816,2025-01-23 15:00:00,7909,BLAST Bounty 2025 Season 1 Finals,7175,HEROIC,7020,Spirit,0,2,2,"Nuke,Anubis","190893,190892",7020,Spirit
1144,2025-01-23 18:00:00,7909,BLAST Bounty 2025 Season 1 Finals,12394,BetBoom,5995,G2,0,2,2,"Dust2,Anubis","190897,190895",5995,G2
428,2025-01-24 15:00:00,7909,BLAST Bounty 2025 Season 1 Finals,11251,Eternal Fire,9565,Vitality,2,0,2,"Mirage,Anubis","190987,190982",11251,Eternal Fire
1814,2025-01-24 18:15:00,7909,BLAST Bounty 2025 Season 1 Finals,4608,Natus Vincere,4773,paiN,2,1,3,"Mirage,Nuke,Dust2","191015,191001,190990",4608,Natus Vincere
391,2025-01-25 15:00:00,7909,BLAST Bounty 2025 Season 1 Finals,11251,Eternal Fire,5995,G2,2,1,3,"Nuke,Dust2,Anubis","191077,191074,191070",11251,Eternal Fire
1896,2025-01-25 19:05:00,7909,BLAST Bounty 2025 Season 1 Finals,7020,Spirit,4608,Natus Vincere,2,0,2,"Ancient,Dust2","191085,191082",7020,Spirit
407,2025-01-26 15:00:00,7909,BLAST Bounty 2025 Season 1 Finals,11251,Eternal Fire,7020,Spirit,1,3,4,"Mirage,Dust2,Nuke,Anubis","191125,191121,191118,191111",7020,Spirit
1423,2025-01-29 09:30:00,8229,IEM Katowice 2025 Play-in,12774,FlyQuest,4914,3DMAX,0,2,2,"Inferno,Train","191316,191311",4914,3DMAX
1959,2025-01-29 09:30:00,8229,IEM Katowice 2025 Play-in,5378,Virtus.pro,4773,paiN,0,2,2,"Dust2,Mirage","191315,191312",4773,paiN
203,2025-01-29 12:00:00,8229,IEM Katowice 2025 Play-in,10567,SAW,9928,GamerLegion,0,2,2,"Inferno,Nuke","191331,191323",9928,GamerLegion
2734,2025-01-29 12:00:00,8229,IEM Katowice 2025 Play-in,6665,Astralis,9215,MIBR,0,2,2,"Ancient,Mirage","191334,191325",9215,MIBR
994,2025-01-29 14:35:00,8229,IEM Katowice 2025 Play-in,12257,Wildcard,7532,BIG,2,0,2,"Inferno,Ancient","191340,191336",12257,Wildcard
382,2025-01-29 17:00:00,8229,IEM Katowice 2025 Play-in,11251,Eternal Fire,5005,Complexity,2,0,2,"Train,Anubis","191354,191349",11251,Eternal Fire
2496,2025-01-29 17:55:00,8229,IEM Katowice 2025 Play-in,5973,Liquid,7175,HEROIC,1,2,3,"Dust2,Nuke,Anubis","191364,191359,191351",7175,HEROIC
283,2025-01-30 12:00:00,8289,CCT Season 2 Europe Series 16,4991,fnatic,11241,B8,1,2,3,"Ancient,Anubis,Inferno","191386,191382,191381",11241,B8
2055,2025-01-30 12:30:00,8229,IEM Katowice 2025 Play-in,9928,GamerLegion,4773,paiN,2,0,2,"Mirage,Inferno","191384,191379",9928,GamerLegion
167,2025-01-30 12:30:00,8229,IEM Katowice 2025 Play-in,5378,Virtus.pro,10567,SAW,2,0,2,"Inferno,Dust2","191383,191378",5378,Virtus.pro
1434,2025-01-30 15:00:00,8229,IEM Katowice 2025 Play-in,12774,FlyQuest,6665,Astralis,1,2,3,"Inferno,Ancient,Train","191399,191395,191390",6665,Astralis
2243,2025-01-30 15:00:00,8229,IEM Katowice 2025 Play-in,4914,3DMAX,9215,MIBR,2,0,2,"Nuke,Inferno","191398,191391",4914,3DMAX
412,2025-01-30 18:10:00,8229,IEM Katowice 2025 Play-in,11251,Eternal Fire,7175,HEROIC,2,0,2,"Anubis,Nuke","191408,191404",11251,Eternal Fire
2303,2025-01-31 12:30:00,8229,IEM Katowice 2025 Play-in,5973,Liquid,5005,Complexity,2,0,2,"Ancient,Inferno","191432,191427",5973,Liquid
997,2025-01-31 12:30:00,8229,IEM Katowice 2025 Play-in,12257,Wildcard,8297,FURIA,1,2,3,"Nuke,Dust2,Inferno","191434,191431,191428",8297,FURIA
2867,2025-01-31 15:00:00,8229,IEM Katowice 2025 Play-in,7175,HEROIC,7532,BIG,0,2,2,"Ancient,Nuke","191437,191435",7532,BIG
2412,2025-01-31 15:45:00,8229,IEM Katowice 2025 Play-in,5378,Virtus.pro,9215,MIBR,2,0,2,"Ancient,Anubis","191440,191438",5378,Virtus.pro
985,2025-01-31 17:30:00,8229,IEM Katowice 2025 Play-in,5973,Liquid,12257,Wildcard,2,0,2,"Anubis,Inferno","191448,191443",5973,Liquid
1982,2025-01-31 17:50:00,8229,IEM Katowice 2025 Play-in,6665,Astralis,4773,paiN,2,0,2,"Dust2,Inferno","191449,191445",6665,Astralis
340,2025-02-01 12:30:00,8034,IEM Katowice 2025,11251,Eternal Fire,11283,Falcons,2,0,2,"Train,Inferno","191479,191473",11251,Eternal Fire
2247,2025-02-01 12:30:00,8034,IEM Katowice 2025,4914,3DMAX,9565,Vitality,0,2,2,"Nuke,Inferno","191483,191474",9565,Vitality
2773,2025-02-01 15:00:00,8034,IEM Katowice 2025,7532,BIG,6667,FaZe,1,2,3,"Nuke,Mirage,Ancient","191496,191492,191487",6667,FaZe
2358,2025-02-01 15:00:00,8034,IEM Katowice 2025,5378,Virtus.pro,5995,G2,2,0,2,"Mirage,Inferno","191493,191488",5378,Virtus.pro
1804,2025-02-01 17:40:00,8034,IEM Katowice 2025,9928,GamerLegion,4494,MOUZ,2,0,2,"Mirage,Inferno","191503,191497",9928,GamerLegion
1915,2025-02-01 18:05:00,8034,IEM Katowice 2025,8297,FURIA,4608,Natus Vincere,0,2,2,"Mirage,Dust2","191504,191500",4608,Natus Vincere
2703,2025-02-02 12:30:00,8034,IEM Katowice 2025,6665,Astralis,7020,Spirit,0,2,2,"Dust2,Nuke","191536,191531",7020,Spirit
2462,2025-02-02 12:30:00,8034,IEM Katowice 2025,6248,The MongolZ,5973,Liquid,2,1,3,"Ancient,Mirage,Nuke","191541,191538,191534",6248,The MongolZ
516,2025-02-02 15:00:00,8034,IEM Katowice 2025,5995,G2,11283,Falcons,2,1,3,"Mirage,Dust2,Ancient","191554,191549,191544",5995,G2
384,2025-02-02 15:45:00,8034,IEM Katowice 2025,5378,Virtus.pro,11251,Eternal Fire,2,1,3,"Train,Dust2,Anubis","191561,191555,191547",5378,Virtus.pro
2795,2025-02-02 18:10:00,8034,IEM Katowice 2025,9565,Vitality,6667,FaZe,2,1,3,"Dust2,Anubis,Nuke","191570,191564,191558",9565,Vitality
2227,2025-02-02 19:25:00,8034,IEM Katowice 2025,7532,BIG,4914,3DMAX,0,2,2,"Inferno,Ancient","191571,191567",4914,3DMAX
2681,2025-02-03 12:30:00,8034,IEM Katowice 2025,9928,GamerLegion,6248,The MongolZ,0,2,2,"Mirage,Nuke","191589,191586",6248,The MongolZ
1697,2025-02-03 12:30:00,8034,IEM Katowice 2025,5973,Liquid,4494,MOUZ,2,0,2,"Ancient,Nuke","191590,191587",5973,Liquid
2722,2025-02-03 15:00:00,8034,IEM Katowice 2025,6665,Astralis,8297,FURIA,2,1,3,"Nuke,Dust2,Inferno","191606,191599,191596",6665,Astralis
1897,2025-02-03 15:00:00,8034,IEM Katowice 2025,7020,Spirit,4608,Natus Vincere,1,2,3,"Nuke,Dust2,Mirage","191605,191601,191593",4608,Natus Vincere
376,2025-02-03 18:35:00,8034,IEM Katowice 2025,4914,3DMAX,11251,Eternal Fire,1,2,3,"Dust2,Anubis,Inferno","191622,191617,191612",11251,Eternal Fire
2550,2025-02-03 18:45:00,8034,IEM Katowice 2025,5995,G2,6667,FaZe,1,2,3,"Nuke,Inferno,Ancient","191623,191621,191614",6667,FaZe
2487,2025-02-04 12:30:00,8034,IEM Katowice 2025,5973,Liquid,7020,Spirit,0,2,2,"Dust2,Nuke","191645,191637",7020,Spirit
2746,2025-02-04 12:30:00,8034,IEM Katowice 2025,6665,Astralis,9928,GamerLegion,0,2,2,"Mirage,Nuke","191643,191636",9928,GamerLegion
2419,2025-02-04 15:00:00,8034,IEM Katowice 2025,5378,Virtus.pro,9565,Vitality,0,2,2,"Inferno,Anubis","191652,191650",9565,Vitality
405,2025-02-04 15:00:00,8034,IEM Katowice 2025,11251,Eternal Fire,6667,FaZe,2,0,2,"Nuke,Anubis","191654,191648",11251,Eternal Fire
1857,2025-02-04 17:30:00,8034,IEM Katowice 2025,4608,Natus Vincere,6248,The MongolZ,2,0,2,"Ancient,Mirage","191666,191662",4608,Natus Vincere
2853,2025-02-04 17:45:00,8034,IEM Katowice 2025,7020,Spirit,9928,GamerLegion,2,1,3,"Nuke,Ancient,Anubis","191671,191669,191665",7020,Spirit
139,2025-02-05 10:00:00,8346,RES Showdown 1 Closed Qualifier,10567,SAW,12878,BC.Game,0,2,2,"Anubis,Ancient","191698,191693",12878,BC.Game
1096,2025-02-05 13:00:00,8346,RES Showdown 1 Closed Qualifier,12394,BetBoom,12426,Passion UA,1,2,3,"Dust2,Ancient,Anubis","191737,191729,191717",12426,Passion UA
949,2025-02-05 13:00:00,8346,RES Showdown 1 Closed Qualifier,12878,BC.Game,12000,500,2,1,3,"Mirage,Inferno,Ancient","191738,191730,191720",12878,BC.Game
241,2025-02-05 13:45:00,8346,RES Showdown 1 Closed Qualifier,12467,PARIVISION,11241,B8,1,2,3,"Ancient,Anubis,Dust2","191739,191731,191724",11241,B8
2908,2025-02-05 21:25:00,8348,ACE South American Masters Spring 2025 Closed Qualifier,7176,RED Canids,9996,9z,2,0,2,"Mirage,Nuke","191781,191777",7176,RED Canids
126,2025-02-06 10:00:00,8346,RES Showdown 1 Closed Qualifier,10567,SAW,12000,500,1,2,3,"Anubis,Nuke,Ancient","191820,191814,191798",12000,500
242,2025-02-07 10:00:00,8346,RES Showdown 1 Closed Qualifier,11241,B8,12467,PARIVISION,1,2,3,"Inferno,Mirage,Dust2","191913,191907,191899",12467,PARIVISION
950,2025-02-07 10:00:00,8346,RES Showdown 1 Closed Qualifier,12878,BC.Game,12000,500,0,2,2,"Inferno,Dust2","191909,191900",12000,500
1097,2025-02-07 11:00:00,8346,RES Showdown 1 Closed Qualifier,12426,Passion UA,12394,BetBoom,2,1,3,"Ancient,Mirage,Anubis","191919,191912,191904",12426,Passion UA
397,2025-02-07 14:45:00,8034,IEM Katowice 2025,11251,Eternal Fire,6248,The MongolZ,0,2,2,"Mirage,Anubis","191933,191930",6248,The MongolZ
2384,2025-02-07 18:20:00,8034,IEM Katowice 2025,5378,Virtus.pro,7020,Spirit,0,2,2,"Ancient,Train","191949,191944",7020,Spirit
1294,2025-02-08 10:00:00,8347,RES Showdown 1: BLAST Premier Rising Event,12467,PARIVISION,9928,GamerLegion,2,0,2,"Mirage,Ancient","192008,191994",12467,PARIVISION
1228,2025-02-08 10:00:00,8347,RES Showdown 1: BLAST Premier Rising Event,12426,Passion UA,7175,HEROIC,0,2,2,"Mirage,Ancient","192004,191985",7175,HEROIC
954,2025-02-08 13:00:00,8347,RES Showdown 1: BLAST Premier Rising Event,12000,500,7532,BIG,2,0,2,"Ancient,Inferno","192026,192022",12000,500
2669,2025-02-08 14:45:00,8034,IEM Katowice 2025,6248,The MongolZ,9565,Vitality,0,2,2,"Nuke,Mirage","192037,192027",9565,Vitality
1898,2025-02-08 18:00:00,8034,IEM Katowice 2025,4608,Natus Vincere,7020,Spirit,0,2,2,"Dust2,Mirage","192060,192046",7020,Spirit
2004,2025-02-08 19:40:00,8349,ACE SA Masters 2025 Season 1 - BLAST Premier Rising Event,7176,RED Canids,4773,paiN,0,2,2,"Mirage,Dust2","192098,192071",4773,paiN
1283,2025-02-09 10:00:00,8347,RES Showdown 1: BLAST Premier Rising Event,7175,HEROIC,12467,PARIVISION,0,2,2,"Anubis,Dust2","192159,192156",12467,PARIVISION
952,2025-02-09 13:00:00,8347,RES Showdown 1: BLAST Premier Rising Event,12000,500,6665,Astralis,0,2,2,"Nuke,Ancient","192175,192168",6665,Astralis
2050,2025-02-09 15:05:00,8349,ACE SA Masters 2025 Season 1 - BLAST Premier Rising Event,9455,Imperial,4773,paiN,2,0,2,"Dust2,Train","192179,192177",9455,Imperial
2847,2025-02-09 16:00:00,8034,IEM Katowice 2025,9565,Vitality,7020,Spirit,3,0,3,"Mirage,Nuke,Dust2","192189,192186,192180",9565,Vitality
1275,2025-02-09 16:30:00,8347,RES Showdown 1: BLAST Premier Rising Event,12467,PARIVISION,6665,Astralis,1,2,3,"Ancient,Inferno,Dust2","192192,192187,192183",6665,Astralis
2988,2025-02-09 21:30:00,8349,ACE SA Masters 2025 Season 1 - BLAST Premier Rising Event,9455,Imperial,9215,MIBR,2,1,3,"Inferno,Nuke,Mirage","192220,192217,192213",9455,Imperial
1473,2025-02-10 10:00:00,8273,IEM Dallas 2025 Europe Closed Qualifier,7532,BIG,12878,BC.Game,1,2,3,"Ancient,Dust2,Mirage","192285,192278,192266",12878,BC.Game
1171,2025-02-10 10:00:00,8273,IEM Dallas 2025 Europe Closed Qualifier,7969,Nemiga,12394,BetBoom,1,2,3,"Anubis,Mirage,Train","192291,192279,192267",12394,BetBoom
445,2025-02-10 16:00:00,8273,IEM Dallas 2025 Europe Closed Qualifier,12394,BetBoom,11283,Falcons,0,2,2,"Dust2,Ancient","192340,192309",11283,Falcons
1470,2025-02-10 16:20:00,8273,IEM Dallas 2025 Europe Closed Qualifier,12878,BC.Game,6665,Astralis,2,0,2,"Inferno,Mirage","192321,192314",12878,BC.Game
2224,2025-02-10 19:00:00,8273,IEM Dallas 2025 Europe Closed Qualifier,4914,3DMAX,7175,HEROIC,2,1,3,"Ancient,Dust2,Anubis","192354,192345,192332",4914,3DMAX
623,2025-02-11 07:10:00,8353,BLAST Rising Asia 2025 Season 1,11514,Rare Atom,4863,TYLOO,2,0,2,"Mirage,Inferno","192377,192376",11514,Rare Atom
2868,2025-02-11 10:00:00,8273,IEM Dallas 2025 Europe Closed Qualifier,7175,HEROIC,7532,BIG,2,1,3,"Nuke,Ancient,Mirage","192406,192396,192388",7175,HEROIC
1152,2025-02-11 19:00:00,8273,IEM Dallas 2025 Europe Closed Qualifier,12394,BetBoom,6665,Astralis,1,2,3,"Ancient,Nuke,Mirage","192475,192470,192467",6665,Astralis
951,2025-02-13 15:00:00,8345,CCT Season 2 Europe Series 18,12000,500,4991,fnatic,0,2,2,"Nuke,Ancient","192607,192604",4991,fnatic
1766,2025-02-14 08:00:00,8043,PGL Cluj-Napoca 2025,7532,BIG,4494,MOUZ,0,2,2,"Mirage,Ancient","192637,192633",4494,MOUZ
2174,2025-02-14 08:50:00,8043,PGL Cluj-Napoca 2025,4914,3DMAX,5378,Virtus.pro,2,1,3,"Dust2,Inferno,Ancient","192643,192641,192635",4914,3DMAX
180,2025-02-14 10:20:00,8043,PGL Cluj-Napoca 2025,6667,FaZe,10567,SAW,2,0,2,"Nuke,Ancient","192644,192640",6667,FaZe
458,2025-02-14 12:10:00,8043,PGL Cluj-Napoca 2025,12774,FlyQuest,11283,Falcons,0,2,2,"Dust2,Inferno","192650,192647",11283,Falcons
2311,2025-02-14 12:15:00,8043,PGL Cluj-Napoca 2025,5005,Complexity,6248,The MongolZ,0,2,2,"Ancient,Dust2","192649,192646",6248,The MongolZ
1979,2025-02-14 14:15:00,8043,PGL Cluj-Napoca 2025,4773,paiN,6665,Astralis,2,1,3,"Nuke,Mirage,Inferno","192663,192658,192652",4773,paiN
999,2025-02-14 14:20:00,8043,PGL Cluj-Napoca 2025,12257,Wildcard,9215,MIBR,2,0,2,"Nuke,Train","192660,192654",12257,Wildcard
316,2025-02-14 16:00:00,8313,CCT Season 2 Europe Series 17,7969,Nemiga,11241,B8,1,2,3,"Ancient,Mirage,Dust2","192669,192666,192661",11241,B8
948,2025-02-14 18:00:00,8345,CCT Season 2 Europe Series 18,12000,500,12878,BC.Game,0,2,2,"Mirage,Inferno","192675,192671",12878,BC.Game
1209,2025-02-14 19:00:00,8313,CCT Season 2 Europe Series 17,12426,Passion UA,4869,ENCE,0,2,2,"Anubis,Ancient","192680,192674",4869,ENCE
1451,2025-02-15 08:00:00,8043,PGL Cluj-Napoca 2025,7532,BIG,12774,FlyQuest,2,1,3,"Nuke,Ancient,Inferno","192716,192713,192710",7532,BIG
1676,2025-02-15 08:00:00,8043,PGL Cluj-Napoca 2025,4914,3DMAX,4494,MOUZ,0,2,2,"Nuke,Inferno","192715,192711",4494,MOUZ
986,2025-02-15 10:20:00,8043,PGL Cluj-Napoca 2025,12257,Wildcard,6248,The MongolZ,0,2,2,"Ancient,Inferno","192725,192718",6248,The MongolZ
2295,2025-02-15 10:45:00,8043,PGL Cluj-Napoca 2025,5378,Virtus.pro,5005,Complexity,2,0,2,"Inferno,Dust2","192724,192721",5378,Virtus.pro
230,2025-02-15 11:30:00,8313,CCT Season 2 Europe Series 17,11241,B8,12000,500,1,2,3,"Ancient,Inferno,Mirage","192732,192728,192723",12000,500
406,2025-02-15 13:05:00,8043,PGL Cluj-Napoca 2025,11251,Eternal Fire,6667,FaZe,1,2,3,"Inferno,Anubis,Dust2","192740,192734,192729",6667,FaZe
177,2025-02-15 15:00:00,8043,PGL Cluj-Napoca 2025,10567,SAW,6665,Astralis,0,2,2,"Inferno,Nuke","192749,192738",6665,Astralis
482,2025-02-15 16:15:00,8043,PGL Cluj-Napoca 2025,11283,Falcons,4773,paiN,1,2,3,"Nuke,Dust2,Mirage","192768,192760,192751",4773,paiN
2241,2025-02-16 08:00:00,8043,PGL Cluj-Napoca 2025,9215,MIBR,4914,3DMAX,0,2,2,"Inferno,Ancient","192804,192799",4914,3DMAX
415,2025-02-16 08:00:00,8043,PGL Cluj-Napoca 2025,11251,Eternal Fire,7532,BIG,2,0,2,"Inferno,Dust2","192805,192800",11251,Eternal Fire
982,2025-02-16 10:10:00,8043,PGL Cluj-Napoca 2025,5378,Virtus.pro,12257,Wildcard,2,0,2,"Inferno,Dust2","192811,192807",5378,Virtus.pro
532,2025-02-16 10:15:00,8043,PGL Cluj-Napoca 2025,11283,Falcons,6665,Astralis,2,1,3,"Nuke,Dust2,Ancient","192813,192808,192806",11283,Falcons
1740,2025-02-16 13:25:00,8043,PGL Cluj-Napoca 2025,6667,FaZe,4494,MOUZ,2,0,2,"Mirage,Ancient","192820,192818",6667,FaZe
137,2025-02-16 14:10:00,8043,PGL Cluj-Napoca 2025,12774,FlyQuest,10567,SAW,1,2,3,"Ancient,Dust2,Inferno","192828,192824,192819",10567,SAW
1975,2025-02-16 15:40:00,8043,PGL Cluj-Napoca 2025,4773,paiN,6248,The MongolZ,1,2,3,"Mirage,Dust2,Inferno","192833,192829,192825",6248,The MongolZ
470,2025-02-17 11:00:00,8043,PGL Cluj-Napoca 2025,4494,MOUZ,11283,Falcons,1,2,3,"Ancient,Mirage,Dust2","192855,192850,192847",11283,Falcons
993,2025-02-17 11:00:00,8043,PGL Cluj-Napoca 2025,12257,Wildcard,7532,BIG,1,2,3,"Nuke,Inferno,Ancient","192853,192849,192846",7532,BIG
2730,2025-02-17 14:00:00,8043,PGL Cluj-Napoca 2025,6665,Astralis,9215,MIBR,2,1,3,"Nuke,Inferno,Mirage","192887,192876,192858",6665,Astralis
377,2025-02-17 14:15:00,8043,PGL Cluj-Napoca 2025,4914,3DMAX,11251,Eternal Fire,1,2,3,"Nuke,Inferno,Anubis","192877,192870,192860",11251,Eternal Fire
1957,2025-02-17 17:35:00,8043,PGL Cluj-Napoca 2025,5378,Virtus.pro,4773,paiN,0,2,2,"Mirage,Inferno","192904,192891",4773,paiN
161,2025-02-17 18:30:00,8043,PGL Cluj-Napoca 2025,5005,Complexity,10567,SAW,0,2,2,"Inferno,Ancient","192910,192899",10567,SAW
2719,2025-02-18 08:00:00,8043,PGL Cluj-Napoca 2025,7532,BIG,6665,Astralis,0,2,2,"Inferno,Ancient","192924,192923",6665,Astralis
155,2025-02-18 10:15:00,8043,PGL Cluj-Napoca 2025,10567,SAW,4914,3DMAX,2,0,2,"Dust2,Nuke","192933,192931",10567,SAW
1691,2025-02-18 12:55:00,8043,PGL Cluj-Napoca 2025,4494,MOUZ,5378,Virtus.pro,2,1,3,"Mirage,Inferno,Ancient","192955,192951,192940",4494,MOUZ
2714,2025-02-20 13:00:00,8273,IEM Dallas 2025 Europe Closed Qualifier,7175,HEROIC,6665,Astralis,2,0,2,"Nuke,Mirage","193095,193092",7175,HEROIC
1670,2025-02-21 08:00:00,8043,PGL Cluj-Napoca 2025,4494,MOUZ,4773,paiN,2,0,2,"Mirage,Inferno","193127,193124",4494,MOUZ
2618,2025-02-21 10:50:00,8043,PGL Cluj-Napoca 2025,6248,The MongolZ,6665,Astralis,0,2,2,"Inferno,Mirage","193135,193131",6665,Astralis
341,2025-02-21 13:55:00,8043,PGL Cluj-Napoca 2025,11283,Falcons,11251,Eternal Fire,2,1,3,"Nuke,Dust2,Train","193158,193142,193140",11283,Falcons
181,2025-02-21 17:40:00,8043,PGL Cluj-Napoca 2025,6667,FaZe,10567,SAW,2,0,2,"Nuke,Ancient","193180,193173",6667,FaZe
1722,2025-02-22 15:00:00,8043,PGL Cluj-Napoca 2025,4494,MOUZ,6665,Astralis,2,1,3,"Ancient,Nuke,Inferno","193242,193238,193233",4494,MOUZ
72,2025-02-22 16:00:00,8387,CCT Season 2 Europe Series 19 Closed Qualifier,10503,OG,12878,BC.Game,2,1,3,"Inferno,Dust2,Ancient","193243,193241,193237",10503,OG
539,2025-02-22 19:00:00,8043,PGL Cluj-Napoca 2025,11283,Falcons,6667,FaZe,2,0,2,"Ancient,Dust2","193259,193255",11283,Falcons
2695,2025-02-23 13:00:00,8043,PGL Cluj-Napoca 2025,6665,Astralis,6667,FaZe,2,1,3,"Ancient,Inferno,Mirage","193324,193317,193301",6665,Astralis
253,2025-02-23 17:20:00,8345,CCT Season 2 Europe Series 18,12878,BC.Game,11241,B8,1,2,3,"Ancient,Anubis,Mirage","193344,193339,193333",11241,B8
471,2025-02-23 17:50:00,8043,PGL Cluj-Napoca 2025,11283,Falcons,4494,MOUZ,1,3,4,"Ancient,Nuke,Mirage,Dust2","193350,193345,193340,193336",4494,MOUZ
1242,2025-02-26 12:10:00,8397,CCT Season 2 Europe Series 20 Closed Qualifier,12878,BC.Game,12467,PARIVISION,1,2,3,"Ancient,Mirage,Dust2","193614,193604,193596",12467,PARIVISION
1243,2025-02-28 15:00:00,8397,CCT Season 2 Europe Series 20 Closed Qualifier,12467,PARIVISION,12878,BC.Game,2,1,3,"Ancient,Mirage,Dust2","193808,193806,193804",12467,PARIVISION
1034,2025-03-01 09:30:00,8035,ESL Pro League Season 21 Stage 1,12376,M80,12774,FlyQuest,2,0,2,"Dust2,Ancient","193841,193834",12376,M80
184,2025-03-01 12:00:00,8035,ESL Pro League Season 21 Stage 1,10567,SAW,7175,HEROIC,2,1,3,"Ancient,Train,Dust2","193854,193850,193845",10567,SAW
2066,2025-03-01 12:00:00,8035,ESL Pro League Season 21 Stage 1,4863,TYLOO,4914,3DMAX,2,0,2,"Inferno,Ancient","193851,193846",4863,TYLOO
2937,2025-03-01 14:30:00,8035,ESL Pro League Season 21 Stage 1,7969,Nemiga,9215,MIBR,1,2,3,"Mirage,Inferno,Anubis","193870,193864,193856",9215,MIBR
373,2025-03-02 12:00:00,8035,ESL Pro League Season 21 Stage 1,11251,Eternal Fire,4863,TYLOO,0,2,2,"Anubis,Inferno","193944,193940",4863,TYLOO
193,2025-03-02 14:30:00,8035,ESL Pro League Season 21 Stage 1,10567,SAW,8297,FURIA,2,1,3,"Inferno,Dust2,Anubis","193954,193953,193950",10567,SAW
2995,2025-03-02 17:00:00,8035,ESL Pro League Season 21 Stage 1,9215,MIBR,9928,GamerLegion,0,2,2,"Inferno,Ancient","193961,193955",9928,GamerLegion
1044,2025-03-02 17:50:00,8035,ESL Pro League Season 21 Stage 1,12376,M80,4773,paiN,2,0,2,"Mirage,Anubis","193965,193960",12376,M80
2222,2025-03-03 09:30:00,8035,ESL Pro League Season 21 Stage 1,7175,HEROIC,4914,3DMAX,0,2,2,"Train,Nuke","193992,193984",4914,3DMAX
2110,2025-03-03 12:10:00,8035,ESL Pro League Season 21 Stage 1,9928,GamerLegion,4863,TYLOO,2,1,3,"Inferno,Nuke,Mirage","194014,194008,194001",9928,GamerLegion
128,2025-03-03 14:30:00,8035,ESL Pro League Season 21 Stage 1,10567,SAW,12376,M80,2,1,3,"Dust2,Ancient,Inferno","194026,194017,194015",10567,SAW
2951,2025-03-03 15:20:00,8035,ESL Pro League Season 21 Stage 1,9215,MIBR,8297,FURIA,2,0,2,"Nuke,Anubis","194025,194018",9215,MIBR
1418,2025-03-03 17:35:00,8035,ESL Pro League Season 21 Stage 1,12774,FlyQuest,4773,paiN,2,1,3,"Inferno,Nuke,Anubis","194050,194042,194034",12774,FlyQuest
2872,2025-03-04 12:30:00,8035,ESL Pro League Season 21 Stage 1,7175,HEROIC,7969,Nemiga,1,2,3,"Train,Mirage,Dust2","194084,194082,194075",7969,Nemiga
2106,2025-03-04 12:30:00,8035,ESL Pro League Season 21 Stage 1,9215,MIBR,4863,TYLOO,2,0,2,"Anubis,Inferno","194081,194076",9215,MIBR
357,2025-03-04 15:00:00,8035,ESL Pro League Season 21 Stage 1,12774,FlyQuest,11251,Eternal Fire,0,2,2,"Nuke,Inferno","194086,194085",11251,Eternal Fire
1049,2025-03-04 17:30:00,8035,ESL Pro League Season 21 Stage 1,12376,M80,4914,3DMAX,0,2,2,"Train,Anubis","194110,194100",4914,3DMAX
1419,2025-03-05 12:30:00,8035,ESL Pro League Season 21 Stage 1,12774,FlyQuest,4863,TYLOO,1,2,3,"Inferno,Anubis,Ancient","194159,194151,194144",4863,TYLOO
2009,2025-03-05 16:30:00,8035,ESL Pro League Season 21 Stage 1,7969,Nemiga,4773,paiN,1,2,3,"Dust2,Mirage,Train","194187,194173,194167",4773,paiN
1085,2025-03-05 19:50:00,8035,ESL Pro League Season 21 Stage 1,8297,FURIA,12376,M80,2,1,3,"Anubis,Dust2,Mirage","194202,194196,194194",8297,FURIA
2992,2025-03-07 09:30:00,8292,ESL Pro League Season 21,9565,Vitality,9215,MIBR,2,1,3,"Train,Inferno,Anubis","194386,194381,194372",9565,Vitality
2091,2025-03-07 09:40:00,8292,ESL Pro League Season 21,4863,TYLOO,7020,Spirit,0,2,2,"Nuke,Anubis","194384,194377",7020,Spirit
1198,2025-03-07 11:50:00,8362,PGL Bucharest 2025 Europe Closed Qualifier,12878,BC.Game,12426,Passion UA,1,2,3,"Mirage,Dust2,Ancient","194409,194398,194389",12426,Passion UA
82,2025-03-07 12:00:00,8362,PGL Bucharest 2025 Europe Closed Qualifier,10503,OG,4869,ENCE,2,1,3,"Anubis,Ancient,Mirage","194416,194405,194388",10503,OG
2684,2025-03-07 12:00:00,8292,ESL Pro League Season 21,6248,The MongolZ,9928,GamerLegion,2,0,2,"Mirage,Inferno","194404,194394",6248,The MongolZ
378,2025-03-07 12:30:00,8292,ESL Pro League Season 21,11251,Eternal Fire,4914,3DMAX,0,2,2,"Anubis,Inferno","194410,194396",4914,3DMAX
146,2025-03-07 14:30:00,8292,ESL Pro League Season 21,10567,SAW,4608,Natus Vincere,2,1,3,"Ancient,Nuke,Inferno","194435,194429,194415",10567,SAW
1777,2025-03-07 14:45:00,8292,ESL Pro League Season 21,8297,FURIA,4494,MOUZ,1,2,3,"Nuke,Inferno,Train","194450,194434,194420",4494,MOUZ
1969,2025-03-07 17:15:00,8292,ESL Pro League Season 21,4773,paiN,5995,G2,0,2,2,"Inferno,Nuke","194457,194445",5995,G2
513,2025-03-07 18:25:00,8292,ESL Pro League Season 21,5973,Liquid,11283,Falcons,1,2,3,"Ancient,Dust2,Inferno","194491,194480,194465",11283,Falcons
1817,2025-03-08 09:30:00,8292,ESL Pro League Season 21,4608,Natus Vincere,4863,TYLOO,2,1,3,"Ancient,Mirage,Inferno","194555,194551,194542",4608,Natus Vincere
424,2025-03-08 09:30:00,8292,ESL Pro League Season 21,9215,MIBR,11251,Eternal Fire,0,2,2,"Inferno,Mirage","194548,194540",11251,Eternal Fire
2057,2025-03-08 12:00:00,8292,ESL Pro League Season 21,9928,GamerLegion,4773,paiN,1,2,3,"Mirage,Inferno,Nuke","194589,194577,194563",4773,paiN
2537,2025-03-08 12:30:00,8292,ESL Pro League Season 21,5995,G2,6248,The MongolZ,1,2,3,"Mirage,Dust2,Ancient","194596,194582,194566",6248,The MongolZ
1475,2025-03-08 13:15:00,8388,CCT Season 2 Europe Series 19,7532,BIG,12878,BC.Game,0,2,2,"Dust2,Ancient","194587,194575",12878,BC.Game
66,2025-03-08 15:00:00,8362,PGL Bucharest 2025 Europe Closed Qualifier,10503,OG,12426,Passion UA,2,0,2,"Mirage,Ancient","194624,194601",10503,OG
474,2025-03-08 15:15:00,8292,ESL Pro League Season 21,11283,Falcons,4494,MOUZ,0,2,2,"Nuke,Train","194627,194606",4494,MOUZ
2250,2025-03-08 15:55:00,8292,ESL Pro League Season 21,4914,3DMAX,9565,Vitality,0,2,2,"Dust2,Train","194635,194616",9565,Vitality
2507,2025-03-08 17:20:00,8292,ESL Pro League Season 21,5973,Liquid,8297,FURIA,2,0,2,"Anubis,Dust2","194674,194650",5973,Liquid
183,2025-03-08 17:50:00,8292,ESL Pro League Season 21,7020,Spirit,10567,SAW,2,0,2,"Train,Dust2","194676,194653",7020,Spirit
1467,2025-03-08 18:00:00,8362,PGL Bucharest 2025 Europe Closed Qualifier,12878,BC.Game,4869,ENCE,1,2,3,"Anubis,Ancient,Dust2","194705,194683,194659",4869,ENCE
497,2025-03-09 09:30:00,8292,ESL Pro League Season 21,11283,Falcons,4914,3DMAX,1,2,3,"Dust2,Ancient,Inferno","194797,194787,194776",4914,3DMAX
2112,2025-03-09 09:30:00,8292,ESL Pro League Season 21,4863,TYLOO,9928,GamerLegion,0,2,2,"Inferno,Ancient","194795,194788",9928,GamerLegion
2147,2025-03-09 11:20:00,8362,PGL Bucharest 2025 Europe Closed Qualifier,7532,BIG,4869,ENCE,0,2,2,"Ancient,Mirage","194809,194798",4869,ENCE
173,2025-03-09 12:30:00,8292,ESL Pro League Season 21,5995,G2,10567,SAW,2,0,2,"Dust2,Nuke","194814,194807",5995,G2
2634,2025-03-09 13:05:00,8292,ESL Pro League Season 21,6248,The MongolZ,7020,Spirit,0,2,2,"Dust2,Anubis","194823,194813",7020,Spirit
1816,2025-03-09 14:30:00,8292,ESL Pro League Season 21,4773,paiN,4608,Natus Vincere,0,2,2,"Mirage,Train","194842,194828",4608,Natus Vincere
1798,2025-03-09 15:15:00,8292,ESL Pro League Season 21,4494,MOUZ,9565,Vitality,0,2,2,"Dust2,Inferno","194847,194830",9565,Vitality
947,2025-03-09 16:55:00,8388,CCT Season 2 Europe Series 19,12426,Passion UA,12000,500,2,1,3,"Mirage,Inferno,Ancient","194897,194896,194858",12426,Passion UA
2954,2025-03-09 17:00:00,8292,ESL Pro League Season 21,9215,MIBR,8297,FURIA,1,2,3,"Inferno,Mirage,Anubis","194907,194881,194863",8297,FURIA
387,2025-03-09 17:05:00,8292,ESL Pro League Season 21,5973,Liquid,11251,Eternal Fire,2,0,2,"Train,Inferno","194883,194865",5973,Liquid
2201,2025-03-10 12:30:00,8292,ESL Pro League Season 21,4914,3DMAX,6248,The MongolZ,0,2,2,"Ancient,Dust2","194967,194959",6248,The MongolZ
204,2025-03-10 12:30:00,8292,ESL Pro League Season 21,9928,GamerLegion,10567,SAW,2,1,3,"Ancient,Inferno,Train","194975,194969,194960",9928,GamerLegion
1199,2025-03-10 13:00:00,8388,CCT Season 2 Europe Series 19,12878,BC.Game,12426,Passion UA,2,0,2,"Ancient,Dust2","194971,194964",12878,BC.Game
1700,2025-03-10 15:00:00,8292,ESL Pro League Season 21,5973,Liquid,4494,MOUZ,0,2,2,"Nuke,Ancient","194986,194977",4494,MOUZ
371,2025-03-10 15:45:00,8292,ESL Pro League Season 21,4773,paiN,11251,Eternal Fire,0,2,2,"Inferno,Nuke","195000,194988",11251,Eternal Fire
1852,2025-03-10 17:30:00,8292,ESL Pro League Season 21,4608,Natus Vincere,5995,G2,2,0,2,"Ancient,Mirage","195029,195014",4608,Natus Vincere
569,2025-03-10 18:00:00,8292,ESL Pro League Season 21,8297,FURIA,11283,Falcons,1,2,3,"Dust2,Mirage,Train","195061,195047,195034",11283,Falcons
1173,2025-03-10 19:30:00,8362,PGL Bucharest 2025 Europe Closed Qualifier,7969,Nemiga,12394,BetBoom,0,2,2,"Mirage,Ancient","195064,195051",12394,BetBoom
980,2025-03-10 23:00:00,8364,PGL Bucharest 2025 North America Closed Qualifier,12257,Wildcard,5005,Complexity,0,3,3,"Ancient,Nuke,Train","195082,195078,195076",5005,Complexity
91,2025-03-11 12:00:00,8362,PGL Bucharest 2025 Europe Closed Qualifier,10503,OG,7175,HEROIC,2,1,3,"Nuke,Ancient,Dust2","195115,195107,195102",10503,OG
2181,2025-03-11 12:30:00,8292,ESL Pro League Season 21,4914,3DMAX,5973,Liquid,1,2,3,"Anubis,Ancient,Inferno","195118,195111,195105",5973,Liquid
1111,2025-03-11 15:00:00,8362,PGL Bucharest 2025 Europe Closed Qualifier,12916,Betclic,12394,BetBoom,2,0,2,"Nuke,Mirage","195128,195123",12916,Betclic
342,2025-03-11 15:15:00,8292,ESL Pro League Season 21,11283,Falcons,11251,Eternal Fire,1,2,3,"Dust2,Mirage,Inferno","195135,195129,195122",11251,Eternal Fire
2612,2025-03-11 18:40:00,8292,ESL Pro League Season 21,9928,GamerLegion,5995,G2,0,2,2,"Nuke,Inferno","195152,195144",5995,G2
1231,2025-03-12 12:00:00,8283,YaLLa Compass Winter 2025,12426,Passion UA,7532,BIG,1,2,3,"Train,Ancient,Mirage","195184,195179,195176",7532,BIG
73,2025-03-12 15:00:00,8362,PGL Bucharest 2025 Europe Closed Qualifier,12916,Betclic,10503,OG,3,1,4,"Anubis,Dust2,Nuke,Ancient","195206,195199,195191,195185",12916,Betclic
409,2025-03-13 14:45:00,8292,ESL Pro League Season 21,11251,Eternal Fire,7020,Spirit,1,2,3,"Mirage,Anubis,Nuke","195260,195257,195249",7020,Spirit
1711,2025-03-13 19:15:00,8292,ESL Pro League Season 21,5995,G2,4494,MOUZ,1,2,3,"Ancient,Nuke,Inferno","195273,195270,195267",4494,MOUZ
75,2025-03-13 19:30:00,8414,Galaxy Battle 2025 STARTER,12916,Betclic,10503,OG,0,2,2,"Ancient,Nuke","195271,195269",10503,OG
1285,2025-03-14 09:00:00,8398,CCT Season 2 Europe Series 20,7532,BIG,12467,PARIVISION,1,2,3,"Ancient,Mirage,Dust2","195294,195285,195281",12467,PARIVISION
2519,2025-03-14 14:45:00,8292,ESL Pro League Season 21,5973,Liquid,9565,Vitality,0,2,2,"Dust2,Anubis","195311,195308",9565,Vitality
1864,2025-03-14 17:30:00,8292,ESL Pro League Season 21,4608,Natus Vincere,6248,The MongolZ,0,2,2,"Ancient,Mirage","195324,195319",6248,The MongolZ
95,2025-03-14 19:10:00,8398,CCT Season 2 Europe Series 20,7969,Nemiga,10503,OG,0,2,2,"Ancient,Anubis","195329,195326",10503,OG
1760,2025-03-15 14:45:00,8292,ESL Pro League Season 21,4494,MOUZ,7020,Spirit,2,1,3,"Ancient,Dust2,Nuke","195397,195386,195371",4494,MOUZ
74,2025-03-15 18:00:00,8398,CCT Season 2 Europe Series 20,12916,Betclic,10503,OG,0,2,2,"Ancient,Anubis","195406,195399",10503,OG
2678,2025-03-15 19:05:00,8292,ESL Pro League Season 21,6248,The MongolZ,9565,Vitality,1,2,3,"Inferno,Nuke,Anubis","195420,195417,195407",9565,Vitality
68,2025-03-16 14:00:00,8398,CCT Season 2 Europe Series 20,12467,PARIVISION,10503,OG,1,2,3,"Anubis,Ancient,Dust2","195463,195458,195452",10503,OG
1799,2025-03-16 16:00:00,8292,ESL Pro League Season 21,4494,MOUZ,9565,Vitality,0,3,3,"Inferno,Nuke,Dust2","195473,195467,195462",9565,Vitality
59,2025-03-16 17:45:00,8398,CCT Season 2 Europe Series 20,10503,OG,12000,500,2,0,2,"Inferno,Ancient","195474,195472",10503,OG
461,2025-03-19 13:15:00,7904,BLAST Open Lisbon 2025,11283,Falcons,4494,MOUZ,0,2,2,"Ancient,Train","195645,195638",4494,MOUZ
2742,2025-03-19 16:15:00,7904,BLAST Open Lisbon 2025,6665,Astralis,9565,Vitality,0,2,2,"Dust2,Inferno","195651,195648",9565,Vitality
2375,2025-03-19 18:20:00,7904,BLAST Open Lisbon 2025,6667,FaZe,5378,Virtus.pro,1,2,3,"Dust2,Ancient,Anubis","195681,195670,195657",5378,Virtus.pro
2596,2025-03-20 11:00:00,7904,BLAST Open Lisbon 2025,9455,Imperial,5995,G2,0,2,2,"Inferno,Mirage","195732,195730",5995,G2
386,2025-03-20 13:50:00,7904,BLAST Open Lisbon 2025,11251,Eternal Fire,5973,Liquid,2,0,2,"Anubis,Dust2","195737,195735",11251,Eternal Fire
1072,2025-03-20 16:10:00,7904,BLAST Open Lisbon 2025,6248,The MongolZ,12376,M80,2,1,3,"Inferno,Ancient,Dust2","195745,195741,195739",6248,The MongolZ
1914,2025-03-20 19:45:00,7904,BLAST Open Lisbon 2025,8297,FURIA,4608,Natus Vincere,0,2,2,"Mirage,Anubis","195752,195750",4608,Natus Vincere
2693,2025-03-21 12:50:00,7904,BLAST Open Lisbon 2025,6665,Astralis,6667,FaZe,0,2,2,"Nuke,Train","195791,195789",6667,FaZe
1750,2025-03-21 15:15:00,7904,BLAST Open Lisbon 2025,4494,MOUZ,7020,Spirit,2,1,3,"Ancient,Nuke,Dust2","195800,195795,195792",4494,MOUZ
2418,2025-03-21 19:50:00,7904,BLAST Open Lisbon 2025,5378,Virtus.pro,9565,Vitality,0,2,2,"Inferno,Anubis","195810,195808",9565,Vitality
2512,2025-03-22 10:00:00,7904,BLAST Open Lisbon 2025,5973,Liquid,9455,Imperial,2,1,3,"Anubis,Nuke,Dust2","195833,195829,195826",5973,Liquid
1084,2025-03-22 13:20:00,7904,BLAST Open Lisbon 2025,12376,M80,8297,FURIA,2,1,3,"Inferno,Train,Dust2","195860,195842,195838",12376,M80
390,2025-03-22 17:40:00,7904,BLAST Open Lisbon 2025,11251,Eternal Fire,5995,G2,2,0,2,"Inferno,Anubis","195880,195875",11251,Eternal Fire
1856,2025-03-22 20:30:00,7904,BLAST Open Lisbon 2025,4608,Natus Vincere,6248,The MongolZ,2,1,3,"Mirage,Inferno,Dust2","195889,195887,195884",4608,Natus Vincere
508,2025-03-23 10:00:00,7904,BLAST Open Lisbon 2025,5378,Virtus.pro,11283,Falcons,2,1,3,"Inferno,Ancient,Mirage","195925,195917,195913",5378,Virtus.pro
2763,2025-03-23 15:10:00,7904,BLAST Open Lisbon 2025,6667,FaZe,7020,Spirit,0,2,2,"Nuke,Anubis","195933,195932",7020,Spirit
2461,2025-03-23 17:55:00,7904,BLAST Open Lisbon 2025,5973,Liquid,6248,The MongolZ,0,2,2,"Ancient,Anubis","195938,195936",6248,The MongolZ
1066,2025-03-23 20:20:00,7904,BLAST Open Lisbon 2025,12376,M80,5995,G2,0,2,2,"Inferno,Ancient","195940,195939",5995,G2
1788,2025-03-24 10:00:00,7904,BLAST Open Lisbon 2025,4494,MOUZ,9565,Vitality,0,2,2,"Dust2,Mirage","195950,195948",9565,Vitality
2382,2025-03-24 12:45:00,7904,BLAST Open Lisbon 2025,7020,Spirit,5378,Virtus.pro,2,0,2,"Anubis,Ancient","195956,195954",7020,Spirit
368,2025-03-24 15:35:00,7904,BLAST Open Lisbon 2025,11251,Eternal Fire,4608,Natus Vincere,2,0,2,"Dust2,Inferno","195970,195965",11251,Eternal Fire
2531,2025-03-24 18:05:00,7904,BLAST Open Lisbon 2025,5995,G2,6248,The MongolZ,2,0,2,"Dust2,Ancient","195980,195978",5995,G2
315,2025-03-25 19:00:00,8294,ESL Challenger League Season 49 Europe,11241,B8,7969,Nemiga,2,1,3,"Inferno,Mirage,Dust2","196021,196017,196014",11241,B8
64,2025-03-28 09:00:00,8419,PGL Astana 2025 Europe Closed Qualifier,12394,BetBoom,10503,OG,2,1,3,"Dust2,Ancient,Nuke","196337,196330,196321",12394,BetBoom
1707,2025-03-28 16:30:00,7904,BLAST Open Lisbon 2025,5995,G2,4494,MOUZ,0,2,2,"Nuke,Inferno","196397,196387",4494,MOUZ
1895,2025-03-28 19:30:00,7904,BLAST Open Lisbon 2025,7020,Spirit,4608,Natus Vincere,2,0,2,"Anubis,Dust2","196417,196413",7020,Spirit
361,2025-03-29 16:30:00,7904,BLAST Open Lisbon 2025,4494,MOUZ,11251,Eternal Fire,2,0,2,"Dust2,Nuke","196572,196561",4494,MOUZ
243,2025-03-29 19:15:00,8419,PGL Astana 2025 Europe Closed Qualifier,11241,B8,12467,PARIVISION,2,0,2,"Mirage,Train","196598,196587",11241,B8
2844,2025-03-29 20:20:00,7904,BLAST Open Lisbon 2025,7020,Spirit,9565,Vitality,1,2,3,"Mirage,Nuke,Anubis","196609,196605,196594",9565,Vitality
1789,2025-03-30 15:30:00,7904,BLAST Open Lisbon 2025,4494,MOUZ,9565,Vitality,2,3,5,"Train,Nuke,Dust2,Mirage,Inferno","196726,196723,196717,196707,196700",9565,Vitality
968,2025-03-31 22:00:00,8420,PGL Astana 2025 North America Closed Qualifier,12376,M80,12257,Wildcard,2,0,2,"Inferno,Mirage","196798,196795",12376,M80
2333,2025-04-02 08:00:00,8284,YaLLa Compass Spring 2025 Closed Qualifier,5005,Complexity,7969,Nemiga,1,0,1,Anubis,196888,5005,Complexity
627,2025-04-06 07:00:00,8044,PGL Bucharest 2025,11514,Rare Atom,5378,Virtus.pro,2,0,2,"Ancient,Mirage","197223,197220",11514,Rare Atom
2198,2025-04-06 07:00:00,8044,PGL Bucharest 2025,6248,The MongolZ,4914,3DMAX,1,2,3,"Anubis,Inferno,Ancient","197228,197226,197222",4914,3DMAX
2610,2025-04-06 08:55:00,8044,PGL Bucharest 2025,9928,GamerLegion,5995,G2,0,2,2,"Inferno,Mirage","197236,197230",5995,G2
501,2025-04-06 10:10:00,8044,PGL Bucharest 2025,5005,Complexity,11283,Falcons,2,0,2,"Dust2,Train","197242,197232",5005,Complexity
834,2025-04-06 11:25:00,8044,PGL Bucharest 2025,11861,Aurora,4773,paiN,2,1,3,"Dust2,Inferno,Nuke","197257,197250,197245",11861,Aurora
1330,2025-04-06 12:05:00,8044,PGL Bucharest 2025,5973,Liquid,12468,Legacy,0,2,2,"Anubis,Nuke","197253,197247",12468,Legacy
2696,2025-04-06 14:00:00,8044,PGL Bucharest 2025,6667,FaZe,6665,Astralis,1,2,3,"Train,Dust2,Ancient","197264,197260,197256",6665,Astralis
1482,2025-04-06 15:35:00,8044,PGL Bucharest 2025,12916,Betclic,8297,FURIA,0,2,2,"Mirage,Dust2","197265,197263",8297,FURIA
590,2025-04-07 07:00:00,8044,PGL Bucharest 2025,11283,Falcons,9928,GamerLegion,0,2,2,"Mirage,Inferno","197280,197279",9928,GamerLegion
628,2025-04-07 07:00:00,8044,PGL Bucharest 2025,5995,G2,11514,Rare Atom,2,0,2,"Ancient,Dust2","197281,197278",5995,G2
2354,2025-04-07 08:50:00,8044,PGL Bucharest 2025,5973,Liquid,5378,Virtus.pro,0,2,2,"Dust2,Mirage","197286,197283",5378,Virtus.pro
809,2025-04-07 08:50:00,8044,PGL Bucharest 2025,11861,Aurora,12468,Legacy,2,0,2,"Anubis,Mirage","197285,197282",11861,Aurora
2204,2025-04-07 11:00:00,8044,PGL Bucharest 2025,6665,Astralis,4914,3DMAX,1,2,3,"Inferno,Ancient,Dust2","197293,197291,197288",4914,3DMAX
1479,2025-04-07 11:10:00,8044,PGL Bucharest 2025,6248,The MongolZ,12916,Betclic,0,2,2,"Nuke,Ancient","197292,197289",12916,Betclic
1991,2025-04-07 13:25:00,8044,PGL Bucharest 2025,4773,paiN,6667,FaZe,0,2,2,"Inferno,Dust2","197296,197294",6667,FaZe
2337,2025-04-07 14:05:00,8044,PGL Bucharest 2025,5005,Complexity,8297,FURIA,2,1,3,"Inferno,Train,Dust2","197298,197297,197295",5005,Complexity
1370,2025-04-08 07:00:00,8044,PGL Bucharest 2025,9928,GamerLegion,12468,Legacy,2,1,3,"Ancient,Inferno,Anubis","197332,197324,197319",9928,GamerLegion
1480,2025-04-08 07:00:00,8044,PGL Bucharest 2025,12916,Betclic,6665,Astralis,2,0,2,"Ancient,Mirage","197320,197318",12916,Betclic
2405,2025-04-08 09:05:00,8044,PGL Bucharest 2025,5378,Virtus.pro,8297,FURIA,2,0,2,"Dust2,Anubis","197337,197330",5378,Virtus.pro
629,2025-04-08 10:45:00,8044,PGL Bucharest 2025,11514,Rare Atom,6667,FaZe,0,2,2,"Dust2,Ancient","197341,197338",6667,FaZe
2306,2025-04-08 11:30:00,8044,PGL Bucharest 2025,5005,Complexity,5995,G2,1,2,3,"Ancient,Anubis,Dust2","197361,197353,197342",5995,G2
483,2025-04-08 12:40:00,8044,PGL Bucharest 2025,11283,Falcons,4773,paiN,2,1,3,"Inferno,Train,Nuke","197363,197360,197354",11283,Falcons
844,2025-04-08 14:50:00,8044,PGL Bucharest 2025,11861,Aurora,4914,3DMAX,1,2,3,"Dust2,Anubis,Inferno","197368,197366,197364",4914,3DMAX
2465,2025-04-08 16:00:00,8044,PGL Bucharest 2025,5973,Liquid,6248,The MongolZ,0,2,2,"Anubis,Mirage","197369,197367",6248,The MongolZ
1337,2025-04-09 07:00:00,8044,PGL Bucharest 2025,6665,Astralis,12468,Legacy,2,1,3,"Nuke,Ancient,Dust2","197416,197412,197409",6665,Astralis
2428,2025-04-09 07:00:00,8044,PGL Bucharest 2025,5378,Virtus.pro,9928,GamerLegion,0,2,2,"Mirage,Ancient","197410,197408",9928,GamerLegion
2319,2025-04-09 09:15:00,8044,PGL Bucharest 2025,5005,Complexity,6667,FaZe,2,0,2,"Anubis,Dust2","197422,197415",5005,Complexity
431,2025-04-09 10:55:00,8044,PGL Bucharest 2025,11514,Rare Atom,11283,Falcons,0,2,2,"Train,Inferno","197428,197425",11283,Falcons
817,2025-04-09 11:25:00,8044,PGL Bucharest 2025,11861,Aurora,12916,Betclic,2,0,2,"Anubis,Mirage","197429,197426",11861,Aurora
2646,2025-04-09 12:50:00,8044,PGL Bucharest 2025,6248,The MongolZ,8297,FURIA,2,0,2,"Nuke,Mirage","197437,197435",6248,The MongolZ
2369,2025-04-10 07:00:00,8044,PGL Bucharest 2025,5378,Virtus.pro,6665,Astralis,2,0,2,"Train,Dust2","197475,197472",5378,Virtus.pro
1481,2025-04-10 09:10:00,8044,PGL Bucharest 2025,6667,FaZe,12916,Betclic,2,0,2,"Ancient,Dust2","197481,197478",6667,FaZe
524,2025-04-10 11:10:00,8044,PGL Bucharest 2025,11283,Falcons,6248,The MongolZ,2,1,3,"Ancient,Dust2,Mirage","197489,197487,197485",11283,Falcons
591,2025-04-11 07:00:00,8044,PGL Bucharest 2025,9928,GamerLegion,11283,Falcons,1,2,3,"Ancient,Inferno,Train","197511,197508,197506",11283,Falcons
2212,2025-04-11 10:05:00,8044,PGL Bucharest 2025,4914,3DMAX,6667,FaZe,0,2,2,"Nuke,Anubis","197516,197514",6667,FaZe
847,2025-04-11 11:50:00,8044,PGL Bucharest 2025,5005,Complexity,11861,Aurora,2,1,3,"Nuke,Train,Anubis","197523,197522,197519",5005,Complexity
2360,2025-04-11 15:00:00,8044,PGL Bucharest 2025,5378,Virtus.pro,5995,G2,0,2,2,"Mirage,Dust2","197528,197524",5995,G2
1110,2025-04-12 12:00:00,8411,A1 Gaming League Season 10,12394,BetBoom,12878,BC.Game,2,1,3,"Anubis,Mirage,Dust2","197577,197576,197575",12394,BetBoom
540,2025-04-12 14:00:00,8044,PGL Bucharest 2025,11283,Falcons,6667,FaZe,2,1,3,"Mirage,Ancient,Nuke","197587,197583,197578",11283,Falcons
2307,2025-04-12 18:00:00,8044,PGL Bucharest 2025,5995,G2,5005,Complexity,2,0,2,"Dust2,Anubis","197603,197597",5995,G2
2320,2025-04-13 12:00:00,8044,PGL Bucharest 2025,6667,FaZe,5005,Complexity,2,0,2,"Inferno,Dust2","197632,197629",6667,FaZe
519,2025-04-13 15:00:00,8044,PGL Bucharest 2025,11283,Falcons,5995,G2,3,0,3,"Ancient,Nuke,Mirage","197643,197642,197638",11283,Falcons
1282,2025-04-14 09:30:00,8315,BLAST.tv Austin Major 2025 Europe Regional Qualifier,7175,HEROIC,12467,PARIVISION,1,0,1,Ancient,197684,7175,HEROIC
131,2025-04-14 11:00:00,8315,BLAST.tv Austin Major 2025 Europe Regional Qualifier,10567,SAW,12394,BetBoom,0,1,1,Train,197688,12394,BetBoom
2941,2025-04-14 12:30:00,8315,BLAST.tv Austin Major 2025 Europe Regional Qualifier,7969,Nemiga,9928,GamerLegion,1,0,1,Mirage,197692,7969,Nemiga
89,2025-04-14 12:30:00,8315,BLAST.tv Austin Major 2025 Europe Regional Qualifier,6665,Astralis,10503,OG,0,1,1,Nuke,197694,10503,OG
953,2025-04-14 14:20:00,8315,BLAST.tv Austin Major 2025 Europe Regional Qualifier,7532,BIG,12000,500,1,0,1,Ancient,197698,7532,BIG
105,2025-04-14 15:50:00,8315,BLAST.tv Austin Major 2025 Europe Regional Qualifier,10567,SAW,11241,B8,1,0,1,Anubis,197705,10567,SAW
1274,2025-04-14 17:25:00,8315,BLAST.tv Austin Major 2025 Europe Regional Qualifier,6665,Astralis,12467,PARIVISION,1,0,1,Mirage,197709,6665,Astralis
1172,2025-04-14 18:50:00,8315,BLAST.tv Austin Major 2025 Europe Regional Qualifier,12394,BetBoom,7969,Nemiga,0,1,1,Ancient,197712,7969,Nemiga
240,2025-04-15 08:00:00,8315,BLAST.tv Austin Major 2025 Europe Regional Qualifier,11241,B8,12467,PARIVISION,2,1,3,"Ancient,Mirage,Dust2","197730,197726,197721",11241,B8
955,2025-04-15 08:00:00,8315,BLAST.tv Austin Major 2025 Europe Regional Qualifier,12000,500,9928,GamerLegion,0,2,2,"Ancient,Anubis","197724,197720",9928,GamerLegion
1474,2025-04-15 11:00:00,8315,BLAST.tv Austin Major 2025 Europe Regional Qualifier,7532,BIG,12878,BC.Game,1,0,1,Ancient,197733,7532,BIG
2873,2025-04-15 14:15:00,8315,BLAST.tv Austin Major 2025 Europe Regional Qualifier,7969,Nemiga,7175,HEROIC,0,2,2,"Mirage,Dust2","197749,197745",7175,HEROIC
252,2025-04-16 08:00:00,8315,BLAST.tv Austin Major 2025 Europe Regional Qualifier,11241,B8,12878,BC.Game,2,0,2,"Train,Mirage","197781,197778",11241,B8
205,2025-04-16 08:00:00,8315,BLAST.tv Austin Major 2025 Europe Regional Qualifier,9928,GamerLegion,10567,SAW,1,2,3,"Anubis,Nuke,Ancient","197789,197785,197777",10567,SAW
2909,2025-04-16 11:00:00,8315,BLAST.tv Austin Major 2025 Europe Regional Qualifier,7532,BIG,7969,Nemiga,0,2,2,"Dust2,Inferno","197802,197796",7969,Nemiga
2720,2025-04-16 15:30:00,8315,BLAST.tv Austin Major 2025 Europe Regional Qualifier,6665,Astralis,7532,BIG,2,1,3,"Ancient,Inferno,Mirage","197827,197822,197813",6665,Astralis
624,2025-04-17 09:00:00,8385,BLAST.tv Austin Major 2025 China Regional Qualifier,4863,TYLOO,11514,Rare Atom,2,0,2,"Mirage,Anubis","197860,197853",4863,TYLOO
297,2025-04-17 15:00:00,8315,BLAST.tv Austin Major 2025 Europe Regional Qualifier,6665,Astralis,11241,B8,1,2,3,"Ancient,Inferno,Mirage","197902,197895,197890",11241,B8
2310,2025-04-21 01:15:00,8036,IEM Melbourne 2025,5005,Complexity,6248,The MongolZ,1,2,3,"Inferno,Ancient,Anubis","198034,198031,198027",6248,The MongolZ
1990,2025-04-21 01:30:00,8036,IEM Melbourne 2025,4773,paiN,6667,FaZe,0,2,2,"Inferno,Anubis","198030,198026",6667,FaZe
2254,2025-04-21 04:00:00,8036,IEM Melbourne 2025,9928,GamerLegion,4914,3DMAX,2,0,2,"Inferno,Ancient","198035,198033",9928,GamerLegion
1765,2025-04-21 05:05:00,8036,IEM Melbourne 2025,4494,MOUZ,7532,BIG,2,1,3,"Ancient,Mirage,Inferno","198039,198037,198036",4494,MOUZ
2353,2025-04-21 06:30:00,8036,IEM Melbourne 2025,5378,Virtus.pro,5973,Liquid,1,2,3,"Ancient,Mirage,Dust2","198046,198040,198038",5973,Liquid
1458,2025-04-21 08:10:00,8036,IEM Melbourne 2025,12774,FlyQuest,9565,Vitality,0,2,2,"Nuke,Anubis","198048,198041",9565,Vitality
1922,2025-04-21 09:45:00,8036,IEM Melbourne 2025,9215,MIBR,4608,Natus Vincere,1,2,3,"Inferno,Mirage,Anubis","198060,198056,198052",4608,Natus Vincere
110,2025-04-21 10:00:00,8036,IEM Melbourne 2025,10567,SAW,11283,Falcons,0,2,2,"Dust2,Nuke","198057,198053",11283,Falcons
1805,2025-04-22 01:15:00,8036,IEM Melbourne 2025,9928,GamerLegion,4494,MOUZ,0,2,2,"Nuke,Inferno","198089,198084",4494,MOUZ
1953,2025-04-22 01:30:00,8036,IEM Melbourne 2025,4773,paiN,5005,Complexity,0,2,2,"Anubis,Train","198088,198085",5005,Complexity
2622,2025-04-22 03:45:00,8036,IEM Melbourne 2025,6667,FaZe,6248,The MongolZ,0,2,2,"Ancient,Dust2","198093,198091",6248,The MongolZ
2228,2025-04-22 04:00:00,8036,IEM Melbourne 2025,7532,BIG,4914,3DMAX,0,2,2,"Dust2,Ancient","198095,198092",4914,3DMAX
2517,2025-04-22 06:15:00,8036,IEM Melbourne 2025,5973,Liquid,9565,Vitality,0,2,2,"Nuke,Mirage","198100,198098",9565,Vitality
1427,2025-04-22 06:30:00,8036,IEM Melbourne 2025,5378,Virtus.pro,12774,FlyQuest,0,2,2,"Dust2,Inferno","198101,198099",12774,FlyQuest
477,2025-04-22 08:45:00,8036,IEM Melbourne 2025,11283,Falcons,4608,Natus Vincere,2,1,3,"Dust2,Mirage,Inferno","198114,198108,198104",11283,Falcons
196,2025-04-22 09:00:00,8036,IEM Melbourne 2025,10567,SAW,9215,MIBR,1,2,3,"Inferno,Nuke,Anubis","198115,198109,198106",9215,MIBR
2209,2025-04-23 01:15:00,8036,IEM Melbourne 2025,4914,3DMAX,6667,FaZe,0,2,2,"Nuke,Dust2","198138,198136",6667,FaZe
2346,2025-04-23 01:30:00,8036,IEM Melbourne 2025,9928,GamerLegion,5005,Complexity,2,1,3,"Nuke,Ancient,Train","198140,198139,198137",9928,GamerLegion
1415,2025-04-23 03:45:00,8036,IEM Melbourne 2025,4608,Natus Vincere,12774,FlyQuest,2,1,3,"Ancient,Mirage,Inferno","198145,198143,198141",4608,Natus Vincere
2510,2025-04-23 04:15:00,8036,IEM Melbourne 2025,9215,MIBR,5973,Liquid,0,2,2,"Ancient,Anubis","198144,198142",5973,Liquid
2805,2025-04-23 06:30:00,8036,IEM Melbourne 2025,9928,GamerLegion,6667,FaZe,2,0,2,"Nuke,Mirage","198152,198146",9928,GamerLegion
1714,2025-04-23 06:55:00,8036,IEM Melbourne 2025,6248,The MongolZ,4494,MOUZ,0,2,2,"Nuke,Mirage","198150,198148",4494,MOUZ
577,2025-04-23 08:55:00,8036,IEM Melbourne 2025,11283,Falcons,9565,Vitality,0,2,2,"Inferno,Mirage","198158,198154",9565,Vitality
1840,2025-04-23 09:15:00,8036,IEM Melbourne 2025,5973,Liquid,4608,Natus Vincere,2,1,3,"Ancient,Inferno,Anubis","198164,198159,198156",5973,Liquid
1472,2025-04-24 11:30:00,8400,CCT Global Finals 2025,7175,HEROIC,12878,BC.Game,2,0,2,"Anubis,Train","198190,198188",7175,HEROIC
970,2025-04-24 14:00:00,8400,CCT Global Finals 2025,12394,BetBoom,12257,Wildcard,2,0,2,"Dust2,Anubis","198192,198191",12394,BetBoom
587,2025-04-25 07:00:00,8036,IEM Melbourne 2025,9928,GamerLegion,11283,Falcons,0,2,2,"Nuke,Train","198219,198218",11283,Falcons
2463,2025-04-25 10:00:00,8036,IEM Melbourne 2025,6248,The MongolZ,5973,Liquid,2,1,3,"Inferno,Ancient,Anubis","198235,198230,198227",6248,The MongolZ
308,2025-04-25 14:00:00,8400,CCT Global Finals 2025,7175,HEROIC,11241,B8,1,2,3,"Mirage,Ancient,Anubis","198245,198240,198237",11241,B8
1183,2025-04-25 17:00:00,8400,CCT Global Finals 2025,12394,BetBoom,9455,Imperial,2,0,2,"Dust2,Train","198252,198248",12394,BetBoom
463,2025-04-26 07:00:00,8036,IEM Melbourne 2025,11283,Falcons,4494,MOUZ,2,0,2,"Nuke,Dust2","198261,198260",11283,Falcons
992,2025-04-26 08:00:00,8400,CCT Global Finals 2025,12257,Wildcard,7175,HEROIC,1,2,3,"Anubis,Dust2,Nuke","198277,198269,198263",7175,HEROIC
2670,2025-04-26 10:00:00,8036,IEM Melbourne 2025,6248,The MongolZ,9565,Vitality,0,2,2,"Nuke,Mirage","198278,198273",9565,Vitality
236,2025-04-26 15:30:00,8400,CCT Global Finals 2025,12394,BetBoom,11241,B8,1,2,3,"Mirage,Train,Ancient","198327,198318,198305",11241,B8
578,2025-04-27 06:30:00,8036,IEM Melbourne 2025,11283,Falcons,9565,Vitality,2,3,5,"Nuke,Mirage,Train,Dust2,Inferno","198394,198388,198378,198368,198360",9565,Vitality
1159,2025-04-27 11:00:00,8400,CCT Global Finals 2025,7175,HEROIC,12394,BetBoom,2,1,3,"Anubis,Ancient,Train","198419,198411,198391",7175,HEROIC
309,2025-04-27 16:00:00,8400,CCT Global Finals 2025,11241,B8,7175,HEROIC,0,2,2,"Dust2,Mirage","198431,198425",7175,HEROIC
1442,2025-04-30 09:00:00,7905,BLAST Rivals 2025 Season 1,12774,FlyQuest,7020,Spirit,0,2,2,"Nuke,Mirage","198557,198551",7020,Spirit
1668,2025-04-30 11:25:00,7905,BLAST Rivals 2025 Season 1,4773,paiN,4494,MOUZ,1,2,3,"Dust2,Inferno,Nuke","198578,198575,198564",4494,MOUZ
1000,2025-04-30 15:00:00,7905,BLAST Rivals 2025 Season 1,12257,Wildcard,9565,Vitality,0,2,2,"Dust2,Inferno","198599,198591",9565,Vitality
538,2025-04-30 17:35:00,7905,BLAST Rivals 2025 Season 1,11283,Falcons,6667,FaZe,2,0,2,"Ancient,Dust2","198611,198605",11283,Falcons
977,2025-05-01 09:00:00,7905,BLAST Rivals 2025 Season 1,4773,paiN,12257,Wildcard,0,2,2,"Anubis,Inferno","198639,198632",12257,Wildcard
1790,2025-05-01 12:10:00,7905,BLAST Rivals 2025 Season 1,4494,MOUZ,9565,Vitality,1,2,3,"Train,Inferno,Mirage","198663,198658,198651",9565,Vitality
1439,2025-05-01 15:45:00,7905,BLAST Rivals 2025 Season 1,12774,FlyQuest,6667,FaZe,0,2,2,"Nuke,Inferno","198679,198669",6667,FaZe
311,2025-05-01 15:55:00,8358,MESA Nomadic Masters Spring 2025,11241,B8,7532,BIG,0,2,2,"Inferno,Mirage","198673,198671",7532,BIG
547,2025-05-01 19:10:00,7905,BLAST Rivals 2025 Season 1,11283,Falcons,7020,Spirit,2,1,3,"Dust2,Ancient,Mirage","198689,198687,198686",11283,Falcons
1736,2025-05-02 14:00:00,7905,BLAST Rivals 2025 Season 1,6667,FaZe,4494,MOUZ,0,2,2,"Mirage,Dust2","198717,198713",4494,MOUZ
991,2025-05-02 16:25:00,7905,BLAST Rivals 2025 Season 1,12257,Wildcard,7020,Spirit,0,2,2,"Dust2,Anubis","198727,198724",7020,Spirit
312,2025-05-03 12:05:00,8358,MESA Nomadic Masters Spring 2025,11241,B8,7532,BIG,1,2,3,"Mirage,Inferno,Dust2","198787,198778,198771",7532,BIG
462,2025-05-03 14:00:00,7905,BLAST Rivals 2025 Season 1,4494,MOUZ,11283,Falcons,0,2,2,"Dust2,Nuke","198800,198790",11283,Falcons
2845,2025-05-03 17:00:00,7905,BLAST Rivals 2025 Season 1,7020,Spirit,9565,Vitality,0,2,2,"Nuke,Mirage","198816,198810",9565,Vitality
2099,2025-05-04 09:30:00,8305,ESL Challenger League Season 49 Asia-Pacific,8840,Lynn Vision,4863,TYLOO,2,1,3,"Ancient,Nuke,Inferno","198853,198849,198843",8840,Lynn Vision
2869,2025-05-04 09:55:00,8358,MESA Nomadic Masters Spring 2025,7175,HEROIC,7532,BIG,3,1,4,"Train,Mirage,Ancient,Dust2","198867,198858,198852,198845",7175,HEROIC
575,2025-05-04 14:00:00,7905,BLAST Rivals 2025 Season 1,11283,Falcons,9565,Vitality,2,3,5,"Nuke,Mirage,Train,Dust2,Inferno","198902,198897,198887,198878,198873",9565,Vitality
625,2025-05-07 06:40:00,8435,Hero Esports Asian Champions League 2025,4863,TYLOO,11514,Rare Atom,2,0,2,"Inferno,Train","199070,199069",4863,TYLOO
1420,2025-05-09 06:40:00,8435,Hero Esports Asian Champions League 2025,12774,FlyQuest,4863,TYLOO,1,2,3,"Mirage,Ancient,Inferno","199260,199255,199252",4863,TYLOO
721,2025-05-10 05:00:00,8045,PGL Astana 2025,6665,Astralis,11768,ODDIK,2,1,3,"Inferno,Ancient,Dust2","199322,199320,199318",6665,Astralis
896,2025-05-10 05:00:00,8045,PGL Astana 2025,11861,Aurora,7532,BIG,1,2,3,"Dust2,Inferno,Mirage","199324,199321,199319",7532,BIG
2595,2025-05-10 07:45:00,8045,PGL Astana 2025,5995,G2,9215,MIBR,1,2,3,"Nuke,Ancient,Anubis","199335,199329,199325",9215,MIBR
2647,2025-05-10 08:20:00,8045,PGL Astana 2025,8297,FURIA,6248,The MongolZ,1,2,3,"Inferno,Anubis,Mirage","199336,199330,199327",6248,The MongolZ
621,2025-05-10 09:45:00,8435,Hero Esports Asian Champions League 2025,12774,FlyQuest,11514,Rare Atom,2,1,3,"Inferno,Ancient,Dust2","199347,199339,199334",12774,FlyQuest
1608,2025-05-10 10:50:00,8045,PGL Astana 2025,5378,Virtus.pro,4411,Ninjas in Pyjamas,1,2,3,"Ancient,Dust2,Train","199356,199351,199342",4411,Ninjas in Pyjamas
1042,2025-05-10 11:10:00,8045,PGL Astana 2025,12376,M80,4608,Natus Vincere,0,2,2,"Mirage,Dust2","199349,199344",4608,Natus Vincere
2854,2025-05-10 13:00:00,8045,PGL Astana 2025,9928,GamerLegion,7020,Spirit,0,2,2,"Nuke,Mirage","199367,199359",7020,Spirit
659,2025-05-10 14:15:00,8045,PGL Astana 2025,11581,HOTU,4773,paiN,0,2,2,"Nuke,Mirage","199372,199365",4773,paiN
2661,2025-05-11 05:00:00,8045,PGL Astana 2025,9215,MIBR,6248,The MongolZ,0,2,2,"Anubis,Mirage","199397,199395",6248,The MongolZ
1056,2025-05-11 05:00:00,8045,PGL Astana 2025,5378,Virtus.pro,12376,M80,2,1,3,"Inferno,Mirage,Ancient","199401,199398,199396",5378,Virtus.pro
1980,2025-05-11 06:45:00,8045,PGL Astana 2025,6665,Astralis,4773,paiN,2,0,2,"Inferno,Nuke","199402,199399",6665,Astralis
2973,2025-05-11 08:20:00,8045,PGL Astana 2025,9928,GamerLegion,8297,FURIA,1,2,3,"Nuke,Mirage,Anubis","199415,199412,199407",8297,FURIA
1910,2025-05-11 08:55:00,8045,PGL Astana 2025,7532,BIG,4608,Natus Vincere,0,2,2,"Mirage,Inferno","199413,199410",4608,Natus Vincere
1421,2025-05-11 09:45:00,8435,Hero Esports Asian Champions League 2025,4863,TYLOO,12774,FlyQuest,2,0,2,"Ancient,Inferno","199419,199414",4863,TYLOO
1634,2025-05-11 11:05:00,8045,PGL Astana 2025,4411,Ninjas in Pyjamas,7020,Spirit,0,2,2,"Dust2,Train","199427,199421",7020,Spirit
641,2025-05-11 11:25:00,8045,PGL Astana 2025,11861,Aurora,11581,HOTU,2,1,3,"Nuke,Anubis,Mirage","199438,199434,199423",11861,Aurora
720,2025-05-11 15:00:00,8045,PGL Astana 2025,5995,G2,11768,ODDIK,1,2,3,"Nuke,Dust2,Anubis","199451,199447,199444",11768,ODDIK
2399,2025-05-12 05:00:00,8045,PGL Astana 2025,5378,Virtus.pro,7532,BIG,2,0,2,"Ancient,Dust2","199474,199473",5378,Virtus.pro
2952,2025-05-12 05:00:00,8045,PGL Astana 2025,8297,FURIA,9215,MIBR,2,1,3,"Inferno,Anubis,Train","199477,199475,199472",8297,FURIA
719,2025-05-12 06:55:00,8045,PGL Astana 2025,11768,ODDIK,4773,paiN,2,0,2,"Nuke,Anubis","199481,199476",11768,ODDIK
821,2025-05-12 08:20:00,8045,PGL Astana 2025,11861,Aurora,4411,Ninjas in Pyjamas,2,1,3,"Inferno,Train,Anubis","199493,199487,199482",11861,Aurora
669,2025-05-12 09:15:00,8045,PGL Astana 2025,11581,HOTU,9928,GamerLegion,2,0,2,"Mirage,Ancient","199490,199486",11581,HOTU
1067,2025-05-12 11:10:00,8045,PGL Astana 2025,12376,M80,5995,G2,1,2,3,"Inferno,Ancient,Dust2","199511,199504,199501",5995,G2
1860,2025-05-12 11:30:00,8045,PGL Astana 2025,4608,Natus Vincere,6248,The MongolZ,0,2,2,"Mirage,Inferno","199507,199499",6248,The MongolZ
2704,2025-05-12 14:00:00,8045,PGL Astana 2025,7020,Spirit,6665,Astralis,2,0,2,"Ancient,Dust2","199520,199513",7020,Spirit
722,2025-05-13 05:00:00,8045,PGL Astana 2025,11768,ODDIK,8297,FURIA,0,2,2,"Train,Anubis","199554,199552",8297,FURIA
656,2025-05-13 05:00:00,8045,PGL Astana 2025,11581,HOTU,4411,Ninjas in Pyjamas,0,2,2,"Nuke,Ancient","199555,199553",4411,Ninjas in Pyjamas
2370,2025-05-13 07:00:00,8045,PGL Astana 2025,6665,Astralis,5378,Virtus.pro,2,1,3,"Ancient,Inferno,Dust2","199570,199564,199557",6665,Astralis
2577,2025-05-13 07:05:00,8045,PGL Astana 2025,5995,G2,7532,BIG,2,0,2,"Mirage,Dust2","199560,199556",5995,G2
2034,2025-05-13 09:00:00,8045,PGL Astana 2025,9215,MIBR,4773,paiN,2,0,2,"Mirage,Train","199572,199566",9215,MIBR
828,2025-05-13 10:50:00,8045,PGL Astana 2025,11861,Aurora,4608,Natus Vincere,0,2,2,"Inferno,Train","199581,199576",4608,Natus Vincere
1616,2025-05-14 05:00:00,8045,PGL Astana 2025,5995,G2,4411,Ninjas in Pyjamas,0,2,2,"Nuke,Dust2","199654,199653",4411,Ninjas in Pyjamas
718,2025-05-14 07:15:00,8045,PGL Astana 2025,11768,ODDIK,11861,Aurora,0,2,2,"Anubis,Dust2","199658,199655",11861,Aurora
2410,2025-05-14 09:05:00,8045,PGL Astana 2025,9215,MIBR,5378,Virtus.pro,2,1,3,"Ancient,Anubis,Mirage","199676,199667,199663",9215,MIBR
974,2025-05-16 00:30:00,8491,Thunderpick World Championship 2025 North America Series 1,12468,Legacy,12257,Wildcard,2,0,2,"Nuke,Inferno","199795,199792",12468,Legacy
862,2025-05-16 05:00:00,8045,PGL Astana 2025,11861,Aurora,6248,The MongolZ,2,0,2,"Anubis,Mirage","199797,199796",11861,Aurora
1873,2025-05-16 08:00:00,8045,PGL Astana 2025,4608,Natus Vincere,6665,Astralis,1,2,3,"Ancient,Mirage,Nuke","199813,199810,199803",6665,Astralis
2100,2025-05-16 11:30:00,8435,Hero Esports Asian Champions League 2025,4863,TYLOO,8840,Lynn Vision,2,0,2,"Ancient,Inferno","199830,199821",4863,TYLOO
2953,2025-05-16 12:00:00,8045,PGL Astana 2025,9215,MIBR,8297,FURIA,0,2,2,"Train,Nuke","199827,199823",8297,FURIA
1635,2025-05-16 15:00:00,8045,PGL Astana 2025,4411,Ninjas in Pyjamas,7020,Spirit,0,2,2,"Dust2,Train","199839,199833",7020,Spirit
869,2025-05-17 10:00:00,8045,PGL Astana 2025,6665,Astralis,11861,Aurora,2,1,3,"Train,Nuke,Mirage","199885,199882,199878",6665,Astralis
149,2025-05-17 14:00:00,8485,CCT Season 3 Europe Series 1,4869,ENCE,10567,SAW,2,0,2,"Nuke,Train","199898,199892",4869,ENCE
2830,2025-05-17 14:00:00,8045,PGL Astana 2025,7020,Spirit,8297,FURIA,2,1,3,"Mirage,Nuke,Train","199902,199896,199891",7020,Spirit
626,2025-05-18 06:25:00,8493,XSE Pro League Chengdu 2025,4863,TYLOO,11514,Rare Atom,2,0,2,"Ancient,Train","199924,199923",4863,TYLOO
905,2025-05-18 08:00:00,8045,PGL Astana 2025,11861,Aurora,8297,FURIA,2,1,3,"Dust2,Inferno,Anubis","199932,199929,199926",11861,Aurora
2705,2025-05-18 12:00:00,8045,PGL Astana 2025,7020,Spirit,6665,Astralis,3,1,4,"Train,Mirage,Nuke,Dust2","199954,199948,199946,199941",7020,Spirit
2150,2025-05-18 13:00:00,8485,CCT Season 3 Europe Series 1,4869,ENCE,7969,Nemiga,2,0,2,"Dust2,Ancient","199950,199947",4869,ENCE
2479,2025-05-19 16:30:00,8037,IEM Dallas 2025,6667,FaZe,5973,Liquid,0,2,2,"Inferno,Ancient","200017,200009",5973,Liquid
2255,2025-05-19 16:30:00,8037,IEM Dallas 2025,9928,GamerLegion,4914,3DMAX,2,1,3,"Nuke,Ancient,Anubis","200023,200016,200008",9928,GamerLegion
1367,2025-05-19 19:00:00,8037,IEM Dallas 2025,12468,Legacy,9565,Vitality,0,2,2,"Dust2,Inferno","200029,200022",9565,Vitality
2592,2025-05-19 22:00:00,8037,IEM Dallas 2025,8840,Lynn Vision,5995,G2,0,2,2,"Inferno,Nuke","200036,200034",5995,G2
2644,2025-05-20 00:00:00,8037,IEM Dallas 2025,8297,FURIA,6248,The MongolZ,0,2,2,"Mirage,Anubis","200039,200037",6248,The MongolZ
887,2025-05-20 00:05:00,8037,IEM Dallas 2025,7175,HEROIC,11861,Aurora,2,1,3,"Mirage,Anubis,Dust2","200041,200040,200038",7175,HEROIC
1322,2025-05-20 15:30:00,8037,IEM Dallas 2025,12468,Legacy,4914,3DMAX,1,2,3,"Anubis,Dust2,Inferno","200094,200086,200080",4914,3DMAX
1698,2025-05-20 18:00:00,8037,IEM Dallas 2025,5973,Liquid,4494,MOUZ,0,2,2,"Train,Inferno","200097,200093",4494,MOUZ
3016,2025-05-20 19:05:00,8037,IEM Dallas 2025,9928,GamerLegion,9565,Vitality,0,2,2,"Nuke,Mirage","200105,200103",9565,Vitality
557,2025-05-20 20:30:00,8037,IEM Dallas 2025,7175,HEROIC,11283,Falcons,1,2,3,"Dust2,Nuke,Ancient","200111,200108,200106",11283,Falcons
2946,2025-05-20 23:15:00,8037,IEM Dallas 2025,8297,FURIA,8840,Lynn Vision,2,0,2,"Anubis,Dust2","200114,200112",8297,FURIA
2532,2025-05-20 23:55:00,8037,IEM Dallas 2025,5995,G2,6248,The MongolZ,0,2,2,"Dust2,Inferno","200115,200113",6248,The MongolZ
2770,2025-05-21 15:30:00,8037,IEM Dallas 2025,6667,FaZe,7175,HEROIC,1,2,3,"Mirage,Anubis,Ancient","200158,200156,200151",7175,HEROIC
848,2025-05-21 15:30:00,8037,IEM Dallas 2025,11861,Aurora,5973,Liquid,2,0,2,"Dust2,Inferno","200154,200150",11861,Aurora
2972,2025-05-21 18:00:00,8037,IEM Dallas 2025,8297,FURIA,9928,GamerLegion,1,2,3,"Nuke,Mirage,Train","200170,200165,200162",9928,GamerLegion
2187,2025-05-21 18:55:00,8037,IEM Dallas 2025,4914,3DMAX,5995,G2,1,2,3,"Nuke,Dust2,Inferno","200171,200168,200164",5995,G2
888,2025-05-21 21:00:00,8037,IEM Dallas 2025,7175,HEROIC,11861,Aurora,1,2,3,"Mirage,Dust2,Train","200177,200174,200172",11861,Aurora
464,2025-05-21 21:50:00,8037,IEM Dallas 2025,11283,Falcons,4494,MOUZ,0,2,2,"Mirage,Dust2","200175,200173",4494,MOUZ
2671,2025-05-22 00:00:00,8037,IEM Dallas 2025,9565,Vitality,6248,The MongolZ,2,1,3,"Mirage,Nuke,Inferno","200182,200180,200178",9565,Vitality
2609,2025-05-22 00:05:00,8037,IEM Dallas 2025,5995,G2,9928,GamerLegion,1,2,3,"Nuke,Mirage,Ancient","200183,200181,200179",9928,GamerLegion
860,2025-05-23 18:15:00,8037,IEM Dallas 2025,6248,The MongolZ,11861,Aurora,2,0,2,"Mirage,Dust2","200280,200278",6248,The MongolZ
588,2025-05-23 21:15:00,8037,IEM Dallas 2025,11283,Falcons,9928,GamerLegion,2,1,3,"Inferno,Nuke,Ancient","200293,200290,200286",11283,Falcons
1715,2025-05-24 18:15:00,8037,IEM Dallas 2025,6248,The MongolZ,4494,MOUZ,0,2,2,"Nuke,Inferno","200332,200327",4494,MOUZ
579,2025-05-24 21:15:00,8037,IEM Dallas 2025,9565,Vitality,11283,Falcons,2,1,3,"Inferno,Train,Dust2","200340,200338,200337",9565,Vitality
1792,2025-05-25 19:30:00,8037,IEM Dallas 2025,4494,MOUZ,9565,Vitality,0,3,3,"Inferno,Mirage,Dust2","200379,200377,200375",9565,Vitality
86,2025-06-03 15:30:00,8436,BLAST.tv Austin Major 2025 Stage 1,10503,OG,5005,Complexity,1,0,1,Ancient,200858,10503,OG
328,2025-06-03 16:15:00,8436,BLAST.tv Austin Major 2025 Stage 1,11241,B8,9455,Imperial,1,0,1,Inferno,200868,11241,B8
1174,2025-06-03 16:30:00,8436,BLAST.tv Austin Major 2025 Stage 1,7969,Nemiga,12394,BetBoom,0,1,1,Train,200867,12394,BetBoom
1356,2025-06-03 17:45:00,8436,BLAST.tv Austin Major 2025 Stage 1,12468,Legacy,8840,Lynn Vision,0,1,1,Dust2,200879,8840,Lynn Vision
48,2025-06-03 20:35:00,8436,BLAST.tv Austin Major 2025 Stage 1,11241,B8,10503,OG,1,0,1,Inferno,200893,11241,B8
998,2025-06-03 21:25:00,8436,BLAST.tv Austin Major 2025 Stage 1,8840,Lynn Vision,12257,Wildcard,0,1,1,Nuke,200895,12257,Wildcard
1107,2025-06-03 21:40:00,8436,BLAST.tv Austin Major 2025 Stage 1,12394,BetBoom,12774,FlyQuest,0,1,1,Mirage,200894,12774,FlyQuest
2939,2025-06-03 23:40:00,8436,BLAST.tv Austin Major 2025 Stage 1,9455,Imperial,7969,Nemiga,0,1,1,Train,200900,7969,Nemiga
1101,2025-06-04 15:00:00,8436,BLAST.tv Austin Major 2025 Stage 1,12468,Legacy,12394,BetBoom,0,1,1,Anubis,200929,12394,BetBoom
80,2025-06-04 15:55:00,8436,BLAST.tv Austin Major 2025 Stage 1,4863,TYLOO,10503,OG,0,1,1,Ancient,200934,10503,OG
2936,2025-06-04 16:00:00,8436,BLAST.tv Austin Major 2025 Stage 1,8840,Lynn Vision,7969,Nemiga,0,1,1,Dust2,200937,7969,Nemiga
1445,2025-06-04 16:45:00,8436,BLAST.tv Austin Major 2025 Stage 1,7175,HEROIC,12774,FlyQuest,2,1,3,"Mirage,Anubis,Ancient","200962,200952,200938",7175,HEROIC
231,2025-06-04 17:00:00,8436,BLAST.tv Austin Major 2025 Stage 1,11241,B8,12257,Wildcard,2,1,3,"Inferno,Dust2,Train","200964,200956,200940",11241,B8
2073,2025-06-05 15:00:00,8436,BLAST.tv Austin Major 2025 Stage 1,5005,Complexity,4863,TYLOO,0,2,2,"Inferno,Train","201006,201001",4863,TYLOO
971,2025-06-05 18:50:00,8436,BLAST.tv Austin Major 2025 Stage 1,12394,BetBoom,12257,Wildcard,2,0,2,"Anubis,Nuke","201027,201022",12394,BetBoom
1452,2025-06-05 21:00:00,8436,BLAST.tv Austin Major 2025 Stage 1,7969,Nemiga,12774,FlyQuest,2,0,2,"Inferno,Ancient","201030,201029",7969,Nemiga
973,2025-06-06 18:05:00,8436,BLAST.tv Austin Major 2025 Stage 1,12468,Legacy,12257,Wildcard,2,0,2,"Nuke,Inferno","201067,201065",12468,Legacy
1422,2025-06-06 20:20:00,8436,BLAST.tv Austin Major 2025 Stage 1,4863,TYLOO,12774,FlyQuest,2,1,3,"Anubis,Mirage,Inferno","201072,201071,201070",4863,TYLOO
224,2025-06-07 15:00:00,8437,BLAST.tv Austin Major 2025 Stage 2,11283,Falcons,11241,B8,0,1,1,Ancient,201091,11241,B8
2772,2025-06-07 15:00:00,8437,BLAST.tv Austin Major 2025 Stage 2,6667,FaZe,7175,HEROIC,1,0,1,Dust2,201089,6667,FaZe
87,2025-06-07 15:45:00,8437,BLAST.tv Austin Major 2025 Stage 2,5378,Virtus.pro,10503,OG,1,0,1,Inferno,201094,5378,Virtus.pro
1129,2025-06-07 16:00:00,8437,BLAST.tv Austin Major 2025 Stage 2,12394,BetBoom,4914,3DMAX,0,1,1,Anubis,201095,4914,3DMAX
2948,2025-06-07 16:35:00,8437,BLAST.tv Austin Major 2025 Stage 2,8297,FURIA,8840,Lynn Vision,1,0,1,Nuke,201098,8297,FURIA
2010,2025-06-07 16:55:00,8437,BLAST.tv Austin Major 2025 Stage 2,4773,paiN,7969,Nemiga,1,0,1,Dust2,201100,4773,paiN
1361,2025-06-07 17:30:00,8437,BLAST.tv Austin Major 2025 Stage 2,9215,MIBR,12468,Legacy,0,1,1,Nuke,201102,12468,Legacy
1046,2025-06-07 17:55:00,8437,BLAST.tv Austin Major 2025 Stage 2,12376,M80,4863,TYLOO,0,1,1,Train,201104,4863,TYLOO
2019,2025-06-07 19:30:00,8437,BLAST.tv Austin Major 2025 Stage 2,4773,paiN,8297,FURIA,1,0,1,Dust2,201107,4773,paiN
285,2025-06-07 19:30:00,8437,BLAST.tv Austin Major 2025 Stage 2,5378,Virtus.pro,11241,B8,1,0,1,Inferno,201106,5378,Virtus.pro
1323,2025-06-07 20:20:00,8437,BLAST.tv Austin Major 2025 Stage 2,4914,3DMAX,12468,Legacy,0,1,1,Inferno,201108,12468,Legacy
2089,2025-06-07 20:40:00,8437,BLAST.tv Austin Major 2025 Stage 2,4863,TYLOO,6667,FaZe,0,1,1,Anubis,201109,6667,FaZe
1160,2025-06-07 21:20:00,8437,BLAST.tv Austin Major 2025 Stage 2,7175,HEROIC,12394,BetBoom,1,0,1,Mirage,201110,7175,HEROIC
571,2025-06-07 21:30:00,8437,BLAST.tv Austin Major 2025 Stage 2,11283,Falcons,8840,Lynn Vision,0,1,1,Nuke,201111,8840,Lynn Vision
61,2025-06-07 22:20:00,8437,BLAST.tv Austin Major 2025 Stage 2,12376,M80,10503,OG,1,0,1,Ancient,201112,12376,M80
2938,2025-06-07 22:35:00,8437,BLAST.tv Austin Major 2025 Stage 2,9215,MIBR,7969,Nemiga,0,1,1,Ancient,201114,7969,Nemiga
2101,2025-06-08 15:00:00,8437,BLAST.tv Austin Major 2025 Stage 2,8840,Lynn Vision,4863,TYLOO,1,0,1,Anubis,201137,8840,Lynn Vision
2232,2025-06-08 15:00:00,8437,BLAST.tv Austin Major 2025 Stage 2,7969,Nemiga,4914,3DMAX,0,1,1,Dust2,201139,4914,3DMAX
1087,2025-06-08 15:50:00,8437,BLAST.tv Austin Major 2025 Stage 2,12376,M80,8297,FURIA,0,1,1,Dust2,201141,8297,FURIA
310,2025-06-08 16:00:00,8437,BLAST.tv Austin Major 2025 Stage 2,11241,B8,7175,HEROIC,1,0,1,Dust2,201143,11241,B8
1345,2025-06-08 16:50:00,8437,BLAST.tv Austin Major 2025 Stage 2,12468,Legacy,6667,FaZe,2,0,2,"Dust2,Mirage","201153,201145",12468,Legacy
1960,2025-06-08 17:00:00,8437,BLAST.tv Austin Major 2025 Stage 2,5378,Virtus.pro,4773,paiN,2,0,2,"Mirage,Dust2","201155,201149",5378,Virtus.pro
50,2025-06-08 19:00:00,8437,BLAST.tv Austin Major 2025 Stage 2,10503,OG,11283,Falcons,1,2,3,"Mirage,Nuke,Dust2","201161,201159,201157",11283,Falcons
1182,2025-06-08 19:50:00,8437,BLAST.tv Austin Major 2025 Stage 2,9215,MIBR,12394,BetBoom,2,0,2,"Anubis,Train","201160,201158",9215,MIBR
1082,2025-06-09 15:00:00,8437,BLAST.tv Austin Major 2025 Stage 2,12376,M80,7969,Nemiga,0,2,2,"Dust2,Ancient","201181,201177",7969,Nemiga
2092,2025-06-09 15:00:00,8437,BLAST.tv Austin Major 2025 Stage 2,4863,TYLOO,7175,HEROIC,1,2,3,"Train,Mirage,Ancient","201187,201183,201178",7175,HEROIC
2021,2025-06-09 16:50:00,8437,BLAST.tv Austin Major 2025 Stage 2,8840,Lynn Vision,4773,paiN,0,2,2,"Nuke,Dust2","201188,201185",4773,paiN
572,2025-06-09 18:35:00,8437,BLAST.tv Austin Major 2025 Stage 2,11283,Falcons,9215,MIBR,1,2,3,"Inferno,Nuke,Ancient","201198,201195,201192",9215,MIBR
321,2025-06-09 18:45:00,8437,BLAST.tv Austin Major 2025 Stage 2,11241,B8,8297,FURIA,1,2,3,"Dust2,Train,Mirage","201197,201194,201191",8297,FURIA
2215,2025-06-09 22:35:00,8437,BLAST.tv Austin Major 2025 Stage 2,6667,FaZe,4914,3DMAX,0,2,2,"Inferno,Nuke","201203,201202",4914,3DMAX
2874,2025-06-10 15:00:00,8437,BLAST.tv Austin Major 2025 Stage 2,7175,HEROIC,7969,Nemiga,0,2,2,"Dust2,Mirage","201235,201231",7969,Nemiga
322,2025-06-10 17:30:00,8437,BLAST.tv Austin Major 2025 Stage 2,8840,Lynn Vision,11241,B8,2,1,3,"Anubis,Ancient,Dust2","201246,201243,201238",8840,Lynn Vision
2781,2025-06-10 20:30:00,8437,BLAST.tv Austin Major 2025 Stage 2,9215,MIBR,6667,FaZe,0,2,2,"Ancient,Anubis","201248,201247",6667,FaZe
1365,2025-06-12 15:00:00,7902,BLAST.tv Austin Major 2025,9565,Vitality,12468,Legacy,0,1,1,Inferno,201317,12468,Legacy
1689,2025-06-12 15:00:00,7902,BLAST.tv Austin Major 2025,4494,MOUZ,5378,Virtus.pro,0,1,1,Mirage,201318,5378,Virtus.pro
1995,2025-06-12 15:55:00,7902,BLAST.tv Austin Major 2025,4773,paiN,7020,Spirit,0,1,1,Dust2,201320,7020,Spirit
2186,2025-06-12 16:10:00,7902,BLAST.tv Austin Major 2025,5995,G2,4914,3DMAX,0,1,1,Nuke,201322,4914,3DMAX
875,2025-06-12 16:45:00,7902,BLAST.tv Austin Major 2025,6667,FaZe,11861,Aurora,0,1,1,Anubis,201325,11861,Aurora
2643,2025-06-12 17:00:00,7902,BLAST.tv Austin Major 2025,6248,The MongolZ,8297,FURIA,0,1,1,Inferno,201327,8297,FURIA
1911,2025-06-12 17:45:00,7902,BLAST.tv Austin Major 2025,4608,Natus Vincere,7969,Nemiga,1,0,1,Train,201329,4608,Natus Vincere
2508,2025-06-12 18:05:00,7902,BLAST.tv Austin Major 2025,8840,Lynn Vision,5973,Liquid,1,0,1,Dust2,201333,8840,Lynn Vision
902,2025-06-12 19:35:00,7902,BLAST.tv Austin Major 2025,11861,Aurora,8297,FURIA,0,1,1,Dust2,201335,8297,FURIA
1325,2025-06-12 19:35:00,7902,BLAST.tv Austin Major 2025,12468,Legacy,5378,Virtus.pro,0,1,1,Ancient,201336,5378,Virtus.pro
1819,2025-06-12 20:35:00,7902,BLAST.tv Austin Major 2025,4608,Natus Vincere,4914,3DMAX,1,0,1,Inferno,201338,4608,Natus Vincere
2833,2025-06-12 20:40:00,7902,BLAST.tv Austin Major 2025,8840,Lynn Vision,7020,Spirit,0,1,1,Dust2,201337,7020,Spirit
1735,2025-06-12 21:35:00,7902,BLAST.tv Austin Major 2025,4494,MOUZ,6667,FaZe,0,1,1,Ancient,201341,6667,FaZe
2940,2025-06-12 22:00:00,7902,BLAST.tv Austin Major 2025,9565,Vitality,7969,Nemiga,1,0,1,Dust2,201340,9565,Vitality
2460,2025-06-12 22:40:00,7902,BLAST.tv Austin Major 2025,6248,The MongolZ,5973,Liquid,1,0,1,Ancient,201342,6248,The MongolZ
1965,2025-06-12 22:50:00,7902,BLAST.tv Austin Major 2025,4773,paiN,5995,G2,0,1,1,Dust2,201343,5995,G2
2246,2025-06-13 15:00:00,7902,BLAST.tv Austin Major 2025,9565,Vitality,4914,3DMAX,1,0,1,Nuke,201373,9565,Vitality
1343,2025-06-13 15:00:00,7902,BLAST.tv Austin Major 2025,6667,FaZe,12468,Legacy,1,0,1,Anubis,201374,6667,FaZe
852,2025-06-13 15:45:00,7902,BLAST.tv Austin Major 2025,11861,Aurora,5995,G2,0,1,1,Inferno,201377,5995,G2
2657,2025-06-13 16:00:00,7902,BLAST.tv Austin Major 2025,8840,Lynn Vision,6248,The MongolZ,0,1,1,Nuke,201378,6248,The MongolZ
1894,2025-06-13 16:35:00,7902,BLAST.tv Austin Major 2025,7020,Spirit,4608,Natus Vincere,2,0,2,"Train,Anubis","201389,201382",7020,Spirit
2403,2025-06-13 16:55:00,7902,BLAST.tv Austin Major 2025,5378,Virtus.pro,8297,FURIA,0,2,2,"Train,Mirage","201388,201381",8297,FURIA
2008,2025-06-13 18:40:00,7902,BLAST.tv Austin Major 2025,7969,Nemiga,4773,paiN,1,2,3,"Dust2,Anubis,Ancient","201423,201408,201395",4773,paiN
1696,2025-06-13 18:40:00,7902,BLAST.tv Austin Major 2025,4494,MOUZ,5973,Liquid,2,1,3,"Mirage,Nuke,Dust2","201422,201406,201394",4494,MOUZ
1946,2025-06-14 15:00:00,7902,BLAST.tv Austin Major 2025,4914,3DMAX,4773,paiN,0,2,2,"Nuke,Inferno","201508,201497",4773,paiN
1355,2025-06-14 15:00:00,7902,BLAST.tv Austin Major 2025,12468,Legacy,8840,Lynn Vision,2,1,3,"Nuke,Inferno,Dust2","201511,201502,201495",12468,Legacy
822,2025-06-14 17:25:00,7902,BLAST.tv Austin Major 2025,11861,Aurora,4494,MOUZ,1,2,3,"Mirage,Inferno,Train","201543,201535,201524",4494,MOUZ
2620,2025-06-14 17:30:00,7902,BLAST.tv Austin Major 2025,6667,FaZe,6248,The MongolZ,2,0,2,"Anubis,Ancient","201532,201525",6667,FaZe
1850,2025-06-14 19:25:00,7902,BLAST.tv Austin Major 2025,5995,G2,4608,Natus Vincere,1,2,3,"Inferno,Anubis,Mirage","201554,201547,201539",4608,Natus Vincere
2416,2025-06-14 20:45:00,7902,BLAST.tv Austin Major 2025,9565,Vitality,5378,Virtus.pro,2,0,2,"Dust2,Train","201553,201548",9565,Vitality
1309,2025-06-15 15:00:00,7902,BLAST.tv Austin Major 2025,12468,Legacy,4494,MOUZ,1,2,3,"Nuke,Inferno,Ancient","201628,201618,201609",4494,MOUZ
2530,2025-06-15 18:15:00,7902,BLAST.tv Austin Major 2025,6248,The MongolZ,5995,G2,2,0,2,"Dust2,Ancient","201640,201632",6248,The MongolZ
1955,2025-06-15 21:45:00,7902,BLAST.tv Austin Major 2025,5378,Virtus.pro,4773,paiN,1,2,3,"Dust2,Inferno,Mirage","201653,201651,201648",4773,paiN
1749,2025-06-19 19:05:00,7902,BLAST.tv Austin Major 2025,7020,Spirit,4494,MOUZ,1,2,3,"Nuke,Dust2,Mirage","201852,201850,201844",4494,MOUZ
2013,2025-06-20 00:20:00,7902,BLAST.tv Austin Major 2025,8297,FURIA,4773,paiN,1,2,3,"Inferno,Anubis,Nuke","201857,201856,201855",4773,paiN
1928,2025-06-20 18:10:00,7902,BLAST.tv Austin Major 2025,4608,Natus Vincere,9565,Vitality,0,2,2,"Nuke,Mirage","201898,201895",9565,Vitality
2621,2025-06-20 21:15:00,7902,BLAST.tv Austin Major 2025,6667,FaZe,6248,The MongolZ,0,2,2,"Anubis,Mirage","201907,201905",6248,The MongolZ
1787,2025-06-21 18:00:00,7902,BLAST.tv Austin Major 2025,9565,Vitality,4494,MOUZ,2,1,3,"Train,Inferno,Mirage","201949,201944,201942",9565,Vitality
1972,2025-06-21 21:50:00,7902,BLAST.tv Austin Major 2025,4773,paiN,6248,The MongolZ,0,2,2,"Anubis,Mirage","201953,201951",6248,The MongolZ
1647,2025-06-22 10:00:00,8533,CCT Season 3 Europe Series 3,4411,Ninjas in Pyjamas,7532,BIG,2,0,2,"Inferno,Nuke","201968,201963",4411,Ninjas in Pyjamas
2667,2025-06-22 19:30:00,7902,BLAST.tv Austin Major 2025,9565,Vitality,6248,The MongolZ,2,1,3,"Inferno,Dust2,Mirage","202030,202027,202022",9565,Vitality
1002,2025-07-15 09:15:00,8063,FISSURE Playground 1,9928,GamerLegion,12257,Wildcard,2,1,3,"Dust2,Ancient,Inferno","203075,203070,203064",9928,GamerLegion
2238,2025-07-15 09:20:00,8063,FISSURE Playground 1,4914,3DMAX,8840,Lynn Vision,0,2,2,"Anubis,Dust2","203069,203066",8840,Lynn Vision
194,2025-07-15 13:10:00,8063,FISSURE Playground 1,10567,SAW,8297,FURIA,2,0,2,"Dust2,Anubis","203088,203083",10567,SAW
96,2025-07-15 13:30:00,8569,ESL Pro League Season 22 Europe Closed Qualifier,10503,OG,7969,Nemiga,1,2,3,"Mirage,Dust2,Ancient","203102,203093,203086",7969,Nemiga
1136,2025-07-15 14:25:00,8063,FISSURE Playground 1,12394,BetBoom,5005,Complexity,1,2,3,"Anubis,Train,Nuke","203108,203106,203091",5005,Complexity
2074,2025-07-15 16:00:00,8063,FISSURE Playground 1,5378,Virtus.pro,4863,TYLOO,0,2,2,"Anubis,Inferno","203113,203107",4863,TYLOO
2866,2025-07-15 18:35:00,8063,FISSURE Playground 1,7175,HEROIC,7532,BIG,1,2,3,"Nuke,Mirage,Dust2","203134,203131,203125",7532,BIG
2732,2025-07-15 19:30:00,8063,FISSURE Playground 1,9215,MIBR,6665,Astralis,0,2,2,"Ancient,Nuke","203135,203130",6665,Astralis
996,2025-07-16 09:00:00,8063,FISSURE Playground 1,8297,FURIA,12257,Wildcard,2,0,2,"Inferno,Train","203146,203141",8297,FURIA
202,2025-07-16 11:20:00,8063,FISSURE Playground 1,10567,SAW,9928,GamerLegion,0,2,2,"Ancient,Nuke","203154,203151",9928,GamerLegion
2020,2025-07-16 12:05:00,8063,FISSURE Playground 1,4773,paiN,8840,Lynn Vision,1,2,3,"Anubis,Nuke,Dust2","203166,203157,203153",8840,Lynn Vision
2411,2025-07-16 14:05:00,8063,FISSURE Playground 1,9215,MIBR,5378,Virtus.pro,2,0,2,"Mirage,Train","203173,203165",9215,MIBR
1158,2025-07-16 16:05:00,8063,FISSURE Playground 1,12394,BetBoom,7175,HEROIC,2,1,3,"Anubis,Ancient,Nuke","203196,203184,203181",12394,BetBoom
2084,2025-07-16 17:00:00,8063,FISSURE Playground 1,6665,Astralis,4863,TYLOO,1,2,3,"Inferno,Nuke,Mirage","203200,203191,203183",4863,TYLOO
1462,2025-07-16 17:30:00,8569,ESL Pro League Season 22 Europe Closed Qualifier,12833,TNL,7969,Nemiga,2,1,3,"Ancient,Dust2,Mirage","203204,203198,203186",12833,TNL
2332,2025-07-16 20:10:00,8063,FISSURE Playground 1,7532,BIG,5005,Complexity,1,2,3,"Nuke,Train,Dust2","203223,203217,203209",5005,Complexity
1948,2025-07-17 09:00:00,8063,FISSURE Playground 1,4914,3DMAX,4773,paiN,2,0,2,"Nuke,Ancient","203252,203249",4914,3DMAX
195,2025-07-17 12:30:00,8063,FISSURE Playground 1,8297,FURIA,10567,SAW,1,2,3,"Inferno,Train,Ancient","203270,203268,203262",10567,SAW
2733,2025-07-17 17:25:00,8063,FISSURE Playground 1,9215,MIBR,6665,Astralis,0,2,2,"Nuke,Mirage","203283,203277",6665,Astralis
1167,2025-07-17 20:25:00,8063,FISSURE Playground 1,7532,BIG,12394,BetBoom,1,2,3,"Nuke,Dust2,Mirage","203298,203296,203292",12394,BetBoom
2067,2025-07-18 08:00:00,8063,FISSURE Playground 1,4914,3DMAX,4863,TYLOO,0,2,2,"Inferno,Ancient","203319,203317",4863,TYLOO
162,2025-07-18 10:50:00,8063,FISSURE Playground 1,5005,Complexity,10567,SAW,1,2,3,"Nuke,Inferno,Anubis","203322,203321,203320",10567,SAW
2729,2025-07-18 15:15:00,8063,FISSURE Playground 1,6665,Astralis,8840,Lynn Vision,2,0,2,"Dust2,Nuke","203328,203325",6665,Astralis
1193,2025-07-18 18:30:00,8063,FISSURE Playground 1,9928,GamerLegion,12394,BetBoom,1,2,3,"Mirage,Ancient,Dust2","203360,203352,203342",12394,BetBoom
148,2025-07-19 12:00:00,8063,FISSURE Playground 1,10567,SAW,4863,TYLOO,0,2,2,"Inferno,Nuke","203434,203424",4863,TYLOO
1151,2025-07-19 15:40:00,8063,FISSURE Playground 1,12394,BetBoom,6665,Astralis,0,2,2,"Nuke,Mirage","203453,203444",6665,Astralis
2085,2025-07-20 13:05:00,8063,FISSURE Playground 1,4863,TYLOO,6665,Astralis,3,1,4,"Ancient,Mirage,Nuke,Inferno","203519,203511,203506,203503",4863,TYLOO
2347,2025-07-23 08:30:00,8230,IEM Cologne 2025 Stage 1,5005,Complexity,9928,GamerLegion,0,2,2,"Nuke,Inferno","203587,203583",9928,GamerLegion
2075,2025-07-23 08:30:00,8230,IEM Cologne 2025 Stage 1,4863,TYLOO,5378,Virtus.pro,0,2,2,"Overpass,Inferno","203586,203584",5378,Virtus.pro
296,2025-07-23 11:00:00,8230,IEM Cologne 2025 Stage 1,11241,B8,6665,Astralis,0,2,2,"Inferno,Mirage","203592,203588",6665,Astralis
1454,2025-07-23 11:00:00,8230,IEM Cologne 2025 Stage 1,8297,FURIA,12774,FlyQuest,2,1,3,"Mirage,Dust2,Inferno","203602,203594,203590",8297,FURIA
2244,2025-07-23 14:20:00,8230,IEM Cologne 2025 Stage 1,9215,MIBR,4914,3DMAX,0,2,2,"Ancient,Train","203603,203600",4914,3DMAX
2774,2025-07-23 15:35:00,8230,IEM Cologne 2025 Stage 1,7532,BIG,6667,FaZe,0,2,2,"Ancient,Inferno","203609,203605",6667,FaZe
1642,2025-07-23 16:25:00,8230,IEM Cologne 2025 Stage 1,7175,HEROIC,4411,Ninjas in Pyjamas,1,2,3,"Ancient,Overpass,Nuke","203615,203611,203608",4411,Ninjas in Pyjamas
1963,2025-07-23 17:45:00,8230,IEM Cologne 2025 Stage 1,5973,Liquid,4773,paiN,2,0,2,"Dust2,Mirage","203616,203613",5973,Liquid
2072,2025-07-24 11:30:00,8230,IEM Cologne 2025 Stage 1,5005,Complexity,4863,TYLOO,1,2,3,"Ancient,Inferno,Overpass","203627,203623,203620",4863,TYLOO
2429,2025-07-24 11:30:00,8230,IEM Cologne 2025 Stage 1,5378,Virtus.pro,9928,GamerLegion,0,2,2,"Ancient,Dust2","203625,203621",9928,GamerLegion
251,2025-07-24 14:00:00,8230,IEM Cologne 2025 Stage 1,12774,FlyQuest,11241,B8,2,1,3,"Inferno,Mirage,Dust2","203635,203631,203628",12774,FlyQuest
1599,2025-07-24 15:00:00,8230,IEM Cologne 2025 Stage 1,4411,Ninjas in Pyjamas,4914,3DMAX,2,0,2,"Dust2,Nuke","203633,203630",4411,Ninjas in Pyjamas
2482,2025-07-24 17:00:00,8230,IEM Cologne 2025 Stage 1,5973,Liquid,6667,FaZe,1,2,3,"Nuke,Inferno,Mirage","203648,203643,203639",6667,FaZe
2888,2025-07-24 17:45:00,8230,IEM Cologne 2025 Stage 1,9215,MIBR,7175,HEROIC,0,2,2,"Ancient,Train","203644,203642",7175,HEROIC
2006,2025-07-25 11:30:00,8230,IEM Cologne 2025 Stage 1,7532,BIG,4773,paiN,1,2,3,"Inferno,Nuke,Ancient","203677,203674,203671",4773,paiN
2725,2025-07-25 11:30:00,8230,IEM Cologne 2025 Stage 1,6665,Astralis,8297,FURIA,0,2,2,"Dust2,Nuke","203675,203672",8297,FURIA
1431,2025-07-25 14:00:00,8230,IEM Cologne 2025 Stage 1,5973,Liquid,12774,FlyQuest,2,1,3,"Ancient,Dust2,Nuke","203685,203680,203678",5973,Liquid
2391,2025-07-25 14:35:00,8230,IEM Cologne 2025 Stage 1,5378,Virtus.pro,7175,HEROIC,0,2,2,"Mirage,Overpass","203687,203681",7175,HEROIC
2068,2025-07-25 16:45:00,8230,IEM Cologne 2025 Stage 1,4863,TYLOO,4914,3DMAX,0,2,2,"Ancient,Inferno","203698,203693",4914,3DMAX
1983,2025-07-25 16:45:00,8230,IEM Cologne 2025 Stage 1,6665,Astralis,4773,paiN,2,1,3,"Inferno,Ancient,Nuke","203699,203692,203689",6665,Astralis
589,2025-07-26 11:45:00,8038,IEM Cologne 2025,9928,GamerLegion,11283,Falcons,0,2,2,"Mirage,Nuke","203719,203716",11283,Falcons
2584,2025-07-26 11:45:00,8038,IEM Cologne 2025,8297,FURIA,5995,G2,0,2,2,"Inferno,Dust2","203720,203715",5995,G2
2743,2025-07-26 14:00:00,8038,IEM Cologne 2025,6665,Astralis,9565,Vitality,0,2,2,"Overpass,Nuke","203727,203723",9565,Vitality
2196,2025-07-26 14:05:00,8038,IEM Cologne 2025,4914,3DMAX,6248,The MongolZ,0,2,2,"Ancient,Nuke","203726,203721",6248,The MongolZ
820,2025-07-26 16:30:00,8038,IEM Cologne 2025,11861,Aurora,4411,Ninjas in Pyjamas,2,0,2,"Train,Dust2","203737,203734",11861,Aurora
1883,2025-07-26 16:30:00,8038,IEM Cologne 2025,6667,FaZe,4608,Natus Vincere,1,2,3,"Nuke,Mirage,Ancient","203743,203736,203733",4608,Natus Vincere
1699,2025-07-27 11:30:00,8038,IEM Cologne 2025,5973,Liquid,4494,MOUZ,0,2,2,"Train,Inferno","203792,203786",4494,MOUZ
2817,2025-07-27 11:30:00,8038,IEM Cologne 2025,7175,HEROIC,7020,Spirit,0,2,2,"Nuke,Ancient","203793,203787",7020,Spirit
523,2025-07-27 14:00:00,8038,IEM Cologne 2025,11283,Falcons,6248,The MongolZ,0,2,2,"Mirage,Dust2","203803,203800",6248,The MongolZ
2256,2025-07-27 14:00:00,8038,IEM Cologne 2025,9928,GamerLegion,4914,3DMAX,1,2,3,"Dust2,Inferno,Overpass","203809,203804,203799",4914,3DMAX
2603,2025-07-27 16:30:00,8038,IEM Cologne 2025,5995,G2,9565,Vitality,0,2,2,"Train,Inferno","203820,203810",9565,Vitality
2723,2025-07-27 18:00:00,8038,IEM Cologne 2025,6665,Astralis,8297,FURIA,0,2,2,"Dust2,Inferno","203824,203821",8297,FURIA
1662,2025-07-28 11:30:00,8038,IEM Cologne 2025,4608,Natus Vincere,4494,MOUZ,0,2,2,"Nuke,Mirage","203865,203862",4494,MOUZ
1640,2025-07-28 11:30:00,8038,IEM Cologne 2025,7175,HEROIC,4411,Ninjas in Pyjamas,0,2,2,"Nuke,Train","203863,203859",4411,Ninjas in Pyjamas
2480,2025-07-28 14:00:00,8038,IEM Cologne 2025,5973,Liquid,6667,FaZe,0,2,2,"Ancient,Mirage","203869,203866",6667,FaZe
882,2025-07-28 14:00:00,8038,IEM Cologne 2025,11861,Aurora,7020,Spirit,0,2,2,"Nuke,Dust2","203871,203868",7020,Spirit
562,2025-07-28 16:30:00,8038,IEM Cologne 2025,11283,Falcons,8297,FURIA,1,2,3,"Dust2,Mirage,Train","203879,203877,203873",8297,FURIA
2188,2025-07-28 16:30:00,8038,IEM Cologne 2025,4914,3DMAX,5995,G2,0,2,2,"Inferno,Ancient","203876,203874",5995,G2
876,2025-07-29 11:30:00,8038,IEM Cologne 2025,6667,FaZe,11861,Aurora,2,0,2,"Mirage,Nuke","203925,203923",6667,FaZe
1589,2025-07-29 11:30:00,8038,IEM Cologne 2025,4608,Natus Vincere,4411,Ninjas in Pyjamas,2,1,3,"Train,Inferno,Nuke","203930,203926,203922",4608,Natus Vincere
1753,2025-07-29 14:00:00,8038,IEM Cologne 2025,7020,Spirit,4494,MOUZ,2,1,3,"Overpass,Mirage,Ancient","203949,203939,203935",7020,Spirit
2672,2025-07-29 14:35:00,8038,IEM Cologne 2025,6248,The MongolZ,9565,Vitality,0,2,2,"Inferno,Mirage","203938,203937",9565,Vitality
1884,2025-07-29 16:30:00,8038,IEM Cologne 2025,6667,FaZe,4608,Natus Vincere,0,2,2,"Inferno,Ancient","203951,203948",4608,Natus Vincere
2585,2025-07-29 18:15:00,8038,IEM Cologne 2025,5995,G2,8297,FURIA,0,2,2,"Inferno,Dust2","203958,203953",8297,FURIA
1858,2025-08-01 13:45:00,8038,IEM Cologne 2025,4608,Natus Vincere,6248,The MongolZ,2,0,2,"Ancient,Inferno","204091,204081",4608,Natus Vincere
1774,2025-08-01 17:10:00,8038,IEM Cologne 2025,4494,MOUZ,8297,FURIA,2,1,3,"Inferno,Mirage,Train","204114,204108,204098",4494,MOUZ
969,2025-08-01 23:30:00,8549,Thunderpick World Championship 2025 North America Series 2,12376,M80,12257,Wildcard,2,0,2,"Ancient,Overpass","204130,204128",12376,M80
1899,2025-08-02 13:45:00,8038,IEM Cologne 2025,4608,Natus Vincere,7020,Spirit,1,2,3,"Ancient,Nuke,Mirage","204158,204152,204147",7020,Spirit
1793,2025-08-02 17:50:00,8038,IEM Cologne 2025,4494,MOUZ,9565,Vitality,2,0,2,"Train,Mirage","204170,204166",4494,MOUZ
1754,2025-08-03 15:00:00,8038,IEM Cologne 2025,7020,Spirit,4494,MOUZ,3,0,3,"Nuke,Ancient,Mirage","204216,204211,204203",7020,Spirit
2580,2025-08-05 15:35:00,7906,BLAST Bounty 2025 Season 2,7969,Nemiga,5995,G2,0,2,2,"Mirage,Ancient","204285,204282",5995,G2
1153,2025-08-05 18:45:00,7906,BLAST Bounty 2025 Season 2,12394,BetBoom,6667,FaZe,0,2,2,"Ancient,Mirage","204296,204294",6667,FaZe
2409,2025-08-06 10:00:00,7906,BLAST Bounty 2025 Season 2,9215,MIBR,5378,Virtus.pro,0,2,2,"Overpass,Train","204308,204303",5378,Virtus.pro
1459,2025-08-06 13:00:00,7906,BLAST Bounty 2025 Season 2,4608,Natus Vincere,12833,TNL,2,1,3,"Mirage,Nuke,Ancient","204323,204319,204317",4608,Natus Vincere
2914,2025-08-07 10:00:00,7906,BLAST Bounty 2025 Season 2,7532,BIG,8297,FURIA,0,2,2,"Dust2,Inferno","204346,204343",8297,FURIA
78,2025-08-07 12:00:00,7906,BLAST Bounty 2025 Season 2,4494,MOUZ,10503,OG,2,1,3,"Mirage,Inferno,Nuke","204358,204353,204352",4494,MOUZ
132,2025-08-07 14:00:00,8604,CCT Season 3 Europe Series 4,10567,SAW,12394,BetBoom,2,0,2,"Ancient,Nuke","204367,204359",10567,SAW
1593,2025-08-07 15:15:00,7906,BLAST Bounty 2025 Season 2,4773,paiN,4411,Ninjas in Pyjamas,2,1,3,"Nuke,Dust2,Ancient","204374,204369,204363",4773,paiN
1324,2025-08-07 18:35:00,7906,BLAST Bounty 2025 Season 2,4991,fnatic,12468,Legacy,1,2,3,"Mirage,Inferno,Ancient","204382,204379,204377",12468,Legacy
816,2025-08-08 12:00:00,7906,BLAST Bounty 2025 Season 2,12774,FlyQuest,11861,Aurora,0,2,2,"Nuke,Inferno","204415,204408",11861,Aurora
2328,2025-08-08 16:20:00,7906,BLAST Bounty 2025 Season 2,5005,Complexity,7175,HEROIC,1,2,3,"Overpass,Ancient,Train","204435,204431,204426",7175,HEROIC
138,2025-08-09 08:00:00,8604,CCT Season 3 Europe Series 4,10567,SAW,12833,TNL,2,0,2,"Ancient,Nuke","204453,204452",10567,SAW
1871,2025-08-09 10:00:00,7906,BLAST Bounty 2025 Season 2,4608,Natus Vincere,6665,Astralis,1,2,3,"Nuke,Inferno,Dust2","204463,204459,204455",6665,Astralis
2376,2025-08-09 13:10:00,7906,BLAST Bounty 2025 Season 2,5378,Virtus.pro,6667,FaZe,2,1,3,"Inferno,Ancient,Overpass","204484,204476,204468",5378,Virtus.pro
2560,2025-08-09 16:40:00,7906,BLAST Bounty 2025 Season 2,5995,G2,7020,Spirit,1,2,3,"Dust2,Ancient,Mirage","204494,204492,204489",7020,Spirit
2505,2025-08-09 20:00:00,7906,BLAST Bounty 2025 Season 2,5973,Liquid,8297,FURIA,2,1,3,"Dust2,Train,Mirage","204502,204500,204498",5973,Liquid
1973,2025-08-10 10:00:00,7906,BLAST Bounty 2025 Season 2,4773,paiN,6248,The MongolZ,0,2,2,"Ancient,Dust2","204527,204520",6248,The MongolZ
1266,2025-08-10 10:00:00,8604,CCT Season 3 Europe Series 4,4991,fnatic,12467,PARIVISION,0,2,2,"Ancient,Mirage","204523,204517",12467,PARIVISION
263,2025-08-10 12:20:00,7906,BLAST Bounty 2025 Season 2,11241,B8,4494,MOUZ,0,2,2,"Train,Ancient","204538,204529",4494,MOUZ
47,2025-08-10 13:00:00,8604,CCT Season 3 Europe Series 4,10567,SAW,10503,OG,0,2,2,"Ancient,Inferno","204543,204537",10503,OG
886,2025-08-10 14:35:00,7906,BLAST Bounty 2025 Season 2,7175,HEROIC,11861,Aurora,0,2,2,"Dust2,Overpass","204550,204544",11861,Aurora
70,2025-08-10 16:00:00,8604,CCT Season 3 Europe Series 4,10503,OG,12467,PARIVISION,2,0,2,"Mirage,Train","204575,204559",10503,OG
1366,2025-08-10 16:15:00,7906,BLAST Bounty 2025 Season 2,12468,Legacy,9565,Vitality,0,2,2,"Dust2,Mirage","204574,204565",9565,Vitality
1460,2025-08-10 17:00:00,8627,CS Asia Championships 2025 Europe Open Qualifier,7532,BIG,12833,TNL,1,0,1,Nuke,204569,7532,BIG
2926,2025-08-11 14:00:00,8627,CS Asia Championships 2025 Europe Open Qualifier,9928,GamerLegion,7532,BIG,2,1,3,"Inferno,Nuke,Train","204664,204654,204645",9928,GamerLegion
1265,2025-08-13 13:30:00,8566,StarLadder StarSeries Fall 2025 Europe Closed Qualifier,4991,fnatic,12467,PARIVISION,1,2,3,"Mirage,Train,Ancient","204924,204919,204904",12467,PARIVISION
71,2025-08-14 10:00:00,8566,StarLadder StarSeries Fall 2025 Europe Closed Qualifier,12833,TNL,10503,OG,0,2,2,"Nuke,Mirage","205025,205018",10503,OG
1721,2025-08-14 14:00:00,7910,BLAST Bounty 2025 Season 2 Finals,6665,Astralis,4494,MOUZ,0,2,2,"Mirage,Nuke","205057,205044",4494,MOUZ
859,2025-08-14 16:20:00,7910,BLAST Bounty 2025 Season 2 Finals,11861,Aurora,6248,The MongolZ,0,2,2,"Mirage,Dust2","205081,205068",6248,The MongolZ
1133,2025-08-15 13:55:00,8566,StarLadder StarSeries Fall 2025 Europe Closed Qualifier,12394,BetBoom,4991,fnatic,0,2,2,"Train,Overpass","205175,205166",4991,fnatic
2516,2025-08-15 14:00:00,7910,BLAST Bounty 2025 Season 2 Finals,5973,Liquid,9565,Vitality,0,2,2,"Nuke,Train","205177,205167",9565,Vitality
2383,2025-08-15 17:20:00,7910,BLAST Bounty 2025 Season 2 Finals,7020,Spirit,5378,Virtus.pro,2,0,2,"Overpass,Ancient","205210,205194",7020,Spirit
1751,2025-08-16 14:00:00,7910,BLAST Bounty 2025 Season 2 Finals,7020,Spirit,4494,MOUZ,2,0,2,"Mirage,Ancient","205300,205288",7020,Spirit
2668,2025-08-16 16:35:00,7910,BLAST Bounty 2025 Season 2 Finals,6248,The MongolZ,9565,Vitality,2,0,2,"Inferno,Mirage","205330,205311",6248,The MongolZ
94,2025-08-16 17:00:00,8597,ESL Challenger League Season 50 Europe Cup 1,10503,OG,7532,BIG,2,0,2,"Train,Nuke","205335,205322",10503,OG
2630,2025-08-17 14:00:00,7910,BLAST Bounty 2025 Season 2 Finals,6248,The MongolZ,7020,Spirit,0,3,3,"Ancient,Mirage,Nuke","205430,205417,205406",7020,Spirit
603,2025-08-17 16:00:00,8566,StarLadder StarSeries Fall 2025 Europe Closed Qualifier,11419,ECSTATIC,12467,PARIVISION,1,2,3,"Inferno,Dust2,Train","205455,205450,205428",12467,PARIVISION
1820,2025-08-20 11:00:00,8039,Esports World Cup 2025,4914,3DMAX,4608,Natus Vincere,2,1,3,"Nuke,Inferno,Ancient","205625,205621,205614",4914,3DMAX
2682,2025-08-20 11:15:00,8039,Esports World Cup 2025,9928,GamerLegion,6248,The MongolZ,0,2,2,"Inferno,Overpass","205620,205615",6248,The MongolZ
2083,2025-08-20 14:15:00,8039,Esports World Cup 2025,6665,Astralis,4863,TYLOO,1,2,3,"Train,Overpass,Inferno","205641,205635,205628",4863,TYLOO
2518,2025-08-20 15:05:00,8039,Esports World Cup 2025,5973,Liquid,9565,Vitality,0,2,2,"Dust2,Mirage","205642,205634",9565,Vitality
2818,2025-08-20 18:10:00,8039,Esports World Cup 2025,7020,Spirit,7175,HEROIC,1,2,3,"Mirage,Nuke,Ancient","205659,205653,205650",7175,HEROIC
877,2025-08-20 18:15:00,8039,Esports World Cup 2025,6667,FaZe,11861,Aurora,1,2,3,"Overpass,Mirage,Inferno","205661,205657,205651",11861,Aurora
601,2025-08-21 08:00:00,8626,Exort The Proving Grounds Season 3,12394,BetBoom,11419,ECSTATIC,2,1,3,"Overpass,Nuke,Train","205691,205687,205679",12394,BetBoom
517,2025-08-21 11:00:00,8039,Esports World Cup 2025,5995,G2,11283,Falcons,0,2,2,"Train,Ancient","205702,205695",11283,Falcons
1690,2025-08-21 11:00:00,8039,Esports World Cup 2025,4494,MOUZ,5378,Virtus.pro,2,1,3,"Overpass,Mirage,Inferno","205706,205701,205694",4494,MOUZ
83,2025-08-21 14:00:00,8626,Exort The Proving Grounds Season 3,4991,fnatic,10503,OG,0,2,2,"Ancient,Inferno","205713,205708",10503,OG
2197,2025-08-21 14:15:00,8039,Esports World Cup 2025,4914,3DMAX,6248,The MongolZ,1,2,3,"Nuke,Inferno,Ancient","205718,205714,205710",6248,The MongolZ
2109,2025-08-21 18:30:00,8039,Esports World Cup 2025,4863,TYLOO,9565,Vitality,0,2,2,"Nuke,Inferno","205733,205730",9565,Vitality
1108,2025-08-22 14:00:00,8626,Exort The Proving Grounds Season 3,12394,BetBoom,12833,TNL,2,1,3,"Train,Ancient,Nuke","205779,205776,205772",12394,BetBoom
889,2025-08-22 14:30:00,8039,Esports World Cup 2025,7175,HEROIC,11861,Aurora,0,2,2,"Dust2,Mirage","205778,205775",11861,Aurora
465,2025-08-22 17:45:00,8039,Esports World Cup 2025,11283,Falcons,4494,MOUZ,2,1,3,"Nuke,Inferno,Ancient","205789,205785,205782",11283,Falcons
2673,2025-08-23 14:30:00,8039,Esports World Cup 2025,6248,The MongolZ,9565,Vitality,2,1,3,"Nuke,Dust2,Mirage","205827,205825,205820",6248,The MongolZ
438,2025-08-23 18:20:00,8039,Esports World Cup 2025,11861,Aurora,11283,Falcons,2,0,2,"Train,Inferno","205836,205834",11861,Aurora
580,2025-08-24 07:00:00,8039,Esports World Cup 2025,9565,Vitality,11283,Falcons,1,2,3,"Nuke,Train,Inferno","205853,205850,205847",11283,Falcons
861,2025-08-24 10:35:00,8039,Esports World Cup 2025,11861,Aurora,6248,The MongolZ,0,3,3,"Nuke,Dust2,Mirage","205875,205872,205864",6248,The MongolZ
1563,2025-08-26 17:00:00,8597,ESL Challenger League Season 50 Europe Cup 1,13404,Gentle Mates,7969,Nemiga,2,0,2,"Ancient,Inferno","205958,205951",13404,Gentle Mates
1093,2025-08-27 10:00:00,7907,BLAST Open London 2025,9565,Vitality,12376,M80,2,1,3,"Inferno,Dust2,Overpass","206009,206003,205997",9565,Vitality
2427,2025-08-27 13:05:00,7907,BLAST Open London 2025,5378,Virtus.pro,9928,GamerLegion,0,2,2,"Ancient,Dust2","206014,206013",9928,GamerLegion
615,2025-08-27 15:05:00,7907,BLAST Open London 2025,6667,FaZe,11419,ECSTATIC,2,1,3,"Inferno,Dust2,Overpass","206035,206026,206024",6667,FaZe
76,2025-08-27 17:00:00,8597,ESL Challenger League Season 50 Europe Cup 1,13404,Gentle Mates,10503,OG,0,2,2,"Ancient,Mirage","206041,206031",10503,OG
1825,2025-08-27 18:30:00,7907,BLAST Open London 2025,4991,fnatic,4608,Natus Vincere,0,2,2,"Mirage,Train","206051,206044",4608,Natus Vincere
2457,2025-08-28 12:55:00,7907,BLAST Open London 2025,5973,Liquid,5995,G2,0,2,2,"Inferno,Train","206091,206088",5995,G2
1443,2025-08-28 14:50:00,7907,BLAST Open London 2025,7020,Spirit,12774,FlyQuest,2,0,2,"Dust2,Mirage","206101,206095",7020,Spirit
1352,2025-08-28 16:40:00,7907,BLAST Open London 2025,8297,FURIA,12468,Legacy,2,1,3,"Mirage,Nuke,Inferno","206111,206107,206104",8297,FURIA
69,2025-08-28 17:00:00,8597,ESL Challenger League Season 50 Europe Cup 1,10503,OG,12467,PARIVISION,0,2,2,"Mirage,Train","206109,206106",12467,PARIVISION
2239,2025-08-29 03:00:00,8648,Perfect World CS Challenge Series 1,8840,Lynn Vision,4914,3DMAX,0,2,2,"Nuke,Dust2","206126,206125",4914,3DMAX
275,2025-08-29 06:00:00,8648,Perfect World CS Challenge Series 1,4863,TYLOO,11241,B8,2,1,3,"Train,Overpass,Mirage","206138,206131,206129",4863,TYLOO
609,2025-08-29 10:00:00,7907,BLAST Open London 2025,11419,ECSTATIC,4991,fnatic,0,2,2,"Mirage,Ancient","206159,206153",4991,fnatic
2069,2025-08-29 10:00:00,8648,Perfect World CS Challenge Series 1,4863,TYLOO,4914,3DMAX,1,2,3,"Inferno,Overpass,Nuke","206174,206167,206156",4914,3DMAX
1055,2025-08-29 11:55:00,7907,BLAST Open London 2025,12376,M80,5378,Virtus.pro,2,1,3,"Mirage,Dust2,Overpass","206179,206173,206166",12376,M80
3015,2025-08-29 14:50:00,7907,BLAST Open London 2025,9928,GamerLegion,9565,Vitality,1,2,3,"Nuke,Inferno,Train","206196,206193,206184",9565,Vitality
2120,2025-08-29 17:40:00,8635,Digital Crusade DraculaN Season 1,4991,fnatic,4869,ENCE,2,1,3,"Mirage,Train,Dust2","206209,206206,206199",4991,fnatic
1882,2025-08-29 18:00:00,7907,BLAST Open London 2025,4608,Natus Vincere,6667,FaZe,0,2,2,"Dust2,Mirage","206208,206200",6667,FaZe
323,2025-08-30 09:30:00,8648,Perfect World CS Challenge Series 1,8840,Lynn Vision,11241,B8,2,1,3,"Inferno,Dust2,Ancient","206256,206245,206240",8840,Lynn Vision
1598,2025-08-30 12:00:00,8635,Digital Crusade DraculaN Season 1,4869,ENCE,4411,Ninjas in Pyjamas,2,1,3,"Overpass,Nuke,Mirage","206274,206269,206261",4869,ENCE
65,2025-08-30 12:40:00,8629,CCT Season 3 Europe Series 5,12394,BetBoom,10503,OG,2,1,3,"Nuke,Train,Ancient","206279,206272,206265",12394,BetBoom
1299,2025-08-30 13:15:00,7907,BLAST Open London 2025,12468,Legacy,12774,FlyQuest,1,2,3,"Inferno,Nuke,Mirage","206283,206277,206270",12774,FlyQuest
1553,2025-08-30 15:20:00,8635,Digital Crusade DraculaN Season 1,4869,ENCE,13404,Gentle Mates,2,0,2,"Nuke,Mirage","206286,206284",4869,ENCE
1708,2025-08-30 16:25:00,7907,BLAST Open London 2025,5995,G2,4494,MOUZ,0,2,2,"Mirage,Ancient","206294,206290",4494,MOUZ
15,2025-08-30 18:00:00,8635,Digital Crusade DraculaN Season 1,10278,9INE,4869,ENCE,0,2,2,"Dust2,Train","206301,206298",4869,ENCE
2828,2025-08-30 18:30:00,7907,BLAST Open London 2025,8297,FURIA,7020,Spirit,2,0,2,"Nuke,Mirage","206302,206297",8297,FURIA
2102,2025-08-31 06:00:00,8648,Perfect World CS Challenge Series 1,4863,TYLOO,8840,Lynn Vision,2,1,3,"Overpass,Inferno,Nuke","206321,206317,206315",4863,TYLOO
2287,2025-08-31 10:00:00,7907,BLAST Open London 2025,4991,fnatic,9928,GamerLegion,2,0,2,"Ancient,Train","206342,206333",4991,fnatic
2070,2025-08-31 10:05:00,8648,Perfect World CS Challenge Series 1,4914,3DMAX,4863,TYLOO,2,0,2,"Train,Nuke","206341,206332",4914,3DMAX
1041,2025-08-31 12:30:00,7907,BLAST Open London 2025,12376,M80,4608,Natus Vincere,2,1,3,"Inferno,Train,Ancient","206363,206360,206352",12376,M80
2486,2025-08-31 15:45:00,7907,BLAST Open London 2025,5973,Liquid,7020,Spirit,0,2,2,"Mirage,Dust2","206371,206367",7020,Spirit
1109,2025-08-31 16:35:00,8629,CCT Season 3 Europe Series 5,12394,BetBoom,12833,TNL,2,0,2,"Mirage,Nuke","206373,206370",12394,BetBoom
12,2025-08-31 17:00:00,8597,ESL Challenger League Season 50 Europe Cup 1,10278,9INE,12467,PARIVISION,0,2,2,"Ancient,Dust2","206384,206375",12467,PARIVISION
1432,2025-08-31 18:00:00,7907,BLAST Open London 2025,12774,FlyQuest,5995,G2,0,2,2,"Ancient,Mirage","206383,206374",5995,G2
2794,2025-09-01 10:00:00,7907,BLAST Open London 2025,6667,FaZe,9565,Vitality,1,2,3,"Inferno,Nuke,Mirage","206422,206417,206405",9565,Vitality
1051,2025-09-01 14:10:00,7907,BLAST Open London 2025,12376,M80,4991,fnatic,2,0,2,"Train,Ancient","206425,206423",12376,M80
1773,2025-09-01 16:40:00,7907,BLAST Open London 2025,8297,FURIA,4494,MOUZ,2,0,2,"Mirage,Inferno","206432,206428",8297,FURIA
1098,2025-09-01 17:00:00,8597,ESL Challenger League Season 50 Europe Cup 1,12394,BetBoom,12467,PARIVISION,1,2,3,"Mirage,Train,Ancient","206436,206434,206431",12467,PARIVISION
2561,2025-09-01 19:05:00,7907,BLAST Open London 2025,7020,Spirit,5995,G2,1,2,3,"Ancient,Dust2,Mirage","206441,206439,206435",5995,G2
1039,2025-09-05 14:30:00,7912,BLAST Open London 2025 Finals,4494,MOUZ,12376,M80,2,1,3,"Inferno,Mirage,Ancient","206640,206635,206628",4494,MOUZ
2549,2025-09-05 18:15:00,7912,BLAST Open London 2025 Finals,5995,G2,6667,FaZe,2,0,2,"Dust2,Inferno","206650,206647",5995,G2
1791,2025-09-06 14:30:00,7912,BLAST Open London 2025 Finals,4494,MOUZ,9565,Vitality,0,2,2,"Inferno,Mirage","206695,206690",9565,Vitality
2583,2025-09-06 17:15:00,7912,BLAST Open London 2025 Finals,5995,G2,8297,FURIA,2,0,2,"Mirage,Inferno","206730,206712",5995,G2
2602,2025-09-07 14:30:00,7912,BLAST Open London 2025 Finals,5995,G2,9565,Vitality,3,2,5,"Train,Inferno,Overpass,Mirage,Dust2","206843,206832,206825,206820,206813",5995,G2
602,2025-09-09 08:30:00,8481,Thunderpick World Championship 2025 Closed Qualifier,11419,ECSTATIC,12467,PARIVISION,1,2,3,"Ancient,Train,Dust2","206994,206989,206982",12467,PARIVISION
188,2025-09-09 12:00:00,8481,Thunderpick World Championship 2025 Closed Qualifier,7532,BIG,10567,SAW,2,1,3,"Inferno,Train,Nuke","207029,207014,206999",7532,BIG
2149,2025-09-10 08:00:00,8481,Thunderpick World Championship 2025 Closed Qualifier,4869,ENCE,7969,Nemiga,1,2,3,"Ancient,Dust2,Train","207130,207122,207114",7969,Nemiga
62,2025-09-10 12:05:00,8481,Thunderpick World Championship 2025 Closed Qualifier,10503,OG,12376,M80,2,0,2,"Overpass,Ancient","207150,207139",10503,OG
93,2025-09-11 14:00:00,8481,Thunderpick World Championship 2025 Closed Qualifier,10503,OG,7532,BIG,2,1,3,"Inferno,Train,Nuke","207299,207293,207283",10503,OG
2111,2025-09-12 08:00:00,8064,FISSURE Playground 2,4863,TYLOO,9928,GamerLegion,2,0,2,"Ancient,Inferno","207412,207406",4863,TYLOO
2200,2025-09-12 10:45:00,8064,FISSURE Playground 2,4914,3DMAX,6248,The MongolZ,2,1,3,"Nuke,Ancient,Inferno","207427,207422,207418",4914,3DMAX
510,2025-09-12 14:10:00,8064,FISSURE Playground 2,5378,Virtus.pro,11283,Falcons,0,2,2,"Ancient,Mirage","207439,207433",11283,Falcons
872,2025-09-12 16:20:00,8064,FISSURE Playground 2,6665,Astralis,11861,Aurora,1,2,3,"Overpass,Dust2,Nuke","207480,207461,207452",11861,Aurora
1350,2025-09-13 08:10:00,8064,FISSURE Playground 2,7175,HEROIC,12468,Legacy,1,2,3,"Dust2,Mirage,Nuke","207541,207531,207526",12468,Legacy
2593,2025-09-13 11:50:00,8064,FISSURE Playground 2,8840,Lynn Vision,5995,G2,0,2,2,"Inferno,Dust2","207562,207553",5995,G2
2151,2025-09-13 14:00:00,8670,Betclic Clash Summer 2025,7969,Nemiga,4869,ENCE,2,0,2,"Dust2,Train","207580,207572",7969,Nemiga
1992,2025-09-13 14:30:00,8064,FISSURE Playground 2,4773,paiN,6667,FaZe,0,2,2,"Mirage,Nuke","207588,207578",6667,FaZe
54,2025-09-13 17:00:00,8653,ESL Challenger League Season 50 Europe Cup 2,10503,OG,11581,HOTU,1,2,3,"Overpass,Nuke,Mirage","207630,207617,207606",11581,HOTU
2506,2025-09-13 17:15:00,8064,FISSURE Playground 2,5973,Liquid,8297,FURIA,1,2,3,"Train,Inferno,Dust2","207636,207623,207609",8297,FURIA
1461,2025-09-13 20:40:00,8670,Betclic Clash Summer 2025,7532,BIG,12833,TNL,2,0,2,"Dust2,Train","207646,207643",7532,BIG
2213,2025-09-14 08:00:00,8064,FISSURE Playground 2,6667,FaZe,4914,3DMAX,2,1,3,"Dust2,Ancient,Nuke","207687,207679,207672",6667,FaZe
2658,2025-09-14 08:00:00,8064,FISSURE Playground 2,8840,Lynn Vision,6248,The MongolZ,0,2,2,"Ancient,Dust2","207682,207675",6248,The MongolZ
2279,2025-09-14 10:00:00,8670,Betclic Clash Summer 2025,4991,fnatic,7969,Nemiga,2,0,2,"Ancient,Mirage","207713,207690",4991,fnatic
2371,2025-09-14 10:45:00,8064,FISSURE Playground 2,6665,Astralis,5378,Virtus.pro,2,0,2,"Train,Ancient","207710,207695",6665,Astralis
452,2025-09-14 11:15:00,8064,FISSURE Playground 2,12468,Legacy,11283,Falcons,0,2,2,"Ancient,Inferno","207716,207699",11283,Falcons
2524,2025-09-14 13:25:00,8064,FISSURE Playground 2,5973,Liquid,9928,GamerLegion,0,2,2,"Inferno,Dust2","207737,207730",9928,GamerLegion
616,2025-09-14 13:40:00,8670,Betclic Clash Summer 2025,11419,ECSTATIC,7532,BIG,2,1,3,"Train,Dust2,Nuke","207759,207744,207735",11419,ECSTATIC
838,2025-09-14 14:15:00,8064,FISSURE Playground 2,4863,TYLOO,11861,Aurora,0,2,2,"Mirage,Inferno","207753,207740",11861,Aurora
1999,2025-09-14 15:50:00,8064,FISSURE Playground 2,7175,HEROIC,4773,paiN,1,2,3,"Nuke,Mirage,Dust2","207780,207766,207760",4773,paiN
2589,2025-09-14 17:15:00,8064,FISSURE Playground 2,5995,G2,8297,FURIA,0,2,2,"Overpass,Inferno","207784,207769",8297,FURIA
140,2025-09-14 17:30:00,8699,Radio Popular Roman Imperium Cup II,13404,Gentle Mates,10567,SAW,1,2,3,"Train,Inferno,Nuke","207797,207783,207772",10567,SAW
610,2025-09-14 18:00:00,8670,Betclic Clash Summer 2025,11419,ECSTATIC,4991,fnatic,2,1,3,"Train,Inferno,Dust2","207802,207795,207778",11419,ECSTATIC
2082,2025-09-15 08:00:00,8064,FISSURE Playground 2,6248,The MongolZ,4863,TYLOO,2,1,3,"Ancient,Overpass,Mirage","207824,207820,207814",6248,The MongolZ
2406,2025-09-15 08:00:00,8064,FISSURE Playground 2,8840,Lynn Vision,5378,Virtus.pro,0,2,2,"Train,Dust2","207823,207815",5378,Virtus.pro
2495,2025-09-15 11:40:00,8064,FISSURE Playground 2,5973,Liquid,7175,HEROIC,2,1,3,"Mirage,Dust2,Ancient","207844,207838,207830",5973,Liquid
2257,2025-09-15 11:55:00,8064,FISSURE Playground 2,4914,3DMAX,9928,GamerLegion,1,2,3,"Dust2,Inferno,Overpass","207847,207840,207835",9928,GamerLegion
1332,2025-09-15 16:00:00,8064,FISSURE Playground 2,12468,Legacy,5995,G2,0,2,2,"Ancient,Train","207861,207852",5995,G2
542,2025-09-15 16:05:00,8064,FISSURE Playground 2,11283,Falcons,6667,FaZe,2,0,2,"Dust2,Nuke","207869,207859",11283,Falcons
1981,2025-09-15 18:20:00,8064,FISSURE Playground 2,4773,paiN,6665,Astralis,2,0,2,"Inferno,Mirage","207891,207879",4773,paiN
906,2025-09-15 18:50:00,8064,FISSURE Playground 2,11861,Aurora,8297,FURIA,2,0,2,"Dust2,Inferno","207890,207886",11861,Aurora
2175,2025-09-16 09:00:00,8064,FISSURE Playground 2,5378,Virtus.pro,4914,3DMAX,2,1,3,"Dust2,Inferno,Train","207919,207913,207907",5378,Virtus.pro
2611,2025-09-16 09:00:00,8064,FISSURE Playground 2,5995,G2,9928,GamerLegion,2,1,3,"Inferno,Ancient,Overpass","207916,207910,207905",5995,G2
2624,2025-09-16 13:05:00,8064,FISSURE Playground 2,6667,FaZe,6248,The MongolZ,1,2,3,"Ancient,Inferno,Mirage","207944,207936,207922",6248,The MongolZ
2076,2025-09-16 14:00:00,8064,FISSURE Playground 2,4863,TYLOO,5973,Liquid,1,2,3,"Mirage,Inferno,Ancient","207945,207938,207924",5973,Liquid
2016,2025-09-16 17:30:00,8064,FISSURE Playground 2,4773,paiN,8297,FURIA,0,2,2,"Dust2,Inferno","207958,207951",8297,FURIA
1339,2025-09-16 18:05:00,8064,FISSURE Playground 2,12468,Legacy,6665,Astralis,0,2,2,"Nuke,Mirage","207962,207956",6665,Astralis
2481,2025-09-17 09:20:00,8064,FISSURE Playground 2,5973,Liquid,6667,FaZe,2,0,2,"Dust2,Ancient","207979,207974",5973,Liquid
2747,2025-09-17 12:00:00,8064,FISSURE Playground 2,9928,GamerLegion,6665,Astralis,0,2,2,"Nuke,Overpass","207993,207986",6665,Astralis
1958,2025-09-17 15:05:00,8064,FISSURE Playground 2,5378,Virtus.pro,4773,paiN,1,2,3,"Inferno,Mirage,Dust2","208012,208006,208002",4773,paiN
245,2025-09-18 09:00:00,8539,StarLadder StarSeries Fall 2025,11241,B8,12467,PARIVISION,0,2,2,"Inferno,Train","208075,208070",12467,PARIVISION
77,2025-09-18 12:00:00,8539,StarLadder StarSeries Fall 2025,10503,OG,4411,Ninjas in Pyjamas,0,2,2,"Train,Ancient","208090,208086",4411,Ninjas in Pyjamas
1202,2025-09-18 15:00:00,8539,StarLadder StarSeries Fall 2025,13404,Gentle Mates,12426,Passion UA,0,2,2,"Train,Inferno","208106,208101",12426,Passion UA
14,2025-09-18 18:10:00,8539,StarLadder StarSeries Fall 2025,10278,9INE,4608,Natus Vincere,1,2,3,"Inferno,Nuke,Ancient","208140,208133,208118",4608,Natus Vincere
2535,2025-09-19 08:10:00,8064,FISSURE Playground 2,6248,The MongolZ,5995,G2,2,1,3,"Ancient,Dust2,Mirage","208171,208162,208157",6248,The MongolZ
49,2025-09-19 09:00:00,8539,StarLadder StarSeries Fall 2025,11241,B8,10503,OG,2,1,3,"Inferno,Mirage,Ancient","208174,208164,208159",11241,B8
13,2025-09-19 12:05:00,8539,StarLadder StarSeries Fall 2025,13404,Gentle Mates,10278,9INE,2,0,2,"Nuke,Ancient","208183,208179",13404,Gentle Mates
850,2025-09-19 12:20:00,8064,FISSURE Playground 2,5973,Liquid,11861,Aurora,2,0,2,"Inferno,Mirage","208191,208181",5973,Liquid
1252,2025-09-19 14:15:00,8539,StarLadder StarSeries Fall 2025,4411,Ninjas in Pyjamas,12467,PARIVISION,2,0,2,"Ancient,Train","208201,208192",4411,Ninjas in Pyjamas
2724,2025-09-19 15:35:00,8064,FISSURE Playground 2,8297,FURIA,6665,Astralis,2,0,2,"Nuke,Train","208220,208206",8297,FURIA
1206,2025-09-19 16:20:00,8539,StarLadder StarSeries Fall 2025,12426,Passion UA,4608,Natus Vincere,0,2,2,"Inferno,Train","208227,208215",4608,Natus Vincere
9,2025-09-19 17:00:00,8653,ESL Challenger League Season 50 Europe Cup 2,11581,HOTU,10278,9INE,0,2,2,"Train,Nuke","208247,208234",10278,9INE
484,2025-09-19 19:10:00,8064,FISSURE Playground 2,4773,paiN,11283,Falcons,0,2,2,"Ancient,Inferno","208249,208243",11283,Falcons
1247,2025-09-20 09:00:00,8539,StarLadder StarSeries Fall 2025,13404,Gentle Mates,12467,PARIVISION,2,1,3,"Ancient,Inferno,Mirage","208272,208269,208263",13404,Gentle Mates
2466,2025-09-20 12:00:00,8064,FISSURE Playground 2,6248,The MongolZ,5973,Liquid,2,1,3,"Ancient,Mirage,Dust2","208288,208283,208276",6248,The MongolZ
238,2025-09-20 12:10:00,8539,StarLadder StarSeries Fall 2025,12426,Passion UA,11241,B8,0,2,2,"Dust2,Train","208287,208280",11241,B8
1590,2025-09-20 14:30:00,8539,StarLadder StarSeries Fall 2025,4411,Ninjas in Pyjamas,4608,Natus Vincere,0,2,2,"Inferno,Nuke","208304,208303",4608,Natus Vincere
566,2025-09-20 16:00:00,8064,FISSURE Playground 2,8297,FURIA,11283,Falcons,2,0,2,"Nuke,Train","208316,208306",8297,FURIA
259,2025-09-20 16:50:00,8539,StarLadder StarSeries Fall 2025,11241,B8,13404,Gentle Mates,2,1,3,"Ancient,Mirage,Inferno","208327,208319,208311",11241,B8
262,2025-09-21 13:00:00,8539,StarLadder StarSeries Fall 2025,4411,Ninjas in Pyjamas,11241,B8,2,0,2,"Dust2,Train","208393,208382",4411,Ninjas in Pyjamas
2649,2025-09-21 15:00:00,8064,FISSURE Playground 2,6248,The MongolZ,8297,FURIA,2,3,5,"Dust2,Overpass,Nuke,Inferno,Mirage","208426,208425,208412,208406,208397",8297,FURIA
1591,2025-09-21 16:10:00,8539,StarLadder StarSeries Fall 2025,4411,Ninjas in Pyjamas,4608,Natus Vincere,0,2,2,"Inferno,Nuke","208411,208403",4608,Natus Vincere
150,2025-09-23 08:00:00,8692,Exort The Proving Grounds Season 4,10567,SAW,4869,ENCE,1,2,3,"Overpass,Dust2,Nuke","208504,208501,208498",4869,ENCE
2280,2025-09-23 17:15:00,8692,Exort The Proving Grounds Season 4,7969,Nemiga,4991,fnatic,0,2,2,"Mirage,Ancient","208542,208537",4991,fnatic
2121,2025-09-24 11:00:00,8692,Exort The Proving Grounds Season 4,4991,fnatic,4869,ENCE,1,2,3,"Overpass,Train,Dust2","208563,208561,208555",4869,ENCE
1508,2025-09-24 18:00:00,8692,Exort The Proving Grounds Season 4,4869,ENCE,13286,FUT,0,2,2,"Mirage,Dust2","208594,208587",13286,FUT
53,2025-09-26 16:45:00,8698,Digital Crusade DraculaN Season 2,10503,OG,11419,ECSTATIC,2,1,3,"Nuke,Ancient,Train","208821,208812,208801",10503,OG
17,2025-09-27 11:30:00,8700,Birch Cup 2025,10278,9INE,5973,Liquid,1,0,1,Ancient,208871,10278,9INE
1509,2025-09-27 13:30:00,8700,Birch Cup 2025,4869,ENCE,13286,FUT,2,0,2,"Mirage,Dust2","208895,208888",4869,ENCE
1488,2025-09-28 11:00:00,8393,ESL Pro League Season 22 Stage 1,13117,Inner Circle,4914,3DMAX,2,1,3,"Train,Nuke,Ancient","209048,209040,209027",13117,Inner Circle
18,2025-09-28 11:30:00,8700,Birch Cup 2025,5973,Liquid,10278,9INE,1,2,3,"Nuke,Train,Dust2","209058,209054,209038",10278,9INE
1099,2025-09-28 12:10:00,8638,Majestic LanDaLan 3,12394,BetBoom,12467,PARIVISION,2,3,5,"Overpass,Train,Ancient,Dust2,Mirage","209089,209080,209063,209052,209041",12467,PARIVISION
667,2025-09-28 13:55:00,8393,ESL Pro League Season 22 Stage 1,11581,HOTU,8297,FURIA,2,0,2,"Dust2,Overpass","209074,209057",11581,HOTU
248,2025-09-28 14:00:00,8393,ESL Pro League Season 22 Stage 1,11241,B8,12468,Legacy,2,1,3,"Train,Ancient,Dust2","209079,209068,209055",11241,B8
1561,2025-09-28 16:00:00,8393,ESL Pro League Season 22 Stage 1,13404,Gentle Mates,7175,HEROIC,2,1,3,"Ancient,Mirage,Nuke","209103,209095,209084",13404,Gentle Mates
1048,2025-09-28 16:30:00,8393,ESL Pro League Season 22 Stage 1,12376,M80,4869,ENCE,1,2,3,"Ancient,Mirage,Dust2","209110,209098,209093",4869,ENCE
67,2025-09-28 18:00:00,8698,Digital Crusade DraculaN Season 2,12426,Passion UA,10503,OG,1,2,3,"Nuke,Train,Ancient","209118,209113,209106",10503,OG
225,2025-09-29 08:30:00,8393,ESL Pro League Season 22 Stage 1,11581,HOTU,11241,B8,2,1,3,"Ancient,Mirage,Overpass","209145,209141,209135",11581,HOTU
1496,2025-09-29 11:00:00,8393,ESL Pro League Season 22 Stage 1,13117,Inner Circle,9928,GamerLegion,2,1,3,"Dust2,Overpass,Ancient","209166,209157,209147",13117,Inner Circle
2137,2025-09-29 11:10:00,8393,ESL Pro League Season 22 Stage 1,4869,ENCE,6665,Astralis,2,1,3,"Overpass,Nuke,Ancient","209165,209161,209152",4869,ENCE
1079,2025-09-29 14:10:00,8393,ESL Pro League Season 22 Stage 1,7175,HEROIC,12376,M80,2,0,2,"Overpass,Dust2","209176,209169",7175,HEROIC
1558,2025-09-29 16:20:00,8393,ESL Pro League Season 22 Stage 1,13404,Gentle Mates,5995,G2,2,1,3,"Ancient,Mirage,Inferno","209191,209185,209180",13404,Gentle Mates
660,2025-09-30 08:30:00,8393,ESL Pro League Season 22 Stage 1,11581,HOTU,4869,ENCE,2,0,2,"Ancient,Dust2","209230,209222",11581,HOTU
1486,2025-09-30 11:00:00,8393,ESL Pro League Season 22 Stage 1,13117,Inner Circle,13404,Gentle Mates,2,1,3,"Ancient,Mirage,Nuke","209262,209255,209244",13117,Inner Circle
288,2025-09-30 11:00:00,8393,ESL Pro League Season 22 Stage 1,11241,B8,5995,G2,2,1,3,"Ancient,Dust2,Mirage","209261,209253,209245",11241,B8
2750,2025-09-30 14:05:00,8393,ESL Pro League Season 22 Stage 1,6665,Astralis,9928,GamerLegion,0,2,2,"Overpass,Nuke","209280,209268",9928,GamerLegion
1354,2025-09-30 16:00:00,8393,ESL Pro League Season 22 Stage 1,12468,Legacy,8297,FURIA,2,0,2,"Mirage,Dust2","209299,209293",12468,Legacy
2225,2025-09-30 16:15:00,8393,ESL Pro League Season 22 Stage 1,7175,HEROIC,4914,3DMAX,0,2,2,"Inferno,Dust2","209300,209296",4914,3DMAX
332,2025-10-01 11:30:00,8393,ESL Pro League Season 22 Stage 1,11241,B8,9928,GamerLegion,0,2,2,"Inferno,Ancient","209366,209358",9928,GamerLegion
2715,2025-10-01 14:00:00,8393,ESL Pro League Season 22 Stage 1,6665,Astralis,7175,HEROIC,2,1,3,"Nuke,Inferno,Mirage","209390,209384,209374",6665,Astralis
2116,2025-10-01 14:15:00,8393,ESL Pro League Season 22 Stage 1,4914,3DMAX,4869,ENCE,2,1,3,"Ancient,Nuke,Dust2","209391,209386,209379",4914,3DMAX
1086,2025-10-01 16:50:00,8393,ESL Pro League Season 22 Stage 1,12376,M80,8297,FURIA,0,2,2,"Inferno,Overpass","209402,209393",8297,FURIA
1306,2025-10-01 17:30:00,8393,ESL Pro League Season 22 Stage 1,13404,Gentle Mates,12468,Legacy,2,0,2,"Mirage,Ancient","209407,209400",13404,Gentle Mates
2128,2025-10-02 11:30:00,8393,ESL Pro League Season 22 Stage 1,4869,ENCE,5995,G2,0,2,2,"Train,Overpass","209464,209460",5995,G2
1341,2025-10-02 14:00:00,8393,ESL Pro League Season 22 Stage 1,12468,Legacy,6665,Astralis,1,2,3,"Ancient,Overpass,Inferno","209490,209479,209471",6665,Astralis
319,2025-10-02 17:05:00,8393,ESL Pro League Season 22 Stage 1,8297,FURIA,11241,B8,2,1,3,"Overpass,Inferno,Mirage","209506,209501,209493",8297,FURIA
1491,2025-10-04 08:30:00,8040,ESL Pro League Season 22,7020,Spirit,13117,Inner Circle,2,1,3,"Mirage,Nuke,Ancient","209645,209639,209634",7020,Spirit
1806,2025-10-04 08:30:00,8040,ESL Pro League Season 22,9928,GamerLegion,4494,MOUZ,0,2,2,"Nuke,Overpass","209640,209637",4494,MOUZ
530,2025-10-04 11:00:00,8040,ESL Pro League Season 22,6665,Astralis,11283,Falcons,0,2,2,"Mirage,Inferno","209651,209648",11283,Falcons
661,2025-10-04 11:25:00,8040,ESL Pro League Season 22,11581,HOTU,6248,The MongolZ,2,1,3,"Ancient,Mirage,Overpass","209659,209652,209649",11581,HOTU
827,2025-10-04 13:25:00,8040,ESL Pro League Season 22,4608,Natus Vincere,11861,Aurora,2,0,2,"Dust2,Nuke","209673,209660",4608,Natus Vincere
1565,2025-10-04 14:30:00,8040,ESL Pro League Season 22,13404,Gentle Mates,9565,Vitality,2,0,2,"Train,Nuke","209681,209670",13404,Gentle Mates
2234,2025-10-04 16:00:00,8040,ESL Pro League Season 22,4914,3DMAX,8297,FURIA,0,2,2,"Dust2,Nuke","209689,209685",8297,FURIA
6,2025-10-04 23:15:00,8645,Fragadelphia Blocktober 2025,10278,9INE,10567,SAW,2,1,3,"Inferno,Dust2,Ancient","209723,209719,209716",10278,9INE
478,2025-10-05 08:30:00,8040,ESL Pro League Season 22,4608,Natus Vincere,11283,Falcons,0,2,2,"Ancient,Nuke","209740,209735",11283,Falcons
1489,2025-10-05 08:30:00,8040,ESL Pro League Season 22,13117,Inner Circle,6248,The MongolZ,2,0,2,"Mirage,Dust2","209743,209736",13117,Inner Circle
1549,2025-10-05 11:00:00,8040,ESL Pro League Season 22,13404,Gentle Mates,4494,MOUZ,0,2,2,"Mirage,Inferno","209754,209750",4494,MOUZ
868,2025-10-05 11:00:00,8040,ESL Pro League Season 22,6665,Astralis,11861,Aurora,1,2,3,"Overpass,Train,Nuke","209762,209755,209751",11861,Aurora
664,2025-10-05 13:30:00,8040,ESL Pro League Season 22,11581,HOTU,7020,Spirit,0,2,2,"Dust2,Overpass","209773,209764",7020,Spirit
84,2025-10-05 14:00:00,8645,Fragadelphia Blocktober 2025,10503,OG,4991,fnatic,0,2,2,"Mirage,Ancient","209779,209771",4991,fnatic
3017,2025-10-05 14:15:00,8040,ESL Pro League Season 22,9928,GamerLegion,9565,Vitality,0,2,2,"Dust2,Overpass","209778,209770",9565,Vitality
2586,2025-10-05 16:00:00,8040,ESL Pro League Season 22,5995,G2,8297,FURIA,2,0,2,"Dust2,Train","209794,209786",5995,G2
2210,2025-10-05 17:00:00,8040,ESL Pro League Season 22,4914,3DMAX,6667,FaZe,2,0,2,"Dust2,Train","209809,209789",4914,3DMAX
8,2025-10-05 17:15:00,8645,Fragadelphia Blocktober 2025,10278,9INE,11419,ECSTATIC,2,1,3,"Inferno,Nuke,Ancient","209822,209812,209797",10278,9INE
52,2025-10-05 20:35:00,8645,Fragadelphia Blocktober 2025,11419,ECSTATIC,10503,OG,1,2,3,"Nuke,Ancient,Train","209840,209833,209828",10503,OG
16,2025-10-05 23:45:00,8645,Fragadelphia Blocktober 2025,4991,fnatic,10278,9INE,3,2,5,"Train,Overpass,Ancient,Inferno,Dust2","209864,209860,209856,209848,209847",4991,fnatic
668,2025-10-06 08:30:00,8040,ESL Pro League Season 22,11581,HOTU,9565,Vitality,0,2,2,"Dust2,Overpass","209874,209868",9565,Vitality
819,2025-10-06 08:30:00,8040,ESL Pro League Season 22,13404,Gentle Mates,11861,Aurora,0,2,2,"Train,Nuke","209876,209867",11861,Aurora
1821,2025-10-06 11:00:00,8040,ESL Pro League Season 22,4608,Natus Vincere,4914,3DMAX,1,2,3,"Nuke,Train,Inferno","209902,209894,209887",4914,3DMAX
1494,2025-10-06 11:00:00,8040,ESL Pro League Season 22,13117,Inner Circle,8297,FURIA,0,2,2,"Overpass,Mirage","209890,209883",8297,FURIA
2694,2025-10-06 13:30:00,8040,ESL Pro League Season 22,6665,Astralis,6667,FaZe,0,2,2,"Dust2,Ancient","209918,209905",6667,FaZe
2683,2025-10-06 14:20:00,8040,ESL Pro League Season 22,6248,The MongolZ,9928,GamerLegion,2,1,3,"Nuke,Ancient,Inferno","209933,209926,209921",6248,The MongolZ
2562,2025-10-06 16:00:00,8040,ESL Pro League Season 22,5995,G2,7020,Spirit,0,2,2,"Mirage,Dust2","209947,209931",7020,Spirit
466,2025-10-06 17:35:00,8040,ESL Pro League Season 22,4494,MOUZ,11283,Falcons,1,2,3,"Nuke,Inferno,Ancient","209973,209964,209950",11283,Falcons
904,2025-10-07 11:30:00,8040,ESL Pro League Season 22,11861,Aurora,8297,FURIA,1,2,3,"Overpass,Mirage,Inferno","210059,210048,210036",8297,FURIA
657,2025-10-07 11:30:00,8040,ESL Pro League Season 22,11581,HOTU,4608,Natus Vincere,0,2,2,"Train,Ancient","210049,210037",4608,Natus Vincere
1559,2025-10-07 14:00:00,8040,ESL Pro League Season 22,13404,Gentle Mates,6248,The MongolZ,0,2,2,"Mirage,Inferno","210077,210065",6248,The MongolZ
1675,2025-10-07 14:45:00,8040,ESL Pro League Season 22,4914,3DMAX,4494,MOUZ,0,2,2,"Overpass,Inferno","210085,210075",4494,MOUZ
1490,2025-10-07 17:00:00,8040,ESL Pro League Season 22,13117,Inner Circle,6667,FaZe,0,2,2,"Nuke,Ancient","210104,210092",6667,FaZe
2604,2025-10-07 17:00:00,8040,ESL Pro League Season 22,5995,G2,9565,Vitality,0,2,2,"Mirage,Inferno","210103,210091",9565,Vitality
1859,2025-10-08 11:30:00,8040,ESL Pro League Season 22,4608,Natus Vincere,6248,The MongolZ,2,0,2,"Ancient,Nuke","210173,210163",4608,Natus Vincere
2189,2025-10-08 14:00:00,8040,ESL Pro League Season 22,4914,3DMAX,5995,G2,2,0,2,"Dust2,Inferno","210199,210192",4914,3DMAX
878,2025-10-08 16:30:00,8040,ESL Pro League Season 22,11861,Aurora,6667,FaZe,1,2,3,"Dust2,Train,Mirage","210232,210216,210204",6667,FaZe
493,2025-10-10 08:30:00,8040,ESL Pro League Season 22,4914,3DMAX,11283,Falcons,1,2,3,"Nuke,Ancient,Inferno","210434,210431,210425",11283,Falcons
1663,2025-10-10 12:00:00,8040,ESL Pro League Season 22,4494,MOUZ,4608,Natus Vincere,2,1,3,"Train,Inferno,Ancient","210463,210456,210444",4494,MOUZ
2764,2025-10-10 15:30:00,8040,ESL Pro League Season 22,6667,FaZe,7020,Spirit,2,0,2,"Mirage,Nuke","210479,210475",6667,FaZe
2963,2025-10-10 17:35:00,8040,ESL Pro League Season 22,9565,Vitality,8297,FURIA,2,1,3,"Nuke,Inferno,Overpass","210516,210508,210497",9565,Vitality
467,2025-10-11 13:45:00,8040,ESL Pro League Season 22,4494,MOUZ,11283,Falcons,0,2,2,"Ancient,Inferno","210559,210550",11283,Falcons
1248,2025-10-11 14:00:00,8688,Galaxy Battle 2025 Phase 4,12467,PARIVISION,13404,Gentle Mates,2,0,2,"Inferno,Mirage","210560,210553",12467,PARIVISION
2796,2025-10-11 17:00:00,8040,ESL Pro League Season 22,6667,FaZe,9565,Vitality,1,2,3,"Dust2,Inferno,Mirage","210591,210585,210567",9565,Vitality
1244,2025-10-12 11:00:00,8688,Galaxy Battle 2025 Phase 4,13117,Inner Circle,12467,PARIVISION,0,3,3,"Ancient,Mirage,Overpass","210624,210619,210614",12467,PARIVISION
1737,2025-10-12 11:30:00,8040,ESL Pro League Season 22,6667,FaZe,4494,MOUZ,0,2,2,"Overpass,Ancient","210620,210615",4494,MOUZ
581,2025-10-12 15:00:00,8040,ESL Pro League Season 22,11283,Falcons,9565,Vitality,0,3,3,"Dust2,Train,Inferno","210644,210636,210632",9565,Vitality
2523,2025-10-14 04:05:00,8027,CS Asia Championships 2025,5973,Liquid,9928,GamerLegion,1,0,1,Inferno,210713,5973,Liquid
1326,2025-10-14 04:20:00,8027,CS Asia Championships 2025,12468,Legacy,5378,Virtus.pro,1,0,1,Mirage,210712,12468,Legacy
1951,2025-10-14 06:25:00,8027,CS Asia Championships 2025,4773,paiN,4991,fnatic,0,1,1,Overpass,210717,4991,fnatic
1526,2025-10-14 07:45:00,8027,CS Asia Championships 2025,6667,FaZe,13286,FUT,0,1,1,Mirage,210720,13286,FUT
306,2025-10-14 07:50:00,8027,CS Asia Championships 2025,7175,HEROIC,11241,B8,1,0,1,Dust2,210721,7175,HEROIC
2980,2025-10-14 09:05:00,8027,CS Asia Championships 2025,8840,Lynn Vision,9928,GamerLegion,2,1,3,"Inferno,Train,Overpass","210736,210731,210725",8840,Lynn Vision
1320,2025-10-14 12:10:00,8027,CS Asia Championships 2025,4914,3DMAX,12468,Legacy,1,2,3,"Inferno,Nuke,Dust2","210745,210741,210738",12468,Legacy
298,2025-10-15 03:30:00,8027,CS Asia Championships 2025,11241,B8,6667,FaZe,1,2,3,"Ancient,Mirage,Dust2","210798,210793,210791",6667,FaZe
1531,2025-10-15 06:40:00,8027,CS Asia Championships 2025,13286,FUT,7175,HEROIC,0,2,2,"Overpass,Ancient","210806,210799",7175,HEROIC
2071,2025-10-15 07:40:00,8027,CS Asia Championships 2025,4991,fnatic,4863,TYLOO,2,0,2,"Inferno,Train","210815,210803",4991,fnatic
97,2025-10-15 08:30:00,8067,Thunderpick World Championship 2025,10503,OG,8297,FURIA,0,2,2,"Inferno,Nuke","210818,210808",8297,FURIA
2236,2025-10-15 10:50:00,8027,CS Asia Championships 2025,8840,Lynn Vision,4914,3DMAX,0,2,2,"Inferno,Dust2","210828,210823",4914,3DMAX
2087,2025-10-16 03:00:00,8027,CS Asia Championships 2025,4863,TYLOO,6667,FaZe,1,2,3,"Mirage,Inferno,Nuke","210929,210927,210920",6667,FaZe
1504,2025-10-16 03:05:00,8027,CS Asia Championships 2025,13286,FUT,4773,paiN,2,0,2,"Dust2,Mirage","210928,210921",13286,FUT
2275,2025-10-16 06:00:00,8027,CS Asia Championships 2025,7175,HEROIC,4991,fnatic,2,1,3,"Mirage,Dust2,Inferno","210939,210932,210930",7175,HEROIC
1329,2025-10-16 06:30:00,8027,CS Asia Championships 2025,12468,Legacy,5973,Liquid,1,2,3,"Inferno,Dust2,Mirage","210938,210933,210931",5973,Liquid
2650,2025-10-16 08:30:00,8067,Thunderpick World Championship 2025,8297,FURIA,6248,The MongolZ,2,0,2,"Mirage,Dust2","210953,210943",8297,FURIA
2173,2025-10-16 09:40:00,8027,CS Asia Championships 2025,4914,3DMAX,5378,Virtus.pro,2,1,3,"Train,Inferno,Overpass","210968,210962,210951",4914,3DMAX
1527,2025-10-16 09:45:00,8027,CS Asia Championships 2025,13286,FUT,6667,FaZe,2,1,3,"Dust2,Mirage,Ancient","210967,210961,210950",13286,FUT
830,2025-10-16 15:45:00,8067,Thunderpick World Championship 2025,11861,Aurora,4608,Natus Vincere,1,2,3,"Dust2,Mirage,Nuke","211004,210999,210994",4608,Natus Vincere
2170,2025-10-17 05:00:00,8027,CS Asia Championships 2025,4991,fnatic,4914,3DMAX,1,2,3,"Dust2,Train,Inferno","211048,211047,211046",4914,3DMAX
1302,2025-10-17 09:10:00,8027,CS Asia Championships 2025,12468,Legacy,13286,FUT,2,1,3,"Dust2,Inferno,Mirage","211072,211064,211054",12468,Legacy
2177,2025-10-18 05:00:00,8027,CS Asia Championships 2025,4914,3DMAX,5973,Liquid,2,1,3,"Inferno,Nuke,Dust2","211131,211130,211129",4914,3DMAX
1349,2025-10-18 09:00:00,8027,CS Asia Championships 2025,7175,HEROIC,12468,Legacy,1,2,3,"Inferno,Ancient,Dust2","211142,211139,211135",12468,Legacy
907,2025-10-18 14:00:00,8067,Thunderpick World Championship 2025,11861,Aurora,8297,FURIA,0,2,2,"Overpass,Train","211164,211163",8297,FURIA
1862,2025-10-18 17:30:00,8067,Thunderpick World Championship 2025,4608,Natus Vincere,6248,The MongolZ,2,1,3,"Ancient,Nuke,Mirage","211190,211187,211182",4608,Natus Vincere
2494,2025-10-19 03:00:00,8027,CS Asia Championships 2025,5973,Liquid,7175,HEROIC,2,0,2,"Dust2,Mirage","211210,211209",5973,Liquid
1321,2025-10-19 06:55:00,8027,CS Asia Championships 2025,12468,Legacy,4914,3DMAX,3,2,5,"Ancient,Train,Inferno,Dust2,Nuke","211221,211219,211215,211212,211211",12468,Legacy
864,2025-10-19 11:30:00,8067,Thunderpick World Championship 2025,6248,The MongolZ,11861,Aurora,2,1,3,"Nuke,Mirage,Inferno","211233,211230,211224",6248,The MongolZ
1918,2025-10-19 15:55:00,8067,Thunderpick World Championship 2025,8297,FURIA,4608,Natus Vincere,3,2,5,"Train,Dust2,Nuke,Inferno,Mirage","211256,211254,211249,211244,211241",8297,FURIA
1331,2025-10-26 08:00:00,8046,PGL Masters Bucharest 2025,12468,Legacy,5973,Liquid,1,2,3,"Nuke,Inferno,Mirage","211782,211778,211773",5973,Liquid
1551,2025-10-26 08:05:00,8046,PGL Masters Bucharest 2025,13404,Gentle Mates,4773,paiN,0,2,2,"Mirage,Ancient","211780,211774",4773,paiN
1641,2025-10-26 11:00:00,8046,PGL Masters Bucharest 2025,4411,Ninjas in Pyjamas,7175,HEROIC,0,2,2,"Dust2,Nuke","211790,211784",7175,HEROIC
156,2025-10-26 14:20:00,8046,PGL Masters Bucharest 2025,10567,SAW,4914,3DMAX,0,2,2,"Nuke,Ancient","211817,211810",4914,3DMAX
294,2025-10-26 16:05:00,8046,PGL Masters Bucharest 2025,11241,B8,6665,Astralis,2,0,2,"Ancient,Mirage","211835,211827",11241,B8
845,2025-10-26 16:20:00,8046,PGL Masters Bucharest 2025,4991,fnatic,11861,Aurora,0,2,2,"Dust2,Mirage","211838,211829",11861,Aurora
1305,2025-10-27 08:00:00,8046,PGL Masters Bucharest 2025,13404,Gentle Mates,12468,Legacy,0,2,2,"Inferno,Ancient","211933,211931",12468,Legacy
2054,2025-10-27 08:00:00,8046,PGL Masters Bucharest 2025,9928,GamerLegion,4773,paiN,1,2,3,"Dust2,Overpass,Nuke","211941,211934,211932",4773,paiN
142,2025-10-27 10:15:00,8046,PGL Masters Bucharest 2025,10567,SAW,4411,Ninjas in Pyjamas,2,1,3,"Train,Nuke,Ancient","211948,211944,211940",10567,SAW
1157,2025-10-27 11:20:00,8046,PGL Masters Bucharest 2025,12394,BetBoom,7175,HEROIC,0,2,2,"Mirage,Nuke","211950,211945",7175,HEROIC
849,2025-10-27 13:45:00,8046,PGL Masters Bucharest 2025,11861,Aurora,5973,Liquid,2,1,3,"Dust2,Train,Mirage","211979,211972,211961",11861,Aurora
277,2025-10-27 17:05:00,8046,PGL Masters Bucharest 2025,11241,B8,4914,3DMAX,2,0,2,"Inferno,Ancient","212001,211989",11241,B8
1142,2025-10-28 08:00:00,8046,PGL Masters Bucharest 2025,12394,BetBoom,5973,Liquid,1,2,3,"Ancient,Nuke,Mirage","212058,212053,212051",5973,Liquid
200,2025-10-28 08:00:00,8046,PGL Masters Bucharest 2025,9928,GamerLegion,10567,SAW,1,2,3,"Ancient,Inferno,Nuke","212062,212054,212052",10567,SAW
1338,2025-10-28 10:35:00,8046,PGL Masters Bucharest 2025,12468,Legacy,6665,Astralis,2,0,2,"Nuke,Inferno","212067,212064",12468,Legacy
890,2025-10-28 12:55:00,8046,PGL Masters Bucharest 2025,7175,HEROIC,11861,Aurora,2,0,2,"Inferno,Mirage","212081,212073",7175,HEROIC
273,2025-10-28 15:00:00,8046,PGL Masters Bucharest 2025,4773,paiN,11241,B8,2,0,2,"Mirage,Dust2","212093,212086",4773,paiN
1544,2025-10-28 15:10:00,8046,PGL Masters Bucharest 2025,4411,Ninjas in Pyjamas,13404,Gentle Mates,1,2,3,"Ancient,Train,Inferno","212103,212096,212090",13404,Gentle Mates
2205,2025-10-29 08:00:00,8046,PGL Masters Bucharest 2025,6665,Astralis,4914,3DMAX,2,0,2,"Inferno,Ancient","212141,212138",6665,Astralis
120,2025-10-29 08:00:00,8046,PGL Masters Bucharest 2025,11861,Aurora,10567,SAW,1,2,3,"Train,Inferno,Nuke","212147,212142,212139",10567,SAW
1114,2025-10-29 10:05:00,8046,PGL Masters Bucharest 2025,12394,BetBoom,13404,Gentle Mates,1,2,3,"Nuke,Mirage,Ancient","212156,212149,212146",13404,Gentle Mates
2288,2025-10-29 13:20:00,8046,PGL Masters Bucharest 2025,4991,fnatic,9928,GamerLegion,0,2,2,"Overpass,Train","212167,212165",9928,GamerLegion
246,2025-10-29 14:00:00,8046,PGL Masters Bucharest 2025,11241,B8,12468,Legacy,2,1,3,"Train,Ancient,Dust2","212173,212169,212166",11241,B8
1566,2025-10-30 08:00:00,8046,PGL Masters Bucharest 2025,9928,GamerLegion,13404,Gentle Mates,2,0,2,"Inferno,Train","212201,212200",9928,GamerLegion
870,2025-10-30 12:20:00,8046,PGL Masters Bucharest 2025,11861,Aurora,6665,Astralis,2,1,3,"Mirage,Train,Nuke","212234,212229,212223",11861,Aurora
227,2025-10-31 08:00:00,8046,PGL Masters Bucharest 2025,11241,B8,11861,Aurora,1,2,3,"Overpass,Mirage,Dust2","212271,212268,212264",11861,Aurora
2897,2025-10-31 08:00:00,8046,PGL Masters Bucharest 2025,7175,HEROIC,9928,GamerLegion,1,2,3,"Nuke,Dust2,Ancient","212270,212265,212263",9928,GamerLegion
1317,2025-10-31 10:55:00,8046,PGL Masters Bucharest 2025,4773,paiN,12468,Legacy,1,2,3,"Nuke,Dust2,Inferno","212286,212281,212277",12468,Legacy
171,2025-10-31 11:00:00,8046,PGL Masters Bucharest 2025,10567,SAW,5973,Liquid,2,1,3,"Inferno,Train,Ancient","212282,212279,212274",10567,SAW
924,2025-10-31 14:15:00,8046,PGL Masters Bucharest 2025,9928,GamerLegion,11861,Aurora,0,2,2,"Dust2,Overpass","212292,212291",11861,Aurora
133,2025-10-31 15:45:00,8046,PGL Masters Bucharest 2025,12468,Legacy,10567,SAW,2,1,3,"Ancient,Nuke,Inferno","212310,212307,212298",12468,Legacy
201,2025-11-01 09:00:00,8046,PGL Masters Bucharest 2025,10567,SAW,9928,GamerLegion,2,1,3,"Nuke,Inferno,Overpass","212347,212345,212335",10567,SAW
810,2025-11-01 12:25:00,8046,PGL Masters Bucharest 2025,12468,Legacy,11861,Aurora,2,3,5,"Nuke,Inferno,Train,Mirage,Dust2","212400,212387,212373,212362,212355",11861,Aurora
2947,2025-11-03 02:00:00,8041,IEM Chengdu 2025,8840,Lynn Vision,8297,FURIA,0,2,2,"Overpass,Dust2","226863,212510",8297,FURIA
485,2025-11-03 02:00:00,8041,IEM Chengdu 2025,4863,TYLOO,11283,Falcons,0,2,2,"Ancient,Inferno","212512,212509",11283,Falcons
1738,2025-11-03 04:30:00,8041,IEM Chengdu 2025,4494,MOUZ,6667,FaZe,2,0,2,"Inferno,Ancient","212516,212513",4494,MOUZ
2420,2025-11-03 04:30:00,8041,IEM Chengdu 2025,9565,Vitality,5378,Virtus.pro,2,1,3,"Mirage,Dust2,Overpass","212518,212517,212515",9565,Vitality
2638,2025-11-03 07:00:00,8041,IEM Chengdu 2025,7175,HEROIC,6248,The MongolZ,1,2,3,"Ancient,Inferno,Overpass","212522,212521,212519",6248,The MongolZ
2190,2025-11-03 07:55:00,8041,IEM Chengdu 2025,4914,3DMAX,5995,G2,0,2,2,"Train,Inferno","212523,212520",5995,G2
1872,2025-11-03 09:45:00,8041,IEM Chengdu 2025,6665,Astralis,4608,Natus Vincere,2,1,3,"Inferno,Mirage,Nuke","212537,212531,212529",6665,Astralis
1996,2025-11-03 10:00:00,8041,IEM Chengdu 2025,7020,Spirit,4773,paiN,2,0,2,"Nuke,Ancient","212532,212528",7020,Spirit
2587,2025-11-04 02:00:00,8041,IEM Chengdu 2025,5995,G2,8297,FURIA,0,2,2,"Overpass,Train","212591,212588",8297,FURIA
2237,2025-11-04 02:00:00,8041,IEM Chengdu 2025,8840,Lynn Vision,4914,3DMAX,2,1,3,"Train,Inferno,Dust2","212594,212592,212589",8840,Lynn Vision
2377,2025-11-04 04:30:00,8041,IEM Chengdu 2025,6667,FaZe,5378,Virtus.pro,1,2,3,"Inferno,Mirage,Overpass","212599,212597,212595",5378,Virtus.pro
1794,2025-11-04 05:25:00,8041,IEM Chengdu 2025,9565,Vitality,4494,MOUZ,1,2,3,"Inferno,Nuke,Train","212601,212598,212596",4494,MOUZ
1905,2025-11-04 07:25:00,8041,IEM Chengdu 2025,7175,HEROIC,4608,Natus Vincere,2,1,3,"Inferno,Ancient,Nuke","212611,212605,212600",7175,HEROIC
2617,2025-11-04 08:50:00,8041,IEM Chengdu 2025,6665,Astralis,6248,The MongolZ,2,0,2,"Inferno,Nuke","212612,212606",6665,Astralis
1941,2025-11-04 10:30:00,8041,IEM Chengdu 2025,4773,paiN,4863,TYLOO,2,0,2,"Inferno,Nuke","212622,212616",4773,paiN
550,2025-11-04 10:35:00,8041,IEM Chengdu 2025,7020,Spirit,11283,Falcons,0,2,2,"Ancient,Dust2","212620,212617",11283,Falcons
2979,2025-11-05 02:00:00,8041,IEM Chengdu 2025,8840,Lynn Vision,9565,Vitality,0,2,2,"Nuke,Dust2","212673,212668",9565,Vitality
2359,2025-11-05 02:00:00,8041,IEM Chengdu 2025,5995,G2,5378,Virtus.pro,2,1,3,"Dust2,Inferno,Overpass","212676,212674,212670",5995,G2
2819,2025-11-05 04:30:00,8041,IEM Chengdu 2025,7175,HEROIC,7020,Spirit,1,2,3,"Ancient,Dust2,Overpass","212681,212678,212675",7020,Spirit
1974,2025-11-05 05:40:00,8041,IEM Chengdu 2025,4773,paiN,6248,The MongolZ,1,2,3,"Inferno,Ancient,Nuke","212684,212680,212677",6248,The MongolZ
1775,2025-11-05 08:00:00,8041,IEM Chengdu 2025,8297,FURIA,4494,MOUZ,1,2,3,"Train,Overpass,Inferno","212701,212690,212686",4494,MOUZ
2605,2025-11-05 09:00:00,8041,IEM Chengdu 2025,5995,G2,9565,Vitality,0,2,2,"Mirage,Train","212695,212688",9565,Vitality
531,2025-11-05 11:05:00,8041,IEM Chengdu 2025,6665,Astralis,11283,Falcons,0,2,2,"Mirage,Nuke","212711,212705",11283,Falcons
2631,2025-11-05 11:35:00,8041,IEM Chengdu 2025,7020,Spirit,6248,The MongolZ,1,2,3,"Mirage,Ancient,Dust2","212727,212718,212707",6248,The MongolZ
2744,2025-11-07 06:30:00,8041,IEM Chengdu 2025,6665,Astralis,9565,Vitality,1,2,3,"Mirage,Nuke,Inferno","212921,212916,212913",9565,Vitality
2645,2025-11-07 10:10:00,8041,IEM Chengdu 2025,6248,The MongolZ,8297,FURIA,0,2,2,"Overpass,Mirage","212950,212930",8297,FURIA
1795,2025-11-08 06:30:00,8041,IEM Chengdu 2025,4494,MOUZ,9565,Vitality,1,2,3,"Inferno,Train,Nuke","213127,213117,213113",9565,Vitality
563,2025-11-08 10:50:00,8041,IEM Chengdu 2025,8297,FURIA,11283,Falcons,2,0,2,"Mirage,Inferno","213149,213143",8297,FURIA
468,2025-11-09 04:00:00,8041,IEM Chengdu 2025,4494,MOUZ,11283,Falcons,1,2,3,"Mirage,Inferno,Ancient","213277,213276,213275",11283,Falcons
2964,2025-11-09 08:00:00,8041,IEM Chengdu 2025,9565,Vitality,8297,FURIA,0,3,3,"Overpass,Inferno,Ancient","213294,213286,213281",8297,FURIA
1218,2025-11-12 02:00:00,7908,BLAST Rivals 2025 Season 2,12426,Passion UA,6248,The MongolZ,2,1,3,"Nuke,Inferno,Overpass","213522,213520,213517",12426,Passion UA
548,2025-11-12 05:45:00,7908,BLAST Rivals 2025 Season 2,7020,Spirit,11283,Falcons,0,2,2,"Nuke,Dust2","213525,213523",11283,Falcons
2014,2025-11-12 08:25:00,7908,BLAST Rivals 2025 Season 2,8297,FURIA,4773,paiN,2,1,3,"Mirage,Overpass,Nuke","213538,213532,213526",8297,FURIA
2108,2025-11-12 11:50:00,7908,BLAST Rivals 2025 Season 2,4863,TYLOO,9565,Vitality,1,2,3,"Inferno,Nuke,Overpass","213554,213548,213543",9565,Vitality
2629,2025-11-13 02:00:00,7908,BLAST Rivals 2025 Season 2,7020,Spirit,6248,The MongolZ,2,0,2,"Ancient,Dust2","213616,213614",7020,Spirit
447,2025-11-13 04:10:00,7908,BLAST Rivals 2025 Season 2,12426,Passion UA,11283,Falcons,0,2,2,"Mirage,Train","213621,213620",11283,Falcons
1940,2025-11-13 06:30:00,7908,BLAST Rivals 2025 Season 2,4773,paiN,4863,TYLOO,2,1,3,"Overpass,Ancient,Nuke","213628,213626,213624",4773,paiN
2962,2025-11-13 10:00:00,7908,BLAST Rivals 2025 Season 2,9565,Vitality,8297,FURIA,1,2,3,"Inferno,Overpass,Nuke","213642,213637,213632",8297,FURIA
1207,2025-11-14 08:00:00,7908,BLAST Rivals 2025 Season 2,4773,paiN,12426,Passion UA,2,0,2,"Inferno,Nuke","213709,213708",4773,paiN
2846,2025-11-14 10:30:00,7908,BLAST Rivals 2025 Season 2,9565,Vitality,7020,Spirit,2,1,3,"Mirage,Nuke,Dust2","213719,213714,213712",9565,Vitality
2015,2025-11-15 07:30:00,7908,BLAST Rivals 2025 Season 2,4773,paiN,8297,FURIA,0,2,2,"Overpass,Nuke","213777,213775",8297,FURIA
576,2025-11-15 10:15:00,7908,BLAST Rivals 2025 Season 2,9565,Vitality,11283,Falcons,0,2,2,"Nuke,Inferno","213781,213779",11283,Falcons
561,2025-11-16 08:00:00,7908,BLAST Rivals 2025 Season 2,8297,FURIA,11283,Falcons,3,1,4,"Mirage,Train,Nuke,Inferno","213857,213852,213847,213844",8297,FURIA
1485,2025-11-22 10:00:00,8841,Digital Crusade DraculaN Season 3,13117,Inner Circle,13286,FUT,1,2,3,"Nuke,Train,Mirage","214245,214232,214218",13286,FUT
1161,2025-11-23 14:10:00,8831,CCT Season 3 Europe Series 11,7175,HEROIC,12394,BetBoom,0,2,2,"Nuke,Mirage","214326,214323",12394,BetBoom
1201,2025-11-23 15:05:00,8841,Digital Crusade DraculaN Season 3,13286,FUT,12426,Passion UA,2,0,2,"Train,Mirage","214339,214332",13286,FUT
232,2025-11-24 12:00:00,8504,StarLadder Budapest Major 2025 Stage 1,12376,M80,11241,B8,1,0,1,Mirage,214391,12376,M80
1300,2025-11-24 13:10:00,8504,StarLadder Budapest Major 2025 Stage 1,12468,Legacy,12774,FlyQuest,0,1,1,Train,214395,12774,FlyQuest
2780,2025-11-24 15:15:00,8504,StarLadder Budapest Major 2025 Stage 1,6667,FaZe,8840,Lynn Vision,1,0,1,Nuke,214415,6667,FaZe
1457,2025-11-24 19:15:00,8504,StarLadder Budapest Major 2025 Stage 1,9455,Imperial,12774,FlyQuest,0,1,1,Inferno,214429,12774,FlyQuest
1028,2025-11-24 20:35:00,8504,StarLadder Budapest Major 2025 Stage 1,12467,PARIVISION,12376,M80,0,1,1,Mirage,214443,12376,M80
1651,2025-11-24 22:15:00,8504,StarLadder Budapest Major 2025 Stage 1,4411,Ninjas in Pyjamas,8840,Lynn Vision,1,0,1,Train,214446,4411,Ninjas in Pyjamas
244,2025-11-25 14:00:00,8504,StarLadder Budapest Major 2025 Stage 1,11241,B8,12467,PARIVISION,1,0,1,Inferno,214474,11241,B8
1630,2025-11-25 15:10:00,8504,StarLadder Budapest Major 2025 Stage 1,6667,FaZe,4411,Ninjas in Pyjamas,0,1,1,Overpass,214480,4411,Ninjas in Pyjamas
2283,2025-11-25 15:10:00,8504,StarLadder Budapest Major 2025 Stage 1,4991,fnatic,9455,Imperial,1,0,1,Train,214479,4991,fnatic
249,2025-11-26 14:00:00,8504,StarLadder Budapest Major 2025 Stage 1,12468,Legacy,11241,B8,0,2,2,"Mirage,Dust2","214532,214528",11241,B8
1295,2025-11-26 19:35:00,8504,StarLadder Budapest Major 2025 Stage 1,9928,GamerLegion,12467,PARIVISION,0,2,2,"Ancient,Overpass","214556,214551",12467,PARIVISION
1240,2025-11-27 19:15:00,8504,StarLadder Budapest Major 2025 Stage 1,12468,Legacy,12467,PARIVISION,1,2,3,"Dust2,Inferno,Ancient","214588,214587,214586",12467,PARIVISION
2171,2025-11-29 12:00:00,8505,StarLadder Budapest Major 2025 Stage 2,4991,fnatic,4914,3DMAX,1,0,1,Inferno,214675,4991,fnatic
1625,2025-11-29 12:00:00,8505,StarLadder Budapest Major 2025 Stage 2,6665,Astralis,4411,Ninjas in Pyjamas,0,1,1,Nuke,214674,4411,Ninjas in Pyjamas
1261,2025-11-29 13:10:00,8505,StarLadder Budapest Major 2025 Stage 2,4863,TYLOO,12467,PARIVISION,1,0,1,Mirage,214679,4863,TYLOO
1221,2025-11-29 13:10:00,8505,StarLadder Budapest Major 2025 Stage 2,12426,Passion UA,6667,FaZe,0,1,1,Dust2,214683,6667,FaZe
800,2025-11-29 14:05:00,8505,StarLadder Budapest Major 2025 Stage 2,11861,Aurora,12376,M80,1,0,1,Dust2,214698,11861,Aurora
1416,2025-11-29 14:20:00,8505,StarLadder Budapest Major 2025 Stage 2,4608,Natus Vincere,12774,FlyQuest,1,0,1,Train,214699,4608,Natus Vincere
286,2025-11-29 15:05:00,8505,StarLadder Budapest Major 2025 Stage 2,5973,Liquid,11241,B8,0,1,1,Mirage,214712,11241,B8
1595,2025-11-29 17:00:00,8505,StarLadder Budapest Major 2025 Stage 2,4863,TYLOO,4411,Ninjas in Pyjamas,0,1,1,Nuke,214726,4411,Ninjas in Pyjamas
1424,2025-11-29 17:05:00,8505,StarLadder Budapest Major 2025 Stage 2,12774,FlyQuest,4914,3DMAX,0,1,1,Inferno,214728,4914,3DMAX
1924,2025-11-29 18:05:00,8505,StarLadder Budapest Major 2025 Stage 2,4608,Natus Vincere,9455,Imperial,1,0,1,Mirage,214737,4608,Natus Vincere
1073,2025-11-29 18:10:00,8505,StarLadder Budapest Major 2025 Stage 2,6665,Astralis,12376,M80,0,1,1,Ancient,214738,12376,M80
880,2025-11-29 19:15:00,8505,StarLadder Budapest Major 2025 Stage 2,11861,Aurora,6667,FaZe,0,1,1,Dust2,214745,6667,FaZe
284,2025-11-29 20:25:00,8505,StarLadder Budapest Major 2025 Stage 2,11241,B8,4991,fnatic,1,0,1,Ancient,214750,11241,B8
1268,2025-11-29 20:30:00,8505,StarLadder Budapest Major 2025 Stage 2,5973,Liquid,12467,PARIVISION,0,1,1,Dust2,214749,12467,PARIVISION
1483,2025-11-30 09:20:00,8726,DreamHack Knockout Stockholm 2025,13117,Inner Circle,13286,FUT,1,2,3,"Dust2,Ancient,Mirage","214789,214787,214781",13286,FUT
1210,2025-11-30 14:00:00,8505,StarLadder Budapest Major 2025 Stage 2,12426,Passion UA,4914,3DMAX,0,1,1,Train,214805,4914,3DMAX
1047,2025-11-30 14:00:00,8505,StarLadder Budapest Major 2025 Stage 2,4863,TYLOO,12376,M80,0,1,1,Train,214806,12376,M80
2284,2025-11-30 15:00:00,8505,StarLadder Budapest Major 2025 Stage 2,4991,fnatic,9455,Imperial,0,1,1,Dust2,214813,9455,Imperial
807,2025-11-30 15:00:00,8505,StarLadder Budapest Major 2025 Stage 2,11861,Aurora,12467,PARIVISION,0,1,1,Overpass,214814,12467,PARIVISION
1435,2025-11-30 16:15:00,8505,StarLadder Budapest Major 2025 Stage 2,12774,FlyQuest,6665,Astralis,0,2,2,"Overpass,Mirage","214829,214820",6665,Astralis
1631,2025-11-30 16:15:00,8505,StarLadder Budapest Major 2025 Stage 2,6667,FaZe,4411,Ninjas in Pyjamas,2,0,2,"Nuke,Inferno","214831,214822",6667,FaZe
270,2025-11-30 19:00:00,8505,StarLadder Budapest Major 2025 Stage 2,4608,Natus Vincere,11241,B8,2,0,2,"Mirage,Train","214840,214835",4608,Natus Vincere
1211,2025-12-01 14:00:00,8505,StarLadder Budapest Major 2025 Stage 2,12426,Passion UA,4991,fnatic,2,0,2,"Inferno,Overpass","214858,214854",12426,Passion UA
1251,2025-12-01 14:15:00,8505,StarLadder Budapest Major 2025 Stage 2,12467,PARIVISION,4411,Ninjas in Pyjamas,2,0,2,"Train,Dust2","214861,214855",12467,PARIVISION
874,2025-12-01 16:20:00,8505,StarLadder Budapest Major 2025 Stage 2,11861,Aurora,6665,Astralis,1,2,3,"Mirage,Train,Nuke","214873,214868,214865",6665,Astralis
1091,2025-12-01 17:20:00,8505,StarLadder Budapest Major 2025 Stage 2,9455,Imperial,12376,M80,2,1,3,"Train,Dust2,Mirage","214875,214871,214867",9455,Imperial
2077,2025-12-01 19:55:00,8505,StarLadder Budapest Major 2025 Stage 2,4863,TYLOO,5973,Liquid,1,2,3,"Inferno,Train,Ancient","214880,214878,214876",5973,Liquid
280,2025-12-01 20:40:00,8505,StarLadder Budapest Major 2025 Stage 2,11241,B8,4914,3DMAX,2,1,3,"Dust2,Ancient,Train","214882,214879,214877",11241,B8
1026,2025-12-02 14:00:00,8505,StarLadder Budapest Major 2025 Stage 2,12426,Passion UA,12376,M80,2,1,3,"Train,Inferno,Mirage","214913,214910,214909",12426,Passion UA
2472,2025-12-02 17:10:00,8505,StarLadder Budapest Major 2025 Stage 2,6665,Astralis,5973,Liquid,0,2,2,"Mirage,Nuke","214916,214915",5973,Liquid
1600,2025-12-02 19:20:00,8505,StarLadder Budapest Major 2025 Stage 2,4411,Ninjas in Pyjamas,4914,3DMAX,0,2,2,"Train,Ancient","214921,214919",4914,3DMAX
2663,2025-12-04 12:00:00,8042,StarLadder Budapest Major 2025,6248,The MongolZ,9455,Imperial,0,1,1,Dust2,214982,9455,Imperial
1253,2025-12-04 12:00:00,8042,StarLadder Budapest Major 2025,4494,MOUZ,12467,PARIVISION,1,0,1,Overpass,214981,4494,MOUZ
1216,2025-12-04 13:30:00,8042,StarLadder Budapest Major 2025,5995,G2,12426,Passion UA,1,0,1,Mirage,214988,5995,G2
2488,2025-12-04 13:35:00,8042,StarLadder Budapest Major 2025,7020,Spirit,5973,Liquid,1,0,1,Train,214989,7020,Spirit
1947,2025-12-04 14:35:00,8042,StarLadder Budapest Major 2025,4773,paiN,4914,3DMAX,1,0,1,Nuke,214991,4773,paiN
2797,2025-12-04 14:50:00,8042,StarLadder Budapest Major 2025,9565,Vitality,6667,FaZe,0,1,1,Nuke,214992,6667,FaZe
223,2025-12-04 15:40:00,8042,StarLadder Budapest Major 2025,11283,Falcons,11241,B8,0,1,1,Ancient,214998,11241,B8
1916,2025-12-04 16:00:00,8042,StarLadder Budapest Major 2025,8297,FURIA,4608,Natus Vincere,1,0,1,Nuke,214997,8297,FURIA
1966,2025-12-04 17:40:00,8042,StarLadder Budapest Major 2025,5995,G2,4773,paiN,1,0,1,Dust2,215005,5995,G2
2248,2025-12-04 18:00:00,8042,StarLadder Budapest Major 2025,9565,Vitality,4914,3DMAX,1,0,1,Nuke,215006,9565,Vitality
2765,2025-12-04 18:50:00,8042,StarLadder Budapest Major 2025,7020,Spirit,6667,FaZe,1,0,1,Dust2,215010,7020,Spirit
448,2025-12-04 18:50:00,8042,StarLadder Budapest Major 2025,11283,Falcons,12426,Passion UA,1,0,1,Nuke,215009,11283,Falcons
2464,2025-12-04 19:50:00,8042,StarLadder Budapest Major 2025,6248,The MongolZ,5973,Liquid,1,0,1,Inferno,215015,6248,The MongolZ
264,2025-12-04 19:50:00,8042,StarLadder Budapest Major 2025,4494,MOUZ,11241,B8,1,0,1,Overpass,215014,4494,MOUZ
2958,2025-12-04 21:00:00,8042,StarLadder Budapest Major 2025,9455,Imperial,8297,FURIA,0,1,1,Dust2,215020,8297,FURIA
1257,2025-12-04 21:00:00,8042,StarLadder Budapest Major 2025,4608,Natus Vincere,12467,PARIVISION,1,0,1,Ancient,215019,4608,Natus Vincere
2623,2025-12-05 14:00:00,8042,StarLadder Budapest Major 2025,6667,FaZe,6248,The MongolZ,0,1,1,Mirage,215058,6248,The MongolZ
329,2025-12-05 14:00:00,8042,StarLadder Budapest Major 2025,11241,B8,9565,Vitality,0,1,1,Inferno,215057,9565,Vitality
573,2025-12-05 14:55:00,8042,StarLadder Budapest Major 2025,9455,Imperial,11283,Falcons,0,1,1,Mirage,215060,11283,Falcons
1815,2025-12-05 15:00:00,8042,StarLadder Budapest Major 2025,4773,paiN,4608,Natus Vincere,0,1,1,Dust2,215062,4608,Natus Vincere
1214,2025-12-05 15:55:00,8042,StarLadder Budapest Major 2025,12426,Passion UA,5973,Liquid,2,0,2,"Mirage,Train","215072,215066",12426,Passion UA
1755,2025-12-05 16:15:00,8042,StarLadder Budapest Major 2025,4494,MOUZ,7020,Spirit,1,2,3,"Overpass,Train,Mirage","215080,215074,215070",7020,Spirit
1263,2025-12-05 18:05:00,8042,StarLadder Budapest Major 2025,4914,3DMAX,12467,PARIVISION,2,1,3,"Ancient,Inferno,Dust2","215091,215086,215077",4914,3DMAX
2588,2025-12-05 19:50:00,8042,StarLadder Budapest Major 2025,5995,G2,8297,FURIA,0,2,2,"Overpass,Inferno","215094,215087",8297,FURIA
272,2025-12-06 14:00:00,8042,StarLadder Budapest Major 2025,4773,paiN,11241,B8,0,2,2,"Ancient,Dust2","215154,215138",11241,B8
1929,2025-12-06 14:00:00,8042,StarLadder Budapest Major 2025,9565,Vitality,4608,Natus Vincere,2,0,2,"Train,Inferno","215150,215139",9565,Vitality
469,2025-12-06 16:35:00,8042,StarLadder Budapest Major 2025,4494,MOUZ,11283,Falcons,2,1,3,"Nuke,Inferno,Mirage","215176,215170,215161",4494,MOUZ
1234,2025-12-06 16:55:00,8042,StarLadder Budapest Major 2025,12426,Passion UA,9455,Imperial,2,0,2,"Dust2,Inferno","215171,215162",12426,Passion UA
2211,2025-12-06 19:15:00,8042,StarLadder Budapest Major 2025,6667,FaZe,4914,3DMAX,2,0,2,"Inferno,Dust2","215184,215177",6667,FaZe
2533,2025-12-06 20:05:00,8042,StarLadder Budapest Major 2025,6248,The MongolZ,5995,G2,2,0,2,"Dust2,Ancient","215185,215180",6248,The MongolZ
1484,2025-12-07 12:00:00,8798,Galaxy Battle 2025 Phase 5,13286,FUT,13117,Inner Circle,2,0,2,"Ancient,Mirage","215221,215217",13286,FUT
266,2025-12-07 14:00:00,8042,StarLadder Budapest Major 2025,11241,B8,4608,Natus Vincere,0,2,2,"Train,Ancient","215235,215226",4608,Natus Vincere
1220,2025-12-07 16:30:00,8042,StarLadder Budapest Major 2025,12426,Passion UA,6667,FaZe,0,2,2,"Mirage,Overpass","215251,215242",6667,FaZe
518,2025-12-07 19:00:00,8042,StarLadder Budapest Major 2025,5995,G2,11283,Falcons,1,2,3,"Dust2,Inferno,Ancient","215260,215259,215256",11283,Falcons
1113,2025-12-08 15:00:00,8798,Galaxy Battle 2025 Phase 5,12394,BetBoom,13286,FUT,0,2,2,"Mirage,Nuke","215290,215286",13286,FUT
551,2025-12-11 16:00:00,8042,StarLadder Budapest Major 2025,11283,Falcons,7020,Spirit,0,2,2,"Dust2,Nuke","215408,215404",7020,Spirit
2674,2025-12-11 19:10:00,8042,StarLadder Budapest Major 2025,6248,The MongolZ,9565,Vitality,0,2,2,"Dust2,Mirage","215413,215412",9565,Vitality
1739,2025-12-12 16:00:00,8042,StarLadder Budapest Major 2025,6667,FaZe,4494,MOUZ,2,0,2,"Inferno,Nuke","215451,215448",6667,FaZe
1917,2025-12-12 19:00:00,8042,StarLadder Budapest Major 2025,8297,FURIA,4608,Natus Vincere,1,2,3,"Train,Inferno,Mirage","215462,215459,215455",4608,Natus Vincere
2848,2025-12-13 16:00:00,8042,StarLadder Budapest Major 2025,9565,Vitality,7020,Spirit,2,0,2,"Dust2,Mirage","215493,215488",9565,Vitality
1885,2025-12-13 20:00:00,8042,StarLadder Budapest Major 2025,6667,FaZe,4608,Natus Vincere,2,1,3,"Inferno,Nuke,Ancient","215499,215498,215496",6667,FaZe
2798,2025-12-14 17:00:00,8042,StarLadder Budapest Major 2025,6667,FaZe,9565,Vitality,1,3,4,"Overpass,Inferno,Dust2,Nuke","215532,215531,215528,215525",9565,Vitality
1545,2025-12-21 16:30:00,8892,Roman Imperium Cup III,13404,Gentle Mates,4411,Ninjas in Pyjamas,0,2,2,"Train,Mirage","215945,215937",4411,Ninjas in Pyjamas
143,2025-12-21 20:00:00,8892,Roman Imperium Cup III,10567,SAW,4411,Ninjas in Pyjamas,0,2,2,"Overpass,Train","215959,215953",4411,Ninjas in Pyjamas
646,2026-01-04 07:15:00,8904,META Cup Season 3,11581,HOTU,12394,BetBoom,1,2,3,"Ancient,Mirage,Dust2","216186,216177,216172",12394,BetBoom
647,2026-01-04 14:45:00,8904,META Cup Season 3,11581,HOTU,12394,BetBoom,0,2,2,"Dust2,Train","216214,216205",12394,BetBoom
2810,2026-01-04 19:00:00,8906,Fragadelphia Miami 2026,6673,NRG,9928,GamerLegion,2,0,2,"Inferno,Dust2","216242,216235",6673,NRG
1095,2026-01-04 22:20:00,8906,Fragadelphia Miami 2026,12376,M80,9928,GamerLegion,0,2,2,"Inferno,Mirage","216245,216244",9928,GamerLegion
1076,2026-01-12 01:00:00,8751,fl0m Mythical LAN Las Vegas 2026,12376,M80,6673,NRG,2,0,2,"Dust2,Mirage","216362,216361",12376,M80
714,2026-01-13 13:20:00,8876,BLAST Bounty 2026 Season 1,11737,EYEBALLERS,6667,FaZe,2,1,3,"Inferno,Mirage,Ancient","216412,216409,216405",11737,EYEBALLERS
2270,2026-01-13 16:00:00,8876,BLAST Bounty 2026 Season 1,4991,fnatic,6665,Astralis,1,2,3,"Ancient,Overpass,Mirage","216426,216423,216417",6665,Astralis
643,2026-01-13 19:20:00,8876,BLAST Bounty 2026 Season 1,11581,HOTU,11861,Aurora,1,2,3,"Overpass,Nuke,Mirage","216438,216435,216434",11861,Aurora
1236,2026-01-14 11:00:00,8876,BLAST Bounty 2026 Season 1,9928,GamerLegion,12426,Passion UA,2,1,3,"Inferno,Mirage,Dust2","216453,216448,216444",9928,GamerLegion
2421,2026-01-14 19:15:00,8876,BLAST Bounty 2026 Season 1,5378,Virtus.pro,9565,Vitality,0,2,2,"Dust2,Overpass","216485,216481",9565,Vitality
1036,2026-01-15 11:00:00,8876,BLAST Bounty 2026 Season 1,12376,M80,13404,Gentle Mates,0,2,2,"Inferno,Mirage","216505,216502",13404,Gentle Mates
1611,2026-01-15 16:05:00,8876,BLAST Bounty 2026 Season 1,4411,Ninjas in Pyjamas,5973,Liquid,1,2,3,"Ancient,Mirage,Nuke","216535,216532,216525",5973,Liquid
1362,2026-01-16 02:10:00,8931,BetBoom RUSH B Summit Season 1,9215,MIBR,12468,Legacy,0,2,2,"Inferno,Mirage","216565,216564",12468,Legacy
1125,2026-01-16 15:00:00,8876,BLAST Bounty 2026 Season 1,12394,BetBoom,4773,paiN,0,2,2,"Nuke,Mirage","216626,216617",4773,paiN
2000,2026-01-17 11:00:00,8876,BLAST Bounty 2026 Season 1,4773,paiN,7175,HEROIC,0,2,2,"Mirage,Nuke","216712,216704",7175,HEROIC
1556,2026-01-17 13:10:00,8876,BLAST Bounty 2026 Season 1,5973,Liquid,13404,Gentle Mates,2,1,3,"Nuke,Mirage,Inferno","216734,216730,216724",5973,Liquid
926,2026-01-17 16:10:00,8876,BLAST Bounty 2026 Season 1,11861,Aurora,9928,GamerLegion,1,2,3,"Mirage,Dust2,Inferno","216771,216760,216742",9928,GamerLegion
2989,2026-01-17 19:00:00,8931,BetBoom RUSH B Summit Season 1,9215,MIBR,9455,Imperial,2,0,2,"Nuke,Inferno","216786,216777",9215,MIBR
436,2026-01-17 19:40:00,8876,BLAST Bounty 2026 Season 1,11811,Monte,11283,Falcons,0,2,2,"Mirage,Nuke","216787,216783",11283,Falcons
1363,2026-01-18 01:00:00,8931,BetBoom RUSH B Summit Season 1,12468,Legacy,9215,MIBR,1,2,3,"Nuke,Inferno,Ancient","216815,216814,216810",9215,MIBR
1276,2026-01-18 11:00:00,8876,BLAST Bounty 2026 Season 1,6665,Astralis,12467,PARIVISION,0,2,2,"Ancient,Dust2","216835,216832",12467,PARIVISION
717,2026-01-18 15:35:00,8876,BLAST Bounty 2026 Season 1,11737,EYEBALLERS,9565,Vitality,0,2,2,"Overpass,Anubis","216873,216862",9565,Vitality
1536,2026-01-18 18:05:00,8876,BLAST Bounty 2026 Season 1,13286,FUT,8297,FURIA,1,2,3,"Dust2,Overpass,Anubis","216889,216884,216879",8297,FURIA
653,2026-01-21 19:40:00,8899,IEM Rio 2026 Closed Qualifier,11581,HOTU,13404,Gentle Mates,2,0,2,"Ancient,Anubis","217109,217099",11581,HOTU
709,2026-01-22 13:00:00,8899,IEM Rio 2026 Closed Qualifier,11737,EYEBALLERS,13286,FUT,2,0,2,"Dust2,Anubis","217195,217184",11737,EYEBALLERS
512,2026-01-22 15:00:00,8246,BLAST Bounty 2026 Season 1 Finals,5973,Liquid,11283,Falcons,0,2,2,"Dust2,Nuke","217210,217200",11283,Falcons
2880,2026-01-22 18:05:00,8246,BLAST Bounty 2026 Season 1 Finals,7175,HEROIC,8297,FURIA,1,2,3,"Nuke,Dust2,Mirage","217235,217229,217220",8297,FURIA
3018,2026-01-23 15:00:00,8246,BLAST Bounty 2026 Season 1 Finals,9928,GamerLegion,9565,Vitality,0,2,2,"Dust2,Inferno","217317,217307",9565,Vitality
645,2026-01-23 16:00:00,8899,IEM Rio 2026 Closed Qualifier,12394,BetBoom,11581,HOTU,0,2,2,"Dust2,Overpass","217326,217316",11581,HOTU
1279,2026-01-23 17:50:00,8246,BLAST Bounty 2026 Season 1 Finals,7020,Spirit,12467,PARIVISION,1,2,3,"Ancient,Mirage,Overpass","217351,217340,217329",12467,PARIVISION
1115,2026-01-23 20:05:00,8899,IEM Rio 2026 Closed Qualifier,12394,BetBoom,13404,Gentle Mates,1,2,3,"Overpass,Mirage,Nuke","217364,217358,217353",13404,Gentle Mates
583,2026-01-24 15:00:00,8246,BLAST Bounty 2026 Season 1 Finals,11283,Falcons,9565,Vitality,2,1,3,"Mirage,Anubis,Inferno","217431,217425,217414",11283,Falcons
1288,2026-01-24 18:30:00,8246,BLAST Bounty 2026 Season 1 Finals,8297,FURIA,12467,PARIVISION,0,2,2,"Inferno,Mirage","217449,217439",12467,PARIVISION
450,2026-01-25 15:00:00,8246,BLAST Bounty 2026 Season 1 Finals,11283,Falcons,12467,PARIVISION,0,3,3,"Inferno,Dust2,Mirage","217527,217521,217514",12467,PARIVISION
648,2026-01-28 08:00:00,8947,MySkill Pro League Series 1,12394,BetBoom,11581,HOTU,2,1,3,"Nuke,Mirage,Anubis","217671,217669,217657",12394,BetBoom
1284,2026-01-28 10:00:00,8575,IEM Kraków 2026 Stage 1,7175,HEROIC,12467,PARIVISION,1,2,3,"Ancient,Dust2,Inferno","217679,217673,217664",12467,PARIVISION
925,2026-01-28 10:00:00,8575,IEM Kraków 2026 Stage 1,9928,GamerLegion,11861,Aurora,0,2,2,"Dust2,Nuke","217672,217663",11861,Aurora
1985,2026-01-28 12:30:00,8575,IEM Kraków 2026 Stage 1,4773,paiN,6665,Astralis,0,2,2,"Overpass,Dust2","217690,217684",6665,Astralis
300,2026-01-28 13:05:00,8575,IEM Kraków 2026 Stage 1,11241,B8,6673,NRG,1,2,3,"Inferno,Mirage,Dust2","217697,217691,217686",6673,NRG
1301,2026-01-28 15:00:00,8575,IEM Kraków 2026 Stage 1,12878,BC.Game,12468,Legacy,2,0,2,"Inferno,Overpass","217708,217699",12878,BC.Game
649,2026-01-28 15:10:00,8947,MySkill Pro League Series 1,12394,BetBoom,11581,HOTU,2,1,3,"Mirage,Dust2,Anubis","217722,217711,217703",12394,BetBoom
1511,2026-01-28 15:55:00,8575,IEM Kraków 2026 Stage 1,4914,3DMAX,13286,FUT,2,1,3,"Dust2,Anubis,Ancient","217724,217715,217706",4914,3DMAX
1610,2026-01-28 17:30:00,8575,IEM Kraków 2026 Stage 1,4411,Ninjas in Pyjamas,5973,Liquid,0,2,2,"Mirage,Nuke","217725,217720",5973,Liquid
1217,2026-01-28 19:25:00,8575,IEM Kraków 2026 Stage 1,12426,Passion UA,5995,G2,1,2,3,"Mirage,Dust2,Overpass","217733,217730,217727",5995,G2
274,2026-01-29 13:00:00,8575,IEM Kraków 2026 Stage 1,4773,paiN,11241,B8,2,0,2,"Mirage,Dust2","217758,217750",4773,paiN
808,2026-01-29 13:00:00,8575,IEM Kraków 2026 Stage 1,11861,Aurora,12467,PARIVISION,1,2,3,"Dust2,Anubis,Mirage","217761,217755,217748",12467,PARIVISION
1205,2026-01-29 15:30:00,8575,IEM Kraków 2026 Stage 1,4411,Ninjas in Pyjamas,12426,Passion UA,2,1,3,"Anubis,Nuke,Overpass","217777,217770,217766",4411,Ninjas in Pyjamas
1468,2026-01-29 15:45:00,8575,IEM Kraków 2026 Stage 1,4914,3DMAX,12878,BC.Game,2,0,2,"Anubis,Overpass","217771,217767",4914,3DMAX
2458,2026-01-29 18:00:00,8575,IEM Kraków 2026 Stage 1,5973,Liquid,5995,G2,1,2,3,"Anubis,Inferno,Mirage","217793,217787,217782",5995,G2
1304,2026-01-29 18:25:00,8575,IEM Kraków 2026 Stage 1,12468,Legacy,13286,FUT,0,2,2,"Ancient,Dust2","217788,217783",13286,FUT
2699,2026-01-30 13:00:00,8575,IEM Kraków 2026 Stage 1,6673,NRG,6665,Astralis,2,1,3,"Inferno,Overpass,Mirage","217835,217831,217824",6673,NRG
2898,2026-01-30 13:00:00,8575,IEM Kraków 2026 Stage 1,9928,GamerLegion,7175,HEROIC,2,0,2,"Mirage,Overpass","217830,217823",9928,GamerLegion
1466,2026-01-30 15:30:00,8575,IEM Kraków 2026 Stage 1,12878,BC.Game,4411,Ninjas in Pyjamas,2,0,2,"Nuke,Dust2","217844,217838",12878,BC.Game
837,2026-01-30 16:10:00,8575,IEM Kraków 2026 Stage 1,4773,paiN,11861,Aurora,0,2,2,"Overpass,Mirage","217848,217841",11861,Aurora
2751,2026-01-30 18:00:00,8575,IEM Kraków 2026 Stage 1,9928,GamerLegion,6665,Astralis,0,2,2,"Overpass,Inferno","217857,217853",6665,Astralis
1513,2026-01-30 18:15:00,8575,IEM Kraków 2026 Stage 1,13286,FUT,5973,Liquid,2,0,2,"Nuke,Ancient","217858,217852",13286,FUT
1258,2026-01-31 13:00:00,8240,IEM Kraków 2026,4608,Natus Vincere,12467,PARIVISION,2,1,3,"Ancient,Anubis,Dust2","217931,217914,217907",4608,Natus Vincere
2536,2026-01-31 13:00:00,8240,IEM Kraków 2026,5995,G2,6248,The MongolZ,2,0,2,"Ancient,Dust2","217911,217905",5995,G2
1534,2026-01-31 15:30:00,8240,IEM Kraków 2026,13286,FUT,8297,FURIA,2,0,2,"Dust2,Mirage","217936,217927",13286,FUT
2706,2026-01-31 16:45:00,8240,IEM Kraków 2026,7020,Spirit,6665,Astralis,2,0,2,"Overpass,Dust2","217949,217940",7020,Spirit
2214,2026-01-31 18:00:00,8240,IEM Kraków 2026,4914,3DMAX,6667,FaZe,2,0,2,"Nuke,Inferno","217959,217953",4914,3DMAX
1477,2026-01-31 19:15:00,8240,IEM Kraków 2026,12878,BC.Game,9565,Vitality,0,2,2,"Overpass,Dust2","217962,217958",9565,Vitality
1742,2026-02-01 13:00:00,8240,IEM Kraków 2026,6673,NRG,4494,MOUZ,0,2,2,"Ancient,Dust2","218029,218022",4494,MOUZ
439,2026-02-01 13:00:00,8240,IEM Kraków 2026,11283,Falcons,11861,Aurora,1,2,3,"Inferno,Mirage,Anubis","218035,218030,218020",11861,Aurora
1514,2026-02-01 15:30:00,8240,IEM Kraków 2026,13286,FUT,5995,G2,1,2,3,"Ancient,Dust2,Mirage","218053,218045,218038",5995,G2
2651,2026-02-01 16:15:00,8240,IEM Kraków 2026,8297,FURIA,6248,The MongolZ,2,1,3,"Nuke,Inferno,Mirage","218056,218051,218042",8297,FURIA
1273,2026-02-01 18:50:00,8240,IEM Kraków 2026,6665,Astralis,12467,PARIVISION,2,1,3,"Ancient,Dust2,Overpass","218074,218065,218059",6665,Astralis
1900,2026-02-01 19:30:00,8240,IEM Kraków 2026,4608,Natus Vincere,7020,Spirit,0,2,2,"Dust2,Mirage","218073,218063",7020,Spirit
825,2026-02-02 13:00:00,8240,IEM Kraków 2026,11861,Aurora,4494,MOUZ,2,0,2,"Inferno,Dust2","218108,218100",11861,Aurora
2249,2026-02-02 13:00:00,8240,IEM Kraków 2026,4914,3DMAX,9565,Vitality,0,2,2,"Dust2,Inferno","218106,218099",9565,Vitality
543,2026-02-02 15:30:00,8240,IEM Kraków 2026,6673,NRG,11283,Falcons,1,2,3,"Dust2,Ancient,Inferno","218127,218121,218113",11283,Falcons
1471,2026-02-02 15:30:00,8240,IEM Kraków 2026,6667,FaZe,12878,BC.Game,2,1,3,"Ancient,Nuke,Dust2","218126,218122,218115",6667,FaZe
1919,2026-02-02 18:15:00,8240,IEM Kraków 2026,4608,Natus Vincere,8297,FURIA,1,2,3,"Dust2,Inferno,Mirage","218145,218138,218133",8297,FURIA
1521,2026-02-02 18:30:00,8240,IEM Kraków 2026,13286,FUT,6665,Astralis,1,2,3,"Nuke,Overpass,Mirage","218144,218139,218134",6665,Astralis
1741,2026-02-03 13:00:00,8240,IEM Kraków 2026,6667,FaZe,4494,MOUZ,0,2,2,"Inferno,Mirage","218189,218179",4494,MOUZ
495,2026-02-03 13:00:00,8240,IEM Kraków 2026,4914,3DMAX,11283,Falcons,0,2,2,"Dust2,Anubis","218188,218180",11283,Falcons
2726,2026-02-03 15:30:00,8240,IEM Kraków 2026,8297,FURIA,6665,Astralis,2,1,3,"Nuke,Mirage,Overpass","218211,218203,218196",8297,FURIA
2564,2026-02-03 15:30:00,8240,IEM Kraków 2026,7020,Spirit,5995,G2,2,1,3,"Dust2,Overpass,Anubis","218212,218204,218198",7020,Spirit
916,2026-02-03 18:40:00,8240,IEM Kraków 2026,11861,Aurora,9565,Vitality,0,2,2,"Overpass,Ancient","218236,218218",9565,Vitality
472,2026-02-03 19:10:00,8240,IEM Kraków 2026,4494,MOUZ,11283,Falcons,2,0,2,"Dust2,Inferno","218238,218225",4494,MOUZ
908,2026-02-06 14:45:00,8240,IEM Kraków 2026,11861,Aurora,8297,FURIA,0,2,2,"Mirage,Dust2","218399,218394",8297,FURIA
1546,2026-02-06 16:35:00,8968,RES Showdown 3: BLAST Premier Rising Event,13404,Gentle Mates,4411,Ninjas in Pyjamas,1,2,3,"Nuke,Anubis,Ancient","218419,218411,218403",4411,Ninjas in Pyjamas
1710,2026-02-06 18:00:00,8240,IEM Kraków 2026,4494,MOUZ,5995,G2,2,0,2,"Dust2,Overpass","218425,218417",4494,MOUZ
1478,2026-02-07 13:00:00,8968,RES Showdown 3: BLAST Premier Rising Event,12878,BC.Game,9928,GamerLegion,0,2,2,"Inferno,Nuke","218491,218486",9928,GamerLegion
2832,2026-02-07 14:45:00,8240,IEM Kraków 2026,7020,Spirit,8297,FURIA,1,2,3,"Nuke,Dust2,Mirage","218504,218499,218494",8297,FURIA
1797,2026-02-07 19:10:00,8240,IEM Kraków 2026,4494,MOUZ,9565,Vitality,0,2,2,"Dust2,Nuke","218517,218513",9565,Vitality
1027,2026-02-07 21:15:00,8953,Ace NA Masters 2026 Season 1 - BLAST Premier Rising Event,12426,Passion UA,12376,M80,2,1,3,"Inferno,Mirage,Overpass","218527,218524,218522",12426,Passion UA
2103,2026-02-08 12:00:00,8949,Yuqilin Pinnacle of Battle Season 2 - BLAST Premier Rising Event,8840,Lynn Vision,4863,TYLOO,0,2,2,"Overpass,Nuke","218547,218540",4863,TYLOO
1757,2026-02-08 12:30:00,8240,IEM Kraków 2026,7020,Spirit,4494,MOUZ,2,0,2,"Mirage,Dust2","218546,218542",7020,Spirit
1654,2026-02-08 13:00:00,8968,RES Showdown 3: BLAST Premier Rising Event,9928,GamerLegion,4411,Ninjas in Pyjamas,1,2,3,"Ancient,Mirage,Nuke","218554,218550,218545",4411,Ninjas in Pyjamas
2965,2026-02-08 16:00:00,8240,IEM Kraków 2026,8297,FURIA,9565,Vitality,1,3,4,"Overpass,Nuke,Inferno,Mirage","218584,218576,218565,218557",9565,Vitality
1223,2026-02-08 17:00:00,8953,Ace NA Masters 2026 Season 1 - BLAST Premier Rising Event,12426,Passion UA,6673,NRG,0,2,2,"Mirage,Nuke","218574,218560",6673,NRG
742,2026-02-13 11:00:00,8979,Copenhagen Gaming Week Showdown 2026,13501,illwill,11811,Monte,0,2,2,"Dust2,Mirage","218981,218977",11811,Monte
818,2026-02-14 08:30:00,8047,PGL Cluj-Napoca 2026,11861,Aurora,13286,FUT,1,2,3,"Overpass,Anubis,Mirage","219073,219062,219049",13286,FUT
1874,2026-02-14 08:30:00,8047,PGL Cluj-Napoca 2026,6665,Astralis,4608,Natus Vincere,0,2,2,"Mirage,Nuke","219060,219050",4608,Natus Vincere
1254,2026-02-14 10:30:00,8047,PGL Cluj-Napoca 2026,4494,MOUZ,12467,PARIVISION,2,1,3,"Overpass,Inferno,Dust2","219104,219093,219080",4494,MOUZ
2771,2026-02-14 11:45:00,8047,PGL Cluj-Napoca 2026,7175,HEROIC,6667,FaZe,0,2,2,"Ancient,Overpass","219101,219082",6667,FaZe
743,2026-02-14 13:40:00,8979,Copenhagen Gaming Week Showdown 2026,13501,illwill,11811,Monte,1,2,3,"Mirage,Nuke,Dust2","219143,219126,219105",11811,Monte
494,2026-02-14 14:35:00,8047,PGL Cluj-Napoca 2026,4914,3DMAX,11283,Falcons,0,2,2,"Dust2,Nuke","219144,219122",11283,Falcons
2606,2026-02-14 14:40:00,8047,PGL Cluj-Napoca 2026,5995,G2,9565,Vitality,1,2,3,"Anubis,Inferno,Mirage","219161,219151,219128",9565,Vitality
1976,2026-02-14 16:55:00,8047,PGL Cluj-Napoca 2026,6248,The MongolZ,4773,paiN,2,1,3,"Dust2,Mirage,Nuke","219175,219167,219157",6248,The MongolZ
654,2026-02-14 18:00:00,8975,IstanbuLAN 2026,13404,Gentle Mates,11581,HOTU,2,1,3,"Overpass,Nuke,Anubis","219192,219181,219171",13404,Gentle Mates
317,2026-02-14 18:30:00,8047,PGL Cluj-Napoca 2026,11241,B8,8297,FURIA,0,2,2,"Inferno,Mirage","219191,219173",8297,FURIA
1664,2026-02-15 08:00:00,8047,PGL Cluj-Napoca 2026,4494,MOUZ,4608,Natus Vincere,2,0,2,"Mirage,Inferno","219212,219205",4494,MOUZ
2206,2026-02-15 08:15:00,8047,PGL Cluj-Napoca 2026,6665,Astralis,4914,3DMAX,2,0,2,"Nuke,Overpass","219210,219204",6665,Astralis
1269,2026-02-15 10:25:00,8047,PGL Cluj-Napoca 2026,5995,G2,12467,PARIVISION,1,2,3,"Dust2,Inferno,Mirage","219230,219225,219219",12467,PARIVISION
541,2026-02-15 10:35:00,8047,PGL Cluj-Napoca 2026,11283,Falcons,6667,FaZe,2,1,3,"Ancient,Dust2,Anubis","219233,219227,219220",11283,Falcons
835,2026-02-15 13:30:00,8047,PGL Cluj-Napoca 2026,11861,Aurora,4773,paiN,2,1,3,"Dust2,Anubis,Nuke","219259,219246,219237",11861,Aurora
1533,2026-02-15 13:55:00,8047,PGL Cluj-Napoca 2026,13286,FUT,8297,FURIA,1,2,3,"Anubis,Overpass,Mirage","219274,219256,219241",8297,FURIA
307,2026-02-15 16:30:00,8047,PGL Cluj-Napoca 2026,7175,HEROIC,11241,B8,0,2,2,"Ancient,Nuke","219281,219273",11241,B8
2675,2026-02-15 17:40:00,8047,PGL Cluj-Napoca 2026,9565,Vitality,6248,The MongolZ,2,1,3,"Nuke,Dust2,Mirage","219312,219302,219290",9565,Vitality
829,2026-02-16 08:00:00,8047,PGL Cluj-Napoca 2026,4608,Natus Vincere,11861,Aurora,2,1,3,"Inferno,Mirage,Anubis","219376,219372,219365",4608,Natus Vincere
1277,2026-02-16 08:00:00,8047,PGL Cluj-Napoca 2026,12467,PARIVISION,6667,FaZe,2,1,3,"Inferno,Ancient,Mirage","219373,219368,219364",12467,PARIVISION
1519,2026-02-16 11:05:00,8047,PGL Cluj-Napoca 2026,6665,Astralis,13286,FUT,0,2,2,"Mirage,Overpass","219383,219378",13286,FUT
290,2026-02-16 11:40:00,8047,PGL Cluj-Napoca 2026,6248,The MongolZ,11241,B8,2,1,3,"Nuke,Mirage,Ancient","219391,219385,219379",6248,The MongolZ
2223,2026-02-16 13:15:00,8047,PGL Cluj-Napoca 2026,7175,HEROIC,4914,3DMAX,2,0,2,"Inferno,Nuke","219406,219390",7175,HEROIC
1796,2026-02-16 15:10:00,8047,PGL Cluj-Napoca 2026,9565,Vitality,4494,MOUZ,2,0,2,"Inferno,Dust2","219411,219402",9565,Vitality
1967,2026-02-16 16:10:00,8047,PGL Cluj-Napoca 2026,4773,paiN,5995,G2,0,2,2,"Mirage,Inferno","219422,219416",5995,G2
564,2026-02-16 17:10:00,8047,PGL Cluj-Napoca 2026,11283,Falcons,8297,FURIA,2,1,3,"Anubis,Inferno,Mirage","219446,219433,219421",11283,Falcons
1498,2026-02-17 10:00:00,8047,PGL Cluj-Napoca 2026,13286,FUT,4494,MOUZ,0,2,2,"Overpass,Mirage","219487,219477",4494,MOUZ
2697,2026-02-17 10:00:00,8047,PGL Cluj-Napoca 2026,6665,Astralis,6667,FaZe,2,0,2,"Mirage,Ancient","219486,219476",6665,Astralis
228,2026-02-17 12:05:00,8047,PGL Cluj-Napoca 2026,11861,Aurora,11241,B8,2,0,2,"Mirage,Overpass","219503,219493",11861,Aurora
1861,2026-02-17 12:35:00,8047,PGL Cluj-Napoca 2026,4608,Natus Vincere,6248,The MongolZ,1,2,3,"Mirage,Nuke,Inferno","219512,219504,219495",6248,The MongolZ
2573,2026-02-17 14:25:00,8047,PGL Cluj-Napoca 2026,7175,HEROIC,5995,G2,0,2,2,"Ancient,Mirage","219519,219513",5995,G2
1287,2026-02-17 15:25:00,8047,PGL Cluj-Napoca 2026,8297,FURIA,12467,PARIVISION,2,1,3,"Mirage,Inferno,Dust2","219559,219541,219528",8297,FURIA
871,2026-02-18 10:00:00,8047,PGL Cluj-Napoca 2026,6665,Astralis,11861,Aurora,0,2,2,"Dust2,Overpass","219640,219633",11861,Aurora
1245,2026-02-18 12:05:00,8047,PGL Cluj-Napoca 2026,13286,FUT,12467,PARIVISION,1,2,3,"Ancient,Mirage,Dust2","219661,219656,219646",12467,PARIVISION
1851,2026-02-18 16:05:00,8047,PGL Cluj-Napoca 2026,5995,G2,4608,Natus Vincere,0,2,2,"Ancient,Dust2","219688,219672",4608,Natus Vincere
710,2026-02-19 11:30:00,8999,Roman Imperium Cup V,11737,EYEBALLERS,13404,Gentle Mates,1,2,3,"Ancient,Inferno,Mirage","219784,219775,219762",13404,Gentle Mates
449,2026-02-20 08:00:00,8047,PGL Cluj-Napoca 2026,11283,Falcons,12467,PARIVISION,1,2,3,"Ancient,Mirage,Dust2","219874,219865,219858",12467,PARIVISION
1665,2026-02-20 12:10:00,8047,PGL Cluj-Napoca 2026,4494,MOUZ,4608,Natus Vincere,2,1,3,"Mirage,Inferno,Ancient","219902,219896,219887",4494,MOUZ
915,2026-02-20 15:55:00,8047,PGL Cluj-Napoca 2026,11861,Aurora,9565,Vitality,0,2,2,"Overpass,Inferno","219926,219919",9565,Vitality
748,2026-02-20 18:30:00,8999,Roman Imperium Cup V,11811,Monte,4411,Ninjas in Pyjamas,2,1,3,"Mirage,Nuke,Dust2","219949,219941,219934",11811,Monte
2648,2026-02-20 18:50:00,8047,PGL Cluj-Napoca 2026,8297,FURIA,6248,The MongolZ,1,2,3,"Nuke,Dust2,Mirage","219952,219943,219937",6248,The MongolZ
1203,2026-02-21 11:00:00,8999,Roman Imperium Cup V,12426,Passion UA,13404,Gentle Mates,0,2,2,"Nuke,Overpass","220011,220004",13404,Gentle Mates
1255,2026-02-21 15:00:00,8047,PGL Cluj-Napoca 2026,12467,PARIVISION,4494,MOUZ,2,0,2,"Inferno,Dust2","220048,220038",12467,PARIVISION
2676,2026-02-21 18:00:00,8047,PGL Cluj-Napoca 2026,6248,The MongolZ,9565,Vitality,0,2,2,"Dust2,Mirage","220080,220067",9565,Vitality
1116,2026-02-22 11:00:00,8999,Roman Imperium Cup V,13404,Gentle Mates,12394,BetBoom,2,1,3,"Overpass,Mirage,Nuke","220157,220136,220126",13404,Gentle Mates
1716,2026-02-22 12:00:00,8047,PGL Cluj-Napoca 2026,6248,The MongolZ,4494,MOUZ,0,2,2,"Inferno,Mirage","220145,220129",4494,MOUZ
1292,2026-02-22 16:00:00,8047,PGL Cluj-Napoca 2026,12467,PARIVISION,9565,Vitality,0,3,3,"Inferno,Dust2,Overpass","220212,220201,220188",9565,Vitality
1463,2026-02-22 17:00:00,9004,Parken Challenger Championship Season 1,13501,illwill,12878,BC.Game,1,0,1,Nuke,220199,13501,illwill
655,2026-02-22 18:45:00,8999,Roman Imperium Cup V,13404,Gentle Mates,11581,HOTU,1,2,3,"Overpass,Nuke,Mirage","220234,220225,220217",11581,HOTU
1567,2026-02-23 12:00:00,9004,Parken Challenger Championship Season 1,13501,illwill,9928,GamerLegion,0,2,2,"Mirage,Anubis","220294,220284",9928,GamerLegion
1464,2026-02-23 16:00:00,9004,Parken Challenger Championship Season 1,13501,illwill,12878,BC.Game,2,0,2,"Dust2,Nuke","220318,220311",13501,illwill
1568,2026-02-24 15:00:00,9004,Parken Challenger Championship Season 1,13501,illwill,9928,GamerLegion,0,2,2,"Mirage,Nuke","220408,220399",9928,GamerLegion
1446,2026-02-27 17:00:00,8998,Digital Crusade DraculaN Season 5,12774,FlyQuest,7175,HEROIC,0,2,2,"Nuke,Dust2","220838,220828",7175,HEROIC
2807,2026-03-01 10:35:00,8241,ESL Pro League Season 23 Stage 1,6673,NRG,7175,HEROIC,0,2,2,"Nuke,Inferno","221027,221020",7175,HEROIC
773,2026-03-01 13:00:00,8241,ESL Pro League Season 23 Stage 1,6665,Astralis,11811,Monte,2,1,3,"Nuke,Ancient,Dust2","221049,221039,221033",6665,Astralis
1307,2026-03-01 15:45:00,8241,ESL Pro League Season 23 Stage 1,12468,Legacy,4411,Ninjas in Pyjamas,2,1,3,"Overpass,Nuke,Ancient","221087,221077,221064",12468,Legacy
1035,2026-03-01 15:50:00,8241,ESL Pro League Season 23 Stage 1,13286,FUT,12376,M80,2,1,3,"Ancient,Mirage,Anubis","221078,221071,221063",13286,FUT
1949,2026-03-01 18:55:00,8241,ESL Pro League Season 23 Stage 1,4914,3DMAX,4773,paiN,1,2,3,"Inferno,Dust2,Nuke","221111,221100,221089",4773,paiN
1215,2026-03-01 19:45:00,8241,ESL Pro League Season 23 Stage 1,12426,Passion UA,5973,Liquid,2,0,2,"Nuke,Dust2","221104,221097",12426,Passion UA
2990,2026-03-01 20:00:00,8985,PGL Bucharest 2026 South America Closed Qualifier,9455,Imperial,9215,MIBR,3,2,5,"Overpass,Nuke,Anubis,Mirage,Inferno","221129,221120,221115,221105,221099",9455,Imperial
2713,2026-03-02 10:30:00,8241,ESL Pro League Season 23 Stage 1,7175,HEROIC,6665,Astralis,0,2,2,"Overpass,Dust2","221157,221149",6665,Astralis
777,2026-03-02 10:30:00,8241,ESL Pro League Season 23 Stage 1,6673,NRG,11811,Monte,0,2,2,"Anubis,Nuke","221153,221146",11811,Monte
1260,2026-03-02 13:35:00,8241,ESL Pro League Season 23 Stage 1,4773,paiN,12467,PARIVISION,0,2,2,"Dust2,Mirage","221185,221166",12467,PARIVISION
1037,2026-03-02 15:30:00,8241,ESL Pro League Season 23 Stage 1,4411,Ninjas in Pyjamas,12376,M80,1,2,3,"Dust2,Ancient,Anubis","221205,221195,221182",12376,M80
1200,2026-03-02 16:35:00,8241,ESL Pro League Season 23 Stage 1,13286,FUT,12426,Passion UA,2,1,3,"Dust2,Mirage,Anubis","221213,221204,221196",13286,FUT
1333,2026-03-02 19:55:00,8241,ESL Pro League Season 23 Stage 1,12468,Legacy,5995,G2,2,0,2,"Dust2,Inferno","221236,221228",12468,Legacy
779,2026-03-03 10:30:00,8241,ESL Pro League Season 23 Stage 1,11811,Monte,7175,HEROIC,2,0,2,"Nuke,Dust2","221266,221255",11811,Monte
1522,2026-03-03 10:30:00,8241,ESL Pro League Season 23 Stage 1,6665,Astralis,13286,FUT,0,2,2,"Mirage,Overpass","221263,221262",13286,FUT
1238,2026-03-03 13:00:00,8241,ESL Pro League Season 23 Stage 1,12468,Legacy,12467,PARIVISION,2,0,2,"Dust2,Inferno","221292,221281",12468,Legacy
1208,2026-03-03 16:55:00,8241,ESL Pro League Season 23 Stage 1,4773,paiN,12426,Passion UA,2,1,3,"Mirage,Overpass,Inferno","221349,221333,221318",4773,paiN
1068,2026-03-03 18:05:00,8241,ESL Pro League Season 23 Stage 1,12376,M80,5995,G2,1,2,3,"Dust2,Mirage,Overpass","221354,221336,221322",5995,G2
1633,2026-03-03 20:45:00,8241,ESL Pro League Season 23 Stage 1,4411,Ninjas in Pyjamas,6673,NRG,2,1,3,"Anubis,Ancient,Mirage","221370,221363,221360",4411,Ninjas in Pyjamas
2208,2026-03-04 12:30:00,8241,ESL Pro League Season 23 Stage 1,4914,3DMAX,6665,Astralis,0,2,2,"Overpass,Dust2","221413,221402",6665,Astralis
735,2026-03-04 12:30:00,8241,ESL Pro League Season 23 Stage 1,12467,PARIVISION,11811,Monte,1,2,3,"Inferno,Dust2,Mirage","221444,221416,221406",11811,Monte
1227,2026-03-04 16:50:00,8241,ESL Pro League Season 23 Stage 1,12426,Passion UA,7175,HEROIC,0,2,2,"Nuke,Overpass","221467,221455",7175,HEROIC
1968,2026-03-04 17:35:00,8241,ESL Pro League Season 23 Stage 1,4773,paiN,5995,G2,2,0,2,"Mirage,Inferno","221491,221477",4773,paiN
1061,2026-03-04 19:00:00,8241,ESL Pro League Season 23 Stage 1,5973,Liquid,12376,M80,2,1,3,"Mirage,Inferno,Anubis","221510,221499,221484",5973,Liquid
1281,2026-03-05 12:30:00,8241,ESL Pro League Season 23 Stage 1,7175,HEROIC,12467,PARIVISION,2,0,2,"Dust2,Inferno","221561,221553",7175,HEROIC
1617,2026-03-05 15:00:00,8241,ESL Pro League Season 23 Stage 1,4411,Ninjas in Pyjamas,5995,G2,0,2,2,"Dust2,Anubis","221593,221579",5995,G2
2178,2026-03-05 17:55:00,8241,ESL Pro League Season 23 Stage 1,5973,Liquid,4914,3DMAX,0,2,2,"Dust2,Nuke","221629,221606",4914,3DMAX
749,2026-03-06 10:30:00,8412,ESL Pro League Season 23 Stage 2,4608,Natus Vincere,11811,Monte,2,1,3,"Mirage,Inferno,Dust2","221717,221709,221705",4608,Natus Vincere
1524,2026-03-06 10:30:00,8412,ESL Pro League Season 23 Stage 2,6665,Astralis,13286,FUT,2,0,2,"Mirage,Ancient","221708,221703",6665,Astralis
811,2026-03-06 13:00:00,8412,ESL Pro League Season 23 Stage 2,12468,Legacy,11861,Aurora,1,2,3,"Dust2,Overpass,Inferno","221757,221745,221723",11861,Aurora
2218,2026-03-06 13:40:00,8412,ESL Pro League Season 23 Stage 2,4914,3DMAX,7020,Spirit,0,2,2,"Overpass,Nuke","221741,221732",7020,Spirit
2552,2026-03-06 16:05:00,8412,ESL Pro League Season 23 Stage 2,6667,FaZe,5995,G2,0,2,2,"Ancient,Dust2","221758,221750",5995,G2
1764,2026-03-06 18:10:00,8412,ESL Pro League Season 23 Stage 2,4494,MOUZ,7175,HEROIC,2,1,3,"Inferno,Mirage,Dust2","221785,221779,221768",4494,MOUZ
1978,2026-03-06 18:10:00,8412,ESL Pro League Season 23 Stage 2,4773,paiN,6248,The MongolZ,0,2,2,"Mirage,Nuke","221783,221767",6248,The MongolZ
320,2026-03-06 21:05:00,8412,ESL Pro League Season 23 Stage 2,11241,B8,8297,FURIA,2,1,3,"Dust2,Overpass,Mirage","221794,221791,221787",11241,B8
1994,2026-03-07 10:30:00,8412,ESL Pro League Season 23 Stage 2,4773,paiN,6667,FaZe,2,1,3,"Mirage,Dust2,Nuke","221825,221815,221804",4773,paiN
866,2026-03-07 10:30:00,8412,ESL Pro League Season 23 Stage 2,11861,Aurora,6248,The MongolZ,0,2,2,"Mirage,Dust2","221813,221803",6248,The MongolZ
1854,2026-03-07 13:00:00,8412,ESL Pro League Season 23 Stage 2,4608,Natus Vincere,5995,G2,1,2,3,"Ancient,Mirage,Dust2","221846,221835,221826",5995,G2
737,2026-03-07 14:10:00,8412,ESL Pro League Season 23 Stage 2,11811,Monte,12468,Legacy,0,2,2,"Ancient,Dust2","221847,221839",12468,Legacy
1724,2026-03-07 16:15:00,8412,ESL Pro League Season 23 Stage 2,4494,MOUZ,6665,Astralis,2,1,3,"Overpass,Mirage,Ancient","221884,221874,221861",4494,MOUZ
1532,2026-03-07 16:20:00,8412,ESL Pro League Season 23 Stage 2,7175,HEROIC,13286,FUT,1,2,3,"Mirage,Ancient,Nuke","221880,221869,221858",13286,FUT
2235,2026-03-07 19:05:00,8412,ESL Pro League Season 23 Stage 2,4914,3DMAX,8297,FURIA,2,0,2,"Overpass,Dust2","221909,221892",4914,3DMAX
303,2026-03-07 19:20:00,8412,ESL Pro League Season 23 Stage 2,7020,Spirit,11241,B8,2,1,3,"Anubis,Nuke,Mirage","221913,221904,221893",7020,Spirit
836,2026-03-08 10:30:00,8412,ESL Pro League Season 23 Stage 2,4773,paiN,11861,Aurora,0,2,2,"Overpass,Nuke","221937,221931",11861,Aurora
776,2026-03-08 10:30:00,8412,ESL Pro League Season 23 Stage 2,11811,Monte,6667,FaZe,0,2,2,"Overpass,Dust2","221949,221929",6667,FaZe
1510,2026-03-08 13:00:00,8412,ESL Pro League Season 23 Stage 2,4914,3DMAX,13286,FUT,2,0,2,"Ancient,Dust2","221962,221950",4914,3DMAX
269,2026-03-08 14:00:00,8412,ESL Pro League Season 23 Stage 2,11241,B8,4608,Natus Vincere,0,2,2,"Inferno,Mirage","221978,221963",4608,Natus Vincere
1342,2026-03-08 15:30:00,8412,ESL Pro League Season 23 Stage 2,12468,Legacy,6665,Astralis,2,0,2,"Ancient,Dust2","221987,221976",12468,Legacy
1718,2026-03-08 16:40:00,8412,ESL Pro League Season 23 Stage 2,6248,The MongolZ,4494,MOUZ,0,2,2,"Overpass,Ancient","221998,221986",4494,MOUZ
2881,2026-03-08 18:00:00,8412,ESL Pro League Season 23 Stage 2,7175,HEROIC,8297,FURIA,1,2,3,"Inferno,Overpass,Dust2","222038,222014,222001",8297,FURIA
2567,2026-03-08 18:30:00,8412,ESL Pro League Season 23 Stage 2,7020,Spirit,5995,G2,2,0,2,"Anubis,Ancient","222033,222012",7020,Spirit
257,2026-03-09 12:30:00,8412,ESL Pro League Season 23 Stage 2,11241,B8,13286,FUT,0,2,2,"Anubis,Dust2","222138,222122",13286,FUT
2202,2026-03-09 12:30:00,8412,ESL Pro League Season 23 Stage 2,4914,3DMAX,6248,The MongolZ,1,2,3,"Inferno,Ancient,Dust2","222154,222139,222123",6248,The MongolZ
1315,2026-03-09 15:00:00,8412,ESL Pro League Season 23 Stage 2,12468,Legacy,4608,Natus Vincere,2,0,2,"Mirage,Dust2","222171,222158",12468,Legacy
2698,2026-03-09 15:45:00,8412,ESL Pro League Season 23 Stage 2,6665,Astralis,6667,FaZe,2,1,3,"Inferno,Ancient,Dust2","222189,222173,222168",6665,Astralis
2018,2026-03-09 17:30:00,8412,ESL Pro League Season 23 Stage 2,4773,paiN,8297,FURIA,0,2,2,"Dust2,Inferno","222196,222181",8297,FURIA
855,2026-03-09 19:15:00,8412,ESL Pro League Season 23 Stage 2,11861,Aurora,5995,G2,2,0,2,"Anubis,Mirage","222221,222210",11861,Aurora
1823,2026-03-10 12:30:00,8412,ESL Pro League Season 23 Stage 2,4914,3DMAX,4608,Natus Vincere,1,2,3,"Ancient,Inferno,Dust2","222292,222287,222280",4608,Natus Vincere
1516,2026-03-10 15:45:00,8412,ESL Pro League Season 23 Stage 2,5995,G2,13286,FUT,1,2,3,"Overpass,Dust2,Mirage","222315,222308,222300",13286,FUT
2727,2026-03-10 19:00:00,8412,ESL Pro League Season 23 Stage 2,6665,Astralis,8297,FURIA,2,1,3,"Inferno,Dust2,Nuke","222336,222331,222320",6665,Astralis
1866,2026-03-13 09:00:00,8413,ESL Pro League Season 23 Finals,4608,Natus Vincere,6248,The MongolZ,2,0,2,"Mirage,Ancient","222571,222567",4608,Natus Vincere
812,2026-03-13 12:10:00,8413,ESL Pro League Season 23 Finals,11861,Aurora,12468,Legacy,2,1,3,"Inferno,Overpass,Dust2","222595,222588,222581",11861,Aurora
1502,2026-03-13 16:00:00,8413,ESL Pro League Season 23 Finals,13286,FUT,4494,MOUZ,2,1,3,"Mirage,Overpass,Dust2","222629,222618,222607",13286,FUT
1375,2026-03-13 19:35:00,9042,HyperX Roman Imperium Cup VI,12878,BC.Game,12474,Alliance,0,1,1,Anubis,222636,12474,Alliance
2707,2026-03-13 20:30:00,8413,ESL Pro League Season 23 Finals,7020,Spirit,6665,Astralis,0,2,2,"Ancient,Dust2","222646,222644",6665,Astralis
1503,2026-03-14 14:45:00,8413,ESL Pro League Season 23 Finals,13286,FUT,4608,Natus Vincere,1,2,3,"Dust2,Ancient,Mirage","222706,222699,222692",4608,Natus Vincere
873,2026-03-14 18:25:00,8413,ESL Pro League Season 23 Finals,6665,Astralis,11861,Aurora,1,2,3,"Inferno,Dust2,Nuke","222736,222724,222715",11861,Aurora
1525,2026-03-15 12:30:00,8413,ESL Pro League Season 23 Finals,13286,FUT,6665,Astralis,1,2,3,"Overpass,Ancient,Dust2","222806,222797,222785",6665,Astralis
1377,2026-03-15 16:15:00,9042,HyperX Roman Imperium Cup VI,12474,Alliance,4411,Ninjas in Pyjamas,0,2,2,"Nuke,Overpass","222824,222820",4411,Ninjas in Pyjamas
833,2026-03-15 16:15:00,8413,ESL Pro League Season 23 Finals,4608,Natus Vincere,11861,Aurora,3,1,4,"Dust2,Nuke,Anubis,Mirage","222845,222832,222826,222822",4608,Natus Vincere
1379,2026-03-15 19:30:00,9042,HyperX Roman Imperium Cup VI,12474,Alliance,5973,Liquid,2,1,3,"Nuke,Ancient,Inferno","222852,222848,222840",12474,Alliance
544,2026-03-18 10:00:00,8248,BLAST Open Rotterdam 2026,6673,NRG,11283,Falcons,0,2,2,"Dust2,Ancient","223078,223072",11283,Falcons
268,2026-03-18 12:50:00,8248,BLAST Open Rotterdam 2026,11241,B8,4608,Natus Vincere,1,2,3,"Dust2,Ancient,Mirage","223109,223096,223091",4608,Natus Vincere
879,2026-03-18 17:35:00,8248,BLAST Open Rotterdam 2026,6667,FaZe,11861,Aurora,1,2,3,"Dust2,Inferno,Nuke","223138,223129,223122",11861,Aurora
2093,2026-03-18 21:50:00,8248,BLAST Open Rotterdam 2026,4863,TYLOO,8297,FURIA,0,2,2,"Overpass,Mirage","223157,223151",8297,FURIA
1250,2026-03-19 10:00:00,8248,BLAST Open Rotterdam 2026,4411,Ninjas in Pyjamas,12467,PARIVISION,1,2,3,"Dust2,Mirage,Ancient","223194,223189,223183",12467,PARIVISION
2491,2026-03-19 14:00:00,8248,BLAST Open Rotterdam 2026,5973,Liquid,7020,Spirit,0,2,2,"Ancient,Mirage","223209,223200",7020,Spirit
1717,2026-03-19 16:50:00,8248,BLAST Open Rotterdam 2026,6248,The MongolZ,4494,MOUZ,2,0,2,"Inferno,Nuke","223223,223221",6248,The MongolZ
3022,2026-03-19 19:35:00,8248,BLAST Open Rotterdam 2026,9996,9z,9565,Vitality,0,2,2,"Nuke,Overpass","223250,223238",9565,Vitality
299,2026-03-20 11:00:00,8248,BLAST Open Rotterdam 2026,6673,NRG,11241,B8,2,0,2,"Ancient,Inferno","223285,223281",6673,NRG
2088,2026-03-20 13:30:00,8248,BLAST Open Rotterdam 2026,6667,FaZe,4863,TYLOO,1,2,3,"Overpass,Ancient,Mirage","223304,223294,223289",4863,TYLOO
479,2026-03-20 17:15:00,8248,BLAST Open Rotterdam 2026,11283,Falcons,4608,Natus Vincere,1,2,3,"Dust2,Inferno,Mirage","223343,223329,223317",4608,Natus Vincere
909,2026-03-20 21:00:00,8248,BLAST Open Rotterdam 2026,11861,Aurora,8297,FURIA,2,0,2,"Inferno,Dust2","223361,223353",11861,Aurora
1609,2026-03-21 11:00:00,8248,BLAST Open Rotterdam 2026,5973,Liquid,4411,Ninjas in Pyjamas,2,1,3,"Ancient,Mirage,Nuke","223438,223427,223418",5973,Liquid
1810,2026-03-21 14:45:00,8248,BLAST Open Rotterdam 2026,4494,MOUZ,9996,9z,1,2,3,"Nuke,Inferno,Dust2","223471,223463,223449",9996,9z
1280,2026-03-21 18:35:00,8248,BLAST Open Rotterdam 2026,7020,Spirit,12467,PARIVISION,0,2,2,"Ancient,Anubis","223502,223488",12467,PARIVISION
2677,2026-03-21 21:10:00,8248,BLAST Open Rotterdam 2026,6248,The MongolZ,9565,Vitality,0,2,2,"Overpass,Mirage","223516,223513",9565,Vitality
486,2026-03-22 11:00:00,8248,BLAST Open Rotterdam 2026,4863,TYLOO,11283,Falcons,1,2,3,"Mirage,Ancient,Inferno","223566,223563,223559",11283,Falcons
2809,2026-03-22 14:25:00,8248,BLAST Open Rotterdam 2026,8297,FURIA,6673,NRG,2,1,3,"Dust2,Nuke,Mirage","223586,223581,223576",8297,FURIA
2467,2026-03-22 17:40:00,8248,BLAST Open Rotterdam 2026,5973,Liquid,6248,The MongolZ,0,2,2,"Mirage,Ancient","223603,223594",6248,The MongolZ
2856,2026-03-22 20:20:00,8248,BLAST Open Rotterdam 2026,9996,9z,7020,Spirit,0,2,2,"Dust2,Overpass","223620,223617",7020,Spirit
1583,2026-03-23 10:05:00,9046,Urban Riga Open Season 3,13679,FOKUS,4914,3DMAX,1,0,1,Ancient,223663,13679,FOKUS
832,2026-03-23 11:00:00,8248,BLAST Open Rotterdam 2026,11861,Aurora,4608,Natus Vincere,0,2,2,"Nuke,Anubis","223676,223667",4608,Natus Vincere
568,2026-03-23 13:30:00,8248,BLAST Open Rotterdam 2026,8297,FURIA,11283,Falcons,1,2,3,"Nuke,Dust2,Mirage","223712,223700,223686",11283,Falcons
1293,2026-03-23 17:50:00,8248,BLAST Open Rotterdam 2026,9565,Vitality,12467,PARIVISION,2,0,2,"Inferno,Mirage","223752,223729",9565,Vitality
2633,2026-03-23 20:45:00,8248,BLAST Open Rotterdam 2026,6248,The MongolZ,7020,Spirit,2,0,2,"Overpass,Nuke","223775,223770",6248,The MongolZ
733,2026-03-25 18:30:00,9047,BC Game Masters Championship Season 1,12394,BetBoom,11811,Monte,2,0,2,"Nuke,Anubis","224059,224049",12394,BetBoom
212,2026-03-25 19:00:00,9047,BC Game Masters Championship Season 1,5995,G2,10577,SINNERS,1,2,3,"Mirage,Dust2,Overpass","224066,224060,224052",10577,SINNERS
1562,2026-03-25 19:40:00,9047,BC Game Masters Championship Season 1,7532,BIG,13404,Gentle Mates,2,0,2,"Inferno,Ancient","224064,224058",7532,BIG
666,2026-03-26 12:00:00,9047,BC Game Masters Championship Season 1,11581,HOTU,7532,BIG,1,2,3,"Overpass,Dust2,Ancient","224129,224118,224106",7532,BIG
209,2026-03-26 12:00:00,9047,BC Game Masters Championship Season 1,10577,SINNERS,12394,BetBoom,2,0,2,"Nuke,Overpass","224115,224107",10577,SINNERS
705,2026-03-26 14:00:00,9045,ROG JOURNEY Spring 2026,12474,Alliance,11737,EYEBALLERS,1,2,3,"Nuke,Inferno,Anubis","224145,224135,224124",11737,EYEBALLERS
650,2026-03-26 16:10:00,9047,BC Game Masters Championship Season 1,11581,HOTU,12394,BetBoom,0,2,2,"Ancient,Dust2","224148,224143",12394,BetBoom
216,2026-03-26 18:15:00,9047,BC Game Masters Championship Season 1,7532,BIG,10577,SINNERS,1,2,3,"Overpass,Ancient,Nuke","224176,224163,224159",10577,SINNERS
1381,2026-03-27 11:00:00,9045,ROG JOURNEY Spring 2026,12474,Alliance,9928,GamerLegion,2,0,2,"Inferno,Anubis","224218,224213",12474,Alliance
865,2026-03-27 14:00:00,8248,BLAST Open Rotterdam 2026,11861,Aurora,6248,The MongolZ,2,0,2,"Mirage,Inferno","224238,224230",11861,Aurora
451,2026-03-27 16:35:00,8248,BLAST Open Rotterdam 2026,11283,Falcons,12467,PARIVISION,0,2,2,"Ancient,Mirage","224258,224252",12467,PARIVISION
917,2026-03-28 14:00:00,8248,BLAST Open Rotterdam 2026,11861,Aurora,9565,Vitality,0,2,2,"Nuke,Inferno","224364,224345",9565,Vitality
1259,2026-03-28 16:40:00,8248,BLAST Open Rotterdam 2026,4608,Natus Vincere,12467,PARIVISION,2,1,3,"Mirage,Inferno,Dust2","224420,224405,224387",4608,Natus Vincere
706,2026-03-28 17:00:00,9045,ROG JOURNEY Spring 2026,12474,Alliance,11737,EYEBALLERS,2,0,2,"Dust2,Inferno","224407,224391",12474,Alliance
1932,2026-03-29 10:30:00,8248,BLAST Open Rotterdam 2026,4608,Natus Vincere,9565,Vitality,0,3,3,"Dust2,Anubis,Inferno","224523,224510,224499",9565,Vitality
215,2026-03-29 10:30:00,9043,Radio Popular Roman Imperium Cup VII,7532,BIG,10577,SINNERS,1,0,1,Overpass,224501,7532,BIG
2064,2026-03-29 21:20:00,9049,FERJEE In House 2026,9996,9z,4773,paiN,2,1,3,"Inferno,Nuke,Dust2","224632,224631,224629",9996,9z
208,2026-03-30 08:00:00,9043,Radio Popular Roman Imperium Cup VII,10577,SINNERS,12394,BetBoom,1,2,3,"Mirage,Nuke,Overpass","224658,224654,224647",12394,BetBoom
1147,2026-03-30 17:10:00,9043,Radio Popular Roman Imperium Cup VII,12394,BetBoom,5995,G2,2,1,3,"Anubis,Ancient,Mirage","224767,224751,224734",12394,BetBoom
1372,2026-03-30 20:00:00,9049,FERJEE In House 2026,12468,Legacy,9996,9z,2,3,5,"Nuke,Mirage,Inferno,Anubis,Dust2","224779,224778,224774,224771,224768",9996,9z
1063,2026-03-31 11:00:00,9044,Digital Crusade DraculaN Season 6,5973,Liquid,12376,M80,0,2,2,"Inferno,Ancient","224835,224819",12376,M80
739,2026-03-31 11:00:00,9044,Digital Crusade DraculaN Season 6,12474,Alliance,11811,Monte,0,2,2,"Nuke,Anubis","224840,224824",11811,Monte
1222,2026-03-31 11:00:00,9044,Digital Crusade DraculaN Season 6,6667,FaZe,12426,Passion UA,1,2,3,"Dust2,Nuke,Anubis","224861,224843,224821",12426,Passion UA
801,2026-03-31 18:25:00,9044,Digital Crusade DraculaN Season 6,11861,Aurora,12376,M80,1,2,3,"Overpass,Anubis,Inferno","224949,224941,224927",12376,M80
734,2026-03-31 18:40:00,9044,Digital Crusade DraculaN Season 6,12426,Passion UA,11811,Monte,0,2,2,"Dust2,Anubis","224944,224932",11811,Monte
1162,2026-04-01 12:05:00,8977,Stake Ranked Episode 1,7175,HEROIC,12394,BetBoom,1,2,3,"Overpass,Dust2,Mirage","225075,225052,225037",12394,BetBoom
813,2026-04-01 13:00:00,9044,Digital Crusade DraculaN Season 6,11861,Aurora,12474,Alliance,1,2,3,"Overpass,Anubis,Inferno","225088,225067,225045",12474,Alliance
281,2026-04-01 14:00:00,9074,Parken Challenger Championship Season 3,11241,B8,4914,3DMAX,1,2,3,"Dust2,Ancient,Nuke","225102,225089,225079",4914,3DMAX
730,2026-04-01 17:05:00,9044,Digital Crusade DraculaN Season 6,12376,M80,11811,Monte,0,2,2,"Dust2,Ancient","225130,225106",11811,Monte
1197,2026-04-01 17:15:00,9044,Digital Crusade DraculaN Season 6,12474,Alliance,12426,Passion UA,2,0,2,"Anubis,Overpass","225137,225119",12474,Alliance
1547,2026-04-01 17:30:00,8977,Stake Ranked Episode 1,13404,Gentle Mates,4411,Ninjas in Pyjamas,1,2,3,"Ancient,Overpass,Nuke","225158,225147,225123",4411,Ninjas in Pyjamas
1032,2026-04-02 13:00:00,9044,Digital Crusade DraculaN Season 6,12376,M80,12474,Alliance,2,1,3,"Overpass,Inferno,Anubis","225293,225273,225265",12376,M80
282,2026-04-02 14:00:00,9074,Parken Challenger Championship Season 3,11241,B8,4914,3DMAX,2,1,3,"Dust2,Ancient,Inferno","225302,225288,225274",11241,B8
1145,2026-04-02 15:00:00,8977,Stake Ranked Episode 1,5995,G2,12394,BetBoom,2,1,3,"Overpass,Ancient,Mirage","225311,225303,225290",5995,G2
731,2026-04-02 17:20:00,9044,Digital Crusade DraculaN Season 6,11811,Monte,12376,M80,1,2,3,"Mirage,Dust2,Inferno","225363,225346,225327",12376,M80
1655,2026-04-02 17:45:00,8977,Stake Ranked Episode 1,9928,GamerLegion,4411,Ninjas in Pyjamas,2,1,3,"Ancient,Mirage,Nuke","225370,225358,225335",9928,GamerLegion
1643,2026-04-03 12:00:00,8977,Stake Ranked Episode 1,4411,Ninjas in Pyjamas,7175,HEROIC,0,2,2,"Mirage,Nuke","225492,225482",7175,HEROIC
2613,2026-04-03 14:25:00,8977,Stake Ranked Episode 1,9928,GamerLegion,5995,G2,0,2,2,"Ancient,Inferno","225521,225507",5995,G2
1163,2026-04-03 16:45:00,8977,Stake Ranked Episode 1,7175,HEROIC,12394,BetBoom,1,2,3,"Dust2,Nuke,Ancient","225558,225545,225530",12394,BetBoom
1582,2026-04-04 07:05:00,8048,PGL Bucharest 2026,4914,3DMAX,13679,FOKUS,1,2,3,"Inferno,Dust2,Ancient","225647,225638,225632",13679,FOKUS
2731,2026-04-04 11:50:00,8048,PGL Bucharest 2026,9215,MIBR,6665,Astralis,0,2,2,"Overpass,Mirage","225687,225675",6665,Astralis
1469,2026-04-04 11:55:00,8048,PGL Bucharest 2026,12878,BC.Game,6248,The MongolZ,0,2,2,"Ancient,Dust2","225685,225672",6248,The MongolZ
1194,2026-04-04 13:00:00,8977,Stake Ranked Episode 1,12394,BetBoom,9928,GamerLegion,2,0,2,"Mirage,Anubis","225701,225686",12394,BetBoom
1237,2026-04-04 14:05:00,8048,PGL Bucharest 2026,12468,Legacy,12467,PARIVISION,1,2,3,"Dust2,Inferno,Mirage","225729,225717,225705",12467,PARIVISION
1146,2026-04-04 16:00:00,8977,Stake Ranked Episode 1,5995,G2,12394,BetBoom,2,1,3,"Dust2,Ancient,Anubis","225749,225738,225725",5995,G2
1528,2026-04-05 07:00:00,8048,PGL Bucharest 2026,6673,NRG,13286,FUT,0,2,2,"Nuke,Ancient","225807,225804",13286,FUT
295,2026-04-05 08:40:00,8048,PGL Bucharest 2026,6665,Astralis,11241,B8,2,1,3,"Ancient,Nuke,Mirage","225834,225828,225813",6665,Astralis
1476,2026-04-05 10:40:00,8048,PGL Bucharest 2026,9215,MIBR,12878,BC.Game,2,1,3,"Anubis,Overpass,Ancient","225856,225846,225836",9215,MIBR
1249,2026-04-05 11:45:00,8048,PGL Bucharest 2026,12467,PARIVISION,13679,FOKUS,2,0,2,"Inferno,Dust2","225858,225845",12467,PARIVISION
712,2026-04-05 14:25:00,8048,PGL Bucharest 2026,11737,EYEBALLERS,6248,The MongolZ,0,2,2,"Mirage,Overpass","225888,225875",6248,The MongolZ
2775,2026-04-05 18:00:00,9038,HLC Belgrade PRO 2026,6667,FaZe,7532,BIG,1,2,3,"Anubis,Overpass,Dust2","225924,225919,225907",7532,BIG
1358,2026-04-06 07:00:00,8048,PGL Bucharest 2026,12468,Legacy,9215,MIBR,1,2,3,"Nuke,Mirage,Inferno","225971,225968,225965",9215,MIBR
278,2026-04-06 10:10:00,8048,PGL Bucharest 2026,4914,3DMAX,11241,B8,2,1,3,"Nuke,Inferno,Ancient","225989,225986,225981",4914,3DMAX
715,2026-04-06 10:10:00,8048,PGL Bucharest 2026,11737,EYEBALLERS,6673,NRG,2,0,2,"Mirage,Nuke","225987,225982",11737,EYEBALLERS
2619,2026-04-06 13:05:00,8048,PGL Bucharest 2026,6248,The MongolZ,6665,Astralis,0,2,2,"Ancient,Mirage","225999,225993",6665,Astralis
1246,2026-04-06 15:10:00,8048,PGL Bucharest 2026,12467,PARIVISION,13286,FUT,0,2,2,"Mirage,Dust2","226013,226008",13286,FUT
716,2026-04-07 07:00:00,8048,PGL Bucharest 2026,9215,MIBR,11737,EYEBALLERS,2,0,2,"Anubis,Mirage","226054,226052",9215,MIBR
1346,2026-04-07 07:00:00,8048,PGL Bucharest 2026,12468,Legacy,6673,NRG,2,0,2,"Inferno,Dust2","226056,226053",12468,Legacy
1465,2026-04-07 11:05:00,8048,PGL Bucharest 2026,13679,FOKUS,12878,BC.Game,2,0,2,"Overpass,Ancient","226081,226073",13679,FOKUS
1264,2026-04-07 11:20:00,8048,PGL Bucharest 2026,4914,3DMAX,12467,PARIVISION,2,0,2,"Dust2,Inferno","226085,226077",4914,3DMAX
711,2026-04-08 07:00:00,8048,PGL Bucharest 2026,11737,EYEBALLERS,13679,FOKUS,2,1,3,"Dust2,Nuke,Inferno","226158,226154,226150",11737,EYEBALLERS
247,2026-04-08 10:35:00,8048,PGL Bucharest 2026,12468,Legacy,11241,B8,0,2,2,"Ancient,Dust2","226165,226161",11241,B8
2242,2026-04-09 07:00:00,8048,PGL Bucharest 2026,9215,MIBR,4914,3DMAX,1,2,3,"Nuke,Ancient,Inferno","226224,226217,226214",4914,3DMAX
713,2026-04-09 10:30:00,8048,PGL Bucharest 2026,6665,Astralis,11737,EYEBALLERS,2,1,3,"Inferno,Ancient,Mirage","226236,226232,226229",6665,Astralis
254,2026-04-09 13:45:00,8048,PGL Bucharest 2026,11241,B8,13286,FUT,0,2,2,"Overpass,Ancient","226249,226242",13286,FUT
1271,2026-04-09 16:15:00,8048,PGL Bucharest 2026,6248,The MongolZ,12467,PARIVISION,2,1,3,"Ancient,Mirage,Dust2","226261,226255,226251",6248,The MongolZ
2207,2026-04-10 14:00:00,8048,PGL Bucharest 2026,4914,3DMAX,6665,Astralis,0,2,2,"Overpass,Dust2","226315,226309",6665,Astralis
1518,2026-04-10 16:50:00,8048,PGL Bucharest 2026,6248,The MongolZ,13286,FUT,0,2,2,"Mirage,Nuke","226331,226324",13286,FUT
2199,2026-04-11 12:00:00,8048,PGL Bucharest 2026,4914,3DMAX,6248,The MongolZ,0,2,2,"Ancient,Inferno","226386,226381",6248,The MongolZ
1520,2026-04-11 14:00:00,8048,PGL Bucharest 2026,6665,Astralis,13286,FUT,1,3,4,"Dust2,Nuke,Mirage,Ancient","226406,226401,226395,226391",13286,FUT
1557,2026-04-13 13:00:00,8242,IEM Rio 2026,13404,Gentle Mates,5995,G2,1,2,3,"Overpass,Mirage,Inferno","226501,226499,226497",5995,G2
2489,2026-04-13 15:30:00,8242,IEM Rio 2026,5973,Liquid,7020,Spirit,0,2,2,"Dust2,Ancient","226505,226503",7020,Spirit
496,2026-04-13 16:15:00,8242,IEM Rio 2026,4914,3DMAX,11283,Falcons,0,2,2,"Ancient,Inferno","226508,226506",11283,Falcons
267,2026-04-13 18:00:00,8242,IEM Rio 2026,11241,B8,4608,Natus Vincere,1,2,3,"Dust2,Inferno,Ancient","226514,226512,226509",4608,Natus Vincere
1310,2026-04-13 18:25:00,8242,IEM Rio 2026,4494,MOUZ,12468,Legacy,2,1,3,"Mirage,Inferno,Dust2","226515,226513,226511",4494,MOUZ
1232,2026-04-13 20:45:00,8242,IEM Rio 2026,12426,Passion UA,8297,FURIA,0,2,2,"Mirage,Inferno","226518,226516",8297,FURIA
642,2026-04-13 21:20:00,8242,IEM Rio 2026,11581,HOTU,11861,Aurora,0,2,2,"Dust2,Mirage","226520,226517",11861,Aurora
2607,2026-04-14 13:00:00,8242,IEM Rio 2026,5995,G2,9565,Vitality,1,2,3,"Dust2,Inferno,Mirage","226552,226546,226542",9565,Vitality
2179,2026-04-14 16:10:00,8242,IEM Rio 2026,5973,Liquid,4914,3DMAX,0,2,2,"Ancient,Nuke","226559,226554",4914,3DMAX
553,2026-04-14 16:40:00,8242,IEM Rio 2026,7020,Spirit,11283,Falcons,0,2,2,"Mirage,Anubis","226560,226556",11283,Falcons
237,2026-04-14 18:20:00,8242,IEM Rio 2026,12426,Passion UA,11241,B8,0,2,2,"Mirage,Overpass","226568,226565",11241,B8
1920,2026-04-14 18:25:00,8242,IEM Rio 2026,8297,FURIA,4608,Natus Vincere,2,1,3,"Nuke,Dust2,Mirage","226570,226569,226563",8297,FURIA
651,2026-04-14 20:30:00,8242,IEM Rio 2026,11581,HOTU,12468,Legacy,2,0,2,"Ancient,Dust2","226574,226571",11581,HOTU
826,2026-04-14 21:35:00,8242,IEM Rio 2026,11861,Aurora,4494,MOUZ,0,2,2,"Mirage,Dust2","226576,226573",4494,MOUZ
2191,2026-04-15 13:00:00,8242,IEM Rio 2026,4914,3DMAX,5995,G2,0,2,2,"Dust2,Inferno","226597,226594",5995,G2
658,2026-04-15 15:30:00,8242,IEM Rio 2026,11581,HOTU,4608,Natus Vincere,0,2,2,"Ancient,Dust2","226606,226603",4608,Natus Vincere
229,2026-04-15 15:55:00,8242,IEM Rio 2026,11241,B8,11861,Aurora,0,2,2,"Overpass,Mirage","226607,226604",11861,Aurora
582,2026-04-15 18:00:00,8242,IEM Rio 2026,11283,Falcons,9565,Vitality,2,1,3,"Nuke,Dust2,Mirage","226619,226617,226614",11283,Falcons
2565,2026-04-15 18:00:00,8242,IEM Rio 2026,5995,G2,7020,Spirit,0,2,2,"Dust2,Mirage","226618,226613",7020,Spirit
831,2026-04-15 20:30:00,8242,IEM Rio 2026,11861,Aurora,4608,Natus Vincere,1,2,3,"Dust2,Mirage,Inferno","226624,226623,226621",4608,Natus Vincere
1776,2026-04-15 21:25:00,8242,IEM Rio 2026,4494,MOUZ,8297,FURIA,0,2,2,"Dust2,Mirage","226625,226622",8297,FURIA
1758,2026-04-17 15:00:00,8242,IEM Rio 2026,7020,Spirit,4494,MOUZ,2,0,2,"Mirage,Dust2","226668,226665",7020,Spirit
1930,2026-04-17 18:15:00,8242,IEM Rio 2026,9565,Vitality,4608,Natus Vincere,2,0,2,"Dust2,Mirage","226672,226671",9565,Vitality
554,2026-04-18 15:00:00,8242,IEM Rio 2026,7020,Spirit,11283,Falcons,2,0,2,"Mirage,Dust2","226717,226713",7020,Spirit
2966,2026-04-18 18:15:00,8242,IEM Rio 2026,9565,Vitality,8297,FURIA,2,0,2,"Ancient,Overpass","226722,226720",9565,Vitality
567,2026-04-19 13:30:00,8242,IEM Rio 2026,8297,FURIA,11283,Falcons,0,2,2,"Mirage,Dust2","226782,226776",11283,Falcons
2849,2026-04-19 17:00:00,8242,IEM Rio 2026,9565,Vitality,7020,Spirit,3,0,3,"Dust2,Nuke,Mirage","226801,226798,226791",9565,Vitality
2870,2026-04-24 14:00:00,8956,CCT Global Finals 2026,7175,HEROIC,7532,BIG,2,0,2,"Overpass,Dust2","227076,227063",7175,HEROIC
746,2026-04-24 17:00:00,8956,CCT Global Finals 2026,11811,Monte,4411,Ninjas in Pyjamas,2,1,3,"Anubis,Dust2,Nuke","227110,227102,227094",11811,Monte
1373,2026-04-24 19:15:00,9142,BetBoom RUSH B Summit Season 3,12468,Legacy,9996,9z,2,0,2,"Nuke,Inferno","227123,227112",12468,Legacy
780,2026-04-25 15:35:00,8956,CCT Global Finals 2026,7175,HEROIC,11811,Monte,2,1,3,"Mirage,Dust2,Nuke","227202,227183,227177",7175,HEROIC
1649,2026-04-25 20:00:00,8956,CCT Global Finals 2026,7532,BIG,4411,Ninjas in Pyjamas,1,2,3,"Anubis,Mirage,Ancient","227272,227265,227250",4411,Ninjas in Pyjamas
1224,2026-04-26 03:00:00,9122,FRAG 20,12426,Passion UA,6673,NRG,2,1,3,"Inferno,Mirage,Overpass","227300,227296,227293",12426,Passion UA
747,2026-04-26 11:30:00,8956,CCT Global Finals 2026,4411,Ninjas in Pyjamas,11811,Monte,1,2,3,"Anubis,Dust2,Nuke","227351,227339,227327",11811,Monte
781,2026-04-26 16:00:00,8956,CCT Global Finals 2026,7175,HEROIC,11811,Monte,1,3,4,"Ancient,Inferno,Dust2,Nuke","227420,227390,227376,227370",11811,Monte
210,2026-04-26 16:20:00,9036,LORGAR RANKINGS Season 1,10577,SINNERS,13404,Gentle Mates,2,1,3,"Nuke,Mirage,Inferno","227415,227394,227372",10577,SINNERS
1374,2026-04-26 19:00:00,9142,BetBoom RUSH B Summit Season 3,12468,Legacy,9996,9z,3,2,5,"Anubis,Nuke,Mirage,Dust2,Ancient","227452,227441,227432,227424,227418",12468,Legacy
1537,2026-04-29 15:05:00,8250,BLAST Rivals 2026 Season 1,9565,Vitality,13286,FUT,2,1,3,"Nuke,Dust2,Mirage","227711,227705,227700",9565,Vitality
2539,2026-04-29 18:05:00,8250,BLAST Rivals 2026 Season 1,5995,G2,6665,Astralis,2,0,2,"Overpass,Dust2","227728,227722",5995,G2
1886,2026-04-29 20:15:00,8250,BLAST Rivals 2026 Season 1,6667,FaZe,4608,Natus Vincere,0,2,2,"Ancient,Anubis","227739,227734",4608,Natus Vincere
2974,2026-04-29 22:35:00,8250,BLAST Rivals 2026 Season 1,8297,FURIA,9928,GamerLegion,1,2,3,"Mirage,Nuke,Inferno","227755,227752,227748",9928,GamerLegion
1523,2026-04-30 15:00:00,8250,BLAST Rivals 2026 Season 1,13286,FUT,6665,Astralis,0,2,2,"Nuke,Mirage","227803,227797",6665,Astralis
2608,2026-04-30 16:55:00,8250,BLAST Rivals 2026 Season 1,5995,G2,9565,Vitality,1,2,3,"Dust2,Overpass,Mirage","227825,227817,227810",9565,Vitality
1204,2026-04-30 17:30:00,9055,Stake Ranked Episode 2 Closed Qualifier,12426,Passion UA,13679,FOKUS,1,2,3,"Mirage,Dust2,Inferno","227827,227820,227819",13679,FOKUS
2779,2026-04-30 20:20:00,8250,BLAST Rivals 2026 Season 1,8297,FURIA,6667,FaZe,1,2,3,"Nuke,Mirage,Dust2","227835,227832,227828",6667,FaZe
1939,2026-04-30 23:10:00,8250,BLAST Rivals 2026 Season 1,9928,GamerLegion,4608,Natus Vincere,0,2,2,"Ancient,Mirage","227841,227840",4608,Natus Vincere
2551,2026-05-01 19:30:00,8250,BLAST Rivals 2026 Season 1,5995,G2,6667,FaZe,1,2,3,"Mirage,Ancient,Dust2","227947,227937,227927",6667,FaZe
2749,2026-05-01 23:45:00,8250,BLAST Rivals 2026 Season 1,6665,Astralis,9928,GamerLegion,0,2,2,"Inferno,Overpass","227956,227953",9928,GamerLegion
1543,2026-05-02 09:00:00,9055,Stake Ranked Episode 2 Closed Qualifier,13679,FOKUS,13404,Gentle Mates,0,2,2,"Nuke,Ancient","227980,227974",13404,Gentle Mates
1887,2026-05-02 17:30:00,8250,BLAST Rivals 2026 Season 1,6667,FaZe,4608,Natus Vincere,0,2,2,"Ancient,Dust2","228040,228030",4608,Natus Vincere
3019,2026-05-02 20:05:00,8250,BLAST Rivals 2026 Season 1,9928,GamerLegion,9565,Vitality,0,2,2,"Overpass,Mirage","228053,228049",9565,Vitality
1540,2026-05-03 12:00:00,9055,Stake Ranked Episode 2 Closed Qualifier,13592,magic,13404,Gentle Mates,2,0,2,"Inferno,Mirage","228105,228099",13592,magic
1933,2026-05-03 17:30:00,8250,BLAST Rivals 2026 Season 1,4608,Natus Vincere,9565,Vitality,0,3,3,"Dust2,Anubis,Nuke","228137,228134,228124",9565,Vitality
891,2026-05-09 05:00:00,8049,PGL Astana 2026,7175,HEROIC,11861,Aurora,2,0,2,"Dust2,Nuke","228401,228399",7175,HEROIC
1576,2026-05-09 06:50:00,8049,PGL Astana 2026,13592,magic,6248,The MongolZ,0,2,2,"Inferno,Mirage","228411,228404",6248,The MongolZ
1550,2026-05-09 07:05:00,8049,PGL Astana 2026,4494,MOUZ,13404,Gentle Mates,2,1,3,"Ancient,Mirage,Nuke","228413,228410,228402",4494,MOUZ
1296,2026-05-09 11:40:00,8049,PGL Astana 2026,9996,9z,12467,PARIVISION,2,0,2,"Ancient,Inferno","228431,228423",9996,9z
787,2026-05-09 12:30:00,8049,PGL Astana 2026,11811,Monte,8297,FURIA,0,2,2,"Overpass,Nuke","228435,228430",8297,FURIA
1709,2026-05-10 05:00:00,8049,PGL Astana 2026,4494,MOUZ,5995,G2,2,1,3,"Inferno,Mirage,Dust2","228479,228476,228474",4494,MOUZ
2632,2026-05-10 08:40:00,8049,PGL Astana 2026,7020,Spirit,6248,The MongolZ,2,0,2,"Ancient,Dust2","228493,228489",7020,Spirit
2879,2026-05-10 11:20:00,8049,PGL Astana 2026,7175,HEROIC,8297,FURIA,0,2,2,"Inferno,Mirage","228511,228505",8297,FURIA
744,2026-05-10 11:50:00,8049,PGL Astana 2026,11811,Monte,13592,magic,2,0,2,"Dust2,Ancient","228517,228510",11811,Monte
594,2026-05-10 13:10:00,8049,PGL Astana 2026,11283,Falcons,9996,9z,1,2,3,"Dust2,Mirage,Nuke","228532,228524,228519",9996,9z
806,2026-05-11 05:00:00,8049,PGL Astana 2026,11861,Aurora,12467,PARIVISION,2,0,2,"Dust2,Anubis","228582,228578",11861,Aurora
1560,2026-05-11 05:00:00,8049,PGL Astana 2026,13404,Gentle Mates,7175,HEROIC,2,0,2,"Mirage,Inferno","228580,228577",13404,Gentle Mates
2534,2026-05-11 06:55:00,8049,PGL Astana 2026,5995,G2,6248,The MongolZ,0,2,2,"Inferno,Dust2","228591,228587",6248,The MongolZ
434,2026-05-11 07:25:00,8049,PGL Astana 2026,11811,Monte,11283,Falcons,0,2,2,"Ancient,Dust2","228596,228588",11283,Falcons
1809,2026-05-11 10:00:00,8049,PGL Astana 2026,4494,MOUZ,9996,9z,1,2,3,"Ancient,Inferno,Nuke","228616,228604,228600",9996,9z
2831,2026-05-11 13:10:00,8049,PGL Astana 2026,8297,FURIA,7020,Spirit,1,2,3,"Mirage,Overpass,Dust2","228641,228629,228622",7020,Spirit
235,2026-05-11 15:30:00,8243,IEM Atlanta 2026,11241,B8,12394,BetBoom,1,2,3,"Dust2,Nuke,Mirage","228656,228651,228642",12394,BetBoom
1993,2026-05-11 15:30:00,8243,IEM Atlanta 2026,6667,FaZe,4773,paiN,0,2,2,"Anubis,Dust2","228650,228639",4773,paiN
1529,2026-05-11 18:35:00,8243,IEM Atlanta 2026,6673,NRG,13286,FUT,0,2,2,"Overpass,Ancient","228674,228666",13286,FUT
217,2026-05-11 21:00:00,8243,IEM Atlanta 2026,10577,SINNERS,9928,GamerLegion,1,2,3,"Nuke,Inferno,Mirage","228686,228683,228681",9928,GamerLegion
2471,2026-05-11 23:00:00,8243,IEM Atlanta 2026,5973,Liquid,6665,Astralis,0,2,2,"Ancient,Dust2","228688,228685",6665,Astralis
1030,2026-05-12 00:25:00,8243,IEM Atlanta 2026,12376,M80,12468,Legacy,0,2,2,"Mirage,Inferno","228691,228689",12468,Legacy
823,2026-05-12 05:00:00,8049,PGL Astana 2026,11861,Aurora,4494,MOUZ,0,2,2,"Nuke,Dust2","228702,228698",4494,MOUZ
1579,2026-05-12 05:00:00,8049,PGL Astana 2026,7175,HEROIC,13592,magic,1,2,3,"Inferno,Dust2,Mirage","228706,228701,228697",13592,magic
525,2026-05-12 07:45:00,8049,PGL Astana 2026,6248,The MongolZ,11283,Falcons,1,2,3,"Mirage,Inferno,Dust2","228723,228717,228710",11283,Falcons
1270,2026-05-12 11:20:00,8049,PGL Astana 2026,12467,PARIVISION,5995,G2,1,2,3,"Ancient,Dust2,Mirage","228746,228740,228732",5995,G2
1564,2026-05-12 11:25:00,8049,PGL Astana 2026,8297,FURIA,13404,Gentle Mates,2,1,3,"Inferno,Overpass,Nuke","228745,228741,228733",8297,FURIA
2755,2026-05-12 15:30:00,8243,IEM Atlanta 2026,6673,NRG,6667,FaZe,0,2,2,"Nuke,Ancient","228766,228762",6667,FaZe
1505,2026-05-12 18:00:00,8243,IEM Atlanta 2026,13286,FUT,4773,paiN,1,2,3,"Dust2,Overpass,Nuke","228793,228787,228776",4773,paiN
1187,2026-05-12 18:00:00,8243,IEM Atlanta 2026,12394,BetBoom,9565,Vitality,2,1,3,"Nuke,Overpass,Anubis","228791,228779,228774",12394,BetBoom
1937,2026-05-12 21:10:00,8243,IEM Atlanta 2026,9928,GamerLegion,4608,Natus Vincere,1,2,3,"Mirage,Ancient,Inferno","228800,228795,228792",4608,Natus Vincere
1340,2026-05-13 00:00:00,8243,IEM Atlanta 2026,12468,Legacy,6665,Astralis,2,0,2,"Nuke,Dust2","228804,228802",12468,Legacy
1062,2026-05-13 01:15:00,8243,IEM Atlanta 2026,12376,M80,5973,Liquid,1,2,3,"Ancient,Inferno,Dust2","228811,228808,228805",5973,Liquid
1539,2026-05-13 05:00:00,8049,PGL Astana 2026,13592,magic,13404,Gentle Mates,2,0,2,"Inferno,Mirage","228818,228817",13592,magic
769,2026-05-13 07:30:00,8049,PGL Astana 2026,5995,G2,11811,Monte,2,0,2,"Dust2,Ancient","228828,228823",5995,G2
863,2026-05-13 10:00:00,8049,PGL Astana 2026,11861,Aurora,6248,The MongolZ,2,0,2,"Mirage,Overpass","228842,228836",11861,Aurora
255,2026-05-13 15:30:00,8243,IEM Atlanta 2026,11241,B8,13286,FUT,2,0,2,"Overpass,Ancient","228873,228867",11241,B8
2799,2026-05-13 15:30:00,8243,IEM Atlanta 2026,6667,FaZe,9565,Vitality,0,2,2,"Dust2,Nuke","228875,228868",9565,Vitality
213,2026-05-13 18:00:00,8243,IEM Atlanta 2026,10577,SINNERS,6665,Astralis,0,2,2,"Inferno,Mirage","228890,228882",6665,Astralis
2525,2026-05-13 18:00:00,8243,IEM Atlanta 2026,5973,Liquid,9928,GamerLegion,0,2,2,"Nuke,Mirage","228889,228881",9928,GamerLegion
1124,2026-05-13 20:30:00,8243,IEM Atlanta 2026,4773,paiN,12394,BetBoom,1,2,3,"Anubis,Nuke,Dust2","228899,228898,228895",12394,BetBoom
330,2026-05-13 20:35:00,8243,IEM Atlanta 2026,11241,B8,9565,Vitality,0,2,2,"Dust2,Mirage","228897,228894",9565,Vitality
2748,2026-05-13 23:00:00,8243,IEM Atlanta 2026,6665,Astralis,9928,GamerLegion,0,2,2,"Ancient,Mirage","228902,228900",9928,GamerLegion
1312,2026-05-13 23:40:00,8243,IEM Atlanta 2026,12468,Legacy,4608,Natus Vincere,2,1,3,"Dust2,Ancient,Inferno","228906,228905,228903",12468,Legacy
824,2026-05-15 05:05:00,8049,PGL Astana 2026,11861,Aurora,4494,MOUZ,0,2,2,"Nuke,Dust2","228969,228968",4494,MOUZ
2563,2026-05-15 08:20:00,8049,PGL Astana 2026,7020,Spirit,5995,G2,2,0,2,"Ancient,Dust2","228975,228972",7020,Spirit
1580,2026-05-15 11:25:00,8049,PGL Astana 2026,13592,magic,9996,9z,2,1,3,"Ancient,Mirage,Dust2","228988,228984,228981",13592,magic
565,2026-05-15 15:40:00,8049,PGL Astana 2026,8297,FURIA,11283,Falcons,1,2,3,"Dust2,Nuke,Mirage","229019,229003,228999",11283,Falcons
2056,2026-05-15 17:15:00,8243,IEM Atlanta 2026,9928,GamerLegion,4773,paiN,2,1,3,"Inferno,Nuke,Overpass","229023,229017,229012",9928,GamerLegion
1931,2026-05-15 21:30:00,8243,IEM Atlanta 2026,4608,Natus Vincere,9565,Vitality,2,1,3,"Inferno,Anubis,Dust2","229035,229034,229030",4608,Natus Vincere
1756,2026-05-16 10:00:00,8049,PGL Astana 2026,7020,Spirit,4494,MOUZ,2,0,2,"Nuke,Dust2","229062,229056",7020,Spirit
459,2026-05-16 13:00:00,8049,PGL Astana 2026,11283,Falcons,13592,magic,2,0,2,"Dust2,Ancient","229076,229071",11283,Falcons
1371,2026-05-16 17:15:00,8243,IEM Atlanta 2026,9928,GamerLegion,12468,Legacy,2,1,3,"Inferno,Mirage,Ancient","229104,229097,229092",9928,GamerLegion
1122,2026-05-16 21:05:00,8243,IEM Atlanta 2026,4608,Natus Vincere,12394,BetBoom,2,0,2,"Nuke,Ancient","229112,229109",4608,Natus Vincere
1572,2026-05-17 08:00:00,8049,PGL Astana 2026,13592,magic,4494,MOUZ,0,2,2,"Inferno,Mirage","229121,229116",4494,MOUZ
552,2026-05-17 11:00:00,8049,PGL Astana 2026,11283,Falcons,7020,Spirit,0,3,3,"Ancient,Mirage,Dust2","229142,229137,229132",7020,Spirit
1100,2026-05-17 14:55:00,8243,IEM Atlanta 2026,12468,Legacy,12394,BetBoom,2,0,2,"Nuke,Mirage","229153,229150",12468,Legacy
1938,2026-05-17 18:25:00,8243,IEM Atlanta 2026,4608,Natus Vincere,9928,GamerLegion,3,0,3,"Nuke,Anubis,Mirage","229180,229170,229165",4608,Natus Vincere
1267,2026-05-20 03:15:00,8263,CS Asia Championships 2026,5973,Liquid,12467,PARIVISION,0,1,1,Dust2,229304,12467,PARIVISION
2245,2026-05-20 03:15:00,8263,CS Asia Championships 2026,9215,MIBR,4914,3DMAX,1,0,1,Anubis,229305,9215,MIBR
261,2026-05-20 04:25:00,8263,CS Asia Championships 2026,11241,B8,4411,Ninjas in Pyjamas,1,0,1,Ancient,229307,11241,B8
1672,2026-05-20 05:15:00,8263,CS Asia Championships 2026,4494,MOUZ,4863,TYLOO,0,1,1,Inferno,229308,4863,TYLOO
1347,2026-05-20 05:35:00,8263,CS Asia Championships 2026,12468,Legacy,6673,NRG,1,0,1,Nuke,229309,12468,Legacy
1045,2026-05-20 06:45:00,8263,CS Asia Championships 2026,4773,paiN,12376,M80,0,1,1,Mirage,229311,12376,M80
1290,2026-05-20 07:50:00,8263,CS Asia Championships 2026,9215,MIBR,12467,PARIVISION,2,0,2,"Ancient,Mirage","229317,229313",9215,MIBR
291,2026-05-20 08:00:00,8263,CS Asia Championships 2026,6248,The MongolZ,11241,B8,1,2,3,"Mirage,Nuke,Ancient","229325,229318,229314",11241,B8
441,2026-05-20 10:40:00,8263,CS Asia Championships 2026,12376,M80,11283,Falcons,0,2,2,"Ancient,Inferno","229343,229329",11283,Falcons
1318,2026-05-20 11:20:00,8263,CS Asia Championships 2026,4863,TYLOO,12468,Legacy,0,2,2,"Ancient,Overpass","229348,229336",12468,Legacy
1743,2026-05-21 03:00:00,8263,CS Asia Championships 2026,4494,MOUZ,6673,NRG,2,1,3,"Mirage,Nuke,Ancient","229394,229392,229390",4494,MOUZ
2180,2026-05-21 03:00:00,8263,CS Asia Championships 2026,5973,Liquid,4914,3DMAX,2,1,3,"Inferno,Dust2,Nuke","229395,229393,229391",5973,Liquid
2468,2026-05-21 09:25:00,8263,CS Asia Championships 2026,6248,The MongolZ,5973,Liquid,2,1,3,"Nuke,Inferno,Mirage","229430,229420,229414",6248,The MongolZ
1040,2026-05-21 09:35:00,8263,CS Asia Championships 2026,4494,MOUZ,12376,M80,2,1,3,"Mirage,Inferno,Overpass","229426,229419,229413",4494,MOUZ
1942,2026-05-21 12:50:00,8263,CS Asia Championships 2026,4773,paiN,4863,TYLOO,2,1,3,"Overpass,Nuke,Mirage","229456,229446,229439",4773,paiN
454,2026-05-22 03:00:00,8263,CS Asia Championships 2026,12468,Legacy,11283,Falcons,0,2,2,"Ancient,Dust2","229507,229505",11283,Falcons
325,2026-05-22 03:00:00,8263,CS Asia Championships 2026,11241,B8,9215,MIBR,1,2,3,"Ancient,Mirage,Inferno","229508,229506,229504",9215,MIBR
1671,2026-05-22 05:15:00,8263,CS Asia Championships 2026,4773,paiN,4494,MOUZ,0,2,2,"Overpass,Nuke","229511,229509",4494,MOUZ
1272,2026-05-22 05:55:00,8263,CS Asia Championships 2026,12467,PARIVISION,6248,The MongolZ,0,2,2,"Mirage,Dust2","229512,229510",6248,The MongolZ
265,2026-05-22 08:45:00,8263,CS Asia Championships 2026,4494,MOUZ,11241,B8,2,0,2,"Ancient,Overpass","229535,229524",4494,MOUZ
1336,2026-05-22 09:10:00,8263,CS Asia Championships 2026,12468,Legacy,6248,The MongolZ,2,1,3,"Nuke,Mirage,Inferno","229549,229539,229529",12468,Legacy
473,2026-05-23 05:00:00,8263,CS Asia Championships 2026,11283,Falcons,4494,MOUZ,2,1,3,"Nuke,Dust2,Mirage","229638,229637,229636",11283,Falcons
1360,2026-05-23 09:25:00,8263,CS Asia Championships 2026,12468,Legacy,9215,MIBR,2,0,2,"Inferno,Mirage","229665,229657",12468,Legacy
707,2026-05-23 18:35:00,9133,Tipsport Conquest of Prague 2026 Finals,11737,EYEBALLERS,12474,Alliance,2,0,2,"Dust2,Nuke","229766,229755",11737,EYEBALLERS
1781,2026-05-24 03:00:00,8263,CS Asia Championships 2026,4494,MOUZ,9215,MIBR,2,0,2,"Ancient,Overpass","229787,229786",4494,MOUZ
455,2026-05-24 06:15:00,8263,CS Asia Championships 2026,12468,Legacy,11283,Falcons,3,1,4,"Dust2,Mirage,Ancient,Nuke","229800,229795,229789,229788",12468,Legacy
708,2026-05-24 16:30:00,9133,Tipsport Conquest of Prague 2026 Finals,11737,EYEBALLERS,12474,Alliance,1,2,3,"Ancient,Overpass,Inferno","229884,229873,229864",12474,Alliance
1574,2026-05-27 10:00:00,9054,Stake Ranked Episode 2,13592,magic,4914,3DMAX,2,0,2,"Inferno,Ancient","230134,230124",13592,magic
1644,2026-05-27 12:50:00,9054,Stake Ranked Episode 2,4411,Ninjas in Pyjamas,7175,HEROIC,2,0,2,"Mirage,Nuke","230158,230149",4411,Ninjas in Pyjamas
1380,2026-05-27 14:50:00,9054,Stake Ranked Episode 2,12474,Alliance,6667,FaZe,0,2,2,"Nuke,Anubis","230181,230170",6667,FaZe
1378,2026-05-28 10:00:00,9054,Stake Ranked Episode 2,12474,Alliance,4914,3DMAX,2,1,3,"Anubis,Dust2,Inferno","230270,230257,230244",12474,Alliance
2899,2026-05-28 13:45:00,9054,Stake Ranked Episode 2,9996,9z,7175,HEROIC,2,1,3,"Dust2,Overpass,Inferno","230311,230299,230284",9996,9z
1578,2026-05-28 17:35:00,9054,Stake Ranked Episode 2,6667,FaZe,13592,magic,1,2,3,"Overpass,Dust2,Mirage","230345,230344,230320",13592,magic
2806,2026-05-29 10:00:00,9054,Stake Ranked Episode 2,9996,9z,6667,FaZe,1,2,3,"Ancient,Overpass,Mirage","230420,230406,230390",6667,FaZe
1569,2026-05-29 16:45:00,9054,Stake Ranked Episode 2,13592,magic,4411,Ninjas in Pyjamas,2,0,2,"Mirage,Ancient","230459,230450",13592,magic
1632,2026-05-30 13:00:00,9054,Stake Ranked Episode 2,6667,FaZe,4411,Ninjas in Pyjamas,0,2,2,"Nuke,Ancient","230536,230525",4411,Ninjas in Pyjamas
1570,2026-05-30 16:00:00,9054,Stake Ranked Episode 2,13592,magic,4411,Ninjas in Pyjamas,1,2,3,"Mirage,Ancient,Anubis","230579,230565,230557",4411,Ninjas in Pyjamas
1088,2026-06-02 10:30:00,9028,IEM Cologne Major 2026 Stage 1,12376,M80,8840,Lynn Vision,1,0,1,Inferno,230762,12376,M80
276,2026-06-02 12:00:00,9028,IEM Cologne Major 2026 Stage 1,11241,B8,4863,TYLOO,1,0,1,Mirage,230768,11241,B8
2811,2026-06-02 13:05:00,9028,IEM Cologne Major 2026 Stage 1,9928,GamerLegion,6673,NRG,1,0,1,Inferno,230771,9928,GamerLegion
2498,2026-06-02 14:25:00,9028,IEM Cologne Major 2026 Stage 1,7532,BIG,5973,Liquid,0,1,1,Nuke,230776,5973,Liquid
2883,2026-06-02 15:30:00,9028,IEM Cologne Major 2026 Stage 1,7175,HEROIC,8840,Lynn Vision,0,1,1,Dust2,230779,8840,Lynn Vision
214,2026-06-02 16:45:00,9028,IEM Cologne Major 2026 Stage 1,10577,SINNERS,6673,NRG,0,1,1,Nuke,230781,6673,NRG
2107,2026-06-02 16:45:00,9028,IEM Cologne Major 2026 Stage 1,9215,MIBR,4863,TYLOO,1,0,1,Nuke,230782,9215,MIBR
1143,2026-06-02 19:30:00,9028,IEM Cologne Major 2026 Stage 1,12394,BetBoom,5973,Liquid,1,0,1,Dust2,230791,12394,BetBoom
2511,2026-06-03 13:40:00,9028,IEM Cologne Major 2026 Stage 1,5973,Liquid,9215,MIBR,0,1,1,Mirage,230815,9215,MIBR
211,2026-06-03 14:40:00,9028,IEM Cologne Major 2026 Stage 1,10577,SINNERS,4863,TYLOO,0,2,2,"Inferno,Ancient","230825,230820",4863,TYLOO
1195,2026-06-03 14:50:00,9028,IEM Cologne Major 2026 Stage 1,12394,BetBoom,9928,GamerLegion,2,0,2,"Ancient,Nuke","230824,230818",12394,BetBoom
233,2026-06-03 17:00:00,9028,IEM Cologne Major 2026 Stage 1,12376,M80,11241,B8,0,2,2,"Inferno,Ancient","230841,230829",11241,B8
2927,2026-06-04 14:30:00,9028,IEM Cologne Major 2026 Stage 1,7532,BIG,9928,GamerLegion,0,2,2,"Ancient,Overpass","230892,230885",9928,GamerLegion
2978,2026-06-04 15:05:00,9028,IEM Cologne Major 2026 Stage 1,9215,MIBR,8840,Lynn Vision,2,0,2,"Inferno,Anubis","230893,230889",9215,MIBR
2497,2026-06-04 17:00:00,9028,IEM Cologne Major 2026 Stage 1,7175,HEROIC,5973,Liquid,0,2,2,"Inferno,Nuke","230905,230895",5973,Liquid
1077,2026-06-04 17:00:00,9028,IEM Cologne Major 2026 Stage 1,6673,NRG,12376,M80,0,2,2,"Inferno,Ancient","230903,230896",12376,M80
2104,2026-06-05 12:00:00,9028,IEM Cologne Major 2026 Stage 1,8840,Lynn Vision,4863,TYLOO,0,2,2,"Inferno,Ancient","230927,230923",4863,TYLOO
2808,2026-06-05 17:00:00,9028,IEM Cologne Major 2026 Stage 1,6673,NRG,7532,BIG,1,2,3,"Mirage,Nuke,Dust2","230968,230956,230939",7532,BIG
2752,2026-06-06 10:30:00,9029,IEM Cologne Major 2026 Stage 2,6665,Astralis,9928,GamerLegion,1,0,1,Ancient,230979,6665,Astralis
258,2026-06-06 11:30:00,9029,IEM Cologne Major 2026 Stage 2,13286,FUT,11241,B8,1,0,1,Ancient,230988,13286,FUT
1943,2026-06-06 11:40:00,9029,IEM Cologne Major 2026 Stage 2,4773,paiN,4863,TYLOO,0,1,1,Mirage,230989,4863,TYLOO
1070,2026-06-06 12:40:00,9029,IEM Cologne Major 2026 Stage 2,5995,G2,12376,M80,1,0,1,Mirage,230993,5995,G2
783,2026-06-06 12:45:00,9029,IEM Cologne Major 2026 Stage 2,7532,BIG,11811,Monte,0,1,1,Mirage,230994,11811,Monte
1156,2026-06-06 13:50:00,9029,IEM Cologne Major 2026 Stage 2,7020,Spirit,12394,BetBoom,1,0,1,Mirage,230997,7020,Spirit
1364,2026-06-06 14:00:00,9029,IEM Cologne Major 2026 Stage 2,12468,Legacy,9215,MIBR,0,1,1,Nuke,231001,9215,MIBR
1507,2026-06-06 15:30:00,9029,IEM Cologne Major 2026 Stage 2,13286,FUT,4863,TYLOO,1,0,1,Overpass,231004,13286,FUT
2754,2026-06-06 15:50:00,9029,IEM Cologne Major 2026 Stage 2,6665,Astralis,9996,9z,0,1,1,Nuke,231005,9996,9z
770,2026-06-06 16:40:00,9029,IEM Cologne Major 2026 Stage 2,5995,G2,11811,Monte,1,0,1,Mirage,231007,5995,G2
2007,2026-06-06 16:55:00,9029,IEM Cologne Major 2026 Stage 2,7532,BIG,4773,paiN,1,0,1,Overpass,231010,7532,BIG
1196,2026-06-06 18:30:00,9029,IEM Cologne Major 2026 Stage 2,12394,BetBoom,9928,GamerLegion,1,0,1,Nuke,231019,12394,BetBoom
234,2026-06-06 19:15:00,9029,IEM Cologne Major 2026 Stage 2,11241,B8,12376,M80,0,1,1,Mirage,231021,12376,M80
2838,2026-06-06 19:40:00,9029,IEM Cologne Major 2026 Stage 2,7020,Spirit,9215,MIBR,1,0,1,Mirage,231022,7020,Spirit
2086,2026-06-07 12:30:00,9029,IEM Cologne Major 2026 Stage 2,6665,Astralis,4863,TYLOO,0,1,1,Nuke,231042,4863,TYLOO
738,2026-06-07 12:30:00,9029,IEM Cologne Major 2026 Stage 2,11811,Monte,12468,Legacy,1,0,1,Ancient,231044,11811,Monte
2919,2026-06-07 13:30:00,9029,IEM Cologne Major 2026 Stage 2,9215,MIBR,7532,BIG,0,1,1,Inferno,231045,7532,BIG
1025,2026-06-07 14:25:00,9029,IEM Cologne Major 2026 Stage 2,12394,BetBoom,12376,M80,1,0,1,Dust2,231050,12394,BetBoom
333,2026-06-07 15:20:00,9029,IEM Cologne Major 2026 Stage 2,11241,B8,9928,GamerLegion,2,1,3,"Nuke,Mirage,Inferno","231075,231066,231057",11241,B8
2858,2026-06-07 17:00:00,9029,IEM Cologne Major 2026 Stage 2,7020,Spirit,9996,9z,2,0,2,"Nuke,Mirage","231074,231069",7020,Spirit
1517,2026-06-07 18:45:00,9029,IEM Cologne Major 2026 Stage 2,13286,FUT,5995,G2,2,1,3,"Ancient,Overpass,Anubis","231085,231084,231082",13286,FUT
327,2026-06-08 12:00:00,9029,IEM Cologne Major 2026 Stage 2,9215,MIBR,11241,B8,1,2,3,"Ancient,Nuke,Mirage","231113,231112,231106",11241,B8
1986,2026-06-08 12:00:00,9029,IEM Cologne Major 2026 Stage 2,4773,paiN,6665,Astralis,2,0,2,"Overpass,Nuke","231111,231109",4773,paiN
732,2026-06-08 14:30:00,9029,IEM Cologne Major 2026 Stage 2,11811,Monte,12394,BetBoom,1,2,3,"Dust2,Mirage,Nuke","231124,231121,231115",12394,BetBoom
2114,2026-06-08 15:00:00,9029,IEM Cologne Major 2026 Stage 2,9996,9z,4863,TYLOO,2,0,2,"Inferno,Overpass","231123,231120",9996,9z
1031,2026-06-08 17:15:00,9029,IEM Cologne Major 2026 Stage 2,12468,Legacy,12376,M80,2,0,2,"Inferno,Dust2","231142,231128",12468,Legacy
2579,2026-06-08 17:25:00,9029,IEM Cologne Major 2026 Stage 2,7532,BIG,5995,G2,0,2,2,"Mirage,Inferno","231135,231126",5995,G2
752,2026-06-09 12:00:00,9029,IEM Cologne Major 2026 Stage 2,4773,paiN,11811,Monte,0,2,2,"Dust2,Nuke","231174,231169",11811,Monte
1319,2026-06-09 14:30:00,9029,IEM Cologne Major 2026 Stage 2,12468,Legacy,4863,TYLOO,2,0,2,"Inferno,Mirage","231180,231176",12468,Legacy
314,2026-06-09 17:00:00,9029,IEM Cologne Major 2026 Stage 2,7532,BIG,11241,B8,1,2,3,"Dust2,Overpass,Ancient","231190,231186,231183",11241,B8
1297,2026-06-11 09:00:00,8301,IEM Cologne Major 2026,12467,PARIVISION,9996,9z,1,2,3,"Inferno,Dust2,Overpass","231253,231247,231241",9996,9z
1148,2026-06-11 09:00:00,8301,IEM Cologne Major 2026,6248,The MongolZ,12394,BetBoom,1,2,3,"Ancient,Mirage,Dust2","231254,231250,231244",12394,BetBoom
1311,2026-06-11 12:10:00,8301,IEM Cologne Major 2026,12468,Legacy,4494,MOUZ,0,2,2,"Nuke,Dust2","231266,231260",4494,MOUZ
1538,2026-06-11 12:10:00,8301,IEM Cologne Major 2026,9565,Vitality,13286,FUT,2,1,3,"Nuke,Overpass,Anubis","231268,231264,231262",9565,Vitality
318,2026-06-11 14:10:00,8301,IEM Cologne Major 2026,8297,FURIA,11241,B8,2,0,2,"Inferno,Mirage","231274,231269",8297,FURIA
520,2026-06-11 15:05:00,8301,IEM Cologne Major 2026,11283,Falcons,5995,G2,2,1,3,"Ancient,Dust2,Inferno","231279,231276,231272",11283,Falcons
728,2026-06-11 16:30:00,8301,IEM Cologne Major 2026,11861,Aurora,11811,Monte,2,0,2,"Anubis,Nuke","231280,231277",11861,Aurora
1901,2026-06-11 18:40:00,8301,IEM Cologne Major 2026,4608,Natus Vincere,7020,Spirit,0,2,2,"Anubis,Dust2","231285,231283",7020,Spirit
292,2026-06-12 09:00:00,8301,IEM Cologne Major 2026,11241,B8,6248,The MongolZ,0,2,2,"Overpass,Mirage","231310,231302",6248,The MongolZ
1778,2026-06-12 09:00:00,8301,IEM Cologne Major 2026,8297,FURIA,4494,MOUZ,2,1,3,"Overpass,Inferno,Nuke","231314,231307,231301",8297,FURIA
736,2026-06-12 11:30:00,8301,IEM Cologne Major 2026,12467,PARIVISION,11811,Monte,1,2,3,"Inferno,Ancient,Mirage","231323,231318,231315",11811,Monte
1515,2026-06-12 12:10:00,8301,IEM Cologne Major 2026,13286,FUT,5995,G2,1,2,3,"Mirage,Ancient,Overpass","231326,231322,231317",5995,G2
1314,2026-06-12 14:40:00,8301,IEM Cologne Major 2026,12468,Legacy,4608,Natus Vincere,0,2,2,"Ancient,Inferno","231331,231327",4608,Natus Vincere
446,2026-06-12 15:10:00,8301,IEM Cologne Major 2026,12394,BetBoom,11283,Falcons,2,0,2,"Ancient,Nuke","231337,231330",12394,BetBoom
3023,2026-06-12 16:45:00,8301,IEM Cologne Major 2026,9565,Vitality,9996,9z,1,2,3,"Dust2,Mirage,Inferno","231357,231343,231340",9996,9z
883,2026-06-12 17:25:00,8301,IEM Cologne Major 2026,11861,Aurora,7020,Spirit,1,2,3,"Nuke,Anubis,Dust2","231360,231354,231342",7020,Spirit
1865,2026-06-13 09:00:00,8301,IEM Cologne Major 2026,4608,Natus Vincere,6248,The MongolZ,2,1,3,"Mirage,Ancient,Nuke","231418,231408,231396",4608,Natus Vincere
256,2026-06-13 09:00:00,8301,IEM Cologne Major 2026,11241,B8,13286,FUT,1,2,3,"Ancient,Mirage,Dust2","231416,231405,231397",13286,FUT
435,2026-06-13 12:15:00,8301,IEM Cologne Major 2026,11283,Falcons,11811,Monte,2,1,3,"Mirage,Dust2,Inferno","231459,231450,231432",11283,Falcons
854,2026-06-13 12:20:00,8301,IEM Cologne Major 2026,11861,Aurora,5995,G2,2,0,2,"Anubis,Overpass","231448,231433",11861,Aurora
1800,2026-06-13 14:35:00,8301,IEM Cologne Major 2026,9565,Vitality,4494,MOUZ,2,1,3,"Inferno,Dust2,Mirage","231476,231465,231458",9565,Vitality
1239,2026-06-13 15:45:00,8301,IEM Cologne Major 2026,12468,Legacy,12467,PARIVISION,2,0,2,"Dust2,Inferno","231484,231473",12468,Legacy
1177,2026-06-13 17:40:00,8301,IEM Cologne Major 2026,8297,FURIA,12394,BetBoom,2,0,2,"Dust2,Overpass","231494,231485",8297,FURIA
2857,2026-06-13 18:55:00,8301,IEM Cologne Major 2026,7020,Spirit,9996,9z,2,1,3,"Dust2,Mirage,Overpass","231513,231508,231498",7020,Spirit
1501,2026-06-14 12:00:00,8301,IEM Cologne Major 2026,4494,MOUZ,13286,FUT,1,2,3,"Mirage,Nuke,Ancient","231559,231554,231546",13286,FUT
771,2026-06-14 12:00:00,8301,IEM Cologne Major 2026,6248,The MongolZ,11811,Monte,2,1,3,"Dust2,Inferno,Nuke","231558,231553,231544",6248,The MongolZ
1188,2026-06-14 15:20:00,8301,IEM Cologne Major 2026,9565,Vitality,12394,BetBoom,2,0,2,"Nuke,Overpass","231575,231570",9565,Vitality
927,2026-06-14 15:20:00,8301,IEM Cologne Major 2026,9996,9z,11861,Aurora,0,2,2,"Dust2,Nuke","231572,231563",11861,Aurora
1334,2026-06-14 17:00:00,8301,IEM Cologne Major 2026,12468,Legacy,5995,G2,0,2,2,"Overpass,Dust2","231583,231576",5995,G2
480,2026-06-14 17:40:00,8301,IEM Cologne Major 2026,11283,Falcons,4608,Natus Vincere,2,1,3,"Anubis,Mirage,Dust2","231594,231587,231579",11283,Falcons
2686,2026-06-15 12:00:00,8301,IEM Cologne Major 2026,6248,The MongolZ,9996,9z,0,2,2,"Overpass,Inferno","231623,231619",9996,9z
1112,2026-06-15 14:30:00,8301,IEM Cologne Major 2026,13286,FUT,12394,BetBoom,0,2,2,"Dust2,Mirage","231630,231627",12394,BetBoom
1853,2026-06-15 17:00:00,8301,IEM Cologne Major 2026,4608,Natus Vincere,5995,G2,1,2,3,"Mirage,Inferno,Dust2","231641,231637,231631",5995,G2
805,2026-06-18 13:45:00,8301,IEM Cologne Major 2026,11861,Aurora,12394,BetBoom,2,0,2,"Anubis,Nuke","231722,231719",11861,Aurora
2977,2026-06-18 17:00:00,8301,IEM Cologne Major 2026,8297,FURIA,9996,9z,2,1,3,"Overpass,Mirage,Dust2","231738,231733,231729",8297,FURIA
2566,2026-06-19 13:45:00,8301,IEM Cologne Major 2026,7020,Spirit,5995,G2,2,1,3,"Mirage,Dust2,Overpass","231762,231755,231751",7020,Spirit
584,2026-06-19 19:25:00,8301,IEM Cologne Major 2026,9565,Vitality,11283,Falcons,1,2,3,"Dust2,Inferno,Anubis","231787,231786,231784",11283,Falcons
911,2026-06-20 13:45:00,8301,IEM Cologne Major 2026,11861,Aurora,8297,FURIA,0,2,2,"Nuke,Dust2","231815,231814",8297,FURIA
555,2026-06-20 17:00:00,8301,IEM Cologne Major 2026,7020,Spirit,11283,Falcons,1,2,3,"Dust2,Mirage,Anubis","231836,231831,231824",11283,Falcons
570,2026-06-21 15:00:00,8301,IEM Cologne Major 2026,11283,Falcons,8297,FURIA,3,0,3,"Inferno,Anubis,Mirage","231873,231871,231870",11283,Falcons
1492,2026-06-24 15:00:00,9118,Digital Crusade Super DraculaN Season 1,13117,Inner Circle,8113,Sharks,0,2,2,"Nuke,Mirage","231940,231934",8113,Sharks
1493,2026-06-27 13:50:00,9118,Digital Crusade Super DraculaN Season 1,8113,Sharks,13117,Inner Circle,1,2,3,"Anubis,Nuke,Mirage","232112,232107,232104",13117,Inner Circle
2090,2026-07-01 08:45:00,8914,XSE Pro League Guangzhou 2026,6667,FaZe,4863,TYLOO,0,1,1,Anubis,232255,4863,TYLOO
1601,2026-07-01 09:30:00,8914,XSE Pro League Guangzhou 2026,4914,3DMAX,4411,Ninjas in Pyjamas,1,0,1,Anubis,232256,4914,3DMAX
1241,2026-07-01 14:15:00,8914,XSE Pro League Guangzhou 2026,12467,PARIVISION,12474,Alliance,1,0,1,Ancient,232265,12467,PARIVISION
207,2026-07-01 15:45:00,8914,XSE Pro League Guangzhou 2026,12394,BetBoom,10577,SINNERS,1,0,1,Ancient,232268,12394,BetBoom
2915,2026-07-01 16:20:00,8914,XSE Pro League Guangzhou 2026,7532,BIG,8840,Lynn Vision,1,0,1,Ancient,232274,7532,BIG
326,2026-07-01 17:50:00,8914,XSE Pro League Guangzhou 2026,11241,B8,9215,MIBR,1,0,1,Ancient,232278,11241,B8
1376,2026-07-02 08:45:00,8914,XSE Pro League Guangzhou 2026,12474,Alliance,4411,Ninjas in Pyjamas,1,0,1,Ancient,232284,12474,Alliance
2782,2026-07-02 09:55:00,8914,XSE Pro League Guangzhou 2026,6667,FaZe,9215,MIBR,0,1,1,Ancient,232286,9215,MIBR
2688,2026-07-02 10:30:00,8914,XSE Pro League Guangzhou 2026,6290,Luminosity,8840,Lynn Vision,0,1,1,Inferno,232288,8840,Lynn Vision
1262,2026-07-02 12:00:00,8914,XSE Pro League Guangzhou 2026,12467,PARIVISION,4863,TYLOO,0,1,1,Mirage,232292,4863,TYLOO
1168,2026-07-02 13:30:00,8914,XSE Pro League Guangzhou 2026,12394,BetBoom,7532,BIG,1,0,1,Mirage,232300,12394,BetBoom
1620,2026-07-03 06:30:00,8914,XSE Pro League Guangzhou 2026,6290,Luminosity,4411,Ninjas in Pyjamas,1,2,3,"Mirage,Inferno,Nuke","232324,232321,232320",4411,Ninjas in Pyjamas
1289,2026-07-03 08:20:00,8914,XSE Pro League Guangzhou 2026,8840,Lynn Vision,12467,PARIVISION,0,1,1,Dust2,232323,12467,PARIVISION
2261,2026-07-03 10:10:00,8914,XSE Pro League Guangzhou 2026,4914,3DMAX,9996,9z,0,1,1,Dust2,232326,9996,9z
2918,2026-07-03 10:55:00,8914,XSE Pro League Guangzhou 2026,7532,BIG,9215,MIBR,0,1,1,Mirage,232328,9215,MIBR
250,2026-07-03 13:00:00,8914,XSE Pro League Guangzhou 2026,11241,B8,12474,Alliance,0,1,1,Ancient,232336,12474,Alliance
324,2026-07-04 05:10:00,8914,XSE Pro League Guangzhou 2026,8840,Lynn Vision,11241,B8,0,2,2,"Ancient,Dust2","232371,232368",11241,B8
1291,2026-07-04 06:00:00,8914,XSE Pro League Guangzhou 2026,12467,PARIVISION,9215,MIBR,2,1,3,"Mirage,Ancient,Anubis","232375,232373,232370",12467,PARIVISION
1648,2026-07-04 08:30:00,8914,XSE Pro League Guangzhou 2026,7532,BIG,4411,Ninjas in Pyjamas,2,1,3,"Ancient,Inferno,Anubis","232385,232380,232377",7532,BIG
1382,2026-07-04 10:35:00,8914,XSE Pro League Guangzhou 2026,9996,9z,12474,Alliance,0,2,2,"Inferno,Dust2","232388,232381",12474,Alliance
2216,2026-07-04 13:15:00,8914,XSE Pro League Guangzhou 2026,4914,3DMAX,6667,FaZe,0,2,2,"Anubis,Ancient","232394,232391",6667,FaZe
3002,2026-07-05 06:15:00,8914,XSE Pro League Guangzhou 2026,9996,9z,9215,MIBR,2,0,2,"Mirage,Nuke","232428,232427",9996,9z
313,2026-07-05 10:00:00,8914,XSE Pro League Guangzhou 2026,7532,BIG,11241,B8,2,0,2,"Ancient,Inferno","232436,232433",7532,BIG
2113,2026-07-09 08:05:00,8914,XSE Pro League Guangzhou 2026,4863,TYLOO,9996,9z,1,2,3,"Inferno,Mirage,Nuke","232538,232535,232534",9996,9z
1286,2026-07-10 08:00:00,8914,XSE Pro League Guangzhou 2026,12467,PARIVISION,7532,BIG,2,1,3,"Ancient,Mirage,Cache","232624,232619,232615",12467,PARIVISION
1155,2026-07-10 12:45:00,8914,XSE Pro League Guangzhou 2026,6667,FaZe,12394,BetBoom,2,0,2,"Ancient,Cache","232632,232629",6667,FaZe
1487,2026-07-10 16:20:00,9237,RES Showdown 4 Europe: BLAST Premier Rising Event,13117,Inner Circle,13592,magic,2,0,2,"Ancient,Dust2","232640,232638",13117,Inner Circle
1383,2026-07-11 08:00:00,8914,XSE Pro League Guangzhou 2026,12474,Alliance,9996,9z,1,2,3,"Ancient,Inferno,Nuke","232668,232662,232659",9996,9z
1278,2026-07-11 12:45:00,8914,XSE Pro League Guangzhou 2026,12467,PARIVISION,6667,FaZe,2,1,3,"Ancient,Dust2,Cache","232680,232674,232671",12467,PARIVISION
2011,2026-07-11 23:00:00,9238,RES Showdown 4 South America: BLAST Premier Rising Event,8113,Sharks,4773,paiN,2,0,2,"Nuke,Cache","232701,232699",8113,Sharks
2105,2026-07-12 06:30:00,9254,GGMEDIA Challenger Series 1: BLAST Premier Rising Event,8840,Lynn Vision,4863,TYLOO,2,1,3,"Anubis,Inferno,Ancient","232709,232705,232703",8840,Lynn Vision
1298,2026-07-12 08:00:00,8914,XSE Pro League Guangzhou 2026,9996,9z,12467,PARIVISION,3,0,3,"Dust2,Inferno,Mirage","232712,232710,232707",9996,9z
2226,2026-07-15 12:00:00,9173,Stake Ranked Episode 3,4914,3DMAX,7175,HEROIC,1,2,3,"Nuke,Cache,Inferno","232884,232881,232879",7175,HEROIC
1950,2026-07-16 12:15:00,9173,Stake Ranked Episode 3,4914,3DMAX,4773,paiN,2,0,2,"Inferno,Cache","232927,232924",4914,3DMAX
1548,2026-07-16 14:35:00,9173,Stake Ranked Episode 3,13404,Gentle Mates,4411,Ninjas in Pyjamas,0,2,2,"Nuke,Ancient","232932,232930",4411,Ninjas in Pyjamas
1554,2026-07-17 10:00:00,9173,Stake Ranked Episode 3,4914,3DMAX,13404,Gentle Mates,2,0,2,"Cache,Ancient","232979,232972",4914,3DMAX
1645,2026-07-17 14:15:00,9173,Stake Ranked Episode 3,4411,Ninjas in Pyjamas,7175,HEROIC,1,2,3,"Mirage,Nuke,Inferno","233010,233008,233002",7175,HEROIC
1038,2026-07-21 10:00:00,9154,BLAST Bounty 2026 Season 2,12376,M80,4411,Ninjas in Pyjamas,0,2,2,"Ancient,Inferno","233247,233243",4411,Ninjas in Pyjamas
1555,2026-07-21 13:00:00,9286,StarLadder StarSeries Fall 2026 Europe Closed Qualifier,4914,3DMAX,13404,Gentle Mates,1,2,3,"Nuke,Cache,Inferno","233264,233258,233253",13404,Gentle Mates
665,2026-07-21 13:00:00,9286,StarLadder StarSeries Fall 2026 Europe Closed Qualifier,11581,HOTU,7175,HEROIC,2,1,3,"Dust2,Cache,Mirage","233265,233259,233255",11581,HOTU
1541,2026-07-21 16:25:00,9286,StarLadder StarSeries Fall 2026 Europe Closed Qualifier,13592,magic,13404,Gentle Mates,2,0,2,"Cache,Mirage","233279,233273",13592,magic
663,2026-07-22 10:00:00,9286,StarLadder StarSeries Fall 2026 Europe Closed Qualifier,11581,HOTU,6665,Astralis,2,0,2,"Ancient,Cache","233311,233303",11581,HOTU
670,2026-07-22 15:30:00,9154,BLAST Bounty 2026 Season 2,11581,HOTU,9928,GamerLegion,2,0,2,"Ancient,Dust2","233338,233334",11581,HOTU
1552,2026-07-23 15:50:00,9154,BLAST Bounty 2026 Season 2,13404,Gentle Mates,4773,paiN,0,2,2,"Nuke,Inferno","233418,233413",4773,paiN
1575,2026-07-24 09:00:00,9154,BLAST Bounty 2026 Season 2,4914,3DMAX,13592,magic,2,1,3,"Dust2,Ancient,Cache","233462,233455,233449",4914,3DMAX
2639,2026-07-24 12:15:00,9154,BLAST Bounty 2026 Season 2,7175,HEROIC,6248,The MongolZ,1,2,3,"Dust2,Cache,Nuke","233480,233474,233466",6248,The MongolZ
2520,2026-07-24 15:50:00,9154,BLAST Bounty 2026 Season 2,5973,Liquid,9565,Vitality,2,0,2,"Nuke,Anubis","233494,233489",5973,Liquid
2716,2026-07-24 16:15:00,9286,StarLadder StarSeries Fall 2026 Europe Closed Qualifier,7175,HEROIC,6665,Astralis,2,0,2,"Ancient,Dust2","233496,233491",7175,HEROIC
1586,2026-07-24 18:00:00,9154,BLAST Bounty 2026 Season 2,13926,DENDELE,8297,FURIA,2,1,3,"Cache,Mirage,Anubis","233513,233509,233502",13926,DENDELE
1584,2026-07-25 10:00:00,9154,BLAST Bounty 2026 Season 2,6667,FaZe,13926,DENDELE,2,1,3,"Cache,Mirage,Nuke","233558,233549,233544",6667,FaZe
2459,2026-07-25 12:50:00,9154,BLAST Bounty 2026 Season 2,5973,Liquid,5995,G2,2,0,2,"Mirage,Anubis","233572,233567",5973,Liquid
1542,2026-07-25 14:00:00,9286,StarLadder StarSeries Fall 2026 Europe Closed Qualifier,13592,magic,13404,Gentle Mates,2,0,2,"Cache,Mirage","233590,233578",13592,magic
662,2026-07-25 14:45:00,9154,BLAST Bounty 2026 Season 2,11581,HOTU,6665,Astralis,1,2,3,"Ancient,Nuke,Cache","233595,233589,233581",6665,Astralis
1646,2026-07-25 16:00:00,9286,StarLadder StarSeries Fall 2026 Europe Closed Qualifier,4411,Ninjas in Pyjamas,7175,HEROIC,2,1,3,"Ancient,Nuke,Mirage","233612,233603,233593",4411,Ninjas in Pyjamas
1594,2026-07-26 10:00:00,9154,BLAST Bounty 2026 Season 2,4411,Ninjas in Pyjamas,4773,paiN,0,2,2,"Mirage,Nuke","233642,233633",4773,paiN
1512,2026-07-26 12:15:00,9154,BLAST Bounty 2026 Season 2,4914,3DMAX,13286,FUT,2,0,2,"Ancient,Dust2","233658,233652",4914,3DMAX
644,2026-07-26 13:00:00,9286,StarLadder StarSeries Fall 2026 Europe Closed Qualifier,11861,Aurora,11581,HOTU,2,1,3,"Mirage,Anubis,Cache","233677,233666,233659",11861,Aurora
1571,2026-07-26 16:35:00,9286,StarLadder StarSeries Fall 2026 Europe Closed Qualifier,4411,Ninjas in Pyjamas,13592,magic,0,2,2,"Anubis,Ancient","233693,233683",13592,magic
2490,2026-07-30 13:00:00,8247,BLAST Bounty 2026 Season 2 Finals,5973,Liquid,7020,Spirit,0,2,2,"Anubis,Dust2","233977,233971",7020,Spirit
1677,2026-07-30 15:20:00,8247,BLAST Bounty 2026 Season 2 Finals,4914,3DMAX,4494,MOUZ,1,2,3,"Inferno,Nuke,Dust2","234006,233996,233992",4494,MOUZ
2625,2026-07-31 12:30:00,8247,BLAST Bounty 2026 Season 2 Finals,6248,The MongolZ,6667,FaZe,1,2,3,"Ancient,Mirage,Nuke","234071,234066,234056",6667,FaZe
1984,2026-07-31 16:10:00,8247,BLAST Bounty 2026 Season 2 Finals,4773,paiN,6665,Astralis,1,2,3,"Mirage,Inferno,Nuke","234105,234092,234084",6665,Astralis
2766,2026-08-01 10:30:00,8247,BLAST Bounty 2026 Season 2 Finals,7020,Spirit,6667,FaZe,2,1,3,"Anubis,Cache,Dust2","234159,234148,234138",7020,Spirit
1723,2026-08-01 14:10:00,8247,BLAST Bounty 2026 Season 2 Finals,6665,Astralis,4494,MOUZ,1,2,3,"Dust2,Mirage,Ancient","234185,234177,234170",4494,MOUZ
1759,2026-08-02 10:30:00,8247,BLAST Bounty 2026 Season 2 Finals,7020,Spirit,4494,MOUZ,1,3,4,"Nuke,Ancient,Mirage,Dust2","234256,234238,234233,234227",4494,MOUZ
3,2026-08-09 09:00:00,8762,Esports World Cup 2026 Open Qualifier,10245,JiJieHao,13926,DENDELE,2,1,3,"Ancient,Cache,Inferno","234865,234852,234832",10245,JiJieHao
652,2026-08-09 12:30:00,8762,Esports World Cup 2026 Open Qualifier,11581,HOTU,13117,Inner Circle,2,1,3,"Anubis,Nuke,Ancient","234893,234882,234871",11581,HOTU
1,2026-08-09 16:00:00,8762,Esports World Cup 2026 Open Qualifier,10245,JiJieHao,11581,HOTU,2,1,3,"Dust2,Cache,Mirage","234917,234912,234903",10245,JiJieHao
2689,2026-08-12 09:00:00,8261,Esports World Cup 2026,9928,GamerLegion,6290,Luminosity,1,0,1,Nuke,234950,9928,GamerLegion
897,2026-08-12 09:00:00,8261,Esports World Cup 2026,7532,BIG,11861,Aurora,1,0,1,Cache,234952,7532,BIG
1506,2026-08-12 10:20:00,8261,Esports World Cup 2026,13286,FUT,4863,TYLOO,1,0,1,Mirage,234955,13286,FUT
4,2026-08-12 10:35:00,8261,Esports World Cup 2026,7020,Spirit,10245,JiJieHao,0,1,1,Mirage,234956,10245,JiJieHao
1577,2026-08-12 11:55:00,8261,Esports World Cup 2026,6248,The MongolZ,13592,magic,1,0,1,Mirage,234960,6248,The MongolZ
1069,2026-08-12 12:10:00,8261,Esports World Cup 2026,5995,G2,12376,M80,1,0,1,Mirage,234961,5995,G2
1308,2026-08-12 13:20:00,8261,Esports World Cup 2026,12468,Legacy,4411,Ninjas in Pyjamas,1,0,1,Cache,234964,12468,Legacy
239,2026-08-12 14:45:00,8261,Esports World Cup 2026,11241,B8,12467,PARIVISION,1,0,1,Cache,234970,11241,B8
1154,2026-08-12 15:10:00,8261,Esports World Cup 2026,6667,FaZe,12394,BetBoom,1,0,1,Nuke,234971,6667,FaZe
2735,2026-08-12 16:25:00,8261,Esports World Cup 2026,9215,MIBR,6665,Astralis,0,1,1,Inferno,234975,6665,Astralis
1822,2026-08-12 16:45:00,8261,Esports World Cup 2026,4914,3DMAX,4608,Natus Vincere,0,1,1,Inferno,234977,4608,Natus Vincere
2063,2026-08-12 19:50:00,8261,Esports World Cup 2026,4773,paiN,9996,9z,0,1,1,Cache,234986,9996,9z
5,2026-08-13 11:00:00,8261,Esports World Cup 2026,10245,JiJieHao,9928,GamerLegion,0,2,2,"Ancient,Dust2","235000,234996",9928,GamerLegion
2687,2026-08-13 11:00:00,8261,Esports World Cup 2026,6290,Luminosity,7020,Spirit,0,2,2,"Dust2,Ancient","235001,234997",7020,Spirit
2578,2026-08-13 13:15:00,8261,Esports World Cup 2026,7532,BIG,5995,G2,1,2,3,"Inferno,Ancient,Cache","235014,235010,235005",5995,G2
799,2026-08-13 13:55:00,8261,Esports World Cup 2026,11861,Aurora,12376,M80,2,0,2,"Inferno,Dust2","235013,235007",11861,Aurora
533,2026-08-13 16:40:00,8261,Esports World Cup 2026,6665,Astralis,11283,Falcons,0,2,2,"Dust2,Ancient","235028,235023",11283,Falcons
1344,2026-08-13 16:50:00,8261,Esports World Cup 2026,6667,FaZe,12468,Legacy,2,0,2,"Mirage,Cache","235029,235024",6667,FaZe
1117,2026-08-14 11:00:00,8261,Esports World Cup 2026,12394,BetBoom,4411,Ninjas in Pyjamas,0,2,2,"Anubis,Nuke","235061,235055",4411,Ninjas in Pyjamas
331,2026-08-14 13:30:00,8261,Esports World Cup 2026,11241,B8,9565,Vitality,2,1,3,"Dust2,Inferno,Mirage","235100,235091,235074",11241,B8
1499,2026-08-14 13:30:00,8261,Esports World Cup 2026,13286,FUT,4494,MOUZ,2,1,3,"Mirage,Nuke,Ancient","235099,235088,235072",13286,FUT
1863,2026-08-15 11:00:00,8261,Esports World Cup 2026,4608,Natus Vincere,6248,The MongolZ,2,1,3,"Mirage,Ancient,Inferno","235180,235172,235163",4608,Natus Vincere
2976,2026-08-15 14:20:00,8261,Esports World Cup 2026,9996,9z,8297,FURIA,1,2,3,"Nuke,Mirage,Dust2","235206,235201,235192",8297,FURIA
1573,2026-08-15 14:25:00,8261,Esports World Cup 2026,4914,3DMAX,13592,magic,0,2,2,"Ancient,Dust2","235200,235193",13592,magic
2,2026-08-15 16:50:00,8261,Esports World Cup 2026,11861,Aurora,10245,JiJieHao,2,0,2,"Anubis,Mirage","235214,235210",11861,Aurora
2822,2026-08-15 18:10:00,8261,Esports World Cup 2026,7532,BIG,7020,Spirit,1,2,3,"Mirage,Dust2,Cache","235230,235228,235220",7020,Spirit
1977,2026-08-16 11:00:00,8261,Esports World Cup 2026,4773,paiN,6248,The MongolZ,0,2,2,"Inferno,Nuke","235257,235248",6248,The MongolZ
1256,2026-08-16 13:15:00,8261,Esports World Cup 2026,12467,PARIVISION,4494,MOUZ,0,2,2,"Inferno,Dust2","235275,235261",4494,MOUZ
1581,2026-08-16 13:25:00,8261,Esports World Cup 2026,13592,magic,9996,9z,2,1,3,"Inferno,Dust2,Ancient","235289,235282,235264",13592,magic
1624,2026-08-16 16:00:00,8261,Esports World Cup 2026,6665,Astralis,4411,Ninjas in Pyjamas,2,1,3,"Cache,Inferno,Nuke","235296,235291,235286",6665,Astralis
1359,2026-08-16 17:45:00,8261,Esports World Cup 2026,9215,MIBR,12468,Legacy,0,2,2,"Inferno,Nuke","235301,235295",12468,Legacy
2540,2026-08-19 14:10:00,8261,Esports World Cup 2026,6665,Astralis,5995,G2,1,2,3,"Inferno,Dust2,Ancient","235479,235470,235463",5995,G2
1497,2026-08-19 14:20:00,8261,Esports World Cup 2026,13286,FUT,13592,magic,2,1,3,"Mirage,Anubis,Ancient","235480,235473,235466",13286,FUT
910,2026-08-19 17:40:00,8261,Esports World Cup 2026,11861,Aurora,8297,FURIA,1,2,3,"Mirage,Nuke,Ancient","235507,235500,235491",8297,FURIA
1807,2026-08-19 17:55:00,8261,Esports World Cup 2026,9928,GamerLegion,4494,MOUZ,1,2,3,"Nuke,Ancient,Mirage","235508,235502,235492",4494,MOUZ
526,2026-08-20 11:00:00,8261,Esports World Cup 2026,6248,The MongolZ,11283,Falcons,0,2,2,"Dust2,Inferno","235524,235517",11283,Falcons
1313,2026-08-20 11:00:00,8261,Esports World Cup 2026,12468,Legacy,4608,Natus Vincere,2,0,2,"Ancient,Inferno","235526,235520",12468,Legacy
302,2026-08-20 13:30:00,8261,Esports World Cup 2026,7020,Spirit,11241,B8,2,0,2,"Mirage,Dust2","235541,235531",7020,Spirit
2800,2026-08-20 13:35:00,8261,Esports World Cup 2026,9565,Vitality,6667,FaZe,2,0,2,"Cache,Dust2","235540,235533",9565,Vitality
2590,2026-08-20 16:20:00,8261,Esports World Cup 2026,5995,G2,8297,FURIA,1,2,3,"Dust2,Anubis,Ancient","235561,235553,235551",8297,FURIA
1500,2026-08-21 11:00:00,8261,Esports World Cup 2026,4494,MOUZ,13286,FUT,0,2,2,"Ancient,Dust2","235593,235588",13286,FUT
453,2026-08-21 13:50:00,8261,Esports World Cup 2026,12468,Legacy,11283,Falcons,2,0,2,"Dust2,Mirage","235602,235598",12468,Legacy
2850,2026-08-21 16:30:00,8261,Esports World Cup 2026,7020,Spirit,9565,Vitality,2,1,3,"Mirage,Nuke,Anubis","235618,235612,235607",7020,Spirit
1535,2026-08-22 14:00:00,8261,Esports World Cup 2026,13286,FUT,8297,FURIA,2,1,3,"Dust2,Nuke,Ancient","235659,235653,235648",13286,FUT
1348,2026-08-22 18:00:00,8261,Esports World Cup 2026,7020,Spirit,12468,Legacy,2,0,2,"Ancient,Dust2","235673,235667",7020,Spirit
1353,2026-08-23 08:00:00,8261,Esports World Cup 2026,12468,Legacy,8297,FURIA,2,1,3,"Dust2,Nuke,Ancient","235704,235699,235687",12468,Legacy
1530,2026-08-23 12:15:00,8261,Esports World Cup 2026,13286,FUT,7020,Spirit,1,3,4,"Nuke,Ancient,Anubis,Cache","235739,235731,235722,235712",7020,Spirit
853,2026-08-26 09:00:00,8249,BLAST Open Porto 2026,11861,Aurora,5995,G2,0,2,2,"Anubis,Inferno","235937,235928",5995,G2
1585,2026-08-26 11:55:00,8249,BLAST Open Porto 2026,13926,DENDELE,7020,Spirit,0,2,2,"Cache,Ancient","235955,235946",7020,Spirit
1043,2026-08-26 14:25:00,8249,BLAST Open Porto 2026,12376,M80,4608,Natus Vincere,2,1,3,"Inferno,Mirage,Anubis","235993,235985,235978",12376,M80
2017,2026-08-26 17:55:00,8249,BLAST Open Porto 2026,4773,paiN,8297,FURIA,0,2,2,"Cache,Mirage","236003,235998",8297,FURIA
1495,2026-08-27 09:00:00,8249,BLAST Open Porto 2026,13117,Inner Circle,9565,Vitality,2,0,2,"Cache,Anubis","236058,236054",13117,Inner Circle
1811,2026-08-27 12:00:00,8249,BLAST Open Porto 2026,9996,9z,4494,MOUZ,0,2,2,"Nuke,Cache","236076,236067",4494,MOUZ
1303,2026-08-27 14:30:00,8249,BLAST Open Porto 2026,13286,FUT,12468,Legacy,0,2,2,"Dust2,Ancient","236101,236091",12468,Legacy
